# time (s), x1 (pixels), y1 (pixels), x1 error (pixels), y1 error (pixels), x2 (pixels), y2 (pixels), x2 error (pixels), y2 error (pixels), angle1 (the smaller arm) (rad), angle2 (the larger arm) (rad), angle1 error (rad), angle2 error (rad)
0.998844,316.103406,-286.539760,7.012177,5.720106,150.553201,-204.779394,3.136875,2.592483,5.171121,5.649226,0.035629,0.011635
1.003041,324.038756,-277.765483,6.992602,6.008237,154.734121,-201.031527,3.227096,2.288914,5.137926,5.627194,0.035847,0.011485
1.007237,331.494130,-268.901253,6.853450,6.040925,160.631325,-196.666117,3.250495,2.559788,5.112367,5.598301,0.036259,0.011788
1.011434,337.838785,-260.431184,6.875297,6.350846,165.728224,-192.586991,3.723889,2.166448,5.087876,5.572606,0.037134,0.012424
1.015631,345.192315,-251.838399,6.846732,5.876433,170.666933,-188.217398,3.267962,2.405835,5.061955,5.546651,0.035030,0.011456
1.019828,350.939082,-243.607529,7.116595,5.793207,175.431790,-183.927648,3.505036,2.514176,5.040165,5.521424,0.035073,0.012091
1.024025,356.961852,-235.386476,7.055240,5.674736,180.621265,-178.785169,3.232974,2.302578,5.022978,5.492678,0.033990,0.011025
1.028221,362.236132,-227.315364,7.075950,6.078492,184.609768,-175.286375,3.569926,2.998083,4.997331,5.471887,0.037146,0.012891
1.032418,367.630782,-219.332207,6.998570,6.130020,188.846942,-169.383895,3.112775,2.292149,4.984821,5.443509,0.035725,0.010600
1.036615,372.442172,-211.447553,7.123249,5.942855,192.734900,-165.168220,3.169931,2.513882,4.964438,5.420916,0.035266,0.011072
1.040812,377.044878,-203.586318,6.923555,5.917853,196.361880,-161.153630,3.269663,2.631093,4.943055,5.399623,0.035255,0.011436
1.045009,381.199256,-196.374110,6.881715,5.738445,200.120284,-155.484059,3.272579,2.161267,4.934477,5.372918,0.033465,0.010398
1.049206,385.305163,-189.119377,6.873356,5.957542,203.283909,-151.547301,3.660238,2.617587,4.915946,5.353001,0.035320,0.011956
1.053402,389.679576,-182.013435,7.106321,5.762501,207.945293,-146.276302,3.091817,2.094727,4.906556,5.325418,0.033471,0.009714
1.057599,392.905363,-175.318669,6.886685,5.743059,210.385531,-142.083256,3.183733,2.183206,4.892508,5.306377,0.033395,0.010003
1.061796,396.549393,-168.411747,6.960570,5.954469,213.333917,-137.090228,2.669710,2.051828,4.881707,5.283551,0.034076,0.008873
1.065993,399.674985,-161.877841,7.197558,5.772472,216.265082,-132.601570,2.986872,2.096132,4.870676,5.262417,0.033315,0.009354
1.070190,402.624849,-156.172801,6.924815,6.001968,219.024382,-128.263654,2.634330,2.119928,4.863244,5.242163,0.034413,0.008914
1.074386,405.792656,-149.721310,7.263092,5.761098,221.983548,-124.048634,3.206866,2.095541,4.851162,5.221978,0.033245,0.009465
1.078583,408.124639,-144.135518,6.865870,6.082769,223.908624,-120.126079,3.175040,2.172762,4.841992,5.204805,0.034877,0.009575
1.082780,410.360946,-138.177616,7.033429,6.082477,225.922408,-115.994959,3.130180,2.324820,4.832085,5.186721,0.035152,0.009900
1.086977,412.472184,-132.604236,6.795261,6.023515,227.836741,-111.917352,3.002346,2.320017,4.823965,5.168986,0.034812,0.009721
1.091174,414.532406,-127.932218,7.107294,6.091342,229.674645,-108.133774,3.162067,2.132215,4.819083,5.152415,0.034802,0.009268
1.095371,416.195972,-122.331770,6.748116,6.131898,231.740115,-104.243566,3.086524,2.085410,4.810139,5.135101,0.034997,0.008991
1.099567,418.007925,-117.847778,6.913645,5.946109,233.612084,-101.181367,3.130247,2.199028,4.802528,5.121115,0.034301,0.009312
1.103764,419.994990,-112.953181,6.896117,6.123371,234.947460,-97.617659,2.849966,2.160004,4.795073,5.106175,0.035008,0.008941
1.107961,421.024147,-108.748300,7.320682,5.857076,235.749497,-94.659644,3.162287,2.337776,4.788285,5.094211,0.033998,0.009718
1.112158,422.295836,-104.411094,7.046114,6.160241,236.873333,-91.796261,3.586112,2.389287,4.780317,5.082102,0.035587,0.010145
1.116355,423.619130,-100.550268,7.036570,6.287115,237.626485,-89.486582,3.992177,2.603928,4.771804,5.072549,0.036550,0.011082
1.120552,425.263458,-96.907337,6.995344,6.154948,239.379210,-85.951156,3.136222,2.175642,4.771262,5.057111,0.035082,0.009065
1.124748,426.171956,-93.340079,7.183319,6.256647,240.419424,-83.600036,3.412453,2.253043,4.764777,5.047036,0.035772,0.009449
1.128945,426.255677,-89.950537,7.115831,6.066675,241.502870,-81.313321,3.159802,2.242071,4.759105,5.037164,0.034986,0.009230
1.133142,427.283458,-87.012872,7.074099,6.342348,241.849855,-79.299778,3.070758,2.283933,4.753960,5.029231,0.036331,0.009319
1.137339,428.483617,-84.228391,7.182339,6.027533,241.650701,-77.650047,3.143438,2.233552,4.747584,5.023300,0.034394,0.009195
1.141536,428.915352,-81.666742,7.188622,6.089785,243.161044,-76.623937,3.174225,2.616423,4.739530,5.017655,0.035674,0.010479
1.145732,429.227273,-79.794223,7.143882,6.064552,243.192747,-74.741388,2.996750,2.374542,4.739543,5.010561,0.035001,0.009569
1.149929,429.791390,-77.299554,6.858875,6.402332,243.549490,-73.497641,3.216802,2.280273,4.732800,5.005475,0.036486,0.009326
1.154126,430.312740,-75.489118,7.063540,6.248265,243.545942,-72.647843,3.168897,2.387839,4.727601,5.002278,0.035812,0.009683
1.158323,430.063534,-73.881432,7.184054,6.118769,244.993091,-71.711199,3.114051,2.110886,4.724115,4.997142,0.034973,0.008644
1.162520,430.358139,-72.443523,7.085329,6.225744,244.390765,-71.223208,2.731348,2.352797,4.718951,4.995966,0.035788,0.009368
1.166717,430.390004,-70.870813,6.985347,6.391116,244.561159,-72.594322,2.799375,3.778471,4.703115,5.000940,0.039952,0.014538
1.170913,430.566449,-70.157269,7.081654,6.218596,243.949986,-72.725630,3.516514,3.600066,4.698627,5.002117,0.038501,0.014116
1.175110,430.660474,-69.213385,7.001974,6.188451,244.178167,-72.894347,3.258650,3.787292,4.692653,5.002496,0.038900,0.014703
1.179307,430.756722,-68.613469,6.971977,6.376298,244.356789,-71.518918,3.618226,2.373188,4.696803,4.997119,0.036497,0.009796
1.183504,430.539319,-68.291987,7.094854,6.287512,244.333852,-71.703564,3.479057,2.136923,4.694069,4.997840,0.035660,0.008924
1.187701,430.513386,-67.885152,7.045199,6.423621,244.199491,-72.328260,2.822954,2.287521,4.688546,5.000342,0.036590,0.009169
1.191898,430.414633,-67.811549,7.180307,6.346915,243.600339,-73.625259,3.143438,2.233552,4.681279,5.005898,0.036006,0.009130
1.196094,430.267837,-67.781080,7.081863,6.372358,243.538513,-74.652389,3.182753,2.280417,4.675607,5.009828,0.036229,0.009310
1.200291,429.702717,-68.371863,7.216264,6.232051,243.012243,-75.705212,3.005155,2.019157,4.673128,5.014388,0.035075,0.008348
1.204488,428.926129,-68.877188,6.984690,6.390575,242.002444,-77.740877,3.177784,2.301825,4.665006,5.023216,0.036309,0.009432
1.208685,428.506345,-70.208585,7.123537,6.369165,241.513942,-79.393725,3.132327,2.233688,4.663308,5.029994,0.036066,0.009191
1.212882,427.792186,-71.220391,6.877805,6.272008,241.023876,-81.405622,2.779156,2.073817,4.657909,5.038109,0.035331,0.008477
1.217078,426.849447,-72.675672,7.059943,6.351856,240.172765,-84.086686,3.365550,2.233092,4.651338,5.049161,0.036024,0.009365
1.221275,426.318947,-74.568166,7.014836,6.234548,239.259061,-85.953447,2.983179,2.150999,4.651600,5.057279,0.035214,0.008896
1.225472,425.145242,-76.372320,7.002035,6.123841,238.252704,-88.107599,2.627421,2.196019,4.649680,5.066599,0.034763,0.008867
1.229669,424.013500,-78.698723,6.924089,6.208039,237.494593,-91.218808,2.527551,2.242762,4.645365,5.079103,0.035329,0.008967
1.233866,423.074583,-80.951024,7.133345,6.291115,236.440099,-94.778021,3.256835,2.544928,4.638438,5.093632,0.036296,0.010422
1.238063,421.448216,-83.352448,7.202185,6.192781,234.620660,-97.952768,3.465276,2.506881,4.634399,5.107885,0.035698,0.010505
1.242259,420.009001,-86.330867,6.879663,6.173712,232.879253,-101.426434,3.710269,2.520583,4.631894,5.123147,0.035563,0.010807
1.246456,418.695201,-89.371852,6.946006,6.227235,231.771874,-104.308159,3.013071,2.400946,4.632652,5.135282,0.035624,0.009893
1.250653,416.784636,-92.698764,7.051611,6.078144,229.622807,-107.890503,3.095454,2.209211,4.631398,5.151635,0.034488,0.009436
1.254850,415.088843,-96.537192,7.267533,6.083986,228.125261,-111.423455,3.136845,2.288782,4.632935,5.166739,0.034711,0.009748
1.259047,413.307360,-100.480164,7.077039,6.099590,226.057316,-115.326084,3.080495,2.201613,4.633271,5.184134,0.034568,0.009495
1.263243,411.361465,-104.030451,7.081399,6.226919,223.911184,-119.513873,3.151408,2.275701,4.629976,5.202675,0.035292,0.009836
1.267440,409.204220,-109.037115,7.164156,6.316310,221.697179,-123.439335,2.988631,2.188429,4.635731,5.220432,0.035582,0.009466
1.271637,406.738005,-113.554187,7.126461,6.502859,219.096650,-128.118058,3.639763,2.482053,4.634929,5.241524,0.037019,0.011121
1.275834,404.354475,-118.489982,7.154591,5.976087,216.264239,-132.565039,3.260878,2.761680,4.637697,5.262296,0.034945,0.011458
1.280031,401.570653,-123.584465,7.105542,6.218465,213.579916,-136.848650,3.119629,2.484305,4.641948,5.282225,0.035562,0.010584
1.284228,398.906714,-129.112734,7.068803,6.158077,210.878711,-141.265777,3.189423,2.594774,4.647845,5.302621,0.035491,0.011002
1.288424,395.589263,-134.838015,7.110976,6.145545,208.327465,-145.605314,3.140764,2.564916,4.654954,5.322393,0.035524,0.010887
1.292621,392.580724,-140.702523,7.375295,5.932476,204.998262,-150.802229,3.592262,3.096639,4.658599,5.346628,0.035649,0.012885
1.296818,388.919741,-146.898657,7.274535,6.260503,201.235366,-154.996557,3.742340,3.029118,4.669269,5.368709,0.037035,0.013042
1.301015,385.623786,-153.657399,7.286841,5.945173,198.125749,-159.167417,3.253933,2.485805,4.683010,5.389179,0.034361,0.011066
1.305212,381.698323,-160.452359,6.997979,5.900495,194.213609,-163.839896,3.181255,2.274894,4.694323,5.413160,0.033727,0.010583
1.309409,377.433827,-167.324929,7.090234,6.212168,189.856308,-168.790931,3.490812,2.626977,4.704574,5.439119,0.035957,0.011962
1.313605,373.650296,-175.052600,7.046205,6.128243,186.033969,-173.197251,3.119629,2.484305,4.722278,5.462068,0.035244,0.011005
1.317802,369.075781,-182.617616,6.899001,5.952940,182.084489,-177.247141,3.119629,2.484305,4.741102,5.484326,0.034488,0.011064
1.321999,364.393927,-190.243397,7.233325,5.907788,176.909263,-181.649401,3.193393,2.560236,4.758195,5.511006,0.034325,0.011447
1.326196,359.557240,-198.546244,7.178703,6.023432,172.420914,-186.589458,3.689927,2.768825,4.776196,5.537232,0.035388,0.012981
1.330393,354.730689,-206.704097,7.241907,5.978447,167.791820,-190.460075,3.655498,2.320809,4.799066,5.560978,0.034254,0.012382
1.334589,349.016102,-215.176138,7.045138,5.943793,163.200225,-194.692494,3.529176,2.349313,4.822182,5.585555,0.034295,0.012192
1.338786,343.487146,-224.162372,7.052980,6.034339,156.999762,-198.943757,3.195732,2.242715,4.846803,5.615085,0.034346,0.011315
1.342983,337.014402,-233.258277,7.234017,5.900990,152.435468,-202.979092,3.362254,2.357720,4.874985,5.639050,0.034229,0.011970
1.347180,330.788460,-242.894001,6.921005,5.803480,147.325994,-206.568591,3.549690,2.348441,4.907860,5.663651,0.033816,0.012595
1.351377,323.793034,-252.194707,6.887758,6.114849,142.706565,-210.602709,3.259942,2.395299,4.938154,5.687645,0.035651,0.011850
1.355574,316.982034,-261.738705,7.206096,5.674576,136.605583,-214.407845,3.535275,2.380488,4.969004,5.715911,0.033736,0.012762
1.359770,309.264216,-271.651375,6.711883,5.695305,131.043737,-217.584287,3.208005,2.438584,5.006936,5.741101,0.033879,0.011899
1.363967,301.475812,-282.021048,6.800851,5.803110,124.993381,-221.686242,3.282488,2.732537,5.041807,5.769786,0.035079,0.012411
1.368164,292.834957,-291.797456,6.774484,5.901224,119.370771,-223.910627,3.110950,2.050597,5.085424,5.793396,0.034469,0.011467
1.372361,284.327803,-301.801728,6.916339,6.072308,113.756868,-227.287478,3.662837,2.330422,5.124255,5.819140,0.036175,0.013525
1.376558,274.693252,-312.352967,6.982384,6.068666,108.172014,-230.083266,3.546842,2.514006,5.171265,5.843707,0.036799,0.013307
1.380755,264.763473,-322.435904,6.845071,5.878011,102.761989,-232.549965,3.192247,2.305633,5.218945,5.867094,0.035767,0.012055
1.384951,254.092342,-332.807865,6.973668,5.885727,96.792269,-234.978942,3.214514,2.326224,5.268774,5.892446,0.036345,0.012204
1.389148,243.211038,-343.103849,6.683326,6.258422,90.857221,-237.762834,3.264906,2.490662,5.317336,5.918175,0.037634,0.012481
1.393345,231.643603,-353.087706,6.566594,6.229309,84.998785,-239.900283,3.258159,2.405340,5.369726,5.942677,0.037402,0.012472
1.397542,219.161902,-363.341370,6.493283,6.171657,79.678467,-241.667981,3.574851,2.238284,5.429696,5.964706,0.037515,0.013623
1.401739,206.550927,-372.510897,6.898051,6.150333,73.795714,-243.285845,3.697550,2.378021,5.484313,5.988677,0.038971,0.014180
1.405935,193.043708,-381.968769,6.690111,6.181604,67.928980,-245.400981,3.652342,2.381675,5.541526,6.013139,0.038788,0.014047
1.410132,179.002543,-390.683115,6.357599,6.470490,63.506935,-246.577863,3.621084,2.304159,5.607550,6.031110,0.038687,0.013956
1.414329,164.514538,-399.096195,6.506962,6.344732,58.094587,-247.808736,3.756949,2.428527,5.670162,6.052911,0.039376,0.014535
1.418526,148.692757,-406.831962,6.328855,6.273154,52.607756,-249.061011,3.779291,2.298057,5.736163,6.075021,0.038928,0.014645
1.422723,132.639040,-413.836976,6.531200,6.426420,47.168162,-249.888036,3.687603,2.112666,5.802623,6.096623,0.039750,0.014332
1.426920,115.620967,-420.015294,6.362006,6.392470,41.831735,-251.275724,3.698308,2.609037,5.870946,6.118221,0.039571,0.014420
1.431116,99.224425,-425.347459,6.435544,6.394222,37.856215,-251.832045,3.492131,2.380351,5.943240,6.133979,0.039491,0.013631
1.435313,81.125337,-429.991306,5.977818,6.427489,33.309601,-252.213205,3.226650,2.179944,6.020440,6.151876,0.036897,0.012624
1.439510,63.302954,-433.627858,6.096679,6.465298,28.129887,-252.980317,3.653050,2.289422,6.090886,6.172446,0.038570,0.014298
1.443707,46.252439,-436.352482,6.050509,6.333968,23.091059,-252.847123,3.391315,2.140207,6.157633,6.192114,0.037480,0.013324
1.447904,27.871378,-437.927987,5.932375,6.290079,17.718013,-253.752697,3.613862,2.655890,6.228112,6.213475,0.037657,0.014191
1.452100,9.605149,-438.510591,5.877072,6.326571,14.300139,-253.992034,3.676290,2.068003,6.308624,6.226943,0.037556,0.014436
1.456297,-8.449104,-438.374432,5.884293,6.373545,9.856686,-254.404159,3.117152,2.360190,6.382363,6.244460,0.036025,0.012240
1.460494,-26.413177,-436.565194,5.788274,6.393257,3.593135,-254.642293,3.267637,2.333380,6.446653,6.269076,0.036073,0.012830
1.464691,-44.414805,-433.654786,6.059328,6.430381,-0.880136,-254.570978,3.659097,2.333530,6.521656,6.286643,0.038336,0.014373
1.468888,-61.410644,-430.680515,5.890112,6.195581,-5.134460,-254.523362,3.747510,2.411571,6.592404,6.303355,0.037588,0.014719
1.473085,-78.385653,-426.495268,6.025169,6.389097,-10.788792,-254.181763,3.551661,2.520352,6.657027,6.325605,0.037696,0.013954
1.477281,-95.039153,-421.122172,6.142393,6.368582,-15.920811,-253.895362,3.214680,2.663679,6.725099,6.345810,0.037445,0.012629
1.481478,-111.334819,-415.183464,6.119467,6.264568,-20.930700,-253.736444,3.641336,2.666122,6.793644,6.365489,0.038088,0.014280
1.485675,-127.141817,-409.335271,6.223956,6.286464,-27.121085,-253.002233,3.753923,2.457425,6.852351,6.389975,0.038373,0.014705
1.489872,-142.224436,-402.772151,5.726399,6.720276,-33.314915,-252.430522,3.797017,2.603431,6.910109,6.414404,0.037644,0.014845
1.494069,-156.705512,-395.691064,6.138895,6.446764,-39.415830,-251.610901,3.781160,2.433771,6.966440,6.438576,0.038133,0.014742
1.498266,-170.756382,-387.968674,6.020391,6.483597,-45.072642,-250.992751,3.716329,2.603049,7.025618,6.460869,0.037842,0.014457
1.502462,-184.036180,-379.840513,6.334307,6.542923,-51.537121,-250.429263,3.524329,3.307495,7.080372,6.486147,0.039367,0.013751
1.506659,-196.954762,-371.487004,6.426337,6.223997,-58.272101,-249.047334,3.941018,3.212525,7.130708,6.513030,0.039152,0.015273
1.510856,-209.560056,-363.220096,6.184317,6.324453,-64.125853,-247.258643,3.674098,3.368373,7.180861,6.536942,0.038581,0.014311
1.515053,-220.593615,-355.093117,6.409948,6.254585,-70.555966,-244.690067,3.997719,2.736126,7.219608,6.563918,0.038066,0.015375
1.519250,-232.337982,-346.407047,6.247881,6.110616,-77.347001,-243.551223,4.116768,3.184249,7.268088,6.590692,0.038044,0.015811
1.523446,-243.104866,-338.101820,6.442145,6.290764,-83.695384,-240.633994,3.768481,2.699072,7.305200,6.617910,0.037565,0.014398
1.527643,-253.248290,-328.952599,6.475237,6.002779,-90.028349,-238.575470,3.714953,3.078425,7.348292,6.644022,0.037099,0.014281
1.531840,-263.526904,-320.480582,6.387923,6.149213,-96.121004,-236.225693,3.753081,3.174661,7.387700,6.669629,0.037467,0.014416
1.536037,-273.205238,-311.945371,6.669352,6.096611,-103.844947,-233.196526,3.796046,3.166201,7.418742,6.702133,0.037583,0.014491
1.540234,-282.306425,-303.953427,6.776334,6.164459,-109.968057,-230.112296,3.804352,3.169313,7.449179,6.728988,0.037699,0.014486
1.544431,-291.134000,-295.562398,6.915546,6.332218,-116.340329,-226.030718,3.864418,2.753488,7.475379,6.758532,0.037491,0.014396
1.548627,-299.441785,-287.421879,7.010846,6.406629,-122.067206,-223.577125,3.619604,2.961853,7.508476,6.782932,0.037973,0.013660
1.552824,-307.642999,-279.212337,7.070270,6.220237,-128.643336,-219.856899,3.723424,3.041162,7.533796,6.812594,0.037314,0.013983
1.557021,-314.690214,-271.574844,7.043663,6.309355,-134.335037,-215.831174,3.843585,2.932490,7.554218,6.839918,0.037383,0.014210
1.561218,-321.934206,-263.670818,7.024102,6.181244,-140.618595,-212.846153,3.693538,3.359883,7.580685,6.867017,0.037731,0.014094
1.565415,-329.152830,-256.536736,7.147573,6.078903,-146.499002,-208.143892,3.856857,2.878333,7.594989,6.896481,0.036126,0.013997
1.569612,-335.648387,-249.227294,7.245636,6.192159,-152.542811,-203.705549,3.814234,2.776175,7.610312,6.925943,0.036440,0.013663
1.573808,-342.175626,-241.676030,6.948469,6.200827,-157.898472,-199.354727,4.143120,3.068283,7.628235,6.953058,0.036926,0.014806
1.578005,-348.006355,-234.822851,7.155576,6.306864,-162.297649,-195.580525,3.847734,3.104141,7.645734,6.975850,0.037299,0.014020
1.582202,-354.445038,-228.154347,6.994888,6.364447,-167.994075,-190.851337,4.258066,2.730202,7.656520,7.004973,0.036699,0.014435
1.586399,-359.425144,-221.741667,7.334134,6.084432,-172.266289,-187.024157,3.871436,3.244410,7.670569,7.027532,0.036493,0.014147
1.590596,-364.835727,-215.716401,7.157836,6.282528,-177.125729,-183.231364,4.061835,3.448172,7.682619,7.051642,0.037794,0.014824
1.594792,-369.497906,-209.452575,7.294299,6.364056,-182.341559,-177.765888,3.758957,2.745929,7.686266,7.081289,0.036718,0.012876
1.598989,-374.688487,-203.333542,7.054158,6.426132,-186.094866,-173.639472,4.114284,3.375800,7.697814,7.103194,0.038143,0.014685
1.603186,-378.802272,-197.531701,7.389793,6.425879,-190.964696,-168.606583,4.159171,3.131291,7.701192,7.130683,0.037789,0.014201
1.607383,-383.298014,-192.442004,7.369371,6.489224,-194.177027,-164.533200,4.235452,3.509883,7.707468,7.151036,0.038727,0.015048
1.611580,-386.816500,-187.106238,7.250466,6.271425,-198.060797,-159.132656,4.366322,3.056349,7.706853,7.177138,0.036746,0.014276
1.615777,-390.846139,-182.332426,7.575350,6.382532,-202.663832,-155.319362,4.088666,3.164868,7.711408,7.200074,0.037647,0.013844
1.619973,-394.134896,-177.288633,7.426965,6.443063,-205.396462,-151.006684,3.720823,3.421286,7.715621,7.220023,0.038390,0.013844
1.624170,-397.521766,-172.782105,7.592035,6.399313,-209.250361,-145.171909,3.913344,2.896177,7.708369,7.247448,0.037099,0.012807
1.628367,-400.223600,-168.497540,7.335622,6.514533,-211.673729,-140.959136,4.190399,2.810274,7.708953,7.266492,0.037396,0.012962
1.632564,-402.944080,-164.186546,7.530055,6.317635,-214.666089,-137.798461,4.190745,3.262234,7.714734,7.283308,0.037567,0.013949
1.636761,-405.859693,-160.327219,7.484801,6.390299,-217.221334,-133.217442,3.812724,3.505274,7.711246,7.303855,0.038372,0.014096
1.640957,-408.347658,-156.890046,7.364346,6.434081,-220.055710,-128.785643,4.370970,3.198520,7.705816,7.324485,0.037915,0.013863
1.645154,-410.652473,-153.159151,7.431388,6.326195,-222.739619,-124.768181,4.147682,3.298573,7.704030,7.343377,0.037718,0.013788
1.649351,-412.511036,-150.149010,7.438273,6.277360,-224.431886,-120.877550,4.001923,3.141697,7.699587,7.359938,0.037074,0.013159
1.653548,-414.545256,-146.546517,7.312994,6.709162,-226.719424,-116.966998,4.160457,3.053713,7.697781,7.377687,0.038910,0.013003
1.657745,-415.949534,-143.794021,7.358006,6.435000,-228.344865,-113.121319,4.061879,2.992436,7.691919,7.394023,0.037528,0.012680
1.661942,-417.745781,-141.026569,7.637597,6.575250,-230.107591,-110.581944,4.078381,3.557570,7.693132,7.406002,0.039500,0.014340
1.666138,-418.982219,-138.714400,7.408822,6.398929,-231.225572,-107.009697,3.851461,3.354441,7.686699,7.420540,0.038119,0.013530
1.670335,-420.409695,-136.131784,7.316907,6.611785,-232.754995,-103.811491,4.184925,3.208115,7.683422,7.434449,0.038769,0.013301
1.674532,-421.024942,-134.209033,7.178497,6.568676,-234.714027,-100.498130,3.993357,3.258395,7.674979,7.449427,0.038883,0.013249
1.678729,-422.631670,-132.448720,7.271820,6.492277,-235.225735,-97.651145,3.995507,3.208445,7.670392,7.460494,0.038190,0.013098
1.682926,-423.189000,-130.623206,7.266539,6.574475,-236.585698,-94.969894,4.043581,3.104817,7.665192,7.472253,0.038478,0.012754
1.687123,-423.976840,-129.266615,7.573826,6.602670,-237.240190,-93.142496,4.129642,3.121269,7.662892,7.479864,0.038671,0.012846
1.691319,-424.417349,-128.083297,7.537245,6.543919,-238.617195,-89.796092,4.072201,2.563054,7.650760,7.494055,0.037412,0.010962
1.695516,-424.805518,-126.750720,7.433025,6.702185,-239.664087,-88.881199,3.571248,3.270124,7.652221,7.498848,0.039639,0.012941
1.699713,-425.155822,-125.953404,7.286802,6.798398,-240.299915,-87.155877,3.767410,3.200027,7.647105,7.506041,0.039941,0.012797
1.703910,-425.501726,-125.418732,7.267600,6.770910,-240.255722,-85.758768,4.167470,3.390612,7.643072,7.511131,0.040168,0.013669
1.708107,-425.770290,-125.340573,7.543363,6.717340,-241.230825,-84.715553,4.018323,3.548796,7.637295,7.516256,0.040452,0.014093
1.712303,-426.051199,-124.858297,7.599707,6.707629,-241.306856,-83.459009,4.021568,3.634783,7.633534,7.520997,0.040556,0.014405
1.716500,-426.093934,-124.522985,7.580739,6.623454,-241.998160,-82.103943,3.633095,3.072197,7.627516,7.526893,0.038963,0.012267
1.720697,-426.151909,-124.642691,7.684206,6.665986,-242.057362,-81.495416,3.939694,2.944342,7.623761,7.529224,0.038944,0.011983
1.724894,-426.403769,-124.811345,7.693644,6.722967,-242.557980,-81.825233,3.740705,3.426879,7.624292,7.528627,0.040262,0.013517
1.729091,-426.293979,-125.165614,7.592551,6.678977,-242.319417,-81.807037,3.722236,3.988485,7.622528,7.528396,0.041353,0.015492
1.733288,-426.038824,-125.747555,7.326919,6.900829,-242.327085,-82.014630,3.944084,3.782500,7.620279,7.527637,0.041803,0.014851
1.737484,-425.363549,-126.911070,7.519565,6.645304,-241.983295,-82.081027,3.806008,3.858624,7.614219,7.526959,0.040937,0.015080
1.741681,-425.145764,-128.364242,7.430329,6.667284,-241.540812,-82.608403,3.861505,3.658295,7.609748,7.524446,0.040440,0.014416
1.745878,-424.864849,-129.401517,7.426345,6.665491,-241.384351,-83.170186,4.025889,3.643286,7.607151,7.522166,0.040428,0.014436
1.750075,-424.217516,-131.351933,7.556132,6.515998,-241.647870,-83.452799,3.686455,3.484705,7.597403,7.521456,0.039518,0.013717
1.754272,-423.257416,-132.912762,7.250081,6.592129,-241.163962,-84.915010,4.104139,3.500055,7.596255,7.515433,0.039950,0.013970
1.758469,-423.039232,-134.737265,7.322381,6.557756,-240.557288,-86.236576,4.066577,3.296563,7.594204,7.509766,0.039258,0.013278
1.762665,-422.276079,-137.212237,7.351549,6.458097,-239.993443,-87.503971,3.802464,3.198490,7.587756,7.504351,0.038562,0.012821
1.766862,-421.129634,-139.010462,7.286272,6.640099,-239.086825,-89.271957,4.102492,3.302254,7.587267,7.496626,0.039665,0.013363
1.771059,-420.431896,-142.164254,7.381092,6.573345,-238.131570,-91.489485,4.142575,3.282874,7.582853,7.487172,0.039285,0.013350
1.775256,-419.197757,-144.899860,7.214197,6.418094,-237.308371,-94.209831,3.949256,3.591903,7.582192,7.476070,0.039301,0.014267
1.779453,-418.333245,-147.425800,7.306552,6.679530,-236.933275,-95.740234,4.157038,3.008928,7.576411,7.469962,0.039299,0.012503
1.783649,-416.693031,-150.903399,7.230350,6.758318,-234.977620,-98.579357,3.970134,3.159170,7.573621,7.456756,0.039786,0.012924
1.787846,-415.751787,-154.035558,7.403190,6.571497,-234.129632,-102.199279,3.820216,3.652100,7.575966,7.442405,0.040145,0.014403
1.792043,-414.312150,-157.527895,7.242504,6.567803,-233.140241,-104.507820,4.021891,3.531085,7.569281,7.432574,0.039865,0.014160
1.796240,-412.755849,-161.207312,7.186659,6.541007,-231.534260,-107.961657,3.782051,3.381346,7.568209,7.417665,0.039317,0.013529
1.800437,-410.522113,-165.066828,7.206111,6.466369,-230.085697,-111.097402,3.597285,3.419603,7.563346,7.404146,0.039177,0.013518
1.804634,-408.751807,-168.936047,7.123196,6.520804,-228.539408,-114.075298,3.712435,2.984890,7.558472,7.391015,0.038479,0.012307
1.808830,-406.943646,-173.164809,6.921571,6.553677,-226.541811,-118.365664,3.816987,3.552909,7.559077,7.372505,0.039746,0.014128
1.813027,-404.511206,-177.288520,7.187380,6.530501,-224.240095,-121.183320,3.929830,2.849750,7.552257,7.358525,0.038272,0.012267
1.817224,-402.151701,-181.725353,7.248972,6.361737,-222.332817,-126.022914,3.816548,3.353844,7.553586,7.338316,0.038698,0.013586
1.821421,-399.581392,-186.759134,7.000676,6.457895,-219.485930,-130.461292,4.045167,3.489793,7.551006,7.317694,0.039270,0.014268
1.825618,-396.529656,-191.610417,7.137137,6.384271,-216.573348,-134.693248,4.135575,3.400054,7.547654,7.297594,0.038843,0.014195
1.829814,-393.589913,-196.967931,7.175694,6.460991,-213.740205,-139.134544,4.164835,3.308212,7.542860,7.276938,0.038970,0.014055
1.834011,-390.381711,-202.068528,7.047448,6.534597,-210.982546,-143.418787,3.895201,3.313429,7.538011,7.256965,0.039206,0.013750
1.838208,-386.987608,-207.726393,6.960879,6.590574,-208.032524,-147.734136,4.157459,3.377760,7.530519,7.236477,0.039629,0.014335
1.842405,-383.368345,-213.225474,7.182213,6.406216,-204.683203,-152.204009,3.877917,3.631504,7.524897,7.214584,0.039463,0.014589
1.846602,-378.888482,-218.733826,6.947395,6.237975,-200.544476,-157.174890,4.048486,3.342055,7.521616,7.189234,0.038086,0.014235
1.850799,-375.120999,-224.462474,7.006407,6.443327,-197.425573,-161.466027,4.045844,3.459968,7.513286,7.168446,0.039274,0.014530
1.854995,-370.461510,-230.494224,6.993176,6.292013,-193.450766,-166.231876,3.972516,3.425587,7.505736,7.144114,0.038615,0.014380
1.859192,-365.445085,-236.721828,7.073843,6.484192,-188.917922,-171.023508,3.693357,3.361531,7.497693,7.118257,0.039231,0.013793
1.863389,-360.682806,-242.866803,6.921751,6.358657,-184.739528,-174.993599,3.821373,3.302939,7.485805,7.095669,0.038528,0.013981
1.867586,-355.296326,-249.521193,6.985458,6.355031,-180.455244,-179.771970,3.916787,3.024536,7.474399,7.070480,0.038138,0.013731
1.871783,-349.431944,-255.921972,7.053369,6.296369,-175.262178,-184.939874,4.024466,3.101942,7.466988,7.041723,0.038209,0.014197
1.875980,-343.695970,-262.630172,6.870181,6.372676,-170.620266,-189.414282,3.747073,3.375326,7.453782,7.016430,0.038887,0.014064
1.880176,-337.278917,-269.088707,6.937702,6.261662,-165.078208,-194.020353,3.660879,3.353144,7.442885,6.988161,0.038469,0.013876
1.884373,-330.523748,-276.097496,6.748320,6.384995,-160.192400,-197.976716,3.728718,2.839962,7.423966,6.963479,0.037989,0.013370
1.888570,-324.054318,-283.136551,6.841759,6.199899,-154.422001,-202.402143,3.749557,3.222507,7.409769,6.934921,0.038032,0.014002
1.892767,-316.477089,-290.124214,6.769747,6.263193,-148.640905,-207.045547,3.766263,3.435715,7.394343,6.905833,0.038801,0.014349
1.896964,-309.264606,-297.268825,6.516562,6.215684,-142.482899,-211.205822,3.756510,3.291420,7.377599,6.876671,0.038038,0.014199
1.901160,-301.172542,-304.720894,6.480291,6.386643,-136.656297,-215.171034,3.697211,3.456466,7.355508,6.849018,0.039015,0.014240
1.905357,-292.675363,-311.954731,6.730005,6.404812,-130.872587,-218.196852,3.884136,3.246688,7.328804,6.823451,0.039215,0.014645
1.909554,-284.060666,-319.369333,6.663653,6.308710,-124.459548,-222.316384,3.750284,3.150699,7.307630,6.793545,0.038637,0.014193
1.913751,-275.077638,-326.502868,6.521347,6.266570,-117.658013,-226.371371,3.715666,3.409427,7.287454,6.762513,0.038823,0.014317
1.917948,-265.708808,-334.093896,6.619263,6.176209,-112.013512,-229.522439,3.705344,3.195677,7.256544,6.737210,0.038516,0.014146
1.922145,-255.681782,-341.759925,6.679663,6.249088,-104.597059,-231.926831,3.195911,2.699080,7.225388,6.706864,0.037580,0.012253
1.926341,-245.465721,-348.942684,6.430985,6.379683,-97.869965,-235.303287,3.751758,2.789103,7.197843,6.677350,0.038363,0.014228
1.930538,-235.008144,-356.419337,6.337081,6.359194,-91.917416,-238.258757,3.736892,3.457002,7.163721,6.651380,0.039265,0.014496
1.934735,-224.173031,-363.499701,6.357118,6.283535,-85.088342,-240.568395,3.684645,3.045796,7.130156,6.623150,0.038492,0.014183
1.938932,-212.574052,-370.577003,6.320250,6.530913,-78.171503,-243.328879,3.599751,3.224957,7.095920,6.594030,0.039328,0.013954
1.943129,-200.544209,-377.379628,6.226383,6.181788,-71.183445,-245.167899,3.559286,3.050727,7.057685,6.565762,0.038045,0.013797
1.947326,-188.247009,-384.329780,6.282468,6.285883,-65.245561,-246.655882,3.819027,2.780249,7.012357,6.541783,0.038694,0.014737
1.951522,-175.259898,-391.039619,6.078974,6.202243,-57.503041,-248.243522,3.839264,2.633235,6.972777,6.510810,0.037877,0.014862
1.955719,-162.216443,-397.533048,6.051941,6.508065,-51.083688,-249.852998,3.647928,2.939639,6.928300,6.484861,0.038380,0.014203
1.959916,-148.813857,-403.857971,6.127539,6.268240,-44.784539,-250.592552,3.578465,2.735194,6.879509,6.460033,0.037876,0.013967
1.964113,-134.410427,-409.524821,5.785940,6.347434,-37.258186,-251.517515,3.709155,2.431873,6.834459,6.430249,0.036942,0.014498
1.968310,-120.354811,-414.340088,6.003892,6.358809,-31.407788,-253.679147,3.682841,3.084499,6.788813,6.406368,0.038385,0.014375
1.972506,-105.943073,-419.557198,5.852872,6.359260,-25.063392,-253.240062,3.755495,2.476680,6.735811,6.381835,0.037469,0.014717
1.976703,-90.668824,-424.276969,6.086131,6.436345,-18.104260,-254.243551,3.875582,2.591087,6.686551,6.354274,0.038802,0.015184
1.980900,-74.637644,-427.979274,5.824750,6.272202,-11.864635,-255.324924,3.908521,3.023854,6.631903,6.329621,0.038150,0.015285
1.985097,-58.509605,-431.118211,5.662502,6.471207,-5.254455,-255.499304,3.522750,3.109050,6.577614,6.303748,0.036582,0.013784
1.989294,-42.864374,-433.967197,5.796878,6.529910,0.396595,-254.781341,3.847555,2.462536,6.520083,6.281629,0.037751,0.015101
1.993491,-26.289569,-435.924387,5.939845,6.733588,6.924414,-254.240672,3.823527,2.303675,6.464001,6.255956,0.038257,0.015030
1.997687,-9.713866,-437.610667,6.103105,6.412294,12.792718,-254.338836,3.716635,2.424040,6.405378,6.232930,0.038676,0.014584
2.001884,7.055261,-438.218168,5.945503,6.499054,17.625711,-255.001170,4.028700,3.185007,6.340815,6.214175,0.039135,0.015747
2.006081,23.452382,-437.785056,5.853052,6.521601,23.798030,-253.481351,4.112058,2.356938,6.285061,6.189575,0.038812,0.016104
2.010278,40.211241,-436.823765,6.052663,6.663445,29.463190,-253.118504,4.138048,2.375038,6.224745,6.167306,0.039839,0.016166
2.014475,56.853280,-434.865537,5.940816,6.676189,34.589577,-252.337732,3.856267,2.204928,6.161811,6.146958,0.038514,0.015046
2.018671,73.769299,-432.401979,5.915036,6.673856,39.937608,-252.131819,4.071807,2.699856,6.097671,6.126091,0.039155,0.015841
2.022868,89.762145,-428.997070,6.415657,6.604162,45.888576,-250.662526,4.152669,2.229202,6.041958,6.102121,0.041413,0.016107
2.027065,105.943951,-425.205127,6.130180,6.467293,50.557892,-249.889089,4.167847,2.822435,5.977187,6.083559,0.040146,0.016173
2.031262,121.907555,-419.981962,6.162913,6.441735,56.673375,-248.134910,3.734647,2.343728,5.920383,6.058640,0.038968,0.014451
2.035459,137.354516,-414.894706,6.459049,6.547589,61.937770,-248.324795,3.387477,3.335191,5.858036,6.038750,0.039939,0.013224
2.039656,152.863348,-408.782592,6.490436,6.402643,68.057546,-245.149422,3.780719,2.245526,5.805030,6.012388,0.039953,0.014512
2.043852,167.129344,-401.987299,6.493364,6.353677,73.610887,-244.193395,4.230888,2.719289,5.748179,5.990403,0.041112,0.016178
2.048049,182.072638,-394.777912,6.419997,6.353338,78.255076,-241.718459,3.558428,2.146103,5.687184,5.970089,0.038641,0.013576
2.052246,195.922966,-386.704684,6.512149,6.426347,84.339482,-239.745094,3.828249,2.335905,5.633771,5.944918,0.039563,0.014533
2.056443,209.123982,-378.235245,6.359960,6.510543,89.223679,-238.004409,4.124286,2.223117,5.575784,5.924518,0.039526,0.015500
2.060640,222.168581,-370.180833,6.705811,6.398221,95.384962,-235.638429,4.010910,2.187746,5.527468,5.898553,0.039693,0.014977
2.064837,233.690900,-361.535532,6.722664,6.340675,100.283493,-233.452192,3.596351,2.114899,5.477430,5.877452,0.038663,0.013414
2.069033,245.536045,-352.260145,6.845670,6.232243,106.379373,-231.151374,3.837019,2.453568,5.428554,5.851869,0.039115,0.014279
2.073230,256.352284,-343.660222,7.003199,6.201567,112.158069,-228.067621,3.805007,2.482706,5.388132,5.826139,0.039026,0.014109
2.077427,267.219650,-333.805163,6.822179,6.247266,117.409311,-225.711621,4.200546,2.291363,5.337423,5.803529,0.038693,0.015225
2.081624,277.167982,-323.839722,6.857576,6.191432,122.577478,-222.574658,3.630905,2.333600,5.292309,5.779785,0.037767,0.013278
2.085821,286.801273,-314.190857,6.950843,6.273921,128.134530,-219.660213,3.864462,2.347849,5.249701,5.755113,0.038166,0.013926
2.090017,296.337302,-305.063369,6.808710,6.041628,134.074851,-216.176112,3.715073,2.494346,5.213541,5.728037,0.036955,0.013444
2.094214,304.422850,-295.193708,6.889322,6.098063,138.458305,-213.304147,3.838504,2.540935,5.170756,5.707435,0.037152,0.013780
2.098411,312.638520,-285.607110,6.990555,6.121129,143.604410,-209.262452,3.787683,2.436754,5.136616,5.681754,0.036869,0.013451
2.102608,320.602131,-275.961595,6.958486,5.838662,149.078356,-205.534807,3.394102,2.442314,5.101995,5.655668,0.035334,0.012206
2.106805,328.020956,-266.578068,6.933674,6.100153,153.709644,-201.577573,3.775285,2.344352,5.069316,5.631711,0.036100,0.013103
2.111002,334.437212,-256.993538,7.197976,6.013440,158.755539,-198.322115,3.241035,2.464263,5.034707,5.608144,0.035914,0.011660
2.115198,341.544251,-247.872029,7.018882,5.981147,163.498524,-194.117725,3.704876,2.423854,5.005600,5.583199,0.035435,0.012748
2.119395,347.519394,-238.984758,6.973043,5.768444,168.140657,-190.120217,3.768820,2.600131,4.978346,5.559061,0.034696,0.013030
2.123592,353.285832,-230.291068,6.905340,6.028618,172.544113,-186.305433,3.835134,2.653127,4.951110,5.536117,0.035840,0.013160
2.127789,359.038153,-221.024546,6.980361,5.976689,176.614708,-182.497759,3.677123,2.728060,4.920525,5.514168,0.035568,0.012808
2.131986,363.950416,-212.508065,7.195532,5.996366,180.911968,-177.988873,3.280987,2.629085,4.898790,5.489643,0.035427,0.011693
2.136183,369.169548,-204.500178,7.004692,5.888029,185.215407,-173.605835,3.614730,2.592849,4.878782,5.465444,0.034727,0.012262
2.140379,373.180423,-196.079052,6.994063,5.775890,188.402256,-170.644907,3.605473,3.078809,4.849176,5.448371,0.035236,0.013086
2.144576,377.637303,-188.257991,7.182500,5.909964,192.000413,-165.699639,3.596058,2.719289,4.833315,5.424392,0.034921,0.012317
2.148773,381.466779,-180.459841,7.080248,5.917043,195.350853,-161.730002,3.530727,2.724517,4.812687,5.403909,0.034908,0.012137
2.152970,385.435758,-172.753860,6.968902,6.058872,199.508844,-157.127576,3.621997,2.595683,4.796237,5.379506,0.035379,0.011931
2.157167,389.228584,-166.233300,6.977665,5.898936,201.703282,-153.333799,3.596820,2.697964,4.781069,5.362383,0.034547,0.012069
2.161363,392.432430,-158.714944,6.774528,6.005277,205.647455,-148.652604,3.818163,2.299905,4.766208,5.338288,0.034401,0.011474
2.165560,395.351189,-152.206130,7.108375,6.058558,207.879632,-144.790607,3.561535,2.409897,4.751924,5.320770,0.034766,0.011202
2.169757,398.602499,-145.749277,6.994453,5.824056,211.450869,-140.453089,3.641564,2.457391,4.740680,5.298706,0.033770,0.011315
2.173954,401.141642,-138.686168,7.123393,6.120498,214.265983,-136.328054,3.196151,2.402530,4.725007,5.279042,0.035183,0.010457
2.178151,403.551469,-132.832507,7.233711,6.007926,215.816543,-133.029682,3.256983,2.664775,4.711339,5.264781,0.035009,0.011203
2.182348,405.739682,-127.363083,6.900865,5.984323,218.195454,-128.541727,3.216283,2.251301,4.706104,5.244765,0.034092,0.010011
2.186544,407.729691,-121.838227,7.086970,5.957891,220.901788,-124.342722,2.705414,2.275533,4.698984,5.225072,0.034135,0.009413
2.190741,410.340192,-116.349313,7.012878,6.013316,223.698965,-121.099567,3.051950,2.097564,4.686943,5.208567,0.034116,0.009231
2.194938,411.812924,-110.965483,7.010391,5.954795,224.869897,-118.018834,3.596781,2.484541,4.674677,5.195704,0.034502,0.010879
2.199135,413.558118,-106.144543,7.047562,6.017357,227.088270,-114.121412,2.804143,2.058054,4.669637,5.178068,0.034087,0.008769
2.203332,415.269082,-102.000212,7.005639,6.070866,228.269954,-111.194859,3.152058,2.427216,4.663259,5.165680,0.034937,0.010169
2.207528,416.485428,-97.268900,7.124264,6.164036,230.506418,-107.720862,2.627835,2.001022,4.656248,5.149555,0.034812,0.008360
2.211725,417.530365,-93.215720,6.998413,6.347884,231.742814,-105.123744,3.143219,2.239437,4.648382,5.138251,0.036179,0.009501
2.215922,419.092813,-89.428172,7.232044,6.117220,232.498974,-102.255664,3.214231,2.170227,4.643751,5.126738,0.034743,0.009334
2.220119,420.213222,-86.073609,7.105818,6.178014,232.908745,-100.034549,3.613769,2.225117,4.637990,5.118066,0.035007,0.009834
2.224316,420.705250,-82.398673,7.101482,6.160720,235.634110,-97.364990,3.128994,2.275420,4.631697,5.104226,0.035416,0.009487
2.228513,421.687124,-79.422061,7.298770,6.208822,236.308123,-94.955257,2.806969,2.132732,4.628793,5.094470,0.035341,0.008790
2.232709,422.520358,-76.039683,7.266540,6.217647,237.445837,-92.948692,3.044897,2.354670,4.621279,5.085505,0.035835,0.009638
2.236906,422.697393,-73.672598,6.915472,6.201704,237.624648,-91.118163,3.039825,2.246565,4.618403,5.078551,0.035532,0.009286
2.241103,423.569520,-71.220718,7.210025,6.341141,237.975683,-89.349196,3.070758,2.283933,4.615020,5.071559,0.036203,0.009423
2.245300,424.062951,-69.029302,7.373679,6.246659,237.984647,-88.012948,3.061877,2.200061,4.610721,5.066616,0.035490,0.009146
2.249497,424.634614,-67.032973,7.085291,6.287194,239.483489,-86.870591,3.104709,2.356028,4.605653,5.060369,0.036124,0.009636
2.253694,424.807157,-65.460797,7.016837,6.263018,239.379090,-85.646221,3.087773,2.099466,4.603957,5.055982,0.035486,0.008786
2.257890,424.938848,-64.029934,7.079671,6.149830,240.352870,-84.806315,2.854795,2.407452,4.600304,5.051592,0.035629,0.009656
2.262087,425.283129,-62.822241,6.944823,6.334469,240.597890,-84.418453,3.379382,2.273623,4.595982,5.049838,0.036272,0.009490
2.266284,425.644948,-61.717621,7.221071,6.199447,241.090483,-83.825267,3.371616,2.301403,4.593168,5.047006,0.035691,0.009557
2.270481,425.524248,-60.722829,7.136246,6.087977,241.264201,-83.132682,3.065850,2.201429,4.591363,5.044219,0.034988,0.009047
2.274678,425.910914,-60.163787,7.273502,6.177001,240.974984,-83.061885,2.856675,2.236586,4.589200,5.044326,0.035364,0.009064
2.278874,425.682333,-60.003552,7.123987,6.429052,241.804183,-84.114937,3.263225,2.804378,4.582006,5.047160,0.037901,0.011161
2.283071,425.493045,-59.720202,7.207835,6.347006,240.804573,-85.233721,3.539454,3.321136,4.575114,5.052582,0.038514,0.013099
2.287268,425.372511,-59.969118,7.174802,6.489458,240.633288,-83.904381,3.029714,2.176997,4.583544,5.047889,0.036834,0.008966
2.291465,425.470619,-60.047029,7.287795,6.413878,240.060741,-85.136547,3.938547,2.368756,4.577887,5.053197,0.036697,0.010175
2.295662,424.904729,-60.436880,6.966250,6.316962,240.505643,-86.207950,3.614891,2.440497,4.573531,5.056567,0.036491,0.010181
2.299859,424.227856,-61.555579,6.985956,6.388928,238.845901,-86.835700,3.489199,2.482707,4.576857,5.061096,0.036735,0.010310
2.304055,423.463158,-62.569030,6.991568,6.394819,239.295776,-88.722255,3.602329,2.557124,4.571324,5.067441,0.037136,0.010599
2.308252,423.078509,-63.991047,6.877611,6.223250,238.838546,-89.609906,3.535439,2.430343,4.574223,5.071326,0.036032,0.010162
2.312449,422.440501,-65.785097,6.952465,6.142813,237.782439,-91.345640,3.173372,2.443184,4.574842,5.079163,0.035574,0.010006
2.316646,421.589786,-67.815555,6.907320,6.392544,237.066367,-93.573056,3.562279,2.392177,4.573696,5.088329,0.036738,0.010127
2.320843,420.929303,-69.538824,7.042956,6.285811,235.913158,-95.277021,3.120937,2.319049,4.574163,5.096223,0.035977,0.009619
2.325040,420.128930,-71.777414,6.993104,6.311572,234.280441,-97.517928,3.079620,2.303250,4.574762,5.106820,0.035908,0.009590
2.329236,418.884227,-74.262235,7.021249,6.214864,233.809035,-99.941297,3.140908,2.101968,4.574520,5.116332,0.035236,0.009019
2.333433,417.594785,-77.462035,7.008976,6.331352,232.085503,-103.180067,3.122755,2.591052,4.574632,5.130725,0.036616,0.010576
2.337630,416.516645,-80.510031,6.834267,6.261331,231.280054,-105.726147,3.567404,2.346468,4.577091,5.141160,0.035875,0.010220
2.341827,415.020629,-83.374092,6.903328,6.244139,229.868949,-108.689614,3.082951,2.394372,4.576503,5.154068,0.035877,0.009967
2.346024,413.548718,-87.543575,7.093757,6.230336,228.816516,-112.477742,3.562703,2.820634,4.578225,5.169264,0.036803,0.011686
2.350220,412.835445,-91.294736,7.010957,6.273371,226.866898,-115.235556,3.538311,2.232156,4.584357,5.182371,0.035625,0.010041
2.354417,410.930049,-95.336466,7.034733,6.268526,225.242860,-118.581261,3.493232,2.222972,4.587854,5.196980,0.035649,0.010029
2.358614,409.232537,-99.753939,7.112714,6.298673,223.456700,-121.848093,3.112301,2.481646,4.594016,5.211607,0.036266,0.010371
2.362811,406.992989,-104.298424,7.106018,5.996291,221.109737,-126.155070,3.731145,2.473529,4.595344,5.230876,0.034782,0.011135
2.367008,405.139694,-109.213605,7.079793,6.352965,218.059810,-130.481441,3.221725,3.027986,4.599192,5.251612,0.037431,0.012121
2.371205,402.918112,-114.393216,7.133756,6.248802,216.311718,-133.731262,3.283458,2.748779,4.609127,5.266108,0.036451,0.011429
2.375401,400.936642,-119.953915,7.036352,6.302554,213.980096,-136.454943,3.192659,2.163626,4.624356,5.280068,0.035552,0.009870
2.379598,397.822817,-125.594140,7.190819,6.211939,210.242026,-141.457663,3.247893,2.695343,4.628021,5.304648,0.036016,0.011361
2.383795,395.532494,-131.691381,7.108236,6.200576,208.550119,-146.280993,3.264397,3.050498,4.634520,5.324067,0.036876,0.012258
2.387992,392.851616,-137.977267,7.293679,6.057078,204.982256,-149.050653,2.721975,2.616136,4.653515,5.341098,0.035083,0.010469
2.392189,389.672829,-144.245833,7.091418,5.927053,202.212776,-153.754869,3.194118,2.604157,4.661707,5.362489,0.034510,0.011158
2.396385,386.712355,-150.782749,7.288843,6.019511,198.673210,-158.093405,3.243532,2.942791,4.673530,5.384531,0.035617,0.012063
2.400582,383.118201,-157.707728,7.096552,5.920072,195.443684,-162.275413,3.504672,3.009296,4.688055,5.405330,0.035380,0.012678
2.404779,379.630821,-165.133981,7.172853,6.134911,192.279914,-166.267767,3.117004,2.566754,4.706337,5.425365,0.035496,0.011075
2.408976,375.886098,-172.537981,7.140565,5.989181,188.702955,-170.268660,3.373095,2.840158,4.724512,5.446479,0.035410,0.012160
2.413173,371.953676,-180.540744,7.258392,5.894922,184.892950,-175.266434,3.285642,3.134302,4.740577,5.471065,0.035683,0.012588
2.417370,367.725232,-188.412278,7.326835,5.938655,180.991289,-179.397169,3.288293,3.092301,4.760629,5.493364,0.035832,0.012522
2.421566,363.215504,-197.377212,7.217749,5.914197,176.675060,-183.266104,3.272834,3.096311,4.787892,5.516097,0.035726,0.012528
2.425763,358.171011,-205.506357,7.246008,6.081469,171.430565,-186.914817,3.650337,2.177333,4.811620,5.540971,0.034518,0.012090
2.429960,353.113415,-214.310380,6.948035,5.975779,167.592812,-191.007637,3.604709,2.472870,4.837342,5.562990,0.034713,0.012446
2.434157,347.773407,-223.189555,6.955964,5.914410,163.219621,-194.980530,3.261237,2.847672,4.864065,5.586224,0.035308,0.012182
2.438354,342.150697,-232.009371,7.065320,5.850969,158.935756,-198.115536,3.141493,2.490514,4.895316,5.607081,0.034398,0.011434
2.442551,335.920299,-241.589600,6.989896,5.935899,154.003321,-203.119147,3.615403,3.318352,4.920791,5.634462,0.036838,0.013770
2.446747,329.595753,-251.612496,6.940905,5.979001,148.854841,-206.089984,3.290387,2.686830,4.959123,5.657662,0.035558,0.012181
2.450944,323.015199,-261.099615,7.108516,5.874684,144.039072,-209.098218,3.482322,2.112746,4.995153,5.679976,0.034280,0.012241
2.455141,315.541516,-271.052358,7.221409,5.992326,138.866570,-213.215911,3.368126,2.572682,5.028755,5.705900,0.035906,0.012389
2.459338,308.047892,-281.503368,6.961840,6.012867,133.603848,-216.355584,3.609264,2.694001,5.069808,5.729983,0.036274,0.013298
2.463535,300.091359,-291.501492,6.925684,6.189555,127.864817,-219.824997,3.867007,2.626952,5.106762,5.756355,0.037072,0.014133
2.467731,290.682480,-301.759084,6.776329,6.046506,122.761960,-222.704476,3.209641,2.381756,5.152393,5.779396,0.036051,0.011942
2.471928,281.838014,-311.995967,6.578585,6.147469,117.049851,-225.517807,3.217015,2.302095,5.195666,5.804432,0.036192,0.011988
2.476125,271.882675,-321.844933,6.510259,6.237084,111.836718,-228.868989,3.617570,2.674684,5.238670,5.828659,0.037599,0.013567
2.480322,262.021150,-332.144577,6.843213,6.144706,106.383527,-230.921125,3.618728,2.223832,5.289031,5.851476,0.037248,0.013435
2.484519,251.074576,-342.969608,6.868241,6.253243,101.815930,-233.117819,3.818157,2.299445,5.346859,5.871398,0.038341,0.014223
2.488716,239.584718,-352.642211,6.827814,6.057043,95.174150,-235.920468,4.069435,2.368430,5.392148,5.899737,0.038290,0.015238
2.492912,227.736888,-362.344383,6.659160,6.528782,90.357994,-238.183734,3.587813,2.225858,5.447290,5.920595,0.038910,0.013528
2.497109,215.130149,-371.934667,6.983249,6.301393,84.719097,-239.463660,3.063457,2.207744,5.505623,5.943141,0.038595,0.011734
2.501306,201.899917,-380.820936,6.700372,6.115835,79.925514,-241.486979,3.739056,2.205600,5.564123,5.963561,0.038817,0.014218
2.505503,188.067941,-388.964430,6.539673,6.338176,75.226632,-243.106418,3.243129,2.135345,5.624727,5.983091,0.038376,0.012425
2.509700,173.091237,-397.502140,6.315488,6.314436,69.755211,-244.504378,3.766256,2.247456,5.689155,6.005276,0.038758,0.014449
2.513897,158.470778,-405.119385,6.480710,6.233123,65.651274,-246.004985,3.750643,2.190426,5.755098,6.022393,0.039489,0.014404
2.518093,143.309505,-411.742538,6.342242,6.353848,58.978399,-247.350672,3.187751,2.401316,5.809201,6.049115,0.038080,0.012389
2.522290,127.087226,-417.908097,6.418011,6.379130,54.591484,-248.099677,3.639673,2.208061,5.879684,6.066598,0.039456,0.014117
2.526487,110.210288,-423.247394,6.160842,6.577682,50.265207,-249.236542,3.601040,2.256541,5.951427,6.084178,0.038669,0.013994
2.530684,93.760343,-427.583495,6.310567,6.763159,45.315250,-250.102982,3.221215,2.200118,6.016717,6.103943,0.038522,0.012565
2.534881,76.752188,-432.020107,5.964618,6.591471,40.389367,-251.312269,3.604537,2.287200,6.084613,6.123834,0.037810,0.014054
2.539077,58.904461,-434.626249,6.024086,6.809629,34.756226,-252.169555,3.505492,2.422805,6.151600,6.146219,0.037894,0.013704
2.543274,41.488230,-436.504108,6.142639,6.821368,31.474068,-252.459548,3.474004,2.299911,6.228827,6.159155,0.038289,0.013596
2.547471,24.425568,-437.309600,6.178744,6.699920,25.615870,-253.281751,3.296969,2.341699,6.289653,6.182392,0.038055,0.012918
2.551668,6.902107,-437.564102,5.928157,6.491826,19.887780,-253.753457,3.323708,2.528920,6.353715,6.204971,0.036887,0.013041
2.555865,-10.850217,-436.870846,5.871383,6.350882,14.904117,-254.007784,3.661988,2.298078,6.423104,6.224577,0.037454,0.014377
2.560062,-28.017614,-434.813478,6.183198,6.309432,9.644772,-254.491484,4.016927,2.384357,6.489087,6.245305,0.039890,0.015765
2.564258,-44.790345,-432.403996,5.844924,6.406624,3.887392,-254.643174,4.037107,2.414588,6.550471,6.267920,0.038447,0.015851
2.568455,-61.464557,-429.122663,5.959410,6.532868,-1.126629,-255.091770,3.532405,2.933241,6.616925,6.287602,0.037749,0.013847
2.572652,-77.686874,-425.246583,5.947408,6.502532,-7.255434,-254.614887,3.756219,2.505217,6.674651,6.311673,0.038055,0.014743
2.576849,-93.342938,-420.741878,6.167686,6.330309,-13.151422,-254.700922,3.744131,2.588869,6.733110,6.334774,0.038752,0.014670
2.581046,-109.094877,-415.242822,6.194488,6.396272,-18.733352,-254.507263,3.522777,2.789270,6.795328,6.356659,0.038455,0.013790
2.585242,-123.557916,-409.932230,6.207577,6.255800,-25.250767,-254.109149,3.766198,2.841167,6.846009,6.382230,0.038818,0.014717
2.589439,-138.379036,-404.009791,6.369011,6.182705,-31.276346,-252.848520,3.784423,2.637798,6.899615,6.406256,0.038791,0.014796
2.593636,-152.247542,-397.809284,6.469530,6.144076,-37.572483,-253.293623,3.650338,3.294082,6.953958,6.430447,0.039326,0.014227
2.597833,-165.667836,-390.742860,6.260619,6.310231,-44.724057,-251.053844,4.040841,2.620593,6.996785,6.459481,0.038929,0.015704
2.602030,-178.840229,-384.129444,6.327662,6.426410,-51.358568,-250.245042,3.834359,3.061761,7.044091,6.485608,0.039308,0.014899
2.606227,-191.629495,-376.736994,6.089062,6.400491,-57.857805,-248.702063,3.884579,2.877857,7.090492,6.511759,0.038432,0.015036
2.610423,-203.660197,-369.323741,6.264752,6.260406,-64.577447,-246.759829,4.101407,3.016159,7.131634,6.539147,0.038783,0.015841
2.614620,-215.105509,-362.111693,6.350059,6.147301,-71.706039,-244.619215,3.919247,3.078026,7.167561,6.568331,0.038388,0.015140
2.618817,-226.692058,-354.339054,6.456458,6.343311,-78.736035,-242.582970,3.358890,2.904669,7.207076,6.597032,0.038225,0.013011
2.623014,-237.222057,-346.938884,6.435969,6.359429,-84.995775,-240.176874,4.044102,2.883566,7.242359,6.623320,0.038683,0.015433
2.627211,-248.128020,-339.767123,6.669064,6.073717,-91.738339,-238.584407,3.795551,3.569723,7.279725,6.650268,0.038848,0.014738
2.631408,-258.199321,-331.969199,6.648048,6.195077,-98.149781,-235.348683,3.934809,2.969795,7.310852,6.678294,0.038024,0.014931
2.635604,-267.597049,-324.755940,6.650080,6.186774,-104.837709,-231.885106,3.519020,2.663707,7.335459,6.707793,0.037022,0.013318
2.639801,-276.596871,-316.948309,6.670447,6.492197,-111.497504,-229.198705,3.994061,3.207852,7.365456,6.735948,0.039377,0.015129
2.643998,-285.609655,-309.734089,6.771335,6.307044,-118.155167,-225.248557,3.807944,2.773509,7.386718,6.766283,0.037732,0.014192
2.648195,-293.828083,-302.641057,6.742710,6.438478,-123.971074,-222.000451,3.743853,2.589641,7.410733,6.792475,0.037698,0.013781
2.652392,-302.152196,-295.156266,6.974208,6.366266,-130.102735,-218.221202,3.723387,2.660506,7.433485,6.820803,0.037552,0.013683
2.656588,-309.810747,-287.911687,6.801610,6.260993,-136.529586,-214.276039,3.847841,2.805618,7.452154,6.850486,0.037260,0.014083
2.660785,-316.952880,-281.482806,6.992773,6.227316,-142.722007,-211.306862,3.776520,3.361027,7.471085,6.877227,0.038355,0.014320
2.664982,-324.142273,-274.278570,6.840064,6.466570,-148.508099,-206.330022,3.810414,2.768597,7.484840,6.907050,0.037930,0.013728
2.669179,-330.940926,-267.580722,6.876112,6.612077,-154.238701,-202.141272,4.187748,2.961944,7.499305,6.934970,0.038991,0.014879
2.673376,-337.211197,-261.160077,6.764564,6.442773,-160.002025,-198.037907,4.208354,3.333211,7.511793,6.962747,0.039006,0.015265
2.677573,-343.253912,-254.981077,7.109761,6.202939,-165.184318,-193.542546,3.695791,3.083278,7.521745,6.989695,0.037429,0.013562
2.681769,-349.385994,-248.586415,7.076312,6.201154,-170.445736,-189.781275,3.701894,3.662779,7.536470,7.014959,0.038662,0.014444
2.685966,-354.890516,-242.608838,7.021121,6.319025,-175.391669,-185.065411,3.929519,3.518976,7.543754,7.041752,0.038793,0.014672
2.690163,-360.400155,-236.922129,6.989764,6.259519,-179.990550,-181.211225,3.591463,3.781264,7.554469,7.065204,0.038991,0.014435
2.694360,-365.396050,-231.189946,7.109298,6.441730,-183.980848,-176.518529,4.272843,3.489702,7.561277,7.089280,0.039117,0.015237
2.698557,-369.937317,-225.628209,7.288223,6.409948,-188.841116,-170.586191,3.806664,3.021772,7.558916,7.119329,0.037984,0.013349
2.702754,-374.316092,-220.522882,7.193752,6.325825,-192.897210,-166.569709,3.814201,3.622439,7.564916,7.141693,0.038900,0.014539
2.706950,-378.652122,-215.216887,6.968177,6.553162,-196.825778,-162.440605,3.849671,3.486972,7.571488,7.164002,0.039435,0.014257
2.711147,-382.314572,-210.270471,7.213902,6.530493,-200.426511,-158.081691,4.143293,3.684072,7.574560,7.186153,0.039971,0.015148
2.715344,-386.094514,-205.284425,7.147574,6.551009,-203.197751,-152.738388,3.867962,3.157656,7.574218,7.209410,0.038577,0.013498
2.719541,-389.599230,-200.702816,7.170921,6.556670,-207.130273,-148.679029,3.801817,3.457410,7.576240,7.231406,0.039357,0.014034
2.723738,-392.422162,-196.282124,7.163554,6.515031,-210.333033,-144.055689,4.149962,3.522383,7.574662,7.253466,0.039466,0.014648
2.727934,-395.122038,-191.825590,7.230252,6.575991,-213.676002,-138.880581,3.811160,3.316909,7.570069,7.277635,0.039319,0.013620
2.732131,-398.116851,-187.834535,7.458674,6.293544,-216.167138,-135.347235,4.080859,3.509304,7.573135,7.294575,0.038621,0.014426
2.736328,-400.440789,-184.011336,7.371041,6.373650,-218.571246,-131.123926,4.252294,3.403693,7.570988,7.313625,0.038720,0.014310
2.740525,-402.801546,-180.246596,7.268117,6.436355,-220.937779,-127.110829,3.914057,3.451302,7.569721,7.331904,0.038965,0.014014
2.744722,-404.602794,-176.685468,7.350050,6.426185,-223.432067,-122.726711,3.793831,3.154243,7.564513,7.351692,0.038382,0.012998
2.748919,-406.658796,-172.862829,7.407984,6.324119,-225.670729,-119.123439,3.831458,3.212515,7.565351,7.368292,0.038148,0.013156
2.753115,-408.516933,-169.464946,7.079224,6.574056,-227.169789,-115.433533,3.944497,3.048329,7.564412,7.383845,0.038685,0.012764
2.757312,-410.331781,-166.363913,7.285543,6.468393,-228.759148,-111.852761,4.163530,2.704379,7.562326,7.399210,0.037637,0.011942
2.761509,-411.528487,-163.604068,7.232490,6.556356,-230.923452,-108.193610,4.211378,2.870962,7.556294,7.415829,0.038481,0.012370
2.765706,-412.810276,-160.969777,7.267750,6.361278,-232.476004,-105.412315,4.010954,2.882836,7.555128,7.428276,0.037668,0.012162
2.769903,-414.219206,-158.099902,7.167313,6.509543,-233.482884,-102.237383,3.804756,2.679442,7.554213,7.441253,0.037741,0.011339
2.774099,-415.318264,-156.007918,7.159649,6.556933,-234.715159,-99.673656,4.346898,2.754681,7.551623,7.452401,0.038233,0.011969
2.778296,-416.291349,-153.499213,7.162956,6.562835,-235.308178,-97.648575,4.270071,3.451917,7.554658,7.460627,0.039598,0.014067
2.782493,-416.896743,-151.614888,7.249077,6.608220,-236.771314,-95.358093,4.185967,3.396444,7.551261,7.471112,0.039842,0.013780
2.786690,-417.790497,-149.876519,7.405214,6.588773,-238.025860,-92.547332,3.628859,3.015193,7.545266,7.483157,0.038922,0.012149
2.790887,-418.646083,-148.107675,7.216716,6.541813,-238.525641,-90.405078,4.228370,2.888384,7.543956,7.491695,0.038451,0.012109
2.795084,-419.019331,-146.900825,7.204909,6.622115,-238.895680,-89.090873,4.248515,3.070392,7.543421,7.497029,0.039145,0.012697
2.799280,-419.332735,-145.470750,7.218332,6.396673,-239.052934,-86.097361,4.279628,2.773327,7.535829,7.508284,0.037530,0.011749
2.803477,-419.425703,-144.202290,7.188698,6.620630,-240.106631,-85.453920,3.686800,2.943250,7.537383,7.512061,0.038847,0.011912
2.807674,-419.794967,-143.609602,7.211256,6.635650,-240.333981,-84.318465,4.268901,2.742569,7.534887,7.516560,0.038661,0.011577
2.811871,-420.099593,-143.314024,7.339600,6.639456,-241.399749,-83.433382,4.065672,3.306617,7.530650,7.521211,0.039908,0.013295
2.816068,-420.759443,-142.936861,7.251349,6.748531,-241.282386,-83.421005,4.118455,3.316691,7.533786,7.521107,0.040218,0.013362
2.820265,-420.662690,-142.525551,7.313415,6.506246,-241.345660,-82.812796,4.156508,2.875051,7.532530,7.523441,0.038378,0.011897
2.824461,-420.765632,-142.485758,7.382008,6.652082,-241.227008,-83.858958,4.090658,3.641964,7.538356,7.519415,0.040613,0.014460
2.828658,-420.844521,-142.600284,7.372930,6.587826,-241.161526,-84.039049,4.142066,3.836875,7.538923,7.518665,0.040784,0.015158
2.832855,-420.844521,-142.600284,7.372930,6.587826,-240.935812,-84.066325,4.162372,3.713225,7.539430,7.518273,0.040453,0.014753
2.837052,-420.821732,-142.835940,7.331281,6.664841,-240.744881,-83.968133,4.112902,3.438378,7.538029,7.518390,0.040072,0.013797
2.841249,-419.909557,-143.661515,7.510877,6.664051,-240.684539,-85.063522,4.006662,3.327981,7.537985,7.514260,0.040083,0.013358
2.845445,-419.884960,-144.248116,7.120241,6.717509,-239.923342,-85.513330,3.766483,3.174150,7.538508,7.511599,0.039577,0.012745
2.849642,-419.064987,-145.492196,7.259907,6.538758,-240.024510,-86.315433,3.831285,2.846847,7.534764,7.508771,0.038420,0.011668
2.853839,-418.870052,-147.076184,7.292144,6.709342,-239.607812,-87.753643,4.158583,3.075983,7.534399,7.502914,0.039651,0.012631
2.858036,-418.551407,-148.520954,7.302459,6.510321,-238.920491,-89.415980,4.223340,3.079751,7.536104,7.495869,0.038771,0.012709
2.862233,-417.700725,-150.129019,7.373141,6.567907,-238.261126,-90.932818,4.150348,2.878652,7.535329,7.489392,0.038675,0.012037
2.866430,-417.246209,-152.271759,7.473223,6.532999,-236.955979,-93.400334,4.319794,3.029281,7.538360,7.478513,0.038760,0.012693
2.870626,-416.274874,-154.102887,7.243924,6.598590,-236.615488,-95.675764,4.207269,2.877782,7.539559,7.469730,0.038745,0.012143
2.874823,-415.209810,-156.424848,7.309113,6.623740,-235.011552,-97.977685,4.203705,2.722765,7.540338,7.458987,0.038492,0.011738
2.879020,-414.398060,-159.072877,7.225362,6.455956,-234.617552,-101.412319,4.169566,3.234244,7.543619,7.445990,0.038838,0.013297
2.883217,-413.258996,-161.756269,7.267498,6.579277,-232.766299,-103.614167,4.180856,2.808121,7.542348,7.435175,0.038381,0.012080
2.887414,-411.633030,-164.260533,7.393692,6.448623,-231.699082,-106.889215,3.984238,3.122376,7.545325,7.421748,0.038587,0.012894
2.891611,-410.196364,-167.168960,7.223113,6.575624,-229.740141,-110.291470,4.087646,3.093023,7.548651,7.406404,0.038931,0.012958
2.895807,-408.805853,-170.367862,7.149612,6.502251,-228.248931,-113.421322,4.174158,2.857054,7.548463,7.392802,0.038118,0.012405
2.900004,-406.809886,-173.697047,7.313786,6.443404,-226.534484,-116.824709,4.229403,2.965970,7.548389,7.377850,0.038228,0.012838
2.904201,-404.926267,-177.003253,7.266826,6.458651,-224.215710,-121.260539,4.141474,3.254199,7.554778,7.358213,0.038799,0.013632
2.908398,-402.737707,-180.544362,7.247802,6.528273,-222.442471,-124.594795,4.215112,2.881818,7.553082,7.343401,0.038428,0.012748
2.912595,-400.531650,-184.723796,7.247767,6.436108,-220.008276,-128.168995,4.312461,2.814418,7.550384,7.326481,0.037858,0.012803
2.916791,-398.314444,-189.008294,7.327348,6.486355,-217.495545,-132.137137,4.072242,2.803017,7.549258,7.308037,0.037955,0.012555
2.920988,-395.906699,-192.846917,7.202774,6.556635,-215.418206,-137.310455,3.699004,3.508537,7.555475,7.286506,0.039694,0.013954
2.925185,-392.532161,-197.108354,7.203496,6.467249,-212.015626,-140.595145,4.074718,2.840495,7.550583,7.268427,0.037959,0.012843
2.929382,-389.191975,-201.802000,6.959026,6.625280,-209.192979,-146.369217,3.750450,3.695644,7.555237,7.243467,0.040429,0.014546
2.933579,-386.358348,-206.519494,7.172401,6.448994,-205.921767,-149.403385,4.221370,2.754007,7.547417,7.226323,0.037735,0.013104
2.937776,-382.692667,-211.597085,7.006966,6.404528,-202.809777,-154.961882,3.844443,3.170195,7.548962,7.201533,0.038319,0.013455
2.941972,-378.734914,-216.586839,6.943493,6.514208,-198.771311,-159.796637,3.829890,3.237484,7.548307,7.176854,0.038875,0.013653
2.946169,-374.784538,-221.608391,6.957802,6.639033,-194.547026,-164.263152,4.207879,3.451636,7.545944,7.152785,0.039889,0.014864
2.950366,-370.375621,-227.042878,7.042383,6.527578,-190.880507,-168.476633,3.801817,3.457410,7.538590,7.130847,0.039449,0.014188
2.954563,-365.554120,-232.769402,7.206727,6.415528,-186.568096,-172.239998,4.167228,3.199944,7.527876,7.108495,0.038616,0.014480
2.958760,-360.830200,-238.324734,6.999942,6.459329,-182.500329,-177.910168,3.961164,3.439186,7.527337,7.081319,0.039280,0.014528
2.962956,-356.048245,-243.831882,6.907105,6.645691,-178.087767,-182.046934,4.174096,3.247450,7.519818,7.057590,0.039665,0.014724
2.967153,-350.574144,-249.937797,7.003312,6.481649,-173.631236,-186.023369,4.061345,2.794094,7.507351,7.034141,0.038195,0.013866
2.971350,-344.594095,-255.991549,6.961654,6.413680,-168.909153,-191.209182,3.662779,3.674872,7.500709,7.006738,0.039788,0.014377
2.975547,-338.786656,-262.529947,6.964896,6.282838,-163.506200,-195.134163,4.044516,3.260955,7.486906,6.980623,0.038403,0.014696
2.979744,-332.585692,-269.289856,6.768401,6.529559,-158.297705,-199.555068,3.718224,2.975233,7.473378,6.953799,0.038639,0.013546
2.983941,-325.963297,-275.738364,6.650456,6.292889,-152.443715,-203.803614,3.752482,2.978258,7.460985,6.925401,0.037612,0.013730
2.988137,-318.761594,-282.147794,6.718293,6.444501,-146.287144,-208.158028,3.877915,2.725356,7.448737,6.895768,0.037941,0.013909
2.992334,-311.775402,-289.132410,6.716292,6.313228,-141.418005,-211.794636,3.364223,2.977852,7.427828,6.871912,0.037810,0.012762
2.996531,-303.947928,-296.076333,6.645833,6.290067,-134.733888,-216.575587,3.560516,3.504702,7.414765,6.839704,0.038848,0.013899
3.000728,-295.867856,-303.097842,6.586885,6.448504,-129.140557,-219.284976,3.305662,2.782077,7.388181,6.815415,0.038017,0.012492
3.004925,-287.490969,-310.219993,6.707286,6.070917,-122.882589,-224.212297,3.219686,3.662473,7.372497,6.784541,0.038587,0.013013
3.009122,-278.805410,-317.307455,6.518624,6.227388,-116.211062,-226.441478,3.809372,2.673527,7.344369,6.757342,0.037414,0.014153
3.013318,-270.122995,-324.632161,6.609139,6.237274,-109.739403,-230.185251,3.642831,3.052196,7.321778,6.728056,0.038168,0.013886
3.017515,-260.461024,-332.356666,6.745764,6.173756,-103.339989,-232.969612,3.284009,2.909330,7.289971,6.700685,0.037787,0.012656
3.021712,-250.857622,-339.776794,6.488763,6.212751,-96.807217,-235.207045,3.269073,2.707731,7.257625,6.673637,0.037247,0.012557
3.025909,-240.797715,-346.801522,6.401820,6.415049,-90.189093,-237.790238,3.635080,2.421388,7.227457,6.645703,0.037836,0.013784
3.030106,-230.279908,-353.725394,6.520827,6.128486,-82.589694,-241.699645,3.712712,3.229659,7.205051,6.612450,0.038535,0.014350
3.034302,-219.221386,-361.706260,6.655937,6.240988,-76.006317,-242.909157,3.609854,2.751553,7.161509,6.586435,0.038352,0.013915
3.038499,-208.120741,-368.738737,6.374036,6.457427,-69.986233,-245.476573,3.596531,3.059226,7.125418,6.560920,0.039014,0.013943
3.042696,-196.063739,-375.683322,6.212803,6.190542,-63.118949,-246.827918,3.589698,2.791335,7.084202,6.533541,0.037699,0.013918
3.046893,-183.815948,-382.919224,6.164124,6.254973,-57.093576,-248.557161,3.644486,2.912096,7.039330,6.508969,0.038112,0.014160
3.051090,-171.726821,-389.312875,6.196212,6.308988,-49.537369,-250.088079,3.882477,2.808534,7.003509,6.478734,0.038535,0.015091
3.055287,-158.287008,-396.418830,6.317881,6.295180,-43.394122,-251.882795,3.712713,3.167078,6.954814,6.453790,0.039106,0.014469
3.059483,-145.102978,-402.367946,6.253629,6.118628,-37.374492,-252.318919,3.667512,2.895082,6.905860,6.430240,0.038382,0.014320
3.063680,-130.921996,-407.967355,6.214581,6.277211,-30.631217,-253.317951,3.270039,3.155938,6.858508,6.403521,0.038104,0.012809
3.067877,-117.026368,-413.698624,6.314141,6.271198,-24.913024,-253.973116,3.695141,2.936601,6.806295,6.380966,0.039159,0.014454
3.072074,-101.758017,-419.162531,6.047413,6.399668,-18.835736,-254.011530,3.655817,2.732089,6.748511,6.357203,0.038122,0.014336
3.076271,-86.588192,-423.468807,5.718728,6.396336,-12.828219,-255.199057,3.283755,3.465253,6.696304,6.333411,0.036515,0.012853
3.080468,-70.861876,-427.644015,5.726870,6.385751,-7.007071,-255.156205,3.438710,2.999255,6.637740,6.310640,0.036570,0.013471
3.084664,-54.933033,-430.738899,5.623908,6.235583,-0.112257,-255.502070,3.035377,3.145894,6.586378,6.283625,0.035106,0.011880
3.088861,-38.581232,-433.716110,5.847745,6.150620,5.635381,-255.572177,3.056111,3.184819,6.526476,6.261139,0.036054,0.011955
3.093058,-22.383104,-435.574272,5.801063,6.179673,12.031799,-254.724585,3.187323,2.686551,6.471233,6.235986,0.035977,0.012495
3.097255,-4.934507,-437.324281,5.893268,6.631295,16.621846,-254.412445,3.670819,2.538266,6.400495,6.217944,0.037709,0.014382
3.101452,11.667006,-437.818914,5.732615,6.606511,21.734075,-253.871260,3.227876,2.771651,6.337859,6.197783,0.035722,0.012656
3.105648,28.739667,-437.478846,5.933408,6.550035,26.998720,-254.066679,3.654789,2.846928,6.273694,6.177316,0.037993,0.014273
3.109845,45.717517,-436.121140,5.751163,6.561606,32.390532,-252.650517,3.784730,2.601358,6.210674,6.155678,0.037432,0.014795
3.114042,62.282879,-433.701314,5.977233,6.503232,36.974099,-252.106699,3.635382,2.726079,6.144708,6.137563,0.038162,0.014201
3.118239,79.261530,-431.196613,5.743550,6.665621,42.548485,-251.275974,3.541935,2.639692,6.081897,6.115447,0.036842,0.013812
3.122436,96.056903,-427.414891,6.065299,6.587959,46.966756,-250.119901,3.670696,2.320095,6.013068,6.097570,0.038497,0.014275
3.126633,112.228274,-422.562209,6.136558,6.739669,52.594259,-249.446366,3.610004,2.516935,5.951441,6.075385,0.038928,0.014005
3.130829,128.063655,-418.152506,6.324517,6.389153,57.383003,-247.994312,3.478793,2.274470,5.889489,6.055799,0.038836,0.013466
3.135026,143.505218,-411.924304,6.043392,6.566038,61.383601,-246.391999,3.230595,2.079945,5.822658,6.039026,0.037122,0.012503
3.139223,158.323653,-405.855253,6.511117,6.226299,66.426234,-245.455969,3.467383,2.263106,5.762909,6.018892,0.038939,0.013366
3.143420,173.255763,-398.196624,6.224080,6.406106,71.840135,-244.025153,3.543887,2.292192,5.701339,5.996877,0.038236,0.013604
3.147617,187.209466,-390.615945,6.570089,6.393495,76.697581,-242.450638,3.730069,2.233232,5.642333,5.976803,0.039412,0.014234
3.151813,200.643443,-382.428345,6.473769,6.508310,82.240150,-240.650164,3.732073,2.167495,5.587387,5.953887,0.039125,0.014157
3.156010,213.678142,-373.357858,6.668539,6.396066,87.976653,-238.700115,3.833665,2.256128,5.532173,5.930068,0.039534,0.014469
3.160207,225.917991,-364.621004,6.556927,6.178844,92.960847,-237.039901,3.286676,2.463385,5.477156,5.909444,0.037920,0.012526
3.164404,237.678659,-354.963809,6.607485,6.346198,97.890060,-234.204859,3.504404,2.072913,5.424879,5.887286,0.038060,0.013121
3.168601,249.127864,-345.820566,6.805722,6.391714,103.420335,-232.098484,3.394067,1.919131,5.375115,5.864006,0.038092,0.012582
3.172798,259.620796,-336.269442,6.840254,6.112967,109.332753,-229.699185,4.290225,2.310071,5.329201,5.838936,0.038468,0.015720
3.176994,269.247942,-326.384894,6.770321,6.112256,113.905550,-227.203384,3.774987,2.325490,5.280616,5.818468,0.037506,0.013897
3.181191,279.047237,-316.374986,6.723552,6.059233,118.574508,-224.600479,4.147781,2.518264,5.231891,5.797440,0.037410,0.015166
3.185388,288.441620,-306.598434,6.757386,6.098912,124.041970,-221.611046,3.604799,2.153640,5.189509,5.772904,0.036401,0.013060
3.189585,297.114347,-296.839577,6.735563,5.993047,129.221170,-218.403499,3.983292,2.480655,5.149436,5.748919,0.036402,0.014397
3.193782,305.241072,-287.525456,6.461480,5.971296,134.397910,-215.516450,3.690573,2.300649,5.111284,5.725587,0.035421,0.013228
3.197979,313.125611,-277.546467,6.993980,5.980728,139.436992,-212.112126,3.666181,2.517762,5.072679,5.701644,0.035991,0.013242
3.202175,320.946013,-267.875670,6.982861,5.879882,144.537283,-208.771484,3.766796,2.628698,5.035676,5.677630,0.035511,0.013546
3.206372,327.437363,-258.425959,6.851188,5.924355,149.710723,-205.096994,3.707313,2.371061,5.003902,5.652640,0.035079,0.013014
3.210569,333.787526,-249.310702,6.886665,5.775094,154.207699,-201.775206,3.678138,2.604001,4.971158,5.630623,0.034677,0.013084
3.214766,339.784558,-239.842737,6.851337,5.709198,159.139817,-198.080246,3.680569,2.781438,4.939583,5.606368,0.034684,0.013211
3.218963,346.129112,-231.018225,7.127577,5.728112,163.717597,-194.125785,3.724836,2.678251,4.911946,5.582560,0.034387,0.013113
3.223159,351.231816,-222.012562,6.791339,5.996565,167.801621,-190.186800,3.758482,2.670308,4.884182,5.560236,0.035464,0.013115
3.227356,356.856494,-213.637286,6.692414,6.146371,172.438074,-186.495902,3.244456,2.702501,4.858513,5.536933,0.036106,0.011838
3.231553,361.810655,-205.134759,7.167727,5.980940,176.453855,-182.833781,3.271927,2.967207,4.832127,5.515542,0.035862,0.012313
3.235750,365.907612,-197.296172,7.062539,6.012406,180.964151,-178.616863,3.650076,2.942154,4.813048,5.491259,0.036084,0.013020
3.239947,370.249155,-189.212626,7.000814,6.130235,184.104156,-174.404678,3.411481,2.656952,4.791772,5.470739,0.035820,0.011977
3.244144,374.825929,-182.129017,6.950743,5.831263,188.983187,-170.177988,3.348567,2.918804,4.776608,5.445476,0.035045,0.012263
3.248340,378.150321,-174.388989,7.029493,5.949252,191.876136,-166.815217,3.668705,2.915740,4.753026,5.428033,0.035551,0.012827
3.252537,382.055975,-167.232135,6.893300,6.102573,195.799146,-162.532802,3.698037,2.859935,4.737614,5.405216,0.036176,0.012686
3.256734,385.558640,-160.406394,7.073099,5.897116,198.314747,-158.085018,3.917458,2.491417,4.724786,5.385385,0.034189,0.012317
3.260931,388.745256,-153.987406,6.823605,6.158520,202.198116,-153.985754,3.229545,2.604652,4.712398,5.363247,0.035844,0.011214
3.265128,391.886763,-147.409182,7.012262,6.214021,205.008838,-150.044224,3.581373,2.628637,4.698290,5.344200,0.036102,0.011791
3.269325,394.909886,-141.056163,7.023334,6.187221,207.873040,-146.320482,3.221458,3.017422,4.684251,5.325723,0.036794,0.012142
3.273521,397.492374,-135.219800,7.013378,6.149265,209.659049,-142.655087,3.163302,2.898876,4.672825,5.309849,0.036173,0.011771
3.277718,399.824725,-129.500453,7.032039,6.257167,213.114248,-138.502188,3.293346,2.656980,4.664214,5.288691,0.036379,0.011255
3.281915,402.160478,-124.124705,7.240674,6.100276,215.237922,-134.755808,2.895082,2.458954,4.655576,5.271763,0.035153,0.010196
3.286112,404.573909,-118.858461,7.001631,6.230951,217.088947,-131.129750,2.902149,2.578618,4.647030,5.255772,0.035911,0.010523
3.290309,406.547197,-114.374048,7.012747,6.043378,219.930615,-127.783754,3.310381,2.644441,4.640655,5.238735,0.035292,0.011116
3.294505,408.198861,-109.128105,6.929723,6.322268,222.074323,-124.243787,3.275623,2.432041,4.631354,5.222473,0.036308,0.010444
3.298702,410.179590,-104.848078,7.182516,6.160690,223.941937,-120.492497,2.996578,2.360825,4.628583,5.206013,0.035349,0.009900
3.302899,411.409363,-101.181717,6.948115,6.361054,225.729210,-117.431013,3.115266,2.305414,4.625099,5.192089,0.036337,0.009825
3.307096,412.985451,-97.101316,7.066597,6.332853,226.870220,-114.253503,2.733606,2.254655,4.620490,5.178918,0.036007,0.009288
3.311293,414.480998,-93.043021,6.945171,6.277137,229.014715,-111.726139,3.656768,2.504583,4.611992,5.166274,0.036320,0.010846
3.315490,416.386012,-89.959227,7.092856,6.186901,229.667386,-108.457642,3.164400,2.201391,4.613640,5.153581,0.035066,0.009472
3.319686,416.881027,-86.894682,7.071774,6.418781,231.626697,-106.386472,3.274159,2.266880,4.607558,5.142951,0.036606,0.009699
3.323883,417.880389,-83.874441,7.286850,6.415096,232.499549,-104.837286,3.228380,3.132246,4.599787,5.136003,0.038325,0.012346
3.328080,418.822706,-81.188489,7.109389,6.239487,233.351726,-101.476793,3.108472,2.361787,4.603434,5.122587,0.035832,0.009807
3.332277,419.893228,-79.104813,7.231799,6.215589,234.488701,-99.908582,3.216396,2.785448,4.600649,5.115166,0.036587,0.011205
3.336474,420.558208,-76.569443,6.992047,6.162104,235.316922,-97.343575,3.139603,2.275096,4.600709,5.104624,0.035318,0.009506
3.340670,421.152083,-74.736608,6.963891,6.212985,234.635315,-96.623522,3.392546,2.990520,4.595578,5.103029,0.036782,0.012028
3.344867,421.614648,-72.957011,7.165546,6.305107,236.112877,-94.375249,3.227338,2.373119,4.597437,5.092640,0.036163,0.009864
3.349064,422.069286,-71.708967,7.159375,6.487803,236.780140,-92.640931,2.869665,2.293805,4.599897,5.085332,0.036963,0.009354
3.353261,422.518115,-70.260743,6.959670,6.433541,236.487582,-93.071243,3.617785,2.852687,4.590381,5.087328,0.037617,0.011674
3.357458,422.921383,-69.315984,7.004976,6.366152,237.703707,-90.529173,3.038876,2.168369,4.598355,5.076277,0.036142,0.009030
3.361655,423.074961,-68.914788,7.020865,6.538765,237.810704,-89.930252,3.030770,2.194462,4.599437,5.073926,0.037045,0.009108
3.365851,423.489371,-68.330782,7.272015,6.593439,237.384227,-90.519974,3.721544,2.760710,4.593720,5.076691,0.038220,0.011416
3.370048,423.610811,-68.244394,7.235797,6.585281,238.515249,-89.349663,2.659391,2.434326,4.598856,5.070816,0.037736,0.009671
3.374245,423.543095,-68.032099,7.157974,6.434674,237.325507,-90.774564,3.806203,3.151310,4.590862,5.077710,0.038271,0.012760
3.378442,423.556143,-68.029584,7.265673,6.496006,238.039369,-89.022568,3.215748,2.260813,4.599709,5.070267,0.036918,0.009438
3.382639,423.571187,-68.071501,7.287795,6.413878,237.305619,-90.020094,3.942900,2.829592,4.595095,5.074961,0.037479,0.011791
3.386836,423.652572,-68.898436,7.181201,6.250991,238.020920,-89.804621,2.828653,2.285294,4.600240,5.073172,0.035706,0.009276
3.391032,423.044939,-69.895969,7.000254,6.381712,237.981335,-90.736816,2.848460,2.589861,4.600247,5.076651,0.037029,0.010303
3.395229,423.051983,-71.065216,7.060124,6.429363,237.636847,-91.412435,2.994126,2.351247,4.603088,5.079613,0.036757,0.009597
3.399426,422.436604,-72.532192,6.913162,6.376327,237.593574,-92.270227,3.154198,2.249841,4.606009,5.082815,0.036427,0.009369
3.403623,421.793326,-74.285327,6.874957,6.076289,236.576095,-93.768581,3.462707,2.089667,4.607583,5.089751,0.034584,0.009133
3.407820,421.443071,-76.118021,6.951594,6.242787,235.738438,-94.938278,3.074626,2.361095,4.611389,5.095244,0.035812,0.009731
3.412016,421.076692,-78.051028,6.934644,6.185239,234.527822,-97.169557,3.365845,2.747231,4.610260,5.105179,0.036146,0.011212
3.416213,420.108435,-80.604807,6.927586,6.283355,234.578117,-98.469029,2.675797,2.443412,4.616398,5.109822,0.036206,0.009747
3.420410,419.412480,-82.867417,6.931350,6.160910,233.666095,-100.204709,3.089269,2.200237,4.619320,5.117505,0.035120,0.009284
3.424607,418.608356,-85.975870,7.093954,5.986960,232.628217,-102.472887,2.965429,2.372694,4.623917,5.127315,0.034549,0.009751
3.428804,417.519724,-88.991355,7.018669,6.179312,231.881170,-105.028977,3.069614,2.336581,4.626211,5.137688,0.035500,0.009730
3.433001,416.538112,-91.796431,7.023711,6.477675,230.682879,-106.840200,2.705010,2.243377,4.631622,5.146122,0.036789,0.009171
3.437197,415.318660,-95.748192,7.094433,6.214871,229.374669,-110.223770,3.129908,2.295261,4.634697,5.160348,0.035562,0.009719
3.441394,414.110823,-99.493685,7.210390,6.127031,227.756897,-112.755769,3.179356,2.471753,4.641343,5.172085,0.035401,0.010334
3.445591,412.244024,-103.597080,6.897104,6.297266,226.210687,-115.885179,3.135079,2.167379,4.646432,5.185819,0.035744,0.009446
3.449788,410.731054,-107.764780,6.955487,6.462036,223.929191,-119.808792,3.352471,2.870227,4.648003,5.203666,0.037788,0.011751
3.453985,408.979117,-112.486832,7.261459,6.101113,222.515833,-123.163955,3.217510,2.803476,4.655190,5.217920,0.035974,0.011426
3.458182,407.281002,-117.251931,7.089081,6.321580,221.007893,-125.049780,2.671066,2.208876,4.670551,5.227294,0.035927,0.009173
3.462378,405.644024,-122.641592,7.022856,6.176505,218.874292,-128.966095,2.703816,2.501987,4.678539,5.244848,0.035666,0.010059
3.466575,403.606811,-127.239354,7.091275,6.323699,216.728682,-133.229134,3.094427,2.778895,4.680348,5.263567,0.036948,0.011277
3.470772,400.809945,-133.456785,6.781053,6.018463,214.456735,-136.555013,3.098571,2.470966,4.695765,5.279392,0.034909,0.010491
3.474969,398.981139,-138.920506,7.153031,5.907570,211.990137,-140.922548,3.127418,2.767877,4.701683,5.299070,0.034887,0.011325
3.479166,395.971760,-145.002461,7.066783,6.042748,209.728233,-145.154026,3.087482,3.273609,4.711575,5.317797,0.036901,0.012603
3.483362,393.124124,-151.394776,7.111153,6.094046,205.670770,-148.569698,3.524356,2.936950,4.727459,5.337969,0.036086,0.012418
3.487559,390.038809,-158.226468,7.075252,5.944520,203.038304,-152.714622,3.432746,2.815146,4.741855,5.357263,0.035165,0.012016
3.491756,387.333077,-165.014687,7.140763,6.058577,200.003376,-156.627370,3.026177,2.794791,4.757132,5.376754,0.035594,0.011356
3.495953,383.695596,-172.080066,7.163228,5.604910,196.949570,-160.380706,3.201652,2.981462,4.774956,5.395803,0.033964,0.012092
3.500150,380.044308,-178.892541,7.155494,5.952627,194.359135,-164.199415,3.219806,2.551954,4.791354,5.413871,0.034821,0.011198
3.504347,376.226937,-186.580630,7.146079,5.846564,190.366807,-168.008986,3.233973,2.455767,4.811981,5.435481,0.034039,0.011119
3.508543,372.037986,-194.316356,7.190687,5.837404,186.171732,-172.625571,3.283017,2.836712,4.828565,5.460051,0.034796,0.012018
3.512740,367.576528,-202.442873,7.023015,5.799777,182.477107,-176.618009,3.168819,2.553560,4.851013,5.481472,0.034062,0.011292
3.516937,363.265981,-210.350395,7.022751,5.790710,178.640760,-180.311191,3.295247,2.961080,4.873679,5.502441,0.034959,0.012348
3.521134,358.059823,-218.834079,7.305534,5.861192,174.419452,-184.416017,3.229900,2.745284,4.897661,5.525638,0.034947,0.011861
3.525331,352.483335,-227.374993,7.213794,5.991434,170.438210,-188.443420,3.234041,2.811679,4.923072,5.547915,0.035882,0.012009
3.529527,346.703397,-236.592902,7.090748,5.974482,165.711361,-192.254459,3.695064,2.695797,4.952632,5.571802,0.035657,0.013026
3.533724,341.242400,-245.558437,6.823509,6.034158,161.871506,-196.282574,3.715168,2.725764,4.980490,5.593572,0.036063,0.013167
3.537921,334.624331,-254.353106,7.270160,6.126225,156.750666,-199.305982,3.264090,2.444814,5.012514,5.616741,0.036130,0.011744
3.542118,327.856810,-263.499258,6.850150,6.035869,151.207866,-204.259229,3.974612,3.046607,5.035958,5.645938,0.036965,0.014453
3.546315,320.939344,-272.981641,7.064788,6.069167,146.882459,-206.818082,3.891134,2.705765,5.075646,5.665646,0.036736,0.013948
3.550512,313.668444,-282.622665,7.151818,6.131989,142.246015,-210.535092,3.788204,2.766958,5.110464,5.688996,0.037372,0.013776
3.554708,306.080192,-291.852201,7.014458,6.212173,137.705712,-213.813633,3.775181,2.640167,5.146398,5.711007,0.037614,0.013687
3.558905,297.047860,-301.738935,6.790395,6.119907,132.046194,-216.875266,3.673203,2.273113,5.187427,5.736278,0.036622,0.013204
3.563102,288.295886,-311.344902,6.652174,5.963342,127.610743,-219.623194,3.711917,2.302524,5.231073,5.756821,0.036290,0.013431
3.567299,279.431590,-321.016301,6.524384,6.318903,121.658272,-222.880524,3.753340,2.477575,5.268832,5.783538,0.037682,0.013791
3.571496,269.200268,-330.562281,6.758881,6.210633,115.812235,-225.787907,3.684413,2.592415,5.311660,5.809251,0.037965,0.013735
3.575693,259.238911,-340.302082,6.810223,6.194866,111.522998,-228.714782,4.006265,2.337574,5.359349,5.829501,0.038422,0.014713
3.579889,247.867413,-349.618014,6.745053,6.208640,106.146487,-231.305496,3.733282,2.411804,5.408008,5.852953,0.038513,0.013906
3.584086,236.966581,-358.765615,6.918591,6.417992,100.405791,-233.597656,4.056835,2.323653,5.454285,5.877236,0.039920,0.015096
3.588283,224.786480,-367.592961,6.262441,6.469921,96.070345,-235.548716,3.652706,2.070847,5.510550,5.895924,0.038129,0.013646
3.592480,212.212820,-376.552416,6.556953,6.584998,89.898684,-237.787586,3.711068,2.176790,5.560714,5.921732,0.039348,0.013987
3.596677,199.289688,-384.866165,6.572196,6.600928,84.617867,-239.706583,3.757082,2.333363,5.614590,5.943835,0.039769,0.014268
3.600873,185.846456,-392.819797,6.479066,6.493174,79.377349,-241.479915,3.250159,2.300155,5.670108,5.965600,0.038540,0.012471
3.605070,171.409735,-400.173380,6.797462,6.405295,74.250161,-243.084051,3.542736,2.182922,5.729275,5.986736,0.040213,0.013564
3.609267,157.027293,-407.373757,6.440887,6.579921,68.628264,-244.665607,3.574732,2.186386,5.785502,6.009715,0.039261,0.013743
3.613464,141.396844,-412.787938,6.515137,6.399685,63.698100,-246.419569,3.168445,2.222742,5.846261,6.030228,0.039009,0.012249
3.617661,126.176667,-418.573835,6.718503,6.519666,58.282665,-248.173377,3.735522,2.482124,5.904026,6.052519,0.041399,0.014438
3.621858,110.371485,-423.973233,6.273396,6.739827,53.134630,-249.175235,3.475702,2.556225,5.966743,6.073090,0.039012,0.013505
3.626054,94.457447,-427.924142,6.003687,6.578217,47.477935,-250.678131,3.623810,2.872256,6.024090,6.096004,0.038303,0.014112
3.630251,78.128999,-431.389664,6.039490,6.392631,43.001577,-251.372018,3.392933,2.556614,6.090474,6.113758,0.037760,0.013222
3.634448,61.025080,-434.413180,6.081647,6.921643,36.742917,-252.890846,3.728676,2.844621,6.150205,6.138903,0.038987,0.014528
3.638645,44.623053,-436.476664,6.262904,6.666887,31.020547,-253.016491,3.770978,2.410024,6.209177,6.161191,0.039733,0.014728
3.642842,27.715115,-437.275590,5.967276,6.696748,26.695031,-253.495803,3.617421,2.589542,6.277635,6.178264,0.037969,0.014154
3.647039,10.939249,-437.851930,6.120562,6.791800,20.544745,-253.941069,3.510384,2.580190,6.335367,6.202458,0.038316,0.013758
3.651235,-5.675448,-437.515581,6.192144,6.724749,14.383098,-255.205981,3.595307,3.151900,6.392769,6.226886,0.039057,0.014060
3.655432,-22.139280,-436.147607,6.216162,6.615724,8.789460,-255.355331,3.728698,3.372337,6.452618,6.248778,0.039548,0.014592
3.659629,-38.189743,-434.155356,6.296070,6.516325,3.716095,-254.563794,3.198402,2.567629,6.512423,6.268588,0.038277,0.012562
3.663826,-54.976985,-431.850419,5.874211,6.733272,-2.170413,-254.383584,3.276746,2.375582,6.572400,6.291717,0.036515,0.012880
3.668023,-70.102785,-428.430688,6.210809,6.481449,-8.610676,-255.112277,3.881386,3.070465,6.624123,6.316925,0.039733,0.015203
3.672219,-86.110006,-424.717582,6.091507,6.164210,-15.299868,-254.040269,3.578912,2.766502,6.676451,6.343339,0.037994,0.014052
3.676416,-101.085489,-420.081201,6.202793,6.192322,-21.625489,-253.755926,3.664846,2.703892,6.728866,6.368201,0.038645,0.014367
3.680613,-115.959399,-415.502004,5.977709,6.331851,-27.878703,-253.106535,3.729844,2.714154,6.780162,6.392889,0.037947,0.014606
3.684810,-129.981073,-410.006553,5.976922,6.524985,-34.161298,-252.779022,3.641651,2.952487,6.830513,6.417514,0.038254,0.014233
3.689007,-144.009107,-404.748134,6.179615,6.751294,-41.066682,-251.854608,3.766260,3.305839,6.875763,6.444820,0.039743,0.014715
3.693204,-157.374915,-398.946900,6.179849,6.617525,-47.398807,-250.444590,3.667512,2.895082,6.920623,6.470232,0.038959,0.014295
3.697400,-170.454830,-392.688144,6.389034,6.406278,-53.869752,-249.551329,3.686046,3.144211,6.966706,6.495789,0.039442,0.014350
3.701597,-182.705916,-386.437578,6.224781,6.415123,-59.888317,-247.802408,3.738566,3.290889,7.008158,6.520316,0.039083,0.014573
3.705794,-195.416968,-380.079811,6.294225,6.268308,-67.814744,-245.577670,3.630971,2.808625,7.042264,6.552615,0.038192,0.014048
3.709991,-207.143536,-373.059845,6.398666,6.240115,-74.057467,-244.046585,3.747717,2.895110,7.084121,6.577810,0.038542,0.014443
3.714188,-218.055973,-366.189451,6.229035,6.437886,-80.672720,-242.151864,3.865151,2.955692,7.119590,6.604770,0.038877,0.014826
3.718384,-229.223172,-359.578138,6.417136,6.197826,-86.785145,-239.213646,3.980013,2.819077,7.152380,6.631212,0.038220,0.015180
3.722581,-239.779905,-352.117183,6.121177,6.346930,-94.031561,-237.496243,3.715652,3.241162,7.187570,6.660177,0.038505,0.014309
3.726778,-250.075294,-345.001775,6.527032,6.214349,-100.326431,-233.813951,3.536714,3.101922,7.215301,6.688512,0.038169,0.013649
3.730975,-259.732038,-338.238006,6.614494,6.368170,-106.259104,-231.159048,3.738262,2.825742,7.244797,6.714060,0.038366,0.014134
3.735172,-269.161912,-331.055046,6.618327,6.384785,-113.122819,-228.053339,3.311911,2.584571,7.270538,6.743657,0.037694,0.012498
3.739369,-278.146321,-324.287487,6.724220,6.089293,-119.833798,-225.195142,3.595851,2.739375,7.294715,6.772208,0.037250,0.013428
3.743565,-286.875510,-317.019109,6.782529,6.301093,-126.259679,-221.383755,3.955561,3.059600,7.316930,6.801496,0.038709,0.014736
3.747762,-294.880519,-309.893829,6.780698,6.286429,-132.147097,-217.757114,3.887183,2.670853,7.338800,6.828630,0.037871,0.014135
3.751959,-302.697555,-303.395612,6.819461,6.281903,-138.212466,-214.057145,3.877915,2.725356,7.356420,6.856518,0.037863,0.014041
3.756156,-310.404346,-296.340245,6.841464,6.320815,-143.193497,-209.944980,3.357422,2.910283,7.377076,6.881764,0.037741,0.012679
3.760353,-317.880889,-289.675868,6.894757,6.288098,-148.774857,-205.849535,3.800000,2.888427,7.393778,6.909008,0.037712,0.013835
3.764550,-324.685658,-282.882439,6.730759,6.504268,-155.088894,-201.699993,3.669821,2.928537,7.407536,6.938679,0.038481,0.013415
3.768746,-331.190868,-276.634600,6.798156,6.239285,-160.375521,-198.777429,3.726139,3.474973,7.426317,6.962065,0.038623,0.014209
3.772943,-336.970151,-270.024162,6.789718,6.425793,-165.400555,-194.223319,3.385431,3.689996,7.437961,6.988607,0.039661,0.013785
3.777140,-343.224318,-263.852486,6.864881,6.338510,-170.557421,-189.200552,3.627409,3.046735,7.445905,7.016808,0.038024,0.013267
3.781337,-349.036674,-257.715198,6.910918,6.254319,-174.609644,-185.536896,3.697691,3.381508,7.461634,7.038252,0.038252,0.013944
3.785534,-354.549812,-251.319758,6.927152,6.382204,-179.461848,-180.836968,4.063427,3.480414,7.471273,7.064767,0.039103,0.014858
3.789730,-359.911124,-245.498319,7.124860,6.348410,-184.244994,-176.431949,3.652118,3.092020,7.479378,7.090242,0.038118,0.013217
3.793927,-364.326865,-239.045294,6.947927,6.427601,-189.068084,-170.601117,3.549009,2.683984,7.481664,7.119883,0.037639,0.012182
3.798124,-368.782287,-233.756287,6.966412,6.534880,-193.135013,-167.467067,3.497740,3.291962,7.493109,7.139644,0.039302,0.013229
3.802321,-373.216953,-228.198208,6.962112,6.383366,-196.335721,-163.506736,3.496508,3.746492,7.503359,7.159563,0.039549,0.014271
3.806518,-376.926026,-222.903832,6.925597,6.691015,-199.305172,-158.626516,3.696858,3.272044,7.506763,7.181747,0.039683,0.013517
3.810715,-380.492207,-217.502585,7.310283,6.411378,-202.700977,-154.165154,4.117286,3.198257,7.511753,7.203760,0.038748,0.013990
3.814911,-384.252832,-212.814741,7.153912,6.407503,-206.524094,-149.273545,3.286782,3.068571,7.510625,7.228124,0.038123,0.012343
3.819108,-387.848556,-207.879598,7.123527,6.585507,-209.392595,-145.384483,3.824755,2.796624,7.517129,7.247081,0.038408,0.012427
3.823305,-391.031950,-202.743238,7.019969,6.519187,-212.579805,-141.344265,4.100906,3.051052,7.522605,7.267203,0.038693,0.013348
3.827502,-393.432523,-198.224685,6.955177,6.529985,-214.633787,-136.752392,4.380576,2.487983,7.522834,7.286698,0.037701,0.012390
3.831699,-396.307913,-194.027146,7.256661,6.421402,-217.273279,-133.062779,3.846233,2.908823,7.525780,7.304479,0.037959,0.012528
3.835896,-398.528418,-189.910871,7.189503,6.349442,-219.242723,-130.530101,3.934226,3.389416,7.534146,7.316975,0.038664,0.013874
3.840092,-400.892163,-185.620189,7.290281,6.444754,-221.502343,-125.462230,3.843174,2.676730,7.530419,7.338623,0.037611,0.011793
3.844289,-402.765838,-181.295623,7.183245,6.535892,-223.162049,-122.629407,4.010070,2.934472,7.538265,7.351516,0.038496,0.012630
3.848486,-404.831228,-177.955961,7.175142,6.632844,-225.976870,-118.455520,3.836606,2.619553,7.532823,7.371167,0.038398,0.011464
3.852683,-407.177843,-174.471653,6.935726,6.538533,-226.548995,-115.750448,4.349806,2.592007,7.539665,7.381629,0.037654,0.011951
3.856880,-408.486392,-170.778171,7.097702,6.611055,-228.972028,-113.424611,4.070103,3.133813,7.544739,7.394049,0.039270,0.013068
3.861076,-409.882760,-167.953227,7.258613,6.623159,-229.723286,-109.851363,4.052379,2.804545,7.542010,7.407934,0.038592,0.012077
3.865273,-411.526060,-164.454052,6.925847,6.502457,-231.983686,-106.775646,3.742784,2.642369,7.543143,7.422618,0.037666,0.011220
3.869470,-412.744275,-162.209509,7.341766,6.367833,-233.388636,-104.995896,3.556557,2.965117,7.545190,7.431231,0.037908,0.012006
3.873667,-413.491501,-159.269210,7.228245,6.551057,-233.601858,-101.864617,3.700414,2.451354,7.545086,7.442780,0.037633,0.010556
3.877864,-414.861273,-156.648970,7.252172,6.577457,-233.571308,-100.595719,3.950132,3.598655,7.554114,7.447305,0.039877,0.014376
3.882061,-415.866840,-154.595569,7.076644,6.525451,-234.971387,-98.869540,4.184264,3.487531,7.555150,7.455697,0.039484,0.014126
3.886257,-416.603063,-152.408525,7.295769,6.620305,-235.199783,-96.197922,4.199473,2.430164,7.553499,7.465736,0.037819,0.010839
3.890454,-417.235006,-150.645915,7.455670,6.462449,-236.368490,-95.524239,4.180575,3.222032,7.558160,7.469918,0.038837,0.013231
3.894651,-417.963602,-149.138019,7.486893,6.531229,-236.732670,-93.899840,4.082348,3.079004,7.558132,7.476367,0.038745,0.012697
3.898848,-418.508063,-147.419096,7.227694,6.592982,-238.545499,-93.655120,3.527387,3.437846,7.563671,7.479863,0.039863,0.013462
3.903045,-419.045898,-145.992808,7.174330,6.639274,-237.302879,-92.957517,3.691876,3.366911,7.570051,7.480629,0.039589,0.013387
3.907241,-419.129331,-144.757352,7.280988,6.557582,-237.620718,-92.508448,3.993944,3.522470,7.573700,7.482723,0.039777,0.014071
3.911438,-419.660145,-144.015038,7.431117,6.738954,-237.549429,-92.370612,3.982240,3.805631,7.577649,7.483126,0.041168,0.015024
3.915635,-420.013528,-143.354066,7.479469,6.488939,-237.510751,-92.138309,3.916488,3.832477,7.580389,7.483921,0.040126,0.015087
3.919832,-420.113009,-142.908157,7.449455,6.733414,-237.583655,-92.201928,3.892324,4.216970,7.583016,7.483791,0.042117,0.016386
3.924029,-420.464523,-142.665341,7.242543,6.757322,-237.634140,-92.655664,4.001212,3.959990,7.586982,7.482205,0.041487,0.015547
3.928226,-420.267166,-142.169047,7.517246,6.728566,-237.661680,-92.223154,4.048340,3.367091,7.586994,7.483825,0.040140,0.013588
3.932422,-420.629479,-142.248932,7.275380,6.701981,-237.585907,-93.443904,3.461161,3.665644,7.593413,7.479259,0.040474,0.014253
3.936619,-420.323421,-142.240535,7.526308,6.763609,-238.105410,-92.661003,3.668825,2.645477,7.588324,7.482855,0.038892,0.010965
3.940816,-420.101499,-142.349838,7.434952,6.815600,-236.974457,-94.103036,4.295692,2.625068,7.596375,7.475976,0.039042,0.011411
3.945013,-419.367486,-143.146310,7.506871,6.647213,-235.604008,-95.820223,3.860908,3.464429,7.601921,7.467713,0.039830,0.013853
3.949210,-418.810030,-144.319465,7.394233,6.652600,-235.407265,-96.482220,4.247031,2.371773,7.598835,7.465011,0.037802,0.010700
3.953407,-418.478449,-145.103207,7.447673,6.524932,-235.073071,-99.101985,4.319652,2.789830,7.608234,7.455012,0.038050,0.012034
3.957603,-417.478796,-146.279500,7.278724,6.479849,-233.268501,-100.575766,3.991054,2.650646,7.610786,7.446906,0.037319,0.011424
3.961800,-416.901253,-147.844720,7.438308,6.582374,-232.714660,-103.105328,4.244616,2.479390,7.615694,7.436918,0.037605,0.011178
3.965997,-416.060615,-149.554440,7.314553,6.666008,-232.171734,-105.068688,3.786716,2.314416,7.616625,7.429011,0.037669,0.010295
3.970194,-415.084006,-151.271160,7.310289,6.452730,-230.774583,-108.368804,4.356788,2.822197,7.625281,7.414959,0.037655,0.012376
3.974391,-414.043198,-153.387068,7.296428,6.593569,-230.000021,-110.401034,3.776622,2.690230,7.624530,7.406458,0.038001,0.011463
3.978587,-412.565478,-155.638406,7.367026,6.688402,-227.022637,-113.899423,4.086491,2.838114,7.632709,7.388967,0.038520,0.012321
3.982784,-410.974739,-158.133407,7.375892,6.498041,-226.574655,-116.770509,4.239463,2.627739,7.633323,7.378111,0.037507,0.011918
3.986981,-409.786574,-161.097299,7.268762,6.404255,-224.503611,-119.998592,4.129314,3.198082,7.635700,7.363112,0.038038,0.013462
3.991178,-408.022076,-163.504436,7.302138,6.535801,-222.551662,-124.020462,4.196238,3.126779,7.644227,7.345577,0.038498,0.013387
3.995375,-406.232057,-166.517397,7.262958,6.609331,-220.522497,-127.598623,4.131017,3.271070,7.647403,7.329431,0.039097,0.013764
3.999572,-404.172401,-169.819466,7.269806,6.451733,-219.024877,-130.849855,3.988984,2.875131,7.646531,7.315461,0.037630,0.012565
4.003768,-401.793240,-173.285505,7.362653,6.615215,-217.059991,-134.562745,4.085633,3.079238,7.647359,7.299034,0.038928,0.013269
4.007965,-399.050000,-176.854345,6.974855,6.497837,-213.913413,-137.889526,3.890372,2.341089,7.646544,7.281409,0.036766,0.011330
4.012162,-396.644371,-180.705951,7.187650,6.545254,-211.110937,-143.040407,3.699736,3.581790,7.653691,7.258475,0.039546,0.014193
4.016359,-393.425570,-184.953418,7.011590,6.569995,-209.402577,-146.064284,3.802913,2.685029,7.645718,7.244916,0.037947,0.012125
4.020556,-390.614983,-189.197082,7.042442,6.510809,-205.072811,-150.401460,3.771172,3.149204,7.647858,7.221186,0.038330,0.013290
4.024753,-387.711072,-193.314448,7.132059,6.574736,-203.211462,-154.383784,3.689335,2.697312,7.646025,7.204289,0.037910,0.012137
4.028949,-384.076835,-197.896653,7.208835,6.631116,-199.231079,-158.205386,3.813261,2.718382,7.642467,7.182861,0.038153,0.012526
4.033146,-380.133007,-202.739102,7.150750,6.525960,-194.956746,-162.619572,3.794116,2.919727,7.640623,7.158772,0.037971,0.013024
4.037343,-376.241082,-208.204679,7.328984,6.403102,-192.123631,-166.899455,3.597062,2.601741,7.633294,7.138726,0.036973,0.012062
4.041540,-371.844673,-213.139463,7.212024,6.469151,-188.351450,-170.639285,3.394060,2.475853,7.626378,7.117882,0.037078,0.011511
4.045737,-367.619236,-218.234985,7.101375,6.360584,-183.132944,-176.057962,3.709554,2.829860,7.629226,7.088278,0.037082,0.012919
4.049933,-362.705965,-224.390975,6.998821,6.483133,-178.804252,-180.302427,3.858433,2.891793,7.618683,7.064412,0.037809,0.013443
4.054130,-358.456315,-229.901130,6.970393,6.503343,-175.320281,-184.001563,3.656128,2.712429,7.608409,7.044428,0.037594,0.012754
4.058327,-352.639779,-235.753205,6.854590,6.468558,-170.489821,-189.253691,3.673377,3.423262,7.604038,7.016472,0.039084,0.013990
4.062524,-347.551492,-241.837177,7.048043,6.482202,-165.729080,-193.752051,4.227554,3.449738,7.595439,6.990787,0.039364,0.015366
4.066721,-341.750051,-248.317853,7.088068,6.322513,-161.000737,-197.278209,3.570443,3.098582,7.578769,6.967673,0.037861,0.013312
4.070918,-336.079550,-254.870366,6.938288,6.305645,-155.837983,-200.780712,3.296195,3.094712,7.562437,6.943220,0.037627,0.012677
4.075114,-329.607861,-261.939760,7.091706,6.334879,-150.546263,-205.174213,3.695419,3.052353,7.546987,6.916204,0.037933,0.013690
4.079311,-323.436846,-268.771535,6.722506,6.364601,-145.005916,-208.263989,3.614843,2.784520,7.527042,6.891397,0.037264,0.013265
4.083508,-316.257143,-275.959460,6.769538,6.232710,-140.259707,-213.060844,3.655494,3.319514,7.510744,6.865379,0.038181,0.013945
4.087705,-309.066155,-282.721835,6.541775,6.472183,-134.228686,-216.633433,3.674734,3.100249,7.492584,6.837901,0.038618,0.013831
4.091902,-301.560491,-289.972880,6.656821,6.308664,-128.236091,-219.546520,3.649968,2.560831,7.468033,6.811828,0.037015,0.013396
4.096098,-293.794947,-297.750354,6.750078,6.309809,-121.864314,-223.326758,3.811234,2.967904,7.445464,6.782704,0.037906,0.014288
4.100295,-285.542855,-305.402773,6.736767,6.185096,-116.101661,-226.080572,3.770928,2.883916,7.416145,6.757607,0.037383,0.014180
4.104492,-277.274507,-313.399226,6.631614,6.311697,-110.142284,-228.925353,3.694369,2.772823,7.385998,6.731621,0.037601,0.013933
4.108689,-268.652849,-320.943578,6.414833,6.356432,-104.383256,-232.519935,3.656043,2.950016,7.360178,6.705142,0.038025,0.013918
4.112886,-258.876281,-328.947351,6.399111,6.237512,-98.012419,-234.842219,3.730121,2.772687,7.324666,6.678562,0.037446,0.014163
4.117083,-249.121650,-337.238578,6.592956,6.201681,-91.857852,-238.025423,3.728466,3.097423,7.291172,6.651492,0.038296,0.014317
4.121279,-238.883526,-344.800352,6.497175,6.312440,-85.141185,-239.370594,3.283096,2.736410,7.252879,6.624918,0.037605,0.012699
4.125476,-228.589534,-352.611463,6.322422,6.424455,-79.156407,-242.640746,3.938420,3.306086,7.219553,6.598528,0.039370,0.015210
4.129673,-217.456230,-360.445256,6.335534,6.470685,-72.865050,-244.810364,3.232653,3.351962,7.179401,6.572474,0.038995,0.012695
4.133870,-206.540649,-368.171337,6.231689,6.506443,-66.706851,-246.574620,3.373843,3.192365,7.138229,6.547395,0.038738,0.013161
4.138067,-194.411260,-375.781014,6.294378,6.431830,-60.398438,-248.433520,3.618547,3.468641,7.094080,6.521676,0.039407,0.014121
4.142264,-182.018380,-383.490852,6.237541,6.439221,-54.044656,-249.267270,3.682676,3.108038,7.044752,6.496695,0.038819,0.014345
4.146460,-168.815691,-390.826046,6.593259,6.353397,-48.093552,-250.483002,3.658148,2.759271,6.993567,6.472880,0.039356,0.014232
4.150657,-155.646854,-397.735066,6.169308,6.525157,-42.322729,-251.518092,3.542865,3.061026,6.942521,6.449893,0.038647,0.013842
4.154854,-141.631052,-404.212903,6.195141,6.298131,-36.016908,-252.569616,3.835199,2.783938,6.891534,6.424832,0.038734,0.014962
4.159051,-127.495112,-410.360042,6.168113,6.618994,-29.712747,-253.459973,3.724307,2.937442,6.840499,6.399881,0.039029,0.014556
4.163248,-113.227503,-415.844552,6.173642,6.285798,-25.120189,-253.604265,3.586453,2.462769,6.780690,6.381916,0.038203,0.014037
4.167444,-97.773147,-421.271730,5.878379,6.279875,-19.167764,-254.044699,3.487020,2.669303,6.722589,6.358493,0.036978,0.013671
4.171641,-82.416693,-425.589463,6.135156,6.435116,-13.619411,-254.305437,3.617105,2.571434,6.665119,6.336690,0.038441,0.014193
4.175838,-66.415678,-429.672137,6.061092,6.467641,-8.527061,-255.458490,3.376452,3.033165,6.603992,6.316552,0.037906,0.013208
4.180035,-49.621264,-432.936557,5.758438,6.427093,-3.010713,-255.633546,3.100420,3.139253,6.540255,6.294962,0.035900,0.012128
4.184232,-33.051453,-435.247300,5.834217,6.516003,2.798004,-255.447681,3.119034,2.996061,6.479990,6.272232,0.036205,0.012209
4.188429,-16.486709,-437.333756,5.768831,6.541790,6.915386,-255.542743,3.553519,3.009139,6.411212,6.256130,0.037005,0.013899
4.192625,0.124255,-438.550538,5.936764,6.526675,12.417592,-254.534543,3.484881,2.586373,6.349892,6.234438,0.037330,0.013668
4.196822,17.436279,-438.187579,5.872166,6.455432,17.807141,-255.291031,3.157874,3.355413,6.285213,6.213546,0.036455,0.012344
4.201019,34.493580,-437.122995,6.001114,6.624750,22.180389,-253.589053,3.150896,2.527229,6.216196,6.195941,0.036856,0.012361
4.205216,51.224035,-435.534104,6.035972,6.728796,27.631073,-253.561721,3.409267,2.626624,6.154253,6.174642,0.037806,0.013334
4.209413,67.801163,-432.926942,5.957740,6.522490,31.849189,-253.050043,3.334308,2.838109,6.085915,6.157982,0.037280,0.013045
4.213610,84.484898,-429.061842,6.071219,6.410045,35.750434,-251.602171,3.236293,2.384094,6.015170,6.142039,0.037369,0.012677
4.217806,100.810155,-424.922094,6.371306,6.471321,40.825471,-251.856863,3.823513,2.744363,5.949541,6.122485,0.040338,0.014892
4.222003,116.813632,-419.544320,6.290416,6.395821,46.700396,-250.558538,3.751700,2.280376,5.889895,6.098915,0.039618,0.014563
4.226200,132.044170,-414.244787,6.097272,6.426681,51.259637,-249.455261,3.614333,2.653316,5.827385,6.080520,0.038480,0.014059
4.230397,146.954234,-407.673933,6.338375,6.317505,56.323619,-248.141956,3.712868,2.398334,5.766550,6.059986,0.039278,0.014382
4.234594,161.343909,-400.534933,6.663550,6.345724,60.754637,-246.551880,3.658671,2.179331,5.704529,6.041581,0.039942,0.014140
4.238790,175.391116,-392.590533,6.156230,6.415510,65.794666,-245.242864,3.689696,2.108657,5.643667,6.021074,0.038277,0.014199
4.242987,189.355404,-385.384233,6.703020,6.440456,70.559695,-244.097732,3.800317,2.174512,5.584048,6.001792,0.039780,0.014563
4.247184,202.120485,-377.212271,6.648743,6.479154,76.181505,-242.466329,3.673560,2.208291,5.531558,5.978758,0.039339,0.014033
4.251381,214.414808,-368.572011,6.555155,6.207104,81.424041,-240.371722,3.173677,2.094196,5.479448,5.956575,0.037425,0.012136
4.255578,226.082447,-359.796245,6.580152,6.103354,86.622483,-239.007433,3.838699,2.305554,5.426166,5.935484,0.038017,0.014529
4.259775,237.542848,-350.472278,6.965494,6.287749,91.831568,-236.524751,3.732525,2.198121,5.376063,5.912846,0.038694,0.014067
4.263971,248.404314,-341.087962,7.056196,6.099880,97.113703,-234.307526,3.273589,2.192495,5.326995,5.890266,0.037478,0.012374
4.268168,258.748857,-331.729878,6.750428,6.206200,102.599392,-232.139435,3.600766,2.166835,5.280132,5.867027,0.037269,0.013428
4.272365,268.803080,-322.502127,6.858729,6.085897,107.782526,-229.748598,3.615065,2.104976,5.235001,5.844535,0.036544,0.013369
4.276562,277.966444,-312.817065,6.691326,5.947407,113.836336,-227.395587,3.791220,2.470480,5.192262,5.819050,0.036352,0.014023
4.280759,286.461149,-303.784982,6.926036,6.134957,118.462199,-224.504288,4.138400,2.370619,5.153315,5.797654,0.036997,0.015063
4.284955,294.830103,-294.286511,6.958486,5.838662,124.254666,-221.872544,3.879271,2.500369,5.113859,5.772676,0.035744,0.014150
4.289152,302.475509,-284.013435,7.092165,6.114551,129.741163,-217.071135,3.791743,2.475586,5.082112,5.744466,0.036722,0.013815
4.293349,310.384587,-275.879074,6.963819,5.786111,134.177611,-215.027257,3.542464,2.423887,5.044909,5.725303,0.034626,0.012893
4.297546,317.931535,-266.721745,6.929187,6.013063,139.764526,-211.554246,3.769172,2.438441,5.012665,5.699356,0.035509,0.013488
4.301743,324.375271,-258.119418,7.235694,6.038919,144.697122,-208.105789,3.892149,2.346137,4.983868,5.675617,0.035488,0.013670
4.305940,330.609377,-249.545332,7.061036,5.909158,150.431607,-204.660815,4.046228,2.410737,4.956532,5.649335,0.034993,0.014013
4.310136,337.320055,-240.907300,6.911710,5.812219,155.121083,-200.679043,3.663555,2.615421,4.929696,5.625138,0.034558,0.013052
4.314333,343.249409,-232.610607,6.922349,5.791355,159.434941,-197.362955,3.790363,2.618711,4.901846,5.603691,0.034284,0.013309
4.318530,348.103385,-224.419381,7.055017,5.870656,165.210569,-192.960587,3.728612,2.452598,4.882729,5.575110,0.034565,0.012796
4.322727,353.844423,-216.386548,7.241667,5.786475,169.288285,-188.985731,3.725154,2.428038,4.859781,5.552711,0.033880,0.012664
4.326924,358.961565,-208.811617,6.791651,5.986291,173.199042,-185.264435,3.783267,2.626279,4.838476,5.531433,0.035025,0.012991
4.331121,363.176875,-201.011435,6.909454,6.075494,177.788652,-181.275721,3.792354,2.548079,4.818446,5.507498,0.035423,0.012770
4.335317,367.451924,-194.029307,7.120114,5.764016,181.350062,-177.379041,3.857310,2.624936,4.801620,5.486718,0.033983,0.012953
4.339514,371.866565,-186.876842,6.997797,5.963543,185.501466,-173.382210,3.911154,2.601905,4.784672,5.464031,0.034868,0.012910
4.343711,375.943902,-180.308992,7.205683,5.922823,189.324388,-169.013766,3.907207,2.683456,4.772841,5.441168,0.034817,0.012936
4.347908,379.617540,-173.868818,7.116725,5.759689,192.960956,-164.838199,3.667290,2.777909,4.760732,5.419349,0.034241,0.012544
4.352105,382.935158,-167.449933,7.133898,6.304111,196.053118,-160.457451,3.625779,2.342794,4.749788,5.398272,0.035972,0.011549
4.356301,386.653206,-161.966901,6.924167,6.045696,199.453368,-156.945005,3.703393,2.755074,4.739209,5.379076,0.035483,0.012418
4.360498,390.088340,-156.029868,7.064416,5.800176,202.318733,-152.898214,3.970751,2.819314,4.729066,5.359547,0.034344,0.012953
4.364695,392.777126,-150.389063,6.970629,6.175037,205.298821,-148.724947,3.484144,2.682423,4.721265,5.339324,0.035910,0.011766
4.368892,395.547329,-144.877500,7.140919,6.109869,207.853109,-144.448084,3.430413,2.721307,4.714677,5.319719,0.035635,0.011737
4.373089,398.500768,-140.288616,6.904570,5.960593,212.069075,-140.324409,3.297377,2.354401,4.712197,5.296940,0.034376,0.010527
4.377286,400.940230,-135.295187,7.153754,6.192533,213.890061,-136.442552,3.333430,2.374858,4.706255,5.280218,0.035457,0.010593
4.381482,403.291108,-131.027904,7.182998,6.193165,215.688925,-133.244017,3.229159,2.472629,4.700577,5.265765,0.035545,0.010661
4.385679,405.469303,-126.884596,7.104488,6.076818,218.227530,-129.564199,3.195348,2.498832,4.698079,5.248172,0.035089,0.010630
4.389876,407.304553,-122.803002,7.269453,6.203904,219.851279,-125.893664,3.159875,2.482243,4.695903,5.232441,0.035644,0.010522
4.394073,409.174629,-118.945135,7.142949,6.158737,221.187181,-123.177144,3.645837,2.667843,4.689881,5.220507,0.035698,0.011569
4.398270,410.885111,-115.424633,7.182653,6.341915,223.056408,-119.810168,3.488867,2.522498,4.689045,5.205297,0.036331,0.010934
4.402467,412.103986,-112.276579,6.892226,6.198998,225.855020,-115.929241,3.004292,2.130906,4.692780,5.186612,0.035190,0.009218
4.406663,413.668003,-109.016386,6.961431,6.381338,226.260194,-113.824639,3.486203,2.633032,4.686738,5.178489,0.036826,0.011158
4.410860,415.192694,-106.464247,7.086265,6.129686,227.875183,-111.314777,3.120539,2.797592,4.686500,5.166786,0.035962,0.011288
4.415057,417.183818,-103.582916,7.046212,6.137711,230.454722,-107.805934,2.660118,2.408849,4.689777,5.149944,0.035304,0.009653
4.419254,417.643627,-101.341467,7.135146,6.245888,231.238928,-106.090045,3.591913,2.560647,4.686920,5.142528,0.036207,0.010879
4.423451,418.868129,-99.250843,7.229402,6.246143,230.925529,-103.519193,3.514595,2.597975,4.689682,5.133811,0.035989,0.010956
4.427647,419.717658,-97.466023,7.153419,6.334600,232.941924,-101.189779,3.512223,2.523205,4.692455,5.122194,0.036502,0.010649
4.431844,420.582402,-95.760493,7.086701,6.276409,232.772104,-99.416070,3.677032,2.662192,4.692927,5.116034,0.036296,0.011230
4.436041,420.898809,-94.265243,7.088508,6.189842,234.461952,-97.353194,3.491455,2.457132,4.695828,5.105946,0.035718,0.010379
4.440238,421.327446,-93.275347,7.017593,6.224005,234.545387,-95.861542,3.579328,2.690334,4.698544,5.100383,0.036300,0.011188
4.444435,421.897004,-92.246012,7.007824,6.164982,235.531800,-94.325271,3.265491,2.373570,4.701233,5.093307,0.035446,0.009916
4.448632,422.817761,-91.315174,7.144938,6.306687,236.665159,-93.922778,3.801907,3.080442,4.698382,5.090185,0.037702,0.012521
4.452828,422.851240,-90.762596,7.094530,6.345657,236.248198,-92.280913,3.440457,2.867801,4.704253,5.084774,0.037317,0.011631
4.457025,423.315228,-90.609212,7.137223,6.278301,236.738728,-91.333656,3.572670,2.646289,4.708506,5.080594,0.036517,0.010971
4.461222,423.122451,-90.457596,7.218400,6.330209,236.382805,-90.863960,3.659609,2.732415,4.710213,5.079369,0.036922,0.011328
4.465419,423.122451,-90.457596,7.218400,6.330209,236.301018,-90.440889,3.660345,2.670947,4.712478,5.077925,0.036776,0.011133
4.469616,423.216224,-90.501852,7.161359,6.329806,236.403290,-90.541722,3.597100,2.759525,4.712176,5.078152,0.036963,0.011378
4.473812,423.410376,-90.975467,7.139912,6.353344,236.569902,-89.999032,3.611275,2.544181,4.717615,5.075914,0.036629,0.010677
4.478009,423.329536,-91.795519,7.098200,6.008728,236.198035,-90.629897,3.693326,2.798334,4.718618,5.078768,0.035421,0.011576
4.482206,423.191419,-92.831658,6.912146,6.333559,236.188965,-90.436639,3.713574,2.646565,4.725196,5.078067,0.036705,0.011094
4.486403,423.014385,-94.223805,6.939589,6.198294,236.541535,-90.664178,3.623757,2.406308,4.731476,5.078408,0.035653,0.010241
4.490600,422.601265,-96.008897,7.021840,6.073901,236.615244,-91.562271,3.582136,2.410485,4.736293,5.081610,0.035130,0.010221
4.494797,422.371814,-97.725638,7.167115,5.969784,236.198324,-92.898254,3.516326,2.690681,4.738313,5.087112,0.035166,0.011092
4.498993,421.727618,-99.669572,7.122326,6.088990,235.693885,-93.385393,3.065983,2.439429,4.746156,5.089628,0.035247,0.009993
4.503190,421.284375,-101.904016,7.042055,6.147347,235.522833,-95.079981,3.007483,2.448528,4.749108,5.096079,0.035605,0.009978
4.507387,420.362790,-104.114054,6.745599,6.076207,234.443479,-97.227763,3.634260,2.801184,4.749411,5.105518,0.035971,0.011577
4.511584,419.569569,-106.187751,6.882813,6.048911,233.400711,-98.788227,3.207050,2.555017,4.752114,5.112781,0.035253,0.010513
4.515781,418.946503,-109.613043,7.027874,5.766480,232.080100,-100.940961,3.620385,2.642889,4.758764,5.122649,0.033929,0.011147
4.519978,417.941310,-112.304467,7.036567,6.055441,231.444307,-102.650552,3.380184,2.275912,4.764107,5.129842,0.034662,0.009840
4.524174,417.103794,-116.269645,7.246722,6.075268,230.707321,-104.666376,3.414050,2.289971,4.774559,5.138296,0.034800,0.009938
4.528371,415.546753,-119.632233,7.111014,5.851563,228.549980,-108.026395,3.476873,2.844276,4.774374,5.153926,0.034758,0.011748
4.532568,414.159155,-123.074247,6.862360,5.994980,228.417790,-110.179089,3.229861,2.354944,4.781703,5.161823,0.034626,0.010028
4.536765,412.877301,-127.143107,7.004522,6.077982,226.483401,-113.198104,3.487785,2.635634,4.787065,5.175883,0.035482,0.011164
4.540962,411.814466,-130.904481,6.987879,6.135576,224.881117,-116.542162,3.532887,2.753197,4.789070,5.190521,0.035907,0.011590
4.545158,409.725312,-135.736418,6.951891,5.891621,223.303957,-119.430367,3.874106,2.616119,4.799636,5.203513,0.034516,0.011621
4.549355,407.998735,-140.299569,6.787942,5.967530,220.996293,-123.058249,3.671716,2.821656,4.804327,5.220464,0.035204,0.012036
4.553552,405.810914,-145.321439,7.114159,5.673376,220.256555,-125.254507,2.973405,2.464572,4.820116,5.229457,0.033248,0.010254
4.557749,403.411656,-150.232318,7.168650,6.054821,218.651448,-128.957189,3.625748,2.531291,4.827034,5.245263,0.035402,0.011244
4.561946,401.302583,-155.775376,7.280267,5.755827,215.941708,-133.005660,3.219996,2.636969,4.834617,5.264442,0.034047,0.011077
4.566143,398.837726,-160.781555,7.010516,5.994098,213.883598,-136.758319,3.252213,2.696629,4.841553,5.281280,0.035353,0.011301
4.570339,395.834890,-166.826105,7.178663,6.011884,211.234932,-140.081456,3.598478,2.430198,4.856267,5.297956,0.034954,0.011199
4.574536,393.061510,-172.517703,7.112566,5.936484,207.985533,-144.374837,3.995013,2.720060,4.863294,5.319183,0.035102,0.012604
4.578733,389.676191,-178.708980,7.141901,5.910913,205.638531,-147.987139,3.617271,2.559970,4.877796,5.336179,0.034777,0.011697
4.582930,386.626878,-184.866629,6.897686,6.101843,203.022847,-152.271081,3.741562,2.634890,4.888090,5.355903,0.035856,0.012134
4.587127,383.065812,-191.383220,6.923098,6.111150,199.311888,-156.822874,3.700178,2.965954,4.898297,5.379042,0.036538,0.012879
4.591324,379.267668,-197.846979,7.070988,5.960602,197.066360,-160.367940,3.776247,2.554688,4.915260,5.395474,0.035234,0.012200
4.595520,375.058829,-205.249517,7.023736,6.064843,193.905262,-164.625415,3.699404,2.717985,4.932992,5.416302,0.036162,0.012448
4.599717,371.079939,-212.248179,6.992685,6.071608,189.789855,-168.376326,3.620367,2.636547,4.949822,5.438072,0.035893,0.012252
4.603914,366.119643,-219.245081,7.202283,6.017039,186.238816,-173.002995,3.694720,2.975630,4.964011,5.460960,0.036647,0.013093
4.608111,361.540291,-226.843174,7.090592,6.244118,182.657623,-176.534395,3.351813,2.711920,4.986546,5.480742,0.037072,0.011959
4.612308,356.302564,-234.476843,7.221320,5.951862,178.587805,-181.192813,3.706512,2.909320,5.003689,5.505028,0.036438,0.013119
4.616504,351.101978,-242.178759,7.129944,5.999427,174.040428,-184.554194,3.717441,2.367877,5.027027,5.527098,0.035546,0.012437
4.620701,345.130630,-250.382125,6.811136,6.096846,170.112833,-189.149230,3.596296,2.899892,5.048945,5.550725,0.037005,0.012984
4.624898,339.174670,-258.733997,7.257800,6.137282,165.367162,-192.834141,3.770957,2.533679,5.074797,5.574318,0.036863,0.013005
4.629095,332.788511,-266.879255,7.237807,6.175725,160.379230,-196.957637,3.798446,2.582567,5.097676,5.599796,0.037207,0.013255
4.633292,326.202172,-275.029043,6.933587,6.135009,155.988455,-200.589563,3.751347,2.637634,5.124656,5.622222,0.037064,0.013282
4.637489,318.629158,-283.842389,6.850969,6.016558,149.829659,-204.405913,3.642572,2.376345,5.152238,5.650653,0.036028,0.012849
4.641685,311.465704,-292.165811,7.291616,6.036848,145.311778,-208.241633,4.152647,2.534715,5.180107,5.673935,0.037400,0.014577
4.645882,303.573100,-300.971512,7.144999,6.049130,140.134699,-211.513860,3.682707,2.170571,5.213194,5.698051,0.036669,0.012990
4.650079,294.969099,-309.704790,6.896641,5.972295,135.013666,-215.142169,4.152031,2.487763,5.246299,5.722750,0.037207,0.014793
4.654276,286.076421,-318.059796,7.027551,6.002525,130.269663,-218.271987,3.787860,2.337768,5.282028,5.745105,0.037431,0.013636
4.658473,276.805802,-326.680992,6.693085,6.235886,124.131807,-221.691297,3.750528,2.155418,5.314793,5.772750,0.037568,0.013530
4.662669,267.568990,-335.308762,6.824378,6.238374,118.988906,-224.227292,3.273014,2.146673,5.354365,5.795310,0.037524,0.012060
4.666866,257.502805,-343.829725,7.089063,6.285031,114.140680,-228.735382,3.730177,3.027211,5.388849,5.820332,0.040244,0.014087
4.671063,246.929988,-352.594498,6.954590,5.964069,107.894197,-230.986571,3.667909,2.938710,5.431022,5.846201,0.038979,0.013918
4.675260,235.906841,-360.520819,6.894450,6.169942,102.053495,-233.108298,3.558456,2.419794,5.473140,5.870528,0.038893,0.013366
4.679457,224.328522,-368.423186,6.649273,6.464299,96.086296,-235.516016,3.612482,2.295402,5.515648,5.895817,0.039172,0.013584
4.683654,212.980951,-376.331554,6.680373,6.388361,90.119704,-237.786624,3.621955,2.158780,5.557713,5.920918,0.039070,0.013654
4.687850,200.153197,-384.159611,6.608056,6.383893,84.609106,-240.455683,3.671878,2.692693,5.605984,5.944846,0.039689,0.014033
4.692047,187.456315,-391.568713,6.645178,6.415477,79.130966,-241.988542,3.632244,2.113025,5.656404,5.967143,0.039537,0.013803
4.696244,173.982170,-398.141717,6.357471,6.401348,72.866219,-243.972898,3.790851,2.646441,5.702689,5.992954,0.039390,0.014572
4.700441,160.081355,-404.715939,6.374380,6.411895,68.179113,-245.613973,3.718667,2.609419,5.759376,6.012416,0.039557,0.014321
4.704638,145.934157,-410.673741,6.266548,6.206304,61.828355,-246.967144,3.363110,2.687278,5.808591,6.037877,0.038254,0.013068
4.708835,131.880001,-416.156436,6.127404,6.737867,56.279697,-248.436739,3.880817,2.400009,5.859705,6.060410,0.039333,0.015004
4.713031,117.016651,-420.848004,6.526656,6.687474,49.603886,-250.026446,3.347741,2.627436,5.907309,6.087334,0.039834,0.013038
4.717228,101.792056,-425.629155,6.344736,6.660481,44.387899,-251.441231,3.726960,2.780352,5.964841,6.108452,0.040047,0.014499
4.721425,85.948776,-428.897203,6.313626,6.630674,38.688782,-251.656713,3.632145,2.690664,6.022605,6.130643,0.039662,0.014191
4.725622,70.048992,-432.390470,6.169339,6.574758,33.043614,-253.218553,3.829004,2.834080,6.079513,6.153424,0.039665,0.014937
4.729819,54.436921,-434.942923,6.410475,6.652117,27.099296,-253.848892,3.769816,2.817677,6.133358,6.176834,0.040580,0.014730
4.734015,38.367013,-437.057566,5.979461,6.568859,21.412450,-254.533754,3.459823,3.195742,6.190562,6.199259,0.037705,0.013538
4.738212,22.270444,-437.748906,6.066423,6.319017,14.985085,-255.627244,3.727933,3.215984,6.243204,6.224631,0.039065,0.014552
4.742409,6.570907,-438.413596,6.218305,6.633734,9.172690,-255.551277,3.655067,3.087487,6.297412,6.247307,0.039441,0.014291
4.746606,-10.085373,-437.839831,6.029592,6.583384,2.713811,-254.970868,3.794437,2.552738,6.353062,6.272542,0.038861,0.014881
4.750803,-26.141512,-436.941748,5.952926,6.354247,-2.546695,-255.530867,3.985748,2.986733,6.412522,6.293151,0.039148,0.015597
4.755000,-42.003841,-435.497688,6.302768,6.494840,-8.526768,-255.283026,3.939447,2.910889,6.466854,6.316574,0.040493,0.015419
4.759196,-57.850786,-433.029614,6.231044,6.283483,-14.802455,-255.138761,3.510608,3.286285,6.520614,6.341138,0.039058,0.013734
4.763393,-73.284096,-430.763626,5.928248,6.394001,-20.690745,-254.249259,3.604392,2.902103,6.572765,6.364386,0.037706,0.014114
4.767590,-88.327216,-427.074639,6.027900,6.353768,-26.684279,-254.022451,3.246432,3.076703,6.625382,6.387848,0.037402,0.012703
4.771787,-103.647133,-423.265472,5.818993,6.165431,-33.211599,-252.774439,3.617393,2.566085,6.674962,6.413825,0.037008,0.014129
4.775984,-118.002468,-418.547250,5.832560,6.666226,-39.190093,-252.369240,3.515999,3.052533,6.726034,6.437244,0.037566,0.013727
4.780180,-132.461848,-413.459966,5.989164,6.284878,-45.529731,-250.980345,3.563996,3.133739,6.774466,6.462641,0.037885,0.013922
4.784377,-145.987499,-408.031414,5.894844,6.382179,-51.587689,-249.464987,3.562326,2.434343,6.820166,6.487104,0.037243,0.013830
4.788574,-159.501159,-402.605584,6.283308,6.255180,-57.595882,-248.758482,3.857398,2.901030,6.868214,6.510710,0.039182,0.014939
4.792771,-172.091775,-396.596331,6.113508,6.444904,-64.094556,-246.559349,3.835210,2.784822,6.907079,6.537512,0.038680,0.014828
4.796968,-185.104101,-390.166465,6.210914,6.174877,-69.876084,-245.237662,3.828580,2.731557,6.954911,6.560762,0.038295,0.014735
4.801165,-197.175503,-383.410548,6.543623,6.347394,-76.194664,-243.836052,3.618951,3.544773,6.997343,6.586055,0.040005,0.014141
4.805361,-209.271176,-376.467175,6.431265,5.835014,-82.372802,-240.402803,3.749365,3.043802,7.033741,6.613293,0.037924,0.014487
4.809558,-220.630233,-369.453637,6.587262,6.308684,-89.208847,-238.926971,3.405977,3.119130,7.071999,6.640529,0.039022,0.013222
4.813755,-231.373625,-362.487284,6.390888,6.187395,-94.835488,-236.653069,3.657023,3.052325,7.109358,6.664326,0.038325,0.014040
4.817952,-242.181139,-355.144861,6.446841,6.381802,-101.514406,-233.040888,3.313652,2.458012,7.139109,6.694006,0.037676,0.012560
4.822149,-252.345095,-348.012075,6.401641,6.181985,-108.438965,-231.219175,3.643358,3.004352,7.172213,6.721717,0.038163,0.013848
4.826346,-262.058603,-340.750873,6.783140,6.174384,-113.095771,-227.756651,4.017652,2.438690,7.205037,6.744080,0.038074,0.014780
4.830542,-271.148146,-333.118036,6.442577,6.389850,-119.183346,-224.717629,3.910473,2.932162,7.234368,6.770832,0.038599,0.014616
4.834739,-280.404203,-325.489973,6.502521,6.383562,-125.823214,-220.987903,3.493787,2.727263,7.259522,6.800776,0.037958,0.013065
4.838936,-288.636297,-318.264008,6.508392,6.007772,-130.419200,-217.912858,3.808302,2.826808,7.288749,6.822496,0.036882,0.014080
4.843133,-297.601121,-310.489308,6.930164,6.199619,-136.074827,-214.132207,3.624965,2.460173,7.316109,6.849279,0.037166,0.013133
4.847330,-305.221034,-303.114808,6.520077,6.275095,-142.162583,-210.618317,3.648118,2.726234,7.337984,6.876919,0.037341,0.013328
4.851526,-312.388707,-296.007105,6.874080,6.241862,-146.670557,-207.137072,3.610673,2.585559,7.361739,6.899317,0.037194,0.013017
4.855723,-319.750455,-288.447667,6.618507,6.168105,-152.443242,-203.595280,3.563670,2.713496,7.384618,6.925890,0.036808,0.012911
4.859920,-326.748085,-281.725113,7.123494,6.242379,-156.818700,-200.106245,3.722338,2.766324,7.406209,6.947894,0.037506,0.013336
4.864117,-333.303975,-274.522327,6.678551,6.302053,-162.665703,-195.946638,3.706667,2.827478,7.422446,6.976044,0.037478,0.013255
4.868314,-339.057877,-267.738052,6.925392,6.378890,-166.823223,-191.609828,3.674096,2.987812,7.437798,6.999541,0.038129,0.013364
4.872511,-344.859042,-260.767251,6.790216,6.357944,-170.820418,-188.071388,3.708723,2.627515,7.458311,7.020553,0.037185,0.012849
4.876707,-350.666101,-254.264711,6.897653,6.388188,-174.778288,-183.865715,3.643968,2.894505,7.473260,7.043251,0.037620,0.013046
4.880904,-356.172701,-248.003053,6.867129,6.379358,-178.831869,-180.380067,3.776396,2.932974,7.489685,7.064274,0.037567,0.013325
4.885101,-360.800070,-241.453069,6.924801,6.429624,-182.649365,-176.361497,3.626024,2.887640,7.503677,7.086096,0.037661,0.012859
4.889298,-365.366200,-234.630297,6.885642,6.381686,-186.960216,-171.720375,3.546124,2.573219,7.514973,7.111047,0.036907,0.012043
4.893495,-370.021356,-228.858396,7.044414,6.497027,-190.449413,-168.410018,4.049260,2.664237,7.529272,7.129922,0.037695,0.013151
4.897692,-374.563550,-223.017797,6.917280,6.561742,-195.059235,-164.158716,3.585260,2.962110,7.537131,7.154394,0.038426,0.012689
4.901888,-378.037997,-217.293451,7.097933,6.323129,-197.046313,-159.852186,3.964829,2.530720,7.546667,7.172423,0.036558,0.012526
4.906085,-381.952995,-211.836233,7.184509,6.386237,-199.995555,-156.374813,4.031465,3.256094,7.558123,7.190380,0.038195,0.014063
4.910282,-385.534419,-205.939741,7.150757,6.623186,-201.707911,-151.684148,3.962241,3.053480,7.566984,7.209202,0.038440,0.013511
4.914479,-388.912022,-200.529763,6.900284,6.673815,-206.143637,-148.643549,4.199926,2.925333,7.577369,7.229256,0.038679,0.013438
4.918676,-391.534853,-195.793357,6.999313,6.548884,-208.834005,-144.540042,3.462522,2.564142,7.580480,7.248558,0.037377,0.011363
4.922872,-394.817034,-190.745205,6.991035,6.282604,-210.197126,-141.362063,3.920280,3.097367,7.592615,7.261937,0.037029,0.013324
4.927069,-397.460652,-185.683360,6.943055,6.567825,-213.521800,-137.804702,4.246829,2.564340,7.599336,7.280854,0.037485,0.012410
4.931266,-399.571161,-181.359228,7.042416,6.390304,-216.074283,-134.869158,3.668493,2.932299,7.605847,7.295972,0.037450,0.012391
4.935463,-402.234470,-176.728311,7.241790,6.429491,-217.434418,-131.693481,4.298142,2.762680,7.614946,7.309404,0.037250,0.012773
4.939660,-403.941139,-172.705376,7.211834,6.412780,-219.380487,-129.966689,3.568356,3.567109,7.626423,7.319150,0.038934,0.013991
4.943857,-406.100271,-168.785852,7.358530,6.442480,-221.517756,-125.500411,3.704940,3.003961,7.623639,7.338523,0.037828,0.012524
4.948053,-407.890513,-164.613950,7.108457,6.575041,-222.985664,-122.816750,3.753203,3.215921,7.631671,7.350537,0.038803,0.013154
4.952250,-409.564720,-161.380686,7.126883,6.463268,-224.351821,-119.975143,3.998713,2.518493,7.634042,7.362912,0.036886,0.011451
4.956447,-410.990765,-157.748849,7.263543,6.668656,-226.091041,-117.760243,3.893152,2.434470,7.640990,7.373791,0.037817,0.011023
4.960644,-412.502039,-154.495851,7.219596,6.545222,-226.845994,-115.378505,4.088203,2.751244,7.646321,7.383461,0.037710,0.012078
4.964841,-413.967019,-151.100209,7.349876,6.639704,-227.364353,-113.539629,3.759415,3.149012,7.655349,7.390836,0.038803,0.012906
4.969037,-414.838596,-148.471260,7.275394,6.678119,-229.202388,-110.275326,3.407699,2.614178,7.651057,7.405547,0.038035,0.010932
4.973234,-415.514972,-145.963116,7.215452,6.447810,-229.122850,-109.882291,3.700136,3.076967,7.662772,7.406805,0.037827,0.012604
4.977431,-416.541837,-143.597625,7.523150,6.285158,-230.494556,-107.548683,3.867122,2.940077,7.662591,7.417409,0.036936,0.012290
4.981628,-417.260991,-141.097682,7.518135,6.331514,-231.091074,-105.877117,3.573706,2.576558,7.667006,7.424361,0.036377,0.010918
4.985825,-418.053820,-139.490856,7.300575,6.421795,-231.429220,-105.154923,3.553887,2.742380,7.672032,7.427498,0.037010,0.011398
4.990022,-418.652127,-137.812306,7.354738,6.333072,-232.061259,-105.231855,3.354644,3.406414,7.681115,7.428249,0.038113,0.013334
4.994218,-419.240410,-136.196150,7.451210,6.502741,-232.178966,-103.500280,3.959777,2.901924,7.680943,7.434644,0.037722,0.012204
4.998415,-419.187750,-134.597774,7.296868,6.515853,-232.672372,-103.434027,3.911593,2.924528,7.688427,7.435671,0.037944,0.012210
5.002612,-419.681904,-133.523544,7.602599,6.418831,-232.728392,-103.334722,4.066189,2.885995,7.693886,7.436117,0.037399,0.012219
5.006809,-419.805994,-132.804032,7.512030,6.588093,-232.489493,-103.535236,3.942301,3.197443,7.698982,7.435016,0.038783,0.013093
5.011006,-420.265037,-132.147965,7.360217,6.340335,-232.075092,-104.215163,3.792664,3.843533,7.706629,7.431911,0.039075,0.015075
5.015203,-420.200129,-131.628062,7.349806,6.667133,-232.181692,-102.751028,3.983627,2.668715,7.701586,7.437344,0.037907,0.011520
5.019399,-420.264445,-131.493503,7.401531,6.584497,-231.701288,-104.701042,3.905637,3.311803,7.712839,7.429566,0.038809,0.013450
5.023596,-420.354149,-131.314434,7.407814,6.698027,-232.346856,-104.147114,3.854405,2.642770,7.710474,7.432592,0.038039,0.011316
5.027793,-420.407652,-131.355135,7.523998,6.501519,-231.326390,-105.095695,3.482016,2.706138,7.715985,7.427543,0.037025,0.011232
5.031990,-419.896069,-131.412889,7.556661,6.594613,-230.039758,-107.615692,3.799993,3.598761,7.729289,7.416413,0.039344,0.014316
5.036187,-419.141131,-132.034241,7.379796,6.606553,-229.970789,-106.752317,3.864170,3.038820,7.721123,7.419382,0.038207,0.012624
5.040383,-418.388077,-131.636848,7.381201,6.603295,-230.221827,-107.366079,3.126150,2.149688,7.725704,7.417607,0.036702,0.009267
5.044580,-417.452806,-133.028928,7.436523,6.724522,-227.740282,-109.308651,3.958861,2.796951,7.729594,7.406486,0.038192,0.012067
5.048777,-416.557119,-133.993551,7.362013,6.446155,-228.336157,-111.268680,3.914555,2.412868,7.733828,7.400544,0.036426,0.010886
5.052974,-415.788058,-136.115431,7.367219,6.490324,-227.005740,-115.299502,4.031371,3.171959,7.744161,7.384023,0.038116,0.013221
5.057171,-414.584988,-137.463306,7.425584,6.394433,-226.246024,-116.047581,3.810974,2.765579,7.740760,7.380046,0.036856,0.011851
5.061368,-413.873953,-139.364746,7.320065,6.377061,-225.102352,-118.187598,3.483994,2.467397,7.742265,7.370504,0.036087,0.010696
5.065564,-412.290837,-141.346255,7.335943,6.612665,-222.442198,-121.123436,4.155928,2.849057,7.747861,7.355358,0.037792,0.012616
5.069761,-410.621829,-143.576243,7.349768,6.510412,-222.133645,-123.947615,3.913085,2.608897,7.750218,7.345027,0.037091,0.011679
5.073958,-409.215371,-146.182066,7.003452,6.668595,-219.060254,-127.187195,4.167667,3.106500,7.754420,7.327946,0.038539,0.013444
5.078155,-407.568418,-148.819349,7.127644,6.578109,-218.253878,-129.806857,4.028386,3.090562,7.753889,7.317430,0.038250,0.013235
5.082352,-405.545439,-151.700619,7.325894,6.461684,-216.027092,-132.751145,3.992781,2.765271,7.754325,7.302960,0.036977,0.012422
5.086549,-403.435909,-155.036008,6.982574,6.698731,-213.917054,-136.778650,4.119086,3.565098,7.757943,7.285094,0.039881,0.014707
5.090745,-401.601719,-158.223919,7.246425,6.690388,-211.644140,-139.219722,4.225516,2.838939,7.754269,7.272142,0.038133,0.013103
5.094942,-399.044514,-161.803284,7.123708,6.333980,-209.809133,-142.974984,3.979523,2.856368,7.754811,7.255812,0.036605,0.012819
5.099139,-396.111920,-165.399897,7.164581,6.533928,-207.059492,-146.322826,4.160061,2.938598,7.753413,7.238793,0.037769,0.013389
5.103336,-393.457319,-169.768505,7.037473,6.551066,-204.515303,-149.663427,4.264207,3.028345,7.747972,7.222233,0.038047,0.013847
5.107533,-390.779428,-173.860389,6.861343,6.658802,-201.557093,-154.267975,4.061876,3.393135,7.750808,7.200709,0.039315,0.014398
5.111729,-387.843797,-178.381152,7.117271,6.603820,-198.231628,-156.812304,3.881411,2.791947,7.740716,7.184718,0.037637,0.012877
5.115926,-384.647598,-183.236122,6.999852,6.497511,-194.799327,-160.799830,3.856631,2.905246,7.736347,7.163906,0.037298,0.013159
5.120123,-381.036972,-188.224176,7.084889,6.501076,-192.134523,-164.477400,3.945878,2.956742,7.728928,7.145984,0.037596,0.013484
5.124320,-377.286146,-193.378102,7.015993,6.485223,-188.833115,-168.956573,4.264997,2.864210,7.725110,7.124080,0.037413,0.014033
5.128517,-373.456343,-198.989428,7.152443,6.553592,-184.979543,-172.994232,4.094223,3.115602,7.716924,7.102052,0.038243,0.014236
5.132714,-369.781922,-204.507648,7.288922,6.506838,-181.855187,-176.584506,3.739980,2.889815,7.706476,7.083287,0.037605,0.013136
5.136910,-364.710896,-210.664016,6.977701,6.631388,-177.686483,-181.098251,3.827754,3.276236,7.697194,7.059075,0.039139,0.014063
5.141107,-360.580727,-216.735642,7.060623,6.454056,-174.133328,-184.644812,3.641516,2.820370,7.683534,7.039294,0.037375,0.012926
5.145304,-355.528627,-221.949990,7.202595,6.375168,-169.717090,-187.315883,3.461384,2.719370,7.669703,7.019332,0.036871,0.012456
5.149501,-350.508507,-228.428531,6.970728,6.330308,-165.831345,-191.425229,3.675725,2.639164,7.656233,6.997066,0.036638,0.012918
5.153698,-345.660733,-235.447979,7.159168,6.363096,-160.809735,-194.722580,3.286849,2.793131,7.637131,6.973485,0.036954,0.012260
5.157894,-339.941123,-242.383760,6.858872,6.375530,-156.106393,-198.616235,3.405484,2.770683,7.620252,6.949313,0.036996,0.012580
5.162091,-334.123322,-249.228628,6.859794,6.423364,-152.104353,-202.516578,3.462634,2.695166,7.602770,6.927372,0.037316,0.012662
5.166288,-328.291439,-256.667091,6.832323,6.280300,-146.411929,-206.073066,3.667959,3.182679,7.582668,6.900914,0.037579,0.013896
5.170485,-322.071951,-264.252746,7.025575,6.182720,-141.750865,-209.950878,3.432655,3.457570,7.561479,6.877046,0.037956,0.013581
5.174682,-315.290525,-271.731537,6.902818,6.176535,-137.113897,-212.641117,3.165420,2.646716,7.533756,6.855906,0.036285,0.011945
5.178879,-308.110510,-279.235032,6.822105,6.294653,-131.304091,-215.897853,3.164210,3.008893,7.509995,6.829596,0.037489,0.012359
5.183075,-300.815730,-288.602314,6.621822,6.272753,-125.148070,-219.399472,3.093872,2.798505,7.478709,6.801565,0.036701,0.011972
5.187272,-293.175035,-296.602281,6.838968,6.107943,-120.845915,-222.981051,3.113359,2.295838,7.450238,6.779832,0.035686,0.011622
5.191469,-284.998988,-305.049418,6.600076,6.224141,-114.878306,-225.933022,3.134926,2.308631,7.418674,6.753579,0.036042,0.011773
5.195666,-276.736153,-313.067012,6.472759,6.294491,-109.234665,-228.678587,3.895987,2.877748,7.387293,6.728816,0.037610,0.014710
5.199863,-267.649683,-321.473192,6.399242,6.130423,-104.106328,-231.185319,3.509876,2.494713,7.349548,6.706302,0.036312,0.013253
5.204060,-258.399333,-329.681528,6.602757,6.271429,-97.947822,-233.933336,3.562855,2.355799,7.315961,6.679707,0.037032,0.013446
5.208256,-248.629452,-338.409197,6.467784,6.250833,-92.832652,-236.588312,3.063383,2.670554,7.275115,6.657106,0.037110,0.011859
5.212453,-238.384325,-346.661169,6.499077,6.322412,-86.210225,-238.679670,3.700703,2.970591,7.236847,6.629800,0.038343,0.014280
5.216650,-227.618430,-355.162096,6.194353,6.195696,-80.611458,-241.238680,3.478720,3.090688,7.194701,6.605676,0.037595,0.013531
5.220847,-216.791855,-363.278250,6.278873,6.230365,-75.151585,-242.209375,3.291193,2.723392,7.146729,6.584042,0.037156,0.012797
5.225044,-205.160920,-371.400413,6.012670,6.179842,-69.776742,-244.496159,3.546925,2.701739,7.100903,6.561185,0.036948,0.013728
5.229240,-192.995672,-379.302351,6.286999,6.154878,-63.702200,-245.780211,3.601927,2.464186,7.052495,6.536789,0.037417,0.013947
5.233437,-179.981803,-386.929805,6.031509,6.317568,-58.051078,-247.279718,3.836612,2.594715,7.000947,6.513769,0.037824,0.014889
5.237634,-167.224531,-394.372827,6.143102,6.287774,-52.813308,-248.700283,3.305286,2.858566,6.948960,6.492434,0.037519,0.012929
5.241831,-153.661285,-401.207420,6.042234,6.385432,-46.828497,-250.248094,3.302741,2.888312,6.899055,6.468174,0.037456,0.012921
5.246028,-139.947559,-407.980778,5.946410,6.412830,-41.318038,-250.840611,3.863711,2.642455,6.843690,6.446438,0.037988,0.015091
5.250225,-125.405380,-414.095489,6.125224,6.498222,-36.959019,-251.668191,3.326464,2.900795,6.781818,6.428999,0.037870,0.013044
5.254421,-110.393265,-419.925037,6.144130,6.354974,-31.546998,-252.581217,3.505331,2.851416,6.723499,6.407440,0.038133,0.013735
5.258618,-94.822668,-424.998805,5.967258,6.180961,-25.958584,-253.431895,3.565665,2.429344,6.664884,6.385258,0.037373,0.013957
5.262815,-78.875135,-428.953635,5.796451,6.317056,-20.798998,-253.886589,3.255009,2.630909,6.603498,6.364925,0.036148,0.012763
5.267012,-62.874737,-432.473807,5.789193,6.366126,-15.740264,-254.134996,3.529219,2.443043,6.541574,6.345043,0.036770,0.013847
5.271209,-47.011043,-435.858018,5.924797,6.712597,-10.322263,-255.533910,3.304746,3.098301,6.483906,6.323558,0.037004,0.012921
5.275406,-29.442341,-436.868053,6.148772,6.720181,-6.388983,-253.142508,3.210012,2.462466,6.408010,6.308419,0.037478,0.012675
5.279602,-13.359572,-437.845483,5.752568,6.446325,-0.786276,-255.006703,3.455438,3.210660,6.351844,6.286269,0.036629,0.013550
5.283799,3.324553,-437.905994,5.803090,6.641211,4.339769,-254.212757,3.632973,2.775329,6.288712,6.266116,0.037271,0.014288
5.287996,20.802829,-437.053656,6.149748,6.637259,8.784678,-254.083087,3.632972,2.737482,6.217596,6.248625,0.038954,0.014286
5.292193,37.232746,-436.084811,6.052699,6.717912,13.577455,-253.765921,3.383344,2.768118,6.154159,6.229732,0.037747,0.013307
5.296390,53.280119,-433.353544,5.751039,6.602118,17.991735,-254.130503,3.568239,3.024892,6.088776,6.212506,0.037156,0.013996
5.300586,69.708628,-430.180821,6.397904,6.523538,22.293052,-253.225840,3.675356,2.733877,6.021383,6.195375,0.040166,0.014433
5.304783,85.858884,-426.248192,6.026461,6.604147,27.718184,-253.305367,2.935071,3.125695,5.958871,6.174193,0.037088,0.011527
5.308980,101.264680,-421.856087,6.438214,6.642030,33.278589,-252.547433,3.465252,3.285613,5.901342,6.152169,0.040150,0.013592
5.313177,116.682117,-417.296210,6.086924,6.373211,38.394566,-251.958795,3.512607,2.611416,5.840960,6.131964,0.038277,0.013712
5.317374,131.599358,-411.465194,6.148802,6.447520,43.446961,-252.132318,3.434513,3.321777,5.777843,6.112543,0.038951,0.013412
5.321571,146.162734,-404.948990,6.338367,6.404431,48.574549,-250.006463,3.530391,2.622448,5.721117,6.091283,0.039111,0.013749
5.325767,159.793815,-398.473407,6.256530,6.165377,54.004750,-248.981800,3.834510,2.581547,5.667338,6.069592,0.038914,0.014865
5.329964,173.524549,-391.106208,6.057786,6.402183,58.930944,-247.872579,3.774426,2.590800,5.608416,6.049772,0.038424,0.014603
5.334161,186.330690,-383.383106,6.556762,6.252299,64.537054,-245.651399,3.648179,2.364108,5.559123,6.026273,0.038919,0.014092
5.338358,199.300257,-375.726021,6.641274,6.282972,70.716746,-244.728453,3.636543,2.621060,5.507087,6.001887,0.039262,0.014009
5.342555,211.013348,-367.226393,6.478777,6.100138,75.976959,-243.323634,3.442406,2.857839,5.454817,5.980531,0.038289,0.013317
5.346751,222.508894,-358.826499,6.546842,6.204015,82.392188,-240.492523,3.569551,2.186321,5.413704,5.953120,0.037935,0.013573
5.350948,233.254709,-350.340094,6.862252,6.315570,87.563108,-238.520787,4.329629,2.188388,5.367001,5.931351,0.039460,0.016269
5.355145,243.695749,-342.393963,6.707192,6.241718,92.643682,-236.287879,3.717867,2.253626,5.324755,5.909525,0.037889,0.014018
5.359342,254.092198,-333.197778,6.705325,6.067799,98.871828,-234.866258,3.544643,2.836330,5.277075,5.884732,0.037897,0.013528
5.363539,263.310806,-324.897945,6.961443,6.002639,104.850891,-231.958328,3.619876,2.169782,5.242836,5.858649,0.036948,0.013425
5.367736,272.818267,-316.226217,6.982506,5.907061,110.400432,-228.771593,3.599362,2.091615,5.206325,5.833571,0.036087,0.013254
5.371932,281.548787,-307.773838,7.059939,5.964430,116.396697,-225.924536,3.751970,2.301918,5.172510,5.807450,0.036563,0.013764
5.376129,290.018451,-299.378801,6.903816,5.926729,121.952955,-223.087284,3.592844,2.251052,5.138514,5.782910,0.035806,0.013107
5.380326,298.105181,-291.056206,7.006245,5.901210,127.634189,-220.702762,4.018408,2.760101,5.103796,5.758868,0.036681,0.014681
5.384523,305.487351,-282.944816,6.793806,5.870760,132.056170,-216.873304,3.516723,2.328588,5.076380,5.736241,0.035023,0.012755
5.388720,312.755888,-274.600106,7.206348,5.925171,137.142512,-213.841061,4.310551,2.549594,5.045480,5.712930,0.035978,0.015276
5.392917,319.678142,-266.629433,6.782011,6.011096,142.814178,-209.838650,4.005296,2.415171,5.023088,5.685605,0.035645,0.014101
5.397113,326.128520,-259.107293,6.967845,5.718969,148.002025,-206.169419,3.800994,2.214291,5.001268,5.660569,0.033894,0.013188
5.401310,332.153455,-251.753975,6.906759,5.957730,153.587654,-201.997844,3.821036,2.204385,4.984139,5.633097,0.034934,0.013089
5.405507,338.464171,-242.860103,6.759982,6.007126,158.584538,-197.967895,3.977255,2.846799,4.956961,5.607797,0.036266,0.014106
5.409704,344.019132,-235.622610,7.100686,6.054546,163.884868,-193.672516,3.820414,2.558885,4.941193,5.580904,0.035997,0.013213
5.413901,349.682013,-228.519578,7.142076,5.942438,167.935706,-189.667207,3.860330,2.423668,4.922992,5.558482,0.034981,0.013053
5.418097,355.209611,-221.820399,6.975890,5.825089,173.264229,-185.086931,3.664174,2.469509,4.911604,5.530767,0.034452,0.012475
5.422294,359.725969,-215.076436,7.116516,6.003438,177.539947,-180.622885,3.826991,2.510540,4.899294,5.506395,0.035422,0.012822
5.426491,365.025215,-208.961283,7.033134,5.732926,181.149813,-177.159548,3.668108,2.442290,4.883647,5.486651,0.033693,0.012245
5.430688,369.174919,-202.878833,6.925225,5.856165,185.152328,-172.648171,3.722457,2.448759,4.875212,5.462854,0.034275,0.012272
5.434885,373.236678,-196.517377,6.912194,5.933106,188.902505,-168.558183,4.142508,2.482947,4.862918,5.440935,0.034717,0.013123
5.439082,377.080751,-190.736360,7.085764,6.174760,192.375631,-164.541328,4.191152,2.555264,4.853270,5.419959,0.036004,0.013216
5.443278,381.212482,-186.235102,7.309972,5.939636,195.392640,-161.397296,3.711050,2.509085,4.845267,5.402793,0.034579,0.012051
5.447475,384.738054,-180.737020,6.971793,6.026725,199.279575,-157.464545,3.744846,3.089222,4.837223,5.381107,0.036335,0.013215
5.451672,388.061683,-175.705482,7.091563,5.731534,202.776828,-153.805869,3.866938,3.246568,4.830037,5.361307,0.035428,0.013697
5.455869,391.127617,-170.942629,7.066202,5.855586,205.392280,-148.740922,3.749285,2.854738,4.831359,5.339159,0.034950,0.012583
5.460066,394.182436,-165.849664,7.106631,5.952349,208.602548,-144.772141,4.170608,2.760824,4.825481,5.319083,0.035259,0.012942
5.464263,396.720605,-161.108327,7.040121,6.232652,210.996607,-140.848511,3.878729,2.770027,4.821045,5.300995,0.036591,0.012431
5.468459,399.394102,-156.822615,7.153710,5.911858,213.674123,-136.126675,3.754339,2.375643,4.823367,5.279625,0.034222,0.011222
5.472656,402.077637,-153.029003,7.017051,6.218309,214.981365,-132.195428,3.601057,2.694989,4.823284,5.263704,0.036079,0.011773
5.476853,404.160098,-148.922853,7.080367,6.174294,218.324629,-129.000436,3.622756,2.448246,4.819186,5.246065,0.035625,0.011041
5.481050,406.362765,-145.922766,7.026592,5.844829,220.198765,-125.244475,3.572041,2.687794,4.823011,5.229536,0.034450,0.011561
5.485247,408.177533,-142.156955,6.962494,6.127399,222.515583,-121.629072,3.745355,2.175092,4.822508,5.212625,0.034909,0.010336
5.489443,409.668526,-138.718945,7.132919,6.255118,224.201931,-118.726785,3.633714,2.701923,4.819768,5.199398,0.036606,0.011555
5.493640,411.242318,-136.062429,7.409747,6.054894,225.321548,-115.110051,3.112336,2.550452,4.824611,5.184695,0.035225,0.010578
5.497837,412.524649,-133.380660,6.906216,6.357914,226.805460,-112.775777,4.044080,2.888469,4.822884,5.173823,0.037443,0.012442
5.502034,414.272514,-130.771134,6.927186,6.322063,227.994031,-109.602059,3.631701,2.702458,4.825546,5.160497,0.036742,0.011463
5.506231,415.338256,-128.251435,7.035716,6.099994,229.488438,-107.419100,3.875470,2.939460,4.824015,5.150177,0.036299,0.012346
5.510428,416.159636,-126.476462,6.918281,6.169756,229.437813,-104.500076,3.917185,2.729226,4.829546,5.139775,0.035978,0.011770
5.514624,417.231826,-124.479668,7.077576,6.253152,231.642239,-101.662440,3.884527,2.324212,4.834720,5.125955,0.035800,0.010434
5.518821,418.088345,-122.778155,6.933787,6.152332,232.917906,-99.153776,3.291398,2.335060,4.839285,5.114855,0.035354,0.009898
5.523018,418.794870,-121.908521,7.312880,5.983560,233.144187,-97.716379,3.957915,2.777115,4.841969,5.109272,0.035407,0.011802
5.527215,419.500940,-120.293753,7.242183,6.184534,234.255494,-95.651579,3.544706,2.390185,4.844637,5.100049,0.035627,0.010224
5.531412,419.553314,-118.694805,6.999322,6.366393,234.359689,-94.346445,3.528210,3.199653,4.843114,5.095110,0.038214,0.012854
5.535608,420.035694,-117.705926,6.980853,6.293928,236.564737,-91.581051,3.609569,2.293909,4.853831,5.081751,0.036282,0.009874
5.539805,420.035350,-117.437488,7.007902,6.328343,236.196549,-89.990744,3.651500,2.180635,4.860592,5.076409,0.036165,0.009563
5.544002,420.561394,-117.111768,7.259791,6.215184,236.423915,-90.669440,3.325379,3.426069,4.855015,5.078594,0.038253,0.013480
5.548199,420.653267,-116.913061,7.222694,6.269082,236.974880,-88.261599,3.265336,2.133295,4.867129,5.068923,0.035805,0.009100
5.552396,420.837810,-116.783425,7.352448,6.025621,237.519147,-89.514388,3.513657,3.455125,4.860058,5.072800,0.037630,0.013641
5.556593,420.905034,-116.756634,7.430549,6.011920,237.342661,-89.265388,3.255055,3.538381,4.861049,5.072127,0.037729,0.013820
5.560789,420.921275,-117.079818,7.381516,6.222115,237.241841,-89.397654,3.527143,3.459338,4.861972,5.072755,0.038462,0.013678
5.564986,421.065766,-117.335385,7.309609,6.179970,237.653000,-89.405083,3.405856,3.575950,4.863509,5.072211,0.038605,0.014002
5.569183,420.879380,-118.950398,7.262735,6.218777,237.829325,-90.409277,3.499323,3.528213,4.867063,5.075661,0.038718,0.013853
5.573380,420.656816,-120.219538,7.274184,6.165703,236.937557,-90.228318,3.472940,3.457991,4.874206,5.076244,0.038123,0.013647
5.577577,420.225266,-121.456724,7.102747,5.934871,236.652079,-89.410141,3.885191,2.512148,4.885219,5.073623,0.034878,0.010759
5.581774,420.022389,-122.362426,6.994961,6.259236,237.256846,-89.321353,3.135463,2.063351,4.891241,5.072452,0.035683,0.008776
5.585970,419.183146,-124.268840,7.301085,6.153930,236.493540,-92.603785,3.527485,3.270171,4.884011,5.085607,0.037779,0.013015
5.590167,418.426411,-126.290606,6.968976,6.217163,236.510573,-92.209498,3.721811,2.098825,4.897588,5.084136,0.035723,0.009365
5.594364,418.083974,-128.084338,7.085942,6.165474,235.501432,-93.374987,3.230839,2.075953,4.900250,5.089870,0.035267,0.008951
5.598561,417.036773,-130.217312,7.024674,6.217753,234.532234,-94.813761,3.552032,2.195620,4.903996,5.096569,0.035742,0.009615
5.602758,416.225570,-132.734726,6.974659,6.226398,234.047287,-96.882088,3.561616,2.268249,4.906705,5.104857,0.035953,0.009868
5.606954,415.045618,-135.194174,7.193699,6.048346,232.626762,-99.037315,3.584691,2.364326,4.908061,5.114882,0.035270,0.010241
5.611151,414.225892,-138.452246,6.934159,6.202728,232.394237,-101.173123,3.615183,2.108449,4.914607,5.122994,0.035596,0.009518
5.615348,412.581960,-141.339768,6.996484,6.127514,230.805316,-103.315529,3.446179,2.064910,4.918597,5.133271,0.035148,0.009303
5.619545,411.346082,-144.699631,7.189190,5.954946,229.544936,-105.816114,3.076625,1.980023,4.923094,5.144338,0.034161,0.008751
5.623742,410.503129,-148.255056,7.009852,6.052669,228.712273,-108.725813,3.548682,2.076806,4.926500,5.156149,0.034788,0.009542
5.627939,408.608833,-152.099611,7.008060,5.985224,226.807234,-111.665039,3.415467,1.972872,4.931237,5.169885,0.034258,0.009199
5.632135,407.091499,-155.854736,7.153979,5.870911,225.600537,-114.988273,3.567727,2.272655,4.933866,5.183765,0.034337,0.010241
5.636332,405.424808,-159.714987,6.717369,6.125571,224.046589,-118.675354,3.564402,2.614407,4.934908,5.199506,0.036078,0.011240
5.640529,403.160553,-164.276180,7.099103,6.031606,222.943444,-121.696199,3.479499,2.183325,4.944405,5.212049,0.035112,0.010000
5.644726,401.191845,-168.313172,7.090714,5.935751,220.067823,-126.194606,3.767316,2.881807,4.940868,5.233046,0.035918,0.012316
5.648923,398.654259,-173.338663,6.948613,6.034301,217.971619,-129.589997,4.110475,2.600912,4.949947,5.248774,0.035841,0.012097
5.653120,396.604597,-178.267175,7.004247,5.892836,215.531145,-133.343613,4.172317,2.462323,4.955575,5.266427,0.034852,0.011970
5.657316,393.244428,-183.139654,7.071016,6.090241,212.907540,-138.313127,3.570299,3.488648,4.956022,5.288511,0.038070,0.013837
5.661513,390.891688,-187.142943,6.875246,5.757248,211.013815,-140.360248,3.612065,2.465701,4.966832,5.299355,0.034266,0.011311
5.665710,387.461760,-192.426770,7.054125,6.100748,208.261935,-143.851743,3.246707,2.381773,4.977094,5.316863,0.035761,0.010634
5.669907,384.536432,-198.337843,6.947932,5.898113,205.228685,-148.272807,3.711050,2.509085,4.984668,5.338041,0.035059,0.011756
5.674104,380.947538,-204.086187,7.027514,5.873716,203.084509,-152.549157,3.661371,2.401887,4.994422,5.356633,0.035003,0.011494
5.678300,377.172423,-209.778051,6.983248,5.946467,198.658449,-156.422509,3.648136,2.523496,5.002825,5.379396,0.035357,0.011881
5.682497,373.377834,-215.892852,7.027831,5.982578,195.633489,-161.398329,3.479172,3.027136,5.009880,5.402191,0.036630,0.012688
5.686694,368.914081,-221.977161,6.990374,6.210477,191.481986,-165.732047,3.663143,2.780057,5.019364,5.425826,0.037128,0.012590
5.690891,364.116884,-228.573476,7.052957,5.848451,187.871368,-169.930119,3.801387,2.894818,5.033602,5.447686,0.036010,0.013159
5.695088,359.483564,-234.927225,7.052194,6.071351,184.099461,-173.655463,3.373546,2.480203,5.048491,5.468602,0.036101,0.011597
5.699285,355.221971,-242.552779,6.946535,5.953729,180.326946,-179.778837,3.604591,3.088424,5.056991,5.496265,0.036832,0.013178
5.703481,349.965459,-249.659032,7.106097,6.012258,175.560362,-183.616486,3.765766,2.498220,5.074376,5.520213,0.036044,0.012688
5.707678,343.805236,-256.254958,7.032400,5.957252,172.031892,-187.806631,3.702090,2.795639,5.091585,5.541597,0.036689,0.013033
5.711875,337.916621,-263.457510,7.127523,6.140644,167.088673,-191.547251,3.694636,2.515014,5.110825,5.565881,0.037030,0.012739
5.716072,331.784876,-270.541251,6.965570,6.077457,162.685935,-196.221927,3.331937,2.981104,5.126479,5.590956,0.037531,0.012530
5.720269,324.918350,-278.168613,7.167543,6.084997,157.330099,-200.053374,3.604269,2.790892,5.148562,5.616767,0.037589,0.013033
5.724465,318.272253,-285.454003,6.880200,6.041866,151.824282,-203.865123,3.640915,2.697391,5.168147,5.643066,0.036998,0.013121
5.728662,311.455260,-293.287907,6.975246,6.286412,146.101452,-207.984875,3.737019,2.722490,5.188661,5.670809,0.038091,0.013515
5.732859,303.604445,-300.560764,7.169867,5.985169,140.339298,-211.033793,3.764335,2.405973,5.213967,5.696331,0.036878,0.013439
5.737056,295.409071,-308.197234,7.146750,6.013867,135.175166,-214.952627,4.039560,2.364554,5.239414,5.721815,0.037465,0.014350
5.741253,287.033321,-316.241511,6.850969,6.016558,130.344384,-218.925636,3.812658,3.046226,5.268162,5.746168,0.038309,0.014238
5.745450,278.802461,-324.190919,6.853792,6.026657,124.232810,-221.622531,3.807221,2.377027,5.298247,5.772270,0.037321,0.013849
5.749646,269.392178,-331.719432,6.787661,6.295048,118.668812,-225.226748,3.578741,2.663622,5.327493,5.798261,0.038610,0.013359
5.753843,260.499000,-339.201053,7.028219,6.222399,112.860318,-228.188783,3.758961,2.509902,5.357117,5.823874,0.038927,0.013938
5.758040,250.718610,-347.315411,6.803593,6.245031,106.972359,-230.727631,4.085182,2.769844,5.393842,5.849054,0.039387,0.015276
5.762237,239.927334,-354.997096,6.755195,6.127932,100.640029,-233.536205,3.659948,2.635782,5.429527,5.876294,0.038557,0.013839
5.766434,229.900644,-362.576541,6.736623,6.191833,94.459287,-236.969383,3.517210,3.111720,5.460133,5.903874,0.039233,0.013581
5.770631,218.234842,-369.598702,6.620165,6.345610,88.655607,-238.829786,3.557552,2.567339,5.502357,5.927743,0.039063,0.013553
5.774827,206.419308,-377.479396,6.593863,6.224248,82.559803,-241.105243,3.632145,2.690664,5.545840,5.953277,0.039082,0.013911
5.779024,194.720968,-384.384433,6.539757,6.205686,76.712483,-242.831546,3.656252,2.487511,5.588248,5.977198,0.038920,0.014003
5.783221,182.620127,-390.768722,6.616662,6.643398,69.802722,-245.567604,3.865667,2.984320,5.622644,6.006239,0.040909,0.014912
5.787418,169.745909,-397.422973,6.617222,6.372551,64.155952,-246.339306,3.663921,2.307593,5.673209,6.028408,0.039686,0.014115
5.791615,156.530447,-403.893521,6.496004,6.167758,58.321990,-248.270625,3.611526,2.236010,5.720235,6.052456,0.039098,0.013931
5.795811,142.467933,-408.960246,6.401969,6.363781,52.189730,-248.815218,3.761175,2.516875,5.769864,6.076430,0.039649,0.014621
5.800008,128.590677,-414.292480,6.459002,6.327133,46.048949,-249.805859,4.064396,2.373964,5.818087,6.100893,0.040557,0.015826
5.804205,113.597274,-418.819030,6.443859,6.522368,40.070845,-251.388525,3.658967,2.899534,5.869394,6.125117,0.040286,0.014307
5.808402,99.398243,-423.280188,6.338661,6.574637,34.266355,-252.393858,3.704409,3.036758,5.919041,6.148245,0.040077,0.014500
5.812599,84.132869,-427.704762,6.179426,6.684294,27.635936,-252.154875,3.250736,2.372422,5.971825,6.174022,0.037918,0.012779
5.816796,68.949509,-430.563620,6.398691,6.690808,21.907615,-252.726878,3.248818,2.287946,6.024585,6.196717,0.038974,0.012783
5.820992,53.078917,-433.040238,5.928494,6.910611,16.394947,-253.963880,3.668004,3.091215,6.081130,6.218719,0.038276,0.014404
5.825189,37.878346,-436.186738,5.964527,6.860854,10.453682,-254.658567,3.788915,2.971147,6.133243,6.242159,0.038541,0.014861
5.829386,21.854090,-437.626666,6.023133,6.915290,5.479428,-254.853938,3.973500,2.890820,6.193834,6.261688,0.039334,0.015586
5.833583,6.018865,-438.621359,6.332977,6.920575,-0.996612,-255.123215,3.631823,3.074539,6.244972,6.287092,0.039758,0.014235
5.837780,-10.318614,-438.307388,5.796120,6.825758,-6.761816,-255.822801,3.545306,3.433258,6.302674,6.309611,0.037228,0.013853
5.841977,-26.404144,-437.532276,5.809907,6.562574,-12.367446,-254.183440,3.683278,2.604544,6.359594,6.331803,0.037415,0.014465
5.846173,-42.169062,-436.015149,5.938407,6.660156,-18.050715,-253.822678,3.684167,2.679671,6.414798,6.354181,0.038044,0.014461
5.850370,-58.125889,-434.383712,6.163663,6.608647,-24.154136,-253.241658,3.684446,2.866380,6.468574,6.378277,0.038967,0.014458
5.854567,-73.627522,-431.500622,6.060424,6.479177,-29.898503,-252.560017,3.737148,2.651024,6.522865,6.401019,0.038616,0.014644
5.858764,-88.458676,-428.011818,6.253188,6.455809,-35.227157,-251.567499,3.274954,2.818873,6.576192,6.422311,0.038295,0.012860
5.862961,-104.241900,-423.624766,6.109211,6.259872,-40.647707,-250.787646,3.717598,3.237616,6.635755,6.443868,0.038765,0.014587
5.867157,-118.533646,-419.626342,6.097636,6.350303,-46.333387,-249.874987,3.493600,2.628195,6.685335,6.466529,0.037969,0.013648
5.871354,-133.717346,-414.757463,5.891081,6.631821,-52.008007,-248.325484,3.844148,2.826791,6.739565,6.489636,0.038125,0.015005
5.875551,-147.361077,-409.795723,6.339631,6.278644,-57.613767,-247.425077,3.547127,2.527314,6.788123,6.511962,0.038548,0.013785
5.879748,-161.162631,-403.478845,6.327085,6.552019,-63.571775,-246.246150,3.746669,2.944487,6.838671,6.535832,0.039482,0.014555
5.883945,-173.902577,-397.021642,6.300184,6.233458,-69.730524,-244.858300,3.834782,2.844335,6.883505,6.560620,0.039112,0.014806
5.888142,-187.182164,-390.558331,6.250481,6.191227,-75.022999,-243.225906,3.213978,2.451196,6.933858,6.582376,0.037237,0.012395
5.892338,-199.323309,-383.589901,6.045801,6.331000,-80.514062,-240.731694,3.598266,2.831993,6.976934,6.605946,0.037646,0.013901
5.896535,-211.338872,-376.287756,6.212032,6.463248,-86.121306,-239.386280,3.623739,2.501310,7.024038,6.628527,0.038128,0.013810
5.900732,-222.825214,-368.391884,6.160980,6.514118,-92.190117,-236.901303,3.614299,2.541896,7.065320,6.654303,0.038136,0.013737
5.904929,-234.029629,-361.358828,6.513720,6.254099,-97.423629,-234.707643,3.137134,2.687174,7.106379,6.676628,0.037607,0.012101
5.909126,-243.939267,-353.447135,6.624586,6.277535,-102.397373,-232.005186,3.475733,2.613262,7.144866,6.698829,0.038052,0.013211
5.913322,-254.489166,-345.731901,6.435095,6.219664,-108.098195,-229.701642,3.625521,2.704757,7.183766,6.723040,0.037589,0.013695
5.917519,-264.207444,-337.623077,6.373117,6.402892,-112.914884,-226.752748,3.907390,2.950894,7.221566,6.745203,0.038395,0.014752
5.921716,-273.490902,-329.394797,6.512744,6.334589,-117.941306,-224.426112,3.489123,3.141056,7.260353,6.767043,0.038217,0.013477
5.925913,-282.649975,-321.286471,6.505126,6.348692,-124.414531,-221.554923,3.498714,2.717208,7.291599,6.794854,0.037669,0.013098
5.930110,-291.169260,-312.983949,6.772177,6.171908,-129.080655,-217.702816,3.095951,2.007761,7.322556,6.818384,0.035894,0.011273
5.934307,-299.071551,-304.637179,6.594075,6.416165,-133.722602,-214.474091,3.335311,2.651620,7.354762,6.840699,0.037420,0.012498
5.938503,-306.968914,-296.657879,6.696060,6.157082,-139.719101,-211.539408,3.553108,2.652180,7.383215,6.866898,0.036733,0.013039
5.942700,-314.298133,-289.069207,6.897562,6.128146,-143.709147,-208.177773,3.443933,2.953600,7.411195,6.887385,0.036961,0.013020
5.946897,-320.806162,-282.085745,6.725349,6.137789,-148.817697,-205.497043,3.748311,3.141202,7.435032,6.909959,0.037363,0.013996
5.951094,-327.987530,-274.278297,6.769016,6.384572,-152.683096,-201.790097,3.210403,2.865318,7.461893,6.930924,0.037281,0.012208
5.955291,-334.378784,-266.616663,6.929192,6.372824,-156.829981,-198.153786,3.200117,2.819767,7.485950,6.952695,0.037092,0.012106
5.959488,-340.243477,-259.457778,6.987427,6.182878,-161.420276,-195.584934,3.636834,3.165042,7.510921,6.973176,0.037166,0.013618
5.963684,-345.775289,-252.397935,7.110668,6.218953,-166.743762,-191.845576,3.919035,2.401177,7.527838,6.998696,0.036137,0.013184
5.967881,-351.333452,-244.843068,7.056127,6.330423,-169.505398,-187.727838,3.737611,2.867880,7.549625,7.017618,0.036985,0.013343
5.972078,-356.370712,-238.044575,6.878973,6.401012,-173.381210,-183.624161,3.677234,2.943130,7.564915,7.039900,0.037240,0.013270
5.976275,-361.196233,-230.958330,7.128516,6.276689,-177.439708,-180.346843,3.645440,2.695809,7.585219,7.060458,0.036309,0.012702
5.980472,-365.250900,-224.692518,6.828679,6.446821,-181.661435,-176.778860,3.819585,2.737185,7.598693,7.082204,0.037204,0.013051
5.984668,-370.382435,-218.109683,6.929128,6.563815,-185.602827,-172.944370,3.714904,2.794495,7.614254,7.103874,0.037730,0.012830
5.988865,-374.044301,-212.044743,7.239665,6.469224,-187.789235,-169.229835,3.782586,2.885562,7.628034,7.120521,0.037370,0.013124
5.993062,-377.518424,-205.764010,7.077713,6.598286,-190.813417,-166.120722,4.089295,2.880847,7.644758,7.137653,0.037956,0.013653
5.997259,-381.122823,-200.261545,7.410458,6.440799,-194.273509,-162.989386,3.687167,3.244163,7.657089,7.155927,0.038080,0.013542
6.001456,-384.495809,-194.155237,7.201725,6.530980,-197.188378,-159.050180,4.345688,2.769921,7.668711,7.175235,0.037481,0.013726
6.005653,-387.391093,-188.813000,7.131800,6.448723,-200.152799,-156.182650,3.659261,3.544709,7.681443,7.191358,0.038824,0.014135
6.009849,-390.400318,-183.782460,7.231152,6.482150,-202.462916,-153.312875,3.641344,3.617976,7.693254,7.205863,0.039085,0.014280
6.014046,-393.236160,-178.537243,7.004357,6.595206,-204.026136,-148.815150,3.717677,2.835198,7.698170,7.223800,0.037580,0.012551
6.018243,-395.982507,-173.596402,7.287628,6.420276,-206.868761,-146.627467,4.065112,3.178752,7.712330,7.237378,0.037636,0.013804
6.022440,-398.167435,-168.896024,7.365720,6.611984,-209.302995,-143.165268,4.238978,2.765152,7.718576,7.254068,0.037739,0.013041
6.026637,-400.408838,-164.908071,7.475056,6.380544,-211.140301,-141.431504,4.081428,3.544873,7.730574,7.263781,0.038376,0.014635
6.030834,-402.487603,-160.532942,7.289911,6.628445,-213.291443,-138.147542,4.092951,3.273995,7.736211,7.279229,0.038879,0.013914
6.035030,-404.693946,-156.536529,7.204552,6.562944,-215.401694,-135.174187,4.176760,3.157580,7.741603,7.293555,0.038306,0.013669
6.039227,-406.420589,-153.091946,7.443923,6.353128,-216.994678,-133.084870,3.969677,3.369870,7.748752,7.303833,0.037833,0.013922
6.043424,-407.546795,-149.703589,7.192993,6.368738,-217.668834,-130.994623,4.079707,3.765048,7.755767,7.312235,0.038823,0.015160
6.047621,-409.027995,-146.356344,7.540651,6.479707,-219.171557,-128.524008,4.293092,3.490570,7.760331,7.323616,0.038662,0.014612
6.051818,-410.441955,-143.227023,7.432648,6.457515,-220.250836,-126.470296,3.956258,3.500878,7.766104,7.332741,0.038519,0.014250
6.056014,-411.915124,-140.191416,7.393239,6.603244,-221.578373,-124.432151,4.263677,3.294763,7.771373,7.342298,0.038683,0.013974
6.060211,-412.680865,-137.443936,7.362050,6.415413,-221.726791,-122.494300,4.129738,3.202769,7.775852,7.349255,0.037480,0.013588
6.064408,-413.800854,-135.083439,7.138415,6.681326,-222.382567,-120.678648,3.659964,3.395383,7.778870,7.356789,0.039059,0.013665
6.068605,-414.661963,-132.942181,7.442520,6.613575,-224.268746,-119.600710,4.037948,3.313528,7.784023,7.364057,0.038787,0.013719
6.072802,-415.350503,-130.841146,7.107542,6.734498,-225.235342,-117.949072,3.846102,3.007446,7.786273,7.371578,0.038724,0.012612
6.076999,-416.216074,-129.319232,7.382463,6.569201,-225.935932,-116.174479,4.189786,2.543152,7.785010,7.379045,0.036972,0.011667
6.081195,-416.695187,-127.712105,7.435985,6.522639,-225.344431,-116.083788,3.818287,3.179252,7.793287,7.378296,0.037874,0.013111
6.085392,-416.802668,-126.590171,7.366123,6.691088,-225.693398,-115.368424,4.140700,3.034836,7.795330,7.381435,0.038400,0.012998
6.089589,-416.855546,-125.624332,7.429078,6.483197,-226.821575,-114.707748,3.676124,3.032191,7.796599,7.385770,0.037622,0.012487
6.093786,-417.426616,-124.793806,7.344207,6.683752,-226.626561,-115.062956,3.656840,3.533777,7.803026,7.384177,0.039583,0.014004
6.097983,-417.473232,-124.050796,7.276347,6.814458,-226.307397,-115.209303,4.142053,3.523060,7.807764,7.383094,0.040094,0.014409
6.102179,-417.322882,-123.544998,7.456554,6.505696,-226.035323,-114.888041,4.010004,3.581599,7.808756,7.383736,0.038796,0.014488
6.106376,-417.235417,-123.258763,7.453405,6.669588,-226.196085,-115.169135,4.172190,3.574624,7.811662,7.383036,0.039585,0.014599
6.110573,-417.188014,-123.331373,7.466019,6.631642,-225.898272,-115.239089,4.059134,3.395829,7.811703,7.382257,0.038925,0.013971
6.114770,-417.194247,-123.378525,7.476947,6.592196,-225.914536,-115.776568,4.146055,2.936500,7.814260,7.380400,0.037711,0.012707
6.118967,-416.710550,-123.820301,7.495546,6.595090,-225.694390,-116.437914,4.197507,3.140086,7.815353,7.377687,0.038222,0.013348
6.123164,-416.539704,-124.137454,7.538512,6.614511,-225.799677,-117.130662,4.072214,2.732685,7.817263,7.375457,0.037507,0.012053
6.127360,-415.452357,-125.280534,7.706775,6.607904,-224.107739,-118.409190,4.124066,2.783239,7.818086,7.367906,0.037460,0.012330
6.131557,-414.801936,-126.636008,7.460485,6.574883,-223.792409,-119.249214,4.019978,2.707046,7.815329,7.364396,0.037209,0.012014
6.135754,-413.770150,-128.087140,7.491553,6.525309,-223.264471,-121.177906,4.160492,2.899034,7.817730,7.356718,0.037467,0.012714
6.139951,-412.839942,-129.797443,7.338915,6.618966,-221.679107,-122.843154,4.114359,3.021964,7.817618,7.347959,0.038047,0.013065
6.144148,-411.502866,-131.676413,7.153195,6.351544,-221.201653,-124.391705,4.337286,2.611632,7.815720,7.341710,0.036074,0.012273
6.148345,-410.381054,-133.748497,7.521506,6.594907,-219.362062,-126.820862,4.162870,2.940691,7.817731,7.329795,0.037787,0.012983
6.152541,-409.416773,-136.138369,7.037122,6.667923,-218.315811,-129.169963,4.200935,3.089819,7.817533,7.319713,0.038437,0.013454
6.156738,-407.653682,-138.617126,7.160042,6.703374,-217.641415,-132.088802,4.255791,3.338184,7.819638,7.308497,0.039393,0.014173
6.160935,-406.600209,-141.400595,7.403302,6.466997,-215.464297,-133.131976,4.314250,2.701471,7.810748,7.300516,0.036651,0.012748
6.165132,-404.355508,-145.060949,7.279223,6.450247,-213.853099,-136.434902,4.037079,3.036868,7.808732,7.286100,0.037400,0.013234
6.169329,-402.709563,-147.602251,7.353912,6.513032,-212.668124,-139.559048,4.464557,3.219553,7.811683,7.273240,0.038210,0.014307
6.173525,-400.472251,-151.371184,7.348299,6.463814,-210.482302,-142.695386,4.193830,3.450879,7.808349,7.258212,0.038540,0.014554
6.177722,-398.841070,-155.001860,7.176935,6.431212,-208.210191,-144.582584,4.209718,2.995403,7.799379,7.247019,0.037182,0.013562
6.181919,-396.420787,-159.185225,7.337735,6.438395,-206.310675,-147.793895,4.593943,2.810737,7.794134,7.232356,0.036921,0.013863
6.186116,-394.021812,-163.286503,7.405937,6.360754,-203.953225,-150.732845,4.184484,2.918751,7.788029,7.217522,0.036779,0.013485
6.190313,-391.676339,-167.588422,7.439377,6.449018,-201.229992,-154.068904,4.222996,2.810283,7.783112,7.200548,0.036890,0.013421
6.194510,-388.497059,-172.176430,7.249076,6.575730,-198.979333,-157.695409,4.318563,2.962174,7.777720,7.183817,0.037985,0.013972
6.198706,-385.542093,-176.802158,7.035009,6.491982,-195.791239,-160.738754,4.237869,2.821733,7.769528,7.166584,0.037218,0.013668
6.202903,-382.660413,-181.896828,7.072935,6.314734,-193.312090,-164.326490,4.332202,2.799062,7.761453,7.149454,0.036392,0.013891
6.207100,-379.104651,-187.349983,7.161804,6.467421,-189.662103,-167.028047,3.663650,2.418986,7.747118,7.131954,0.036315,0.011975
6.211297,-376.142892,-193.112896,7.275329,6.245344,-187.316063,-170.861361,4.105520,2.593426,7.736682,7.114491,0.035695,0.013274
6.215494,-371.905718,-198.911852,7.112177,6.470795,-183.010087,-174.873470,4.348154,2.769952,7.727405,7.091315,0.037083,0.014263
6.219691,-368.045846,-204.905368,7.204017,6.335004,-180.005769,-178.317821,3.888513,2.913444,7.713520,7.073294,0.036852,0.013542
6.223887,-364.065563,-210.887136,6.932151,6.387403,-175.905150,-181.370398,3.696584,2.638985,7.698380,7.053288,0.036413,0.012774
6.228084,-359.693575,-217.543773,7.240282,6.375034,-173.155141,-185.617222,4.010384,2.993277,7.684471,7.033862,0.037415,0.014077
6.232281,-354.686272,-224.274228,6.958487,6.326032,-169.074229,-189.749079,4.061775,3.186224,7.670076,7.011029,0.037701,0.014558
6.236478,-350.369707,-230.989732,6.960885,6.392482,-163.942597,-192.161838,3.900274,2.613159,7.648643,6.989504,0.036517,0.013530
6.240675,-344.694819,-238.223907,6.969853,6.358968,-160.123350,-195.712528,3.530551,2.635235,7.627605,6.968899,0.036605,0.012662
6.244871,-339.668874,-245.403482,6.811204,6.340949,-156.370524,-199.483904,4.085646,2.928599,7.608515,6.948017,0.037281,0.014551
6.249068,-333.800547,-253.083733,6.882797,6.142643,-152.810429,-203.055762,3.953303,2.780854,7.584302,6.928319,0.036397,0.014064
6.253265,-328.161426,-260.481344,6.824127,6.298258,-146.890102,-206.024750,3.779738,2.725327,7.562144,6.902565,0.036693,0.013676
6.257462,-322.020785,-268.559946,6.881256,6.243503,-141.937089,-209.611508,3.541214,2.706847,7.537636,6.878406,0.036419,0.013043
6.261659,-315.135383,-276.503313,6.615462,6.273421,-137.063376,-212.471907,3.630589,2.750388,7.508797,6.856101,0.036638,0.013430
6.265856,-308.351375,-284.649152,6.768934,6.292896,-132.671099,-215.749265,3.255605,2.678434,7.480227,6.834512,0.036737,0.012271
6.270052,-300.600252,-292.624833,6.732560,6.209087,-127.545161,-218.317651,3.381867,2.656256,7.448403,6.811920,0.036535,0.012707
6.274249,-292.900884,-301.317958,6.526204,6.176291,-122.514197,-221.541888,3.243717,2.612956,7.416091,6.788334,0.036221,0.012275
6.278446,-284.927733,-309.404920,6.560537,6.254552,-117.203781,-224.712577,3.260403,2.440401,7.386381,6.763941,0.036417,0.012245
6.282643,-276.762308,-318.072062,6.519042,6.324622,-112.882447,-227.818654,3.193544,2.558459,7.350579,6.743220,0.037023,0.012109
6.286840,-267.576715,-326.677462,6.614440,6.175197,-106.521721,-229.427262,3.373522,2.962652,7.310749,6.717862,0.037247,0.013063
6.291036,-258.621362,-335.096336,6.458611,6.268330,-101.662142,-232.056951,3.431821,2.689386,7.273070,6.696092,0.037138,0.013118
6.295233,-248.695528,-343.807264,6.457691,6.046253,-96.550537,-234.559149,3.174195,2.719349,7.231242,6.673673,0.036451,0.012270
6.299430,-238.542671,-351.867276,6.496545,6.393247,-91.660808,-237.130348,3.486600,2.327143,7.190840,6.652036,0.037690,0.013211
6.303627,-228.159985,-360.613033,6.366458,6.481355,-86.316632,-239.144697,3.600457,2.665623,7.145809,6.629572,0.038229,0.013788
6.307824,-216.633772,-368.314810,6.293635,6.483759,-81.912063,-240.485916,3.624336,2.767241,7.094831,6.611471,0.038507,0.013953
6.312021,-205.198157,-376.105729,6.126728,6.527506,-75.610703,-241.849600,3.527307,2.985319,7.050890,6.586193,0.038168,0.013743
6.316217,-192.683069,-383.959611,5.847452,6.324673,-69.984482,-244.074024,3.466399,3.094009,7.003223,6.562428,0.037107,0.013546
6.320414,-180.318724,-391.264810,6.031562,6.374953,-65.628310,-245.595661,3.719920,2.695273,6.950156,6.544305,0.037884,0.014400
6.324611,-166.898534,-398.331708,6.142260,6.237482,-59.968554,-247.977753,3.565954,3.247350,6.901381,6.520460,0.038368,0.013911
6.328808,-153.604222,-405.069510,6.206972,6.492090,-55.292780,-247.626377,3.023120,3.154128,6.841371,6.502873,0.037677,0.011940
6.333005,-139.474017,-411.268855,6.140860,6.315522,-50.210089,-249.137716,3.623818,2.446080,6.786463,6.482057,0.038085,0.014106
6.337202,-124.838676,-416.478157,5.941865,6.471145,-44.801940,-250.462362,3.208962,2.882917,6.732413,6.460190,0.036987,0.012574
6.341398,-109.960755,-421.817160,5.818237,6.498471,-39.680892,-252.179002,3.615573,3.331318,6.675952,6.439258,0.037677,0.014137
6.345595,-94.873147,-426.989244,5.963756,6.284559,-35.257321,-251.705388,3.146776,2.234110,6.611023,6.422354,0.036380,0.012322
6.349792,-78.836950,-430.786871,5.866932,6.429660,-30.024167,-252.581014,3.708792,2.867643,6.550540,6.401500,0.037603,0.014540
6.353989,-63.160613,-433.583093,5.785039,6.527545,-24.991313,-253.269804,3.958906,2.718247,6.491789,6.381542,0.038048,0.015516
6.358186,-47.386646,-436.161381,5.726827,6.701863,-19.941696,-253.782600,3.519689,2.775137,6.432548,6.361602,0.036513,0.013810
6.362382,-30.722312,-437.790583,5.817027,6.632675,-14.402263,-254.353582,3.532434,3.086253,6.371920,6.339748,0.036977,0.013860
6.366579,-15.111026,-438.205235,6.162306,6.500715,-9.316392,-255.555524,3.554128,3.407899,6.314900,6.319625,0.038929,0.013897
6.370776,1.470185,-438.871653,5.776663,6.639398,-3.759367,-255.279386,3.820742,2.689389,6.254708,6.297911,0.037710,0.014964
6.374973,17.139631,-437.561974,6.106273,6.757779,0.158176,-254.675335,3.637623,2.642608,6.190598,6.282564,0.038704,0.014283
6.379170,33.471452,-436.482307,6.214895,6.476194,6.096566,-255.777845,3.474490,3.084599,6.132839,6.259354,0.038964,0.013579
6.383367,49.362011,-434.495307,6.183972,6.498270,10.692995,-254.836058,3.428726,2.569027,6.071184,6.241250,0.038456,0.013438
6.387563,65.459026,-431.042337,5.739651,6.464600,16.150026,-254.522880,3.651847,2.601727,6.010788,6.219818,0.037184,0.014305
6.391760,80.355137,-427.382812,5.986803,6.417894,21.810828,-253.400522,3.033477,2.258036,5.958591,6.197324,0.036612,0.011907
6.395957,95.929506,-423.403982,6.320976,6.402572,26.492889,-253.615573,3.676174,2.772451,5.894979,6.179102,0.039606,0.014383
6.400154,110.650829,-418.330183,6.207695,6.366550,32.479770,-253.042128,3.623266,2.606414,5.841420,6.155526,0.039009,0.014147
6.404351,125.243497,-413.264913,6.468330,6.437309,37.730310,-252.224654,3.300062,2.627567,5.785405,6.134696,0.039242,0.012888
6.408548,138.909311,-407.631651,6.392541,6.228809,44.476999,-250.951674,3.525279,2.517792,5.740777,6.107774,0.039083,0.013729
6.412744,152.412093,-401.236266,6.573791,6.307602,49.509995,-250.484620,3.051128,2.876170,5.684237,6.088044,0.039166,0.011925
6.416941,165.947758,-394.667307,6.672235,6.270414,55.186172,-248.497668,3.584451,2.164810,5.634736,6.064653,0.039506,0.013870
6.421138,178.407144,-388.020362,6.620428,6.309434,60.648265,-247.422633,3.614605,2.718277,5.585958,6.042805,0.039657,0.014013
6.425335,190.847438,-380.893409,6.946217,6.278007,66.594464,-245.615958,3.637941,2.379811,5.540240,6.018418,0.039998,0.014013
6.429532,202.401954,-373.450011,6.573428,6.450996,72.532991,-244.000696,3.814726,2.551405,5.496169,5.994239,0.039676,0.014646
6.433728,213.767925,-366.072817,6.709425,6.200165,78.352285,-242.009861,3.682983,2.277911,5.454063,5.970078,0.038676,0.014048
6.437925,224.750299,-358.571202,6.495482,6.184728,84.511398,-239.888445,3.621841,2.227399,5.414725,5.944468,0.037813,0.013743
6.442122,235.217045,-351.127679,6.793175,6.439286,90.419294,-237.615634,3.555334,2.311943,5.377257,5.919577,0.038955,0.013464
6.446319,245.454165,-343.727620,6.837193,6.211316,96.727003,-235.346916,3.532484,2.443895,5.342132,5.893234,0.038286,0.013350
6.450516,254.892286,-335.833550,6.702748,6.257548,102.471841,-232.812077,3.643663,2.661508,5.306759,5.868554,0.038433,0.013772
6.454713,264.595240,-328.244989,6.909282,6.268957,108.699578,-230.471232,3.681409,2.675603,5.272550,5.842482,0.038673,0.013813
6.458909,273.241373,-320.132109,6.673348,6.112861,114.721466,-227.087364,3.619399,2.464806,5.243165,5.815397,0.037329,0.013428
6.463106,282.153386,-312.568100,6.842449,5.906563,120.098711,-223.959215,3.574024,2.332462,5.212760,5.790958,0.036224,0.013131
6.467303,290.369694,-304.597508,6.849354,5.800087,126.350286,-221.135307,3.705215,2.586507,5.183096,5.764083,0.036251,0.013599
6.471500,298.153200,-297.679598,6.814603,6.112592,132.084497,-217.268554,3.833080,2.353349,5.163320,5.736954,0.036903,0.013749
6.475697,305.674277,-290.307854,7.039181,5.882685,138.170386,-213.437148,3.649395,2.373168,5.142635,5.708669,0.036063,0.013073
6.479893,312.751839,-282.684284,7.015457,5.950651,142.568403,-210.121128,3.595302,2.558623,5.115430,5.687031,0.036284,0.013011
6.484090,319.700512,-275.812559,6.903024,5.891554,148.056812,-206.301214,3.732855,2.533687,5.097176,5.660696,0.035825,0.013285
6.488287,325.600226,-268.435888,6.860314,5.937549,152.866762,-202.518027,3.245020,2.444550,5.076947,5.636600,0.035596,0.011742
6.492484,332.060158,-261.739738,6.913372,5.878116,158.153693,-199.059989,3.670463,2.458543,5.058318,5.611805,0.035462,0.012805
6.496681,338.531660,-255.388733,7.058503,5.852108,163.384672,-195.111535,3.580026,2.838595,5.043845,5.586057,0.035997,0.012946
6.500878,344.088603,-248.599183,7.166610,5.862289,167.652765,-190.959172,3.621780,2.566500,5.028150,5.562686,0.035420,0.012614
6.505074,349.374261,-242.427273,6.916882,6.083538,172.231070,-186.633724,3.756115,2.709430,5.017516,5.537900,0.036494,0.013057
6.509271,354.264784,-235.908706,6.964889,6.034202,176.621090,-182.561819,4.042752,2.732100,5.004123,5.514325,0.036411,0.013666
6.513468,359.096871,-229.980886,6.829238,6.013460,180.473832,-177.801166,3.235713,2.630358,4.996603,5.490327,0.035720,0.011621
6.517665,363.442810,-223.917489,6.920279,6.047106,184.856777,-173.533052,3.201061,2.532883,4.987372,5.466202,0.035788,0.011301
6.521862,368.205437,-218.863102,7.061959,5.790954,189.800459,-170.015371,3.603002,2.832898,4.979642,5.442856,0.035470,0.012553
6.526059,371.985764,-212.954379,7.179464,5.900157,192.365522,-166.040240,3.959405,2.763955,4.967867,5.424468,0.035744,0.013094
6.530255,376.123787,-207.554581,7.179074,5.894323,196.614446,-161.834514,3.935062,2.821129,4.961781,5.401061,0.035883,0.013023
6.534452,380.287137,-202.733323,7.089113,5.948305,200.312952,-156.364531,3.145468,2.445290,4.964546,5.375189,0.035090,0.010749
6.538649,383.398959,-197.655248,7.176485,5.963582,202.949851,-152.745719,3.751188,2.725958,4.956310,5.357570,0.035798,0.012345
6.542846,386.754964,-192.851424,7.059884,6.002105,205.998527,-149.671773,3.873806,3.291375,4.946878,5.340724,0.037214,0.013759
6.547043,389.941346,-188.264699,7.330642,5.838786,208.573132,-144.656088,3.672801,2.865108,4.948352,5.318774,0.035423,0.012411
6.551239,392.666229,-183.774040,6.958437,6.027057,211.120114,-140.066734,3.706940,2.656261,4.948643,5.298158,0.035688,0.011906
6.555436,394.993384,-179.480885,7.026844,6.007929,213.944104,-136.843316,3.271325,2.956786,4.943677,5.281434,0.036320,0.012015
6.559633,397.325226,-175.500624,7.211185,5.939338,216.039516,-132.817116,3.894048,2.783278,4.943626,5.263606,0.035733,0.012332
6.563830,399.595386,-171.554195,7.123074,5.896113,219.559893,-129.359960,2.970923,3.104062,4.942600,5.244813,0.036354,0.012048
6.568027,401.852523,-167.736196,6.974259,5.876695,220.939683,-125.063457,3.590148,2.483974,4.944030,5.227473,0.034784,0.011001
6.572224,403.451300,-164.498229,7.234776,5.902825,223.175898,-121.680942,3.696540,2.497783,4.945579,5.211558,0.035148,0.011086
6.576420,405.168440,-160.937199,7.039255,5.963422,224.400888,-118.658006,3.641695,2.807994,4.942146,5.198792,0.035914,0.011858
6.580617,407.127797,-157.828875,7.184967,6.203748,227.107586,-114.634437,3.049376,2.262441,4.947879,5.179836,0.036053,0.009602
6.584814,408.566360,-154.767041,7.174138,6.175985,227.582881,-111.862534,3.081665,2.397071,4.945155,5.169233,0.035984,0.010035
6.589011,409.840743,-152.623925,6.830796,6.049657,229.426441,-108.431842,3.063475,2.128161,4.952607,5.153895,0.034878,0.009171
6.593208,410.790037,-149.657666,7.227613,6.254010,230.249845,-106.245243,3.349856,2.393399,4.948367,5.144711,0.036470,0.010202
6.597405,412.026988,-147.471684,7.032825,6.134412,231.479794,-103.635290,3.159312,2.399291,4.950577,5.133335,0.035816,0.010023
6.601601,412.918984,-145.186205,7.282848,6.023286,232.132371,-101.303723,3.705727,2.479701,4.950514,5.123880,0.035568,0.010713
6.605798,413.107971,-143.226789,7.145515,6.092194,233.320524,-99.043682,3.172136,2.436077,4.953365,5.113833,0.035861,0.010108
6.609995,414.240876,-141.498810,6.950087,6.180272,233.829974,-98.119568,3.563757,3.032223,4.948356,5.109693,0.037390,0.012294
6.614192,414.872507,-140.299636,7.311663,6.085799,235.191548,-95.378477,3.167824,2.443115,4.957372,5.097658,0.035900,0.010079
6.618389,415.126014,-138.837194,7.293359,6.114663,234.859877,-95.788358,3.186705,3.602358,4.946806,5.099647,0.038558,0.013981
6.622585,415.948437,-138.043999,7.037320,6.303859,236.497715,-93.878518,3.157279,3.246211,4.953708,5.090266,0.038568,0.012711
6.626782,416.114419,-136.726223,7.081540,6.253893,236.396774,-91.827922,3.738200,2.420672,4.957205,5.082897,0.036652,0.010375
6.630979,416.734013,-136.304232,7.305889,6.185712,236.425510,-91.230985,3.501986,2.662369,4.957347,5.080661,0.036708,0.010992
6.635176,416.859503,-135.909469,7.384757,6.305057,236.723364,-89.904315,3.560296,2.322572,4.962435,5.075349,0.036678,0.009922
6.639373,416.982942,-135.393466,7.308644,6.235272,237.278276,-89.612218,3.151944,2.434493,4.961841,5.073496,0.036548,0.009995
6.643570,416.781401,-135.197531,7.284747,6.249159,237.144456,-90.119066,3.855576,2.971182,4.958254,5.075551,0.037822,0.012207
6.647766,416.781401,-135.197531,7.284747,6.249159,237.473921,-90.973471,3.850946,3.376993,4.954201,5.078232,0.038842,0.013532
6.651963,416.436515,-135.167553,7.056743,6.293285,238.163280,-90.745799,3.629672,3.362043,4.956594,5.076430,0.039104,0.013329
6.656160,416.612951,-135.389923,7.152351,6.326331,237.913016,-90.767786,3.605807,3.192444,4.957089,5.076861,0.038785,0.012755
6.660357,416.487310,-136.125833,7.226647,6.276102,238.086663,-91.507052,3.240479,3.247470,4.957466,5.079326,0.038715,0.012728
6.664554,416.383162,-136.878905,7.093817,6.268097,236.932266,-91.117396,3.049714,2.632031,4.962076,5.079525,0.037033,0.010595
6.668750,415.790370,-138.207372,6.872755,6.256960,237.041671,-91.969056,3.381878,2.199946,4.965518,5.082497,0.036296,0.009392
6.672947,415.159576,-138.905679,7.241375,6.143328,235.861426,-94.116542,3.660718,2.867103,4.957182,5.092062,0.037147,0.011769
6.677144,414.440759,-140.525516,7.123153,6.165180,235.475388,-96.738711,3.796867,3.318413,4.952341,5.102191,0.038353,0.013323
6.681341,414.095445,-142.440189,6.914793,6.094239,234.919745,-97.863106,3.047571,3.621476,4.956228,5.107107,0.038547,0.013920
6.685538,413.286018,-143.788955,7.079243,6.000551,233.503356,-98.574526,3.926167,2.707664,4.958774,5.111847,0.036048,0.011539
6.689735,412.824775,-145.920722,7.185481,6.253734,233.577947,-99.775091,3.148040,2.447621,4.964359,5.116088,0.036692,0.010111
6.693931,411.297407,-148.143707,7.114343,6.035563,233.064297,-102.845236,2.817316,3.274954,4.961272,5.127963,0.037613,0.012580
6.698128,410.451004,-150.731993,6.974550,6.217714,232.465356,-104.174943,3.646643,2.236045,4.968234,5.133688,0.036394,0.009921
6.702325,409.569289,-152.961508,7.050286,6.086416,229.838145,-107.737726,3.754530,2.991539,4.958891,5.150729,0.037012,0.012381
6.706522,408.234799,-155.589239,6.911660,6.201538,228.815787,-109.473799,3.451647,2.384399,4.963970,5.158637,0.036255,0.010315
6.710719,406.731034,-158.601482,7.029728,6.132459,227.698220,-113.678066,2.955038,3.528294,4.958236,5.175435,0.038513,0.013444
6.714916,405.008560,-161.873281,6.979840,5.863785,225.053054,-115.684167,3.495056,2.642880,4.963635,5.187198,0.035122,0.011232
6.719112,402.925198,-165.055516,6.959997,6.185448,224.357012,-118.037495,3.255544,2.263637,4.969851,5.196709,0.036085,0.009909
6.723309,401.595248,-168.614949,7.202922,5.985947,223.321630,-122.006044,3.506386,2.409921,4.968111,5.212406,0.035620,0.010616
6.727506,399.163710,-172.363116,6.976641,5.875167,220.749213,-125.186809,3.665493,2.271246,4.970892,5.228266,0.034757,0.010553
6.731703,397.390949,-176.319838,7.359535,6.136717,219.095635,-128.933936,3.625601,2.121924,4.972156,5.244297,0.035882,0.010201
6.735900,394.957411,-180.379045,6.986795,6.058367,216.325137,-133.297097,3.493386,2.590645,4.970097,5.264627,0.036135,0.011285
6.740096,392.997497,-184.580721,7.061515,5.947405,213.319749,-137.006192,3.580900,2.492935,4.971226,5.283302,0.035267,0.011257
6.744293,390.440650,-188.997880,6.871817,6.082566,211.091188,-142.106602,3.345020,3.076759,4.968117,5.304901,0.037072,0.012429
6.748490,387.146658,-193.676977,7.041720,6.109086,208.801676,-145.414436,3.455369,2.633415,4.976672,5.320711,0.036482,0.011505
6.752687,384.421488,-198.681437,7.054353,5.753397,205.675331,-150.150622,3.376077,3.061941,4.977505,5.342991,0.035715,0.012467
6.756884,381.034829,-203.299846,7.023631,6.056482,201.909095,-153.613714,3.409066,2.497692,4.982968,5.362770,0.035768,0.011295
6.761081,377.524028,-208.570155,7.073128,5.777335,198.622489,-158.250028,3.855972,2.865092,4.986578,5.385138,0.035406,0.012937
6.765277,373.903395,-213.992981,7.168012,6.105862,195.339466,-161.932579,3.584079,2.631013,4.996076,5.404553,0.036374,0.012041
6.769474,369.831510,-219.899237,7.197736,6.065440,192.771352,-166.339881,3.266993,2.657935,5.006131,5.424317,0.036431,0.011521
6.773671,365.393648,-225.473381,7.035593,5.977348,188.300179,-170.467413,3.737364,2.832728,5.013546,5.448122,0.036370,0.012879
6.777868,361.125071,-231.512784,7.209145,6.057094,184.905504,-175.125626,3.147377,2.886281,5.022076,5.470630,0.036889,0.011829
6.782065,356.380326,-237.711144,7.225209,6.115753,180.062052,-179.928069,3.546795,2.763627,5.029079,5.497415,0.036931,0.012489
6.786262,351.844365,-243.531004,7.200051,5.980485,175.890299,-183.650665,3.314730,2.710768,5.040413,5.519368,0.036156,0.011958
6.790458,346.328304,-250.031229,7.155236,6.051674,171.602643,-187.699815,3.459105,2.596121,5.055054,5.542558,0.036400,0.012174
6.794655,340.694950,-256.579252,6.948736,5.924292,167.025519,-192.007877,3.948266,2.631944,5.068357,5.567257,0.036075,0.013531
6.798852,335.124337,-262.111338,7.147294,5.943224,162.227889,-195.176403,3.670085,2.771825,5.081759,5.589716,0.036508,0.013130
6.803049,329.158990,-269.170025,7.228169,5.969968,156.968658,-199.698929,3.203905,3.056105,5.095870,5.617023,0.037093,0.012395
6.807246,322.326379,-276.888368,6.915282,6.117495,151.907882,-204.196458,3.465123,2.606818,5.115571,5.643580,0.036854,0.012518
6.811442,316.038220,-284.121381,7.060128,5.944640,147.821920,-208.070137,3.456082,2.704785,5.136991,5.665485,0.036700,0.012630
6.815639,308.856032,-291.090997,7.213395,6.023406,141.125564,-211.409701,3.389129,2.611833,5.155883,5.694575,0.036865,0.012471
6.819836,301.582547,-298.259027,6.698458,5.880250,135.879332,-215.610604,3.519102,2.988340,5.175055,5.720850,0.036725,0.013250
6.824033,294.039280,-305.939055,6.767733,6.045511,130.632512,-218.454832,3.601217,2.480436,5.203936,5.744249,0.036703,0.013132
6.828230,286.086726,-313.434622,6.768095,6.126810,124.684447,-222.678122,3.576194,2.935849,5.224626,5.772749,0.037859,0.013456
6.832427,276.922178,-320.655057,6.973241,6.015041,118.392960,-224.989271,3.728073,2.906207,5.255348,5.798786,0.037961,0.014026
6.836623,268.103074,-328.684349,7.165339,5.941335,112.961379,-227.765663,3.633311,2.311434,5.289111,5.822779,0.037336,0.013425
6.840820,259.331773,-336.116101,6.902239,6.058494,106.586765,-230.852583,3.632702,2.456378,5.315793,5.850637,0.037568,0.013588
6.845017,249.611635,-343.699275,7.173250,6.153300,100.891619,-233.437601,3.529825,2.406713,5.350366,5.875232,0.038514,0.013283
6.849214,239.533952,-351.231388,6.903021,6.286638,94.497182,-236.825223,3.642465,2.798982,5.380268,5.903527,0.039245,0.013878
6.853411,229.280770,-358.646637,6.863822,6.275961,88.529817,-239.209934,3.575690,2.824836,5.416051,5.928724,0.039294,0.013698
6.857607,218.446126,-365.824473,6.989611,6.176749,82.555392,-241.285084,3.575690,2.824836,5.454228,5.953522,0.039574,0.013742
6.861804,207.182045,-373.519166,6.902448,6.301138,76.702415,-243.415962,3.770053,2.772034,5.496343,5.977926,0.040103,0.014462
6.866001,195.483495,-380.501235,6.512981,6.266335,70.410710,-244.390572,3.828024,2.338506,5.540023,6.002675,0.038794,0.014685
6.870198,183.618365,-387.543411,6.505636,6.419016,64.348480,-246.069554,3.715875,2.469791,5.582738,6.027408,0.039144,0.014346
6.874395,170.497595,-394.209217,6.713515,6.329847,58.580814,-248.087290,3.795391,2.615605,5.629577,6.051303,0.040230,0.014681
6.878592,156.934024,-400.476877,6.526739,6.409331,52.961892,-250.272102,3.587057,3.194047,5.677712,6.074645,0.040267,0.013960
6.882788,144.108842,-406.577803,6.479239,6.428014,46.900677,-251.495014,3.693817,3.214202,5.723282,6.098816,0.040336,0.014379
6.886985,130.212457,-412.552278,6.435114,6.394683,40.907462,-251.964399,3.399331,3.017060,5.775661,6.122236,0.039344,0.013281
6.891182,115.812986,-417.708180,6.519147,6.617774,34.802256,-253.024652,3.570717,2.914526,5.826024,6.146498,0.040288,0.013937
6.895379,101.346527,-422.783473,6.197623,6.447557,29.480605,-253.988855,3.208187,3.102044,5.880671,6.167632,0.038189,0.012542
6.899576,86.562032,-426.851011,6.006755,6.608288,23.267031,-254.094780,3.196163,2.879673,5.931990,6.191872,0.037249,0.012516
6.903773,71.287498,-430.587677,6.236868,6.467800,18.321610,-254.484768,3.828757,2.813794,5.991025,6.211314,0.039679,0.014988
6.907969,54.914966,-433.466685,6.249506,6.573919,12.475092,-254.953772,3.789517,2.875285,6.049777,6.234294,0.039793,0.014838
6.912166,39.592059,-435.967839,5.758113,6.805564,6.525371,-255.043723,3.675020,2.668744,6.102415,6.257606,0.037228,0.014402
6.916363,23.985083,-437.573653,6.014183,6.708944,1.364020,-254.968499,3.222803,2.569757,6.159934,6.277836,0.037113,0.012640
6.920560,7.627026,-437.609678,5.904794,6.750875,-3.677053,-254.155834,3.639938,2.901320,6.221645,6.297652,0.037748,0.014320
6.924757,-8.677934,-437.794395,6.047213,6.652553,-8.906554,-253.247477,3.260380,2.512615,6.281946,6.318340,0.037227,0.012863
6.928953,-24.899906,-436.962686,6.099991,6.669759,-14.267575,-253.367633,3.635594,2.571579,6.341033,6.339438,0.038615,0.014315
6.933150,-41.260180,-435.661787,6.116247,6.658948,-19.632757,-252.661574,3.566111,2.550273,6.400822,6.360733,0.038425,0.014051
6.937347,-56.805787,-434.565200,5.854021,6.571775,-23.856959,-253.944660,3.582006,2.951910,6.463621,6.376856,0.037441,0.014024
6.941544,-72.727923,-431.709276,6.012864,6.634829,-29.593873,-252.534605,3.587814,2.458748,6.519427,6.399841,0.038015,0.014060
6.945741,-87.986765,-428.850360,6.251256,6.353403,-34.822094,-252.035570,3.159231,2.469141,6.575266,6.420480,0.037852,0.012372
6.949938,-103.614279,-424.234902,5.931594,6.121991,-39.855458,-250.973369,3.576176,2.178145,6.635798,6.440674,0.037247,0.013964
6.954134,-118.138227,-420.116993,5.884078,6.356395,-45.198940,-250.118286,3.237793,2.673943,6.688488,6.461966,0.036459,0.012675
6.958331,-133.000638,-414.359809,6.196759,6.343403,-50.207541,-249.269102,3.625438,2.530160,6.748033,6.481945,0.038500,0.014115
6.962528,-147.200591,-408.335055,6.307290,6.344484,-55.017495,-246.898094,3.122811,2.931494,6.802020,6.502438,0.037794,0.012311
6.966725,-160.475414,-402.155875,5.872938,6.323697,-60.596246,-245.775458,3.449636,2.499934,6.851571,6.524915,0.036689,0.013441
6.970922,-173.594593,-396.003069,6.239171,6.388045,-65.797449,-244.716281,3.630623,3.145960,6.902275,6.545846,0.038683,0.014206
6.975119,-186.830964,-388.598511,6.145908,6.244272,-70.846554,-243.634382,3.395583,3.522993,6.957981,6.566172,0.038134,0.013423
6.979315,-199.306054,-381.775236,6.216167,6.368743,-76.197535,-241.820459,3.300218,3.161403,7.004632,6.588437,0.037928,0.012968
6.983512,-210.828304,-374.242411,6.355559,6.423091,-81.484732,-239.994799,3.025212,3.125720,7.049981,6.610500,0.038029,0.011978
6.987709,-222.593722,-366.661329,6.358290,6.545828,-86.822769,-238.098328,3.147942,3.299302,7.095845,6.632852,0.038613,0.012493
6.991906,-232.835068,-358.413000,6.346654,6.345173,-91.781025,-236.307868,3.400080,3.209064,7.140465,6.653648,0.038319,0.013316
6.996103,-243.931651,-349.887399,6.129024,6.222728,-97.179500,-234.060369,3.284134,3.192682,7.185818,6.676717,0.037327,0.012906
7.000299,-253.518961,-341.745485,6.325417,6.109820,-101.942633,-230.823399,3.379168,3.047291,7.222237,6.699072,0.036999,0.013186
7.004496,-263.354489,-334.330596,6.526838,6.403775,-107.974997,-229.621708,3.606520,2.828979,7.260994,6.722734,0.038141,0.013709
7.008693,-272.498760,-326.020569,6.523387,6.156955,-112.463672,-226.506907,3.166450,2.825765,7.297669,6.744040,0.036671,0.012266
7.012890,-281.194367,-317.269447,6.452953,6.415303,-117.448978,-224.105802,3.503730,2.997009,7.336703,6.765909,0.037930,0.013442
7.017087,-289.356691,-309.125328,6.543845,6.410368,-123.084031,-221.215446,3.630510,3.140169,7.367631,6.790928,0.038361,0.013908
7.021284,-297.282028,-301.326138,6.511749,6.313731,-127.756086,-218.707751,3.378316,2.840492,7.400506,6.811862,0.037141,0.012831
7.025480,-304.815062,-293.171849,6.832180,6.178781,-132.664705,-215.743398,3.306924,2.917004,7.431317,6.834502,0.036904,0.012653
7.029677,-312.185842,-285.364003,6.704334,6.315193,-137.155480,-212.370531,3.568238,2.672856,7.458878,6.856624,0.036763,0.013171
7.033874,-318.847415,-277.704552,6.913366,6.380353,-142.251311,-209.529102,3.129598,3.010080,7.485556,6.879616,0.037646,0.012211
7.038071,-325.743426,-269.816773,7.045411,6.377855,-146.482582,-206.251593,3.224080,2.718885,7.513218,6.900733,0.036956,0.012112
7.042268,-331.568789,-262.260149,6.602080,6.328863,-151.851595,-204.195440,3.678668,3.245714,7.541479,6.922615,0.037889,0.013874
7.046464,-337.389207,-253.975033,7.118790,6.292412,-155.491506,-198.944829,3.730976,2.817389,7.560202,6.946594,0.036821,0.013518
7.050661,-342.762213,-246.625607,6.858031,6.557711,-160.289136,-196.618069,3.946970,3.635500,7.586495,6.967145,0.039787,0.015081
7.054858,-348.209206,-239.752256,7.008514,6.445226,-164.371237,-192.320746,4.317032,2.988009,7.601481,6.990386,0.037816,0.015071
7.059055,-353.341467,-232.947273,7.198161,6.382646,-167.297095,-188.903974,3.615814,2.761107,7.621526,7.007998,0.036703,0.012950
7.063252,-357.859813,-226.058176,7.134286,6.362434,-172.623273,-186.185499,4.187389,3.104840,7.641964,7.030804,0.037664,0.014676
7.067449,-362.384936,-219.598513,7.169882,6.320568,-175.511395,-182.526893,3.873470,3.212170,7.658146,7.048992,0.037440,0.014103
7.071645,-366.431514,-214.054926,7.076804,6.458493,-179.157147,-179.401938,3.695563,2.879882,7.671013,7.067901,0.037298,0.013069
7.075842,-370.268071,-207.949122,7.234530,6.365067,-182.756092,-176.605583,4.215532,3.099083,7.688358,7.085697,0.037439,0.014483
7.080039,-374.241113,-202.076735,7.320483,6.315416,-186.251406,-173.591878,3.932658,3.525928,7.703602,7.103750,0.038178,0.014613
7.084236,-377.775408,-196.421613,7.506869,6.363544,-188.984536,-169.978734,4.205104,3.263073,7.714823,7.121480,0.037675,0.014612
7.088433,-380.976924,-190.898749,7.208057,6.387705,-191.628092,-165.715440,3.789010,2.783383,7.721758,7.140971,0.036593,0.012836
7.092630,-384.012677,-185.499150,7.295280,6.357940,-195.236668,-162.955945,4.141832,3.210228,7.735127,7.158462,0.037565,0.014242
7.096826,-387.167740,-180.774859,7.154586,6.324136,-197.214887,-159.892837,4.247727,3.259057,7.744489,7.172717,0.037311,0.014507
7.101023,-390.085062,-175.890470,7.293121,6.394993,-200.378725,-157.241912,3.700729,3.503391,7.755994,7.188625,0.038300,0.014055
7.105220,-392.412748,-171.422905,7.373208,6.299336,-201.635734,-152.605614,3.681914,2.779945,7.755665,7.206118,0.035992,0.012412
7.109417,-394.652533,-167.165973,7.278501,6.288639,-204.721729,-150.823588,3.942139,3.400703,7.768149,7.219031,0.037550,0.014159
7.113614,-396.914561,-162.770294,7.370324,6.451060,-206.855658,-146.955845,4.051552,2.752969,7.770965,7.236292,0.036832,0.012796
7.117810,-399.094971,-159.091001,7.119092,6.407161,-207.691796,-144.137228,4.302692,2.587769,7.776013,7.247297,0.036041,0.012841
7.122007,-401.163206,-155.391335,7.334153,6.333880,-210.599068,-142.025752,3.886329,3.090769,7.783959,7.260652,0.036928,0.013227
7.126204,-402.532188,-152.180319,7.447827,6.401875,-211.810476,-139.781143,4.310242,3.166082,7.789061,7.270654,0.037404,0.013998
7.130401,-404.101935,-149.083281,7.440447,6.320439,-213.608949,-137.525836,4.273732,3.152145,7.793385,7.281963,0.037041,0.013848
7.134598,-405.834379,-146.221334,7.461614,6.310153,-214.451049,-135.335788,4.028764,3.314635,7.797165,7.291022,0.037208,0.013931
7.138795,-407.440873,-143.438781,7.171097,6.322759,-216.642111,-133.281123,3.716419,3.297251,7.800794,7.302451,0.037336,0.013436
7.142991,-408.387565,-140.860178,7.369730,6.629685,-217.467340,-131.545398,4.128322,3.214931,7.805231,7.309969,0.038561,0.013705
7.147188,-409.337651,-138.488863,7.485568,6.546567,-218.487670,-129.221658,3.915004,3.133558,7.805462,7.319882,0.038000,0.013211
7.151385,-410.428578,-136.823663,7.476690,6.574844,-219.459165,-127.053868,4.266762,2.668510,7.802867,7.329191,0.037131,0.012410
7.155582,-411.087569,-134.651693,7.248417,6.640043,-221.137944,-126.016959,3.878759,2.929440,7.808555,7.336021,0.038179,0.012527
7.159779,-412.122762,-133.348370,7.345715,6.419144,-221.437843,-124.852748,4.226069,2.860648,7.809458,7.340584,0.036835,0.012757
7.163976,-412.475908,-131.727655,7.447115,6.358049,-222.224500,-123.787612,4.340918,2.983598,7.812271,7.345751,0.036900,0.013189
7.168172,-413.246549,-130.797642,7.759011,6.510469,-222.752487,-122.918300,3.910031,2.981201,7.812643,7.349746,0.037572,0.012665
7.172369,-413.480902,-129.153713,7.677440,6.289265,-223.233984,-120.931433,3.845553,2.993919,7.810790,7.357514,0.036597,0.012632
7.176566,-414.027515,-128.288501,7.519591,6.518147,-223.627099,-120.245562,4.255157,2.732883,7.811764,7.360626,0.037104,0.012364
7.180763,-414.180617,-128.222930,7.476940,6.576328,-224.112353,-119.941132,4.312121,2.960355,7.810436,7.362585,0.037923,0.013020
7.184960,-414.499136,-127.886223,7.494093,6.662824,-224.193809,-120.023853,4.231360,3.155641,7.812691,7.362450,0.038718,0.013467
7.189156,-414.403287,-127.668510,7.565333,6.808950,-224.281101,-119.923635,4.340708,3.030329,7.813268,7.362959,0.039180,0.013235
7.193353,-414.352548,-127.725356,7.562956,6.792461,-224.289069,-119.796336,4.385949,3.010716,7.812288,7.363415,0.039070,0.013233
7.197550,-414.307043,-128.763827,7.519343,6.844453,-224.116859,-121.274870,4.469700,3.265870,7.814626,7.357979,0.039854,0.014026
7.201747,-413.947071,-129.214626,7.474200,6.676637,-223.335144,-121.206576,4.548961,3.026028,7.811994,7.356751,0.038438,0.013508
7.205944,-413.626875,-130.347904,7.486013,6.588666,-223.405568,-121.513125,4.100698,2.768187,7.807570,7.355824,0.037547,0.012280
7.210141,-412.354203,-131.517962,7.341508,6.506069,-222.042995,-122.726809,4.284427,3.005371,7.807821,7.349055,0.037634,0.013200
7.214337,-412.356821,-133.001529,7.374293,6.600756,-221.575310,-123.253448,4.243474,2.752023,7.802931,7.346345,0.037457,0.012496
7.218534,-411.335581,-134.261182,7.121352,6.560089,-221.011254,-124.889354,4.578541,2.956775,7.804780,7.339633,0.037779,0.013474
7.222731,-410.922625,-136.211383,7.409416,6.457337,-220.415517,-127.053645,4.119091,3.418017,7.805948,7.331075,0.038322,0.014172
7.226928,-409.744164,-138.037782,7.295273,6.579271,-219.362809,-126.917775,4.291771,2.819975,7.795639,7.329465,0.037560,0.012833
7.231125,-408.834602,-140.625574,7.359804,6.634538,-218.748058,-129.092048,3.919399,3.079077,7.793381,7.320843,0.038429,0.013058
7.235321,-407.747293,-142.878849,7.561161,6.555013,-217.631420,-131.354109,3.986107,3.119047,7.793436,7.310947,0.038140,0.013267
7.239518,-406.472832,-145.448442,7.433166,6.326938,-216.477768,-132.919700,3.920271,2.812279,7.788135,7.303324,0.036400,0.012418
7.243715,-405.224441,-148.836810,7.177512,6.477867,-214.578822,-134.702522,4.114609,2.792404,7.779978,7.293405,0.036938,0.012716
7.247912,-403.385199,-151.801559,7.132372,6.589023,-213.071581,-136.917514,4.240594,2.713600,7.775933,7.282834,0.037369,0.012774
7.252109,-401.775867,-155.054930,7.277657,6.470611,-211.950060,-139.687135,4.254451,2.953175,7.773200,7.271266,0.037396,0.013395
7.256306,-400.023625,-158.653140,7.181898,6.482258,-210.127724,-142.934896,4.117829,3.355321,7.771397,7.256649,0.038344,0.014221
7.260502,-398.047476,-162.490215,7.348717,6.531976,-208.584928,-145.241320,4.235758,3.194116,7.763191,7.245731,0.038276,0.014037
7.264699,-395.814791,-166.728769,7.220627,6.564293,-205.964651,-147.424129,4.254471,3.049733,7.752646,7.232747,0.037996,0.013836
7.268896,-393.345167,-170.899412,7.098988,6.541667,-203.700186,-150.647963,4.311439,2.952493,7.747599,7.217197,0.037703,0.013791
7.273093,-391.089942,-175.537212,7.007354,6.468151,-201.819012,-153.883879,4.190428,3.244187,7.740073,7.202538,0.038051,0.014267
7.277290,-387.930995,-180.286177,7.175003,6.272346,-200.473991,-156.941802,3.740380,3.191257,7.730088,7.189784,0.037346,0.013395
7.281487,-385.245578,-185.037846,6.960891,6.349812,-197.325935,-159.969029,4.358543,3.020811,7.721363,7.172760,0.037208,0.014216
7.285683,-382.721341,-190.616798,7.037305,6.386018,-194.627528,-163.149453,4.029694,3.209072,7.708977,7.156340,0.037711,0.014060
7.289880,-378.905426,-195.985348,6.999452,6.350793,-191.569370,-166.892826,4.141743,3.315763,7.699916,7.137315,0.037918,0.014543
7.294077,-375.799496,-201.494788,7.170923,6.167847,-188.865719,-169.220721,4.289287,2.707874,7.683017,7.123390,0.035785,0.013808
7.298274,-372.027170,-206.341034,7.058081,6.385668,-185.409719,-172.331094,3.987291,3.501780,7.673716,7.105126,0.038540,0.014754
7.302471,-368.089576,-212.441552,7.078728,6.480286,-182.829868,-175.512800,4.229541,2.998757,7.657226,7.089000,0.038040,0.014368
7.306667,-364.458401,-218.682540,6.982616,6.479798,-179.319395,-179.516867,3.946368,3.305929,7.645508,7.068033,0.038618,0.014348
7.310864,-360.411581,-224.995988,6.981851,6.514603,-175.438971,-182.848244,4.256898,3.395290,7.629947,7.047907,0.038951,0.015264
7.315061,-355.270161,-232.425647,6.804069,6.510481,-172.507230,-186.830899,4.143023,3.145237,7.609497,7.028743,0.038625,0.014618
7.319258,-350.458963,-239.300883,6.984653,6.236668,-168.671992,-189.925449,4.201994,3.228046,7.588768,7.009384,0.037722,0.014973
7.323455,-345.152495,-246.563538,6.860915,6.366065,-163.737083,-192.815839,3.897417,2.771218,7.565952,6.987208,0.037124,0.013719
7.327652,-340.418245,-253.656639,6.957216,6.351852,-159.850774,-196.153872,3.632406,2.670446,7.545680,6.966961,0.036855,0.012972
7.331848,-334.603867,-260.624633,6.867091,6.329625,-156.665286,-199.735165,4.042618,2.658193,7.524278,6.948320,0.037162,0.014099
7.336045,-328.768684,-268.035899,6.985785,6.351682,-151.047410,-202.698017,3.614088,2.831026,7.501677,6.923597,0.037331,0.013274
7.340242,-322.510904,-275.784217,7.029385,6.271079,-147.139431,-205.836963,3.701128,2.653230,7.474465,6.903798,0.036948,0.013372
7.344439,-315.958575,-283.474329,6.788774,6.359235,-142.211944,-209.036577,3.309447,2.776438,7.449212,6.880581,0.037232,0.012461
7.348636,-309.467900,-291.306828,6.791604,6.235137,-137.849989,-212.294934,3.563364,2.843997,7.422518,6.859091,0.037065,0.013298
7.352833,-301.831616,-299.148855,6.612098,6.423808,-133.161974,-215.154201,3.698368,2.595481,7.391949,6.837396,0.037478,0.013550
7.357029,-294.326898,-306.994449,6.739206,6.362303,-128.295415,-218.011335,3.297367,2.559763,7.361996,6.815092,0.037197,0.012351
7.361226,-286.002763,-315.245369,6.559875,6.479420,-124.143813,-221.181126,3.514107,3.103273,7.327538,6.794645,0.038728,0.013484
7.365423,-277.508208,-323.074394,6.463458,6.449384,-118.506880,-223.286731,3.192328,2.766697,7.293522,6.771120,0.037675,0.012278
7.369620,-268.810988,-331.230657,6.555740,6.333790,-113.339697,-226.710018,3.629397,3.004950,7.262101,6.746779,0.038242,0.013862
7.373817,-260.017928,-339.579184,6.310177,6.312025,-108.652129,-228.784804,3.294462,3.092916,7.222124,6.726560,0.037639,0.012865
7.378013,-249.899471,-347.372639,6.504754,6.468161,-103.305968,-231.201623,3.415777,3.226405,7.183849,6.703393,0.038891,0.013367
7.382210,-239.955555,-355.415781,6.323427,6.416719,-97.954539,-234.971337,3.511344,3.706655,7.150537,6.678157,0.039402,0.013909
7.386407,-229.097902,-363.509649,6.442004,6.105863,-93.485834,-237.013791,3.441058,3.591318,7.103350,6.658883,0.038753,0.013587
7.390604,-218.286715,-371.179436,6.406466,6.391943,-87.710649,-238.774008,3.582008,3.844425,7.061627,6.635221,0.039787,0.014208
7.394801,-206.918015,-378.460082,6.417115,6.384546,-81.806504,-239.679496,3.616697,2.559693,7.016832,6.612103,0.038275,0.013904
7.398998,-194.885313,-385.611388,5.997003,6.579972,-77.238558,-241.395071,3.130579,2.552256,6.967466,6.592859,0.036984,0.012158
7.403194,-183.021346,-392.701712,6.143778,6.344815,-72.004254,-243.802998,3.589584,2.436910,6.923857,6.570359,0.037707,0.013812
7.407391,-169.923371,-399.160495,6.231334,6.388366,-66.451726,-244.578857,3.504952,2.580244,6.873054,6.548480,0.038008,0.013610
7.411588,-157.391790,-405.890309,6.355103,6.452159,-61.777328,-246.619974,3.608089,2.568577,6.823846,6.528631,0.038831,0.013984
7.415785,-143.603160,-411.675909,6.166080,6.512817,-55.952940,-248.245283,3.810804,2.944134,6.775461,6.504875,0.038965,0.014829
7.419982,-129.170202,-416.824665,6.150823,6.613531,-51.145452,-248.784619,3.492678,2.834089,6.717886,6.485942,0.038296,0.013656
7.424178,-115.086705,-421.916593,5.905684,6.461644,-45.463566,-250.560561,3.845357,2.893994,6.669117,6.462680,0.038127,0.014996
7.428375,-100.235128,-426.077342,6.124698,6.667469,-40.346042,-251.241722,3.484454,2.404938,6.613203,6.442412,0.038152,0.013603
7.432572,-85.766157,-429.713734,6.146301,6.337595,-35.355894,-251.962003,3.521502,2.683780,6.559528,6.422597,0.038259,0.013785
7.436769,-71.000124,-433.026385,5.787415,6.465307,-29.740516,-252.390591,3.627641,2.535836,6.507746,6.400480,0.036894,0.014224
7.440966,-55.265010,-434.897819,6.166360,6.302013,-24.840827,-253.524669,3.266818,2.643998,6.449382,6.380855,0.037923,0.012803
7.445163,-39.653563,-437.246926,5.978660,6.608045,-19.165209,-254.156427,3.802978,2.723988,6.394625,6.358450,0.038465,0.014900
7.449359,-24.154933,-438.358135,5.963516,6.514656,-13.751576,-254.458179,3.814187,2.776041,6.339696,6.337175,0.038432,0.014957
7.453556,-8.574107,-438.968068,5.831448,6.679138,-8.920006,-254.310696,3.602567,2.856178,6.281312,6.318246,0.037120,0.014154
7.457753,7.119518,-438.581844,6.031651,6.619257,-3.401404,-254.455093,3.739000,2.894335,6.226108,6.296552,0.038481,0.014692
7.461950,22.415475,-437.403327,5.998950,6.479994,2.476760,-254.921867,3.770104,3.069134,6.174353,6.273470,0.038603,0.014788
7.466147,38.049520,-436.115378,6.012006,6.763721,7.960964,-255.110677,3.955998,3.188266,6.118461,6.251990,0.039264,0.015497
7.470344,52.918116,-433.537477,6.070643,6.642813,13.792668,-254.716372,3.635645,3.276629,6.067783,6.229089,0.038741,0.014249
7.474540,68.522534,-430.583202,5.998915,6.548690,18.577980,-254.423867,3.784905,3.125707,6.006916,6.210295,0.038806,0.014824
7.478737,83.443673,-427.234718,6.232963,6.499257,24.568998,-253.758818,3.606019,2.731932,5.956000,6.186666,0.039223,0.014116
7.482934,97.755021,-423.482773,6.146543,6.474468,30.287448,-254.046099,3.694091,3.181335,5.904242,6.164525,0.039353,0.014413
7.487131,112.200443,-419.070283,6.253957,6.627709,36.268085,-252.266525,3.367305,2.699911,5.855999,6.140395,0.038806,0.013164
7.491328,125.680070,-414.674923,6.678185,6.349272,42.718410,-251.976808,3.407637,3.202613,5.811640,6.115249,0.040625,0.013312
7.495524,139.048643,-408.641493,6.440481,6.558013,47.957253,-250.730256,3.065411,3.220430,5.759960,6.094198,0.039366,0.012030
7.499721,152.527649,-403.195846,6.553292,6.607410,54.186191,-249.646643,3.486546,3.060776,5.713549,6.069449,0.040486,0.013578
7.503918,165.119572,-397.869096,6.453931,6.588552,59.856704,-248.799050,3.228563,3.279571,5.668357,6.047090,0.039807,0.012628
7.508115,177.679500,-391.269881,6.490586,6.491577,65.354291,-245.884061,3.622902,2.551090,5.625376,6.023399,0.039545,0.014001
7.512312,190.026430,-384.958778,6.670118,6.306460,71.804441,-243.833258,3.135079,2.167379,5.585871,5.996799,0.038507,0.012074
7.516509,201.946184,-378.662212,6.781090,6.402405,77.820055,-243.130399,3.205122,2.968471,5.541685,5.973414,0.039729,0.012472
7.520705,212.690665,-371.650747,6.828171,6.117614,84.680302,-240.339396,3.588134,2.489537,5.510516,5.944431,0.039233,0.013672
7.524902,223.696733,-364.354774,6.692303,6.229542,89.939000,-238.715487,3.931607,2.658255,5.466500,5.922870,0.039525,0.014883
7.529099,233.636790,-357.284234,6.701772,6.292827,95.968364,-235.741358,3.626045,2.380212,5.435657,5.896580,0.038838,0.013658
7.533296,243.440536,-350.309915,6.820381,6.201553,101.670595,-233.423580,3.397103,2.479529,5.401879,5.872402,0.038503,0.012836
7.537493,253.229143,-342.816386,6.778269,6.239790,107.750896,-231.255207,3.895023,2.661774,5.366592,5.847156,0.039186,0.014523
7.541690,262.790056,-335.563446,6.854816,6.081568,113.416532,-228.628590,3.140143,2.965553,5.333699,5.822684,0.038310,0.012172
7.545886,271.168872,-328.491665,6.893887,6.138614,119.461240,-225.025735,3.298873,2.733302,5.310938,5.795141,0.038260,0.012494
7.550083,280.026105,-321.107801,6.914031,5.782656,125.132998,-221.640130,3.320462,2.858756,5.283240,5.769219,0.037099,0.012631
7.554280,287.943290,-314.177634,6.973175,6.094267,130.728756,-218.491452,3.510841,2.525783,5.259133,5.743999,0.037735,0.012882
7.558477,296.441228,-306.601583,6.974637,5.853513,136.267407,-214.806858,3.693309,2.626442,5.232790,5.717875,0.036891,0.013450
7.562674,303.183499,-299.787214,6.674343,6.134684,140.535309,-211.782044,3.635352,2.742786,5.208356,5.697319,0.037468,0.013328
7.566870,310.647717,-292.636189,6.905063,5.812214,146.614683,-208.165059,3.621579,2.759541,5.187936,5.669566,0.036544,0.013198
7.571067,317.384067,-286.036848,7.222089,5.846460,151.563001,-203.892179,3.472739,2.588925,5.172335,5.643955,0.036444,0.012542
7.575264,324.068812,-279.113094,6.860487,5.952075,156.724362,-200.328132,3.529498,2.794972,5.152401,5.619307,0.036746,0.012857
7.579461,330.175529,-272.353223,6.875503,5.875756,161.807393,-196.099702,3.436625,2.559773,5.137650,5.593309,0.035946,0.012238
7.583658,336.134596,-265.775853,6.822329,5.909487,166.504436,-192.267673,3.509869,2.742680,5.121306,5.569474,0.036302,0.012596
7.587855,341.770960,-258.812811,6.881168,6.159945,171.095463,-188.113067,3.343251,2.760066,5.105106,5.545127,0.037292,0.012163
7.592051,347.327056,-252.545088,6.923804,6.215956,175.906990,-183.666856,3.478193,2.590018,5.094454,5.519365,0.037263,0.012132
7.596248,352.091396,-246.409365,6.856492,6.032930,179.706749,-179.957375,3.731367,2.691923,5.080322,5.498484,0.036663,0.012795
7.600445,357.047163,-240.239049,6.782859,6.147434,183.643810,-176.560741,3.587842,3.107542,5.064327,5.478126,0.037819,0.013138
7.604642,361.611330,-234.605480,6.869401,5.988937,187.668929,-170.995092,3.655143,2.219147,5.062980,5.451332,0.035456,0.011652
7.608839,365.997605,-228.585791,7.083666,5.888654,191.356135,-167.801095,3.277563,2.747783,5.047329,5.432297,0.035972,0.011747
7.613035,369.835499,-223.220497,7.179605,5.979938,194.239453,-163.363777,4.174821,2.487614,5.040914,5.411660,0.036063,0.012975
7.617232,373.457169,-217.487514,7.015441,6.115834,197.393284,-159.665567,3.714333,2.749262,5.029706,5.392515,0.036884,0.012471
7.621429,377.301023,-212.211531,6.984303,6.111200,201.620249,-156.412654,3.328154,3.200995,5.019927,5.372185,0.037866,0.012734
7.625626,380.789232,-207.269583,6.907008,5.988260,203.364225,-152.103490,3.814774,3.091750,5.013839,5.354568,0.036859,0.013266
7.629823,384.174622,-202.310983,7.172276,6.102838,206.507370,-147.599297,3.598220,2.744678,5.011118,5.332940,0.036672,0.012055
7.634020,387.304865,-197.444943,7.043778,5.980534,208.850909,-143.573753,3.624968,2.770414,5.005567,5.314640,0.036009,0.012116
7.638216,389.599286,-192.911061,7.197267,5.940197,211.880512,-139.888548,3.219280,2.785559,5.002332,5.295918,0.036013,0.011517
7.642413,392.703805,-188.491435,6.951620,5.746604,214.924406,-135.797959,3.020471,2.377620,5.000538,5.275892,0.034191,0.010138
7.646610,394.861965,-184.057937,7.061313,6.229755,216.180311,-132.116881,3.222579,2.417836,4.995283,5.260961,0.036398,0.010503
7.650807,396.705529,-180.264560,6.927973,6.063227,218.423450,-129.548152,3.819887,2.734678,4.989541,5.247724,0.036437,0.012028
7.655004,399.199608,-176.430954,7.219789,5.791410,220.601466,-125.531368,3.463616,2.302845,4.990024,5.229734,0.034371,0.010379
7.659201,400.753862,-172.617146,6.877895,6.075011,222.575982,-123.190471,3.625357,2.855684,4.982986,5.217897,0.036744,0.012004
7.663397,402.588530,-168.993833,6.954767,5.998837,224.017179,-118.782634,3.194385,1.970710,4.986494,5.199934,0.034620,0.009054
7.667594,404.306278,-165.793524,6.909151,6.077093,225.518675,-116.226664,3.234406,2.233888,4.982835,5.188261,0.035378,0.009766
7.671791,405.619775,-162.682462,7.131977,6.057692,226.708208,-113.862769,3.501407,2.364403,4.978774,5.177830,0.035658,0.010379
7.675988,407.338137,-159.711965,7.186235,5.702705,228.766978,-110.707216,3.474017,2.104363,4.980222,5.163098,0.033649,0.009540
7.680185,408.548043,-156.663449,6.943000,5.932792,229.681264,-108.311266,3.115567,1.989783,4.976404,5.153037,0.034319,0.008810
7.684381,409.346883,-154.265002,7.203494,5.880406,230.082127,-106.404656,3.401335,2.101800,4.973285,5.145559,0.034352,0.009400
7.688578,410.455382,-151.446627,7.021779,6.244719,231.502373,-104.236256,3.077558,1.936823,4.970327,5.135459,0.035755,0.008553
7.692775,411.078135,-149.599773,7.153123,5.968877,232.452807,-102.662701,3.694621,2.096366,4.969348,5.128277,0.034932,0.009563
7.696972,412.124149,-147.380343,6.932299,6.093590,232.609806,-101.425545,3.581085,2.247073,4.963002,5.123567,0.035524,0.009884
7.701169,412.631028,-145.462461,7.169025,6.158613,233.269783,-99.628579,3.079132,2.275586,4.962574,5.116034,0.035911,0.009529
7.705366,414.032374,-143.838749,6.908221,5.957478,233.660788,-98.968817,3.033217,2.429132,4.956204,5.113037,0.034990,0.009972
7.709562,414.196730,-142.534651,6.994448,6.053957,234.859413,-97.192424,3.275198,2.013248,4.960031,5.104763,0.034969,0.008823
7.713759,413.953077,-140.970588,6.983494,6.054378,234.568173,-96.750413,3.489455,2.153439,4.954080,5.103592,0.035252,0.009437
7.717956,414.742483,-140.009486,7.151721,6.182739,235.768447,-95.976677,3.171044,2.056717,4.953627,5.098984,0.035795,0.008835
7.722153,414.595467,-139.328654,7.204938,6.036513,235.601029,-95.655968,3.136699,2.273612,4.951702,5.098064,0.035483,0.009496
7.726350,415.118658,-138.591774,7.147953,6.133235,235.193527,-95.666460,3.521903,2.221902,4.946584,5.098706,0.035730,0.009645
7.730547,415.031445,-138.193477,7.253328,6.168691,235.097344,-95.804407,3.550277,2.282060,4.943752,5.099352,0.036051,0.009856
7.734743,415.205079,-138.049968,7.318547,6.273657,234.501302,-97.129887,3.460941,3.256155,4.935082,5.105074,0.038439,0.012950
7.738940,415.205079,-138.049968,7.318547,6.273657,234.328083,-97.234016,3.523306,2.953038,4.934328,5.105715,0.037730,0.011996
7.743137,415.087008,-137.881055,7.256412,6.306549,234.268183,-96.882794,3.551747,2.420131,4.935356,5.104526,0.036814,0.010320
7.747334,415.078493,-137.795085,7.326295,6.134565,233.930228,-97.709015,3.605893,2.312456,4.930168,5.108047,0.035788,0.010045
7.751531,415.102560,-137.939652,7.318206,6.149001,233.044479,-100.029109,3.143650,3.336753,4.917688,5.117835,0.037851,0.013042
7.755727,414.546412,-139.042664,7.186739,6.130338,233.625352,-99.509836,3.036117,1.996504,4.927516,5.115054,0.035181,0.008618
7.759924,414.005378,-139.926259,6.908101,6.079445,232.722794,-102.558491,3.592735,2.964114,4.915672,5.127473,0.036783,0.012092
7.764121,413.239529,-141.191863,7.153145,5.870412,231.971018,-103.930251,3.423561,3.109578,4.915125,5.133604,0.036205,0.012448
7.768318,412.503255,-142.849836,6.915928,6.152108,231.217932,-104.376504,3.656415,2.111693,4.921512,5.136424,0.035434,0.009630
7.772515,412.243833,-144.390849,6.932254,6.165023,230.282515,-106.632678,3.589761,2.081936,4.916992,5.146043,0.035331,0.009526
7.776712,410.701879,-146.119678,7.014432,6.028521,229.055683,-109.592754,3.273262,2.940465,4.910831,5.158652,0.036434,0.011835
7.780908,410.051707,-147.782734,6.902750,5.946709,228.373464,-111.361323,3.727375,2.325135,4.910238,5.166090,0.034797,0.010440
7.785105,408.408038,-150.115303,6.960305,5.975341,227.292085,-113.595003,3.166033,2.239109,4.911361,5.175857,0.034830,0.009652
7.789302,407.178138,-152.406920,7.311541,6.055549,225.798473,-116.080612,3.195214,2.054575,4.910052,5.187245,0.034938,0.009214
7.793499,406.321182,-154.696428,6.927447,6.059350,223.990856,-119.509756,3.655653,2.347015,4.903029,5.202513,0.035276,0.010605
7.797696,404.379665,-157.733186,6.883766,5.861569,222.598596,-123.528258,3.587199,2.919681,4.898380,5.219015,0.035647,0.012137
7.801892,402.364005,-160.811143,6.899789,6.162993,221.123584,-125.862581,3.717901,2.506025,4.902881,5.229850,0.036294,0.011204
7.806089,400.566521,-163.727515,6.847606,6.206066,218.694366,-129.893943,3.664793,3.048407,4.896316,5.248350,0.037540,0.012661
7.810286,398.430476,-166.310581,6.843727,6.123423,216.700724,-131.587689,3.865123,2.738283,4.901182,5.258109,0.036492,0.012159
7.814483,396.640785,-169.316159,6.907258,6.036619,213.664032,-134.924399,3.784243,2.473839,4.898178,5.275634,0.035313,0.011509
7.818680,394.258341,-173.687723,6.872903,6.114564,211.891401,-138.293870,3.323252,2.442583,4.904086,5.290635,0.035665,0.010811
7.822877,391.679879,-177.545890,7.108145,5.971418,209.324876,-142.189434,3.798186,2.347132,4.903901,5.309071,0.034901,0.011402
7.827073,389.096442,-182.479699,6.957387,5.949509,207.498403,-147.545038,3.934751,2.733646,4.902441,5.330503,0.035714,0.012521
7.831270,386.695266,-186.835889,6.919540,6.109114,204.727020,-151.094141,3.714851,2.604180,4.906337,5.348183,0.036075,0.011957
7.835467,383.356437,-191.787615,7.038081,6.069438,201.400362,-154.669526,3.804941,2.613587,4.913623,5.367292,0.035915,0.012244
7.839664,379.969323,-196.045663,7.115848,6.012776,197.430628,-158.787571,3.800514,2.731794,4.913734,5.389728,0.035796,0.012608
7.843861,376.733074,-201.530567,6.914628,5.999533,195.360552,-162.502668,3.754339,2.490566,4.924338,5.406227,0.035374,0.012085
7.848058,373.232949,-206.413794,6.983279,6.078377,191.583577,-166.722738,3.929584,2.524696,4.927512,5.428514,0.035785,0.012626
7.852254,369.183118,-211.812863,6.965043,6.197892,187.866617,-170.436914,3.791403,2.395513,4.936745,5.449180,0.036102,0.012239
7.856451,365.133038,-217.440950,6.994293,6.041599,183.704522,-174.711524,3.730406,2.280036,4.943690,5.472701,0.035103,0.012054
7.860648,361.104643,-223.184274,7.042747,5.833500,179.832874,-179.375347,3.705973,2.708114,4.949518,5.496513,0.034989,0.012773
7.864845,355.908756,-228.985719,6.981089,5.823163,176.154413,-182.508943,3.782327,2.670495,4.965405,5.515503,0.035079,0.012983
7.869042,351.155177,-235.418662,6.931278,5.924707,171.889273,-186.842127,3.809533,2.552927,4.977009,5.539446,0.035327,0.012973
7.873238,346.149396,-241.883408,7.105962,6.104420,167.124760,-191.134067,3.473589,2.672349,4.988619,5.564704,0.036352,0.012413
7.877435,340.886354,-248.480580,6.517400,5.982641,162.481742,-194.817886,3.726609,2.610533,5.004572,5.588043,0.035503,0.013066
7.881632,335.517020,-254.947497,6.927142,5.818543,157.889925,-198.269862,3.265067,2.481974,5.021259,5.610681,0.034650,0.011780
7.885829,329.674121,-261.964036,6.858707,5.964695,153.243540,-202.455218,3.356685,2.667496,5.037699,5.635267,0.035742,0.012301
7.890026,323.337336,-269.058133,6.692557,6.036979,148.834732,-206.428725,3.620300,2.812648,5.056973,5.658505,0.036543,0.013226
7.894223,316.425928,-276.407747,6.900946,6.017210,143.000777,-209.785157,3.880293,2.425139,5.079164,5.684879,0.036002,0.013727
7.898419,309.799951,-284.017754,6.891749,5.765361,137.955611,-213.163080,3.615633,2.411597,5.103470,5.708793,0.034941,0.013021
7.902616,302.682807,-291.122229,6.866860,6.037867,132.849365,-216.672560,3.586809,2.739898,5.125528,5.733164,0.036794,0.013285
7.906813,295.241120,-299.140490,7.015311,6.102232,127.915614,-219.928065,3.682463,2.624905,5.154534,5.756387,0.037245,0.013544
7.911010,288.067804,-306.658095,6.927628,5.891769,122.240328,-223.070973,3.790074,2.532596,5.179280,5.781888,0.036295,0.013915
7.915207,279.495320,-314.438112,7.076521,5.975142,116.381570,-226.962672,3.622637,3.217599,5.204641,5.809367,0.038160,0.013887
7.919404,270.692728,-322.364332,6.909605,6.087521,110.695024,-229.420680,3.780944,2.662632,5.238651,5.833637,0.037700,0.014119
7.923600,262.260709,-330.459458,7.043899,6.086379,104.588994,-231.801542,3.859732,2.309373,5.271504,5.859333,0.037484,0.014330
7.927797,252.421481,-338.379353,7.003804,6.207408,99.613807,-234.062577,3.239329,2.334530,5.311387,5.880818,0.037807,0.012256
7.931994,242.570960,-346.221827,6.758361,6.088335,93.736541,-236.899136,3.183964,2.702930,5.345913,5.906408,0.037666,0.012259
7.936191,232.706655,-354.102388,6.940022,6.363057,87.984515,-239.020042,3.204277,2.735735,5.384193,5.930473,0.039009,0.012375
7.940388,221.823830,-362.010176,6.857494,6.373066,81.726641,-240.826884,3.254607,2.647896,5.425524,5.956022,0.038893,0.012572
7.944584,210.562459,-369.802314,6.445108,6.423402,76.464333,-243.665001,3.164257,3.135595,5.467206,5.979108,0.038908,0.012380
7.948781,199.571388,-377.630399,6.664877,6.363347,70.332253,-244.947950,3.695950,2.652661,5.510933,6.003576,0.039284,0.014232
7.952978,187.124187,-384.760110,7.036635,6.126039,65.379035,-246.572222,3.730330,2.630445,5.560961,6.023998,0.040318,0.014380
7.957175,174.517304,-391.742785,6.578065,6.423440,60.341057,-247.537486,3.631705,2.406159,5.613488,6.044083,0.039518,0.014028
7.961372,161.338781,-398.551916,6.585003,6.355439,53.792557,-249.097609,3.237509,2.687495,5.659431,6.070502,0.039058,0.012616
7.965569,148.467715,-405.111283,6.456661,6.501937,49.015934,-250.786498,3.533290,2.898713,5.710735,6.090170,0.039708,0.013744
7.969765,134.652401,-411.208646,6.498706,6.505619,42.778275,-251.961698,3.671747,3.197828,5.759903,6.115008,0.040311,0.014318
7.973962,120.535785,-416.439221,6.335466,6.483801,38.282945,-253.011871,3.518853,3.266847,5.816902,6.133016,0.039625,0.013730
7.978159,105.469091,-421.394953,6.413069,6.497985,33.051958,-252.519570,3.160138,2.346299,5.878084,6.153036,0.038708,0.012362
7.982356,90.733333,-425.391526,6.302946,6.672640,27.916538,-253.541784,3.628237,2.797870,5.932740,6.173521,0.039724,0.014190
7.986553,75.031516,-429.676402,6.436275,6.689923,22.451707,-254.520045,3.774925,3.019498,5.991556,6.195201,0.040746,0.014754
7.990749,58.867213,-432.841586,6.116058,6.698107,17.269472,-254.660779,3.497414,3.070275,6.053835,6.215475,0.038599,0.013695
7.994946,43.538571,-435.865007,6.324831,6.414174,12.240318,-254.923984,3.574540,2.933770,6.111905,6.235207,0.039531,0.014001
7.999143,27.830675,-437.274275,6.135520,6.551460,6.764972,-254.724452,3.816918,2.601505,6.168296,6.256634,0.039310,0.014976
8.003340,11.320525,-438.204577,6.090431,6.632234,1.776708,-254.709598,3.559205,3.024638,6.231221,6.276210,0.038395,0.013973
8.007537,-4.696467,-438.425355,6.080201,6.683318,-2.860556,-254.491920,3.458041,2.770149,6.293166,6.294425,0.038027,0.013587
8.011734,-21.338611,-437.658850,6.138409,6.648796,-7.121581,-254.187916,3.684116,2.572831,6.360520,6.311195,0.038903,0.014485
8.015930,-37.369782,-436.465496,6.046570,6.505160,-12.307802,-254.030025,3.761315,2.629287,6.419705,6.331598,0.038659,0.014780
8.020127,-53.562172,-434.239402,5.995090,6.665837,-17.843452,-253.795767,3.584966,2.813569,6.478608,6.353376,0.038027,0.014077
8.024324,-69.116174,-431.276064,5.810014,6.331816,-21.845750,-253.943210,4.003140,2.998685,6.543691,6.369000,0.038427,0.015681
8.028521,-84.224767,-427.998105,6.112003,6.289417,-27.017562,-252.690352,3.280320,2.387566,6.598615,6.389700,0.037508,0.012874
8.032718,-99.483318,-423.855654,5.938131,6.519689,-32.474834,-252.099367,3.553266,2.720898,6.655160,6.411297,0.037639,0.013932
8.036915,-114.016150,-419.525774,5.880001,6.423699,-36.913706,-251.064818,3.787357,2.433826,6.712414,6.429168,0.037636,0.014832
8.041111,-128.450146,-414.260589,6.279172,6.420956,-42.558051,-250.602292,3.568607,2.520107,6.766496,6.451404,0.038704,0.013940
8.045308,-142.621332,-408.282041,6.078488,6.068532,-47.612995,-250.142200,3.822816,2.753661,6.824183,6.471279,0.038200,0.014886
8.049505,-156.365326,-402.508738,6.516702,6.266943,-52.612321,-248.255009,3.482418,2.878598,6.875293,6.492024,0.038940,0.013629
8.053702,-169.001848,-395.873616,6.160872,6.516019,-57.880866,-248.489385,3.518108,3.028112,6.929212,6.512036,0.038615,0.013697
8.057899,-182.003693,-388.819708,6.389525,6.179140,-62.675271,-246.293707,3.473203,3.056459,6.980225,6.532370,0.038297,0.013572
8.062095,-194.031477,-381.540896,6.162003,6.275975,-68.223581,-244.455663,3.522069,2.976994,7.025713,6.555344,0.037776,0.013734
8.066292,-205.597080,-373.962368,6.219383,6.358800,-73.699132,-243.696217,3.520631,2.465378,7.074808,6.576863,0.037670,0.013530
8.070489,-216.841443,-366.486130,6.495167,6.294827,-79.138280,-241.667311,3.304583,2.290558,7.117623,6.599648,0.037505,0.012664
8.074686,-227.833743,-357.495383,6.272491,6.355795,-84.320753,-238.560021,3.518117,2.622321,7.161959,6.622937,0.037588,0.013557
8.078883,-238.445429,-349.867564,6.279722,6.425547,-89.914092,-236.989585,3.510609,2.352362,7.204136,6.645809,0.037380,0.013361
8.083080,-247.946862,-342.319955,6.595832,6.386871,-94.481520,-234.630273,3.540525,2.502109,7.242102,6.666002,0.037723,0.013500
8.087276,-257.372060,-335.232429,6.357174,6.065419,-100.576210,-233.562767,3.567451,2.463136,7.278718,6.689804,0.036254,0.013442
8.091473,-266.623426,-327.115227,6.536954,6.353897,-105.351065,-230.363331,3.548128,2.928946,7.313615,6.712115,0.037837,0.013616
8.095670,-275.309230,-318.918099,6.499736,6.158970,-110.567340,-228.291100,3.277120,2.784481,7.351050,6.734215,0.036609,0.012574
8.099867,-283.712380,-311.419711,6.938903,6.154715,-116.222849,-225.234569,3.333838,3.084256,7.378746,6.759557,0.037494,0.012953
8.104064,-291.250735,-303.318871,6.557449,6.319280,-121.704872,-222.948730,3.490573,2.558098,7.411324,6.782865,0.036953,0.012991
8.108261,-298.986874,-295.821991,6.573265,6.348261,-126.013695,-220.256522,3.553393,2.962697,7.442107,6.802854,0.037521,0.013467
8.112457,-306.145242,-288.010587,6.581581,6.326328,-131.592989,-217.179266,3.511846,2.931329,7.468495,6.827945,0.037390,0.013255
8.116654,-312.596445,-280.791607,6.797203,6.416928,-136.190979,-213.850105,3.558238,2.610538,7.491293,6.850262,0.037236,0.013066
8.120851,-319.815573,-273.717537,6.853044,6.336253,-141.000059,-211.085002,3.928741,3.167588,7.517072,6.872095,0.037883,0.014617
8.125048,-326.173055,-266.201247,6.852727,6.297533,-144.976802,-207.171592,3.603849,2.695404,7.539047,6.893771,0.036421,0.013180
8.129245,-331.974780,-259.517993,6.868132,6.075618,-149.636482,-203.990966,3.566281,2.714621,7.558376,6.916072,0.035431,0.013018
8.133441,-337.052815,-252.514796,7.004686,6.114370,-154.561831,-200.849928,4.095023,2.695766,7.578092,6.939074,0.035847,0.014355
8.137638,-342.463825,-245.645912,6.942527,6.103375,-158.803287,-197.353707,4.266846,2.947575,7.596859,6.960763,0.036202,0.015014
8.141835,-347.571838,-238.858580,7.109744,6.312446,-162.483108,-194.014361,4.154114,2.921252,7.616277,6.980366,0.036928,0.014605
8.146032,-352.385813,-232.986186,7.085244,6.211532,-167.514032,-190.566351,4.166056,2.835128,7.628431,7.004295,0.036400,0.014370
8.150229,-357.031437,-226.883431,7.067588,6.298547,-170.773341,-187.803232,4.197664,3.077919,7.647164,7.021126,0.037126,0.014705
8.154426,-361.541839,-221.593677,7.325369,6.405990,-174.363941,-183.827309,3.933946,2.910433,7.654887,7.042170,0.037133,0.013762
8.158622,-365.537085,-215.850293,7.257700,6.406664,-177.528518,-180.307414,4.203160,2.983440,7.667137,7.060818,0.037195,0.014441
8.162819,-369.598402,-210.641775,7.345812,6.425782,-181.989918,-176.631303,3.897018,2.743693,7.674645,7.083525,0.036887,0.013221
8.167016,-373.004701,-205.269595,7.123127,6.511806,-184.914840,-173.958681,4.155422,3.272131,7.689026,7.099103,0.038364,0.014625
8.171213,-376.685821,-200.495215,7.319812,6.202128,-187.853337,-170.622351,4.088120,3.279821,7.697084,7.116614,0.036889,0.014451
8.175410,-379.894062,-195.494838,7.436491,6.220925,-190.855607,-167.029518,4.171371,3.291219,7.704525,7.135060,0.037005,0.014584
8.179606,-382.904945,-190.872182,7.093242,6.416158,-193.620484,-163.669424,4.271786,2.956098,7.711245,7.152216,0.037081,0.014057
8.183803,-385.850393,-186.482317,7.289804,6.570617,-196.632878,-160.739064,3.980594,3.322644,7.718761,7.168686,0.038653,0.014177
8.188000,-388.443087,-182.538047,7.449579,6.512075,-199.296506,-158.131329,4.135302,3.376687,7.725655,7.183249,0.038573,0.014497
8.192197,-391.111090,-178.744400,7.035940,6.547672,-201.132924,-154.541562,4.295811,3.094213,7.727266,7.198836,0.037904,0.014144
8.196394,-393.063952,-174.745626,7.016952,6.599600,-203.596447,-151.586989,4.355924,3.130476,7.732355,7.213980,0.038346,0.014244
8.200591,-395.532650,-171.027123,7.215717,6.548318,-205.629547,-149.280136,4.312299,3.414010,7.739962,7.226040,0.038709,0.014752
8.204787,-397.382781,-168.071728,7.188260,6.608863,-207.843306,-145.566472,4.334344,3.038822,7.735798,7.243010,0.038197,0.013865
8.208984,-399.505162,-164.026606,7.544008,6.454921,-209.669981,-142.001519,4.363055,3.062349,7.738476,7.258680,0.037505,0.013914
8.213181,-400.739854,-161.299996,7.308538,6.458904,-211.244653,-139.977836,4.221148,3.207545,7.741932,7.268776,0.037905,0.013999
8.217378,-402.565448,-159.401313,7.373644,6.371182,-211.980494,-137.683264,3.863007,2.835744,7.740516,7.277952,0.036455,0.012562
8.221575,-404.249595,-157.163609,7.348361,6.423581,-213.753412,-136.263861,4.189960,3.389899,7.744707,7.286457,0.037981,0.014356
8.225772,-405.126034,-154.872811,7.058328,6.645657,-215.891606,-133.445488,4.488356,2.682054,7.741230,7.300350,0.037717,0.012933
8.229968,-406.395294,-152.855048,7.395277,6.549807,-217.110302,-131.560615,4.248498,2.658982,7.741953,7.309190,0.037217,0.012469
8.234165,-407.762680,-151.335057,7.217554,6.444301,-217.675118,-130.583562,4.189641,3.470660,7.745244,7.313635,0.038346,0.014476
8.238362,-408.578304,-149.797612,7.322163,6.572517,-219.587425,-128.494284,4.130493,3.106338,7.741734,7.324544,0.038304,0.013352
8.242559,-409.176855,-148.679575,7.423552,6.592282,-219.894031,-126.778258,4.204319,2.829305,7.738787,7.330989,0.037752,0.012716
8.246756,-409.969599,-147.762831,7.453297,6.583644,-220.882455,-125.171224,3.914216,2.757177,7.735068,7.338417,0.037585,0.012126
8.250952,-410.491802,-146.810127,7.466103,6.561637,-221.371216,-124.787614,4.218012,3.171898,7.738057,7.340679,0.038376,0.013589
8.255149,-410.831568,-146.310824,7.507795,6.558945,-221.913173,-123.616703,4.259234,3.064031,7.734428,7.345742,0.038160,0.013327
8.259346,-411.100804,-145.927732,7.452541,6.577209,-222.016838,-122.789227,4.216874,2.976320,7.732215,7.348790,0.038011,0.013042
8.263543,-411.333349,-145.644646,7.397332,6.648896,-222.031971,-121.421577,4.126288,2.594829,7.726713,7.353548,0.037521,0.011922
8.267740,-411.448799,-145.598794,7.335317,6.707991,-222.644184,-121.067443,4.061628,2.756066,7.724776,7.355933,0.038197,0.012243
8.271937,-411.654518,-145.603809,7.500736,6.667114,-223.313576,-121.431678,4.165809,2.985192,7.726337,7.355933,0.038588,0.012951
8.276133,-411.748912,-145.819895,7.547893,6.645029,-223.677791,-122.142945,4.181762,3.555016,7.728747,7.354163,0.039854,0.014551
8.280330,-411.579810,-146.276190,7.555285,6.560002,-223.529589,-121.976289,4.428821,3.386008,7.725473,7.354459,0.039063,0.014340
8.284527,-410.670306,-147.325646,7.354710,6.682918,-223.356474,-122.440069,4.082266,3.331454,7.721900,7.352535,0.039610,0.013816
8.288724,-410.616038,-148.527060,7.315041,6.562230,-222.289554,-121.838492,4.267923,2.397278,7.713205,7.352593,0.036900,0.011587
8.292921,-410.462059,-149.775837,7.392998,6.752803,-221.854143,-122.552232,4.221569,2.794154,7.710632,7.349298,0.038489,0.012569
8.297118,-410.042039,-151.540489,7.325386,6.645135,-222.095701,-123.429166,4.351097,2.639619,7.705511,7.346736,0.037798,0.012315
8.301314,-408.870658,-153.157914,7.302863,6.416849,-221.727083,-124.708184,4.083440,2.915946,7.703116,7.341638,0.037406,0.012717
8.305511,-408.186542,-155.320357,7.522249,6.380081,-219.900799,-126.434362,4.054200,3.498784,7.701753,7.332177,0.038365,0.014369
8.309708,-407.361455,-157.486917,7.417596,6.477963,-219.924531,-127.982467,4.179053,3.349590,7.697853,7.326949,0.038603,0.014060
8.313905,-406.140283,-159.626853,7.277230,6.553732,-218.009405,-129.163391,4.253898,3.284036,7.693448,7.319119,0.038622,0.014055
8.318102,-404.980669,-162.236441,7.176926,6.631690,-217.527049,-130.639409,4.183948,3.005454,7.686992,7.313146,0.038460,0.013235
8.322298,-403.758612,-165.210387,7.402247,6.481276,-216.233850,-132.588387,3.839106,3.225913,7.681744,7.303934,0.038217,0.013422
8.326495,-401.818297,-167.801275,7.365974,6.543275,-215.506068,-134.891633,4.129106,3.466518,7.679148,7.294714,0.039316,0.014416
8.330692,-400.500784,-171.288695,7.225611,6.421174,-213.467731,-136.402247,4.154022,3.057862,7.669575,7.285390,0.037615,0.013469
8.334889,-398.715310,-174.559856,7.210455,6.476972,-211.433700,-138.455926,4.122626,2.884768,7.663539,7.274209,0.037422,0.013078
8.339086,-396.665263,-178.534438,7.210455,6.476972,-210.639135,-140.728922,4.138581,2.662444,7.653485,7.264984,0.037189,0.012599
8.343283,-394.843833,-182.050684,7.034698,6.641692,-208.948545,-143.767807,4.422522,2.842729,7.650883,7.251318,0.038314,0.013526
8.347479,-392.652837,-186.441387,7.160590,6.478315,-206.727677,-146.914426,3.858681,3.332322,7.644504,7.236133,0.038530,0.013870
8.351676,-390.331627,-190.384955,7.187436,6.486673,-204.885191,-148.619053,4.200902,2.640663,7.632460,7.226426,0.037209,0.012895
8.355873,-388.030126,-194.875789,7.180091,6.612128,-203.124235,-152.929915,4.187612,3.502553,7.630907,7.208634,0.039689,0.014807
8.360070,-384.929726,-199.512624,6.950790,6.562462,-200.650479,-155.546929,3.956890,3.672199,7.619778,7.194538,0.039834,0.014895
8.364267,-382.242812,-204.163083,7.145534,6.583651,-197.495403,-157.923332,3.966379,3.137687,7.608734,7.179466,0.038582,0.013779
8.368463,-379.091684,-209.176814,7.044082,6.396688,-195.323126,-161.129230,4.418703,2.832397,7.598249,7.164219,0.037313,0.014063
8.372660,-375.439169,-214.483938,6.885993,6.494169,-192.986323,-164.309417,4.197796,2.954194,7.585615,7.148673,0.038070,0.013930
8.376857,-372.008102,-219.534772,7.335272,6.276951,-189.660280,-166.917972,4.015884,2.468565,7.573061,7.132276,0.036266,0.012809
8.381054,-368.267926,-224.994575,6.979437,6.373630,-187.514453,-171.009471,3.994830,3.217025,7.563748,7.114587,0.038261,0.014150
8.385251,-364.491142,-230.706126,6.844473,6.341548,-184.441521,-174.900512,3.938433,3.308610,7.553425,7.095129,0.038308,0.014244
8.389448,-360.182942,-236.719857,6.944483,6.340128,-180.719833,-178.306091,4.001811,3.467777,7.539305,7.075306,0.038710,0.014735
8.393644,-355.932043,-242.938240,6.932261,6.208303,-177.109982,-181.142767,4.178938,3.022724,7.521259,7.057327,0.037218,0.014446
8.397841,-351.116716,-249.032127,7.004726,6.191021,-172.985757,-184.393621,3.897019,2.842611,7.505887,7.036673,0.036746,0.013621
8.402038,-346.412087,-255.220692,6.839580,6.350901,-168.970498,-187.424434,3.920175,2.646616,7.489021,7.016850,0.036936,0.013507
8.406235,-340.644187,-262.424466,6.888176,6.352944,-165.462434,-191.146943,3.747904,2.702783,7.467560,6.996683,0.037249,0.013213
8.410432,-335.135360,-268.405586,6.816171,6.349706,-161.377150,-195.055486,3.688671,2.791047,7.454537,6.974376,0.037460,0.013245
8.414629,-329.595444,-275.537533,6.585543,6.450292,-158.123812,-198.560383,3.717567,2.545660,7.432026,6.955697,0.037475,0.013050
8.418825,-323.654055,-282.656995,6.908265,6.545958,-153.728866,-202.034000,3.588491,2.827456,7.410973,6.933630,0.038574,0.013116
8.423022,-316.761480,-289.748071,6.896612,6.353856,-148.263915,-205.223679,3.524582,2.693567,7.389026,6.908820,0.037552,0.012890
8.427219,-310.378905,-296.528402,6.827012,6.327060,-144.155946,-208.841780,3.587744,3.099679,7.368558,6.887347,0.038290,0.013547
8.431416,-303.195407,-303.748727,6.478396,6.334696,-138.968362,-211.125022,3.577248,2.764303,7.340455,6.865323,0.037299,0.013263
8.435613,-295.870865,-310.889924,6.836608,6.260485,-134.500201,-215.572575,3.075688,2.951021,7.320448,6.841008,0.037747,0.011969
8.439809,-288.068273,-318.181718,6.701401,6.200127,-129.563909,-217.639785,3.376495,2.799680,7.288711,6.820152,0.037353,0.012774
8.444006,-280.192563,-325.507882,6.577972,6.510238,-124.330960,-221.303203,3.369608,3.595332,7.264661,6.795053,0.039591,0.013493
8.448203,-271.742425,-332.900175,6.737952,6.436674,-119.449232,-223.282745,3.431839,2.691363,7.230104,6.774415,0.038273,0.012959
8.452400,-262.839067,-340.515333,6.400314,6.476088,-113.502723,-226.042794,3.371917,2.533470,7.199978,6.748535,0.037515,0.012733
8.456597,-253.352598,-347.644843,6.500036,6.487246,-108.800056,-228.466127,3.046457,2.430081,7.164499,6.727628,0.037525,0.011627
8.460794,-244.202965,-354.760301,6.375479,6.530838,-104.065271,-231.857227,3.602037,2.593975,7.134011,6.705069,0.038397,0.013589
8.464990,-234.110312,-361.960869,6.463487,6.213853,-98.044634,-233.463605,3.386968,2.822784,7.097183,6.680777,0.037678,0.013066
8.469187,-223.546912,-368.786546,6.274146,6.524826,-92.410903,-235.391393,3.410275,3.094795,7.060043,6.657282,0.038388,0.013326
8.473384,-212.866581,-375.617689,6.611792,6.532870,-87.473671,-237.896981,3.455110,3.056166,7.021764,6.635537,0.039456,0.013453
8.477581,-201.728942,-382.713863,6.324814,6.277171,-81.745089,-240.150460,3.483989,2.780875,6.982793,6.611274,0.037973,0.013472
8.481778,-190.273084,-388.988488,6.317239,6.271250,-76.501028,-241.595393,3.014284,2.693973,6.940553,6.589846,0.037246,0.011785
8.485975,-178.644743,-395.070186,5.984459,6.386169,-70.650392,-243.496619,3.279626,2.618506,6.902243,6.565581,0.036809,0.012752
8.490171,-166.282141,-401.237301,5.870211,6.448636,-65.018767,-245.336765,3.179490,2.570283,6.859236,6.542248,0.036342,0.012384
8.494368,-153.486795,-407.059859,6.150648,6.418503,-59.588203,-246.812281,3.499774,2.356361,6.813217,6.520083,0.037776,0.013575
8.498565,-140.955099,-412.117046,6.358321,6.329029,-54.315542,-247.947974,3.273359,2.210709,6.768782,6.498839,0.038014,0.012734
8.502762,-127.093631,-416.966225,6.272778,6.443515,-48.376254,-249.655463,3.452837,2.202556,6.722944,6.474585,0.038388,0.013431
8.506959,-113.589640,-421.845849,5.936192,6.411487,-43.121645,-250.755806,3.660249,2.547330,6.673888,6.453486,0.037632,0.014279
8.511155,-99.138143,-425.667932,6.149404,6.667102,-37.530906,-251.511663,3.527473,2.834573,6.623194,6.431314,0.038471,0.013818
8.515352,-85.260935,-429.243967,5.981052,6.399405,-31.314611,-252.414458,3.822250,2.730101,6.579292,6.406615,0.038330,0.014972
8.519549,-70.947358,-431.902920,5.822455,6.672176,-25.507010,-252.245551,3.744290,2.106661,6.530918,6.383963,0.037379,0.014717
8.523746,-55.599570,-434.615879,5.884960,6.515305,-20.738892,-253.098887,3.400926,3.102769,6.472927,6.364943,0.036857,0.013385
8.527943,-40.928270,-436.611258,5.811795,6.710244,-14.915302,-253.948260,3.287962,2.717618,6.424644,6.341852,0.036254,0.012918
8.532140,-26.437656,-437.798119,5.846264,6.692881,-9.372358,-253.938826,3.592092,2.652733,6.375737,6.320076,0.037176,0.014132
8.536336,-11.196307,-438.603193,6.064861,6.731528,-3.052500,-254.442152,3.678809,2.614779,6.327378,6.295182,0.038481,0.014457
8.540533,4.300771,-438.408798,6.232963,6.624967,2.522185,-254.002050,3.633335,2.226117,6.273541,6.273256,0.039122,0.014303
8.544730,18.888365,-437.674255,6.218863,6.882602,6.995271,-254.651240,3.703086,2.693542,6.218295,6.255722,0.039467,0.014534
8.548927,33.796469,-436.754964,6.287078,6.738794,12.597935,-254.317875,3.832530,2.573668,6.167508,6.233690,0.040079,0.015041
8.553124,48.872169,-434.960496,6.198535,6.891983,18.723120,-253.931860,3.713268,2.697653,6.118157,6.209586,0.039398,0.014565
8.557320,63.282935,-432.765749,6.039194,6.760092,24.291884,-253.758129,3.794626,2.807612,6.068717,6.187748,0.038978,0.014855
8.561517,78.379518,-430.619010,6.380398,6.710142,30.407485,-253.468847,3.655574,2.694041,6.018729,6.163791,0.040021,0.014273
8.565714,92.660550,-427.108980,6.333258,6.756793,36.026580,-253.184409,3.713657,3.014556,5.968389,6.141840,0.040168,0.014472
8.569911,106.793333,-422.802508,6.229283,6.555832,41.372695,-251.633102,3.414386,2.778223,5.918119,6.120227,0.038777,0.013329
8.574108,120.645752,-418.784903,6.470027,6.438961,47.508923,-251.410521,4.081050,2.745034,5.871224,6.096418,0.041330,0.015799
8.578305,134.405666,-414.330237,6.447427,6.419388,52.268494,-249.711103,3.709235,2.826512,5.820376,6.076848,0.039982,0.014411
8.582501,147.180370,-408.475733,6.531509,6.611953,58.608868,-248.722843,3.677851,2.834373,5.776949,6.051768,0.040654,0.014238
8.586698,160.352380,-402.803203,6.516553,6.434574,65.098723,-246.917667,3.792159,2.762868,5.734681,6.025406,0.040493,0.014622
8.590895,173.339483,-397.247479,6.230663,6.699756,70.596726,-245.511520,3.551277,2.854753,5.687984,6.003190,0.039328,0.013712
8.595092,184.859165,-390.835327,6.589804,6.581153,76.610391,-243.745142,3.541109,2.965806,5.648747,5.978657,0.040464,0.013672
8.599289,196.687978,-384.140786,6.603867,6.521060,81.935789,-241.184367,3.184952,2.685486,5.606796,5.955695,0.039405,0.012315
8.603486,208.026434,-377.646883,6.663408,6.579991,87.909386,-238.981378,3.200096,2.653000,5.569341,5.930698,0.039606,0.012331
8.607682,219.609379,-371.194795,6.620226,6.433385,93.303013,-237.162665,3.223318,2.743241,5.527454,5.908370,0.039050,0.012412
8.611879,229.859411,-363.799762,6.611947,6.235147,98.722726,-234.182959,3.839610,2.321590,5.491958,5.884230,0.038838,0.014367
8.616076,240.171534,-356.687164,6.717201,6.248358,104.892977,-232.496380,3.411801,2.887607,5.455081,5.859367,0.039143,0.013051
8.620273,249.379784,-349.978768,6.834689,6.099147,110.508741,-229.828276,3.609683,2.819529,5.425638,5.834990,0.039041,0.013627
8.624470,259.172294,-342.160167,6.944936,6.113052,115.237821,-226.611579,3.264041,2.768754,5.388826,5.812740,0.038487,0.012464
8.628666,268.086903,-334.913228,6.946828,6.285128,120.730654,-223.746446,3.770106,2.315951,5.358705,5.788372,0.038784,0.013748
8.632863,277.102810,-327.582469,6.943449,6.172597,126.106973,-220.958314,3.781363,2.508892,5.327224,5.764568,0.038415,0.013803
8.637060,285.248712,-320.083070,6.952112,6.239952,131.539914,-217.392115,3.434309,2.175792,5.301375,5.739038,0.037770,0.012385
8.641257,293.127101,-312.510327,6.952556,5.864237,136.260317,-214.567364,3.796132,2.697994,5.270535,5.717394,0.037300,0.013832
8.645454,300.903800,-305.126193,6.867843,6.121804,142.217765,-210.503764,3.685484,2.500834,5.250074,5.689019,0.037575,0.013224
8.649651,307.954167,-297.980314,6.940486,6.179948,146.729438,-207.152755,3.729679,2.350026,5.225431,5.666900,0.037494,0.013129
8.653847,315.370712,-290.378928,7.073729,5.873830,151.337871,-204.339330,4.055908,2.706706,5.195465,5.645714,0.037070,0.014298
8.658044,321.804715,-283.413007,6.923763,6.159911,156.359566,-200.338979,3.652058,2.582170,5.177735,5.620464,0.037411,0.012939
8.662241,327.876886,-276.676107,6.942156,6.130825,160.928956,-196.887582,3.934072,2.232878,5.158221,5.597945,0.036851,0.013205
8.666438,333.899898,-269.135072,6.881357,6.175029,165.630126,-193.317117,3.829194,2.458752,5.135720,5.574769,0.037219,0.013037
8.670635,339.525534,-262.147897,6.946937,6.163698,170.042734,-189.386194,3.666190,2.394121,5.117910,5.551552,0.036980,0.012424
8.674832,344.897375,-255.673303,6.845831,5.885899,173.449383,-185.652233,3.861457,2.513452,5.100124,5.531756,0.035792,0.012998
8.679028,349.806650,-248.664415,6.910509,6.133121,177.602498,-182.061464,3.747678,2.747525,5.081436,5.510184,0.037260,0.012967
8.683225,355.184230,-242.499278,6.877304,6.092528,181.352432,-177.567801,3.604473,2.472320,5.069871,5.487243,0.036279,0.012131
8.687422,359.743107,-236.210487,6.947626,5.996892,185.736333,-173.981282,3.725586,2.725895,5.055841,5.465120,0.036509,0.012699
8.691619,363.842345,-230.127276,6.996886,6.065784,189.112920,-170.210845,3.637834,2.659432,5.042733,5.445231,0.036635,0.012323
8.695816,367.858864,-223.894060,6.894791,6.009794,192.020242,-166.715969,4.033618,2.832183,5.026778,5.427367,0.036689,0.013374
8.700012,371.971178,-218.351968,6.861836,5.896937,194.680617,-162.519667,4.153070,2.428192,5.017477,5.407993,0.035199,0.012813
8.704209,375.547505,-212.757887,6.983077,6.012811,198.396169,-158.561226,3.149451,2.404467,5.009281,5.386651,0.035548,0.010707
8.708406,379.009035,-207.070431,6.958187,5.931937,201.203853,-154.957960,3.719532,2.149875,4.997492,5.368664,0.034804,0.011174
8.712603,382.560425,-201.721396,6.961706,6.019971,202.681056,-151.635422,3.683708,2.377956,4.983952,5.354704,0.035259,0.011515
8.716800,384.936035,-196.934493,6.917456,5.900323,205.615434,-148.225147,3.641902,2.522815,4.977622,5.336995,0.035104,0.011653
8.720997,388.215446,-191.616336,7.105387,6.122635,208.415324,-144.298769,3.402991,2.256445,4.969722,5.317970,0.035613,0.010581
8.725193,391.026184,-186.716258,7.101710,6.007123,210.877372,-141.411634,3.592804,2.404503,4.958764,5.303101,0.035360,0.011134
8.729390,393.439191,-182.369589,7.288437,5.838941,212.765064,-137.987208,3.755296,2.433588,4.953268,5.287739,0.034653,0.011391
8.733587,395.253507,-177.728396,7.250769,6.115621,215.041999,-135.550487,3.609734,2.804288,4.942297,5.274822,0.036773,0.012018
8.737784,397.734993,-173.069380,7.231321,5.972254,216.497225,-132.655071,3.530889,2.941185,4.931790,5.262119,0.036241,0.012261
8.741981,399.677073,-169.102384,7.275642,5.830940,217.885578,-129.251656,4.183048,2.339602,4.928187,5.247800,0.034361,0.011578
8.746177,401.720610,-165.772125,7.326746,5.720023,219.334529,-127.317852,3.814463,3.139909,4.920186,5.238327,0.035453,0.013102
8.750374,403.187430,-162.000790,7.192050,5.905238,221.832861,-123.660653,3.201928,2.331801,4.920731,5.220934,0.034643,0.010099
8.754571,404.744310,-158.445944,6.907200,6.039246,222.197293,-121.984610,3.652349,2.939109,4.909531,5.214458,0.036324,0.012304
8.758768,406.185507,-155.063765,6.804182,6.085500,223.167026,-120.725771,4.002899,3.346384,4.897853,5.208270,0.037480,0.013817
8.762965,407.541350,-152.063873,7.073877,6.169175,224.522163,-118.907243,3.567612,3.608395,4.891610,5.199436,0.038564,0.014168
8.767162,408.487258,-149.040808,7.030377,6.132154,225.555022,-115.555556,3.872021,2.704596,4.893432,5.185841,0.036291,0.011779
8.771358,410.027765,-146.523220,6.991093,6.169252,227.207103,-113.218262,3.123226,2.505788,4.892586,5.174679,0.036017,0.010400
8.775555,410.509226,-144.176344,6.988762,6.064214,227.354589,-111.487992,3.121411,2.468194,4.889003,5.168303,0.035390,0.010298
8.779752,411.157039,-141.825465,7.026559,6.403169,228.470868,-111.568748,3.415163,2.990545,4.876520,5.166656,0.038277,0.012101
8.783949,411.905835,-139.906914,6.923159,6.146535,228.385364,-109.937314,3.409616,3.169838,4.874264,5.161020,0.037309,0.012689
8.788146,412.306432,-138.196336,6.924759,6.138341,228.266454,-107.764444,3.619117,2.347341,4.876261,5.153468,0.035424,0.010401
8.792343,412.657002,-136.420887,7.165436,6.180487,230.000806,-107.326187,3.536698,2.519452,4.870349,5.148989,0.036278,0.010753
8.796539,413.369652,-135.074615,7.138454,6.074147,230.612000,-106.348841,3.636627,2.038036,4.868293,5.144484,0.034866,0.009438
8.800736,414.055431,-134.188473,6.970448,6.118552,230.459911,-106.149894,3.589748,2.096204,4.863937,5.144023,0.035010,0.009557
8.804933,414.113102,-132.945164,6.942108,6.277629,230.918556,-106.088110,3.745956,2.362959,4.857956,5.143047,0.036373,0.010453
8.809130,414.115303,-132.451097,6.902263,6.262255,230.128676,-106.508841,4.176403,2.741841,4.852466,5.145855,0.036933,0.012006
8.813327,414.271999,-132.084251,7.023255,6.111351,230.122871,-106.671875,4.160952,2.805840,4.849522,5.146448,0.036335,0.012179
8.817523,414.445019,-131.396625,7.143825,6.415354,229.991065,-106.706590,4.156376,2.757813,4.845453,5.146791,0.037655,0.012040
8.821720,414.516981,-131.291327,7.154230,6.400973,230.138965,-108.394542,3.598873,3.417785,4.835940,5.152565,0.039120,0.013567
8.825917,414.303141,-131.292213,6.982522,6.443756,230.164020,-107.072935,3.501465,2.298532,4.843165,5.147813,0.036931,0.010062
8.830114,414.066825,-131.318065,7.120890,6.372212,228.870183,-107.855868,3.464792,2.035968,4.838406,5.152776,0.035948,0.009331
8.834311,413.836333,-131.245104,6.947038,6.422843,228.090380,-109.542593,3.648830,2.620773,4.828701,5.160120,0.037164,0.011231
8.838508,412.961858,-132.280398,7.077415,6.049568,227.943943,-111.121217,3.721210,2.695667,4.826257,5.165982,0.035670,0.011517
8.842704,412.141094,-132.817610,6.965461,6.318726,227.378399,-111.419989,4.041988,2.025129,4.827687,5.168021,0.035786,0.010046
8.846901,411.542619,-134.053057,6.971781,6.165387,226.394505,-113.857027,3.684053,2.702134,4.821040,5.178365,0.036222,0.011550
8.851098,410.623677,-136.053295,7.031552,6.154265,225.516362,-115.737117,4.089165,2.597706,4.821705,5.186548,0.035975,0.011721
8.855295,409.601268,-136.775276,6.932017,6.350172,224.475508,-116.914930,3.732620,2.479883,4.819261,5.192566,0.036684,0.011042
8.859492,408.783192,-138.411776,7.109708,6.092206,224.429151,-119.257645,3.644784,2.393284,4.815916,5.200826,0.035407,0.010698
8.863689,407.531675,-140.762930,7.075103,6.162024,222.687643,-121.329874,3.637912,2.394473,4.817136,5.211265,0.035656,0.010763
8.867885,406.285234,-143.064636,7.005167,6.059369,221.584244,-123.165050,3.148958,1.989045,4.819714,5.219704,0.034419,0.009135
8.872082,405.228079,-145.763408,7.070550,5.964372,220.425839,-126.261891,3.697069,2.124022,4.817526,5.232575,0.034181,0.010245
8.876279,403.315123,-148.223016,7.165261,6.114735,218.512794,-129.334266,3.673432,2.514449,4.814246,5.246820,0.035680,0.011266
8.880476,401.752193,-151.284516,7.112142,5.872633,217.202886,-131.282552,3.615420,2.021069,4.820350,5.256055,0.033583,0.010037
8.884673,399.871645,-154.067261,7.041149,6.030859,215.100990,-134.559192,3.661084,2.160661,4.817579,5.271393,0.034581,0.010521
8.888869,397.999088,-157.751009,7.162981,5.906281,212.556802,-137.611552,3.688246,2.248921,4.820567,5.286942,0.034004,0.010874
8.893066,396.124826,-160.710884,7.312693,6.150519,211.336415,-140.844515,3.703694,2.156227,4.819486,5.300239,0.035185,0.010739
8.897263,393.722950,-164.595365,7.099600,6.065307,208.907135,-143.932314,3.669045,2.322268,4.823730,5.315679,0.035034,0.011142
8.901460,391.494770,-168.678126,7.157259,6.028784,206.626500,-147.315372,3.608611,2.433580,4.827435,5.331757,0.035055,0.011363
8.905657,388.881482,-172.888975,6.890049,6.039692,203.725449,-151.076203,3.251110,2.540168,4.829656,5.350472,0.035229,0.011091
8.909854,386.464739,-177.172144,6.832657,5.936900,200.937154,-154.920038,3.797986,2.608607,4.831758,5.369187,0.034815,0.012241
8.914050,383.180722,-182.158641,7.046272,5.811821,198.700508,-158.480067,3.716840,2.904522,4.840044,5.385654,0.035075,0.012766
8.918247,380.034678,-186.734624,7.042636,6.038543,195.394849,-161.814335,3.725066,2.440022,4.846545,5.404055,0.035111,0.011941
8.922444,376.845909,-191.971774,6.861215,6.121995,192.421167,-164.953391,3.207488,2.317332,4.857855,5.421078,0.035244,0.010772
8.926641,373.168365,-197.323153,6.922963,6.077502,189.298639,-169.438174,3.809160,2.489421,4.862898,5.442481,0.035492,0.012382
8.930838,369.824448,-202.990895,7.262548,6.173775,185.818180,-173.184874,3.694210,2.289834,4.872978,5.462612,0.035564,0.011908
8.935034,366.100825,-208.421849,7.284103,5.870808,182.104762,-176.871197,3.738224,2.518333,4.882212,5.483209,0.034532,0.012486
8.939231,361.672372,-214.810993,6.899684,6.031631,178.967016,-180.262353,3.351204,2.230888,4.899277,5.501393,0.034837,0.011222
8.943428,357.389009,-220.586626,6.838448,6.229310,174.231891,-184.449099,4.232330,2.612078,4.907190,5.526265,0.036464,0.014036
8.947625,352.939832,-227.288622,6.893578,5.855679,170.130927,-187.966284,3.646010,2.513605,4.924261,5.547552,0.034452,0.012568
8.951822,348.381841,-233.993505,7.125715,5.946075,166.026195,-191.166747,3.703570,2.342269,4.943062,5.568055,0.034630,0.012600
8.956019,343.335881,-241.097998,6.852590,5.903451,162.534638,-195.048268,3.248869,2.446956,4.961784,5.588464,0.034675,0.011606
8.960215,337.747236,-247.877953,6.994476,5.993749,158.673283,-198.361181,3.293113,2.453245,4.982164,5.608493,0.035380,0.011785
8.964412,332.039008,-255.244423,6.879597,5.774501,153.522910,-202.485833,3.696500,2.441748,4.999749,5.634463,0.034418,0.012964
8.968609,326.239937,-262.672921,6.923764,6.011254,149.148315,-206.249775,3.793212,2.788724,5.020830,5.657095,0.036336,0.013677
8.972806,319.992667,-270.309703,6.930579,5.983821,143.972741,-209.034580,3.828329,2.362813,5.047383,5.680049,0.035465,0.013497
8.977003,313.722315,-277.963871,7.148534,5.900582,139.172861,-212.589071,3.245298,2.697395,5.070752,5.703543,0.035788,0.012165
8.981200,306.385103,-285.609494,7.215695,6.095449,134.416140,-215.473145,3.770171,2.401709,5.099638,5.725436,0.036619,0.013554
8.985396,299.511226,-293.458540,7.123975,6.077322,129.256613,-219.581973,3.893654,3.017277,5.121789,5.751154,0.037789,0.014474
8.989593,292.022384,-301.633322,6.967307,6.095123,124.185249,-221.982366,3.684504,2.761197,5.155489,5.773125,0.037278,0.013708
8.993790,284.220956,-309.936649,6.987655,6.285034,118.732922,-224.111196,3.667451,2.214865,5.190822,5.795987,0.037240,0.013416
8.997987,275.314478,-318.154877,6.735674,6.113924,114.675847,-227.228745,3.652823,2.555553,5.227455,5.815808,0.037339,0.013587
9.002184,267.031782,-326.378070,6.844930,6.204352,108.772981,-229.560354,3.683490,2.297303,5.261417,5.840691,0.037463,0.013664
9.006380,257.773502,-334.937876,7.160750,6.242023,104.195777,-231.929218,3.830219,2.318443,5.303197,5.860950,0.038634,0.014240
9.010577,248.372347,-343.291040,6.893441,6.379884,98.654834,-234.986638,3.773084,2.653765,5.338642,5.885700,0.039233,0.014233
9.014774,238.467215,-351.115923,6.751783,6.231945,92.702462,-237.162434,3.555508,2.673730,5.375910,5.910564,0.038458,0.013555
9.018971,227.897296,-359.254044,6.799328,6.329770,87.536221,-238.561715,3.253933,2.485805,5.422585,5.931506,0.038480,0.012485
9.023168,216.941717,-367.195021,6.580876,6.517658,82.717990,-241.792244,3.620189,3.103260,5.463825,5.953562,0.040048,0.013968
9.027365,205.499016,-375.059829,6.517724,6.363945,76.895457,-243.624154,3.544927,2.996964,5.508678,5.977450,0.039337,0.013696
9.031561,193.909128,-382.501851,6.614512,6.562118,71.776768,-244.786425,3.605097,2.980728,5.557685,5.997958,0.040156,0.013954
9.035758,181.570747,-389.708687,6.498054,6.455055,66.099760,-246.608299,3.567898,3.035374,5.604237,6.021305,0.039722,0.013845
9.039955,168.361199,-397.205840,6.608489,6.499807,61.377373,-248.048256,3.224722,3.163987,5.660973,6.040616,0.039831,0.012606
9.044152,155.316339,-403.869376,6.468148,6.404198,56.348796,-249.049481,3.430817,2.786671,5.714409,6.060676,0.039322,0.013324
9.048349,141.385341,-410.035263,6.456497,6.461731,51.951778,-250.223183,3.539842,2.864080,5.772989,6.078472,0.039828,0.013752
9.052546,127.325426,-415.986923,6.362664,6.361427,46.475438,-250.814692,3.751107,2.424104,5.827982,6.099966,0.039576,0.014563
9.056742,112.610363,-420.495411,6.326905,6.488547,40.469465,-251.641222,3.631347,2.871837,5.879421,6.123729,0.039563,0.014180
9.060939,97.390982,-425.420661,6.257509,6.683193,36.262490,-252.938974,3.719512,2.960616,5.942591,6.140791,0.039799,0.014503
9.065136,82.276257,-429.122663,6.155125,6.715552,30.607400,-253.173747,3.476948,2.692585,5.997557,6.162874,0.038623,0.013595
9.069333,66.428465,-432.958937,6.228563,6.499046,26.184265,-253.432365,3.571563,2.502852,6.062662,6.180232,0.038970,0.013980
9.073530,50.721012,-435.459045,6.215609,6.614751,21.600334,-254.792955,3.238809,3.292704,6.123375,6.198612,0.038354,0.012668
9.077726,35.047726,-437.344090,6.195525,6.719485,16.203948,-254.777296,3.702206,3.125718,6.180334,6.219670,0.039335,0.014493
9.081923,19.248562,-438.127889,6.008631,6.344479,11.723773,-255.397859,3.179558,3.234658,6.242029,6.237314,0.037174,0.012437
9.086120,3.802941,-438.816649,6.128183,6.528306,6.833821,-255.355666,3.443824,3.252811,6.299704,6.256430,0.038311,0.013481
9.090317,-12.783377,-437.996520,6.069828,6.229862,2.341056,-255.127745,3.513108,3.119663,6.365704,6.274010,0.038219,0.013769
9.094514,-28.412386,-436.975561,6.007026,6.561541,-2.767130,-254.616633,3.263007,2.605150,6.422900,6.294053,0.037145,0.012814
9.098711,-44.020930,-434.780023,5.881777,6.449449,-7.786739,-254.168745,3.695141,2.464813,6.481177,6.313812,0.037699,0.014528
9.102907,-59.326315,-432.361693,5.881098,6.252607,-13.341340,-253.694756,3.536322,2.612341,6.535096,6.335725,0.037168,0.013911
9.107104,-74.429945,-429.170174,6.228951,6.311874,-17.451820,-253.577312,3.530624,2.722972,6.596956,6.351899,0.038640,0.013877
9.111301,-89.731758,-425.282454,5.992609,6.425338,-22.173620,-253.007377,3.735616,2.504168,6.656909,6.370602,0.038043,0.014678
9.115498,-103.999968,-421.103235,5.849047,6.315900,-28.140580,-252.367505,3.669302,2.481073,6.705686,6.394233,0.037215,0.014402
9.119695,-118.082623,-415.920390,5.902386,6.459488,-33.408511,-251.606691,3.752317,2.854928,6.759014,6.415194,0.037915,0.014730
9.123891,-131.725698,-410.524536,6.275355,6.398844,-37.979614,-251.058316,3.601683,2.371275,6.814641,6.433325,0.038556,0.014094
9.128088,-145.531288,-404.594449,6.245142,6.095630,-43.841685,-250.143764,4.049689,2.768986,6.865440,6.456689,0.039072,0.015819
9.132285,-158.827757,-398.576780,6.110554,6.347161,-49.128769,-249.102690,3.985143,2.865365,6.916302,6.477909,0.038731,0.015553
9.136482,-171.303868,-392.495051,6.172731,6.332501,-55.089007,-247.515720,3.771175,3.065325,6.958899,6.502183,0.038516,0.014753
9.140679,-183.593083,-385.889419,6.188523,6.332856,-60.200856,-246.051688,3.338558,2.926022,7.006189,6.523139,0.037574,0.013093
9.144876,-194.827470,-378.981555,6.431172,6.232320,-66.038997,-244.395329,3.502448,2.897514,7.046574,6.547096,0.038176,0.013686
9.149072,-206.026557,-371.749889,6.174389,6.433016,-71.836545,-243.062039,3.359584,2.919760,7.089511,6.570553,0.037906,0.013124
9.153269,-216.860295,-364.668142,6.550188,6.340505,-76.814025,-241.396359,3.864150,3.100766,7.132202,6.591261,0.039137,0.015002
9.157466,-227.120683,-357.798432,6.457306,6.217358,-82.295280,-240.268486,3.403734,2.920725,7.172251,6.613175,0.037762,0.013215
9.161663,-237.245280,-350.359869,6.542650,6.324864,-87.938298,-237.285110,3.335767,2.787054,7.205805,6.638094,0.037761,0.012939
9.165860,-247.120214,-342.816867,6.501255,6.232101,-93.944360,-235.322244,3.362563,2.760042,7.242067,6.663015,0.037333,0.012970
9.170057,-256.029930,-335.894913,6.823744,6.175299,-99.048571,-233.387728,3.167267,2.559100,7.275508,6.684543,0.037047,0.012157
9.174253,-264.970763,-328.761330,6.523852,6.082136,-104.407541,-231.388759,3.435093,2.793952,7.308838,6.707054,0.036652,0.013139
9.178450,-273.286087,-321.496182,6.514058,6.277782,-109.524910,-228.017409,3.532814,2.596948,7.335292,6.730978,0.036860,0.013351
9.182647,-281.708094,-314.405063,6.821443,6.062765,-114.985597,-225.302040,3.692701,2.908283,7.363164,6.755088,0.036854,0.014014
9.186844,-289.089560,-307.416839,6.501708,6.333160,-120.063778,-223.240078,3.365940,2.582890,7.391926,6.776632,0.036743,0.012652
9.191041,-296.398797,-300.293828,6.751410,6.219392,-126.068501,-220.330216,3.444644,2.187029,7.415061,6.802898,0.036040,0.012531
9.195237,-303.606654,-293.593020,6.691008,6.355844,-131.059695,-217.679934,3.882007,2.488893,7.439512,6.825129,0.037035,0.014030
9.199434,-310.418544,-286.595137,6.841675,6.144586,-135.570628,-214.141453,3.793874,2.851861,7.461139,6.847580,0.036657,0.014007
9.203631,-316.570053,-280.486495,6.993148,6.187291,-140.396853,-211.132265,3.351343,3.065446,7.478943,6.870013,0.037104,0.012882
9.207828,-322.698037,-273.635872,6.820307,6.148658,-145.131538,-207.672167,3.664794,3.001710,7.498294,6.893139,0.036731,0.013661
9.212025,-328.406420,-267.769632,6.944006,6.230557,-149.777108,-204.391241,3.864640,3.077483,7.513034,6.915585,0.037289,0.014243
9.216222,-334.318277,-261.522269,6.929776,6.352037,-154.663291,-201.187610,4.003079,2.819408,7.529980,6.938580,0.037272,0.014222
9.220418,-339.692767,-255.538889,7.287032,6.227990,-158.944588,-198.335476,3.776948,3.522349,7.547474,6.958775,0.038280,0.014477
9.224615,-344.766410,-249.576526,6.964966,6.302871,-163.415326,-194.613500,3.932102,3.309904,7.559706,6.981664,0.037981,0.014511
9.228812,-349.813486,-244.138573,7.156777,6.376942,-167.132258,-191.218327,4.225759,3.519623,7.572014,7.001471,0.038742,0.015496
9.233009,-354.079729,-238.388332,7.168913,6.289853,-171.705060,-186.584880,3.878635,2.863692,7.577222,7.027077,0.036981,0.013608
9.237206,-358.800427,-233.363989,7.435354,6.268544,-174.489240,-183.310044,4.190878,2.892960,7.588804,7.043936,0.036799,0.014352
9.241403,-362.763561,-228.439651,6.932403,6.458147,-178.039898,-179.591353,3.659187,3.071539,7.595459,7.064245,0.037673,0.013368
9.245599,-366.403380,-223.801718,7.147657,6.439142,-181.116344,-176.639450,3.935413,3.258430,7.604738,7.081097,0.038063,0.014247
9.249796,-370.197749,-219.006843,7.323981,6.352203,-185.124182,-172.733234,4.210481,3.050461,7.608976,7.103195,0.037410,0.014363
9.253993,-374.015446,-214.343494,7.225429,6.444635,-188.764784,-169.467722,4.161514,3.017257,7.616316,7.122399,0.037717,0.014087
9.258190,-376.924441,-209.886927,7.060239,6.209419,-192.225129,-166.302013,3.875467,3.450487,7.622243,7.140762,0.037714,0.014315
9.262387,-380.108309,-205.815683,7.289595,6.223305,-193.547680,-162.074977,4.119515,2.932702,7.623683,7.156854,0.036350,0.013751
9.266583,-382.611671,-201.985096,7.126525,6.475533,-196.900247,-159.510509,4.242048,3.055883,7.629136,7.173107,0.037904,0.014101
9.270780,-385.660169,-198.240844,7.262968,6.486139,-200.642463,-156.148982,3.554739,2.772788,7.630287,7.192647,0.037462,0.012158
9.274977,-388.114450,-194.802752,7.390670,6.415766,-202.036671,-153.697493,3.876280,3.400036,7.636570,7.203642,0.038386,0.014110
9.279174,-390.430747,-191.565527,7.334146,6.379494,-204.533502,-150.554381,4.237640,3.367370,7.636848,7.219445,0.038225,0.014555
9.283371,-392.510360,-188.446900,7.251237,6.536146,-206.154926,-147.639204,4.068502,3.448690,7.638407,7.232494,0.038973,0.014476
9.287568,-394.106008,-185.473168,7.244187,6.423954,-208.134632,-144.562619,3.948256,3.265011,7.637448,7.246914,0.038114,0.013819
9.291764,-396.322805,-182.802640,7.279102,6.596106,-209.856859,-141.903131,4.068659,3.336620,7.638061,7.259415,0.038964,0.014141
9.295961,-398.268832,-180.311103,7.373466,6.672100,-211.845728,-139.099759,4.124161,2.948464,7.636417,7.272975,0.038509,0.013204
9.300158,-399.366588,-177.979881,7.420826,6.504558,-213.799207,-137.093913,4.380333,2.946440,7.637117,7.283798,0.037974,0.013492
9.304355,-400.858504,-176.315060,7.289621,6.513083,-215.680526,-134.751795,3.930352,2.992502,7.633190,7.295544,0.038069,0.012909
9.308552,-402.141225,-174.307017,7.227698,6.551065,-216.183448,-132.571502,4.030683,3.273592,7.633205,7.303886,0.038681,0.013789
9.312748,-402.710394,-172.573673,7.251237,6.536146,-217.480658,-130.408767,4.175476,3.206798,7.630160,7.313831,0.038626,0.013760
9.316945,-403.889555,-171.258792,7.264834,6.522583,-218.884339,-129.082501,4.287029,3.207716,7.629839,7.321148,0.038633,0.013845
9.321142,-404.921974,-170.072314,7.602461,6.287766,-220.021243,-127.618320,4.076703,3.523451,7.628289,7.328377,0.038402,0.014431
9.325339,-405.549247,-168.848000,7.256926,6.387817,-220.951255,-125.308277,3.403477,2.856681,7.622353,7.338081,0.037196,0.011806
9.329536,-406.233202,-168.122801,7.236448,6.564748,-222.137081,-125.400077,3.579569,3.442149,7.625951,7.340062,0.039408,0.013626
9.333733,-406.233810,-167.305821,7.232303,6.546178,-221.818798,-123.378538,4.329520,2.812439,7.620141,7.346381,0.037984,0.012748
9.337929,-406.641402,-165.786938,7.295814,6.505571,-222.320138,-121.824460,3.873387,3.217647,7.619846,7.352699,0.038605,0.013334
9.342126,-406.663707,-165.646885,7.264729,6.618318,-223.329048,-120.455911,3.623824,2.809527,7.612305,7.359340,0.038377,0.011871
9.346323,-406.748941,-165.547851,7.252172,6.577457,-223.725786,-120.808646,4.126629,3.420627,7.614237,7.358860,0.039643,0.014128
9.350520,-407.013225,-165.614117,7.469318,6.544712,-223.911393,-120.606667,4.383183,3.135224,7.612955,7.359905,0.038950,0.013586
9.354717,-407.034611,-165.859526,7.496302,6.665399,-223.664891,-120.899225,4.121867,3.516613,7.613536,7.358432,0.040241,0.014404
9.358914,-407.408479,-167.199214,7.603762,6.680120,-223.577853,-121.711373,4.383163,3.452316,7.611410,7.355463,0.040120,0.014479
9.363110,-406.606598,-167.983959,7.349407,6.751211,-223.423792,-121.855225,4.271533,3.680660,7.607293,7.354677,0.040974,0.015027
9.367307,-406.577002,-168.708106,7.333765,6.557538,-223.405139,-121.495820,4.453723,3.144629,7.601724,7.355883,0.038913,0.013712
9.371504,-406.070077,-169.661605,7.222224,6.639612,-223.414748,-121.480656,3.572902,2.784527,7.596076,7.355953,0.038426,0.011729
9.375701,-405.417059,-171.317512,7.359201,6.607660,-222.303570,-122.415584,3.831432,3.223288,7.593014,7.350625,0.039142,0.013297
9.379898,-404.596781,-172.599414,7.310632,6.626915,-222.473424,-123.699559,4.016157,3.184826,7.591670,7.346529,0.039364,0.013355
9.384094,-403.737244,-174.342498,7.110755,6.488123,-221.690039,-123.855420,4.077865,2.613002,7.583451,7.344493,0.037515,0.011918
9.388291,-402.689842,-176.447404,7.215655,6.571583,-220.733690,-125.538814,4.037967,2.739825,7.581172,7.336869,0.038156,0.012238
9.392488,-401.888478,-178.249420,7.249916,6.679927,-219.772454,-126.799882,4.125902,2.736174,7.578647,7.330676,0.038614,0.012381
9.396685,-400.561144,-180.471361,7.252172,6.577457,-218.760015,-128.510956,3.612155,2.846742,7.575594,7.322840,0.038300,0.012066
9.400882,-399.399956,-183.011081,7.067691,6.550722,-218.042155,-130.235843,3.753711,2.812880,7.570801,7.315552,0.038125,0.012159
9.405079,-397.930574,-185.971878,7.255701,6.395559,-216.942239,-132.628366,3.572050,3.165822,7.567363,7.305256,0.038248,0.012905
9.409275,-396.510574,-188.455003,7.251145,6.528821,-215.428586,-134.272404,4.123244,2.766757,7.563244,7.296620,0.038102,0.012624
9.413472,-394.592973,-192.276188,7.256555,6.413426,-213.521491,-136.473946,4.027695,2.710366,7.555039,7.285266,0.037412,0.012429
9.417669,-392.711095,-194.761660,7.198980,6.493267,-212.017455,-139.184739,4.161606,2.849271,7.555589,7.273066,0.038112,0.013011
9.421866,-390.610678,-198.323834,7.110730,6.544952,-210.686878,-142.430166,3.753066,3.181184,7.552781,7.259526,0.038998,0.013255
9.426063,-388.589947,-202.027644,7.141163,6.476794,-207.724646,-144.472334,3.964467,2.923164,7.545892,7.246283,0.037987,0.013038
9.430260,-386.512376,-206.130153,7.110932,6.561049,-206.002402,-146.935793,4.144676,2.734917,7.537103,7.234404,0.038032,0.012958
9.434456,-384.060002,-209.730499,7.246693,6.520177,-203.957540,-151.202242,4.017260,3.744508,7.539775,7.216045,0.040109,0.015138
9.438653,-380.874389,-214.073875,6.951709,6.409772,-201.252551,-153.577748,4.154774,3.354677,7.529117,7.202143,0.038659,0.014495
9.442850,-378.445184,-218.261997,7.133763,6.540198,-199.142719,-156.499718,4.302330,3.005964,7.522252,7.187918,0.038633,0.014044
9.447047,-375.092918,-222.823643,7.010052,6.422661,-196.708693,-160.281381,4.080338,3.250108,7.516769,7.170272,0.038638,0.014205
9.451244,-372.327428,-227.387723,6.885964,6.458963,-193.487775,-163.145638,4.114151,3.174392,7.509120,7.153458,0.038393,0.014204
9.455440,-368.311529,-232.437547,7.164688,6.377464,-190.955606,-166.811277,4.197418,3.402429,7.499579,7.135968,0.038952,0.014857
9.459637,-364.944043,-237.550362,6.888234,6.522856,-187.777726,-169.125287,3.619088,2.744319,7.485411,7.120798,0.037763,0.012529
9.463834,-360.866104,-242.449516,6.859984,6.510535,-183.963737,-172.747457,3.741215,2.677544,7.478646,7.100017,0.037596,0.012760
9.468031,-356.986942,-246.873561,6.902216,6.348552,-181.235847,-175.317822,3.726685,2.701994,7.467333,7.085180,0.037108,0.012842
9.472228,-352.354195,-252.182523,6.699725,6.434545,-178.088242,-179.613203,4.557111,2.895390,7.459393,7.064320,0.038248,0.015121
9.476425,-347.588222,-257.800561,7.111806,6.209122,-173.668101,-182.762930,3.743471,3.050952,7.446661,7.043073,0.037512,0.013614
9.480621,-342.844628,-263.368825,6.840482,6.425378,-170.629919,-186.751084,3.996350,2.986131,7.435380,7.023505,0.038359,0.014122
9.484818,-338.019882,-269.349966,6.809061,6.302534,-166.171153,-190.088528,3.677557,3.086967,7.421830,7.001549,0.037779,0.013602
9.489015,-332.563020,-275.046477,6.762432,6.388746,-162.678860,-194.343322,3.952868,3.320366,7.410494,6.980124,0.038924,0.014620
9.493212,-326.934477,-282.209404,7.152820,6.384578,-157.947433,-197.985931,3.601735,2.849634,7.391613,6.956566,0.038162,0.013146
9.497409,-320.577666,-288.567623,6.740229,6.310190,-153.325615,-201.339539,3.990918,3.000828,7.373253,6.934023,0.038046,0.014457
9.501605,-314.603960,-294.908960,6.866568,6.590849,-148.655859,-204.375890,3.686084,2.777050,7.354561,6.912042,0.038638,0.013450
9.505802,-308.280271,-301.066497,6.786979,6.487327,-144.604543,-207.901801,3.509495,2.783394,7.336515,6.890913,0.038261,0.012993
9.509999,-300.969484,-307.377429,6.521470,6.395001,-139.773168,-211.209843,3.438511,2.848090,7.316076,6.867793,0.037826,0.012911
9.514196,-294.150482,-313.932911,6.644968,6.364752,-135.312318,-214.454922,3.099974,2.222106,7.294459,6.846058,0.036886,0.011347
9.518393,-286.860743,-320.341206,6.457258,6.211399,-130.327672,-218.184431,3.651051,2.525549,7.275766,6.821638,0.037052,0.013345
9.522590,-278.916697,-327.197120,6.379046,6.422528,-125.069875,-220.807662,3.189138,2.249337,7.248964,6.798548,0.036955,0.011775
9.526786,-270.560006,-333.539887,6.457783,6.326197,-118.899831,-224.007282,3.222777,2.529252,7.228495,6.771157,0.037173,0.012160
9.530983,-262.645467,-340.355421,6.526008,6.258983,-113.223788,-226.696285,3.167867,3.048591,7.203693,6.746394,0.037662,0.012409
9.535180,-253.167895,-346.762439,6.464454,6.432571,-107.921323,-228.917146,3.635761,2.809881,7.172360,6.723727,0.038386,0.013830
9.539377,-244.132486,-353.793505,6.463175,6.313530,-102.240683,-231.464715,3.497273,2.503879,7.142489,6.699125,0.037550,0.013260
9.543574,-234.725757,-360.297054,6.210771,6.321799,-96.855670,-233.784061,3.136173,2.648839,7.111514,6.675954,0.036884,0.012130
9.547771,-224.715074,-366.726892,6.378480,6.505988,-91.318311,-236.100655,3.479635,2.751781,7.079077,6.652241,0.038369,0.013406
9.551967,-214.429976,-373.442329,6.539673,6.354085,-86.396553,-239.083758,3.689727,2.578096,7.044482,6.629949,0.038827,0.014079
9.556164,-203.764562,-379.385879,6.325078,6.322345,-80.186665,-240.867320,3.677257,2.493871,7.011641,6.604553,0.038197,0.014089
9.560361,-193.490126,-385.793051,6.275508,6.451064,-74.281226,-242.614665,3.429739,2.591306,6.977485,6.580293,0.037951,0.013266
9.564558,-181.914364,-391.871550,6.104929,6.506987,-68.094693,-244.497654,3.553272,2.612092,6.940818,6.554810,0.037830,0.013767
9.568755,-170.132540,-397.605575,6.058531,6.578784,-62.214916,-245.796865,3.717144,2.301596,6.901175,6.531094,0.037914,0.014386
9.572951,-157.779545,-403.141441,6.208013,6.745948,-56.301302,-247.481169,3.678016,2.218785,6.860910,6.506875,0.038650,0.014263
9.577148,-145.627172,-408.394088,6.231023,6.525863,-50.317765,-248.508877,3.614412,2.680548,6.820741,6.482963,0.038492,0.014128
9.581345,-132.429809,-413.375608,5.761475,6.365538,-45.489911,-249.959341,3.591595,2.643566,6.772116,6.463204,0.036802,0.014032
9.585542,-119.897538,-417.768315,5.828171,6.349646,-39.784472,-251.170122,3.487749,2.392833,6.731417,6.440277,0.036735,0.013626
9.589739,-106.472397,-422.086263,5.998094,6.507392,-33.570699,-251.762240,3.641228,2.654112,6.687609,6.415746,0.037883,0.014277
9.593936,-92.600566,-426.200929,5.853073,6.548194,-27.915338,-252.227990,3.554661,2.646015,6.639158,6.393412,0.037037,0.013970
9.598132,-78.212153,-429.249112,6.110512,6.595639,-21.721537,-253.594726,3.657179,2.651133,6.594340,6.368631,0.038588,0.014344
9.602329,-64.339848,-431.239941,6.046222,6.537490,-16.927695,-252.973441,3.287962,2.717618,6.543130,6.350001,0.037382,0.012959
9.606526,-49.761489,-433.224484,6.063073,6.488934,-10.719478,-252.946872,3.187257,2.548575,6.496458,6.325538,0.037165,0.012585
9.610723,-35.407054,-435.243976,6.035359,6.593928,-5.487724,-253.309751,3.570435,2.415185,6.446178,6.304846,0.038034,0.014090
9.614920,-20.791244,-437.532645,5.926086,6.767125,0.413430,-254.285425,3.568837,2.372199,6.398389,6.281559,0.037519,0.014035
9.619117,-6.238212,-438.285321,5.733230,6.470089,5.621048,-254.705047,3.353305,2.504739,6.347696,6.261120,0.036111,0.013161
9.623313,9.282627,-438.228365,5.891119,6.990815,11.294811,-254.142668,3.248035,2.737136,6.294116,6.238772,0.036542,0.012764
9.627510,23.766073,-438.030268,5.715189,7.062274,18.145178,-254.634281,3.570573,3.075001,6.252546,6.212046,0.036733,0.013978
9.631707,38.719141,-436.553947,5.935771,6.452553,22.206016,-253.403303,3.581455,2.659315,6.193267,6.195777,0.037701,0.014055
9.635904,53.543022,-435.160419,5.691305,6.686520,28.225693,-253.460307,3.647281,2.713824,6.144741,6.172281,0.036896,0.014262
9.640101,68.485848,-432.786112,6.050795,6.772529,32.825182,-252.473424,3.551319,2.440341,6.087934,6.153896,0.038209,0.013887
9.644297,82.600577,-429.356848,5.938954,6.644229,38.779028,-251.444170,3.532110,2.569379,6.041683,6.130166,0.037779,0.013807
9.648494,97.055612,-426.558820,6.259400,6.477331,44.202677,-250.722864,3.615726,2.406348,5.991196,6.108678,0.039229,0.014082
9.652691,111.356926,-421.979593,6.306343,6.285194,49.278458,-249.991566,3.199014,2.567637,5.936792,6.088560,0.038499,0.012471
9.656888,125.494729,-418.505044,6.345325,6.360143,54.761118,-249.508787,3.529629,3.300052,5.886789,6.067135,0.039556,0.013777
9.661085,138.809277,-413.322084,6.412461,6.376502,60.143973,-248.222054,3.617474,3.103415,5.838538,6.045468,0.039988,0.014060
9.665282,152.236363,-408.367499,6.395000,6.499129,65.368319,-246.659345,3.299501,3.131238,5.790230,6.024126,0.039224,0.012888
9.669478,165.211180,-401.844341,6.791898,6.393250,70.854280,-245.266075,3.554947,3.067830,5.740843,6.001954,0.041120,0.013787
9.673675,177.426590,-396.073663,6.380357,6.308326,76.083931,-243.780896,3.644469,3.279155,5.696028,5.980665,0.039773,0.014150
9.677872,190.017032,-389.766542,6.821411,6.443565,81.503176,-241.423009,3.256278,2.900687,5.651627,5.957604,0.040212,0.012644
9.682069,200.901004,-382.546097,6.509940,6.443180,86.450740,-239.991369,3.622395,2.934371,5.606708,5.937431,0.039970,0.013917
9.686266,212.742572,-375.838483,6.739132,6.421826,92.142530,-237.533774,3.712119,2.429224,5.566064,5.913142,0.040042,0.014015
9.690462,223.666580,-368.571161,6.471198,6.423334,97.437763,-235.467149,3.317808,2.650948,5.524292,5.890834,0.038819,0.012671
9.694659,234.305325,-361.374613,6.515217,6.332024,102.639119,-232.997795,3.595001,2.582669,5.485138,5.868247,0.038819,0.013553
9.698856,244.044217,-353.697305,6.646606,6.318986,107.416729,-230.866409,3.233479,2.534804,5.444663,5.847700,0.038509,0.012255
9.703053,253.736325,-346.117430,6.703942,6.206719,113.428117,-228.238304,3.189986,2.695767,5.411133,5.821963,0.038451,0.012157
9.707250,263.241407,-338.636455,6.966669,6.374518,118.208961,-225.303067,3.682255,2.405628,5.375707,5.800000,0.039314,0.013548
9.711447,272.331718,-331.054669,6.868828,6.339878,122.882385,-223.003180,3.597467,2.703770,5.338383,5.779548,0.039040,0.013394
9.715643,280.592176,-323.518310,6.901469,6.160124,128.236252,-219.753697,3.792517,2.302387,5.310295,5.754953,0.038050,0.013658
9.719840,288.730543,-315.695211,6.823049,6.090958,132.567991,-217.136703,3.791221,2.669819,5.275383,5.735061,0.037901,0.013845
9.724037,296.933676,-307.686265,6.795491,6.118913,137.819274,-213.972017,3.683861,2.468447,5.244662,5.710969,0.037405,0.013253
9.728234,303.992944,-300.067694,6.876346,6.048503,141.975842,-210.805504,3.683638,2.351795,5.215956,5.690472,0.036856,0.013086
9.732431,310.610084,-292.140914,6.890273,5.993996,146.471784,-207.999024,3.731070,2.648625,5.186088,5.669650,0.037083,0.013406
9.736628,317.983886,-284.640748,6.980510,6.119306,151.438223,-204.457256,3.656401,2.531369,5.161087,5.645673,0.037202,0.012978
9.740824,324.294939,-277.182532,6.943594,6.083121,155.530995,-201.100882,4.134160,2.482338,5.135922,5.624877,0.036996,0.014183
9.745021,330.224521,-269.501544,6.972631,6.145659,160.218854,-197.064647,3.591329,2.055422,5.115178,5.600551,0.036298,0.012101
9.749218,336.015732,-262.451627,6.850977,5.921445,164.288834,-193.961428,3.626019,2.582995,5.091888,5.580425,0.035982,0.012713
9.753415,341.697263,-255.253559,6.985070,5.988681,168.001280,-191.490243,3.675304,3.145699,5.064213,5.563034,0.037336,0.013563
9.757612,347.177595,-247.721100,6.951051,5.715293,172.068713,-187.067379,3.661289,2.413932,5.045833,5.539526,0.034544,0.012399
9.761808,351.458753,-241.290037,6.918483,5.791584,175.290509,-183.847164,3.779394,2.528455,5.027587,5.521608,0.035004,0.012772
9.766005,356.323607,-234.837940,7.030776,5.849900,179.260635,-179.752091,3.497349,2.469871,5.014006,5.499156,0.035034,0.011931
9.770202,360.873108,-227.833095,6.816169,6.132954,182.130961,-176.604650,3.800957,2.609582,4.991512,5.482383,0.036347,0.012779
9.774399,364.785017,-221.662351,6.918113,5.969000,185.822700,-173.036847,3.747075,2.211586,4.977692,5.462173,0.034942,0.011907
9.778596,368.906095,-215.764242,6.871978,5.821566,189.520008,-169.449249,3.685260,2.511240,4.965057,5.441933,0.034765,0.012148
9.782793,372.745181,-209.463674,6.955748,6.001280,192.083227,-166.011287,3.721385,2.559792,4.948423,5.425108,0.035553,0.012250
9.786989,375.934468,-203.771743,7.178471,5.922150,195.106868,-162.469486,3.647633,2.421296,4.936944,5.406765,0.034989,0.011757
9.791186,379.132475,-198.129684,6.959288,5.732192,197.550768,-159.011088,3.751977,2.277903,4.924578,5.390118,0.033678,0.011620
9.795383,382.574220,-192.702872,6.915036,5.744576,199.285017,-155.877395,3.600018,2.403101,4.910664,5.376171,0.033672,0.011525
9.799580,385.337472,-187.508224,7.132203,5.964222,202.293330,-152.947468,3.442315,2.645767,4.899003,5.359762,0.035311,0.011673
9.803777,387.936995,-182.817154,7.023036,6.022385,205.444195,-150.022365,3.784406,2.733305,4.890196,5.343119,0.035922,0.012339
9.807974,390.675792,-177.641034,6.852107,5.833800,207.057963,-146.398653,3.667662,2.186450,4.880924,5.327825,0.033710,0.010922
9.812170,392.575534,-173.323163,6.825693,6.022758,208.732408,-143.451098,3.754120,2.523534,4.873468,5.314506,0.035250,0.011743
9.816367,395.126576,-168.887437,7.174805,6.196704,210.734289,-141.033557,3.821556,2.469218,4.862313,5.302177,0.035963,0.011651
9.820564,397.194346,-164.516643,7.270427,6.088868,212.665251,-137.915921,3.687616,2.248763,4.855557,5.287717,0.035019,0.010866
9.824761,399.148367,-160.642969,7.151869,6.049355,214.656495,-135.392853,3.628684,2.382766,4.848407,5.275107,0.035083,0.011011
9.828958,400.362363,-156.908298,6.782700,6.163828,214.908780,-133.059406,3.666834,2.421946,4.840285,5.266766,0.035521,0.011166
9.833154,401.773507,-153.418119,7.160686,6.223243,216.393298,-131.382321,3.794431,2.790338,4.830702,5.258046,0.036638,0.012218
9.837351,403.259462,-150.258972,7.204389,6.118547,218.954243,-128.534164,3.734596,2.180748,4.829722,5.243222,0.035135,0.010503
9.841548,404.971656,-146.999838,7.245634,6.020026,219.337898,-126.708332,3.675246,2.533282,4.821266,5.236239,0.035088,0.011299
9.845745,406.119265,-144.301318,6.898175,6.140784,220.776809,-124.557074,3.667226,2.178712,4.818517,5.226051,0.035044,0.010323
9.849942,406.976106,-141.966326,7.265089,6.006049,222.069276,-122.569309,3.373327,2.158908,4.816908,5.216722,0.034435,0.009840
9.854139,408.054511,-139.222525,7.029216,5.871360,222.866465,-121.096755,3.491727,2.296617,4.809956,5.210120,0.033970,0.010320
9.858335,408.819606,-136.762863,6.988439,6.239829,223.367284,-119.586403,3.101735,2.268738,4.804745,5.203938,0.035698,0.009783
9.862532,409.774279,-135.021747,6.772239,6.128604,223.782720,-119.092557,3.620523,2.716676,4.797825,5.201447,0.035953,0.011598
9.866729,410.609727,-132.977704,7.158253,6.123560,224.686560,-117.239714,3.473671,2.183050,4.796835,5.193318,0.034903,0.009926
9.870926,410.773472,-131.589218,7.128391,6.187285,224.291286,-117.049605,3.477715,2.705982,4.790199,5.193375,0.036145,0.011417
9.875123,410.818044,-130.226154,7.009847,6.090448,224.881873,-115.802964,3.579032,2.273136,4.789805,5.187925,0.034906,0.010286
9.879319,411.440622,-129.118887,6.995379,6.244175,226.113785,-115.184747,3.516745,2.382641,4.787435,5.183537,0.035998,0.010467
9.883516,411.854074,-128.195366,7.148331,6.093674,226.165669,-115.154718,3.537513,2.389155,4.782503,5.183338,0.035204,0.010506
9.887713,411.638118,-127.515648,7.051485,6.426865,225.751384,-114.935318,3.896737,2.384996,4.779963,5.183309,0.036826,0.010913
9.891910,411.968131,-127.282950,7.142601,6.491889,226.240977,-114.816625,3.636324,2.308572,4.779410,5.182016,0.037044,0.010388
9.896107,411.700519,-126.882455,7.170782,6.401758,226.313366,-114.799822,3.687386,2.302895,4.777472,5.181828,0.036652,0.010426
9.900304,411.748206,-126.972873,7.157160,6.444500,226.163894,-115.013315,3.538119,2.437380,4.776743,5.182845,0.037075,0.010643
9.904500,411.557005,-126.899500,7.114988,6.506036,225.306466,-115.946971,3.978806,2.767643,4.771127,5.187663,0.037917,0.012081
9.908697,411.433678,-126.836178,7.183831,6.445142,224.318561,-116.924253,3.304922,3.203585,4.765312,5.192885,0.038422,0.012751
9.912894,411.094944,-127.632614,7.071717,6.238614,224.566589,-116.665685,3.619785,2.195345,4.771116,5.191526,0.035422,0.010136
9.917091,410.251333,-128.419214,6.818488,6.229018,223.987922,-119.032383,3.545725,3.202448,4.762742,5.200858,0.037565,0.012936
9.921288,409.731844,-129.862437,6.806202,6.057327,223.887309,-118.932484,3.341388,2.388790,4.771134,5.200696,0.034997,0.010367
9.925485,409.112796,-130.710608,7.066307,6.252628,223.076815,-120.474693,3.565516,2.238539,4.767355,5.207568,0.035668,0.010248
9.929681,407.950528,-132.484293,7.044551,6.256285,221.820614,-123.181099,3.597767,3.203132,4.762330,5.219306,0.037727,0.013008
9.933878,406.963169,-134.338904,6.981864,6.084325,221.493847,-123.175199,3.100632,2.104281,4.772508,5.219912,0.034674,0.009381
9.938075,406.215223,-136.041717,6.912723,6.054566,220.637978,-125.457233,3.608437,2.300568,4.769363,5.229409,0.034870,0.010558
9.942272,405.070995,-138.499705,7.039030,6.211094,218.483651,-127.755695,3.542236,2.501540,4.769907,5.241511,0.035850,0.011077
9.946469,403.485463,-140.837263,7.095367,6.218495,216.554272,-129.738140,3.725472,2.275410,4.771695,5.252148,0.035390,0.010831
9.950665,402.022219,-143.665642,7.011144,6.279046,216.527526,-131.923996,3.687386,2.302895,4.775604,5.259598,0.036012,0.010836
9.954862,401.061448,-146.358607,7.166906,5.953622,214.042530,-134.946044,4.065305,2.637376,4.773337,5.274908,0.034792,0.012295
9.959059,399.030211,-149.640220,6.970889,6.109388,213.026195,-137.310518,3.575190,2.657995,4.778579,5.284938,0.035771,0.011667
9.963256,397.673398,-152.588682,6.934562,6.068113,210.752850,-139.662801,3.798742,2.294025,4.781431,5.297630,0.034663,0.011229
9.967453,395.874787,-156.425912,7.035048,6.056065,209.589964,-143.636663,3.141600,3.173486,4.780936,5.313196,0.036640,0.012450
9.971650,393.570592,-160.564152,7.121499,6.085967,207.745132,-145.902997,4.018317,2.815374,4.791123,5.324668,0.036028,0.012850
9.975846,391.243326,-164.580959,7.127444,6.080613,205.768681,-147.839392,3.143139,2.316532,4.802408,5.335406,0.035002,0.010369
9.980043,388.842783,-168.740332,6.821089,6.093737,202.348583,-151.493616,3.619122,2.752070,4.804605,5.355042,0.035751,0.012231
9.984240,386.557670,-173.797946,6.920145,5.762124,199.879587,-154.854596,3.994365,2.791501,4.813519,5.371536,0.034220,0.013030
9.988437,384.119220,-178.447411,7.084079,5.975483,198.131996,-157.312929,3.182360,2.362920,4.825538,5.383449,0.034429,0.010709
9.992634,381.058042,-182.953168,6.808563,6.109696,195.045171,-161.279257,3.809958,2.588145,4.828384,5.403308,0.035522,0.012415
9.996831,378.375874,-188.301487,6.995858,6.133597,193.320574,-163.974378,3.614458,2.112058,4.843098,5.415837,0.034895,0.011200
10.001027,374.993164,-193.390490,6.829476,6.153401,190.439312,-167.360034,3.267725,2.078608,4.852510,5.433373,0.034970,0.010503
10.005224,371.379946,-199.403485,6.888996,5.936479,187.238361,-171.637389,3.816840,2.614004,4.862048,5.454343,0.035015,0.012675
10.009421,368.095809,-205.066988,7.093732,6.079252,183.661820,-174.687885,3.705098,2.372168,4.875638,5.472750,0.035143,0.012144
10.013618,363.799304,-211.264679,7.048258,5.976628,181.021536,-177.837777,3.735611,2.417251,4.893273,5.488915,0.034993,0.012353
10.017815,359.547887,-217.653882,6.830649,6.079160,177.462510,-181.450336,3.859057,2.169089,4.908657,5.508898,0.035082,0.012404
10.022011,355.759023,-224.171895,6.923583,5.996773,173.544499,-185.536534,3.895829,2.532058,4.921327,5.531171,0.035313,0.013106
10.026208,351.231425,-231.035477,6.926311,6.099032,169.846753,-188.621621,3.828467,2.427304,4.942095,5.550115,0.035651,0.012907
10.030405,346.559731,-237.795234,6.645568,6.108524,165.938310,-191.823616,3.819365,2.289177,4.961616,5.570015,0.035403,0.012828
10.034602,341.647966,-244.777623,6.998286,5.808727,161.492479,-195.829867,3.812755,2.455224,4.977682,5.593589,0.034466,0.013121
10.038799,335.839711,-252.068578,6.978487,5.998650,157.733515,-198.823677,3.738200,2.420672,5.002882,5.612522,0.035501,0.012973
10.042996,330.348882,-259.628529,7.172152,6.043826,153.333970,-202.100759,3.635881,2.500505,5.026610,5.634139,0.035989,0.012879
10.047192,324.750220,-267.226325,7.119585,5.950032,149.590451,-205.856807,3.760841,2.583440,5.049387,5.654782,0.035968,0.013363
10.051389,318.091050,-274.761702,6.975843,5.999205,144.791244,-208.741633,4.144765,2.489381,5.076373,5.676742,0.036247,0.014523
10.055586,312.145791,-282.944599,7.020555,6.135435,140.786870,-212.135887,4.064022,2.441068,5.104239,5.697265,0.036912,0.014318
10.059783,305.078719,-290.816271,7.135053,5.883280,135.024467,-215.004008,4.105165,2.477528,5.131755,5.722425,0.036121,0.014643
10.063980,298.173590,-298.629387,6.956055,5.807438,131.356914,-218.295734,4.050034,2.681128,5.161183,5.741489,0.036395,0.014662
10.068176,290.405298,-307.042131,6.968698,5.841437,126.268159,-220.959597,3.791148,2.687249,5.195409,5.764020,0.036594,0.013955
10.072373,282.330267,-315.559218,6.931448,6.090443,121.522717,-223.309196,3.285961,2.523420,5.233221,5.784813,0.037086,0.012304
10.076570,273.704360,-323.333867,7.007767,5.832867,116.170001,-225.655516,3.704091,2.316475,5.267417,5.807759,0.036549,0.013632
10.080767,264.959052,-331.825469,6.854650,6.200056,111.188586,-228.384213,3.369732,2.549311,5.304556,5.830114,0.037816,0.012711
10.084964,255.274011,-340.304286,6.865764,6.263119,106.678682,-231.100097,3.577887,2.612235,5.346162,5.850717,0.038696,0.013468
10.089161,246.013974,-348.512870,7.034909,6.218948,101.388231,-233.562916,3.261331,2.633485,5.383957,5.873637,0.038743,0.012450
10.093357,236.169579,-357.045362,7.045291,6.297831,96.228584,-235.586022,3.716125,2.476970,5.427202,5.895403,0.039429,0.014011
10.097554,225.509924,-364.605771,6.732588,6.315069,92.121770,-238.099824,3.557980,3.017693,5.471313,5.914019,0.039694,0.013679
10.101751,214.342803,-372.599641,6.724768,6.366225,86.334618,-239.710529,3.694140,2.476694,5.516493,5.937486,0.039453,0.014033
10.105948,202.382368,-380.008959,6.709593,6.214654,80.515819,-241.664840,3.814673,2.590460,5.561027,5.961580,0.039617,0.014567
10.110145,190.831770,-387.258637,6.496819,6.478275,76.076490,-243.239603,3.756050,2.858930,5.610395,5.980060,0.039875,0.014459
10.114342,178.525871,-394.129310,6.597453,6.480472,71.590101,-244.204483,3.321092,2.320442,5.663614,5.998019,0.039209,0.012783
10.118538,165.503389,-401.105300,6.429001,6.303846,66.547495,-246.916592,3.628248,3.066323,5.712607,6.019926,0.039711,0.014050
10.122735,152.442992,-406.910503,6.438142,6.612713,61.551931,-247.566765,3.314048,2.822990,5.764808,6.039499,0.039405,0.012887
10.126932,138.591414,-413.511104,6.279076,6.380753,56.577282,-248.748344,3.818999,2.749444,5.821322,6.059542,0.039508,0.014792
10.131129,124.701506,-418.196325,6.357291,6.553859,51.391973,-250.389313,3.100625,3.239403,5.871305,6.080748,0.038836,0.012153
10.135326,110.057187,-422.996176,5.962220,6.767078,46.448766,-250.956945,3.754005,2.733180,5.929041,6.100170,0.038580,0.014594
10.139522,95.273892,-426.677460,6.188634,6.783468,41.571054,-251.881866,3.339866,2.859051,5.985107,6.119618,0.038616,0.013036
10.143719,80.190190,-430.391910,6.110460,6.774159,36.489350,-252.309697,3.818292,2.670315,6.042544,6.139560,0.039319,0.014899
10.147916,64.950926,-433.555840,6.064976,6.972453,31.547550,-253.785563,3.345152,3.096241,6.099469,6.159512,0.038015,0.013066
10.152113,49.402804,-435.531630,6.215002,6.821630,26.420843,-253.504632,3.673309,2.709714,6.157594,6.179338,0.039359,0.014377
10.156310,34.135053,-437.090558,6.100722,6.742319,21.981947,-254.016309,3.662493,2.867412,6.216899,6.196863,0.038787,0.014344
10.160507,18.579136,-437.951375,6.059820,6.731657,16.235181,-254.072218,3.830657,2.537195,6.270439,6.219372,0.038985,0.015029
10.164703,2.962451,-438.312556,6.063714,6.761394,11.246871,-254.388080,3.369873,2.737631,6.328197,6.239003,0.037683,0.013230
10.168900,-12.076383,-437.675883,6.076512,6.545678,6.664229,-255.516701,3.786455,3.456870,6.385705,6.257110,0.039112,0.014813
10.173097,-27.700832,-436.258666,6.251370,6.563856,1.122791,-254.147826,3.285525,2.800455,6.440158,6.278767,0.038313,0.012927
10.177294,-42.753313,-433.977983,6.209729,6.486322,-3.765537,-255.364089,3.493965,3.270994,6.498094,6.297930,0.039009,0.013681
10.181491,-57.804900,-431.564628,6.018533,6.453650,-9.261348,-253.877192,3.224743,2.561124,6.549874,6.319649,0.037112,0.012690
10.185688,-72.375988,-428.872518,6.082721,6.387856,-14.262900,-253.813021,3.753107,2.672132,6.603701,6.339321,0.038631,0.014752
10.189884,-86.818651,-425.019301,6.129852,6.368425,-19.569227,-254.363191,3.546730,2.959981,6.658564,6.359968,0.038566,0.013890
10.194081,-101.087447,-421.244317,6.253185,6.355295,-25.016032,-252.808999,3.297668,2.366118,6.707399,6.381817,0.037992,0.012950
10.198278,-114.640711,-417.045632,6.251153,6.326044,-30.144335,-252.423413,3.783143,2.522275,6.757396,6.402042,0.038943,0.014823
10.202475,-127.849541,-412.031374,6.250914,6.386651,-36.205533,-251.332141,3.696582,2.463152,6.801467,6.426256,0.038715,0.014475
10.206672,-141.297629,-407.288073,6.243830,6.659380,-41.134559,-250.715651,4.057679,2.293515,6.852302,6.445805,0.039445,0.015828
10.210868,-153.576142,-402.060673,6.294743,6.429660,-47.988613,-250.078431,3.467817,2.824334,6.890370,6.472775,0.038548,0.013537
10.215065,-165.617098,-395.629346,6.288323,6.446279,-52.806028,-248.930786,3.953916,2.416473,6.938735,6.492218,0.039073,0.015327
10.219262,-177.487132,-389.454461,6.365137,6.577579,-58.303525,-247.132298,3.729691,2.276786,6.980331,6.514869,0.038831,0.014444
10.223459,-188.839848,-383.083485,6.197808,6.309786,-64.148542,-245.095207,3.564364,2.825795,7.018006,6.539172,0.037878,0.013900
10.227656,-199.998521,-377.211066,6.299501,6.434428,-69.919482,-243.555873,3.503947,2.800916,7.055025,6.562745,0.038156,0.013637
10.231853,-210.701467,-370.458463,6.307378,6.364676,-75.596698,-242.904389,3.470049,3.273062,7.097323,6.584904,0.038625,0.013574
10.236049,-221.191053,-364.095327,6.192218,6.353408,-81.402368,-239.858366,3.860744,3.146219,7.127418,6.610365,0.038403,0.014975
10.240246,-230.660407,-357.530813,6.439471,6.351757,-87.086440,-237.256877,3.372043,2.632333,7.156664,6.634973,0.037590,0.013029
10.244443,-240.247770,-351.006350,6.377182,6.229814,-93.173888,-235.367604,3.462733,2.773658,7.187673,6.660122,0.037360,0.013343
10.248640,-249.544934,-344.549916,6.209689,6.421004,-98.713414,-233.303574,3.728474,2.715177,7.218494,6.683455,0.037714,0.014183
10.252837,-258.524413,-337.492478,6.526696,6.342215,-104.117440,-231.190887,3.520269,2.958336,7.251049,6.706332,0.038062,0.013535
10.257033,-266.769588,-331.368376,6.435052,6.235009,-109.774649,-228.039776,3.550474,2.585631,7.271888,6.731829,0.036907,0.013395
10.261230,-274.920067,-324.803950,6.581381,6.542616,-114.171197,-225.083823,3.579720,3.058170,7.298735,6.752607,0.038580,0.013786
10.265427,-282.765532,-317.746572,6.491472,6.455947,-120.476710,-223.081529,3.834258,2.734931,7.325923,6.778363,0.038051,0.014260
10.269624,-290.155609,-311.609859,6.624897,6.385051,-125.977621,-219.655635,3.539105,3.024450,7.343426,6.803909,0.038125,0.013502
10.273821,-297.454188,-305.337931,6.836131,6.286407,-130.972332,-216.647664,3.080685,2.800163,7.364492,6.826937,0.037230,0.011882
10.278018,-304.243466,-299.282395,6.773018,6.279831,-136.053454,-213.556569,3.659671,3.026201,7.382607,6.850427,0.037754,0.013777
10.282214,-310.589940,-293.238101,6.847367,6.098394,-140.521851,-210.194917,3.348591,2.727204,7.399743,6.872478,0.036309,0.012536
10.286411,-316.865792,-286.834623,6.656762,6.404240,-145.211630,-207.082905,3.733638,3.012006,7.419047,6.894733,0.037928,0.013886
10.290608,-323.199981,-281.437162,7.018469,6.243379,-150.576541,-203.352227,3.894344,3.108450,7.429181,6.920560,0.037812,0.014368
10.294805,-328.604743,-275.559647,6.864185,6.371258,-154.986187,-200.210525,3.888802,2.874248,7.444519,6.941943,0.037724,0.013993
10.299002,-334.453737,-269.979047,7.057094,6.383544,-159.510445,-196.719996,3.880735,2.902435,7.457409,6.964507,0.037843,0.013920
10.303199,-339.077526,-264.382229,6.811866,6.463388,-163.600595,-193.350638,3.798920,3.036869,7.469351,6.985431,0.038232,0.013824
10.307395,-344.050512,-259.455167,7.036515,6.495034,-167.777985,-189.871716,3.851526,3.149053,7.478010,7.006887,0.038687,0.014053
10.311592,-348.723434,-253.964295,6.961390,6.550963,-171.419618,-185.808903,3.629862,2.847029,7.486996,7.028325,0.038104,0.013026
10.315789,-353.022677,-249.011647,6.888009,6.223765,-175.502258,-183.542289,3.984610,3.447650,7.500658,7.046194,0.038164,0.014719
10.319986,-357.391205,-244.415571,7.096349,6.503771,-178.817100,-179.524066,4.075911,3.094738,7.505431,7.066611,0.038546,0.014289
10.324183,-361.333238,-239.543821,7.288752,6.529207,-183.116700,-176.335502,4.303549,3.217481,7.513151,7.087447,0.039244,0.014866
10.328379,-365.169581,-234.985791,7.084783,6.438814,-185.410197,-172.913830,3.534376,3.683415,7.521495,7.103444,0.039294,0.014258
10.332576,-368.651536,-230.754436,6.865578,6.577525,-188.936993,-168.682011,4.281731,2.984496,7.521416,7.125161,0.038502,0.014284
10.336773,-371.969707,-226.267903,7.078335,6.301974,-191.849875,-166.139090,3.719094,3.609525,7.531787,7.140280,0.038650,0.014409
10.340970,-374.907982,-222.621386,6.931082,6.587264,-193.829008,-161.465125,3.769668,2.921713,7.528277,7.159423,0.038085,0.013064
10.345167,-377.703729,-218.697999,7.134406,6.381607,-197.054545,-158.389812,4.078294,2.838513,7.531774,7.176936,0.037373,0.013368
10.349364,-380.631335,-215.147178,7.002523,6.528618,-199.533498,-155.230866,4.228936,2.790876,7.534467,7.192819,0.037818,0.013470
10.353560,-382.909421,-211.709590,6.957802,6.639033,-202.295085,-152.786776,4.358152,2.853905,7.538633,7.207118,0.038566,0.013713
10.357757,-385.165033,-208.624128,7.468752,6.398945,-205.341857,-149.450920,4.150799,2.614866,7.536079,7.224831,0.037445,0.012720
10.361954,-387.244911,-204.996930,6.959916,6.455909,-206.710144,-146.834034,4.079776,3.069480,7.542311,7.236351,0.038170,0.013573
10.366151,-389.295940,-202.086482,6.981407,6.673852,-208.435629,-144.356335,3.646612,3.372211,7.545007,7.248259,0.039585,0.013661
10.370348,-391.027248,-199.282710,7.055451,6.563086,-210.032181,-141.126877,3.972182,2.826802,7.543089,7.262344,0.038085,0.012753
10.374545,-392.566078,-196.674582,7.324428,6.416621,-211.814686,-139.746194,4.166379,3.436995,7.548863,7.270778,0.038996,0.014476
10.378741,-393.734788,-194.177961,6.873293,6.498450,-213.104992,-136.485478,4.172112,2.927059,7.544826,7.284341,0.038058,0.013188
10.382938,-395.882823,-192.273927,7.178088,6.530467,-215.221128,-135.075345,4.027801,3.304614,7.547360,7.293506,0.039086,0.013869
10.387135,-396.785821,-190.139428,7.075742,6.694063,-216.476810,-132.804696,3.626165,3.308436,7.546112,7.303708,0.039707,0.013381
10.391332,-398.183782,-188.401842,7.295972,6.573655,-217.365127,-131.040278,4.131319,3.206294,7.546791,7.311463,0.039105,0.013699
10.395529,-398.981110,-186.815260,6.960206,6.546660,-218.237395,-129.809175,3.618788,3.539393,7.548459,7.317389,0.039465,0.014021
10.399725,-400.048192,-185.158374,7.269627,6.690571,-219.067602,-126.984390,3.485810,2.730927,7.542975,7.328653,0.038447,0.011607
10.403922,-400.614149,-184.264891,7.212703,6.519166,-220.668631,-126.662172,3.569685,3.361826,7.544177,7.332905,0.039187,0.013420
10.408119,-400.913259,-183.096001,7.300900,6.537080,-220.909866,-125.048809,3.605654,2.765414,7.542032,7.338890,0.038084,0.011783
10.412316,-401.667421,-182.060610,7.026666,6.593765,-221.247590,-123.773714,4.326690,2.753608,7.541503,7.343923,0.038277,0.012621
10.416513,-402.196406,-181.652147,7.341442,6.503666,-221.306689,-123.196633,4.153997,2.730022,7.541419,7.346026,0.037851,0.012342
10.420710,-402.134978,-181.205325,7.376462,6.554793,-221.872341,-123.109812,3.705738,3.312129,7.542209,7.347409,0.039255,0.013435
10.424906,-402.597844,-180.715857,7.332754,6.619898,-222.363321,-122.999509,3.866126,3.342891,7.544071,7.348726,0.039638,0.013665
10.429103,-402.592076,-180.669377,7.343915,6.583216,-222.108935,-122.909000,3.890028,3.593728,7.544250,7.348553,0.039996,0.014439
10.433300,-402.568623,-180.747367,7.317825,6.676683,-221.868893,-122.794691,4.044019,3.524245,7.543632,7.348489,0.040202,0.014405
10.437497,-402.568623,-180.747367,7.317825,6.676683,-222.213457,-122.921334,4.164623,3.532692,7.543714,7.348710,0.040331,0.014533
10.441694,-402.396561,-180.905084,7.258119,6.724661,-222.427636,-123.300449,4.161619,3.660475,7.544205,7.347813,0.040882,0.014880
10.445890,-402.104998,-181.559886,7.218454,6.731946,-222.262502,-123.738302,4.022486,3.229873,7.542907,7.345993,0.039939,0.013499
10.450087,-401.532057,-182.149604,7.454012,6.662690,-221.335561,-123.429895,3.727030,2.889711,7.538968,7.345277,0.038898,0.012267
10.454284,-400.881074,-183.105114,7.026407,6.646372,-221.036143,-124.868832,3.859695,3.124220,7.540823,7.339752,0.039201,0.013066
10.458481,-400.235824,-184.692520,7.183299,6.623311,-219.744317,-125.273483,4.133701,2.707457,7.535950,7.335847,0.038279,0.012328
10.462678,-399.811473,-186.117078,7.247452,6.449772,-219.885106,-127.622102,3.848254,3.281087,7.539655,7.328096,0.038767,0.013502
10.466875,-398.627921,-187.353562,7.223241,6.622028,-218.807208,-128.006004,3.699713,2.901848,7.535200,7.324652,0.038665,0.012326
10.471071,-397.802826,-189.685380,7.234397,6.218459,-218.038660,-129.352396,4.107296,2.775224,7.530172,7.318537,0.036797,0.012529
10.475268,-396.295437,-191.598279,7.142319,6.442710,-217.180986,-131.425865,3.556659,2.785760,7.529883,7.309788,0.037694,0.011864
10.479465,-395.366375,-193.606284,7.045610,6.606537,-216.308032,-133.702445,4.148180,2.973811,7.531137,7.300351,0.038896,0.013134
10.483662,-393.645838,-195.766764,7.111013,6.485199,-214.797675,-135.087169,3.735695,2.877484,7.526889,7.292580,0.038109,0.012393
10.487859,-392.424875,-198.401449,7.092155,6.522139,-213.226224,-137.524119,3.583074,2.632108,7.526494,7.281152,0.037690,0.011601
10.492056,-390.730425,-200.941907,7.196312,6.336203,-211.928132,-140.888498,3.790513,3.237952,7.529954,7.267277,0.038307,0.013426
10.496252,-388.812387,-203.670775,6.964700,6.554528,-210.297266,-141.833137,3.701962,2.422444,7.520518,7.260616,0.037527,0.011370
10.500449,-386.918782,-206.770889,6.961773,6.547828,-207.468979,-145.863890,4.175500,3.329060,7.526772,7.241203,0.039202,0.014317
10.504646,-384.674798,-210.199364,7.074773,6.533340,-205.282141,-147.473373,4.223879,2.378212,7.517612,7.231017,0.037382,0.012388
10.508843,-382.455076,-213.356221,7.340305,6.436783,-203.669459,-150.775180,4.015582,2.896774,7.517277,7.216722,0.038079,0.013165
10.513040,-379.862976,-216.818709,7.059647,6.545826,-201.313661,-154.319767,4.101467,3.125334,7.517273,7.199964,0.038899,0.013870
10.517236,-377.573411,-220.766222,7.179999,6.546981,-199.073131,-156.990724,4.340914,3.123172,7.510832,7.186226,0.038993,0.014352
10.521433,-374.671128,-224.434685,6.949398,6.464464,-196.346256,-159.905611,4.261465,2.765259,7.506778,7.170518,0.037807,0.013588
10.525630,-371.301367,-228.650292,7.133492,6.486940,-193.418685,-164.152374,3.904951,3.470737,7.506138,7.150249,0.039380,0.014423
10.529827,-368.214618,-232.625436,6.884215,6.621767,-190.732457,-166.550191,4.145513,2.739179,7.497587,7.136164,0.038427,0.013504
10.534024,-364.509261,-237.166440,6.905250,6.558620,-188.294570,-169.923209,3.860348,2.984506,7.489439,7.119824,0.038700,0.013427
10.538221,-360.765562,-241.841556,6.756792,6.620163,-184.753341,-174.018140,4.019114,3.170118,7.486182,7.098497,0.039281,0.014162
10.542417,-357.313046,-246.529992,7.084571,6.444051,-180.405678,-177.675830,3.597312,3.239196,7.482811,7.076207,0.038523,0.013507
10.546614,-352.790908,-251.575563,6.833681,6.542628,-177.622070,-180.872352,4.027530,3.220103,7.470351,7.059517,0.039096,0.014412
10.550811,-348.507488,-256.451090,6.965502,6.301505,-173.490750,-183.930373,3.712921,2.942231,7.461154,7.039384,0.037477,0.013337
10.555008,-343.870352,-261.461166,6.604761,6.583461,-169.958344,-187.662277,3.830769,3.088579,7.452665,7.019119,0.038791,0.013886
10.559205,-338.901181,-267.091839,6.879936,6.436240,-166.513664,-192.338558,3.940000,3.669587,7.444820,6.996742,0.039881,0.015041
10.563402,-333.798696,-272.441607,6.606744,6.430642,-161.821557,-194.452738,3.825282,2.749184,7.428234,6.977248,0.037636,0.013543
10.567598,-328.609055,-278.181610,6.815002,6.243030,-158.118763,-198.175309,3.639771,2.701379,7.415217,6.956628,0.037053,0.013042
10.571795,-323.132366,-283.741854,6.531293,6.319846,-152.631099,-200.894223,3.407605,2.860596,7.401672,6.932903,0.037039,0.012756
10.575992,-317.298781,-289.871047,6.487742,6.310250,-148.101985,-204.766253,3.452669,3.062683,7.387943,6.909361,0.037399,0.013153
10.580189,-310.824847,-295.784958,6.686417,6.387757,-143.673843,-208.245234,3.634545,3.447405,7.371541,6.887118,0.038878,0.014132
10.584386,-304.277602,-301.605634,6.597355,6.315954,-139.676114,-211.875343,3.479258,2.592580,7.354880,6.866027,0.037217,0.012753
10.588582,-298.038656,-307.994125,6.709284,6.439557,-134.729922,-214.758443,3.165599,2.902414,7.335221,6.843477,0.038034,0.012202
10.592779,-290.657184,-313.976840,6.659705,6.416145,-129.712183,-217.221292,3.416388,3.068172,7.312701,6.821501,0.038409,0.013156
10.596976,-283.235630,-320.445598,6.480296,6.510663,-124.775797,-221.184993,3.302762,3.136419,7.294370,6.796808,0.038720,0.012850
10.601173,-275.723004,-326.850654,6.655587,6.478117,-119.108575,-223.627129,3.143898,2.956552,7.271240,6.772588,0.038355,0.012249
10.605370,-267.332263,-332.977254,6.474793,6.456982,-113.608909,-226.267481,3.629703,2.660045,7.247181,6.748512,0.038098,0.013652
10.609567,-258.886246,-339.548959,6.520690,6.521261,-108.467937,-228.870224,3.317921,3.130951,7.219627,6.725758,0.038891,0.012968
10.613763,-250.854666,-346.369728,6.496628,6.335045,-103.052964,-233.028911,3.039405,3.323640,7.199787,6.699561,0.038446,0.012118
10.617960,-241.577768,-352.717024,6.608773,6.365845,-97.021622,-234.150239,3.060105,2.552779,7.167037,6.676006,0.037614,0.011801
10.622157,-231.913231,-358.847138,6.134135,6.435070,-91.994466,-237.129929,3.320049,2.419908,7.138040,6.653260,0.037305,0.012647
10.626354,-222.308008,-365.556167,6.357406,6.430153,-85.633074,-238.877320,3.167712,2.305898,7.106522,6.627396,0.037338,0.012144
10.630551,-212.185334,-371.734780,6.530276,6.431526,-80.293689,-241.132321,3.594328,2.646548,7.073495,6.604623,0.038824,0.013816
10.634747,-201.899043,-378.028282,6.375884,6.513377,-74.173726,-242.434920,3.525283,2.781131,7.038712,6.580095,0.038602,0.013678
10.638944,-191.120521,-384.172908,6.100084,6.424556,-68.346207,-244.499296,3.618841,2.837563,7.004281,6.555763,0.037978,0.014054
10.643141,-179.776624,-390.191884,6.259195,6.478630,-62.278414,-245.214860,3.361487,3.104138,6.964272,6.531902,0.038241,0.013227
10.647338,-167.914135,-396.197077,6.166132,6.302164,-57.026991,-247.431151,3.135556,2.245269,6.923723,6.509706,0.036849,0.012196
10.651535,-156.114347,-401.315595,5.977636,6.724563,-51.433345,-249.081056,3.797377,2.560531,6.885561,6.486816,0.038530,0.014763
10.655732,-144.101067,-406.478963,5.953573,6.359365,-44.882435,-249.812356,3.184966,2.798537,6.847739,6.460953,0.036716,0.012504
10.659928,-131.804847,-412.011612,5.912890,6.341233,-39.964211,-251.048932,3.708976,2.533713,6.801685,6.441050,0.037465,0.014494
10.664125,-118.344148,-416.637181,5.725100,6.429902,-34.461701,-251.985197,3.671978,2.644285,6.754367,6.419103,0.036977,0.014374
10.668322,-105.144694,-421.623740,6.302050,6.361993,-28.403645,-252.491543,3.617996,2.460717,6.709140,6.395208,0.038727,0.014191
10.672519,-91.876650,-425.378052,5.945802,6.504756,-23.631232,-253.620463,3.657200,2.998340,6.661393,6.376093,0.037905,0.014338
10.676716,-77.831450,-428.457736,6.078272,6.640227,-18.228658,-253.744560,3.608527,2.906292,6.611951,6.354901,0.038395,0.014172
10.680913,-63.491371,-431.200290,5.728990,6.266309,-12.519603,-254.425571,3.340038,2.802151,6.563914,6.332353,0.036144,0.013107
10.685109,-49.240507,-433.392842,5.726070,6.398298,-6.895723,-254.171703,3.244518,2.550391,6.515202,6.310309,0.035828,0.012759
10.689306,-34.887526,-435.768423,5.840938,6.655775,-1.930981,-254.952885,3.586093,3.095471,6.463472,6.290759,0.037379,0.014065
10.693503,-20.348896,-437.686557,5.706516,6.868792,4.013166,-254.798450,3.742883,2.554269,6.415613,6.267436,0.037038,0.014687
10.697700,-4.864394,-437.745004,6.000086,6.618525,8.648676,-254.205126,3.518102,2.388657,6.356677,6.249176,0.037796,0.013827
10.701897,10.465726,-437.804817,6.320221,6.786581,14.835284,-253.948186,3.607211,2.608877,6.306947,6.224833,0.039569,0.014169
10.706093,25.301154,-437.508943,6.035161,6.936220,19.203403,-253.826809,3.255601,2.678084,6.250000,6.207674,0.037315,0.012778
10.710290,39.892919,-436.508259,6.196357,6.751992,24.104587,-253.277487,3.591160,2.569398,6.197231,6.188300,0.038944,0.014084
10.714487,55.100430,-434.639246,6.056780,6.779015,29.458539,-253.493465,3.381094,3.022008,6.142566,6.167494,0.037969,0.013231
10.718684,70.037338,-432.472541,6.176249,6.649180,34.751983,-252.730356,3.742114,3.249118,6.089339,6.146536,0.039461,0.014635
10.722881,84.337292,-429.484904,5.958953,6.885841,39.458175,-251.543891,3.613941,2.750302,6.036124,6.127589,0.038126,0.014122
10.727078,98.475543,-426.303945,6.153885,6.534143,44.355654,-251.243604,3.682270,2.691859,5.983355,6.108442,0.039088,0.014331
10.731274,112.591829,-421.558236,6.153067,6.773149,50.129766,-250.567507,3.682092,3.140744,5.932950,6.085727,0.039584,0.014334
10.735471,126.630229,-417.492594,6.221085,6.687615,54.873712,-249.352406,3.566666,2.768371,5.879820,6.066573,0.039283,0.013841
10.739668,140.423341,-412.431526,6.325112,6.638703,60.331068,-247.788380,3.578874,2.467129,5.830428,6.044354,0.039502,0.013826
10.743865,153.984081,-406.759976,6.079662,6.729034,65.123632,-246.430367,3.573170,2.733181,5.777096,6.024824,0.038744,0.013827
10.748062,166.783312,-401.265551,6.438415,6.259107,69.716464,-245.527620,4.014085,2.961466,5.725831,6.006522,0.040367,0.015457
10.752259,178.802182,-394.585328,6.518846,6.532442,74.486644,-243.943814,3.676438,2.892602,5.677527,5.986834,0.040253,0.014178
10.756455,191.196832,-388.007244,6.470227,6.490467,79.494189,-241.895428,3.925520,2.625614,5.630468,5.965673,0.040040,0.014996
10.760652,202.511645,-381.348808,6.626694,6.269559,84.378093,-240.214934,3.815591,2.338350,5.586268,5.945388,0.039491,0.014463
10.764849,214.104571,-374.001966,6.742863,6.367667,90.755137,-237.765168,3.647153,2.319358,5.547392,5.918553,0.039607,0.013777
10.769046,224.426220,-366.226988,6.674387,6.365918,94.779564,-235.762456,3.557128,2.212451,5.500931,5.900945,0.038959,0.013388
10.773243,235.429036,-358.774771,6.728834,6.105784,100.147978,-233.581232,3.576823,2.116121,5.459079,5.878143,0.038087,0.013345
10.777439,245.224157,-351.287321,6.720097,6.256562,104.985881,-231.558540,3.615046,2.380116,5.419058,5.857517,0.038526,0.013514
10.781636,254.739842,-343.331487,7.004507,6.355682,109.794848,-229.175626,3.194692,2.464301,5.379511,5.836408,0.038846,0.012087
10.785833,263.433505,-335.553500,6.864632,6.339705,114.669044,-227.314446,3.768002,2.709407,5.341391,5.815983,0.039311,0.014056
10.790030,272.535634,-327.686178,6.818228,5.997111,120.267766,-224.215530,3.795060,2.415620,5.309244,5.790848,0.037567,0.013889
10.794227,280.573211,-319.350165,6.809869,6.178961,124.425381,-221.550174,3.618145,2.080696,5.271944,5.771470,0.037322,0.013047
10.798424,289.079184,-311.917261,6.820519,5.946399,129.248396,-218.625520,3.189650,2.319912,5.240730,5.749272,0.036165,0.011768
10.802620,296.497272,-303.888043,6.858822,6.027214,133.890964,-215.518928,3.613270,2.173829,5.210193,5.727288,0.036406,0.012914
10.806817,303.832254,-296.164350,6.838669,5.984088,138.188984,-213.106315,3.621420,2.468143,5.177178,5.707900,0.036408,0.013079
10.811014,310.426099,-288.276343,6.855160,6.081442,142.044805,-210.214245,3.670896,2.581382,5.146498,5.688945,0.036790,0.013273
10.815211,317.633794,-280.939363,6.867586,6.188191,147.201987,-206.884254,3.314239,2.562493,5.122291,5.664771,0.036881,0.012139
10.819408,323.812289,-273.245861,6.895100,6.132827,151.364371,-204.607658,3.624412,2.982600,5.091190,5.646258,0.037500,0.013403
10.823604,329.484141,-266.021396,6.966713,5.941362,156.012426,-200.676696,3.739767,2.520967,5.072639,5.622358,0.035884,0.013114
10.827801,334.657056,-258.417569,6.840694,6.130880,159.669164,-197.817060,3.532163,2.429145,5.045775,5.604096,0.036296,0.012366
10.831998,339.914911,-251.334365,6.850111,5.912344,163.248785,-194.757374,4.042882,2.700036,5.022317,5.585572,0.035840,0.013973
10.836195,345.437220,-244.598055,6.933266,5.900557,167.472943,-190.705421,3.599358,2.356861,5.006439,5.562559,0.034897,0.012292
10.840392,349.807917,-237.831282,6.945367,5.889389,171.690323,-188.140416,3.696439,2.743484,4.984450,5.543472,0.035721,0.012947
10.844589,354.527770,-231.179839,7.153197,5.913894,175.041660,-184.630623,3.330830,2.711656,4.966145,5.524441,0.035604,0.012002
10.848785,358.913548,-224.498548,6.843627,5.918850,178.339032,-182.210071,3.459603,3.379537,4.942432,5.508523,0.037003,0.013416
10.852982,363.175898,-218.680609,7.006893,5.737874,181.217837,-177.288278,3.750713,2.256979,4.936065,5.486827,0.033575,0.012147
10.857179,366.949410,-212.419263,6.865593,5.856960,185.454897,-173.740237,3.735576,2.624447,4.922362,5.465185,0.034947,0.012562
10.861376,370.405709,-206.952434,6.933216,5.918483,187.605697,-171.086628,3.747349,2.774317,4.906130,5.451766,0.035382,0.012810
10.865573,373.677596,-201.252949,7.153686,5.972886,191.431194,-167.135343,3.679789,2.177486,4.897453,5.430132,0.034635,0.011505
10.869770,377.105710,-196.011566,6.933838,6.079761,193.445564,-164.217748,3.773122,2.454013,4.883802,5.416250,0.035404,0.012123
10.873966,379.644480,-190.983223,7.105641,5.986866,195.653010,-160.451361,3.655584,2.048158,4.876832,5.399255,0.034196,0.011095
10.878163,382.811544,-185.692359,6.922119,6.094452,198.814331,-157.349822,3.631399,2.127087,4.865226,5.381889,0.034860,0.011058
10.882360,385.176265,-180.938864,6.961356,6.032427,201.276716,-156.209003,3.611996,3.399593,4.846062,5.372380,0.037411,0.013663
10.886557,387.815450,-176.325475,7.063194,6.079357,202.955463,-151.874903,3.714415,2.456839,4.843891,5.354812,0.035309,0.011717
10.890754,390.072385,-172.419350,7.154786,6.082940,204.835172,-149.108235,3.821556,2.469218,4.837576,5.341623,0.035308,0.011870
10.894950,392.369622,-168.380924,6.892032,6.155641,207.344818,-145.589823,3.618739,2.150916,4.834950,5.324565,0.035088,0.010754
10.899147,394.549030,-164.345656,6.948420,6.030758,209.208313,-143.019052,3.614084,2.144039,4.826952,5.312037,0.034419,0.010656
10.903344,396.576914,-160.589037,6.954643,6.076061,210.167894,-141.516183,3.628466,2.775568,4.814351,5.305003,0.035719,0.012105
10.907541,398.472909,-156.996389,6.955883,6.160757,211.066682,-138.355025,3.477077,2.688319,4.811533,5.292624,0.035750,0.011680
10.911738,399.709919,-154.118720,7.029360,5.985865,213.208376,-135.538932,3.446179,2.064910,4.811684,5.278654,0.033872,0.010056
10.915935,400.949885,-150.855086,6.893425,6.286721,214.160615,-134.704011,3.554527,3.034085,4.798641,5.273849,0.037265,0.012610
10.920131,401.928793,-148.469443,7.081202,6.178585,216.597845,-131.514329,3.514503,2.259858,4.803621,5.258073,0.035416,0.010485
10.924328,403.575271,-145.307844,6.929541,6.223777,217.233436,-130.241861,3.121470,2.787574,4.793065,5.252476,0.036507,0.011369
10.928525,404.400850,-143.341065,6.883694,6.281281,217.796193,-128.371266,3.391838,2.719988,4.792440,5.244985,0.036594,0.011503
10.932722,405.503888,-140.774100,7.033788,6.067572,218.618428,-127.729447,3.112257,3.379767,4.782076,5.241153,0.037094,0.013088
10.936919,406.319748,-139.106872,6.915654,6.443011,219.580879,-125.340862,3.967205,2.386470,4.785974,5.231075,0.036728,0.011301
10.941116,406.986132,-137.346274,7.125324,6.504016,221.340456,-123.437145,3.113789,2.283549,4.787172,5.221109,0.037056,0.009886
10.945312,407.480511,-136.312202,7.138190,6.116164,221.095029,-122.664840,2.888648,2.356937,4.785480,5.218914,0.035108,0.009857
10.949509,407.868746,-134.806568,7.137223,6.278301,221.969820,-122.081433,3.613441,2.808015,4.780734,5.215225,0.036941,0.011899
10.953706,408.588332,-134.247752,7.175875,6.181119,222.227359,-121.162373,3.673605,2.518888,4.782489,5.211553,0.035768,0.011163
10.957903,408.846999,-133.179405,7.158023,6.446341,222.281206,-120.221636,3.423900,2.255449,4.781732,5.208183,0.036549,0.010157
10.962100,409.089102,-132.773981,7.261881,6.182935,221.818445,-120.962098,3.550131,3.333612,4.775379,5.211632,0.037459,0.013396
10.966296,409.131377,-132.501436,7.190446,6.165927,221.968970,-120.716430,3.622786,3.103254,4.775273,5.210493,0.036835,0.012780
10.970493,409.219006,-132.440699,7.237468,6.183111,222.687949,-120.111275,3.856939,2.865380,4.778391,5.207035,0.036490,0.012317
10.974690,409.219006,-132.440699,7.237468,6.183111,222.537197,-120.100550,3.898990,2.932679,4.778396,5.207280,0.036613,0.012561
10.978887,409.177264,-132.529135,7.164726,6.159466,223.130557,-119.284647,3.726003,2.360430,4.783458,5.203329,0.035410,0.010765
10.983084,409.041888,-132.547019,7.240028,6.165819,222.832355,-119.725104,3.381580,2.253826,4.781138,5.205420,0.035212,0.010081
10.987281,408.462384,-133.773647,6.965196,6.148138,221.717988,-121.754293,3.665157,3.023183,4.776663,5.214572,0.036636,0.012585
10.991477,407.976837,-134.499216,7.172222,6.224172,222.690112,-121.047290,3.515333,2.136515,4.784862,5.210281,0.035467,0.009936
10.995674,407.690689,-136.116185,7.268279,6.145947,221.227831,-124.199546,3.808916,3.635096,4.776211,5.223950,0.038241,0.014495
10.999871,407.259241,-137.275387,7.098188,6.249162,221.631703,-123.223717,3.066648,2.290364,4.787943,5.219815,0.035788,0.009841
11.004068,406.511141,-139.104796,6.997338,6.115510,220.146230,-125.380065,3.595471,2.844795,4.785901,5.230103,0.036129,0.012022
11.008265,405.520598,-140.739449,7.026667,6.219838,219.504795,-127.991117,3.969685,3.388223,4.780816,5.240282,0.038014,0.013951
11.012461,404.705218,-142.659238,6.828597,6.174062,218.212348,-128.198564,3.668104,2.731626,4.789774,5.243563,0.036128,0.011853
11.016658,403.258163,-145.590975,7.101801,6.452109,216.888174,-130.084608,4.143363,2.883013,4.795400,5.252645,0.037834,0.012906
11.020855,402.260961,-148.410735,6.894609,6.274650,216.822660,-131.033983,3.551271,2.078182,4.805823,5.255991,0.035547,0.010092
11.025052,401.334888,-150.390447,7.149702,6.116308,214.888374,-133.482748,3.480120,2.325400,4.802826,5.268231,0.035020,0.010661
11.029249,399.434008,-153.682556,7.226946,5.949083,214.336171,-135.415798,3.589721,2.445575,4.810758,5.275857,0.034678,0.011122
11.033446,398.571464,-156.664523,7.181781,6.197367,212.784660,-137.409047,3.509489,1.996981,4.815663,5.285782,0.034954,0.010018
11.037642,396.364821,-160.447623,6.919924,6.139719,210.265137,-140.327953,3.671169,2.737780,4.820083,5.300889,0.035988,0.012089
11.041839,394.864464,-163.968836,6.964692,5.932432,209.340356,-143.422670,3.907715,2.737075,4.822686,5.313056,0.035107,0.012447
11.046036,392.632755,-168.003602,6.835840,5.852150,207.791542,-145.306797,3.194609,2.572600,4.834568,5.322639,0.034427,0.011012
11.050233,390.649939,-172.240225,6.925969,5.934481,205.703724,-147.510612,3.083988,2.204013,4.845313,5.334501,0.034056,0.010024
11.054430,387.984020,-176.269397,7.227379,5.813643,203.989731,-150.804694,4.122799,2.170463,4.849915,5.348991,0.033658,0.011861
11.058627,385.349911,-181.057854,6.974489,6.005953,202.225129,-153.354705,3.274766,2.302880,4.862531,5.361204,0.034899,0.010633
11.062823,383.007759,-185.740335,6.920356,5.935316,199.302574,-156.804497,3.770811,2.261579,4.868618,5.379008,0.034376,0.011561
11.067020,379.974720,-190.777163,7.042250,6.017777,197.349836,-159.391091,3.676017,2.278886,4.882587,5.391782,0.034986,0.011478
11.071217,377.122729,-195.891368,6.896300,6.356107,195.074873,-162.955640,3.870819,2.339705,4.891371,5.408316,0.036821,0.012051
11.075414,374.525522,-201.207318,6.835140,6.082936,190.952577,-166.179864,3.709440,2.426922,4.900932,5.428532,0.035296,0.012035
11.079611,371.064533,-206.907174,7.011588,6.025832,188.050533,-169.527029,3.206026,2.575503,4.913865,5.446031,0.035351,0.011357
11.083807,367.255572,-212.850017,7.002993,6.063898,186.266497,-172.207878,3.141682,2.026751,4.933281,5.458589,0.034831,0.010252
11.088004,363.531061,-218.225303,7.011771,6.082452,182.585834,-176.615366,3.718330,2.754432,4.938418,5.481167,0.036333,0.012818
11.092201,359.441042,-225.011012,6.995660,5.993028,179.048003,-179.779817,3.691379,2.564327,4.958061,5.499827,0.035537,0.012535
11.096398,355.474676,-231.216292,6.983040,5.906723,176.313688,-182.453451,3.122247,2.344640,4.978125,5.514899,0.034752,0.010934
11.100595,351.097150,-237.733405,6.865837,6.111792,172.382412,-185.956558,3.279712,2.378706,4.994386,5.535650,0.035717,0.011430
11.104792,346.001741,-244.913941,7.054121,5.946094,168.589763,-189.861611,3.967269,2.550587,5.013275,5.557061,0.035684,0.013453
11.108988,341.350774,-251.714432,6.909399,5.905473,164.774933,-192.450280,3.282762,2.329669,5.036205,5.575106,0.034855,0.011517
11.113185,335.834612,-258.704523,6.979196,6.102397,160.559526,-195.898837,3.215638,2.447340,5.056462,5.596604,0.036041,0.011573
11.117382,330.152645,-266.144706,6.889519,6.070672,157.140100,-199.112320,3.187338,2.228405,5.082023,5.615062,0.035702,0.011266
11.121579,324.502069,-273.253741,6.941485,6.063113,152.275315,-202.796793,3.551222,2.636892,5.100710,5.639124,0.036513,0.012821
11.125776,318.242442,-280.931723,7.029800,6.000824,148.848475,-207.434734,3.121922,3.404310,5.121759,5.660766,0.038076,0.012615
11.129973,311.835428,-288.681257,7.126635,6.085434,144.104510,-209.107699,3.668709,2.478651,5.155357,5.679785,0.036947,0.013121
11.134169,304.791238,-296.398214,7.017433,5.970861,140.503330,-211.829308,3.750511,2.346176,5.187775,5.697527,0.036624,0.013312
11.138366,298.243554,-304.449410,7.073381,6.026797,135.103705,-214.950548,3.297902,2.231096,5.214158,5.722049,0.036384,0.011951
11.142563,290.471026,-312.057401,7.018462,6.221546,131.192139,-217.632671,3.288521,2.137722,5.247517,5.740699,0.037278,0.011904
11.146760,282.281226,-319.857572,6.860598,6.143802,126.625537,-220.791342,3.631246,2.233498,5.279176,5.762473,0.037466,0.013123
11.150957,273.944034,-328.045716,6.504383,6.244946,121.038557,-223.200078,3.743744,2.389675,5.313446,5.786283,0.037534,0.013716
11.155153,265.066604,-335.627681,6.905808,6.420670,116.440300,-226.678306,3.609177,2.893224,5.344949,5.808653,0.039685,0.013624
11.159350,256.138270,-344.053494,6.979206,6.012695,111.582324,-228.037600,3.262337,2.311855,5.388693,5.828122,0.037569,0.012217
11.163547,246.625006,-351.408961,7.020467,6.314528,106.904407,-230.955407,3.761310,2.282869,5.423868,5.849673,0.039430,0.013931
11.167744,236.534659,-359.335563,6.820901,6.386121,102.545574,-232.873161,3.690916,2.465101,5.468897,5.868386,0.039558,0.013838
11.171941,225.948201,-366.417226,6.705309,6.573805,96.307897,-235.527542,3.609586,2.373078,5.502583,5.895028,0.039690,0.013596
11.176138,215.509112,-374.042859,6.795557,6.576421,91.911506,-238.796493,3.306658,3.293932,5.542760,5.915768,0.040750,0.012917
11.180334,204.478071,-380.968301,6.727702,6.355176,86.475209,-239.922390,3.773831,2.645420,5.586506,5.937249,0.040149,0.014358
11.184531,192.365676,-387.903467,6.683909,6.326356,80.875092,-241.276119,3.671132,2.729763,5.633082,5.959758,0.039983,0.014097
11.188728,180.494317,-394.448241,6.602303,6.451924,76.035800,-243.721855,3.579341,3.137882,5.677150,5.980776,0.040368,0.013875
11.192925,168.193508,-401.127298,6.405925,6.450802,70.840882,-244.960094,3.645941,2.894811,5.725747,6.001672,0.039603,0.014093
11.197122,155.445975,-407.129302,6.665778,6.591709,65.904390,-245.769930,3.621775,2.488539,5.776572,6.021194,0.040438,0.013979
11.201318,141.683982,-412.410826,6.343368,6.435527,60.614535,-248.150005,3.724748,3.097463,5.824718,6.043611,0.039932,0.014454
11.205515,128.801565,-417.170416,6.327944,6.778572,56.449547,-248.689336,3.751107,2.424104,5.877562,6.059979,0.039987,0.014498
11.209712,114.729990,-421.921415,6.457724,6.579616,50.543218,-249.424761,3.637062,2.397410,5.926956,6.083253,0.040005,0.014131
11.213909,100.440098,-425.490396,6.085977,6.828570,46.273531,-251.132759,3.480857,2.881567,5.981974,6.100970,0.038599,0.013561
11.218106,86.074433,-429.424773,6.316792,6.780287,40.143703,-251.322331,3.667176,2.634895,6.030795,6.124793,0.039701,0.014322
11.222303,71.198362,-432.745990,6.222614,6.801008,34.878289,-252.182477,3.196928,2.592566,6.084686,6.145751,0.038044,0.012517
11.226499,56.395163,-434.419873,6.032441,6.840731,29.882526,-252.932212,3.559620,2.552916,6.138126,6.165586,0.038223,0.013929
11.230696,41.979615,-436.973057,6.089594,6.787705,25.218113,-253.265275,3.263007,2.605150,6.192197,6.183941,0.037468,0.012798
11.234893,26.957082,-437.509470,6.127538,6.573323,19.343311,-253.736905,3.278442,2.412208,6.241779,6.207099,0.037784,0.012866
11.239090,11.926886,-438.547829,5.914391,6.597274,14.294901,-253.997405,3.770370,2.567910,6.296016,6.226965,0.038003,0.014808
11.243287,-2.934487,-438.067630,6.113546,6.451119,9.286264,-254.279281,3.370846,2.775985,6.349581,6.246682,0.037903,0.013245
11.247484,-17.834516,-437.689062,6.192382,6.526132,3.880387,-254.801312,3.620038,2.927444,6.401366,6.267957,0.038945,0.014205
11.251680,-32.563932,-436.069438,5.867389,6.750362,-2.005148,-254.114356,3.670948,2.483562,6.449579,6.291076,0.037553,0.014445
11.255877,-46.798308,-434.560479,6.027944,6.448017,-6.979875,-254.078235,3.987514,2.656975,6.500329,6.310650,0.039042,0.015685
11.260074,-61.525220,-431.429960,6.070225,6.752173,-12.365309,-254.087768,3.746193,2.607521,6.553599,6.331812,0.038802,0.014717
11.264271,-75.692139,-428.888482,5.960879,6.425696,-17.714426,-253.874658,3.765579,2.506940,6.603082,6.352849,0.038161,0.014776
11.268468,-89.326739,-425.394411,6.019822,6.379035,-24.039477,-253.019785,3.696265,2.441958,6.645241,6.377911,0.038167,0.014506
11.272664,-102.889988,-421.661230,6.375558,6.508207,-29.547644,-252.403686,3.504723,2.572986,6.692080,6.399720,0.039207,0.013748
11.276861,-116.373213,-417.573960,6.215127,6.335871,-34.249069,-251.620444,3.583638,2.164799,6.742714,6.418468,0.038251,0.014030
11.281058,-129.158862,-413.612677,6.197168,6.196904,-40.934359,-251.185320,3.911417,2.704517,6.780764,6.444730,0.038969,0.015265
11.285255,-141.735043,-408.308900,6.078918,6.311301,-46.245310,-249.431113,3.709387,2.330482,6.824359,6.466507,0.037866,0.014474
11.289452,-154.250525,-402.869926,5.968615,6.564657,-52.011322,-248.832992,3.692006,2.553847,6.869153,6.489240,0.038004,0.014364
11.293649,-166.350296,-397.668253,5.830518,6.543927,-58.060771,-247.096729,3.657920,2.494220,6.906675,6.513971,0.037334,0.014208
11.297845,-177.596046,-392.424582,6.249709,6.298342,-63.370493,-245.146035,3.373032,3.182993,6.942854,6.536149,0.038013,0.013276
11.302042,-188.541704,-386.638030,6.435599,6.138962,-69.952747,-243.876694,3.511551,2.819534,6.976356,6.562522,0.038266,0.013653
11.306239,-199.597282,-381.077990,6.176115,6.184354,-75.120680,-243.098475,3.224018,2.524696,7.017181,6.582891,0.036806,0.012456
11.310436,-210.470744,-374.578378,6.304781,6.387315,-80.312996,-240.325160,3.630915,2.631015,7.053096,6.605702,0.037969,0.013983
11.314633,-220.316619,-368.393434,6.197482,6.325313,-86.388632,-238.576619,3.576599,3.022878,7.084170,6.630599,0.037965,0.013860
11.318830,-229.798799,-362.503963,6.174627,6.552492,-92.753580,-235.740207,3.288624,2.736365,7.107537,6.658038,0.037779,0.012711
11.323026,-239.712115,-355.892271,6.635604,6.254255,-97.892044,-233.624542,3.481894,2.872348,7.142486,6.679975,0.038181,0.013414
11.327223,-248.330465,-349.802264,6.379601,6.203926,-102.621908,-230.957222,3.279434,2.776262,7.169779,6.701317,0.036960,0.012669
11.331420,-257.543963,-343.429880,6.646619,6.206522,-109.228160,-228.999685,3.118667,2.717657,7.196843,6.728248,0.037326,0.012015
11.335617,-265.737603,-336.864313,6.721771,6.366558,-113.980032,-226.049940,3.511812,3.033021,7.223269,6.750207,0.038537,0.013510
11.339814,-273.592878,-330.817512,6.807790,6.218287,-119.590978,-223.387792,3.468770,2.725942,7.244877,6.774713,0.037702,0.013094
11.344010,-281.367949,-324.224861,6.721762,6.157867,-124.432710,-220.216591,3.270164,2.435966,7.268698,6.797507,0.036615,0.012212
11.348207,-288.407061,-318.205390,6.748197,6.345228,-129.844956,-217.375024,3.398971,2.671531,7.287579,6.821640,0.037702,0.012731
11.352404,-296.037882,-312.120979,6.605680,6.524184,-134.697251,-213.678379,3.110860,2.819017,7.306130,6.845640,0.037885,0.011999
11.356601,-302.404075,-305.645486,6.777880,6.381002,-139.133356,-210.902353,3.513944,2.823319,7.328187,6.866353,0.037871,0.013139
11.360798,-309.090070,-300.020899,6.557733,6.221715,-144.468108,-208.082249,3.443406,2.525507,7.344649,6.890064,0.036518,0.012530
11.364995,-315.542458,-294.234223,6.785078,6.416215,-149.117292,-205.880037,3.711344,3.425209,7.365925,6.910029,0.039151,0.014222
11.369191,-321.193468,-288.249837,6.538053,6.457887,-153.315904,-200.823448,3.269641,2.776753,7.373853,6.935230,0.037460,0.012259
11.373388,-326.543931,-282.681956,6.837561,6.290672,-157.797789,-197.982042,3.475060,2.913846,7.388786,6.956113,0.037536,0.012910
11.377585,-332.351667,-276.849180,6.800958,6.308331,-161.710732,-194.902570,3.847521,2.780138,7.406276,6.975776,0.037377,0.013632
11.381782,-336.896783,-271.739158,6.791373,6.334045,-166.027133,-191.900162,4.220730,2.879736,7.416875,6.996423,0.037937,0.014607
11.385979,-341.813563,-266.495094,7.038378,6.351359,-169.370407,-187.693295,3.742187,2.843533,7.425344,7.017313,0.037680,0.013325
11.390175,-346.650525,-261.019323,6.868714,6.286035,-173.064916,-184.082550,3.735062,2.934649,7.436779,7.037744,0.037339,0.013390
11.394372,-350.730218,-256.091742,6.983217,6.307484,-176.824370,-181.514394,3.969616,3.008458,7.448865,7.055496,0.037842,0.013948
11.398569,-355.002256,-251.070187,6.814105,6.731661,-179.587232,-177.602588,3.713728,3.035879,7.457356,7.074140,0.039131,0.013414
11.402766,-358.858163,-246.552455,7.015297,6.447760,-182.973659,-174.087808,3.795982,2.880425,7.463172,7.093464,0.037859,0.013252
11.406963,-362.382411,-241.818413,7.162428,6.366864,-186.589721,-170.969877,3.611401,2.733945,7.470872,7.112240,0.037417,0.012505
11.411160,-365.792699,-237.729726,7.086049,6.569241,-189.045675,-168.132396,4.020287,3.038802,7.478859,7.127068,0.038781,0.013859
11.415356,-369.094748,-233.572056,6.855356,6.534668,-192.059166,-164.699835,3.757275,2.747645,7.482967,7.145122,0.037844,0.012705
11.419553,-372.564594,-229.258253,7.051962,6.535002,-194.925993,-162.583669,4.011520,3.372729,7.494914,7.158803,0.039275,0.014373
11.423750,-375.114021,-225.143500,7.060733,6.605621,-196.766766,-158.387693,4.132477,2.818220,7.495823,7.176229,0.038396,0.013445
11.427947,-377.993307,-221.347283,7.208481,6.316995,-199.655551,-156.053397,3.734143,3.046264,7.503015,7.190553,0.037663,0.013117
11.432144,-380.447119,-217.551354,7.127128,6.538130,-201.616593,-152.677744,4.060391,2.804279,7.505980,7.205845,0.038106,0.013118
11.436341,-382.632737,-214.333564,7.141939,6.471759,-203.204835,-150.635630,4.025064,3.259467,7.512854,7.216072,0.038650,0.014034
11.440537,-384.801623,-211.039644,7.193566,6.590799,-205.729629,-148.887675,3.905038,3.656958,7.519912,7.227522,0.040146,0.014743
11.444734,-386.932606,-207.935569,7.164499,6.482470,-207.376396,-144.703251,3.972993,2.565285,7.515385,7.244747,0.037384,0.012249
11.448931,-388.652912,-205.042495,7.247620,6.467110,-209.338150,-142.821773,3.962190,2.865445,7.519989,7.255265,0.037989,0.012841
11.453128,-390.244812,-202.321311,7.346086,6.458401,-210.012400,-140.576540,3.775368,2.895054,7.523929,7.264108,0.037849,0.012636
11.457325,-391.822847,-199.530183,7.140002,6.524371,-212.541339,-138.837175,3.846722,2.935179,7.527557,7.275343,0.038348,0.012742
11.461521,-393.278052,-197.308142,7.094379,6.407997,-213.894596,-137.187861,4.134279,2.916179,7.530597,7.283690,0.037884,0.013056
11.465718,-394.391964,-194.790440,7.174084,6.462422,-215.153081,-135.093941,3.638175,2.864276,7.532481,7.293302,0.037964,0.012213
11.469915,-395.881599,-193.275558,7.191117,6.629588,-215.343762,-133.189244,4.287878,2.730228,7.532695,7.300073,0.038358,0.012785
11.474112,-396.711358,-191.131089,7.257787,6.598297,-216.302248,-131.846546,3.889470,2.854182,7.536487,7.306571,0.038429,0.012507
11.478309,-397.427193,-189.735892,7.397860,6.460682,-217.011537,-130.750725,4.162540,2.752685,7.537996,7.311722,0.037812,0.012590
11.482506,-398.288796,-188.306267,7.388940,6.495685,-217.267427,-129.226706,4.010913,2.665936,7.538513,7.317408,0.037636,0.012163
11.486702,-398.506705,-186.698536,7.247767,6.436108,-217.483393,-128.751362,3.919323,2.627207,7.544180,7.319461,0.037256,0.011934
11.490899,-399.741096,-185.866325,7.241290,6.503526,-218.819987,-127.764732,3.781710,2.507065,7.543242,7.325499,0.037315,0.011386
11.495096,-399.748558,-184.866633,7.473322,6.437383,-218.791739,-127.840750,4.463686,2.845133,7.548698,7.325184,0.037973,0.013151
11.499293,-400.206699,-184.227082,7.358205,6.448496,-218.856917,-127.193205,3.822289,2.793996,7.549279,7.327522,0.037614,0.012192
11.503490,-400.203656,-183.912334,7.321114,6.500265,-218.312501,-126.832197,3.783107,2.848790,7.549899,7.327675,0.037805,0.012322
11.507687,-400.402314,-183.686215,7.304827,6.457142,-218.954821,-127.019267,3.954068,2.903108,7.551274,7.328311,0.037862,0.012643
11.511883,-400.328081,-183.449892,7.338538,6.472721,-219.387181,-127.204817,4.248528,2.939666,7.552603,7.328533,0.038211,0.013084
11.516080,-400.491729,-183.656973,7.286525,6.699091,-218.667273,-128.332036,3.543969,3.449751,7.558606,7.323263,0.039909,0.013702
11.520277,-400.337044,-183.428986,7.321147,6.644498,-217.522162,-128.031523,4.064235,2.895353,7.559752,7.321994,0.038473,0.012823
11.524474,-400.149749,-183.888953,7.193997,6.689587,-218.022882,-128.956167,4.027394,2.663206,7.561041,7.319850,0.038338,0.012141
11.528671,-399.712101,-184.262397,7.213739,6.577678,-217.467508,-129.600972,4.202321,2.670595,7.562585,7.316541,0.037897,0.012423
11.532867,-398.432105,-185.255726,7.131066,6.556915,-216.882128,-131.027406,3.965238,2.834718,7.563721,7.310523,0.038169,0.012537
11.537064,-398.306345,-186.390963,7.365525,6.554027,-217.311902,-133.198416,3.385706,3.199420,7.568139,7.304104,0.039021,0.012756
11.541261,-396.726897,-187.994524,7.249667,6.583415,-215.350091,-134.550604,3.920228,3.254215,7.567434,7.295527,0.039239,0.013603
11.545458,-396.208594,-189.030205,7.135004,6.637384,-214.092782,-135.472583,4.099760,2.766553,7.567960,7.289811,0.038345,0.012650
11.549655,-394.664296,-190.831164,7.264637,6.508787,-213.558698,-137.228787,4.007363,2.736928,7.566223,7.282839,0.037953,0.012454
11.553852,-394.097621,-192.611634,7.263645,6.450611,-212.797049,-138.610253,3.432182,2.396577,7.564493,7.276642,0.036911,0.010814
11.558048,-392.705368,-194.716508,7.520134,6.303087,-210.122275,-141.401871,4.028336,3.064365,7.569878,7.261641,0.037537,0.013402
11.562245,-391.073641,-196.438255,6.885844,6.603317,-208.620690,-144.288824,3.843414,3.467038,7.575581,7.248894,0.039478,0.014165
11.566442,-389.550654,-199.282382,7.129410,6.695601,-207.625548,-145.394836,4.099925,2.752414,7.566008,7.243072,0.038599,0.012853
11.570639,-387.694546,-201.708347,7.230314,6.498971,-206.771402,-147.833645,3.515146,2.473467,7.564566,7.233285,0.037338,0.011285
11.574836,-385.748047,-204.301301,7.323581,6.403163,-202.996575,-150.511980,4.162676,2.798572,7.567734,7.215974,0.037339,0.013243
11.579032,-383.583566,-207.416778,7.278725,6.420088,-201.192632,-152.845509,4.272182,3.002870,7.563259,7.204303,0.037863,0.013935
11.583229,-380.995719,-210.331609,6.892803,6.469774,-198.908266,-155.572970,4.203629,2.973756,7.561858,7.190230,0.037889,0.013828
11.587426,-378.828711,-214.007154,7.243081,6.441687,-197.316143,-159.078514,4.151567,2.564336,7.560126,7.175465,0.037244,0.012951
11.591623,-375.935626,-217.263518,7.239397,6.376608,-194.888398,-163.101073,4.060860,3.394983,7.563294,7.157145,0.038727,0.014496
11.595820,-373.281439,-221.046386,7.215996,6.371345,-192.160500,-164.556226,3.952992,2.583136,7.551651,7.145814,0.036925,0.012784
11.600017,-370.565205,-224.803627,6.972088,6.465280,-189.874015,-167.332073,3.782164,2.494351,7.546035,7.131606,0.037064,0.012341
11.604213,-366.725468,-228.548646,6.970188,6.417418,-187.213356,-171.070479,4.025143,2.702494,7.544105,7.113609,0.037515,0.013286
11.608410,-363.679381,-232.971149,7.128448,6.458750,-183.557024,-174.050246,3.719520,2.741926,7.537837,7.095162,0.037581,0.012815
11.612607,-359.814063,-237.303370,7.110193,6.391720,-180.014253,-176.941388,3.713627,2.552376,7.530087,7.077192,0.036941,0.012584
11.616804,-356.181639,-241.819330,7.062052,6.627115,-177.797316,-180.611856,3.866912,2.706217,7.523448,7.060731,0.038483,0.013204
11.621001,-351.655083,-246.508611,7.083700,6.287670,-173.755272,-184.341235,3.801671,2.868055,7.517795,7.039030,0.037371,0.013400
11.625198,-348.039782,-251.337556,6.906862,6.470418,-169.616595,-187.296819,3.682729,2.923644,7.509377,7.019087,0.037912,0.013305
11.629394,-343.298681,-256.665371,7.160943,6.363671,-165.621507,-190.997797,3.664666,2.963789,7.499963,6.997545,0.037750,0.013377
11.633591,-338.573271,-261.808424,6.938000,6.604193,-161.693651,-195.069832,3.576497,3.468271,7.493187,6.975302,0.039690,0.013943
11.637788,-333.786939,-267.304692,6.856614,6.423172,-158.092590,-197.828016,3.814360,3.040424,7.477412,6.957403,0.038167,0.013951
11.641985,-328.439858,-273.042498,6.690590,6.463369,-154.030654,-200.421582,3.584271,2.655783,7.459433,6.938443,0.037475,0.012938
11.646182,-322.734216,-278.426267,6.724071,6.365083,-149.586366,-204.220281,3.470541,2.592307,7.449091,6.915376,0.037079,0.012607
11.650378,-317.009459,-284.536552,6.515129,6.312437,-145.124116,-207.729804,3.089684,2.788774,7.433751,6.892984,0.036935,0.011816
11.654575,-311.042564,-290.863900,7.054788,6.294916,-140.701463,-210.680198,3.355170,2.602902,7.414028,6.872002,0.037201,0.012404
11.658772,-304.659969,-296.580687,6.747273,6.367272,-135.767597,-213.574168,3.496668,2.719374,7.397177,6.849437,0.037517,0.013007
11.662969,-298.278925,-303.192441,6.828298,6.358260,-131.432151,-216.533706,3.546904,2.697952,7.374942,6.828723,0.037666,0.013184
11.667166,-291.596709,-309.190590,6.792693,6.312169,-126.023342,-219.713221,3.584859,2.837482,7.358532,6.803953,0.037722,0.013483
11.671363,-284.572541,-315.734818,6.457752,6.259798,-121.045418,-221.584016,3.235423,2.762850,7.331584,6.783163,0.036774,0.012409
11.675559,-276.740792,-322.642872,6.780658,6.383079,-115.981916,-225.275006,3.614052,3.022510,7.309399,6.758639,0.038492,0.013807
11.679756,-269.086976,-329.088853,6.521102,6.421618,-111.189285,-227.405812,3.429598,2.696436,7.281850,6.737951,0.037727,0.013040
11.683953,-260.877475,-335.406310,6.478029,6.447682,-105.618554,-230.505419,3.561991,2.590251,7.259785,6.712841,0.037842,0.013462
11.688150,-252.199567,-341.929052,6.394752,6.363296,-100.252311,-232.859240,3.624436,2.588446,7.231400,6.689728,0.037622,0.013738
11.692347,-243.199122,-349.016074,6.296349,6.393615,-95.046890,-234.682202,3.319164,2.910102,7.196716,6.667997,0.037723,0.012894
11.696544,-233.942552,-355.476462,6.374219,6.277244,-89.616621,-236.979778,3.715242,2.970083,7.166545,6.644725,0.038140,0.014329
11.700740,-224.658758,-362.321607,6.325781,6.369807,-83.915629,-239.381033,3.546516,2.870955,7.135996,6.620352,0.038008,0.013715
11.704937,-214.968309,-368.696525,6.536533,6.559527,-78.870733,-240.125020,3.156122,2.580144,7.097012,6.600541,0.038181,0.012284
11.709134,-204.203721,-375.183828,6.405007,6.390929,-73.601726,-242.356116,3.368706,2.617738,7.060135,6.578026,0.037987,0.013076
11.713331,-193.386841,-381.968740,6.199604,6.406047,-68.386396,-243.910507,3.637425,2.944287,7.018986,6.556542,0.038264,0.014178
11.717528,-182.363076,-387.639252,6.361202,6.259162,-62.633925,-245.493535,3.341705,2.687161,6.983191,6.532991,0.037841,0.013046
11.721724,-170.644828,-394.185482,5.896752,6.430233,-57.272706,-247.630096,3.961620,3.174383,6.941607,6.510472,0.038476,0.015444
11.725921,-158.869479,-400.173451,6.175375,6.349995,-51.571907,-248.439067,3.521296,2.433702,6.898688,6.487862,0.037707,0.013727
11.730118,-146.596565,-405.635586,6.040745,6.417992,-46.116229,-249.783395,3.788306,2.913218,6.855837,6.465754,0.038322,0.014814
11.734315,-134.245001,-411.096373,5.850038,6.622311,-41.098718,-250.723772,3.907586,2.789538,6.809376,6.445661,0.038140,0.015281
11.738512,-121.765778,-415.730433,6.044276,6.419092,-36.102279,-251.166686,3.408478,3.044628,6.763137,6.425946,0.037594,0.013405
11.742709,-107.861902,-420.435693,5.796699,6.537222,-30.425040,-251.757241,3.735011,2.980363,6.713564,6.403453,0.037429,0.014690
11.746905,-94.430883,-424.534292,5.954535,6.634313,-25.416563,-252.242288,3.188163,2.572519,6.664180,6.383609,0.036667,0.012554
11.751102,-80.074913,-427.572832,5.759855,6.462349,-19.913554,-253.491147,3.663079,2.815265,6.615928,6.361582,0.037192,0.014388
11.755299,-66.471859,-431.439583,5.491409,6.628122,-15.079047,-253.864245,3.293843,2.464391,6.564902,6.342514,0.034932,0.012942
11.759496,-51.498638,-433.625198,5.703307,6.698371,-10.159823,-253.922867,3.431625,2.629520,6.509292,6.323175,0.036250,0.013499
11.763693,-36.839379,-436.060600,5.942928,6.653817,-4.644574,-254.604447,3.305735,2.709608,6.458783,6.301426,0.036966,0.012981
11.767889,-22.210094,-437.589502,5.992173,6.793586,-0.402974,-254.467086,3.317267,2.698900,6.401712,6.284769,0.037176,0.013036
11.772086,-7.198009,-438.353486,6.144082,6.996486,5.214815,-254.049993,3.318117,2.500825,6.350434,6.262661,0.037813,0.013057
11.776283,7.645077,-438.623529,5.833070,6.614624,9.457008,-254.890249,3.269294,3.035279,6.293047,6.246100,0.036392,0.012816
11.780480,22.745799,-437.656140,6.153124,6.636913,15.368710,-255.208103,3.620079,3.233817,6.242773,6.223038,0.039099,0.014154
11.784677,37.143425,-436.989548,6.022129,6.777493,19.146926,-254.165939,3.653421,2.622168,6.185065,6.207995,0.038354,0.014314
11.788874,52.332206,-435.042966,6.164559,6.722191,25.188323,-253.710364,3.284770,2.591128,6.134597,6.184230,0.038123,0.012860
11.793070,66.596765,-432.869872,6.115944,6.563446,30.350769,-253.432056,3.726844,2.834910,6.083870,6.163994,0.039121,0.014558
11.797267,81.760462,-430.014033,6.020803,6.670916,33.946463,-252.273408,3.652044,2.468932,6.020396,6.149427,0.038285,0.014278
11.801464,96.092397,-426.235444,6.252493,6.611067,39.385365,-251.797698,3.301928,2.712685,5.968877,6.128026,0.038588,0.012905
11.805661,109.850396,-421.966233,6.159993,6.888972,43.979384,-251.144748,3.305004,2.705821,5.915143,6.109827,0.038481,0.012899
11.809858,123.988516,-417.746088,6.086693,6.541533,49.563843,-249.871548,3.203910,2.476432,5.865888,6.087370,0.037562,0.012481
11.814055,137.383614,-412.317031,6.300042,6.335630,54.093499,-249.129383,3.104236,2.766722,5.811257,6.069374,0.038211,0.012120
11.818251,150.573957,-406.775020,6.428179,6.619226,59.120591,-248.443934,3.521451,2.788627,5.759393,6.049567,0.039887,0.013651
11.822448,162.823538,-400.778495,6.410620,6.714761,64.110878,-246.861121,3.144280,2.681385,5.712925,6.029094,0.039193,0.012221
11.826645,175.439867,-394.582390,6.242794,6.642688,68.741436,-246.195466,3.682479,3.044774,5.659785,6.010905,0.039768,0.014241
11.830842,187.685528,-388.015015,6.824909,6.376022,73.847492,-244.070605,3.115295,2.955789,5.614050,5.989376,0.039905,0.012166
11.835039,198.814262,-380.942582,6.660023,6.176947,79.284215,-242.447269,3.302665,2.690457,5.571157,5.967131,0.039055,0.012735
11.839235,209.993539,-374.032361,6.598711,6.177125,84.106888,-240.757527,3.366241,2.645566,5.526287,5.947096,0.038683,0.012922
11.843432,221.209438,-367.072841,6.569997,6.338116,89.370826,-238.182351,3.274159,2.266880,5.486480,5.924222,0.038160,0.012450
11.847629,231.122118,-359.413684,6.681783,6.281535,93.316726,-236.643650,3.362268,2.559016,5.440150,5.907573,0.038468,0.012838
11.851826,240.829241,-351.972886,6.738027,6.154020,99.659500,-234.924907,3.210365,2.989892,5.404641,5.881977,0.038727,0.012452
11.856023,249.523114,-344.393678,6.736369,6.203629,104.449463,-232.666096,3.570035,2.555937,5.368658,5.861226,0.038577,0.013414
11.860220,258.880671,-336.542909,6.879220,6.220552,108.766100,-230.506503,3.487246,2.958124,5.327377,5.842305,0.039029,0.013328
11.864416,267.319133,-328.905792,6.648134,6.196914,114.388098,-227.696154,3.632856,2.790447,5.297014,5.817642,0.038404,0.013655
11.868613,275.294067,-321.529315,6.774951,6.187310,119.046985,-224.815323,3.253215,2.617390,5.266648,5.796192,0.037812,0.012285
11.872810,283.614421,-313.929906,7.048668,6.047530,124.290570,-222.053017,3.639665,2.332043,5.235476,5.772900,0.037368,0.013259
11.877007,291.388382,-306.206476,7.096806,5.926538,129.122312,-219.445349,3.288869,2.268464,5.203398,5.751337,0.036424,0.012015
11.881204,298.529176,-298.490986,6.986735,5.931105,134.108074,-216.657191,3.486086,2.392014,5.174202,5.728921,0.036478,0.012639
11.885401,305.426036,-291.314516,7.160342,5.961131,138.309745,-213.444632,3.660392,2.330118,5.148438,5.708225,0.036463,0.013065
11.889597,312.167588,-283.853645,7.000690,5.910539,142.806381,-210.666086,3.689365,2.536713,5.120291,5.687460,0.036243,0.013238
11.893794,318.081782,-276.648602,7.016207,6.073736,146.369791,-207.567581,3.611567,2.393388,5.094883,5.669000,0.036387,0.012827
11.897991,324.177407,-269.626387,6.889743,5.775313,151.017064,-204.265379,3.325024,2.611403,5.073314,5.646556,0.035207,0.012171
11.902188,329.647148,-262.718234,6.872322,5.927121,155.869053,-201.049626,3.760663,2.405378,5.053396,5.623703,0.035646,0.013041
11.906385,335.472811,-256.210640,6.851251,5.984383,160.185355,-197.463494,3.485521,2.099566,5.035771,5.601643,0.035108,0.011849
11.910581,340.691750,-249.563924,6.902749,6.022246,162.792191,-194.441232,3.337566,2.492678,5.012860,5.586151,0.035579,0.011902
11.914778,345.288424,-243.107935,7.070197,5.855698,167.258270,-191.370813,3.965910,2.233537,4.995208,5.564921,0.034679,0.013095
11.918975,350.142046,-237.124633,7.101210,5.780626,171.368489,-187.474354,3.733978,2.339770,4.983289,5.542640,0.034390,0.012505
11.923172,354.640484,-230.954682,6.980604,5.747836,174.298944,-184.732406,3.757773,2.485952,4.963292,5.526839,0.034257,0.012686
11.927369,358.658850,-225.200375,7.099284,6.009089,177.910937,-180.553409,3.914482,2.500432,4.954554,5.505159,0.035508,0.012998
11.931566,362.866364,-219.333545,6.972677,5.943547,181.269812,-177.661663,3.698061,2.513957,4.937959,5.487735,0.035063,0.012411
11.935762,366.383917,-213.997689,6.979347,5.949483,184.486912,-173.905954,3.107219,2.359503,4.929329,5.468272,0.034698,0.010795
11.939959,370.005316,-208.857780,7.182490,5.956424,186.957760,-170.748611,3.427166,2.101058,4.917650,5.452504,0.034191,0.010994
11.944156,373.213205,-203.623030,6.978443,6.026031,190.098164,-167.485556,3.258537,2.435466,4.907234,5.434634,0.035086,0.011150
11.948353,375.674497,-198.636590,7.125281,5.899764,193.417835,-164.513276,3.813897,2.390785,4.897473,5.417207,0.034685,0.012089
11.952550,379.082031,-194.025492,6.923038,5.990938,195.291466,-161.563324,3.832193,2.512097,4.887212,5.403552,0.035061,0.012297
11.956746,382.004539,-189.657863,7.193428,5.984205,198.424052,-157.964231,3.415705,2.441049,4.883345,5.384744,0.034951,0.011272
11.960943,384.632419,-185.620578,6.898543,6.110075,200.554114,-154.714141,3.393296,2.181713,4.878736,5.369467,0.034951,0.010652
11.965140,386.963061,-181.717500,6.957283,6.070985,202.801178,-152.170039,3.589998,2.295120,4.871476,5.356108,0.034996,0.011164
11.969337,388.941499,-177.670344,7.025892,6.026248,204.152659,-150.126406,3.646168,2.965799,4.860356,5.346457,0.036101,0.012711
11.973534,390.809555,-174.333617,6.935870,6.083125,206.362470,-146.563546,3.279711,2.184542,4.861825,5.329944,0.034809,0.010286
11.977731,392.779872,-171.040086,6.888047,6.137849,208.313240,-143.924490,3.394363,2.282999,4.858338,5.316984,0.035262,0.010635
11.981927,394.461422,-168.163725,6.859642,6.031493,209.507786,-142.344293,3.920545,2.948210,4.851092,5.309171,0.036082,0.012975
11.986124,396.381842,-164.735845,6.945895,6.073409,211.733752,-140.225711,3.923571,2.917176,4.844357,5.297344,0.036298,0.012825
11.990321,398.384119,-162.064888,6.953277,5.923270,213.793939,-136.432888,3.202320,2.162435,4.850366,5.280390,0.033987,0.009889
11.994518,399.339757,-159.934793,7.229147,6.092903,215.197758,-134.368046,3.493929,2.066224,4.850350,5.270552,0.034789,0.010046
11.998715,400.505430,-157.287056,6.861245,6.115088,215.633935,-132.409476,3.901825,2.132575,4.846152,5.263074,0.034868,0.010802
12.002912,402.211204,-155.505506,6.934934,6.068770,216.659208,-131.349355,3.562386,2.637208,4.841846,5.257390,0.035477,0.011505
12.007108,402.490164,-153.887015,6.896285,6.032806,219.127570,-128.771934,3.681816,2.152629,4.848511,5.243684,0.034765,0.010353
12.011305,403.620338,-152.183633,7.356618,6.068996,218.691188,-127.495717,3.546365,2.340936,4.845104,5.240210,0.035041,0.010659
12.015502,404.317201,-150.257799,6.912802,6.088135,218.703169,-125.734064,3.637361,2.113225,4.843750,5.234154,0.034559,0.010217
12.019699,404.878324,-149.234400,7.075411,6.234563,220.638489,-124.612715,3.631334,2.109609,4.845241,5.226510,0.035552,0.010110
12.023896,405.657841,-148.316769,7.019604,6.045342,221.227918,-123.119021,3.535012,1.963169,4.848173,5.220229,0.034311,0.009592
12.028092,405.977012,-147.465187,7.089553,6.144819,221.242604,-123.915334,3.208279,3.054561,4.839185,5.222944,0.036932,0.012193
12.032289,406.125966,-146.732110,7.124005,6.318289,221.866071,-122.939600,3.507992,3.200085,4.840803,5.218387,0.038201,0.012912
12.036486,406.545478,-146.711042,7.107953,6.300711,222.434879,-121.989962,3.563727,2.356593,4.845864,5.214026,0.036340,0.010581
12.040683,406.740252,-146.575390,7.210291,6.214586,223.110106,-121.007924,3.559694,2.183410,4.850733,5.209354,0.035693,0.010094
12.044880,406.847127,-146.558763,7.290960,6.195590,221.996363,-122.297815,3.660261,3.282410,4.842889,5.215923,0.037720,0.013313
12.049077,406.740252,-146.575390,7.210291,6.214586,221.960620,-122.579294,3.614133,3.435187,4.841530,5.216963,0.038200,0.013716
12.053273,406.605910,-146.817366,7.122056,6.354406,222.023615,-122.495163,3.629858,3.480672,4.843403,5.216553,0.038988,0.013866
12.057470,406.256429,-147.275113,6.946357,6.060141,221.913224,-122.129853,3.608055,3.204620,4.847957,5.215501,0.036948,0.013039
12.061667,406.221223,-148.315051,6.933691,6.133753,222.561868,-121.665761,3.709523,2.296454,4.856485,5.212665,0.035452,0.010598
12.065864,405.434326,-149.614933,7.160428,5.846835,221.131983,-123.600279,3.371274,3.215680,4.852615,5.222073,0.035992,0.012842
12.070061,404.969451,-151.066795,7.132397,5.786137,221.903257,-122.860036,4.123364,2.136714,4.865266,5.218042,0.033601,0.010785
12.074258,404.589884,-152.291366,6.998608,6.033015,220.826464,-125.336113,3.539079,3.266899,4.858035,5.228627,0.037059,0.013135
12.078454,403.708017,-154.206743,6.880804,6.182726,220.582985,-125.236794,3.587232,2.376407,4.869286,5.228760,0.035888,0.010730
12.082651,402.604526,-156.202964,6.992919,6.032161,219.974657,-126.465638,3.996642,2.328084,4.873801,5.234156,0.035192,0.011176
12.086848,401.740902,-158.317818,7.024465,6.109812,218.877973,-127.494809,3.576618,2.060472,4.879377,5.239836,0.035007,0.009996
12.091045,400.614112,-160.671990,6.974062,6.101814,217.819613,-129.433892,3.328218,2.496505,4.881646,5.248551,0.035739,0.010806
12.095242,399.296927,-163.419207,7.138979,5.962890,216.921411,-130.967916,3.538610,2.142811,4.888483,5.255567,0.034509,0.010223
12.099438,398.420962,-166.407046,6.914155,6.137245,215.937108,-132.734811,3.154581,2.111967,4.894858,5.263541,0.035190,0.009637
12.103635,396.526466,-168.916617,6.994383,6.048771,214.804287,-134.890673,3.517855,2.087823,4.897487,5.273121,0.034901,0.010149
12.107832,394.926853,-172.225996,6.990228,6.000398,212.891767,-137.847992,3.617551,2.572164,4.899044,5.287007,0.035515,0.011514
12.112029,392.889854,-175.636906,6.960026,6.077029,211.926031,-140.120084,3.712151,2.373188,4.906190,5.296580,0.035678,0.011210
12.116226,391.020470,-179.405460,6.980669,5.972754,209.993249,-142.423371,4.040663,2.157110,4.913906,5.308353,0.034789,0.011376
12.120423,389.450938,-183.157912,7.090843,6.026198,208.811633,-144.814764,3.663266,2.146658,4.921548,5.318752,0.035055,0.010755
12.124619,387.174494,-186.822179,6.900667,5.865405,205.680216,-147.442809,3.789214,2.437195,4.926050,5.334337,0.034610,0.011720
12.128816,384.899724,-191.622966,6.873999,6.009895,203.963681,-150.884842,3.869216,2.605072,4.933848,5.349306,0.035699,0.012264
12.133013,382.536957,-195.994932,6.808196,6.144491,201.711610,-152.853272,3.371200,2.211491,4.946593,5.360852,0.035461,0.010641
12.137210,379.641781,-201.050487,6.964408,6.051972,199.191124,-155.981348,3.631702,2.303391,4.957141,5.376724,0.035294,0.011389
12.141407,377.094900,-205.246935,6.945359,6.074895,197.282390,-159.411170,3.677083,2.424309,4.961982,5.392010,0.035722,0.011760
12.145603,373.959891,-210.760496,7.258304,5.939006,195.190079,-162.668457,3.635706,2.274251,4.975184,5.407158,0.035075,0.011454
12.149800,370.743879,-215.331523,6.880728,6.003212,191.823503,-166.574656,3.659775,3.009093,4.978435,5.427454,0.036643,0.013007
12.153997,367.462319,-221.197333,6.953289,5.997344,189.044975,-169.957543,3.567338,3.073061,4.992053,5.444669,0.036777,0.012994
12.158194,363.547257,-226.377328,6.980580,6.179486,186.388588,-172.044034,3.242421,2.321821,5.009975,5.457788,0.036170,0.010973
12.162391,359.787532,-232.038777,7.020650,6.129415,183.585711,-175.815143,3.560654,2.374073,5.021263,5.476170,0.036245,0.011805
12.166588,355.620872,-237.877300,7.047400,5.992852,180.665722,-179.034842,3.262755,2.354211,5.036833,5.493253,0.035679,0.011169
12.170784,351.797700,-244.503046,7.136894,6.021033,177.389847,-182.653063,3.650731,2.396600,5.053181,5.512404,0.036042,0.012198
12.174981,347.110473,-250.444571,6.873934,6.120338,173.787381,-185.843262,3.630659,2.629108,5.069161,5.531298,0.036798,0.012587
12.179178,341.982126,-256.962358,6.959968,6.135452,169.632645,-189.343719,3.848092,2.373513,5.086270,5.552641,0.036610,0.012881
12.183375,337.080655,-263.697090,7.110931,5.853172,165.964354,-192.661573,3.838884,2.575135,5.105870,5.572093,0.035997,0.013210
12.187572,331.741831,-270.248742,6.945726,6.038445,161.796450,-196.317884,3.715096,2.774379,5.122722,5.593888,0.036994,0.013233
12.191769,325.885801,-277.184616,6.881789,5.933038,157.929987,-199.120974,3.808484,2.459598,5.147471,5.612644,0.036184,0.013191
12.195965,320.217794,-283.994128,7.032656,5.985122,154.015988,-203.231545,3.379020,2.862216,5.164718,5.634689,0.037193,0.012550
12.200162,313.640861,-291.122632,7.237925,5.958797,149.190933,-205.371393,3.296862,2.310589,5.193043,5.654931,0.036425,0.011791
12.204359,306.842988,-297.926576,7.143313,6.106566,145.246367,-208.838953,3.339522,2.537005,5.216227,5.675489,0.037557,0.012190
12.208556,300.328316,-305.704798,7.017443,6.271169,139.930488,-212.292552,3.536487,2.609281,5.239751,5.700412,0.038130,0.012914
12.212753,292.897992,-312.239317,6.992921,6.213333,135.772245,-215.727932,3.602383,2.959908,5.263206,5.721451,0.038858,0.013466
12.216949,284.830291,-320.042238,6.877589,6.240107,130.645452,-218.201133,3.626146,2.571620,5.296119,5.743694,0.038297,0.013290
12.221146,277.382943,-327.360119,6.948117,6.074497,126.413313,-221.200241,3.825710,2.670160,5.325251,5.763994,0.038419,0.014036
12.225343,269.310913,-334.367053,6.956730,6.237648,121.541875,-223.767652,3.381034,2.446263,5.354905,5.785608,0.038408,0.012536
12.229540,260.944977,-341.693249,6.813515,6.095519,116.773021,-225.978436,3.510660,2.491234,5.388723,5.806232,0.038016,0.013060
12.233737,251.453960,-349.023283,6.834993,6.325745,111.609370,-229.128680,3.211407,2.604424,5.421130,5.829908,0.038820,0.012180
12.237934,241.901350,-356.580463,6.895917,6.382772,105.873479,-231.415966,3.158439,2.523448,5.456220,5.854110,0.038968,0.012016
12.242130,232.012748,-363.485669,6.750568,6.374647,101.739247,-233.460600,3.194074,2.313078,5.496833,5.872213,0.038750,0.012057
12.246327,222.072129,-370.158207,6.663864,6.498726,96.027919,-235.938452,3.663921,2.307593,5.529189,5.896656,0.039545,0.013753
12.250524,211.818530,-377.166567,6.715567,6.412622,90.462138,-237.913589,3.499158,2.204836,5.566352,5.919836,0.039204,0.013214
12.254721,200.815068,-383.341107,6.722223,6.413399,85.282222,-240.341100,3.240468,2.751638,5.603633,5.942207,0.039574,0.012507
12.258918,189.939178,-389.930836,6.510194,6.451952,80.041364,-242.000408,3.293956,2.305101,5.644242,5.963763,0.038750,0.012594
12.263115,177.651168,-396.201107,6.836435,6.440502,74.508372,-244.602668,3.585324,3.228744,5.685757,5.987505,0.041233,0.013909
12.267311,165.809734,-401.987368,6.870610,6.362905,69.488314,-245.595054,3.301834,2.796609,5.731159,6.007454,0.040528,0.012800
12.271508,153.516322,-407.605973,6.187654,6.653592,64.535373,-246.964558,3.565852,2.730959,5.777345,6.027587,0.038954,0.013784
12.275705,140.564557,-412.891576,6.392403,6.553705,58.390391,-248.720609,3.726813,2.964831,5.819106,6.052598,0.040082,0.014447
12.279902,127.338228,-417.690969,6.413939,6.522967,53.452636,-248.954245,3.179356,2.471753,5.870460,6.071688,0.038705,0.012377
12.284099,113.562317,-421.891018,6.330498,6.790346,47.602943,-250.022256,3.168685,2.370914,5.916742,6.095042,0.038535,0.012354
12.288295,99.984944,-425.692554,6.376024,6.804735,42.380705,-251.260060,3.689691,2.676704,5.964223,6.116085,0.040073,0.014385
12.292492,86.172096,-429.030198,6.170138,6.804224,37.191724,-253.240768,3.402243,3.293340,6.011447,6.137365,0.038821,0.013283
12.296689,72.483987,-432.407513,6.086662,6.619476,31.752765,-253.578211,3.250934,3.089706,6.059240,6.158615,0.037735,0.012711
12.300886,57.907808,-434.499556,6.198125,6.747969,26.477932,-253.482245,3.655312,2.675875,6.111270,6.179106,0.039176,0.014306
12.305083,43.293356,-436.323047,6.071357,6.706869,20.823373,-254.004679,3.457327,2.906879,6.160558,6.201388,0.038061,0.013552
12.309280,29.470872,-437.696471,6.270530,6.792718,15.422493,-254.874068,3.808952,3.044126,6.206494,6.222749,0.040016,0.014907
12.313476,14.379995,-438.096653,6.084203,6.788798,10.243156,-254.514260,3.727008,2.580373,6.260655,6.242961,0.038856,0.014626
12.317673,-0.832171,-438.625738,5.900801,6.784489,4.810090,-255.330900,3.498971,3.034044,6.313958,6.264349,0.037412,0.013701
12.321870,-14.388908,-438.423349,5.806882,6.383461,-1.127213,-254.537792,3.561267,2.410328,6.355180,6.287614,0.036949,0.013991
12.326067,-28.903725,-437.523612,5.874211,6.733272,-5.432483,-255.012648,3.811726,3.023463,6.411085,6.304485,0.038089,0.014943
12.330264,-43.433486,-435.759388,6.047482,6.633897,-11.190619,-254.455225,3.630580,2.536459,6.459184,6.327136,0.038312,0.014247
12.334460,-57.596531,-433.629271,6.048048,6.570192,-16.776610,-253.840772,3.466632,2.634671,6.506445,6.349180,0.037840,0.013614
12.338657,-71.676718,-431.060679,6.066335,6.316525,-22.225447,-253.572610,3.590460,2.701549,6.554912,6.370611,0.038190,0.014082
12.342854,-85.386378,-428.100330,6.012067,6.489066,-27.664794,-253.569290,3.679254,3.277423,6.602586,6.391857,0.038463,0.014407
12.347051,-98.529115,-424.727592,6.231998,6.220664,-32.839021,-251.999097,3.878798,2.844051,6.646602,6.412769,0.039390,0.015204
12.351248,-111.719826,-420.866909,6.099367,6.222303,-38.585049,-251.550820,3.572497,3.032332,6.690921,6.435388,0.038201,0.013993
12.355445,-124.889966,-416.362890,6.266531,6.391434,-44.957679,-250.198612,3.332488,2.829933,6.731553,6.460976,0.038383,0.013052
12.359641,-137.354281,-412.213447,6.309010,6.266692,-49.546902,-249.278581,3.623495,2.619245,6.777475,6.479389,0.038736,0.014127
12.363838,-150.113875,-407.665498,6.463868,6.320006,-55.162758,-247.732447,3.887574,3.412461,6.818954,6.502282,0.040058,0.015234
12.368035,-161.478760,-402.159919,6.428153,6.354397,-60.894140,-246.876296,3.792253,3.442723,6.857976,6.525017,0.039966,0.014839
12.372232,-173.441717,-396.852178,6.421209,6.390652,-65.870600,-245.153222,3.725014,2.874459,6.899999,6.545677,0.039183,0.014473
12.376429,-185.051173,-391.268708,6.439705,6.380188,-71.614487,-244.391289,3.539175,3.186856,6.940820,6.568237,0.039164,0.013793
12.380626,-195.681420,-385.181893,6.348449,6.245974,-77.912655,-241.444340,3.605551,2.885564,6.969603,6.595330,0.038396,0.013969
12.384822,-206.257921,-379.555566,6.473940,6.405884,-83.097536,-239.468266,3.582984,2.674623,7.004372,6.617193,0.038618,0.013795
12.389019,-216.456492,-373.397946,6.578483,6.285693,-88.805988,-237.540962,3.175436,2.560505,7.037450,6.640952,0.037908,0.012250
12.393216,-226.468978,-367.346432,6.528593,6.327723,-93.524722,-235.475908,3.495252,2.876515,7.072638,6.661252,0.038343,0.013488
12.397413,-236.081057,-360.749423,6.662713,6.377002,-99.423301,-232.999054,3.483195,2.732659,7.102259,6.686504,0.038565,0.013336
12.401610,-245.144616,-354.369066,6.528027,6.423684,-103.591557,-231.386236,3.482872,2.568183,7.138668,6.704125,0.038018,0.013205
12.405806,-254.015183,-348.059457,6.741748,6.358548,-109.573497,-228.156456,3.437606,2.872486,7.161147,6.730913,0.038482,0.013192
12.410003,-262.598051,-341.569568,6.493425,6.541607,-114.262222,-225.899576,3.442459,2.904349,7.191689,6.751470,0.038439,0.013193
12.414200,-270.694695,-335.234240,6.526330,6.449897,-119.418320,-223.117835,3.468231,3.080116,7.216178,6.774614,0.038422,0.013379
12.418397,-278.204558,-328.938868,6.844375,6.395979,-124.431085,-220.216187,3.228071,2.930704,7.238552,6.797503,0.038322,0.012488
12.422594,-285.660634,-322.363169,6.776675,6.170811,-129.741446,-218.359857,3.599222,2.755853,7.265725,6.819302,0.037629,0.013384
12.426791,-292.697063,-315.796421,6.900650,6.245813,-133.813687,-214.456833,3.473730,2.820129,7.286214,6.841040,0.037762,0.013069
12.430987,-299.612382,-309.728197,6.903195,6.340743,-138.995458,-211.396677,3.585527,2.841086,7.304631,6.864822,0.038147,0.013352
12.435184,-306.391160,-303.494284,6.842894,6.309343,-143.733665,-208.669138,3.625368,2.658908,7.326175,6.886363,0.037631,0.013201
12.439381,-312.707577,-297.699790,6.857927,6.211941,-148.172358,-206.115457,3.618257,2.719053,7.346067,6.906471,0.037297,0.013154
12.443578,-318.721334,-291.439725,6.939826,6.355227,-152.623877,-202.752823,3.511725,2.514415,7.363548,6.928449,0.037467,0.012559
12.447775,-324.310163,-285.441984,6.819025,6.536772,-155.709260,-198.837849,3.722736,2.783357,7.379463,6.947534,0.038241,0.013448
12.451972,-329.909505,-279.800208,6.826408,6.490654,-159.835212,-196.012363,3.668813,2.798036,7.396228,6.967267,0.038009,0.013239
12.456168,-334.958157,-273.866853,6.884730,6.450909,-164.062784,-193.974539,3.638872,3.394221,7.416676,6.985233,0.039127,0.013930
12.460365,-340.296242,-268.150631,6.966789,6.371815,-167.703261,-190.524709,3.842980,3.076253,7.431325,7.004963,0.038211,0.013903
12.464562,-344.462279,-262.740251,6.906058,6.354215,-170.933422,-187.383381,3.316618,3.460186,7.444293,7.022707,0.038610,0.013336
12.468759,-348.608393,-257.584652,7.019895,6.524448,-173.674828,-183.449439,3.670192,2.942787,7.453136,7.041220,0.038311,0.013246
12.472956,-352.936948,-252.510967,6.949671,6.464737,-177.429325,-180.134831,3.650762,2.781785,7.462847,7.061017,0.037724,0.012862
12.477152,-356.993641,-247.486366,6.782197,6.529185,-180.603087,-177.857366,3.742967,3.151159,7.478015,7.076243,0.038594,0.013631
12.481349,-360.853567,-242.608204,6.830791,6.385756,-183.585241,-174.492747,4.133290,2.709155,7.487126,7.093971,0.037282,0.013657
12.485546,-364.638962,-238.151542,7.010757,6.462268,-186.133641,-171.094578,3.809738,2.714742,7.494634,7.110658,0.037425,0.012903
12.489743,-367.459918,-233.159919,7.038443,6.565714,-188.751125,-168.610193,4.209338,2.843377,7.507364,7.124884,0.038332,0.013891
12.493940,-370.871786,-229.003594,6.980093,6.425612,-191.854480,-166.270248,4.082991,3.306387,7.516922,7.139902,0.038617,0.014415
12.498137,-373.447111,-224.781819,7.176037,6.432306,-193.328775,-163.784733,4.040988,3.536859,7.527454,7.151126,0.039111,0.014823
12.502333,-376.475017,-220.825963,7.233786,6.201841,-195.968799,-160.956258,3.669729,3.401196,7.533723,7.166366,0.037769,0.013848
12.506530,-378.938711,-216.893836,6.984819,6.286483,-198.840355,-158.476226,4.230158,3.278184,7.540324,7.181071,0.038024,0.014463
12.510727,-381.403071,-213.312325,7.162465,6.430818,-199.958831,-155.910457,3.906151,3.365701,7.547583,7.191734,0.038594,0.014118
12.514924,-383.550603,-209.746156,7.238068,6.389201,-201.551453,-153.177538,4.317608,2.906889,7.552630,7.204116,0.037540,0.013787
12.519121,-385.639599,-206.367768,7.134226,6.602641,-203.910484,-150.455420,3.741905,2.796915,7.555504,7.218302,0.038138,0.012480
12.523317,-387.216794,-203.274045,7.060254,6.490886,-204.955834,-148.524182,4.199452,2.919243,7.562165,7.226893,0.037909,0.013491
12.527514,-389.002332,-200.014769,6.920672,6.587789,-206.788871,-146.892578,4.214438,3.070068,7.570306,7.236343,0.038656,0.013782
12.531711,-390.505770,-197.576030,7.233726,6.447418,-208.305937,-144.890552,4.032385,2.777023,7.572496,7.246238,0.037568,0.012770
12.535908,-392.118015,-195.063623,7.150886,6.623567,-209.283387,-143.394297,4.348342,2.874079,7.578562,7.253279,0.038482,0.013461
12.540105,-393.287802,-192.765027,7.013779,6.476143,-209.760246,-142.100488,4.153346,3.037486,7.584631,7.258556,0.037965,0.013530
12.544302,-394.423068,-190.562113,7.272173,6.377900,-211.595903,-141.766984,4.191315,3.597056,7.593169,7.263682,0.039098,0.014885
12.548498,-395.372450,-188.360188,7.030968,6.510609,-212.008134,-140.551977,4.011743,3.450281,7.598932,7.268553,0.039140,0.014274
12.552695,-396.627224,-186.724771,7.300182,6.392651,-212.931696,-138.435271,4.082108,3.069295,7.596920,7.277508,0.037804,0.013394
12.556892,-397.743891,-185.427035,7.348601,6.480102,-213.408982,-137.130564,4.348258,2.867330,7.597737,7.282846,0.037722,0.013278
12.561089,-398.098312,-183.934862,7.335651,6.484552,-213.650294,-136.638950,4.315607,2.951516,7.602971,7.284991,0.037906,0.013423
12.565286,-398.328823,-182.795540,7.260598,6.476288,-213.667860,-136.294772,4.112180,3.080281,7.607294,7.286173,0.038056,0.013459
12.569483,-398.611478,-182.001018,7.314398,6.566917,-215.033723,-136.302407,3.769631,3.489235,7.610007,7.289033,0.039565,0.014030
12.573679,-399.146147,-181.363306,7.230510,6.712622,-215.194365,-135.236277,4.126158,2.841756,7.608291,7.292914,0.038781,0.012816
12.577876,-399.018966,-180.543776,7.567896,6.444803,-215.040745,-136.369084,4.083191,3.833430,7.618334,7.288826,0.039971,0.015342
12.582073,-399.382356,-180.358542,7.517977,6.487172,-215.213919,-136.198433,4.100166,3.908188,7.618644,7.289756,0.040291,0.015564
12.586270,-399.482611,-180.030299,7.431493,6.488132,-215.001353,-136.196722,4.252808,3.937091,7.620703,7.289315,0.040315,0.015834
12.590467,-399.276650,-179.881151,7.441272,6.701495,-214.186263,-135.036491,4.025856,2.706629,7.616277,7.291464,0.038338,0.012396
12.594663,-399.009671,-179.969023,7.358672,6.674868,-213.991922,-136.093802,4.335567,2.822328,7.621142,7.287528,0.038505,0.013128
12.598860,-398.676862,-180.229092,7.314451,6.685380,-213.194650,-137.055362,4.301891,2.639919,7.625289,7.282639,0.038123,0.012689
12.603057,-398.332307,-180.549385,7.366051,6.596321,-213.220602,-138.052882,4.202737,2.959438,7.628320,7.279391,0.038423,0.013286
12.607254,-397.144148,-181.510012,7.230079,6.678304,-212.022477,-139.777706,4.289993,2.958839,7.632256,7.271125,0.038792,0.013457
12.611451,-396.495485,-182.282639,7.230588,6.683334,-211.266426,-140.741626,4.171330,3.009017,7.633364,7.266316,0.038884,0.013428
12.615648,-395.546322,-183.807059,6.967212,6.659424,-209.845697,-141.146176,4.240566,2.765781,7.628170,7.261870,0.038109,0.013036
12.619844,-394.318919,-184.778653,7.194878,6.637909,-209.700603,-143.440676,4.323450,3.116716,7.633704,7.254057,0.039047,0.013958
12.624041,-393.307910,-186.940183,7.223664,6.529185,-208.042666,-145.390773,4.024958,3.424516,7.633362,7.244027,0.039070,0.014312
12.628238,-391.815993,-188.802498,7.049278,6.544635,-207.325561,-147.410366,4.176078,3.595849,7.633277,7.235905,0.039687,0.014940
12.632435,-390.377122,-190.662404,7.295868,6.460371,-204.895049,-148.181097,4.097973,2.672830,7.628833,7.227851,0.037136,0.012789
12.636632,-388.911691,-192.897766,6.952282,6.604094,-203.553734,-151.111015,3.879334,3.332455,7.632250,7.215385,0.039080,0.013950
12.640829,-387.319838,-195.562383,7.029379,6.598238,-201.432984,-152.229108,4.051843,2.777856,7.624955,7.206823,0.037782,0.013064
12.645025,-385.195155,-198.338216,6.825791,6.623673,-200.914451,-155.430368,4.194092,3.176036,7.625218,7.195538,0.039012,0.014137
12.649222,-383.596482,-201.118160,7.142955,6.545608,-197.786912,-157.060569,3.730546,2.619174,7.621170,7.182855,0.037219,0.012261
12.653419,-381.128431,-204.248143,6.982571,6.643287,-196.760975,-160.513253,4.104857,3.329807,7.621071,7.169694,0.039413,0.014411
12.657616,-378.592819,-207.766727,7.006385,6.412143,-194.652924,-162.997239,4.071161,2.983498,7.615232,7.156864,0.037684,0.013681
12.661813,-375.951880,-211.127101,7.105815,6.296295,-191.624900,-164.641830,3.706214,2.567584,7.606944,7.144178,0.036183,0.012281
12.666009,-373.358216,-214.767848,6.876978,6.521545,-189.961678,-168.840766,4.018248,3.271399,7.608603,7.127381,0.038809,0.014244
12.670206,-370.596624,-218.667091,7.074994,6.577042,-185.973329,-170.605726,3.749226,2.635956,7.599313,7.111654,0.037466,0.012653
12.674403,-367.054835,-222.708359,7.042450,6.506358,-184.039462,-174.698199,3.653235,3.352861,7.597434,7.094617,0.038902,0.013787
12.678600,-363.879779,-226.886065,6.985997,6.328153,-181.298908,-177.615845,4.193049,3.123026,7.590406,7.078845,0.037735,0.014523
12.682797,-360.657298,-231.497508,6.845473,6.526664,-178.844115,-180.581880,3.968846,3.115364,7.580932,7.063749,0.038577,0.014054
12.686994,-357.084623,-236.076161,6.955190,6.426494,-175.021210,-183.771847,4.207664,3.314436,7.574229,7.044199,0.038554,0.015009
12.691190,-353.133921,-240.822959,6.893739,6.310658,-172.581977,-186.732916,4.039857,3.319095,7.562909,7.029221,0.038227,0.014650
12.695387,-349.244705,-245.866591,6.880921,6.457502,-168.146344,-188.947294,3.880762,2.883353,7.549457,7.010399,0.037667,0.013741
12.699584,-344.599909,-250.860251,6.874456,6.409450,-164.353537,-192.498236,4.108048,2.967958,7.540844,6.989877,0.037783,0.014502
12.703781,-340.168388,-256.063190,6.935825,6.319027,-160.927230,-195.809726,3.427266,3.629667,7.529690,6.971111,0.038785,0.013850
12.707978,-335.443869,-262.045872,7.128064,6.205934,-157.360810,-197.916523,3.881859,2.804980,7.508329,6.954923,0.036839,0.013859
12.712174,-330.362278,-267.579366,6.995136,6.425309,-153.443017,-201.409631,3.703302,3.133698,7.496078,6.934225,0.038367,0.013842
12.716371,-325.251968,-273.041443,6.860764,6.345693,-149.673323,-204.151007,3.782991,2.881038,7.480077,6.915815,0.037594,0.013804
12.720568,-319.651297,-279.556893,7.086590,6.249068,-145.545946,-208.382953,3.705745,3.443992,7.465914,6.892873,0.038624,0.014250
12.724765,-313.463252,-285.780676,6.520402,6.405846,-140.861700,-210.744302,3.830495,3.233603,7.443892,6.872388,0.038461,0.014425
12.728962,-307.524065,-291.745669,6.451969,6.190759,-137.170344,-213.994436,3.477843,3.290781,7.425810,6.853207,0.037739,0.013472
12.733159,-301.245428,-298.088336,6.945932,6.212880,-132.454354,-216.035029,3.245868,2.560895,7.401497,6.833193,0.036824,0.012130
12.737355,-294.543623,-304.751262,6.942521,6.364428,-127.239773,-219.311674,2.950561,2.805883,7.381823,6.808902,0.037694,0.011496
12.741552,-287.723031,-311.673388,6.647965,6.328840,-122.319356,-221.425236,3.229046,2.677221,7.354505,6.787883,0.037120,0.012289
12.745749,-280.126930,-318.227864,6.747029,6.085939,-118.002145,-224.445881,3.518367,2.409755,7.329554,6.767219,0.036455,0.013053
12.749946,-272.801149,-325.173636,6.469685,6.404510,-112.999475,-226.385922,3.551430,2.949569,7.300295,6.746149,0.038024,0.013595
12.754143,-264.991267,-331.980308,6.418936,6.366649,-108.277169,-228.788884,3.021874,3.135565,7.271676,6.725215,0.037819,0.012022
12.758340,-256.838510,-338.853830,6.420133,6.314797,-103.135630,-231.023484,3.230599,3.032872,7.242216,6.703066,0.037633,0.012643
12.762536,-248.291949,-345.581097,6.389407,6.248353,-97.822669,-234.097932,3.345308,3.297722,7.216328,6.679002,0.038008,0.013158
12.766733,-239.033762,-352.562628,6.539095,6.435013,-92.592391,-236.545583,3.490240,3.365147,7.183989,6.656287,0.039181,0.013676
12.770930,-230.081102,-359.718412,6.497867,6.277519,-87.707570,-237.428623,3.445670,2.877756,7.144322,6.637043,0.037829,0.013364
12.775127,-219.563895,-366.330683,6.399357,6.584619,-82.431889,-239.567035,3.704332,2.960862,7.107853,6.614583,0.039094,0.014339
12.779324,-209.877261,-373.219989,6.445847,6.263912,-77.710054,-241.386798,3.625203,2.894851,7.069849,6.594640,0.038310,0.014050
12.783520,-199.176880,-379.888403,6.212378,6.608735,-72.210205,-243.470299,3.533459,2.572756,7.032714,6.571508,0.038213,0.013647
12.787717,-188.700144,-385.902774,6.290626,6.624261,-67.134099,-244.174287,3.381175,2.940975,6.992155,6.551499,0.038490,0.013237
12.791914,-177.288354,-392.732981,6.198421,6.318058,-62.422046,-246.387054,3.631912,2.829498,6.948648,6.531314,0.038086,0.014119
12.796111,-165.246587,-398.376935,6.223389,6.281155,-56.735532,-246.939896,3.356960,2.692325,6.904927,6.509020,0.037528,0.013130
12.800308,-153.326148,-404.271701,6.364854,6.329111,-52.370483,-248.389257,3.608883,2.805662,6.857900,6.490982,0.038783,0.014096
12.804505,-141.021865,-409.878419,6.217588,6.340639,-46.926421,-249.363651,3.340133,2.491011,6.813404,6.469195,0.037600,0.013063
12.808701,-127.878413,-414.238859,6.104585,6.306036,-41.929010,-250.791741,3.698817,2.497050,6.767302,6.448840,0.038243,0.014439
12.812898,-114.947638,-419.533326,6.273689,6.583647,-36.944692,-251.391022,3.295601,2.658358,6.717547,6.429102,0.038246,0.012922
12.817095,-101.771389,-424.002966,5.805575,6.399642,-32.544617,-252.318935,3.453366,2.600590,6.666466,6.411459,0.036607,0.013526
12.821292,-87.562882,-427.612716,5.924332,6.549320,-26.898133,-252.670966,3.206705,2.627949,6.616981,6.389241,0.036571,0.012597
12.825489,-73.167617,-431.143683,5.925238,6.515163,-22.211181,-253.231185,3.367196,2.554877,6.562131,6.370672,0.036901,0.013225
12.829686,-58.943795,-433.259827,6.025667,6.444183,-16.631365,-253.490498,3.280134,2.431250,6.514349,6.348701,0.037156,0.012900
12.833882,-44.862041,-436.068508,5.820898,6.736083,-12.376131,-254.931303,3.837512,3.106901,6.460643,6.331694,0.037964,0.015029
12.838079,-30.125797,-437.326613,5.957924,6.554777,-8.255051,-254.388064,3.247383,2.737127,6.402173,6.315625,0.036854,0.012757
12.842276,-15.310884,-438.408241,6.135189,6.709765,-2.861300,-254.474625,3.235584,2.545154,6.350767,6.294429,0.037630,0.012714
12.846473,-0.562515,-439.101159,5.815984,6.785698,1.526002,-254.220043,3.143544,2.317436,6.294481,6.277183,0.035757,0.012365
12.850670,14.421803,-438.582600,6.046969,6.953590,6.594045,-254.726597,3.778624,2.594324,6.240636,6.257304,0.038751,0.014826
12.854866,29.009650,-437.451560,6.388444,6.691694,11.456841,-255.243747,3.291128,3.145051,6.187148,6.238330,0.039269,0.012880
12.859063,43.518606,-436.155429,6.098337,6.846635,16.084960,-254.751840,3.631931,2.903862,6.133093,6.220129,0.038730,0.014218
12.863260,57.731991,-433.667052,6.103252,6.952963,21.689015,-254.249889,3.163206,3.021361,6.084935,6.198085,0.037721,0.012392
12.867457,72.382992,-431.133433,6.073768,6.691254,26.468926,-253.686741,3.657748,2.754720,6.029990,6.179224,0.038733,0.014307
12.871654,86.315441,-427.327429,6.119276,6.622363,30.900087,-253.261842,3.681466,2.782597,5.974972,6.161777,0.039115,0.014384
12.875851,100.592792,-424.229555,6.344669,6.592909,36.016911,-252.856727,3.190618,3.161766,5.922824,6.141697,0.038923,0.012490
12.880047,113.558088,-419.461305,6.582284,6.445969,40.667669,-252.310630,3.749918,3.026028,5.871971,6.123379,0.041155,0.014608
12.884244,127.101015,-415.233435,6.361996,6.682125,45.716437,-250.631122,3.932211,2.384151,5.824002,6.102764,0.040328,0.015277
12.888441,140.695415,-410.022715,6.444487,6.499604,51.810348,-249.654158,3.189431,2.747862,5.777081,6.078561,0.039046,0.012442
12.892638,152.723770,-404.086094,6.509769,6.434516,56.509113,-248.203702,3.516214,2.327810,5.730196,6.059329,0.039575,0.013621
12.896835,165.607894,-398.467057,6.627759,6.385174,61.418499,-247.582225,3.315019,2.850814,5.678848,6.040021,0.039693,0.012897
12.901031,176.979413,-392.005286,6.446407,6.602615,66.412099,-245.983660,3.666894,2.674831,5.635093,6.019487,0.039917,0.014161
12.905228,188.293808,-386.016702,6.631836,6.375382,71.615420,-244.247413,3.312272,2.345672,5.594567,5.997971,0.039046,0.012754
12.909425,199.622525,-379.641963,6.540492,6.404195,76.989161,-243.255727,3.671422,2.618188,5.550833,5.976665,0.039508,0.014064
12.913622,210.448174,-372.846902,6.872780,6.213487,81.866866,-241.305006,3.635937,2.842966,5.509168,5.956104,0.039849,0.013980
12.917819,221.171933,-365.721215,6.498395,6.097981,87.149334,-239.998344,3.651894,2.838996,5.465845,5.934866,0.038509,0.013969
12.922016,230.458335,-358.661466,6.921964,6.223477,92.821984,-237.680150,3.577093,2.985430,5.433476,5.910867,0.039855,0.013735
12.926212,239.633946,-351.710135,6.778735,6.452118,98.250169,-235.606310,3.520407,3.112502,5.399921,5.888102,0.040222,0.013566
12.930409,249.388856,-344.636766,6.952898,6.136738,102.796535,-232.994947,3.585797,2.910675,5.363260,5.867677,0.039008,0.013684
12.934606,257.702967,-337.069293,6.817172,6.072765,107.719650,-230.809789,3.185486,2.750604,5.328781,5.846528,0.037893,0.012219
12.938803,266.102214,-330.305347,6.924223,6.154270,113.781841,-228.677893,3.270495,2.969292,5.300758,5.821489,0.038760,0.012579
12.943000,274.752848,-322.926558,6.893161,6.153230,118.261783,-226.127196,3.704919,2.837470,5.266345,5.801317,0.038487,0.013859
12.947197,282.562430,-316.173058,7.022014,6.121644,123.041296,-222.688839,4.118612,2.261823,5.242473,5.778405,0.037722,0.014807
12.951393,289.894982,-308.818958,6.895957,5.729945,127.686795,-219.679777,3.424197,2.303605,5.214876,5.756674,0.035446,0.012510
12.955590,296.749751,-302.083303,7.018407,5.929554,132.567668,-217.074808,3.594193,2.636543,5.190151,5.734935,0.036825,0.013215
12.959787,303.490361,-295.456672,7.102964,6.057308,136.501067,-214.032890,3.554866,2.560710,5.166067,5.715465,0.036925,0.012993
12.963984,309.964354,-288.762212,6.975706,5.893163,142.054063,-210.848270,3.677905,2.545559,5.146842,5.690311,0.036210,0.013238
12.968181,316.285288,-282.044637,7.109381,5.872018,146.088701,-207.788298,3.646219,2.588429,5.123790,5.670405,0.036047,0.013125
12.972377,321.931438,-275.343267,7.055155,6.161313,150.142660,-205.945604,3.673566,3.279014,5.096314,5.653234,0.038452,0.013896
12.976574,327.581857,-269.089659,6.901482,6.145542,155.745557,-200.996745,3.681667,2.493089,5.089672,5.623959,0.036820,0.012925
12.980771,333.477242,-263.140686,7.057371,5.871505,158.029116,-197.801195,3.596458,2.768378,5.068891,5.609098,0.035690,0.013029
12.984968,338.068273,-257.034221,6.880844,5.910809,163.593679,-194.959050,3.726906,2.915996,5.054207,5.585043,0.036400,0.013419
12.989165,343.200579,-251.186998,6.910451,5.842619,166.656985,-191.426908,3.480381,2.587220,5.038783,5.566851,0.035095,0.012319
12.993362,347.501979,-245.210399,6.981951,5.858656,170.750530,-188.158248,3.919678,2.670108,5.024613,5.546251,0.035548,0.013431
12.997558,351.816651,-239.982116,7.021378,6.041262,174.031346,-184.591492,3.862687,2.714500,5.014416,5.527225,0.036290,0.013289
13.001755,355.704609,-234.288002,6.910402,5.876711,177.667765,-180.571614,3.823288,2.436537,5.005418,5.505893,0.034974,0.012698
13.005952,359.790563,-229.441424,7.197543,5.946177,181.199128,-177.495230,3.851083,2.654286,4.995445,5.487461,0.035782,0.012991
13.010149,363.669607,-224.297628,7.089842,5.840242,184.552141,-173.540929,3.355132,2.146708,4.988521,5.467047,0.034146,0.010974
13.014346,367.268969,-219.072608,6.970891,6.000206,187.845734,-170.645882,3.665246,2.484329,4.976010,5.449846,0.035498,0.012116
13.018543,370.891134,-214.908110,6.898147,5.960916,191.027572,-167.748880,3.591634,2.638831,4.968811,5.432994,0.035533,0.012154
13.022739,373.564262,-210.176452,6.999483,5.964782,193.577222,-164.244380,3.539962,2.456886,4.962253,5.415994,0.035233,0.011655
13.026936,376.770063,-205.821361,6.865669,6.115007,195.215452,-161.587696,3.634215,2.803519,4.951371,5.403817,0.036334,0.012500
13.031133,379.446135,-201.992487,7.053916,6.163850,198.362145,-158.149296,3.989499,2.638546,4.949933,5.385466,0.036443,0.012737
13.035330,381.912999,-198.138878,7.066871,5.826011,201.286649,-154.681196,3.538651,2.124551,4.948496,5.367602,0.033945,0.010779
13.039527,384.803531,-194.531227,7.056164,6.053059,202.154167,-152.123321,3.989074,2.660414,4.940529,5.357495,0.035713,0.012668
13.043723,386.506472,-190.843110,6.904390,6.100294,205.293952,-149.235820,3.612817,2.486956,4.938082,5.340966,0.035784,0.011527
13.047920,388.576051,-187.321583,6.953257,6.119885,206.539487,-147.120371,4.024061,2.940937,4.929742,5.331330,0.036759,0.013191
13.052117,390.450470,-184.503472,7.115222,6.152464,208.694200,-144.743819,4.003624,2.839333,4.927749,5.318786,0.036793,0.012849
13.056314,391.701853,-181.683028,7.229646,6.187981,210.891926,-140.821930,3.516298,2.154432,4.934645,5.301137,0.035779,0.010451
13.060511,393.608205,-178.923516,7.198732,5.944179,212.273842,-138.373468,3.439497,2.163859,4.932390,5.290073,0.034519,0.010302
13.064708,395.030159,-176.494624,7.122852,5.888673,214.145763,-136.050393,3.206912,2.127123,4.932362,5.278373,0.034224,0.009799
13.068904,396.794844,-174.316136,7.004067,6.052628,214.636846,-134.796092,3.852904,2.636895,4.926033,5.273157,0.035789,0.011958
13.073101,397.809706,-171.939733,7.211841,6.049018,216.840016,-132.194322,3.637599,2.351628,4.928581,5.259866,0.035467,0.010868
13.077298,398.689255,-170.350881,6.981502,5.967766,217.270419,-131.069865,4.109915,2.575353,4.925619,5.255200,0.035447,0.012063
13.081495,399.491000,-168.751421,7.266418,6.118104,219.642264,-128.571364,3.200762,2.153287,4.932190,5.241980,0.035611,0.009679
13.085692,400.303205,-167.046459,6.861992,6.097150,218.977714,-127.217099,3.563600,2.433204,4.928612,5.238690,0.035675,0.010908
13.089888,401.092746,-166.029255,7.180479,5.907958,220.434153,-126.085571,3.420864,2.369396,4.929989,5.231956,0.034851,0.010504
13.094085,402.006686,-164.553254,7.029736,6.110176,221.993377,-124.482879,3.111988,2.120710,4.931415,5.223448,0.035411,0.009412
13.098282,402.568112,-164.293518,6.988301,6.209700,220.858081,-124.033512,3.706537,2.587890,4.930429,5.224093,0.036468,0.011432
13.102479,402.723202,-163.113872,6.980301,6.211739,222.002761,-122.288742,3.095951,2.007761,4.934562,5.215879,0.035549,0.009104
13.106676,402.805797,-162.811668,7.199570,6.120371,222.171010,-123.653127,3.675664,3.293938,4.925869,5.220260,0.037901,0.013325
13.110873,403.185706,-162.529738,7.249514,6.119629,223.107671,-121.780853,3.652397,2.417518,4.934926,5.212032,0.036088,0.010821
13.115069,403.379404,-162.439718,7.231463,6.165167,222.853049,-122.954486,3.709353,3.237898,4.927721,5.216559,0.037994,0.013177
13.119266,403.310862,-162.379554,7.214441,6.146557,222.772958,-122.889592,3.894166,3.253101,4.927732,5.216487,0.037964,0.013417
13.123463,403.379404,-162.439718,7.231463,6.165167,221.945013,-122.447590,3.517179,3.283423,4.929342,5.216538,0.037879,0.013174
13.127660,403.240368,-162.897475,7.182396,6.075194,221.912475,-122.272963,3.564336,3.178650,4.932788,5.215997,0.037221,0.012916
13.131857,402.756630,-163.544354,7.038511,6.269680,222.281375,-121.594008,3.669076,2.255675,4.940777,5.212947,0.036345,0.010455
13.136054,402.621101,-164.333256,7.123939,6.171763,222.960067,-122.044968,3.551110,2.251271,4.943559,5.213222,0.036028,0.010265
13.140250,402.324606,-165.933935,6.926036,5.914950,222.851548,-122.671060,3.620613,2.025507,4.948931,5.215586,0.034385,0.009786
13.144447,401.105524,-167.345017,7.236572,5.943558,221.582104,-123.346153,3.190663,2.182023,4.952738,5.220332,0.034794,0.009694
13.148644,400.632383,-168.712931,7.006460,6.125431,220.788387,-124.652812,3.559755,1.907745,4.952648,5.226357,0.035136,0.009517
13.152841,399.915271,-170.555154,6.748731,6.177793,220.676785,-126.335704,3.698442,2.350201,4.954266,5.232336,0.036167,0.010796
13.157038,398.575787,-172.605634,6.984850,6.082098,219.494547,-127.676974,3.731885,2.266803,4.958200,5.239234,0.035660,0.010684
13.161234,397.877459,-174.511498,7.028639,6.177918,218.567244,-129.063885,3.729787,2.205043,4.960620,5.245794,0.035962,0.010573
13.165431,396.594444,-176.838895,7.011656,6.008746,217.384886,-130.516762,3.551519,2.036968,4.965333,5.253099,0.034846,0.009971
13.169628,395.134315,-179.335446,7.119210,6.133456,216.370835,-132.647437,3.810964,1.980421,4.967854,5.262353,0.035513,0.010288
13.173825,393.923707,-181.739985,7.071320,6.242160,214.530269,-134.619155,3.661539,2.137060,4.969254,5.272789,0.036092,0.010494
13.178022,392.068237,-185.095559,6.948070,6.024175,212.865078,-137.402956,3.687106,2.797588,4.972497,5.285589,0.036291,0.012180
13.182219,390.864525,-187.835828,6.985617,6.126120,211.234067,-139.887703,3.534514,2.835785,4.973234,5.297321,0.036724,0.012101
13.186415,388.969272,-191.531516,6.914340,6.153662,209.921228,-141.653624,3.474217,2.629054,4.984074,5.305997,0.036438,0.011530
13.190612,386.966162,-194.823472,6.970891,6.000206,209.201638,-144.210766,3.779241,2.421959,4.989767,5.315924,0.035661,0.011526
13.194809,384.895423,-198.122230,6.958262,6.146727,206.881554,-146.720458,3.720843,2.268791,4.993494,5.329263,0.035969,0.011192
13.199006,382.774643,-202.224023,6.914689,5.954030,205.108203,-149.423881,3.583334,1.998785,5.001263,5.341996,0.034617,0.010472
13.203203,379.765767,-206.148044,6.902495,6.039653,202.728015,-153.686960,3.376522,3.102568,5.000473,5.361050,0.037187,0.012599
13.207400,377.044316,-210.439314,6.955259,6.030712,200.968577,-155.702177,3.486900,2.456401,5.013791,5.371548,0.035975,0.011354
13.211596,374.738517,-214.724871,7.086595,5.976781,198.468716,-159.693248,3.807282,3.124978,5.015002,5.389945,0.037203,0.013384
13.215793,371.282652,-219.715243,6.946908,6.016299,195.621818,-161.950019,3.564087,2.523888,5.030095,5.403896,0.036019,0.011777
13.219990,368.296067,-223.963613,7.023010,6.080866,193.100088,-165.398608,3.553940,2.546829,5.034994,5.420670,0.036444,0.011856
13.224187,364.811116,-229.085420,7.115485,6.040588,190.006771,-169.014388,3.284930,2.777644,5.043393,5.439382,0.036702,0.011845
13.228384,361.449648,-234.066152,7.057358,6.161018,187.104507,-172.440203,3.628460,2.757259,5.052153,5.457024,0.037269,0.012526
13.232580,357.802680,-239.453817,7.017413,6.043466,183.768557,-175.153002,3.810531,2.171741,5.066305,5.473788,0.035730,0.012066
13.236777,353.503995,-244.652848,6.951690,6.142848,180.305512,-179.251746,3.455244,2.987924,5.073444,5.494856,0.037562,0.012699
13.240974,349.290686,-250.129182,6.858039,6.100430,176.692954,-182.633285,3.259000,3.018268,5.085164,5.514317,0.037317,0.012376
13.245171,344.873499,-256.093536,7.043460,5.978249,173.628532,-185.975402,3.398745,2.824124,5.101025,5.532108,0.036740,0.012358
13.249368,340.139658,-261.902943,7.051299,6.151055,170.002277,-189.013699,3.753101,2.497710,5.117148,5.550692,0.037092,0.012793
13.253565,335.146288,-267.745050,7.051592,5.836054,166.136697,-192.854459,3.739868,2.664561,5.129502,5.572075,0.036232,0.013061
13.257761,329.994658,-273.752811,6.972056,6.103539,162.370733,-196.768553,3.568360,2.910400,5.142923,5.593274,0.037733,0.013004
13.261958,324.313135,-280.578994,6.949150,6.013892,158.171723,-199.358198,3.468431,2.654622,5.167089,5.612479,0.036879,0.012491
13.266155,318.360523,-286.636178,7.013030,6.078143,154.035268,-202.683954,3.452023,2.909074,5.184711,5.633329,0.037801,0.012820
13.270352,312.472328,-292.985332,6.936378,6.037246,149.472459,-206.472997,3.585690,3.063403,5.200334,5.656577,0.037995,0.013398
13.274549,306.160770,-299.725641,6.941572,6.129599,144.394607,-209.869427,3.532138,3.157151,5.219422,5.680544,0.038454,0.013410
13.278745,299.693414,-306.120041,7.117065,6.094413,140.147491,-212.255112,3.683786,2.514750,5.244180,5.699618,0.037739,0.013257
13.282942,292.801426,-312.587928,7.003186,6.109707,135.360768,-216.080744,3.893163,3.066602,5.262294,5.723554,0.038863,0.014429
13.287139,284.958370,-320.171684,6.880133,6.067420,130.442934,-218.893240,3.582780,3.094336,5.292592,5.745771,0.038476,0.013584
13.291336,277.777782,-326.466068,7.224671,6.102748,126.116951,-221.753184,3.581319,2.838402,5.316671,5.766078,0.039002,0.013385
13.295533,269.421012,-333.516219,6.970664,6.037162,120.416538,-224.411827,3.672976,2.739906,5.344415,5.790698,0.038396,0.013688
13.299730,261.254158,-340.481731,6.871341,6.110817,115.724400,-226.148732,3.695583,2.520802,5.378308,5.810207,0.038304,0.013717
13.303926,252.451413,-346.971875,6.922975,6.383454,110.458134,-229.295761,3.713423,2.563290,5.404413,5.834262,0.039544,0.013852
13.308123,243.604573,-353.799583,6.841843,6.378540,105.365069,-232.907103,3.288317,3.105732,5.430944,5.858345,0.039826,0.012745
13.312320,234.512837,-360.442363,6.974538,6.349735,100.991298,-233.926977,3.123594,2.255138,5.470851,5.875635,0.039035,0.011789
13.316517,224.967254,-367.059878,6.911036,6.444700,94.962875,-237.157114,3.641651,2.952487,5.497396,5.902315,0.040585,0.013913
13.320714,214.730531,-373.842934,6.830159,6.334862,90.243073,-238.429148,3.628880,2.590187,5.539803,5.921358,0.039904,0.013790
13.324911,204.299641,-380.283324,6.761450,6.351925,83.736068,-241.125256,3.210365,2.989892,5.569259,5.948943,0.039590,0.012487
13.329107,193.227202,-386.756028,6.907307,6.441732,78.229953,-242.331415,3.656495,2.424939,5.610739,5.970924,0.040449,0.013974
13.333304,182.089457,-392.545651,6.579522,6.646495,72.643511,-243.732571,3.594581,2.365535,5.649055,5.993522,0.039762,0.013803
13.337501,170.674812,-398.289992,6.476845,6.572297,67.228747,-245.453475,3.694471,2.692399,5.688172,6.015846,0.039810,0.014277
13.341698,158.717090,-403.713856,6.478720,6.541917,62.250481,-246.567931,3.654157,2.441983,5.732632,6.035885,0.039678,0.014129
13.345895,146.829400,-409.099546,6.512846,6.560428,56.420793,-248.571506,3.570837,2.631545,5.770268,6.059987,0.039855,0.013851
13.350091,134.027853,-414.267187,6.497566,6.409738,51.455249,-249.174984,3.236865,2.332510,5.819409,6.079545,0.038862,0.012596
13.354288,121.038130,-418.542704,6.308693,6.545803,46.216930,-250.989667,3.507533,2.808988,5.863202,6.101086,0.039251,0.013663
13.358485,107.574982,-422.649086,6.479749,6.622724,40.677177,-251.765258,3.696299,2.531953,5.910044,6.123002,0.040389,0.014395
13.362682,94.757087,-426.306933,6.435379,6.845714,35.823855,-252.905909,3.311261,2.900459,5.955566,6.142472,0.039630,0.012934
13.366879,80.488022,-429.360202,6.214336,6.690623,29.780411,-252.515084,3.238244,2.388269,6.003943,6.165792,0.038130,0.012696
13.371076,66.661334,-432.586324,6.151986,6.679599,24.505126,-253.317918,3.704323,2.559659,6.052225,6.186749,0.038987,0.014520
13.375272,52.582360,-434.967525,6.033242,6.728678,18.435238,-253.676740,3.747120,2.537413,6.097011,6.210641,0.038515,0.014711
13.379469,38.295526,-436.655335,6.144500,6.815647,13.458663,-254.042560,3.804989,2.828255,6.148006,6.230257,0.039231,0.014947
13.383666,23.895696,-437.708736,5.725484,6.839756,8.414224,-254.143754,3.647889,2.369830,6.199047,6.250089,0.036870,0.014341
13.387863,9.853311,-438.599745,6.134561,6.771561,2.306929,-254.645819,3.502137,3.005045,6.242185,6.274126,0.038371,0.013752
13.392060,-4.522710,-438.638259,6.347653,6.695185,-1.394750,-255.106904,3.742016,3.073689,6.300227,6.288653,0.040143,0.014668
13.396257,-18.989843,-438.215136,6.054168,6.692731,-6.929218,-255.205201,3.600195,3.203198,6.348992,6.310330,0.038414,0.014101
13.400453,-33.473196,-437.425978,6.211137,6.535368,-13.309065,-254.131885,3.538130,2.654055,6.392754,6.335508,0.038759,0.013895
13.404650,-47.307243,-435.773952,6.150264,6.663632,-18.013557,-253.531780,3.647614,2.528289,6.442562,6.354117,0.038736,0.014332
13.408847,-61.627388,-433.722333,6.056217,6.590091,-23.643485,-253.054301,3.579314,2.559666,6.490409,6.376347,0.038113,0.014053
13.413044,-75.287375,-431.155583,6.126961,6.474202,-28.440339,-252.093468,3.608503,2.519896,6.539074,6.395527,0.038361,0.014178
13.417241,-89.081327,-428.188246,6.050686,6.727766,-33.572622,-251.914281,3.589100,2.760611,6.588255,6.415675,0.038185,0.014072
13.421437,-102.920828,-424.618008,5.925735,6.601910,-38.255202,-251.078193,3.585802,2.608878,6.639874,6.434386,0.037514,0.014043
13.425634,-115.746703,-420.953536,5.948341,6.456590,-44.512830,-250.147570,3.627149,2.651469,6.678299,6.459288,0.037657,0.014173
13.429831,-129.026747,-416.026356,6.234776,6.414223,-49.062796,-249.224840,3.280520,2.403472,6.730214,6.477561,0.037891,0.012803
13.434028,-141.688322,-411.517985,6.222331,6.459197,-54.908896,-248.573223,3.256783,2.863096,6.772548,6.500590,0.038093,0.012726
13.438225,-153.570051,-406.458363,6.148654,6.442111,-59.296158,-247.000006,3.984062,2.815604,6.817119,6.518792,0.039144,0.015469
13.442422,-165.685775,-401.249369,6.244602,6.531011,-64.955919,-244.931707,3.756728,2.770497,6.855608,6.542418,0.038886,0.014602
13.446618,-177.354734,-395.610764,6.306174,6.633057,-70.121909,-243.790575,3.517990,2.720907,6.898137,6.563257,0.038758,0.013654
13.450815,-188.554022,-389.612138,6.354736,6.472854,-75.193673,-242.490434,3.875233,2.460934,6.939691,6.583872,0.039059,0.014859
13.455012,-199.512577,-383.687334,6.536995,6.457826,-80.519775,-240.611308,3.539939,3.118733,6.976944,6.606117,0.039377,0.013794
13.459209,-209.746050,-377.454048,6.203158,6.367589,-85.061595,-239.273836,3.919956,2.372961,7.017287,6.624751,0.038145,0.014878
13.463406,-219.653257,-371.288413,6.308316,6.335235,-90.004640,-237.162984,3.493412,2.404985,7.051613,6.645900,0.037549,0.013308
13.467602,-229.353730,-364.707733,6.479101,6.366439,-95.335184,-235.343212,3.887533,2.974435,7.086252,6.668072,0.039120,0.014856
13.471799,-238.705784,-358.171313,6.255757,6.415863,-100.437634,-232.848501,3.554274,3.038686,7.117656,6.690416,0.038275,0.013717
13.475996,-247.891529,-351.565426,6.249293,6.361958,-105.378227,-230.229639,3.621601,2.900140,7.148676,6.712432,0.037879,0.013852
13.480193,-256.805602,-344.556727,6.418797,6.429594,-109.840086,-228.054768,3.617746,2.743350,7.183698,6.732037,0.038064,0.013708
13.484390,-265.237053,-338.141244,6.599911,6.263422,-115.051298,-226.567427,3.751182,3.593168,7.215037,6.753055,0.039311,0.014637
13.488587,-273.531771,-331.299190,6.728003,6.362255,-119.941773,-223.128538,3.467361,2.703757,7.240388,6.776416,0.037992,0.013072
13.492783,-281.198503,-324.826540,6.493122,6.455291,-124.918595,-221.484263,3.864004,2.669841,7.269729,6.796719,0.038236,0.014205
13.496980,-287.985952,-318.457284,6.697822,6.379608,-129.086481,-218.528668,3.869850,2.616419,7.292597,6.816744,0.038056,0.014136
13.501177,-295.417586,-311.437152,6.841158,6.122197,-133.625598,-215.753835,3.291133,2.850803,7.319912,6.837706,0.037135,0.012511
13.505374,-302.051377,-305.160096,6.953523,6.174367,-137.076216,-212.135835,3.628217,2.761444,7.340553,6.856865,0.037168,0.013446
13.509571,-308.013614,-299.018411,6.751973,6.319816,-142.231175,-210.155065,3.583697,2.706880,7.361932,6.878165,0.037502,0.013135
13.513768,-314.201963,-292.663145,6.830117,6.387147,-145.975873,-207.259313,3.346352,2.482625,7.384215,6.896801,0.037175,0.012177
13.517964,-320.293869,-286.360887,6.872425,6.480553,-149.790839,-204.044783,3.589624,2.837222,7.404202,6.916437,0.038069,0.013217
13.522161,-326.100591,-280.292574,6.911438,6.332590,-154.093708,-201.587751,3.589698,2.888270,7.424852,6.935839,0.037590,0.013195
13.526358,-331.081933,-274.338008,6.989161,6.446902,-157.469134,-198.041128,3.726995,2.858253,7.439922,6.954952,0.037966,0.013504
13.530555,-336.075647,-268.920448,6.978463,6.582300,-160.658701,-195.419096,3.987853,3.047860,7.457196,6.971272,0.038782,0.014381
13.534752,-340.441298,-262.989080,6.739716,6.369238,-165.502901,-192.609751,3.761677,2.794866,7.471486,6.993034,0.037476,0.013329
13.538948,-345.140635,-257.682801,7.135188,6.534751,-167.440004,-189.017098,3.677180,2.832878,7.485243,7.008125,0.038037,0.013197
13.543145,-349.060176,-252.697615,6.970985,6.403234,-171.706370,-186.575372,3.855002,2.729794,7.497118,7.027106,0.037464,0.013353
13.547342,-353.334062,-247.016728,7.151613,6.184393,-174.316609,-183.601003,3.454193,2.821988,7.513532,7.042649,0.036515,0.012522
13.551539,-357.572600,-242.254729,7.295567,6.460368,-177.321616,-182.034934,3.942236,3.418698,7.531552,7.055468,0.039011,0.014546
13.555736,-360.912786,-237.324488,6.886232,6.564610,-180.251124,-178.625415,3.886625,3.326724,7.539830,7.073113,0.039027,0.014245
13.559933,-364.329877,-232.473617,7.003999,6.339651,-182.877890,-174.962120,4.212732,2.796756,7.547046,7.090701,0.037047,0.014006
13.564129,-367.504103,-228.118922,7.232059,6.636280,-185.467582,-172.710890,4.289948,2.966220,7.558513,7.104184,0.038745,0.014368
13.568326,-370.409880,-223.455904,7.164017,6.403055,-187.711358,-169.645863,3.800280,2.688919,7.567551,7.119094,0.036989,0.012790
13.572523,-373.693981,-219.539157,7.276269,6.432904,-190.522534,-167.184086,4.251415,2.795599,7.575579,7.133736,0.037430,0.013824
13.576720,-375.606301,-215.887434,7.301912,6.271946,-192.861604,-164.992436,4.238925,2.858559,7.582361,7.146305,0.036983,0.013825
13.580917,-378.063695,-212.178863,7.322381,6.557756,-194.824024,-163.551370,3.945103,3.482361,7.594584,7.155625,0.039492,0.014470
13.585114,-380.697455,-208.493618,7.006220,6.444462,-196.436964,-161.500029,4.100796,3.867495,7.604266,7.165882,0.039725,0.015585
13.589310,-382.907908,-204.756232,7.072531,6.573430,-197.966426,-159.260277,4.162489,3.604295,7.612769,7.176514,0.039584,0.015087
13.593507,-384.463309,-201.820140,7.101198,6.510111,-199.484146,-156.332620,4.138766,3.464438,7.612860,7.189269,0.038980,0.014739
13.597704,-386.265944,-198.403937,7.212092,6.531889,-201.243808,-154.751384,4.192512,3.301970,7.622287,7.198447,0.038803,0.014410
13.601901,-387.978366,-195.956126,7.305576,6.605834,-202.774386,-153.239614,4.180854,3.645293,7.627300,7.206833,0.039941,0.015142
13.606098,-389.642350,-193.491865,7.369389,6.375398,-203.701390,-151.619253,4.145089,3.633382,7.632483,7.214125,0.038804,0.015058
13.610294,-390.761738,-191.025155,7.263132,6.453765,-205.164631,-149.262848,4.523916,2.810643,7.632652,7.225019,0.037426,0.013794
13.614491,-391.866316,-188.910739,7.158951,6.528700,-205.419015,-147.511036,4.210645,2.889629,7.635482,7.231212,0.037691,0.013433
13.618688,-392.884997,-186.750744,7.130157,6.437152,-206.702314,-146.100742,4.209973,2.709692,7.639021,7.238695,0.036986,0.012984
13.622885,-393.990468,-185.282619,7.267355,6.325735,-207.846340,-145.528375,4.195369,3.054231,7.643576,7.243140,0.037247,0.013681
13.627082,-394.620352,-183.598363,7.310843,6.324499,-208.801655,-144.824345,4.160318,2.997566,7.648268,7.247565,0.037211,0.013454
13.631279,-395.082435,-182.397045,7.473480,6.457955,-209.233041,-143.140123,4.290945,2.781787,7.645812,7.253994,0.037413,0.013167
13.635475,-395.928567,-181.279886,7.333857,6.291339,-209.798174,-143.481330,4.303152,3.110500,7.653630,7.254142,0.037293,0.013906
13.639672,-396.295971,-180.249700,7.375006,6.656165,-209.711925,-142.998959,4.278839,3.343378,7.656927,7.255519,0.039381,0.014444
13.643869,-396.635037,-179.854842,7.406153,6.611082,-209.644279,-142.829492,4.063578,3.538419,7.658504,7.255920,0.039536,0.014637
13.648066,-397.000026,-179.006944,7.300066,6.694787,-209.737103,-142.840691,4.105177,3.536626,7.663200,7.256090,0.039858,0.014684
13.652263,-396.912625,-178.845342,7.303160,6.595669,-210.216837,-143.176363,4.324527,3.656293,7.665203,7.256061,0.039862,0.015257
13.656459,-396.933622,-178.568993,7.476693,6.507640,-210.176438,-143.368575,4.251619,3.682779,7.667685,7.255347,0.039563,0.015221
13.660656,-396.901166,-178.535712,7.467960,6.494074,-210.024007,-143.287291,4.170175,3.772581,7.667554,7.255273,0.039693,0.015352
13.664853,-396.574580,-178.698518,7.279524,6.626998,-209.357676,-143.443970,4.073583,3.541312,7.667853,7.253283,0.039598,0.014657
13.669050,-396.313188,-179.142508,7.378760,6.518938,-209.634088,-143.156158,4.377760,2.850680,7.663546,7.254834,0.037728,0.013438
13.673247,-395.530246,-180.056556,7.497835,6.448653,-209.413795,-144.357167,4.187311,3.112731,7.664471,7.250446,0.038078,0.013742
13.677444,-394.437813,-180.820491,7.298907,6.517579,-208.114386,-144.729044,4.244378,2.951330,7.662648,7.246329,0.037965,0.013519
13.681640,-394.005297,-181.848360,7.158918,6.636830,-207.559454,-146.249806,4.258917,3.205885,7.665320,7.240164,0.039019,0.014138
13.685837,-392.767320,-183.578951,7.329007,6.610976,-206.978440,-147.083028,4.382137,2.855005,7.660014,7.236164,0.038319,0.013563
13.690034,-392.138344,-185.027876,7.362443,6.431582,-205.490179,-147.736344,4.372877,2.432226,7.656782,7.230653,0.036506,0.012752
13.694231,-390.815201,-186.945085,7.150746,6.709084,-204.603474,-149.357611,4.039427,2.523878,7.654805,7.223413,0.037964,0.012375
13.698428,-389.617790,-189.010638,7.200946,6.449607,-203.946857,-152.020869,4.416342,3.346924,7.657334,7.213435,0.038638,0.014797
13.702625,-388.353187,-190.903042,7.185555,6.549097,-201.441254,-152.681886,4.364047,2.721322,7.652275,7.205414,0.037475,0.013505
13.706821,-386.915310,-193.743279,7.203116,6.383782,-201.140724,-155.216535,4.210591,3.123217,7.649496,7.196748,0.037749,0.014044
13.711018,-385.285496,-196.362639,6.925508,6.610855,-198.772860,-156.678431,4.163708,2.823218,7.644338,7.186460,0.037912,0.013433
13.715215,-383.241698,-198.701446,6.921488,6.556656,-197.119970,-159.445150,4.104486,3.450824,7.646111,7.173853,0.039101,0.014685
13.719412,-381.521826,-201.770834,7.285776,6.242729,-195.530426,-162.002692,4.180699,3.422350,7.643336,7.162085,0.037751,0.014767
13.723609,-379.257018,-205.259884,7.234579,6.673736,-192.810359,-163.152046,4.121916,2.824463,7.631864,7.151710,0.038207,0.013565
13.727805,-376.591164,-208.758440,7.042789,6.475270,-191.624851,-166.421877,4.076328,3.178653,7.628970,7.138858,0.038272,0.014154
13.732002,-374.223039,-212.291276,7.192055,6.589756,-189.686729,-168.526473,4.170320,3.034696,7.621123,7.127587,0.038571,0.014110
13.736199,-371.771040,-216.347096,7.385356,6.396124,-187.553111,-171.514503,4.130812,3.491753,7.615255,7.113221,0.038808,0.014937
13.740396,-368.635090,-220.120753,7.207586,6.548945,-184.937474,-174.284783,4.145150,3.383137,7.609456,7.098230,0.039243,0.014799
13.744593,-365.368217,-224.459957,7.108597,6.572983,-182.301329,-176.155784,4.226459,2.938237,7.596001,7.085726,0.038421,0.014272
13.748790,-362.259891,-228.558852,6.939820,6.403896,-179.960462,-179.329790,3.863931,3.164320,7.590228,7.070339,0.038131,0.013896
13.752986,-358.790563,-233.027906,7.056119,6.470287,-176.256414,-182.556407,3.824720,3.613595,7.584217,7.051027,0.039372,0.014677
13.757183,-355.089548,-237.881467,7.159048,6.569472,-173.154130,-184.196341,4.129354,2.688116,7.567047,7.037693,0.037949,0.013953
13.761380,-351.412975,-243.080832,7.119752,6.414781,-169.648564,-186.663966,3.603089,2.607237,7.553025,7.020866,0.036904,0.012652
13.765577,-347.160801,-248.121501,6.826869,6.472422,-166.157438,-189.975778,3.858104,3.003803,7.543153,7.001802,0.037896,0.013921
13.769774,-342.686007,-253.573285,6.828446,6.429919,-164.185586,-193.780184,3.782058,3.288987,7.530755,6.986097,0.038690,0.014112
13.773971,-338.667126,-259.407574,6.777061,6.341172,-160.359860,-196.909530,3.824720,3.613595,7.516855,6.966635,0.038916,0.014735
13.778167,-333.869200,-264.694660,6.846819,6.507032,-156.738681,-198.172534,3.283153,2.740942,7.494725,6.952365,0.037676,0.012213
13.782364,-328.672344,-270.587997,6.820094,6.365819,-152.764702,-201.948563,4.093527,2.980218,7.481951,6.930804,0.037908,0.014719
13.786561,-323.872278,-277.115166,6.817448,6.341896,-149.556695,-205.482514,3.809145,3.396209,7.464083,6.912347,0.038661,0.014446
13.790758,-318.162866,-282.543028,6.704756,6.385088,-145.324002,-208.753678,3.604628,3.646594,7.450481,6.891323,0.039342,0.014226
13.794955,-312.140944,-288.982836,6.677464,6.333028,-141.226021,-210.284502,3.700331,2.813752,7.422469,6.874592,0.037511,0.013617
13.799151,-306.169551,-295.689702,6.825715,6.420570,-137.825747,-213.431607,3.837923,2.937961,7.399470,6.856575,0.038511,0.014156
13.803348,-299.883755,-302.204813,6.798292,6.371127,-132.540696,-215.932893,3.423181,2.716802,7.377980,6.833694,0.037582,0.012808
13.807545,-293.139348,-309.058191,6.584070,6.442523,-127.547643,-218.333793,3.766145,2.673225,7.352767,6.811896,0.037712,0.013922
13.811742,-286.088709,-315.898627,6.653269,6.222947,-123.741966,-221.282928,3.709670,2.660689,7.326305,6.793066,0.037216,0.013760
13.815939,-278.798483,-322.132189,6.560026,6.350611,-119.546394,-223.784644,3.804941,2.721459,7.300751,6.773819,0.037942,0.014161
13.820136,-271.617858,-329.442221,6.777870,6.267333,-114.294049,-226.084670,3.527202,2.672341,7.272720,6.751252,0.037574,0.013306
13.824332,-263.041473,-336.123324,6.406235,6.330278,-109.495569,-228.431175,3.682479,3.044774,7.242338,6.730166,0.038107,0.014101
13.828529,-254.981259,-342.897411,6.502880,6.364071,-104.832389,-230.372050,3.212790,2.375612,7.210848,6.710237,0.037104,0.012190
13.832726,-246.290656,-349.675963,6.518065,6.328378,-100.289611,-233.274343,3.653585,2.804423,7.180910,6.689217,0.038243,0.013920
13.836923,-237.534732,-356.518217,6.316080,6.463138,-95.456536,-235.088116,3.288395,2.412651,7.146782,6.668893,0.037418,0.012530
13.841120,-227.793815,-363.321067,6.290032,6.322511,-90.090092,-236.734607,3.571491,2.961289,7.110623,6.646816,0.037948,0.013818
13.845316,-218.108703,-369.724799,6.347906,6.566736,-85.652013,-238.476676,3.603071,2.989187,7.073166,6.628000,0.038917,0.013964
13.849513,-207.747615,-376.960683,6.182911,6.255065,-80.418188,-240.494489,3.558565,3.000112,7.033962,6.605884,0.037735,0.013827
13.853710,-197.871725,-383.381580,6.268251,6.459851,-76.341717,-242.385338,3.618478,2.945197,6.994569,6.588310,0.038568,0.014021
13.857907,-187.009341,-389.201248,6.124376,6.528762,-70.713226,-243.299478,3.164476,2.547084,6.956146,6.566036,0.037187,0.012317
13.862104,-175.439492,-395.842744,6.161792,6.668181,-66.190739,-245.176783,3.625475,2.482446,6.910563,6.546871,0.038352,0.014016
13.866301,-163.848675,-401.403156,6.120326,6.838267,-60.934540,-246.635054,3.249107,2.784121,6.870003,6.525398,0.038048,0.012691
13.870497,-151.860046,-406.770511,6.073847,6.520760,-56.518771,-247.729171,3.524881,2.879338,6.823219,6.507493,0.038023,0.013758
13.874694,-139.447996,-412.003138,6.178021,6.294069,-51.752186,-248.850886,3.618871,2.473628,6.776388,6.488227,0.038184,0.014080
13.878891,-126.541688,-416.307238,6.251591,6.530374,-46.835937,-249.355887,3.148794,2.283792,6.728605,6.468850,0.037755,0.012310
13.883088,-113.524878,-421.057364,6.159957,6.494864,-41.432701,-250.588399,3.700842,2.808211,6.683280,6.447045,0.038736,0.014488
13.887285,-100.582046,-425.250209,6.103952,6.492828,-35.967848,-251.340928,3.653230,2.446358,6.638919,6.425324,0.038230,0.014309
13.891482,-86.715147,-429.066853,5.847029,6.543558,-31.819087,-251.892673,3.690707,2.422244,6.583647,6.408840,0.037308,0.014471
13.895678,-72.996783,-431.759613,5.863007,6.556300,-26.508999,-252.512694,3.357860,2.747853,6.536945,6.387783,0.036609,0.013201
13.899875,-58.857130,-433.995611,5.896613,6.718525,-21.770099,-253.590421,3.695133,2.736149,6.485937,6.368823,0.037849,0.014494
13.904072,-44.669958,-436.505565,5.902110,6.735667,-17.297957,-253.714061,3.330929,2.664374,6.431825,6.351259,0.036724,0.013087
13.908269,-30.377452,-437.647817,6.052030,6.723341,-12.806022,-254.181528,3.242697,2.708847,6.378669,6.333524,0.037273,0.012736
13.912466,-16.472530,-438.295310,5.863828,6.590240,-6.839846,-254.374883,3.175529,2.714293,6.335512,6.310068,0.036215,0.012478
13.916662,-1.585665,-438.712936,6.175888,6.797580,-1.621098,-254.972054,3.712880,3.100727,6.282992,6.289543,0.039219,0.014562
13.920859,12.765839,-438.356263,6.215863,7.003968,3.635661,-255.071521,3.310612,3.059136,6.233412,6.268933,0.038385,0.012978
13.925056,26.687792,-437.525680,6.177167,6.613250,7.287033,-254.594473,3.224591,3.000114,6.177525,6.254571,0.037897,0.012660
13.929253,41.009443,-435.802307,6.030561,6.957529,12.574572,-254.499501,3.816442,2.742610,6.127616,6.233816,0.038934,0.014969
13.933450,55.641642,-434.267980,5.933298,6.906585,18.612847,-254.519555,3.794264,3.162911,6.080024,6.210186,0.038503,0.014856
13.937647,69.954795,-431.499404,5.990566,6.830603,23.650331,-253.562611,3.286684,2.788891,6.028602,6.190182,0.037358,0.012890
13.941843,83.190061,-428.446919,6.395851,6.585565,28.117102,-252.968984,3.623872,2.565661,5.979075,6.172491,0.039834,0.014194
13.946040,96.703442,-424.862006,6.203777,6.817981,33.034529,-252.683290,3.612518,2.569702,5.928996,6.153188,0.039177,0.014117
13.950237,110.434887,-420.957316,6.322867,6.693626,38.425428,-252.571712,3.683074,2.857611,5.879075,6.132206,0.039923,0.014351
13.954434,123.219380,-416.857191,6.549900,6.628918,43.160338,-250.760560,3.714687,2.564039,5.834039,6.112738,0.040416,0.014489
13.958631,135.751686,-411.772885,6.207752,6.608834,48.912075,-250.477457,3.602974,2.818334,5.789301,6.090337,0.039191,0.014017
13.962828,147.945430,-406.809126,6.315909,6.519270,54.112301,-248.950167,3.852905,2.564515,5.746885,6.069153,0.039740,0.014932
13.967024,159.900517,-401.582588,6.459574,6.550008,59.653201,-248.410860,3.225993,2.969821,5.703670,6.047509,0.039396,0.012575
13.971221,171.480177,-395.655182,6.137850,6.632513,64.422984,-246.863396,3.689384,2.599389,5.659485,6.027913,0.038998,0.014227
13.975418,182.569646,-389.703665,6.480717,6.215706,70.681219,-244.848300,3.681225,2.553774,5.625492,6.002152,0.039271,0.014154
13.979615,193.829516,-383.596217,6.574391,6.450449,75.546972,-243.553865,3.317786,2.684821,5.581823,5.982410,0.039329,0.012812
13.983812,204.190844,-377.643848,6.679349,6.379466,80.662083,-241.708651,3.735269,2.530351,5.545566,5.961090,0.039777,0.014256
13.988008,214.399435,-371.054211,6.623557,6.291916,86.464582,-239.646645,3.614783,2.454896,5.511177,5.936921,0.039102,0.013741
13.992205,224.000774,-364.408339,6.713767,6.390741,92.082956,-237.501192,3.612129,2.441492,5.478430,5.913313,0.039486,0.013668
13.996402,233.816645,-357.680192,6.828765,6.155814,96.811856,-235.210834,3.586934,2.475265,5.441827,5.892722,0.038822,0.013556
14.000599,243.095712,-351.285161,6.781394,6.287686,101.771570,-233.592601,4.058153,2.582472,5.406803,5.872304,0.039532,0.015152
14.004796,251.497688,-344.775280,6.841185,6.208073,107.392538,-231.010597,3.989602,2.398734,5.380668,5.848025,0.039037,0.014745
14.008993,259.725692,-338.252281,6.811170,6.151978,112.154355,-228.963887,3.731660,2.793280,5.349834,5.827703,0.038830,0.014000
14.013189,268.452840,-331.556455,6.767950,6.058700,117.457598,-226.483715,4.081976,2.686916,5.320336,5.804758,0.038430,0.015008
14.017386,276.173200,-324.724778,6.923692,6.034654,122.223897,-223.023815,3.724687,2.650918,5.296189,5.781855,0.037948,0.013786
14.021583,283.371256,-318.210639,6.989649,6.110098,128.150435,-220.489857,3.601134,2.792020,5.274261,5.756698,0.038500,0.013391
14.025780,290.605217,-311.704401,6.909776,6.174246,132.355346,-217.469766,3.572885,2.874067,5.249478,5.736455,0.038422,0.013348
14.029977,297.615207,-305.562054,7.070424,6.320147,136.733053,-214.862421,3.177590,3.013165,5.225738,5.716448,0.038929,0.012294
14.034173,303.909641,-298.983882,6.788789,6.294347,142.021985,-211.517054,3.643072,2.801444,5.207749,5.691882,0.038488,0.013360
14.038370,310.144837,-292.553070,7.044773,6.122675,146.659085,-208.127319,3.248373,2.674136,5.189079,5.669338,0.037619,0.012057
14.042567,316.486205,-286.549232,6.985788,5.812400,150.344838,-204.749790,3.529899,2.345997,5.169897,5.649817,0.035646,0.012463
14.046764,322.105442,-280.458797,6.977461,6.064961,154.795209,-201.952145,3.189699,2.732100,5.151117,5.629211,0.037049,0.011902
14.050961,327.530148,-274.613008,6.786819,6.091721,159.145964,-198.437961,3.344076,2.642878,5.137227,5.607230,0.036829,0.012142
14.055158,332.270859,-268.823463,6.767390,6.247740,163.237685,-194.891860,3.605293,2.668840,5.124698,5.585946,0.037625,0.012792
14.059354,337.766091,-263.082929,6.833413,6.193853,166.178934,-191.865074,3.428137,2.617600,5.105805,5.569405,0.036965,0.012240
14.063551,342.447644,-257.690262,7.247708,5.998898,169.994842,-188.650603,3.693438,2.762852,5.093188,5.549758,0.036802,0.013030
14.067748,346.751584,-252.184977,6.763752,6.262394,174.312704,-185.224308,3.275993,2.905187,5.082782,5.528127,0.037769,0.012217
14.071945,350.798905,-247.501114,7.026356,6.115260,177.938731,-181.212976,3.728010,2.253754,5.078572,5.506903,0.036291,0.012180
14.076142,355.400497,-241.975137,7.030465,6.107251,181.574615,-177.329634,3.609737,2.209208,5.068437,5.485960,0.036027,0.011727
14.080339,359.326669,-236.998480,6.926965,5.798156,184.150873,-174.752920,3.687843,2.553795,5.053806,5.471608,0.035085,0.012379
14.084535,362.679220,-232.693964,7.033328,5.822917,188.121811,-170.821107,3.190567,2.079310,5.053028,5.449625,0.034414,0.010390
14.088732,365.653408,-227.757153,6.948867,5.991294,190.764556,-168.219286,3.210369,2.510674,5.040515,5.435066,0.035865,0.011159
14.092929,368.997019,-223.524004,6.889381,6.021479,193.562980,-164.719344,3.682921,2.317409,5.035814,5.417455,0.035682,0.011679
14.097126,372.284474,-219.699194,7.141117,5.945350,195.008348,-161.896167,3.660551,2.498485,5.027581,5.405276,0.035486,0.011943
14.101323,375.013255,-215.523089,7.005179,6.205582,198.215198,-158.307922,3.183254,2.376677,5.025371,5.386317,0.036333,0.010720
14.105519,377.478736,-211.615120,7.213194,6.028626,200.349729,-154.918876,3.109248,2.098246,5.022169,5.370600,0.035133,0.009968
14.109716,380.100801,-207.765635,7.307124,6.104003,201.881511,-152.983708,3.951017,2.619049,5.010607,5.360857,0.036482,0.012517
14.113913,382.589822,-204.288373,7.169600,5.952878,205.109877,-150.262973,3.894481,2.727356,5.007880,5.344659,0.036112,0.012522
14.118110,384.102762,-200.952714,7.168274,5.969589,206.948004,-147.024698,3.794344,2.213777,5.007888,5.330089,0.035278,0.011202
14.122307,386.213257,-197.738975,7.129127,5.959939,208.419368,-144.412085,3.484072,2.154813,5.003788,5.318328,0.034933,0.010490
14.126504,387.712591,-194.688678,7.211262,5.943762,210.103943,-142.450550,3.652371,2.653864,4.998442,5.308197,0.035911,0.011835
14.130700,389.678253,-191.811420,7.230096,6.035237,212.123593,-139.005337,3.269497,2.005964,5.001466,5.292483,0.035101,0.009680
14.134897,390.955786,-189.240254,7.011070,6.183738,213.600347,-137.492219,3.214391,2.372168,4.996284,5.284315,0.036346,0.010419
14.139094,392.407271,-186.730515,6.936991,5.967315,214.860696,-134.962861,3.691646,2.138341,4.996096,5.273244,0.034989,0.010527
14.143291,393.761735,-184.583864,7.267108,6.087342,215.737771,-132.840640,3.106940,2.011876,4.995249,5.264309,0.035275,0.009331
14.147488,394.842739,-182.488280,6.973659,6.067020,217.345267,-131.887956,3.635189,2.472300,4.990099,5.257803,0.036079,0.011142
14.151684,395.793289,-180.790513,7.207939,6.000611,218.020134,-129.761340,3.147895,2.329674,4.991920,5.249257,0.035451,0.010126
14.155881,396.916433,-179.132043,6.944008,6.185247,218.540616,-130.026941,3.432754,3.298419,4.981025,5.249108,0.038182,0.013111
14.160078,397.612330,-177.448505,7.271561,6.069099,219.678079,-127.074086,3.309640,2.501870,4.988276,5.236817,0.036126,0.010745
14.164275,398.668078,-176.468569,6.988336,6.087685,220.133042,-125.820573,3.381837,2.304949,4.988813,5.231639,0.035624,0.010300
14.168472,398.670594,-175.205192,6.993862,6.240646,220.594099,-124.944458,3.610775,2.186839,4.987476,5.227736,0.036283,0.010276
14.172669,398.893892,-174.829932,7.083858,6.205675,221.304127,-124.526576,3.600394,2.109728,4.988414,5.224926,0.036125,0.010038
14.176865,399.535315,-174.291139,7.203522,6.185429,221.623034,-123.779278,3.242976,2.387047,4.989024,5.221744,0.036406,0.010306
14.181062,399.609177,-173.612955,7.295308,6.074134,221.492175,-123.392056,3.223620,2.372283,4.987209,5.220663,0.035874,0.010252
14.185259,399.794322,-173.240944,7.197810,6.249337,221.653684,-124.315892,3.646068,3.037754,4.980423,5.223529,0.038070,0.012568
14.189456,399.886340,-173.333424,7.145324,6.270731,221.614925,-124.513473,3.964768,3.132344,4.979687,5.224282,0.038395,0.013183
14.193653,399.886340,-173.333424,7.145324,6.270731,221.484007,-124.464457,3.931587,3.154199,4.979756,5.224366,0.038408,0.013214
14.197850,399.801229,-173.315443,7.135163,6.192718,221.741145,-124.614652,4.009020,3.141751,4.979367,5.224385,0.038123,0.013250
14.202046,399.438458,-173.512999,7.264590,6.281914,221.837233,-123.619813,3.218912,2.311649,4.986258,5.220785,0.036824,0.010064
14.206243,399.215899,-174.302498,7.027061,6.224933,220.925050,-126.195910,3.654779,3.437982,4.975934,5.231375,0.038821,0.013727
14.210440,398.744647,-175.139184,7.021651,6.262861,219.425483,-125.302504,3.233081,2.317055,4.983469,5.231248,0.036314,0.010182
14.214637,398.046163,-176.381003,7.177718,6.205718,220.353937,-126.466787,3.501699,2.269275,4.986235,5.233416,0.036398,0.010348
14.218834,397.233750,-177.472084,7.067249,6.189800,219.608903,-127.573490,3.200946,2.292008,4.986252,5.238655,0.036271,0.010049
14.223030,396.730960,-179.013929,6.948444,6.156372,218.930335,-128.818369,3.610300,2.189386,4.987542,5.244235,0.035932,0.010351
14.227227,395.796444,-180.849777,7.201635,6.199416,217.888270,-130.256012,3.138835,2.096673,4.989456,5.251197,0.035961,0.009514
14.231424,394.823844,-182.763596,7.017170,6.115033,216.890163,-131.409015,2.701332,2.037218,4.993370,5.257119,0.035283,0.008813
14.235621,393.927392,-184.735305,7.112080,5.937225,216.075808,-133.999800,3.277269,2.447646,4.990277,5.267494,0.035354,0.010634
14.239818,392.290829,-187.034239,7.141650,6.172527,215.071578,-135.516779,3.466316,2.445025,4.995291,5.274648,0.036571,0.010912
14.244015,390.732636,-189.080127,6.923629,6.097573,213.552559,-138.061046,3.557494,2.290649,4.992755,5.286298,0.035902,0.010720
14.248211,389.272732,-191.750260,7.044918,6.075517,211.652152,-139.715842,3.231648,2.282262,4.997368,5.295846,0.035651,0.010280
14.252408,387.616754,-194.576076,7.008156,6.057102,210.487445,-142.221971,3.358968,2.149223,4.999777,5.306605,0.035437,0.010195
14.256605,385.644792,-197.444802,6.968597,6.072079,208.886865,-144.555724,3.733550,2.270259,5.003128,5.317745,0.035832,0.011134
14.260802,383.574590,-200.827823,6.813964,5.827973,207.055417,-147.061780,3.699373,2.138438,5.008052,5.329963,0.034433,0.010875
14.264999,381.605450,-203.863441,6.946757,6.072398,204.044621,-150.195683,4.204864,2.458030,5.005909,5.346930,0.036101,0.012563
14.269196,379.483307,-207.647941,6.971613,6.067385,202.364295,-154.014349,3.964672,3.040749,5.006423,5.362940,0.037278,0.013404
14.273392,377.002842,-211.402165,6.919271,6.087728,200.926374,-155.274038,3.632977,2.082102,5.020977,5.370317,0.035570,0.010892
14.277589,374.225784,-215.189410,6.575093,5.917262,197.991095,-158.448186,3.226354,2.366213,5.023872,5.387300,0.034936,0.010783
14.281786,371.408032,-219.156792,7.025778,5.980307,195.855046,-162.035061,3.661685,2.577744,5.026966,5.403569,0.036077,0.012057
14.285983,369.241399,-223.290660,6.856462,6.041736,193.104220,-164.547417,3.563020,2.291851,5.034297,5.418111,0.035543,0.011413
14.290180,365.593965,-227.593365,6.920381,5.902795,190.623924,-168.246616,3.297034,2.507849,5.039394,5.435513,0.035471,0.011328
14.294376,361.933235,-232.297050,7.104458,6.013473,187.226323,-172.076171,3.480183,2.754705,5.044331,5.455647,0.036602,0.012222
14.298573,358.746915,-237.073078,7.046804,5.827945,185.019967,-174.608927,3.582239,2.397889,5.057549,5.468846,0.035238,0.011849
14.302770,354.831589,-242.123761,6.984052,6.072763,181.033151,-179.152787,3.508060,3.161560,5.059999,5.492567,0.037683,0.013104
14.306967,350.671917,-247.211519,7.068519,5.814348,177.492011,-182.088842,3.727152,2.742956,5.072072,5.510570,0.035901,0.012917
14.311164,346.258965,-252.280401,6.932680,6.001408,173.820613,-185.129931,3.648600,2.195385,5.083739,5.529283,0.035658,0.012030
14.315361,341.915276,-257.865983,7.000100,6.016808,170.332452,-188.384348,3.601064,2.493578,5.097151,5.548068,0.036308,0.012409
14.319557,337.601725,-263.175774,6.924353,6.063334,166.147751,-192.221745,3.613570,2.699912,5.104767,5.570416,0.036762,0.012809
14.323754,332.304186,-269.120586,7.003653,6.095988,163.183462,-194.950503,3.191180,2.348083,5.125691,5.586257,0.036465,0.011304
14.327951,327.166667,-275.153414,7.080547,6.223621,158.266757,-199.433176,3.543962,2.894900,5.133840,5.612370,0.038095,0.012994
14.332148,321.694275,-281.207648,6.891608,6.167015,155.054102,-201.930411,3.094688,2.613873,5.156440,5.628352,0.037197,0.011491
14.336345,316.052890,-287.556745,6.985202,6.282889,150.730219,-205.682049,3.232682,2.974663,5.172223,5.650763,0.038510,0.012333
14.340541,310.358526,-293.562798,7.037237,6.253849,146.290361,-208.410816,3.559027,2.632239,5.191124,5.671163,0.038049,0.012890
14.344738,304.253644,-299.730817,7.017615,6.284841,141.156178,-211.222819,3.292353,2.407352,5.209587,5.694066,0.037591,0.011993
14.348935,297.682827,-305.921778,6.720153,6.146037,136.775119,-214.552517,3.509617,2.605793,5.228823,5.715655,0.037329,0.012868
14.353132,290.469185,-312.523599,7.029686,6.132910,132.172272,-218.155451,3.593971,2.776364,5.249970,5.738466,0.038285,0.013305
14.357329,282.988062,-319.590377,6.784376,6.341895,127.243590,-220.971322,3.239121,2.831500,5.276871,5.760722,0.038591,0.012324
14.361526,275.532173,-325.982447,6.735201,6.232633,122.489039,-223.187660,3.484057,2.458083,5.303849,5.781251,0.037895,0.012865
14.365722,267.874061,-332.665722,7.139756,6.115760,117.171466,-226.152694,3.218475,2.793534,5.327648,5.805157,0.038538,0.012302
14.369919,259.739815,-339.589857,6.695343,6.315835,112.906809,-228.331392,3.032146,2.640528,5.360813,5.823958,0.038180,0.011618
14.374116,251.238781,-346.184247,6.789770,6.079309,107.440892,-231.365712,3.286584,2.650856,5.386197,5.848440,0.038046,0.012478
14.378313,242.149294,-352.737152,6.749919,6.646491,102.154045,-233.395324,3.499927,2.640842,5.418316,5.870618,0.039929,0.013253
14.382510,233.385081,-359.381974,6.692386,6.199759,96.749142,-236.293820,3.500552,2.995622,5.445672,5.894564,0.039108,0.013444
14.386707,223.347508,-365.822917,6.648524,6.215839,91.644716,-238.329187,3.257535,2.795869,5.481550,5.916086,0.038767,0.012539
14.390903,213.679378,-372.270724,6.739101,6.303376,86.263976,-240.409746,3.648270,2.820850,5.514932,5.938674,0.039852,0.013952
14.395100,203.579386,-378.983241,6.643356,6.635300,80.662909,-242.375768,3.607718,2.963445,5.550493,5.961914,0.040433,0.013892
14.399297,192.682793,-385.323526,6.836287,6.521348,75.021197,-243.705242,3.702454,2.556381,5.589923,5.984555,0.040570,0.014187
14.403494,181.950200,-391.550339,6.697194,6.409092,70.258680,-245.844625,3.443815,3.079624,5.629173,6.004820,0.040188,0.013367
14.407691,170.196210,-397.543521,6.450458,6.434538,64.975376,-246.425492,3.576837,2.585899,5.674959,6.025381,0.039289,0.013816
14.411887,158.675559,-402.548759,6.477165,6.663754,59.147931,-248.890003,3.642295,3.177895,5.708416,6.049866,0.040512,0.014146
14.416084,146.433251,-408.076643,6.467455,6.446143,54.300675,-248.902312,3.610373,2.511142,5.758488,6.068390,0.039623,0.014005
14.420281,133.378708,-412.930387,6.440018,6.552409,48.824863,-250.629649,3.607176,2.956369,5.802903,6.090786,0.040112,0.014042
14.424478,120.934351,-417.688281,6.408350,6.531885,43.899066,-251.498084,3.619226,2.738655,5.849131,6.110376,0.039915,0.014086
14.428675,108.247654,-422.005808,6.523800,6.504701,38.176085,-252.246245,3.675517,2.714463,5.891719,6.132981,0.040433,0.014334
14.432872,94.560661,-425.572198,6.098589,6.817331,33.516646,-253.157790,3.285286,2.933209,5.942903,6.151557,0.038184,0.012842
14.437068,80.776727,-428.891338,6.210908,6.751731,27.706901,-253.439279,3.933820,2.767768,5.989460,6.174294,0.040083,0.015384
14.441265,66.864372,-432.237355,6.102575,6.917128,22.856940,-254.101824,3.612659,2.660647,6.040990,6.193475,0.038751,0.014134
14.445462,52.892791,-434.519540,6.125343,6.846643,17.462305,-254.598082,3.269477,3.036985,6.088751,6.214705,0.037979,0.012808
14.449659,38.754641,-436.263040,6.063954,6.845599,12.323084,-254.420058,3.749738,2.612859,6.138842,6.234787,0.038823,0.014712
14.453856,24.718299,-437.234491,6.201999,6.694177,6.668086,-254.231951,3.789040,2.666998,6.184870,6.256963,0.039519,0.014896
14.458053,10.175745,-438.528889,6.130195,6.515369,2.417709,-254.310175,3.615478,2.440404,6.241097,6.273679,0.038597,0.014216
14.462249,-4.447781,-438.691715,5.874655,6.724234,-2.490036,-254.610548,3.261181,2.746203,6.293820,6.292965,0.036499,0.012808
14.466446,-18.652212,-438.068713,5.924310,6.653083,-7.532809,-254.307070,3.540012,2.686488,6.343622,6.312798,0.037493,0.013912
14.470643,-32.949518,-437.220202,5.995645,6.618855,-12.123644,-254.277733,3.623935,2.697122,6.396536,6.330828,0.038059,0.014229
14.474840,-46.933493,-435.928951,5.887033,6.692503,-17.883715,-253.736541,3.562465,2.773031,6.441300,6.353550,0.037347,0.013992
14.479037,-61.369594,-433.548167,6.155069,6.638353,-22.900705,-253.430476,3.450450,2.842970,6.493600,6.373303,0.038351,0.013542
14.483233,-75.135604,-431.245735,5.894074,6.699558,-27.877236,-252.716717,3.637336,2.689547,6.541960,6.393051,0.037609,0.014267
14.487430,-88.436855,-428.032715,6.236502,6.738117,-32.268684,-252.153053,3.546118,2.495166,6.592304,6.410466,0.038862,0.013893
14.491627,-102.780483,-424.288491,5.992367,6.703543,-37.767209,-251.099343,3.540165,2.261269,6.642297,6.432474,0.037701,0.013850
14.495824,-116.211823,-420.163910,6.147026,6.479724,-42.963060,-250.585152,3.786415,2.762518,6.690924,6.452985,0.038936,0.014793
14.500021,-128.770097,-415.861084,6.252776,6.452918,-47.602369,-250.064169,3.849988,2.679064,6.738447,6.471295,0.039413,0.014987
14.504218,-140.994457,-411.165653,6.203476,6.580512,-52.628555,-248.619010,3.607077,2.470397,6.781128,6.491789,0.038606,0.014031
14.508414,-153.295384,-405.900276,6.430058,6.397889,-58.191986,-247.261648,3.721233,2.266255,6.823235,6.514325,0.039279,0.014406
14.512611,-165.301962,-400.724052,6.366622,6.396375,-62.482331,-246.099156,3.358763,2.485739,6.870007,6.531823,0.038220,0.013046
14.516808,-176.939629,-395.353353,6.140385,6.516153,-67.939186,-244.598218,3.596278,2.917210,6.909201,6.554114,0.038294,0.013992
14.521005,-187.916014,-388.511609,6.296975,6.258378,-72.973354,-242.896580,3.734887,3.060015,6.951405,6.575036,0.038742,0.014524
14.525202,-198.969123,-383.110588,6.367518,6.416885,-78.321949,-242.190415,3.519207,3.557852,6.991232,6.595960,0.039359,0.013840
14.529398,-208.754264,-376.523051,6.462714,6.535167,-82.139824,-239.909364,3.468320,3.163864,7.030615,6.613054,0.039195,0.013556
14.533595,-218.725134,-370.165105,6.310155,6.380454,-86.906354,-238.222442,3.897259,3.081102,7.068114,6.632994,0.038889,0.015027
14.537792,-228.779225,-363.956704,6.319836,6.450408,-92.298338,-236.568350,3.363830,3.001035,7.103028,6.655176,0.038219,0.013067
14.541989,-238.046622,-356.961787,6.299442,6.313148,-97.505558,-234.245006,3.495398,2.701103,7.136187,6.677625,0.037597,0.013360
14.546186,-246.815951,-350.424418,6.463437,6.247394,-101.446362,-231.306131,3.514094,3.033746,7.167513,6.696502,0.037849,0.013624
14.550383,-255.553572,-343.854922,6.502824,6.068665,-106.067167,-229.545808,3.375818,2.836337,7.201152,6.716035,0.036864,0.013000
14.554579,-263.870045,-337.158295,6.504183,6.453888,-111.989262,-228.443428,3.521611,3.427159,7.232736,6.738984,0.039285,0.013771
14.558776,-271.523390,-330.047445,6.450015,6.460535,-116.408385,-226.236220,3.604076,2.669057,7.264190,6.758400,0.038124,0.013479
14.562973,-278.974719,-323.854767,6.507398,6.416512,-120.916983,-222.543171,2.905767,2.392070,7.283975,6.780902,0.036914,0.011043
14.567170,-286.384205,-317.304178,6.733626,6.358298,-125.422317,-220.793438,3.550508,3.311763,7.313865,6.799783,0.038837,0.013759
14.571367,-293.051714,-310.220854,6.528592,6.384615,-129.076619,-217.417346,3.738875,2.929781,7.338967,6.818946,0.037942,0.014024
14.575564,-299.819607,-304.430194,6.833530,6.127962,-133.209429,-214.629041,3.743371,2.918286,7.359631,6.838650,0.037121,0.013987
14.579760,-306.393190,-297.554763,6.865589,6.321085,-137.691154,-212.257539,3.738362,2.665626,7.385857,6.858645,0.037376,0.013658
14.583957,-312.126427,-291.649101,6.961476,6.328181,-141.528530,-208.996581,3.741996,2.592233,7.402821,6.878432,0.037208,0.013559
14.588154,-318.239499,-285.425844,6.721232,6.351927,-145.052252,-206.215960,3.444017,2.588558,7.425019,6.896189,0.036672,0.012638
14.592351,-323.440898,-279.720265,7.216687,6.232550,-150.013025,-203.684852,3.492359,2.448360,7.440794,6.917988,0.036576,0.012511
14.596548,-328.273621,-273.467419,6.920096,6.188922,-153.215588,-201.363781,3.510516,2.856732,7.463272,6.933619,0.036768,0.012987
14.600744,-333.434656,-268.091546,7.102932,6.287720,-157.563159,-198.171941,3.811919,2.855913,7.475580,6.954921,0.037381,0.013718
14.604941,-337.952643,-262.578877,7.159734,6.359178,-161.282327,-195.623126,3.714511,2.656733,7.491720,6.972661,0.037315,0.013123
14.609138,-342.600104,-257.656681,6.780929,6.364296,-163.676226,-192.525929,3.791584,2.563549,7.504877,6.987767,0.036624,0.013186
14.613335,-346.662342,-252.594581,7.052396,6.341261,-167.630606,-190.158925,3.728475,2.761440,7.518429,7.005701,0.037125,0.013177
14.617532,-351.050809,-247.234730,7.140236,6.503047,-170.611457,-186.966924,3.433162,2.372548,7.531626,7.022876,0.036949,0.011845
14.621729,-354.440651,-242.082525,6.897748,6.491283,-173.840050,-184.591253,3.907160,2.721937,7.545791,7.038597,0.037594,0.013416
14.625925,-358.140799,-237.685829,7.386201,6.466898,-175.673665,-181.493998,3.809791,2.921802,7.555242,7.052289,0.037762,0.013497
14.630122,-361.345062,-233.111458,7.154306,6.333731,-178.853693,-178.981024,4.404756,2.643613,7.565629,7.068228,0.036776,0.014359
14.634319,-364.542274,-228.720934,7.057220,6.413338,-181.243255,-176.113547,3.738027,2.585518,7.574491,7.082937,0.036719,0.012653
14.638516,-367.367586,-224.628335,7.142388,6.413271,-184.532829,-174.661450,4.024406,3.090098,7.587206,7.096059,0.037982,0.014020
14.642713,-369.799288,-221.070985,7.142547,6.408171,-187.055822,-172.591150,4.187016,3.264269,7.594666,7.108781,0.038443,0.014605
14.646910,-372.584833,-216.716002,6.939623,6.592742,-188.805387,-169.024319,4.354773,2.819642,7.600077,7.123808,0.038128,0.014146
14.651106,-374.799777,-213.370689,7.006763,6.434062,-190.747819,-167.259599,4.155974,3.150579,7.608501,7.134098,0.038082,0.014277
14.655303,-377.605351,-209.782366,7.192558,6.404313,-192.698591,-164.765892,4.368374,2.970173,7.615172,7.146566,0.037530,0.014306
14.659500,-379.636054,-207.312328,7.268771,6.441970,-194.971195,-162.817206,4.322996,2.962263,7.617538,7.158211,0.037758,0.014111
14.663697,-381.736391,-203.867591,7.183539,6.641120,-196.796280,-160.653601,4.200472,3.161481,7.624435,7.169354,0.039007,0.014222
14.667894,-383.296376,-201.244541,7.268681,6.500024,-197.813802,-158.453189,4.251526,2.973042,7.627246,7.178618,0.037916,0.013921
14.672090,-384.509164,-198.744387,7.127644,6.425871,-199.369837,-157.126515,4.374707,3.150543,7.632865,7.186529,0.038045,0.014450
14.676287,-386.204331,-196.525530,7.224972,6.438848,-200.626837,-154.806230,4.076694,2.830179,7.632850,7.196791,0.037323,0.013220
14.680484,-387.863166,-194.124733,7.280620,6.392632,-201.277412,-153.132944,4.339731,2.715047,7.637723,7.203601,0.036763,0.013452
14.684681,-388.469800,-192.310977,7.274507,6.478012,-203.243204,-152.986474,4.242993,3.441931,7.644783,7.208738,0.039005,0.014747
14.688878,-390.004913,-190.556998,7.367227,6.501083,-203.737201,-151.521307,4.351176,2.951602,7.647404,7.214519,0.037858,0.013842
14.693075,-390.792378,-189.018339,7.421461,6.421221,-204.535988,-149.130631,4.100333,2.754279,7.643013,7.223980,0.037059,0.012976
14.697271,-391.765488,-187.568950,7.328533,6.470964,-205.073513,-148.478407,4.255866,2.814740,7.647578,7.227313,0.037338,0.013352
14.701468,-392.463956,-186.608010,7.319277,6.417076,-205.497953,-147.669946,4.342680,2.978813,7.648654,7.230884,0.037388,0.013844
14.705665,-392.577430,-185.909360,7.279830,6.307406,-206.977796,-147.972017,4.353348,3.431541,7.652355,7.233314,0.038203,0.014812
14.709862,-393.102491,-185.287298,7.280520,6.453042,-207.056918,-146.721811,4.248717,3.375367,7.649586,7.237503,0.038596,0.014542
14.714059,-393.448637,-184.863188,7.461874,6.582342,-207.460194,-145.555544,4.372639,2.483673,7.645702,7.242178,0.037411,0.012750
14.718255,-393.389124,-184.693050,7.453012,6.513224,-207.738817,-146.205697,4.456032,3.183636,7.649566,7.240713,0.038578,0.014386
14.722452,-393.291657,-184.657806,7.384402,6.521693,-207.677109,-147.021609,4.216099,3.728689,7.653929,7.237951,0.039885,0.015320
14.726649,-393.545102,-184.503262,7.497671,6.550727,-207.639213,-146.950769,4.241267,3.716308,7.654666,7.238092,0.039949,0.015329
14.730846,-393.236067,-184.881070,7.423701,6.607719,-207.624740,-147.026745,4.223263,3.771607,7.652797,7.237815,0.040372,0.015441
14.735043,-393.690888,-184.973724,7.321428,6.494555,-207.680570,-147.028378,4.141623,3.631785,7.652747,7.237937,0.039413,0.014971
14.739240,-392.381207,-185.876655,7.074443,6.736834,-207.353744,-147.008985,4.244671,3.147170,7.646928,7.237256,0.039520,0.013975
14.743436,-392.460445,-186.777849,7.283848,6.527586,-206.818390,-147.474584,4.051734,3.165367,7.645347,7.234542,0.038492,0.013737
14.747633,-391.817734,-187.978099,7.210640,6.550606,-205.795027,-147.321105,4.218686,2.536487,7.638806,7.232688,0.037238,0.012671
14.751830,-390.695850,-189.807737,7.383802,6.564828,-205.221578,-148.882844,4.302005,2.721190,7.636811,7.226363,0.037801,0.013219
14.756027,-389.948657,-191.475130,7.234275,6.356494,-204.099672,-150.692111,3.886574,3.517662,7.637964,7.217994,0.038425,0.014395
14.760224,-388.528710,-193.029660,7.242660,6.379394,-202.759962,-150.789301,4.163585,2.590204,7.630402,7.214535,0.036558,0.012820
14.764421,-387.244850,-195.002910,7.079391,6.508945,-201.882284,-152.698118,4.173469,3.074555,7.629598,7.206415,0.038145,0.013884
14.768617,-386.068300,-197.506612,7.167879,6.419492,-201.173566,-154.407791,4.374653,2.932965,7.624972,7.199352,0.037571,0.013946
14.772814,-384.685776,-199.685083,7.035904,6.550089,-199.843520,-156.939806,4.114778,3.395358,7.626724,7.188260,0.039105,0.014508
14.777011,-382.806470,-202.366199,6.925934,6.592391,-198.237601,-157.886936,4.107062,3.068467,7.617501,7.181407,0.038538,0.013843
14.781208,-381.215383,-205.239789,6.987324,6.668598,-197.202236,-159.096864,4.389965,2.690902,7.608289,7.175126,0.038259,0.013663
14.785405,-379.050107,-208.174474,6.968999,6.636730,-195.655890,-161.271651,4.168449,2.700684,7.603600,7.164621,0.038181,0.013300
14.789601,-377.156968,-211.503898,7.255864,6.512118,-193.401600,-163.786387,4.251653,3.132650,7.599914,7.151306,0.038488,0.014371
14.793798,-375.235862,-214.558758,7.179098,6.441322,-191.988904,-166.571847,3.965969,3.357840,7.597863,7.139351,0.038684,0.014287
14.797995,-372.550270,-218.247627,7.001183,6.467740,-189.391458,-167.533722,3.992074,2.789196,7.583864,7.129746,0.037467,0.013330
14.802192,-369.862618,-221.891629,7.065596,6.522792,-186.905420,-170.061962,4.079541,2.862950,7.577926,7.115733,0.037892,0.013721
14.806389,-366.947346,-225.853539,6.939666,6.553242,-185.274199,-171.961182,3.910098,2.687849,7.565606,7.105833,0.037776,0.013095
14.810586,-364.485741,-229.929191,6.954772,6.497329,-183.293611,-175.622559,4.259716,3.127751,7.562783,7.089953,0.038558,0.014626
14.814782,-361.338127,-234.041057,7.135513,6.412889,-180.454486,-178.390589,4.121034,3.429108,7.555513,7.074335,0.038895,0.014924
14.818979,-358.034133,-238.721842,6.852566,6.532315,-177.234212,-179.744216,3.630673,2.880393,7.538661,7.061552,0.037863,0.013003
14.823176,-354.455758,-243.707446,6.869333,6.522621,-173.940831,-182.383087,3.707988,2.818901,7.526495,7.044895,0.037668,0.013151
14.827373,-350.724929,-248.638290,6.911740,6.246539,-171.766481,-185.604175,3.661678,2.915142,7.515324,7.029882,0.036903,0.013200
14.831570,-346.459312,-253.444279,6.942519,6.441205,-169.690947,-188.342414,4.060898,3.065355,7.501107,7.016536,0.038477,0.014392
14.835767,-342.288344,-258.895781,6.897096,6.425754,-165.474592,-191.129845,3.843269,3.029174,7.487988,6.996764,0.038078,0.013914
14.839963,-337.771451,-264.222427,6.933743,6.350325,-162.858909,-194.129459,4.274817,2.949319,7.472845,6.981211,0.038055,0.014933
14.844160,-333.361090,-269.871981,6.915131,6.311512,-159.590553,-196.390743,3.804384,3.056165,7.453922,6.965573,0.037913,0.013933
14.848357,-328.148601,-275.546316,6.821653,6.386793,-155.969376,-199.891985,3.626083,2.632187,7.439983,6.945778,0.037469,0.012959
14.852554,-323.338114,-281.269342,6.980200,6.308713,-152.466535,-202.204236,4.143705,2.970719,7.420603,6.929256,0.038179,0.014851
14.856751,-318.225324,-287.205638,6.798008,6.435329,-148.681050,-205.656796,4.098746,3.122804,7.405659,6.909153,0.038838,0.014943
14.860947,-311.885267,-293.062797,6.707845,6.304418,-143.677685,-207.701359,3.752065,2.992792,7.384371,6.888354,0.037795,0.013955
14.865144,-306.445039,-299.201954,6.759818,6.282825,-140.338234,-210.487148,3.551811,2.712688,7.363441,6.871232,0.037316,0.013109
14.869341,-300.255600,-305.730905,6.720329,6.372199,-136.652629,-213.026010,3.295821,3.109078,7.338449,6.853550,0.038226,0.012812
14.873538,-293.639729,-312.064660,6.583170,6.198348,-131.843151,-215.686421,3.496483,3.025224,7.316748,6.831852,0.037421,0.013350
14.877735,-287.065710,-318.785698,6.450853,6.450754,-127.605328,-218.043997,3.644030,2.948604,7.290531,6.812672,0.038089,0.013774
14.881932,-279.557341,-325.307925,6.716764,6.433393,-123.082784,-221.097489,3.708768,2.971192,7.266448,6.791150,0.038678,0.014022
14.886128,-272.298788,-331.691647,6.348550,6.457142,-118.641304,-223.679928,3.916591,3.022521,7.241286,6.770861,0.038549,0.014766
14.890325,-264.369642,-338.224026,6.457143,6.267508,-113.563708,-225.743606,3.566925,2.882276,7.213134,6.749282,0.037597,0.013612
14.894522,-256.301128,-344.986360,6.319739,6.457209,-109.468908,-229.001149,3.449984,3.399828,7.185419,6.729101,0.038801,0.013556
14.898719,-247.416639,-351.465897,6.570859,6.127872,-104.621487,-230.761850,3.294540,3.082462,7.152225,6.708842,0.037803,0.012864
14.902916,-239.007640,-357.926120,6.377066,6.289808,-100.018635,-232.846532,3.500587,2.576552,7.121208,6.688901,0.037516,0.013311
14.907112,-230.027643,-364.570988,6.326139,6.357862,-95.778949,-234.989563,3.452917,2.489330,7.086272,6.670216,0.037588,0.013133
14.911309,-220.821676,-370.930845,6.476761,6.347926,-90.250848,-236.863020,3.506075,2.500405,7.055370,6.647228,0.037971,0.013394
14.915506,-210.943534,-377.099931,6.429810,6.373259,-85.597607,-238.750106,3.645765,2.559552,7.019309,6.627433,0.038354,0.013953
14.919703,-200.602452,-383.248690,6.528924,6.267690,-80.205575,-240.059058,3.513561,2.780298,6.982326,6.605633,0.038425,0.013619
14.923900,-189.731771,-389.082967,6.279762,6.265086,-75.658606,-241.959165,3.411574,2.863542,6.942717,6.586245,0.037874,0.013279
14.928097,-179.049203,-395.038427,6.402230,6.441105,-70.598037,-242.850049,3.202024,3.017245,6.902325,6.566094,0.038223,0.012606
14.932293,-167.926999,-400.513383,6.273209,6.451106,-66.647649,-245.007222,3.551071,2.696228,6.860466,6.548782,0.038499,0.013780
14.936490,-156.222517,-405.788975,6.071413,6.528701,-61.342365,-247.037779,3.766824,2.891026,6.821887,6.526574,0.038626,0.014621
14.940687,-144.364235,-410.275901,5.897868,6.494807,-56.044025,-247.010237,3.386832,2.848276,6.779062,6.506297,0.037000,0.013275
14.944884,-131.763766,-415.540043,6.147653,6.712026,-51.988828,-248.865045,3.575834,2.510016,6.729588,6.489127,0.038543,0.013915
14.949081,-119.509996,-419.821591,6.113168,6.405554,-46.279270,-250.042162,3.762616,2.779536,6.690404,6.466200,0.038659,0.014685
14.953278,-106.665841,-423.638992,6.360159,6.422481,-41.699419,-250.444564,3.448872,2.407263,6.642050,6.448173,0.038868,0.013490
14.957474,-93.823810,-427.382030,5.999032,6.339678,-36.612482,-252.156361,3.172547,3.032305,6.598774,6.427375,0.036944,0.012440
14.961671,-80.195342,-430.117747,6.063806,6.803375,-31.231161,-252.352570,3.163947,2.471810,6.551963,6.406319,0.037251,0.012406
14.965868,-67.039013,-433.002716,5.899868,6.494529,-25.837124,-252.440619,3.593019,2.532650,6.507531,6.385179,0.037316,0.014122
14.970065,-53.395507,-435.369842,5.894991,6.527993,-20.976406,-253.542635,3.323629,2.711327,6.459627,6.365731,0.036692,0.013049
14.974262,-39.690296,-436.992824,5.954148,6.522079,-16.065290,-254.039051,3.745374,2.692465,6.411606,6.346341,0.038133,0.014700
14.978458,-25.114906,-437.892228,5.909397,6.634085,-10.590436,-254.054390,3.176578,2.554373,6.362028,6.324847,0.036395,0.012489
14.982655,-11.810187,-438.344819,5.968142,6.405621,-5.712009,-254.373266,3.622594,2.864916,6.316321,6.305637,0.037928,0.014236
14.986852,2.412150,-438.513723,6.124906,6.855122,-0.231041,-254.385616,3.271696,2.666429,6.268831,6.284094,0.037709,0.012861
14.991049,16.591796,-437.829734,6.139468,6.574649,4.760238,-254.418210,3.502839,2.488915,6.218766,6.264477,0.038458,0.013764
14.995246,29.575847,-437.073469,5.819283,6.618576,9.775332,-254.190365,3.195081,2.477564,6.175337,6.244748,0.036117,0.012557
14.999443,43.691081,-435.745614,6.329848,6.983927,15.759298,-253.898609,3.224791,2.674415,6.130776,6.221196,0.038661,0.012669
15.003639,57.660918,-434.073378,5.898860,7.035172,20.163148,-253.727286,3.742943,2.751457,6.078185,6.203884,0.038059,0.014684
15.007836,70.707549,-431.001033,6.112362,6.896054,25.945557,-253.703095,3.794098,2.751281,6.035886,6.181272,0.039419,0.014841
15.012033,84.532281,-428.335546,6.055378,6.596708,29.804071,-252.441816,3.149344,2.204640,5.981537,6.165666,0.037115,0.012346
15.016230,97.242411,-424.983876,6.393296,6.796575,36.201165,-253.046096,3.620749,3.100429,5.942046,6.141088,0.040346,0.014126
15.020427,110.066082,-421.373580,6.148243,6.595285,40.962925,-252.230668,3.526464,3.162547,5.895331,6.122188,0.038971,0.013766
15.024624,122.669916,-417.558918,6.513352,6.492880,46.686501,-250.875769,3.474351,2.604197,5.855473,6.099196,0.039943,0.013515
15.028820,135.017274,-412.624496,6.522834,6.508540,51.546108,-250.358285,3.373160,3.078990,5.808077,6.080133,0.040080,0.013152
15.033017,147.186490,-408.178304,6.429857,6.547214,56.827861,-248.950944,3.569903,2.980692,5.767020,6.058761,0.039959,0.013875
15.037214,158.786027,-402.695614,6.499141,6.786514,62.079136,-247.505857,3.686697,2.809389,5.725916,6.037436,0.040670,0.014267
15.041411,170.203633,-397.845833,6.478553,6.551023,68.284367,-246.433243,3.553774,2.956731,5.690726,6.012876,0.040143,0.013744
15.045608,182.039755,-392.370836,6.518089,6.700996,72.579790,-244.905031,3.633036,3.089924,5.644648,5.995072,0.040472,0.014063
15.049804,192.375559,-386.290025,6.513326,6.570805,78.344238,-243.225987,3.612251,2.964174,5.610237,5.971574,0.040207,0.013917
15.054001,202.680734,-380.701880,6.703999,6.618788,83.645758,-240.574622,3.269273,2.499301,5.578995,5.948569,0.039705,0.012545
15.058198,213.108101,-374.618559,6.813138,6.389789,89.182494,-239.331117,3.889602,2.942820,5.541591,5.926492,0.040805,0.014827
15.062395,222.557475,-368.034936,6.852256,6.322956,93.656931,-237.757080,3.262372,3.046610,5.503101,5.907933,0.039901,0.012657
15.066592,231.913393,-361.774939,6.829891,6.374342,99.350401,-234.147001,3.919939,2.136078,5.478822,5.881901,0.039669,0.014561
15.070789,241.322164,-355.321150,6.694887,6.339236,104.660550,-232.726206,3.594014,2.793275,5.443583,5.860568,0.039405,0.013607
15.074985,249.671982,-349.263115,6.805795,6.297144,110.173368,-230.425905,3.455419,3.071913,5.417978,5.837187,0.039707,0.013262
15.079182,257.829075,-342.739951,6.873275,6.371995,114.620825,-227.692581,3.742022,2.887023,5.389174,5.816820,0.039916,0.014066
15.083379,266.682371,-336.182441,6.823200,6.212370,119.906321,-224.928877,3.624822,3.050170,5.360979,5.793421,0.039230,0.013754
15.087576,274.349595,-329.954208,6.690062,6.170082,124.465055,-221.815045,3.797755,2.628567,5.337388,5.771844,0.038198,0.013969
15.091773,281.167667,-323.789517,6.857576,6.191432,128.458890,-219.273192,3.609790,2.746455,5.312579,5.753243,0.038364,0.013418
15.095969,288.610318,-317.500672,7.100280,6.297730,134.502449,-216.232551,3.768089,2.491636,5.293757,5.726727,0.038925,0.013586
15.100166,295.066771,-310.446594,6.934595,6.057085,138.652529,-212.906307,3.542509,2.452799,5.269983,5.705941,0.037477,0.012817
15.104363,302.138710,-304.506515,7.169544,6.145521,142.593179,-209.899348,3.508773,2.380584,5.247630,5.686460,0.037627,0.012594
15.108560,308.143721,-298.025182,6.968526,6.139551,147.189200,-206.747618,3.933047,2.435374,5.228267,5.664499,0.037672,0.013797
15.112757,314.370461,-292.010226,7.051145,6.010279,152.159421,-203.461762,3.682703,2.296805,5.212067,5.641060,0.036868,0.012809
15.116954,319.816497,-286.271863,6.858302,6.017113,155.923225,-200.242528,3.656730,2.696435,5.195766,5.621585,0.037090,0.013109
15.121150,325.907085,-280.594845,6.936054,6.061670,160.420935,-196.957557,3.164459,2.131474,5.180350,5.599668,0.036062,0.011017
15.125347,330.331877,-275.017464,6.760191,6.099464,164.175608,-194.176283,3.585082,2.617418,5.165208,5.581311,0.037035,0.012652
15.129544,335.413050,-268.947735,7.107326,6.065156,166.898628,-190.824015,3.967637,2.484998,5.146497,5.564570,0.036942,0.013432
15.133741,339.875515,-263.664342,7.077658,6.053412,170.109599,-187.764174,3.550399,2.459641,5.132818,5.547079,0.036482,0.012261
15.137938,344.261958,-258.167072,6.799343,5.937503,175.588843,-184.053418,3.475834,2.452353,5.126387,5.521319,0.036015,0.011918
15.142135,348.406223,-252.815487,7.047346,6.014107,178.643116,-180.673260,3.241143,2.429878,5.114224,5.503437,0.036304,0.011291
15.146331,352.528780,-248.085299,6.880050,6.098701,181.618462,-178.067284,3.455947,2.645767,5.101210,5.487914,0.036866,0.012069
15.150528,356.478966,-242.901370,7.224934,5.887202,184.326611,-175.309804,3.923927,2.766329,5.086523,5.472720,0.036548,0.013233
15.154725,359.908220,-238.108901,7.137065,6.036721,187.454678,-171.201001,3.651499,2.183514,5.082487,5.452500,0.035952,0.011594
15.158922,363.467996,-233.688927,6.982170,6.015030,190.330231,-168.407684,3.189881,2.376760,5.072954,5.436753,0.035831,0.010874
15.163119,365.930452,-229.355898,6.892843,5.903355,193.100036,-165.052772,3.612143,2.273412,5.068579,5.419636,0.035359,0.011473
15.167315,369.468262,-225.358926,6.918540,5.879430,195.460878,-162.465042,3.747776,2.604291,5.059222,5.405861,0.035739,0.012285
15.171512,372.181433,-220.424506,7.082217,6.050312,197.496915,-159.744536,3.419242,2.419767,5.046718,5.392500,0.036093,0.011248
15.175709,374.788736,-216.627170,7.105765,5.985865,199.477618,-157.926269,3.476460,3.061311,5.035494,5.382048,0.037064,0.012686
15.179906,377.072569,-213.150526,7.050165,5.983842,201.780816,-153.872171,3.356406,2.520512,5.038486,5.363887,0.035884,0.011257
15.184103,379.819739,-209.401126,7.205573,6.000051,203.892379,-151.860105,3.679214,2.669129,5.028494,5.352557,0.036355,0.012067
15.188300,381.796739,-205.955170,7.340310,6.159949,205.491620,-148.605467,3.530103,2.119889,5.026880,5.338497,0.036072,0.010603
15.192496,383.849171,-202.463147,7.177397,6.177651,207.137196,-148.131739,3.650803,3.480934,5.010673,5.333203,0.038831,0.013899
15.196693,385.501285,-199.441789,7.059833,6.181548,208.673548,-144.357995,3.370003,2.390809,5.014373,5.317583,0.036402,0.010823
15.200890,386.962459,-196.510396,7.024378,6.386928,209.961857,-142.156135,3.133942,2.310197,5.010333,5.307550,0.037125,0.010244
15.205087,388.918036,-194.025379,7.088892,6.063276,211.436007,-140.136244,3.439151,2.406348,5.007174,5.297698,0.035844,0.010892
15.209284,390.251621,-191.442978,7.308254,5.999412,212.796040,-138.192920,3.543435,2.258588,5.003915,5.288353,0.035455,0.010658
15.213481,391.376965,-189.064707,7.019698,5.958136,213.978161,-138.158782,2.903320,3.387229,4.991838,5.285713,0.037457,0.012769
15.217677,392.630150,-187.097104,7.060999,6.130147,215.082186,-134.812195,3.652390,2.162150,4.998777,5.272277,0.035808,0.010511
15.221874,393.670172,-184.708988,7.190525,6.031322,214.982509,-133.353897,3.582159,2.298546,4.992248,5.267602,0.035436,0.010739
15.226071,394.699034,-183.065189,7.052734,6.101102,216.215965,-131.914327,3.123968,2.198445,4.991495,5.260205,0.035474,0.009807
15.230268,395.043721,-181.315941,7.080822,6.119488,216.785978,-130.687564,3.396199,2.134443,4.989120,5.254895,0.035580,0.010007
15.234465,395.456690,-180.171701,6.970010,6.246662,218.011932,-129.931158,3.123721,2.311747,4.988301,5.249849,0.036537,0.010046
15.238661,396.302989,-178.980188,6.924768,6.011891,218.185637,-129.315350,3.661034,2.390891,4.984314,5.247412,0.035572,0.010951
15.242858,396.727869,-177.882838,7.020326,6.147117,218.599226,-128.588452,3.735472,2.225122,4.982367,5.244115,0.035970,0.010628
15.247055,397.005773,-177.136545,7.247327,6.072994,218.648918,-128.458280,3.761595,2.066491,4.978826,5.243574,0.035436,0.010287
15.251252,397.245238,-176.751830,7.302267,6.024321,218.334343,-130.214336,3.631036,3.507053,4.966865,5.250156,0.038146,0.013925
15.255449,397.512809,-176.637549,7.301700,6.156973,218.475783,-130.253384,3.622970,3.701334,4.965891,5.250003,0.039192,0.014472
15.259646,397.603193,-176.143894,7.242722,6.155638,218.475783,-130.253384,3.622970,3.701334,4.963184,5.250003,0.039167,0.014472
15.263842,397.304528,-176.107352,7.335359,6.320738,218.333521,-130.527763,3.604675,3.546072,4.961764,5.251216,0.039566,0.014001
15.268039,397.438629,-175.965579,7.292832,6.246013,218.711913,-130.244689,3.398411,3.204169,4.962833,5.249499,0.038417,0.012791
15.272236,397.270021,-176.357047,7.258753,6.179968,218.324930,-129.617239,3.651281,2.240916,4.967877,5.248156,0.036138,0.010559
15.276433,396.586507,-176.825993,6.960366,5.943734,217.283132,-130.130170,3.674432,2.008963,4.967159,5.251997,0.034473,0.010093
15.280630,395.930620,-177.647156,7.028753,6.163020,216.930452,-130.772385,3.542179,2.151648,4.968508,5.254887,0.035789,0.010249
15.284826,395.853841,-178.395197,7.112710,5.976242,216.756939,-133.844313,3.417383,3.226032,4.956194,5.265567,0.037172,0.012875
15.289023,394.519326,-179.865643,7.055619,6.191009,214.889931,-133.277707,3.552796,2.045022,4.966154,5.267539,0.035649,0.010103
15.293220,394.154022,-181.124844,7.099441,5.919858,214.771290,-134.768316,3.593515,2.157892,4.965279,5.272782,0.034636,0.010427
15.297417,392.699412,-182.751822,6.941572,6.129599,213.155623,-136.315890,3.633476,2.182323,4.965476,5.281357,0.035576,0.010614
15.301614,391.637587,-184.263964,7.179251,6.223777,212.939059,-139.811071,3.346628,3.310102,4.956199,5.293374,0.038573,0.013038
15.305811,390.898646,-186.640303,7.017178,6.149978,211.213787,-140.132230,3.590207,2.231949,4.965662,5.298169,0.035745,0.010731
15.310007,389.791592,-188.485129,7.303424,5.950939,210.086012,-142.221456,3.233205,2.321027,4.964359,5.307489,0.035020,0.010413
15.314204,387.948682,-190.631783,7.244253,6.001457,209.109654,-143.913323,3.509450,2.275252,4.967911,5.315165,0.035353,0.010768
15.318401,386.436340,-193.310965,6.879374,6.019681,207.102602,-146.119677,3.616126,2.266006,4.969703,5.326825,0.035198,0.011001
15.322598,384.840518,-195.918165,7.022755,6.074832,205.219743,-148.541459,3.668838,2.251428,4.970275,5.338921,0.035433,0.011132
15.326795,382.715766,-198.926139,6.974011,5.926053,203.493858,-150.875805,3.677902,2.231363,4.974334,5.350381,0.034751,0.011173
15.330992,380.816336,-201.677555,7.008966,6.251692,201.231142,-153.581609,3.577952,2.330569,4.974065,5.364291,0.036354,0.011274
15.335188,378.532609,-205.105723,6.888548,5.947787,199.235616,-156.953296,3.794465,2.725418,4.974760,5.379632,0.035764,0.012528
15.339385,375.934187,-208.700537,7.281746,5.769177,197.346350,-159.004741,3.571233,2.145098,4.983794,5.390604,0.034071,0.011027
15.343582,373.443534,-212.623832,7.017437,5.879707,194.648503,-162.910568,4.100956,2.856363,4.983585,5.409256,0.035908,0.013491
15.347779,370.975756,-215.978315,6.883093,6.032249,192.500778,-165.035731,3.647830,2.554859,4.990428,5.421120,0.035842,0.012091
15.351976,367.791365,-220.135955,7.079658,6.071477,191.440851,-167.476310,3.580703,2.260579,5.002568,5.431117,0.035914,0.011431
15.356172,364.417013,-224.246257,7.244515,6.038733,187.283555,-171.373422,3.960634,2.619849,5.002461,5.453456,0.036434,0.012996
15.360369,361.444605,-229.061283,6.979700,6.046905,184.958413,-174.458676,3.686349,2.646283,5.012436,5.468582,0.036394,0.012502
15.364566,358.049593,-233.489373,6.876555,5.968700,181.462249,-177.511740,3.846137,2.492262,5.019365,5.486783,0.035679,0.012709
15.368763,354.643056,-238.210636,7.165933,6.016019,179.083225,-180.414874,3.639031,2.423705,5.030422,5.501491,0.035998,0.012179
15.372960,350.626953,-243.480749,7.203948,5.849282,175.627437,-183.326732,3.626505,2.168405,5.043474,5.519233,0.034887,0.011887
15.377157,346.893466,-248.823586,7.077494,5.883852,171.825857,-186.892188,3.631847,2.331878,5.052407,5.539763,0.035164,0.012229
15.381353,342.209539,-253.826548,7.039857,6.199614,169.218984,-189.775511,3.258880,2.507706,5.066995,5.554986,0.037001,0.011602
15.385550,338.067079,-259.515997,7.044273,6.078684,164.777447,-193.818758,4.054678,2.590643,5.074765,5.578597,0.036786,0.013819
15.389747,333.272728,-264.795523,7.029740,6.077212,161.201072,-196.745367,3.434065,2.549573,5.088989,5.596763,0.036589,0.012224
15.393944,328.058974,-271.186685,6.975721,6.296452,156.586815,-199.871699,3.309640,2.501870,5.106525,5.618626,0.037278,0.011925
15.398141,322.525746,-276.836083,6.960575,6.121437,153.368841,-202.644434,3.253001,2.480670,5.125720,5.635323,0.036763,0.011784
15.402338,317.217288,-283.156208,6.619216,6.393499,149.352122,-205.703695,3.255703,2.405881,5.144680,5.655186,0.037486,0.011761
15.406534,311.710456,-289.229588,6.888051,6.227074,144.138852,-209.368451,3.736244,2.445534,5.157125,5.680256,0.037260,0.013280
15.410731,305.882296,-295.918527,6.956375,6.165993,139.454593,-212.197999,3.655251,2.706606,5.178469,5.701772,0.037443,0.013379
15.414928,298.946895,-301.968416,6.814957,6.142983,135.548017,-215.537875,3.720882,2.794338,5.198931,5.721799,0.037779,0.013681
15.419125,292.375010,-308.464159,6.985396,5.954663,130.930494,-218.154370,4.020256,2.553744,5.222410,5.742638,0.037240,0.014499
15.423322,285.297078,-315.379714,6.880841,6.377544,125.926084,-221.301689,3.640235,2.494114,5.245652,5.765853,0.038374,0.013337
15.427518,277.541034,-322.305163,7.041396,6.199921,121.901836,-223.231187,3.645011,2.420156,5.279259,5.783358,0.038192,0.013379
15.431715,270.275900,-328.995943,6.659676,6.472450,116.338895,-226.647054,3.667363,2.882286,5.299150,5.808951,0.039208,0.013809
15.435912,262.761963,-335.764871,6.802952,6.051995,112.472018,-228.623377,3.494338,2.675771,5.331719,5.825996,0.037826,0.013150
15.440109,254.087179,-342.513758,7.181775,6.244137,107.085525,-231.212117,3.595351,2.628676,5.360448,5.849451,0.039363,0.013518
15.444306,245.387083,-349.257077,6.863498,6.152323,101.970780,-233.611311,3.672908,2.682608,5.390998,5.871617,0.038829,0.013861
15.448503,236.944490,-355.998196,6.672365,6.442926,97.044352,-235.331965,3.670145,2.491968,5.424105,5.892059,0.039070,0.013842
15.452699,227.494300,-362.599058,6.731529,6.377145,92.276557,-237.632729,3.483490,2.585361,5.458407,5.912792,0.039166,0.013257
15.456896,217.649902,-369.339979,6.792364,6.444189,86.689089,-239.424264,3.525648,2.746653,5.493781,5.935796,0.039755,0.013527
15.461093,207.662797,-376.272734,6.678781,6.291913,81.878457,-241.580754,3.470144,2.970719,5.531971,5.956408,0.039433,0.013416
15.465290,197.363843,-382.331864,6.647586,6.293483,75.877360,-243.424258,3.546572,3.061168,5.564591,5.981022,0.039596,0.013751
15.469487,186.301952,-388.364595,6.593663,6.294985,71.799965,-244.500397,3.534617,2.628775,5.610947,5.997555,0.039336,0.013623
15.473683,174.739433,-394.695417,6.481272,6.487531,66.510657,-246.427247,3.604915,2.879656,5.652638,6.019567,0.039807,0.013949
15.477880,162.805178,-400.222549,6.630017,6.445908,61.326954,-247.668870,3.175871,3.063624,5.696201,6.040451,0.039767,0.012422
15.482077,150.986213,-405.973051,6.540051,6.259669,56.378671,-248.304261,3.740155,2.366617,5.742737,6.059916,0.039813,0.014471
15.486274,138.709543,-411.361658,6.426589,6.662122,50.855358,-249.923895,3.396034,2.922303,5.784807,6.082443,0.039556,0.013247
15.490471,126.314733,-415.750497,6.461954,6.481217,45.983282,-250.761813,3.657188,2.675903,5.830080,6.101826,0.040041,0.014236
15.494668,113.161687,-420.154811,6.370806,6.579343,40.603276,-251.518378,3.660921,2.565944,5.876863,6.123133,0.039785,0.014276
15.498864,100.096103,-424.545033,6.068772,6.499214,36.932785,-251.902564,3.758671,2.445958,5.932450,6.137607,0.038708,0.014673
15.503061,86.420388,-428.383704,5.967378,6.683119,31.099020,-252.642510,3.618332,2.533832,5.978217,6.160706,0.037961,0.014160
15.507258,72.998196,-430.859615,6.149448,6.851664,26.235280,-253.875383,3.790664,3.050622,6.024868,6.180212,0.039563,0.014824
15.511455,58.796601,-433.720093,6.040966,6.717704,21.742268,-254.654171,3.852871,2.934822,6.079134,6.198012,0.039221,0.015052
15.515652,44.573727,-435.564060,6.112108,6.629789,16.421227,-254.001068,3.340219,2.472752,6.129354,6.218625,0.037924,0.013111
15.519849,30.602701,-437.172872,6.122207,6.666920,10.912385,-254.400891,3.693297,2.565202,6.175868,6.240317,0.038894,0.014497
15.524045,16.384174,-438.106816,6.021296,6.375810,6.577785,-254.379462,3.540556,2.489321,6.229861,6.257333,0.037963,0.013911
15.528242,1.271504,-438.384612,5.805806,6.788209,1.463807,-254.516302,3.359955,2.732587,6.284231,6.277434,0.036482,0.013201
15.532439,-12.608263,-438.008245,5.819272,6.560786,-2.455696,-255.258159,3.272515,2.990215,6.338683,6.292805,0.036486,0.012820
15.536636,-27.097478,-437.552985,6.229544,6.619775,-7.924949,-254.558389,3.734224,2.732145,6.387575,6.314307,0.039468,0.014659
15.540833,-41.302886,-435.931007,6.279823,6.687886,-12.522253,-254.319776,3.405664,2.652389,6.440352,6.332384,0.038858,0.013369
15.545029,-55.534447,-433.815991,6.082404,6.602403,-17.152891,-253.710559,4.042320,2.447180,6.493150,6.350691,0.039598,0.015874
15.549226,-69.331914,-431.660808,5.870179,6.628401,-22.036815,-253.732548,3.548347,2.729525,6.542988,6.369818,0.037370,0.013911
15.553423,-82.643482,-428.969713,6.040806,6.394139,-26.500743,-253.465527,4.093198,2.832930,6.592792,6.387360,0.039450,0.016016
15.557620,-96.266335,-425.045632,6.275711,6.404114,-31.808938,-252.104077,3.674322,2.417662,6.639949,6.408696,0.039128,0.014396
15.561817,-109.421918,-421.300492,6.228851,6.481484,-36.845690,-251.799370,3.362682,2.707868,6.687743,6.428484,0.038345,0.013165
15.566014,-121.770879,-416.985491,6.438652,6.475430,-41.362089,-250.800961,3.641175,2.671344,6.733832,6.446634,0.039672,0.014237
15.570210,-134.500000,-412.630878,6.563043,6.487113,-46.139067,-249.323750,3.630498,2.827026,6.779148,6.466172,0.039888,0.014225
15.574407,-147.000003,-407.453985,6.276588,6.394326,-51.710473,-248.422286,3.459925,2.661529,6.823006,6.488410,0.038319,0.013519
15.578604,-158.315305,-402.224284,6.279352,6.410306,-56.095151,-247.140546,3.705919,2.862902,6.865951,6.506380,0.038820,0.014478
15.582801,-169.851742,-396.393085,6.249280,6.216078,-61.423476,-246.029789,3.710965,2.533446,6.907938,6.527843,0.038208,0.014403
15.586998,-181.371276,-391.150499,6.139713,6.586935,-65.879296,-245.128186,3.541144,2.417815,6.952365,6.545736,0.037924,0.013698
15.591195,-191.765169,-384.930692,6.205652,6.196331,-70.650068,-243.344788,3.908098,2.435896,6.990816,6.565746,0.037871,0.015052
15.595391,-201.998300,-379.287423,6.249559,6.389882,-76.031573,-242.096143,3.517957,2.819579,7.025956,6.587486,0.038049,0.013639
15.599588,-212.248776,-372.444964,6.363390,6.336088,-81.207481,-240.307659,3.668525,2.848665,7.064419,6.609068,0.038423,0.014165
15.603785,-222.038807,-366.358519,6.439987,6.443700,-86.117135,-238.235487,3.624316,3.136637,7.098110,6.630050,0.038934,0.014098
15.607982,-231.146590,-360.067744,6.476632,6.254750,-91.099150,-235.939665,3.611393,2.973978,7.128771,6.651662,0.038182,0.013978
15.612179,-239.948353,-354.069395,6.770761,6.229037,-96.204007,-234.022945,3.253912,2.604421,7.158179,6.673214,0.037772,0.012522
15.616375,-248.692223,-347.295628,6.486726,6.166003,-100.647262,-232.156308,3.960285,2.900591,7.192967,6.692261,0.037967,0.015066
15.620572,-257.102742,-340.692682,6.550381,6.465336,-105.382800,-229.796844,3.323363,2.544900,7.222801,6.713161,0.037722,0.012665
15.624769,-264.906117,-334.548807,6.491237,6.372491,-110.107997,-227.523156,3.269323,2.915280,7.249059,6.733904,0.037689,0.012680
15.628966,-272.356782,-327.945152,6.812924,6.322731,-114.101624,-225.415066,3.505288,2.779970,7.279099,6.751768,0.037856,0.013339
15.633163,-279.598449,-321.507124,6.698687,6.186781,-119.245778,-223.240501,3.666338,2.653929,7.304192,6.773785,0.037170,0.013699
15.637360,-286.651969,-315.416239,6.738418,6.189420,-124.342056,-220.462403,3.159367,2.826183,7.324653,6.796718,0.037078,0.012178
15.641556,-293.238994,-309.627950,7.087635,6.182852,-128.033995,-217.903607,3.441421,2.899279,7.347143,6.814416,0.037523,0.013100
15.645753,-299.511952,-303.400330,6.802654,6.288592,-132.692843,-215.400875,3.886589,2.774091,7.368566,6.835306,0.037611,0.014288
15.649950,-305.741978,-297.182943,6.717808,6.288357,-137.303338,-212.903335,3.604973,2.437892,7.390048,6.855973,0.036791,0.013047
15.654147,-311.938213,-291.812986,6.920840,6.252372,-141.221737,-210.171920,3.748263,2.731338,7.407904,6.874826,0.037149,0.013681
15.658344,-317.674175,-286.092133,6.859702,6.281495,-145.018095,-207.200645,3.577248,2.764303,7.425381,6.893839,0.036989,0.013174
15.662540,-322.415612,-280.431069,7.025550,6.126792,-149.311870,-204.426733,3.656410,2.711221,7.440256,6.914019,0.036559,0.013265
15.666737,-327.851711,-275.027325,6.871907,6.178867,-153.130891,-201.862477,3.608657,2.512722,7.457414,6.932161,0.036132,0.012833
15.670934,-332.618633,-269.772809,7.168178,6.450815,-155.549836,-198.556289,3.697756,2.643820,7.471583,6.947725,0.037379,0.013228
15.675131,-336.828881,-264.648803,7.129036,6.239634,-159.822735,-196.289584,3.802468,2.774167,7.485431,6.966537,0.036910,0.013549
15.679328,-340.778288,-259.788119,6.937120,6.304489,-163.809000,-194.480927,3.798830,3.301141,7.500454,6.983185,0.038254,0.014160
15.683525,-344.961378,-255.124551,6.815826,6.400863,-166.417731,-190.579679,3.616280,2.621721,7.507092,7.001006,0.036944,0.012742
15.687721,-348.938523,-250.515735,7.154401,6.437631,-169.379322,-187.387895,3.637592,2.823780,7.515908,7.018149,0.037545,0.013051
15.691918,-352.415553,-245.719701,6.920626,6.556201,-172.696050,-186.136244,4.084123,3.421658,7.533850,7.031146,0.039407,0.014935
15.696115,-355.983389,-241.520417,7.157278,6.421044,-175.066417,-182.476313,4.048560,2.864698,7.538520,7.047862,0.037594,0.013964
15.700312,-359.680527,-237.498418,7.180772,6.427262,-177.565416,-179.741815,3.653275,2.929723,7.546872,7.062492,0.037476,0.013123
15.704509,-362.267745,-233.305936,7.238472,6.546765,-180.951685,-177.851252,4.078774,3.157928,7.557171,7.077224,0.038835,0.014345
15.708706,-365.271474,-229.701297,7.226765,6.626646,-182.621003,-174.633647,4.139860,2.793759,7.561157,7.090937,0.038229,0.013859
15.712902,-367.815463,-226.282480,7.284520,6.419538,-185.530579,-171.799720,3.883837,2.732162,7.563545,7.106991,0.037268,0.013106
15.717099,-370.496908,-222.794813,7.085636,6.498626,-187.935690,-170.087702,4.108203,2.891266,7.572915,7.118394,0.037899,0.013777
15.721296,-372.518288,-219.475722,7.159649,6.556933,-190.053115,-167.400434,4.070012,2.949379,7.575974,7.131871,0.038333,0.013755
15.725493,-374.746132,-216.808376,7.261273,6.431316,-192.183962,-166.333268,3.831355,3.562378,7.584238,7.140563,0.039154,0.014479
15.729690,-376.789093,-213.924248,7.235656,6.586420,-193.858685,-164.092015,4.032002,3.369248,7.588024,7.151551,0.039361,0.014412
15.733886,-378.963412,-211.277267,7.432491,6.393809,-194.639835,-160.647789,4.147942,2.620272,7.585916,7.163968,0.036799,0.013175
15.738083,-380.578566,-208.927427,7.297361,6.345089,-197.351017,-160.101185,4.095612,3.445761,7.593555,7.172418,0.038508,0.014628
15.742280,-381.964915,-206.702743,7.150807,6.359017,-198.976753,-158.294436,4.210986,3.252515,7.595363,7.181965,0.038164,0.014371
15.746477,-383.381108,-204.769266,7.382396,6.483698,-199.721828,-156.747559,4.266518,3.519494,7.598236,7.188560,0.039278,0.015052
15.750674,-384.581195,-202.791924,7.347299,6.352847,-200.563994,-154.185022,4.274148,2.872115,7.595737,7.198584,0.037207,0.013677
15.754871,-385.778926,-201.730242,7.258968,6.483233,-201.282671,-153.134526,4.324996,3.118620,7.596435,7.203608,0.038170,0.014266
15.759067,-386.814684,-200.218216,6.938963,6.609824,-202.932999,-152.460917,4.040687,3.400143,7.599878,7.209657,0.039331,0.014357
15.763264,-387.378501,-198.877470,6.988885,6.502980,-203.571242,-150.646172,4.282570,3.017643,7.597365,7.216900,0.038097,0.013890
15.767461,-388.118035,-198.128587,7.342421,6.658043,-203.983372,-150.141197,3.892008,3.220365,7.599042,7.219471,0.039191,0.013705
15.771658,-388.544889,-197.441135,7.296606,6.650310,-205.383448,-148.846408,4.368331,2.975839,7.594645,7.226854,0.038903,0.013870
15.775855,-388.760245,-196.711822,7.356232,6.608485,-205.495396,-149.543113,4.195270,3.744015,7.602069,7.224893,0.040439,0.015370
15.780052,-389.103290,-196.525321,7.471852,6.571645,-205.382002,-148.670369,4.046113,3.349748,7.599168,7.227413,0.039254,0.014216
15.784248,-389.487798,-195.982437,7.429320,6.622417,-205.786719,-148.120096,3.830942,3.434065,7.599103,7.230107,0.039615,0.014098
15.788445,-389.584642,-196.185872,7.503783,6.649025,-206.748932,-148.064442,4.352337,3.384282,7.596623,7.232495,0.039909,0.014710
15.792642,-389.754888,-196.167285,7.490866,6.647588,-207.049042,-148.018789,4.322185,3.441624,7.596310,7.233327,0.040047,0.014783
15.796839,-389.661724,-196.345101,7.473323,6.740726,-207.037329,-147.616988,4.362980,3.228392,7.593235,7.234586,0.039987,0.014356
15.801036,-389.558289,-196.839275,7.491144,6.501371,-206.249189,-148.599793,3.985881,3.719203,7.596657,7.229638,0.039876,0.014997
15.805232,-389.040556,-197.803406,7.346599,6.633871,-205.728246,-148.793338,4.202207,3.586589,7.592734,7.227820,0.040086,0.015003
15.809429,-388.238626,-198.305479,7.322381,6.557756,-205.738149,-149.441164,4.089525,3.680958,7.592369,7.225779,0.040128,0.015050
15.813626,-387.801233,-200.076738,7.242864,6.513054,-204.732622,-148.636182,4.209793,2.860867,7.580055,7.226017,0.037935,0.013390
15.817823,-387.035281,-201.071958,7.008406,6.887540,-204.288309,-149.250609,4.187024,2.662388,7.577667,7.223020,0.039194,0.012943
15.822020,-386.088571,-202.942617,7.138100,6.571222,-203.653881,-151.623879,4.086494,3.686164,7.579769,7.213999,0.040035,0.015099
15.826217,-385.030739,-204.588438,7.301794,6.603191,-203.143427,-151.682467,4.271824,2.674070,7.570920,7.212611,0.038206,0.013155
15.830413,-383.502973,-206.465514,7.016902,6.604510,-202.312292,-153.098546,3.980658,2.643564,7.567546,7.206179,0.038090,0.012597
15.834610,-382.035259,-208.845856,7.261462,6.401419,-200.669167,-154.662523,4.057678,3.291944,7.563671,7.197342,0.038547,0.014195
15.838807,-381.047361,-211.271728,7.078932,6.471506,-199.198036,-156.325052,3.995516,3.363614,7.560549,7.188595,0.038780,0.014286
15.843004,-379.331606,-213.658475,7.047761,6.633680,-198.311685,-158.026410,4.240283,3.156851,7.555818,7.181159,0.039215,0.014262
15.847201,-377.732307,-216.329598,7.285046,6.668343,-196.721594,-159.098632,4.323773,2.649506,7.547753,7.173928,0.038467,0.013483
15.851397,-375.312366,-219.043190,6.907692,6.390276,-195.583828,-161.753235,4.402715,3.216575,7.545405,7.162976,0.038465,0.014751
15.855594,-373.556825,-222.526995,7.175757,6.539354,-193.825792,-162.991142,3.968570,2.775047,7.534108,7.154785,0.038131,0.013117
15.859791,-371.635269,-225.496899,6.981523,6.537248,-192.096221,-164.937921,3.863601,2.692035,7.528663,7.144504,0.037831,0.012802
15.863988,-369.033383,-229.160458,6.980614,6.595310,-190.155538,-166.958380,3.868921,2.611662,7.519326,7.133450,0.037989,0.012724
15.868185,-366.392670,-232.401655,6.773835,6.572981,-187.999412,-168.874873,3.828454,2.472128,7.511878,7.122121,0.037556,0.012468
15.872382,-363.251835,-236.591884,6.945737,6.509840,-185.878901,-171.514017,3.720317,2.626763,7.502332,7.108755,0.037723,0.012560
15.876578,-360.502935,-240.227601,6.990524,6.347781,-183.410684,-174.102329,3.747283,2.732892,7.496619,7.094614,0.037262,0.012865
15.880775,-357.577330,-244.544271,7.218829,6.354531,-180.859512,-176.799934,4.287432,2.716405,7.487913,7.079933,0.037612,0.014121
15.884972,-354.062293,-248.824721,6.784236,6.475788,-178.600375,-179.175272,4.174822,2.704163,7.476108,7.066977,0.037897,0.013912
15.889169,-350.707313,-253.094359,6.891141,6.287270,-175.145055,-181.984837,4.059674,2.879571,7.469139,7.049434,0.037367,0.014022
15.893366,-346.951360,-258.047607,7.028863,6.205054,-172.568940,-185.130679,4.157731,3.037290,7.457933,7.033480,0.037616,0.014538
15.897563,-342.685138,-262.646980,6.915266,6.110067,-169.229124,-187.402678,3.698502,2.853476,7.444685,7.017669,0.036648,0.013249
15.901759,-338.754139,-267.400630,6.849927,6.542832,-166.675159,-190.358355,4.317315,2.930550,7.433030,7.002347,0.038890,0.014934
15.905956,-334.589861,-272.586772,6.907960,6.467620,-163.691126,-192.736659,3.774366,2.649173,7.416887,6.987272,0.037933,0.013245
15.910153,-330.062610,-278.017407,6.837850,6.595922,-160.095860,-195.844661,3.676292,2.980887,7.403650,6.968484,0.038883,0.013500
15.914350,-324.815360,-283.596368,6.847177,6.374855,-156.660909,-198.734156,4.223053,3.129373,7.386606,6.950747,0.038772,0.015178
15.918547,-319.943381,-288.919197,6.743844,6.381606,-153.443288,-201.756562,3.914012,3.150761,7.371712,6.933396,0.038677,0.014411
15.922743,-314.410381,-294.410867,6.777835,6.430556,-149.406833,-205.374872,3.638980,4.026115,7.359158,6.912119,0.040593,0.014874
15.926940,-308.615334,-300.418457,6.930753,6.387773,-145.743302,-207.458393,3.788637,3.158851,7.335343,6.895599,0.039052,0.014171
15.931137,-303.060956,-306.192291,6.593115,6.403004,-141.085865,-210.647178,3.965047,2.626561,7.321040,6.873336,0.037905,0.014216
15.935334,-296.477409,-311.882052,6.785353,6.355039,-137.614610,-212.926475,3.716792,3.067950,7.296894,6.856956,0.038754,0.013955
15.939531,-290.714259,-318.110178,6.446659,6.617169,-133.232638,-215.446266,3.595245,3.228106,7.276265,6.837027,0.039195,0.013807
15.943728,-283.660895,-324.130315,6.657929,6.526327,-129.163461,-217.719663,3.669410,3.065343,7.250844,6.818631,0.039119,0.013913
15.947924,-276.634590,-330.097688,6.568389,6.342449,-125.666618,-222.070388,3.469268,3.123884,7.232886,6.798144,0.038749,0.013281
15.952121,-269.242840,-336.281537,6.481099,6.321614,-119.960154,-223.378788,3.686255,3.132814,7.206460,6.776013,0.038488,0.014079
15.956318,-261.727515,-342.389861,6.588634,6.414756,-115.752592,-226.635058,3.531088,3.301495,7.183538,6.755391,0.039271,0.013694
15.960515,-253.440231,-348.499034,6.489659,6.526050,-109.967755,-227.294377,3.503401,3.207159,7.152518,6.733799,0.038946,0.013660
15.964712,-245.733859,-354.325612,6.192192,6.462534,-105.754545,-230.157445,3.605233,2.682752,7.128369,6.713901,0.037794,0.013669
15.968909,-237.208838,-360.325776,6.492979,6.337529,-101.411286,-232.507806,3.525118,2.916305,7.098844,6.694473,0.038462,0.013542
15.973105,-228.190542,-366.565302,6.201741,6.622506,-96.073803,-234.183493,3.623386,3.072237,7.067581,6.672497,0.038719,0.014022
15.977302,-218.596072,-372.355900,6.359834,6.359360,-90.830759,-237.301083,3.870401,3.600828,7.040855,6.648747,0.039699,0.015101
15.981499,-209.516709,-378.475901,6.214737,6.644966,-86.231950,-239.042755,3.609656,2.968126,7.007194,6.629395,0.038829,0.013937
15.985696,-199.168123,-384.530604,6.258172,6.291860,-81.137337,-240.917086,3.236659,2.494488,6.971117,6.608039,0.037307,0.012466
15.989893,-189.270627,-389.730838,6.245005,6.408433,-76.014675,-241.789603,3.649503,3.160439,6.936562,6.587785,0.038649,0.014236
15.994089,-178.225021,-394.924449,6.005290,6.591869,-71.320891,-244.040131,3.688249,2.341907,6.899605,6.567518,0.038018,0.014162
15.998286,-167.721182,-400.448812,6.162655,6.541781,-66.173539,-245.343181,3.665237,2.298059,6.862857,6.546635,0.038298,0.014124
16.002483,-156.140004,-405.375237,6.026198,6.679239,-61.012261,-246.867328,3.737212,2.862118,6.823711,6.525476,0.038612,0.014520
16.006680,-144.789284,-410.109286,6.536289,6.431601,-56.462762,-248.276252,3.376632,2.928775,6.782789,6.506801,0.039548,0.013181
16.010877,-133.539934,-414.618378,6.027317,6.740658,-50.653752,-248.647685,3.771900,2.524285,6.746355,6.484152,0.038421,0.014700
16.015074,-121.336933,-418.766945,6.085575,6.448735,-45.108831,-249.839539,4.035825,2.326468,6.707076,6.461812,0.039004,0.015728
16.019270,-109.113437,-422.377521,6.099161,6.503794,-40.491136,-250.265541,3.742798,2.554208,6.662577,6.443588,0.038497,0.014662
16.023467,-96.182288,-426.486906,6.197790,6.636465,-35.638789,-251.628850,3.597543,2.171844,6.616510,6.423882,0.038623,0.014067
16.027664,-83.322447,-429.202928,5.717649,6.576956,-29.706632,-252.721377,3.833116,2.862970,6.578128,6.400195,0.037456,0.015018
16.031861,-70.119681,-431.768558,5.785708,6.607503,-24.831768,-252.699248,3.259669,2.632155,6.530898,6.381137,0.036112,0.012816
16.036058,-56.850319,-434.014971,5.798106,6.701849,-19.994178,-253.652659,3.560490,2.537887,6.484755,6.361848,0.037041,0.013972
16.040254,-43.701832,-435.955598,6.149415,6.632265,-14.100414,-254.294348,3.672031,2.804913,6.444714,6.338578,0.038919,0.014409
16.044451,-30.315058,-437.582738,5.778048,6.929305,-9.622426,-254.305165,3.510453,2.455976,6.395612,6.321005,0.036698,0.013789
16.048648,-16.788582,-438.229316,5.908513,6.885367,-3.765238,-255.143041,3.681901,3.022891,6.354198,6.297942,0.037945,0.014429
16.052845,-3.001479,-438.707886,6.070287,6.802246,0.978836,-254.835062,3.542856,2.686466,6.304829,6.279344,0.038217,0.013902
16.057042,10.616782,-438.384964,5.936767,6.678268,6.536837,-255.058618,3.673590,2.988447,6.260934,6.257562,0.038074,0.014397
16.061239,24.063670,-437.980862,6.176578,6.652992,11.724469,-255.065771,3.202742,3.229263,6.215829,6.237251,0.037962,0.012544
16.065435,37.609898,-436.863638,5.809955,6.695945,17.042184,-255.128148,3.595323,3.072546,6.170491,6.216486,0.037395,0.014052
16.069632,51.036948,-435.453037,5.975980,6.715077,21.427879,-253.556560,3.150390,2.617695,6.121821,6.198876,0.036722,0.012367
16.073829,64.503680,-433.052730,5.974652,6.666564,26.977277,-253.761714,3.603108,2.777703,6.076859,6.177274,0.038146,0.014087
16.078026,77.429724,-430.487273,6.150175,6.598337,31.442931,-253.070269,3.229578,2.793435,6.029565,6.159573,0.037978,0.012640
16.082223,90.598543,-427.692471,5.971997,6.701941,37.642269,-252.407056,3.304103,3.047073,5.989790,6.135143,0.037527,0.012926
16.086420,103.314025,-424.559383,6.308869,6.666565,42.845413,-250.870139,2.910670,2.595338,5.948166,6.114030,0.037901,0.011403
16.090616,116.363962,-420.588401,6.039305,6.428225,48.449683,-250.742179,3.494552,2.881804,5.902802,6.092312,0.038196,0.013605
16.094813,128.580517,-416.737359,6.444362,6.482728,52.984140,-249.830057,3.986281,3.035633,5.857902,6.074201,0.040975,0.015467
16.099010,140.937625,-412.246040,6.430603,6.554780,58.331586,-249.029377,3.661484,3.243861,5.814659,6.053098,0.040356,0.014235
16.103207,152.765688,-407.393961,6.437427,6.715157,62.757837,-247.137309,3.516716,2.618942,5.771443,6.034503,0.039744,0.013605
16.107404,164.209193,-402.175776,6.607710,6.309702,68.684941,-245.916666,3.617432,2.968653,5.734484,6.010824,0.040323,0.013999
16.111600,175.466669,-396.620155,6.190626,6.689920,74.018922,-244.310499,3.609695,2.838662,5.695601,5.989005,0.039329,0.013912
16.115797,186.129455,-390.911697,6.605153,6.605219,78.845641,-242.760041,3.479203,3.081765,5.656435,5.969145,0.040484,0.013490
16.119994,196.631303,-385.106625,6.412144,6.647605,83.872623,-240.778861,3.257137,2.583853,5.619971,5.947991,0.039144,0.012516
16.124191,206.618776,-379.474630,6.562519,6.443539,88.943564,-238.351386,3.545422,2.332103,5.588144,5.926027,0.039274,0.013444
16.128388,216.402868,-373.474591,6.654245,6.324566,94.353934,-236.915341,3.601134,2.792020,5.553838,5.904180,0.039768,0.013730
16.132585,226.285565,-367.134274,6.625128,6.384559,100.195397,-234.858452,3.546730,2.959981,5.521724,5.879943,0.039899,0.013562
16.136781,235.680611,-360.980511,6.749540,6.400635,104.020322,-232.826348,3.743300,2.768700,5.484293,5.863019,0.039978,0.014115
16.140978,244.033050,-354.476145,6.881022,6.064856,108.746816,-230.217088,3.647477,2.771236,5.455326,5.841888,0.039208,0.013762
16.145175,253.010582,-347.988828,6.940158,6.203845,113.598748,-227.432150,3.970485,2.418020,5.425385,5.819950,0.039395,0.014604
16.149372,261.356447,-341.615858,6.924051,6.168182,118.887361,-224.833073,3.529907,2.344313,5.399031,5.796779,0.038507,0.013004
16.153569,269.108299,-334.970794,6.964021,6.113189,124.129356,-222.374589,3.525364,2.520589,5.372722,5.774069,0.038596,0.013014
16.157766,276.809886,-328.631352,6.980393,6.112321,128.523710,-219.341251,3.503521,2.284935,5.347532,5.753158,0.038025,0.012729
16.161962,284.158621,-322.233556,7.128821,6.179308,132.844110,-217.045740,3.609861,2.477432,5.319859,5.733948,0.038632,0.013123
16.166159,290.971565,-315.998193,6.826924,6.164051,136.456520,-214.597231,3.567123,2.640627,5.293147,5.716806,0.037988,0.013082
16.170356,297.748023,-309.725500,6.943370,6.296778,141.328838,-211.981704,3.268394,3.045681,5.270905,5.695158,0.038992,0.012566
16.174553,304.126958,-303.328172,6.766060,6.190740,145.720641,-208.645366,3.267056,2.651653,5.251131,5.673525,0.037650,0.012098
16.178750,310.347667,-297.260918,6.974251,6.158566,150.046543,-206.197513,3.626456,2.762150,5.229005,5.654120,0.038169,0.013147
16.182946,315.889030,-291.066365,7.043424,6.143320,153.784466,-202.914536,3.684388,2.535674,5.210457,5.634661,0.037745,0.013008
16.187143,321.663123,-285.166461,7.026425,6.228532,158.002910,-200.259134,3.566206,2.865652,5.190965,5.615193,0.038430,0.012996
16.191340,326.947908,-279.343145,7.045476,6.149659,161.652904,-195.869786,3.330027,2.078019,5.180026,5.593202,0.036592,0.011375
16.195537,331.826961,-273.109822,6.964356,6.076798,164.293641,-193.156476,3.526900,2.221009,5.157662,5.578359,0.036297,0.012019
16.199734,336.475867,-267.414924,7.048707,6.135241,168.189149,-190.383369,3.655658,2.530859,5.141661,5.559604,0.037175,0.012642
16.203931,341.329772,-261.949028,6.823274,5.942400,171.808949,-187.931653,3.577320,2.903665,5.124066,5.542575,0.036763,0.012912
16.208127,345.456594,-255.436309,6.811465,6.075007,175.461078,-183.204737,3.679255,2.517856,5.114177,5.519374,0.036639,0.012524
16.212324,349.600198,-251.144709,6.985857,5.846740,178.876626,-180.899039,3.174383,2.163397,5.102734,5.503408,0.035006,0.010699
16.216521,353.468717,-245.139962,6.969923,5.925843,181.007151,-176.768374,3.769091,2.387457,5.089827,5.485940,0.035673,0.012406
16.220718,357.372413,-241.141070,6.915082,5.915502,183.368433,-175.273184,3.847824,2.621211,5.074262,5.475219,0.035841,0.012871
16.224915,360.866736,-236.446372,6.992726,6.092329,186.414482,-171.535711,3.234373,2.110573,5.068600,5.456244,0.035529,0.010598
16.229111,363.635975,-231.698017,6.963709,6.044408,189.274118,-168.927986,3.637635,2.160988,5.057943,5.441047,0.035614,0.011469
16.233308,366.946717,-226.923485,6.910527,5.901130,190.959018,-167.044742,3.856271,2.822443,5.040346,5.431087,0.036025,0.013048
16.237505,369.361993,-222.889604,6.896602,5.820001,193.813436,-164.005169,3.588022,2.769727,5.036026,5.414674,0.035601,0.012357
16.241702,372.177508,-218.266084,7.133710,6.062048,195.438844,-162.388390,3.458863,3.207415,5.018605,5.405684,0.037561,0.013036
16.245899,374.868763,-214.589280,7.095839,5.942996,197.280471,-159.490454,3.609993,3.068456,5.013233,5.392258,0.036623,0.012981
16.250096,376.992061,-210.545753,7.029864,5.995492,200.243509,-156.838442,3.759240,2.806002,5.007386,5.376826,0.036510,0.012589
16.254292,379.250590,-207.342395,7.143238,6.054861,201.718019,-154.450537,3.916398,2.873680,5.001943,5.365847,0.036878,0.012980
16.258489,381.227494,-203.708723,7.056354,6.012011,202.880305,-152.097418,3.505304,2.841240,4.994081,5.355692,0.036370,0.012212
16.262686,383.310681,-200.281742,7.248785,6.082054,204.747801,-149.877845,3.505797,2.882438,4.987506,5.344278,0.036848,0.012273
16.266883,384.800410,-197.131951,6.963448,6.025816,205.495829,-148.148582,3.649989,2.893628,4.979067,5.337026,0.036438,0.012524
16.271080,386.509026,-194.629671,6.855323,6.136264,207.123606,-145.354047,3.423268,2.461261,4.980468,5.324305,0.035965,0.011126
16.275277,387.881417,-191.404572,7.090724,6.189523,208.235233,-144.169933,3.781179,2.745951,4.969501,5.317957,0.036932,0.012316
16.279473,388.803360,-189.117152,6.983907,6.113126,210.654460,-141.940117,3.507990,2.202685,4.971265,5.305318,0.035771,0.010548
16.283670,390.605534,-186.647904,6.875671,6.123773,210.925967,-141.542014,3.422988,2.973947,4.958342,5.303421,0.037044,0.012284
16.287867,391.276752,-184.892656,7.041939,6.071128,210.858094,-139.715278,3.437158,2.886902,4.957747,5.297573,0.036525,0.012118
16.292064,392.206217,-183.148479,6.941471,6.014650,212.962474,-138.123068,3.749639,2.315843,4.958493,5.287765,0.035386,0.011100
16.296261,392.877559,-181.322022,7.054561,6.083037,213.188506,-136.842693,3.534056,2.231058,4.955046,5.283039,0.035486,0.010570
16.300457,393.775593,-179.753765,7.078417,6.070504,213.262198,-136.163678,3.646887,1.991074,4.949331,5.280623,0.034924,0.010205
16.304654,394.099150,-178.816602,6.744096,6.109123,214.356178,-135.148621,3.363183,2.143429,4.950718,5.274924,0.035346,0.010065
16.308851,394.504295,-177.530178,6.849735,6.239568,214.819850,-134.925387,3.691078,2.118021,4.945199,5.273205,0.036055,0.010482
16.313048,394.694726,-176.741991,6.895194,6.157315,215.367806,-134.520510,3.695796,2.127370,4.943622,5.270707,0.035769,0.010485
16.317245,395.088241,-176.249346,7.113213,6.119617,214.988662,-136.129990,3.502538,3.256649,4.931572,5.276860,0.037843,0.013082
16.321442,395.220234,-175.596682,7.188163,6.284200,214.811071,-135.956084,3.352184,3.348365,4.928678,5.276656,0.038763,0.013175
16.325638,395.323025,-175.487206,7.229873,6.318223,214.941698,-136.049599,3.284080,3.330273,4.927637,5.276692,0.038889,0.013040
16.329835,395.296759,-175.372671,7.225173,6.241486,214.705100,-135.742826,3.427697,3.277707,4.928409,5.276170,0.038380,0.013075
16.334032,395.456886,-175.261101,7.153784,6.215771,214.883595,-135.188344,3.647819,2.423941,4.930770,5.273948,0.036448,0.011129
16.338229,395.111890,-175.465844,7.121736,6.219903,213.709786,-135.648168,3.167913,2.364395,4.928462,5.277955,0.036134,0.010353
16.342426,395.106343,-175.861942,7.056919,6.429907,213.486633,-136.234601,3.540018,2.273209,4.927211,5.280382,0.036970,0.010668
16.346623,394.637121,-176.527011,6.944022,6.153584,212.764840,-137.223644,3.590597,2.360718,4.925220,5.285209,0.035741,0.010977
16.350819,393.630406,-177.407503,6.987967,5.909305,212.989972,-138.057690,3.648797,2.212131,4.926873,5.287490,0.034561,0.010706
16.355016,393.220898,-178.563069,6.988562,6.107825,212.334440,-139.540560,3.627835,2.466400,4.924862,5.293791,0.035934,0.011283
16.359213,392.186150,-180.158213,7.048370,6.106424,211.832261,-140.142733,3.140700,1.982529,4.930724,5.296858,0.035113,0.009430
16.363410,390.657799,-181.703760,6.867119,6.205603,209.513963,-143.082551,3.927641,3.092230,4.922451,5.311564,0.037679,0.013324
16.367607,390.387061,-183.332947,6.861732,6.254048,208.827188,-143.526714,3.632670,2.267052,4.928220,5.314540,0.036085,0.010968
16.371803,388.883806,-185.088319,6.885324,6.094348,207.252701,-145.917445,3.468788,2.957771,4.924798,5.325832,0.036697,0.012374
16.376000,387.571749,-186.979668,7.132068,6.050274,206.317497,-147.846954,3.750606,2.939251,4.925025,5.334169,0.036625,0.012755
16.380197,385.709165,-189.339605,7.249740,5.903392,204.699173,-149.548072,3.828638,2.701531,4.928778,5.343342,0.035507,0.012386
16.384394,384.703620,-192.025185,6.904075,5.886816,203.492792,-152.914128,3.666254,3.466938,4.924960,5.356816,0.037105,0.013908
16.388591,382.685213,-194.813614,6.809338,6.008219,202.072258,-153.489517,3.255920,2.580102,4.937317,5.361991,0.035582,0.011216
16.392788,380.835281,-197.713127,6.883577,6.025507,200.307141,-156.103714,3.953178,2.545696,4.938920,5.374393,0.035726,0.012413
16.396984,378.681285,-201.280619,6.962053,6.031871,198.250653,-158.168819,3.974816,2.416820,4.946930,5.385801,0.035518,0.012289
16.401181,376.505373,-204.336471,7.027022,5.997556,195.681047,-160.713687,3.712875,2.196959,4.949110,5.399986,0.034852,0.011470
16.405378,374.236480,-207.848278,7.029382,6.019216,193.096513,-164.059923,3.709402,2.953454,4.949576,5.416666,0.036378,0.012991
16.409575,371.511351,-211.646991,6.972094,6.176645,191.334969,-166.169751,3.677444,2.329516,4.959629,5.427512,0.035974,0.011777
16.413772,368.970777,-215.713250,6.936132,6.174576,189.458658,-168.907552,3.698370,2.364104,4.967449,5.440503,0.036106,0.011931
16.417968,365.725239,-219.780547,6.922122,6.072130,186.994174,-171.752625,3.750125,2.403001,4.974904,5.455327,0.035820,0.012182
16.422165,363.033821,-224.478667,6.929299,6.045457,183.676787,-174.940915,3.760026,2.809634,4.981867,5.473432,0.036330,0.012994
16.426362,359.426806,-228.693621,6.964506,6.053792,181.414626,-178.047697,3.513598,2.800071,4.989573,5.488421,0.036532,0.012472
16.430559,356.532594,-233.898019,6.937190,6.049761,178.599514,-180.198071,3.324769,2.518566,5.005495,5.502242,0.035810,0.011639
16.434756,352.782513,-238.853947,7.185665,5.905476,175.667442,-183.834078,3.624393,2.696181,5.013583,5.520500,0.035821,0.012644
16.438953,348.930218,-243.950542,7.208919,6.053776,171.489717,-187.429417,3.712047,3.056515,5.020763,5.542168,0.037130,0.013497
16.443149,344.510231,-249.216797,7.071764,6.016337,168.525500,-189.919565,3.338769,2.829369,5.037387,5.557402,0.036494,0.012306
16.447346,340.128592,-254.456519,7.058369,6.017247,165.019220,-193.245811,3.589738,2.686437,5.048669,5.576412,0.036373,0.012749
16.451543,335.754086,-260.321502,7.088394,6.143018,161.592250,-195.813919,3.584534,2.483903,5.067111,5.593246,0.036606,0.012545
16.455740,331.558146,-265.925777,7.123019,5.942339,158.295461,-198.834382,3.738385,2.545607,5.081833,5.610816,0.036016,0.013090
16.459937,326.479164,-272.118031,7.227198,5.964793,154.385793,-202.559687,3.956951,2.921210,5.096502,5.631938,0.037111,0.014178
16.464134,320.938468,-278.361590,7.141355,5.887017,150.188480,-205.007264,3.669397,2.560130,5.118150,5.650913,0.036030,0.013081
16.468330,315.916511,-284.587887,6.992808,5.911920,146.074068,-208.343571,3.636154,2.650014,5.134338,5.671707,0.036173,0.013140
16.472527,309.979611,-290.646870,6.944357,5.842765,142.131223,-210.986370,3.667936,2.529905,5.155509,5.690363,0.035874,0.013186
16.476724,303.931248,-297.546890,6.771259,6.030888,137.969898,-213.720856,3.535385,2.695634,5.180103,5.709937,0.036726,0.013014
16.480921,297.175356,-303.803299,7.066566,6.268709,134.290286,-216.606570,3.506956,2.812154,5.203897,5.728209,0.038483,0.013061
16.485118,290.409788,-310.501164,6.907366,6.016737,130.101081,-218.901604,3.487245,2.421021,5.231510,5.746941,0.036912,0.012735
16.489314,283.600049,-317.589281,7.232038,6.308907,124.465624,-221.423515,3.490186,2.504852,5.255968,5.771088,0.038408,0.012916
16.493511,276.462331,-324.235914,6.778343,6.300204,120.094600,-223.784239,3.644881,2.210286,5.283408,5.790647,0.037610,0.013298
16.497708,268.742485,-330.850895,6.937429,6.053750,115.654978,-225.832196,3.190376,2.144551,5.313660,5.809882,0.036813,0.011836
16.501905,260.745904,-337.895812,6.850710,6.085810,111.272083,-229.136065,3.227416,2.849880,5.341411,5.831111,0.038014,0.012401
16.506102,252.172368,-344.886726,6.942511,6.536287,106.145666,-231.240081,3.751289,2.442911,5.373732,5.852849,0.039644,0.013985
16.510299,243.590476,-351.538591,6.827213,6.222968,101.652169,-233.188461,3.143372,2.477720,5.407411,5.872099,0.038121,0.011977
16.514495,234.402600,-358.325034,6.885056,6.532753,97.230111,-235.204668,3.203616,2.686567,5.443854,5.891194,0.039631,0.012312
16.518692,225.297122,-365.112076,6.712203,6.225765,92.567564,-236.876328,3.649015,2.132938,5.480569,5.910649,0.038535,0.013708
16.522889,214.881015,-372.110670,6.965778,6.474000,86.660950,-239.484059,3.595192,2.703783,5.514679,5.935979,0.040400,0.013757
16.527086,205.213733,-378.728839,6.817620,6.557064,81.977153,-241.112848,3.639292,2.726346,5.552856,5.955451,0.040360,0.013962
16.531283,194.689543,-384.452827,6.721907,6.508301,77.719965,-242.690449,3.356961,2.687375,5.593320,5.973262,0.039861,0.012951
16.535480,184.027931,-390.803450,6.589513,6.595614,71.985185,-244.188204,3.640755,2.781202,5.630661,5.996512,0.040070,0.014061
16.539676,172.623623,-396.888361,6.600488,6.831225,67.604724,-245.660974,3.119708,2.778205,5.676198,6.014638,0.039783,0.012155
16.543873,160.550943,-402.337789,6.462084,6.629865,63.011390,-246.935963,3.517245,2.574617,5.722675,6.033344,0.039726,0.013604
16.548070,148.725980,-407.981284,6.566174,6.424852,57.386926,-248.359773,3.202974,2.919675,5.763441,6.056107,0.039396,0.012511
16.552267,136.098460,-413.045399,6.160453,6.613345,53.022670,-248.959642,3.565278,2.378724,5.814514,6.073344,0.038602,0.013837
16.556464,123.587394,-417.969165,6.537061,6.511868,48.369106,-249.825049,3.524852,2.371923,5.862542,6.091940,0.039882,0.013714
16.560660,111.057277,-421.497631,6.461057,6.851797,43.539609,-250.634354,3.290646,2.283596,5.906862,6.111184,0.039446,0.012837
16.564857,97.311291,-425.987204,6.424441,6.695061,39.309381,-251.831988,3.453994,2.771622,5.961692,6.128341,0.039711,0.013494
16.569054,84.137737,-429.362202,6.199953,6.775969,34.559134,-253.684811,3.562284,3.321593,6.008125,6.147790,0.039336,0.013897
16.573251,70.265384,-432.324861,6.379563,6.634417,29.841364,-253.260552,3.252356,2.649346,6.061156,6.165897,0.039004,0.012724
16.577448,56.760855,-434.771489,6.082592,6.757200,25.505047,-253.305367,3.179356,2.471753,6.112618,6.182835,0.037326,0.012464
16.581645,42.564934,-436.747969,6.095091,6.641074,20.143545,-253.703049,3.608308,2.565639,6.161301,6.203953,0.038412,0.014156
16.585841,28.817572,-437.530270,6.243368,6.724091,14.631712,-254.411625,3.574939,3.095331,6.205872,6.225737,0.039178,0.014023
16.590038,14.166470,-438.862297,5.928771,6.727920,10.465826,-254.180472,3.545385,2.373348,6.263150,6.242034,0.037398,0.013930
16.594235,0.585395,-438.873184,6.049614,6.431593,5.721963,-255.870866,3.937638,3.218053,6.311246,6.260826,0.039428,0.015384
16.598432,-13.953289,-438.582759,5.690460,6.690101,1.127762,-254.471425,3.221859,2.575666,6.364916,6.278754,0.035423,0.012661
16.602629,-27.561460,-437.481864,6.105047,6.674837,-3.718781,-254.676776,3.671798,2.531042,6.412880,6.297786,0.038645,0.014415
16.606825,-41.739720,-435.847429,6.132975,6.599098,-8.856135,-254.012210,3.318571,2.521732,6.462094,6.318036,0.037753,0.013053
16.611022,-55.635286,-433.447218,5.908291,6.777230,-13.986911,-254.193970,3.724906,2.561675,6.511479,6.338154,0.038027,0.014620
16.615219,-69.160409,-431.121956,6.321499,6.208510,-18.577801,-253.800145,3.635344,2.646765,6.561064,6.356254,0.039333,0.014268
16.619416,-82.219634,-427.898096,6.013294,6.571924,-23.683505,-252.932718,3.564697,2.416925,6.606038,6.376549,0.037896,0.013999
16.623613,-95.365664,-425.127098,5.899082,6.321902,-28.308312,-252.342105,3.529053,2.398554,6.653389,6.394901,0.037010,0.013851
16.627810,-108.198265,-421.065282,6.166627,6.692303,-33.755146,-251.737716,3.695939,2.453019,6.697390,6.416479,0.038814,0.014479
16.632006,-120.745205,-417.024108,6.246517,6.231278,-38.714217,-251.271620,4.022046,2.327346,6.742745,6.436056,0.039380,0.015698
16.636203,-132.931138,-412.369503,6.312774,6.228060,-43.832443,-250.890970,3.732377,2.611953,6.787385,6.456147,0.039053,0.014543
16.640400,-145.053948,-408.017116,6.249041,6.289313,-48.470348,-248.928632,3.699802,1.986808,6.828814,6.475495,0.038089,0.014398
16.644597,-155.831785,-402.548457,6.204645,6.306154,-53.970729,-247.492089,3.397838,2.958661,6.864416,6.497894,0.037956,0.013340
16.648794,-167.709900,-397.388756,6.256585,6.530836,-58.456803,-246.543851,3.553548,2.631886,6.910018,6.515991,0.038349,0.013855
16.652991,-178.191624,-391.866769,6.182356,6.570998,-64.078890,-245.662494,3.649731,2.436767,6.945924,6.538341,0.038363,0.014120
16.657187,-189.208266,-386.315656,6.254680,6.505028,-69.147326,-244.350396,3.919471,2.702392,6.985181,6.558959,0.038954,0.015131
16.661384,-199.008242,-380.875287,6.586293,6.264398,-74.102034,-242.828934,3.589617,2.937187,7.018653,6.579371,0.038915,0.013938
16.665581,-208.698969,-374.577564,6.607774,6.503102,-79.482651,-240.458452,3.453689,2.826665,7.049968,6.602425,0.039103,0.013414
16.669778,-218.348408,-368.768843,6.455373,6.513955,-83.817521,-238.808366,3.512999,3.127614,7.085862,6.620735,0.038951,0.013722
16.673975,-227.488613,-362.674423,6.459744,6.569035,-89.089989,-237.417691,3.288337,2.460597,7.118387,6.642171,0.038149,0.012610
16.678171,-236.340459,-357.088094,6.400311,6.488778,-94.194310,-235.896855,3.558697,2.511764,7.147991,6.663091,0.038084,0.013518
16.682368,-245.058392,-350.638094,6.539095,6.435013,-98.390969,-233.466705,3.469217,2.500076,7.179917,6.682032,0.037833,0.013188
16.686565,-253.185053,-344.847469,6.579275,6.475958,-104.155260,-231.931090,3.606080,2.584349,7.205586,6.705273,0.038350,0.013592
16.690762,-261.059356,-338.588436,6.520537,6.224946,-108.871156,-229.463538,3.848814,2.477130,7.231911,6.726193,0.037422,0.014315
16.694959,-268.147618,-333.009182,6.790148,6.217292,-113.145641,-226.081932,3.521619,2.581483,7.250104,6.747203,0.037390,0.013269
16.699156,-275.778849,-327.051182,6.745894,6.270289,-117.603150,-224.242130,3.605620,2.652519,7.277629,6.766199,0.037468,0.013517
16.703352,-282.459701,-321.172228,6.824303,6.329490,-123.142766,-221.677296,3.658727,2.850524,7.295735,6.790245,0.038202,0.013743
16.707549,-289.345619,-315.427388,6.596543,6.303605,-126.969417,-219.283370,3.751008,2.868128,7.319386,6.808035,0.037643,0.014010
16.711746,-295.566319,-309.538911,6.879348,6.443178,-131.750646,-216.847689,3.638573,2.899064,7.339069,6.829154,0.038496,0.013616
16.715943,-301.721013,-304.189900,6.845431,6.457655,-136.146508,-213.839893,3.561702,2.849306,7.354464,6.850136,0.038249,0.013300
16.720140,-307.523000,-298.775147,6.913283,6.371722,-139.791832,-211.265178,3.747464,2.735137,7.373103,6.867734,0.037757,0.013700
16.724337,-312.737871,-293.339069,6.898370,6.176315,-143.806611,-208.753028,3.674734,3.100249,7.389764,6.886412,0.037589,0.013808
16.728533,-318.202807,-288.129699,6.839633,6.412515,-147.628977,-205.132111,3.603632,2.977989,7.401129,6.906996,0.037963,0.013465
16.732730,-323.592046,-283.444194,7.020876,6.165702,-151.723190,-203.086926,3.668634,2.986912,7.416629,6.924818,0.037186,0.013570
16.736927,-327.812944,-278.051806,6.985542,6.299930,-155.155987,-199.766524,4.173457,2.863963,7.428291,6.943548,0.037677,0.014766
16.741124,-332.720636,-273.247170,6.864976,6.508768,-159.702285,-198.112456,3.719641,3.543958,7.444295,6.961646,0.039630,0.014349
16.745321,-336.686692,-268.591683,6.929188,6.614693,-162.816037,-194.303082,4.203281,2.860277,7.450195,6.980641,0.038886,0.014630
16.749517,-341.003799,-263.801965,7.148575,6.367836,-166.010684,-191.658066,3.569096,2.799581,7.462945,6.996999,0.037593,0.012863
16.753714,-345.043966,-259.463922,7.125509,6.492172,-169.050303,-188.829625,4.059255,3.033485,7.472316,7.013372,0.038590,0.014357
16.757911,-348.552810,-255.174505,6.827421,6.581263,-171.717269,-185.428645,3.770652,2.776581,7.478303,7.030211,0.038060,0.013250
16.762108,-351.828138,-251.066579,7.103641,6.493839,-174.939916,-183.099684,4.017474,2.767385,7.487138,7.045797,0.038049,0.013732
16.766305,-355.335530,-247.189250,7.025352,6.593554,-177.770354,-180.054970,3.764730,2.863749,7.492511,7.062199,0.038407,0.013241
16.770502,-358.104313,-243.455691,7.119906,6.556070,-180.429218,-178.037516,3.914093,3.252510,7.501195,7.075255,0.039186,0.014179
16.774698,-361.078298,-240.206823,7.140004,6.485839,-183.018597,-176.121660,4.117869,3.285786,7.508507,7.087785,0.039043,0.014603
16.778895,-363.625921,-236.837110,7.198012,6.517862,-184.735260,-172.404452,3.981666,2.555823,7.508268,7.103096,0.037616,0.013049
16.783092,-366.196597,-233.438028,7.203153,6.482180,-187.540532,-170.752277,4.103591,2.812706,7.516528,7.115405,0.038083,0.013634
16.787289,-368.729676,-230.603332,7.110642,6.601568,-189.705779,-168.446830,3.638011,3.088355,7.519806,7.127871,0.038873,0.013172
16.791486,-370.499218,-227.579367,7.130496,6.599252,-191.189995,-166.468019,3.987828,3.343639,7.525512,7.137596,0.039496,0.014341
16.795682,-372.565986,-225.281743,7.165507,6.518741,-193.067942,-163.912564,4.039434,3.128671,7.524547,7.150075,0.038699,0.013973
16.799879,-374.629819,-222.986600,7.244864,6.512127,-195.246383,-161.463161,4.086399,2.681981,7.523582,7.163010,0.037901,0.013122
16.804076,-376.081693,-220.419729,7.247767,6.436108,-196.299342,-160.732011,3.852256,3.508389,7.533432,7.167876,0.039180,0.014388
16.808273,-377.705027,-218.338780,7.213493,6.588422,-197.390923,-159.105387,3.898898,3.274130,7.536586,7.175567,0.039218,0.013937
16.812470,-379.381720,-216.667259,7.173348,6.492419,-198.621168,-156.425628,4.161643,2.776473,7.532290,7.186874,0.037756,0.013348
16.816667,-380.185704,-214.993944,7.173554,6.549793,-200.305940,-155.322013,4.141861,3.042310,7.533673,7.194407,0.038698,0.013792
16.820863,-381.576741,-213.287537,7.204447,6.328776,-200.985851,-154.272226,4.067820,3.400861,7.538132,7.199325,0.038406,0.014455
16.825060,-382.268166,-212.151793,7.340316,6.473368,-202.008883,-152.104606,3.763822,2.809698,7.532427,7.208589,0.037815,0.012607
16.829257,-383.103122,-211.181526,7.094379,6.407997,-203.189618,-151.171499,4.297123,2.693730,7.532037,7.214337,0.037421,0.013244
16.833454,-384.062616,-210.081364,7.179204,6.502993,-204.045604,-150.476816,3.695464,2.833893,7.534238,7.218550,0.037951,0.012481
16.837651,-384.434722,-209.221482,7.257577,6.608583,-204.131116,-150.368934,4.108697,3.270002,7.538477,7.219093,0.039395,0.014150
16.841848,-384.988282,-208.975306,7.084503,6.619141,-204.167585,-148.704820,3.899672,2.714348,7.532246,7.224483,0.038052,0.012573
16.846044,-385.332454,-208.179815,7.300053,6.672487,-205.013743,-149.021292,4.292840,2.645110,7.536969,7.225439,0.038536,0.013055
16.850241,-385.558986,-208.327999,7.405439,6.551613,-205.037785,-148.662570,4.032360,3.133107,7.534767,7.226641,0.038846,0.013699
16.854438,-385.684916,-208.231497,7.487101,6.546313,-205.125402,-149.165904,3.747425,3.575669,7.537829,7.225237,0.039754,0.014336
16.858635,-385.679032,-208.381647,7.452560,6.608113,-205.361468,-149.180049,3.930723,3.597159,7.536751,7.225739,0.040130,0.014639
16.862832,-385.416902,-208.451026,7.355668,6.772610,-205.671480,-149.576424,4.132501,3.761379,7.537450,7.225194,0.041326,0.015311
16.867028,-385.412566,-208.607865,7.367348,6.668056,-205.518260,-148.868214,4.044366,3.644243,7.533358,7.227096,0.040530,0.014922
16.871225,-384.817011,-209.625476,7.398727,6.657221,-204.852739,-148.304330,4.189600,2.834701,7.525579,7.227358,0.038804,0.013297
16.875422,-384.565117,-210.452288,7.461298,6.642329,-203.933610,-148.686228,3.700962,2.501064,7.524501,7.223997,0.037906,0.011779
16.879619,-383.556216,-211.426119,7.361917,6.673006,-203.699515,-150.014474,3.725069,3.194423,7.524946,7.219209,0.039419,0.013402
16.883816,-382.530837,-212.895983,7.320819,6.576893,-204.063681,-151.515617,4.113886,2.942920,7.522724,7.215303,0.038895,0.013399
16.888013,-381.574239,-214.377197,7.162206,6.695066,-202.454189,-151.940260,4.471461,2.804014,7.518576,7.210166,0.038990,0.013818
16.892209,-380.268397,-216.188718,7.177488,6.560209,-201.761233,-152.971121,4.209292,2.793956,7.513618,7.205267,0.038405,0.013349
16.896406,-379.644404,-217.845919,7.261160,6.573443,-201.501523,-154.941931,4.025634,2.679154,7.514539,7.198471,0.038332,0.012768
16.900603,-377.909432,-219.927713,7.117805,6.461458,-200.027465,-155.195034,3.948420,2.642959,7.504971,7.194129,0.037647,0.012626
16.904800,-376.133720,-222.316746,7.035207,6.492628,-199.037839,-157.138827,4.314238,2.694884,7.501329,7.185681,0.038083,0.013442
16.908997,-374.956080,-224.624292,6.987533,6.461095,-197.330189,-158.982135,4.308744,2.813430,7.499995,7.175796,0.038004,0.013731
16.913194,-373.021177,-226.918042,7.026825,6.476317,-195.838227,-160.765037,4.142809,2.940777,7.496650,7.166622,0.038326,0.013715
16.917390,-371.297223,-229.762922,7.195873,6.604466,-194.350726,-162.715983,4.113682,2.864758,7.491787,7.156949,0.038815,0.013551
16.921587,-368.904878,-232.425617,6.999942,6.459329,-192.550579,-163.987389,4.174999,2.455616,7.483800,7.148525,0.037454,0.013007
16.925784,-366.524341,-235.621893,6.832137,6.647824,-190.275712,-166.606106,3.836928,2.907730,7.480753,7.134810,0.038756,0.013218
16.929981,-364.538291,-239.117071,6.931759,6.654295,-188.299510,-168.699972,3.851467,2.728469,7.473859,7.123429,0.038454,0.012960
16.934178,-361.517385,-242.441934,7.256243,6.380259,-186.130252,-170.658409,3.809490,2.787888,7.465496,7.111920,0.037743,0.013044
16.938374,-358.784657,-246.011344,6.955063,6.507907,-184.182250,-172.854609,3.977837,2.561703,7.457212,7.100300,0.037797,0.013070
16.942571,-356.102795,-249.921917,6.935373,6.411647,-182.143596,-176.276065,4.093716,3.046681,7.453508,7.084953,0.038389,0.014169
16.946768,-352.649168,-253.731121,6.926310,6.266147,-179.393620,-178.499041,4.160802,2.802964,7.444322,7.071083,0.037437,0.014005
16.950965,-349.376088,-257.802159,6.797377,6.365805,-176.574960,-180.828674,4.151753,2.874660,7.434922,7.056682,0.037830,0.014187
16.955162,-345.955536,-261.910310,7.061246,6.331812,-173.686990,-183.350398,3.651521,2.788701,7.426123,7.041525,0.037536,0.012955
16.959359,-342.240305,-266.459127,6.946919,6.460304,-170.537879,-186.416722,4.198124,2.967565,7.417763,7.024129,0.038531,0.014600
16.963555,-338.385379,-270.811085,6.885147,6.501446,-167.822924,-190.045653,3.774392,3.548106,7.411738,7.006566,0.039689,0.014503
16.967752,-334.105959,-275.595805,6.735305,6.669456,-164.120106,-191.896170,3.622321,2.475931,7.396439,6.990722,0.038113,0.012628
16.971949,-329.460305,-280.458275,6.576546,6.694893,-160.898408,-195.104419,3.929990,3.026748,7.385255,6.972794,0.039232,0.014203
16.976146,-324.765522,-284.874797,6.806968,6.238321,-157.764043,-197.901270,3.877512,2.993908,7.373837,6.956208,0.037837,0.014067
16.980343,-320.074472,-290.191550,6.843353,6.348168,-154.293110,-201.401354,3.965723,3.608608,7.362272,6.936910,0.039571,0.015126
16.984539,-315.056133,-295.215233,6.683230,6.529942,-150.041828,-203.652340,3.743459,2.886089,7.347401,6.918155,0.038499,0.013702
16.988736,-309.596772,-300.618174,6.721539,6.385101,-146.254551,-205.878074,3.630246,3.033207,7.328390,6.900853,0.038218,0.013628
16.992933,-303.997956,-305.905989,6.701393,6.356018,-142.452902,-208.944448,3.342681,3.015081,7.313405,6.881574,0.037991,0.012821
16.997130,-298.125633,-311.318896,6.686128,6.601372,-138.056389,-211.626181,3.458446,3.004076,7.296959,6.861218,0.038874,0.013176
17.001327,-291.958089,-317.385902,6.863998,6.400777,-134.446376,-214.424658,3.232208,3.195478,7.275028,6.843229,0.038721,0.012730
17.005524,-285.586442,-322.738519,6.630711,6.521328,-131.100306,-218.101530,3.904625,2.888620,7.258638,6.824411,0.039199,0.014393
17.009720,-278.946257,-328.187216,6.598984,6.443213,-125.561514,-219.689953,3.607756,2.795325,7.238337,6.802415,0.038286,0.013538
17.013917,-271.811258,-333.970911,6.859533,6.388653,-121.377894,-222.184950,3.520567,2.585255,7.214916,6.783177,0.038383,0.013149
17.018114,-264.818682,-339.991853,6.611313,6.325454,-116.188584,-224.281521,3.155619,2.945186,7.192481,6.761167,0.037752,0.012321
17.022311,-257.155248,-345.127156,6.561874,6.412060,-112.638444,-227.184810,3.338201,2.784144,7.169491,6.743468,0.038284,0.012763
17.026508,-249.184872,-351.315493,6.487501,6.518089,-107.501174,-229.018311,3.487509,2.663484,7.141891,6.722055,0.038370,0.013256
17.030705,-240.972439,-357.071226,6.582669,6.410712,-102.489531,-230.778513,3.307283,2.885545,7.114591,6.701125,0.038336,0.012837
17.034901,-232.321940,-363.339897,6.568831,6.172301,-97.658351,-233.349657,3.613276,3.023068,7.086240,6.679543,0.038365,0.013961
17.039098,-223.558400,-368.690529,6.475934,6.464673,-93.336705,-235.913066,3.367197,3.764338,7.058866,6.659928,0.039729,0.013495
17.043295,-214.593651,-374.242240,6.530126,6.652535,-88.122239,-237.237848,3.372459,3.413650,7.028628,6.638841,0.039734,0.013346
17.047492,-205.544657,-380.146708,6.268152,6.721154,-82.763157,-239.197946,3.144784,3.088858,6.999806,6.616295,0.038416,0.012401
17.051689,-195.174787,-385.404126,6.579281,6.570863,-77.458234,-241.007291,3.540469,3.001461,6.967144,6.594152,0.039579,0.013800
17.055885,-185.396973,-390.961249,6.273293,6.392935,-71.984490,-243.055704,3.464469,2.674566,6.937346,6.571120,0.037985,0.013443
17.060082,-174.988506,-395.945826,5.906998,6.666512,-66.789553,-244.472893,3.145924,2.698453,6.903452,6.549876,0.036881,0.012299
17.064279,-164.244234,-400.936693,6.328276,6.648836,-62.051915,-246.051291,3.671839,2.933121,6.866414,6.530225,0.039348,0.014313
17.068476,-153.483313,-406.034647,6.259877,6.346765,-56.376883,-247.457632,3.572631,2.290839,6.832644,6.507186,0.038103,0.013871
17.072673,-141.671225,-410.668076,6.188174,6.631666,-52.136999,-248.877742,3.565987,2.666027,6.788633,6.489687,0.038631,0.013893
17.076870,-129.882664,-415.008930,6.044904,6.601555,-46.509109,-250.204647,3.555858,2.751067,6.751537,6.466972,0.038126,0.013878
17.081066,-118.645459,-418.972232,6.175876,6.429656,-42.351621,-250.741961,3.613351,2.288775,6.708953,6.450511,0.038436,0.014091
17.085263,-106.411895,-423.071980,6.261754,6.400991,-35.857158,-251.390207,3.572878,2.520626,6.673106,6.424865,0.038589,0.013999
17.089460,-94.194414,-426.325333,6.293184,6.675732,-30.965181,-252.237867,3.311414,2.664993,6.631574,6.405336,0.038443,0.012996
17.093657,-81.239480,-429.820345,6.050372,6.771603,-25.393201,-252.759479,3.673481,2.574559,6.588717,6.383313,0.038207,0.014424
17.097854,-68.310037,-431.766768,6.173615,6.770096,-21.119345,-253.110979,3.191837,2.455238,6.541430,6.366432,0.037702,0.012549
17.102051,-55.581867,-433.752990,6.058323,6.881954,-15.148126,-253.936720,3.113741,2.552363,6.504368,6.342768,0.037101,0.012233
17.106247,-42.565502,-435.577460,5.786800,6.810113,-10.040167,-254.497501,3.651584,2.777245,6.460909,6.322616,0.037283,0.014332
17.110444,-29.233403,-437.032983,6.159306,6.716279,-5.807304,-254.715730,3.416031,3.003082,6.410976,6.305981,0.038345,0.013407
17.114641,-15.661200,-438.544648,6.159599,6.734628,-0.138224,-255.330281,3.351203,3.412415,6.367709,6.283727,0.038158,0.013125
17.118838,-1.591363,-438.417072,6.130217,6.695164,5.600641,-254.407132,3.495994,2.579374,6.322250,6.261174,0.038323,0.013737
17.123035,11.024189,-438.683174,6.069100,6.777941,9.368801,-254.312739,3.338611,2.620053,6.274207,6.246362,0.037569,0.013116
17.127231,24.985755,-437.727597,6.098017,6.866159,14.683175,-253.851074,3.558277,2.813883,6.227214,6.225408,0.038343,0.013985
17.131428,38.422356,-437.213724,6.045789,6.848272,19.709523,-253.630270,3.292410,2.946297,6.181605,6.205632,0.037339,0.012934
17.135625,51.419191,-435.367467,6.245000,6.742866,24.494717,-253.460336,3.692525,2.742082,6.136240,6.186843,0.039456,0.014471
17.139822,64.701815,-433.061930,6.277540,6.736902,29.900935,-252.950164,3.380926,2.437702,6.092319,6.165523,0.038875,0.013230
17.144019,78.106044,-430.781542,6.099625,6.499403,35.225574,-252.476947,3.533219,2.999188,6.047177,6.144560,0.038471,0.013823
17.148216,91.073012,-427.889435,6.121020,6.920807,39.807500,-251.861849,4.151076,2.889632,5.999788,6.126429,0.040384,0.016177
17.152412,103.485977,-424.892965,6.325803,6.512770,45.798477,-251.148913,3.967964,2.673302,5.962612,6.102811,0.040563,0.015406
17.156609,116.296933,-420.894150,6.058353,6.848659,50.203317,-249.651333,3.746370,2.825863,5.914837,6.084738,0.039012,0.014588
17.160806,128.373562,-416.705674,6.285041,6.713852,55.156197,-249.348925,3.593678,3.040679,5.870781,6.065490,0.039749,0.013979
17.165003,140.795679,-412.231302,6.414722,6.734648,60.104934,-247.443802,3.795743,2.704025,5.827839,6.044897,0.040418,0.014700
17.169200,152.745177,-407.515057,6.461041,6.664003,65.446921,-246.033471,3.315461,2.514309,5.787581,6.023198,0.039390,0.012839
17.173396,164.428422,-401.895535,6.341025,6.667943,70.136052,-245.325861,3.718114,2.761817,5.741121,6.004724,0.040025,0.014323
17.177593,175.024218,-397.274676,6.550646,6.644110,74.582961,-244.440424,3.758464,3.138210,5.701772,5.987041,0.040962,0.014516
17.181790,186.504295,-391.662701,6.608327,6.459960,79.570308,-242.077815,3.351817,2.663035,5.662548,5.965613,0.039536,0.012915
17.185987,196.894782,-385.312820,6.438437,6.601870,84.786602,-241.044955,3.606096,2.982347,5.622575,5.944956,0.040113,0.013865
17.190184,206.626129,-379.896613,6.628558,6.408607,89.582511,-238.085933,3.263220,2.371389,5.593176,5.923309,0.038986,0.012447
17.194381,216.698347,-374.165160,6.734229,6.199067,94.535839,-237.217975,3.738794,2.907475,5.554785,5.903956,0.039973,0.014239
17.198577,226.307582,-367.427879,6.553176,6.483084,98.573697,-234.264118,3.929573,2.373592,5.518596,5.884894,0.039546,0.014704
17.202774,235.921445,-361.184313,6.911164,6.351308,104.507559,-232.741986,3.590060,2.625489,5.486352,5.861140,0.039912,0.013511
17.206971,244.253995,-354.552130,6.948650,6.141501,108.417403,-230.432197,3.677764,2.876858,5.452746,5.843418,0.039636,0.013924
17.211168,253.180019,-348.060049,6.687513,6.200054,113.426374,-227.615604,3.281353,2.432113,5.423713,5.820879,0.037981,0.012311
17.215365,260.951747,-341.410861,6.755916,6.007789,117.980185,-225.427533,3.638714,2.483222,5.393942,5.801023,0.037967,0.013455
17.219562,268.709363,-334.775511,6.835084,6.027870,121.968743,-223.249911,3.646148,2.540202,5.362271,5.783162,0.038016,0.013458
17.223758,276.522781,-328.424461,6.968526,6.139551,127.595558,-220.039449,3.049690,2.262270,5.341512,5.757694,0.037623,0.011291
17.227955,283.363611,-321.922967,6.992759,6.218732,130.855118,-218.675479,3.688887,2.817923,5.307508,5.743944,0.039007,0.013658
17.232152,290.679218,-315.035730,6.858368,6.096616,135.389783,-215.214835,3.349638,2.447704,5.283690,5.721649,0.037363,0.012273
17.236349,296.888509,-308.391439,6.915759,6.032615,139.287103,-212.524578,3.238333,2.395348,5.258879,5.703028,0.036967,0.011845
17.240546,303.687186,-302.286053,7.186732,5.841920,143.112047,-209.389615,3.309169,2.369390,5.236867,5.683638,0.036351,0.011993
17.244742,309.492097,-296.018757,7.223170,6.151092,147.881872,-206.717630,3.586305,2.409588,5.217204,5.662211,0.037774,0.012733
17.248939,315.349942,-289.660569,7.072612,6.074452,151.582938,-204.249672,3.143609,2.627891,5.193119,5.644730,0.037215,0.011680
17.253136,320.661695,-283.535684,6.851919,6.143759,155.170917,-201.252441,3.301496,2.285629,5.173800,5.626363,0.036665,0.011662
17.257333,325.829768,-277.606981,6.919959,6.142484,159.086229,-198.600166,3.295863,2.647112,5.154876,5.607812,0.037276,0.012020
17.261530,330.956456,-271.669847,6.962438,6.088488,162.792901,-195.257427,3.281461,2.266971,5.138891,5.588210,0.036368,0.011441
17.265727,335.860576,-266.034506,7.011299,5.963568,166.173549,-192.876154,3.643235,2.529298,5.119446,5.572021,0.036371,0.012633
17.269923,340.021707,-260.113667,7.103398,5.995365,169.649076,-189.991182,3.530357,2.739036,5.102841,5.554289,0.036920,0.012577
17.274120,344.699980,-254.866368,7.046227,5.965220,172.149885,-186.506689,3.711048,2.397790,5.089592,5.537795,0.035874,0.012510
17.278317,348.547741,-249.719346,6.915442,6.153643,175.281875,-183.883639,3.756594,2.525304,5.075509,5.521732,0.036781,0.012713
17.282514,352.270133,-244.273092,7.097362,6.019222,178.423392,-180.653045,3.196131,2.314580,5.063206,5.503996,0.035763,0.011011
17.286711,355.787333,-239.486111,7.012306,5.878758,181.234710,-178.148406,3.677576,2.559242,5.050310,5.489200,0.035641,0.012429
17.290908,359.302643,-234.461941,6.949378,6.145740,183.873108,-175.863263,3.564373,2.699118,5.034766,5.475525,0.036930,0.012350
17.295104,362.498437,-230.041600,6.869188,5.949520,185.819035,-173.181641,3.618934,2.712400,5.023747,5.462600,0.035900,0.012465
17.299301,365.322329,-225.570534,6.978463,6.241002,188.130582,-170.072461,3.654950,2.542131,5.015920,5.447417,0.036882,0.012194
17.303498,368.085976,-221.591028,7.163130,5.804528,191.123540,-167.932302,3.629760,2.636465,5.006798,5.433287,0.035317,0.012218
17.307695,371.000808,-217.346433,7.019164,5.885585,193.390566,-165.051231,3.730112,2.257724,4.998735,5.418889,0.034839,0.011676
17.311892,373.106612,-213.596641,7.011403,5.908889,194.580973,-162.423336,3.338574,2.340878,4.991548,5.407953,0.034857,0.011023
17.316088,375.295402,-209.702302,7.047863,6.072564,196.687847,-160.418712,3.373558,2.295391,4.981622,5.396570,0.035590,0.010940
17.320285,377.336848,-206.123468,6.963665,6.097209,198.181661,-158.544870,3.763630,2.433604,4.971969,5.387129,0.035942,0.011911
17.324482,379.822307,-202.721660,7.239200,6.057606,200.560205,-155.738807,3.325103,2.422847,4.968714,5.372647,0.035757,0.011013
17.328679,381.195499,-199.645351,6.961049,6.100463,200.915104,-153.983672,3.692825,2.325417,4.960454,5.366311,0.035585,0.011485
17.332876,383.009016,-197.007550,6.990216,6.303876,202.945946,-152.187932,3.629396,2.392484,4.956342,5.355822,0.036721,0.011429
17.337073,385.084253,-194.271961,6.946348,6.172014,203.771737,-150.131187,3.808551,2.297596,4.951195,5.347364,0.035731,0.011536
17.341269,386.426768,-191.479117,7.249321,5.932688,205.526723,-148.956993,3.710043,2.177866,4.943257,5.339538,0.034591,0.011038
17.345466,387.494617,-189.170078,7.207133,6.111330,206.478188,-146.838783,3.396807,2.071626,4.942114,5.330565,0.035181,0.010236
17.349663,388.666557,-186.793833,7.026716,6.100850,207.531382,-146.243033,3.774709,2.413379,4.932628,5.326248,0.035747,0.011564
17.353860,389.237433,-184.961587,7.094397,6.100313,207.744292,-145.367930,3.466791,3.113829,4.927179,5.322943,0.037145,0.012755
17.358057,390.240213,-183.572566,6.971548,6.020391,208.689124,-143.554125,3.739859,2.471982,4.929345,5.314938,0.035392,0.011605
17.362253,391.032968,-181.404761,7.102450,6.001687,209.626526,-142.318991,3.130838,2.116878,4.924604,5.308825,0.034664,0.009796
17.366450,391.403964,-180.245636,7.249839,5.992683,210.597182,-141.584528,3.661784,2.440211,4.923042,5.304282,0.035433,0.011336
17.370647,392.515964,-179.219882,6.966371,6.258105,210.984551,-140.958089,3.673615,2.229795,4.920121,5.301381,0.036117,0.010866
17.374844,392.692883,-178.264410,6.982344,6.231588,210.698130,-141.327091,3.482579,3.291251,4.912627,5.303218,0.038118,0.013211
17.379041,393.199665,-177.911990,7.218114,6.272026,210.997111,-139.627818,3.702992,2.171323,4.919495,5.296982,0.036020,0.010791
17.383238,393.140282,-176.758589,7.222242,6.213517,211.142097,-139.566419,3.722610,2.328730,4.913968,5.296463,0.036077,0.011167
17.387434,393.188716,-176.673139,7.188097,6.176020,211.298629,-140.561547,4.122534,2.894946,4.908376,5.299394,0.037112,0.013083
17.391631,393.388928,-176.826361,7.213330,6.270856,211.334385,-139.999127,3.799126,2.592050,4.911982,5.297469,0.036849,0.011881
17.395828,393.438577,-176.729793,7.213860,6.192805,211.178079,-139.435029,3.594888,2.366384,4.914226,5.295952,0.035976,0.011053
17.400025,393.438577,-176.729793,7.213860,6.192805,211.036204,-139.929315,3.584177,2.347371,4.911471,5.297889,0.035923,0.010995
17.404222,393.155443,-176.831350,7.191644,6.136057,210.847895,-140.493440,3.559990,2.162636,4.909133,5.300156,0.035345,0.010543
17.408419,392.506448,-177.811568,7.128090,6.214261,210.524614,-141.364310,3.765537,2.378646,4.910053,5.303721,0.036174,0.011365
17.412615,391.848446,-178.623742,7.152926,6.201358,209.026959,-142.050854,3.897803,2.343140,4.909830,5.309279,0.035904,0.011574
17.416812,390.717046,-180.295407,6.880397,6.135981,209.085868,-144.515344,3.436770,3.307115,4.906891,5.317169,0.037806,0.013179
17.421009,390.366950,-181.145288,6.794001,6.075125,207.500389,-143.801617,3.148689,2.296668,4.913832,5.318414,0.035027,0.010314
17.425206,389.103877,-182.709324,6.856899,6.079579,207.313121,-145.864567,3.886341,2.707648,4.912357,5.325524,0.036164,0.012416
17.429403,388.814983,-184.394072,6.911500,6.145296,206.504813,-147.395610,3.774853,2.685827,4.912612,5.332293,0.036321,0.012205
17.433599,387.157317,-186.486189,6.983442,6.029383,205.651314,-148.186500,3.703168,2.347095,4.920349,5.336788,0.035243,0.011375
17.437796,385.790861,-188.584410,7.022413,6.139716,204.985574,-150.139118,3.664572,2.547221,4.921902,5.344555,0.036285,0.011749
17.441993,383.874443,-190.720225,7.146550,6.005491,203.065076,-152.279541,3.893886,2.668705,4.921873,5.355829,0.035960,0.012469
17.446190,383.017983,-193.435441,6.963842,6.071287,201.863539,-153.696059,3.708944,2.651543,4.928336,5.363137,0.036063,0.012148
17.450387,381.284934,-196.489083,7.202548,5.987781,200.589441,-156.114458,3.502078,2.501075,4.932218,5.373744,0.035481,0.011485
17.454584,379.291971,-199.195820,7.089513,6.252174,199.093805,-158.220962,3.650329,2.490721,4.935975,5.383893,0.036778,0.011771
17.458780,377.821467,-202.760121,7.138509,6.037764,196.644454,-161.055481,3.326504,3.260805,4.938635,5.398620,0.037203,0.012933
17.462977,375.358940,-206.024998,6.993210,6.055477,194.836780,-163.554851,3.615263,3.145610,4.943450,5.410724,0.037114,0.013160
17.467174,373.110177,-209.352729,7.023838,6.073043,192.938519,-165.165940,3.867365,2.558357,4.952890,5.420388,0.036004,0.012515
17.471371,370.741972,-213.473085,6.917992,6.007306,190.926356,-167.786596,3.681158,2.569897,4.961198,5.433369,0.035683,0.012210
17.475568,367.606565,-217.418332,6.980156,6.188626,188.958501,-170.260090,3.710105,2.698520,4.970475,5.445781,0.036979,0.012548
17.479765,365.198322,-221.679664,7.041347,6.146712,186.462185,-172.340563,3.233355,2.332950,4.981726,5.458450,0.035942,0.010965
17.483961,361.813797,-226.151342,6.948358,6.174152,183.134825,-176.343571,3.622331,3.076068,4.984243,5.478897,0.037575,0.013177
17.488158,359.428104,-230.680685,6.910176,5.964944,181.400397,-177.595092,3.585910,2.493071,5.002182,5.487188,0.035434,0.012120
17.492355,355.566920,-235.553150,7.094484,6.092449,179.310978,-180.824943,3.761064,2.529803,5.013455,5.501991,0.036493,0.012606
17.496552,352.229008,-240.251416,7.180674,6.060768,175.670213,-183.594351,3.636387,2.481225,5.022905,5.519840,0.036150,0.012349
17.500749,348.289863,-245.339303,6.996895,6.076022,173.260144,-186.390020,3.533392,2.594469,5.037253,5.534278,0.036507,0.012313
17.504945,344.516622,-250.414761,7.120277,6.150930,169.950729,-188.908103,3.635437,2.415197,5.051147,5.550565,0.036606,0.012391
17.509142,340.303776,-256.131375,7.036656,6.141157,166.232865,-191.681252,3.781767,2.329203,5.066991,5.568770,0.036392,0.012766
17.513339,335.964385,-262.028429,7.042178,5.928312,163.564195,-194.766045,3.673536,2.425377,5.084378,5.584644,0.035821,0.012647
17.517536,331.651396,-267.622960,7.050312,6.228000,159.816380,-197.594361,3.569440,2.298801,5.099373,5.603095,0.036824,0.012313
17.521733,326.193439,-273.422230,6.992464,6.238426,155.765313,-201.518350,3.914439,2.800229,5.111632,5.625152,0.037996,0.013895
17.525930,321.526417,-279.503512,7.109077,6.102848,151.826047,-203.702691,3.876154,2.631569,5.132474,5.642679,0.037171,0.013710
17.530126,315.896021,-285.745165,6.996925,6.153170,148.403919,-206.172573,3.699011,2.464181,5.155905,5.659291,0.037120,0.013107
17.534323,310.020258,-291.638125,7.030565,6.115202,143.965702,-208.824641,3.805965,2.342692,5.175006,5.679602,0.036974,0.013420
17.538520,304.098529,-297.911388,7.030977,6.148028,140.993058,-211.341299,3.281834,2.296711,5.200342,5.694859,0.037063,0.011859
17.542717,298.036792,-305.342502,6.919525,6.262151,136.270767,-214.763927,3.536177,2.554198,5.222828,5.717774,0.037847,0.012913
17.546914,291.046066,-311.681801,6.774585,6.303092,131.961273,-217.415527,3.850120,2.614944,5.247315,5.737668,0.038333,0.013998
17.551110,284.823927,-318.127650,7.017577,6.294701,126.908372,-219.971172,3.372351,2.629676,5.268522,5.759900,0.038205,0.012613
17.555307,276.883656,-325.179519,6.802379,6.262807,123.638165,-221.606054,3.182545,2.267403,5.306734,5.774283,0.037511,0.011786
17.559504,269.556695,-331.912512,7.017874,6.201308,118.688315,-224.761751,3.709329,2.646204,5.329946,5.797340,0.038722,0.013790
17.563701,261.523333,-338.512530,6.875231,6.272993,114.360009,-227.214381,3.834167,2.533326,5.359904,5.816891,0.038955,0.014189
17.567898,253.677465,-345.283379,6.810361,6.345252,110.324368,-229.633217,3.849890,2.758137,5.391232,5.835310,0.039573,0.014406
17.572095,245.176652,-351.859112,6.757042,6.376732,105.527591,-231.536106,3.315841,2.439346,5.423585,5.855542,0.038700,0.012507
17.576291,236.219006,-359.336313,6.899809,6.058235,100.313763,-233.500373,3.813301,2.369065,5.459336,5.877418,0.038734,0.014269
17.580488,226.826025,-365.417967,6.707543,6.149001,95.980101,-235.802316,3.696505,2.573981,5.493064,5.896628,0.038956,0.013978
17.584685,217.445536,-372.191051,6.615260,6.271427,91.879940,-237.659721,3.427575,2.572857,5.532244,5.914281,0.038829,0.013065
17.588882,207.373516,-378.796129,6.830809,6.306910,86.738579,-240.250653,3.660533,2.754968,5.566782,5.936715,0.040218,0.013968
17.593079,197.022106,-384.662949,6.420229,6.504197,82.418163,-241.360362,3.438316,2.672736,5.608607,5.954127,0.039163,0.013200
17.597276,186.544597,-391.138716,6.487494,6.612784,76.813996,-243.591501,3.481730,2.937032,5.643730,5.977716,0.039797,0.013453
17.601472,175.665134,-397.055984,6.504333,6.571075,72.643942,-245.364601,3.712457,2.973015,5.686590,5.995342,0.040372,0.014297
17.605669,164.357422,-402.507934,6.455099,6.604937,67.797950,-246.738018,3.271316,3.170930,5.728272,6.015026,0.039623,0.012757
17.609866,152.353689,-407.919546,6.508770,6.538529,62.626665,-247.823385,3.514555,3.053762,5.772349,6.035661,0.040072,0.013648
17.614063,140.004976,-412.559358,6.154287,6.801283,58.542432,-249.247527,3.626960,3.199305,5.820485,6.052490,0.039558,0.014084
17.618260,127.868443,-417.154992,6.152129,6.780886,52.770393,-249.549062,3.525941,2.836968,5.861943,6.074792,0.038848,0.013719
17.622456,115.308688,-421.080987,6.236823,6.678178,48.191494,-250.808425,3.538355,2.947012,5.907711,6.093354,0.039274,0.013779
17.626653,102.438475,-424.941506,6.067813,6.541471,43.318440,-251.363450,3.280003,2.821560,5.954912,6.112528,0.037746,0.012811
17.630850,89.212100,-428.589288,6.477491,6.429362,38.466082,-252.856394,3.486385,3.195643,6.002065,6.132217,0.040143,0.013607
17.635047,76.163317,-431.348269,6.128130,6.849286,34.387438,-253.252700,3.635509,3.095382,6.052781,6.148228,0.039066,0.014189
17.639244,62.409353,-433.826024,6.071063,6.716889,29.492250,-253.588678,3.397774,2.952670,6.102544,6.167406,0.038041,0.013287
17.643441,48.853173,-435.725067,5.942592,6.935791,24.291514,-253.942077,3.874853,3.015543,6.148883,6.187818,0.038722,0.015162
17.647637,35.124222,-437.407637,6.221200,6.622245,20.261365,-254.484178,3.471439,3.001487,6.202112,6.203736,0.038824,0.013587
17.651834,21.456540,-437.783935,5.782477,6.911288,14.214274,-254.500020,3.564854,2.969146,6.243692,6.227392,0.037040,0.013979
17.656031,7.774305,-438.548779,5.973925,6.609387,9.809898,-253.959860,3.318304,2.356249,6.294213,6.244577,0.037019,0.013052
17.660228,-6.409720,-438.486086,5.946869,6.694750,4.896559,-255.414196,3.124952,3.262462,6.344866,6.264017,0.036642,0.012233
17.664425,-20.355676,-437.539559,5.802927,6.753232,0.169973,-254.178470,3.647546,2.467717,6.394662,6.282517,0.037171,0.014350
17.668622,-33.301974,-436.532373,6.163579,6.293870,-5.071675,-254.373439,3.651373,2.642673,6.436938,6.303121,0.038822,0.014350
17.672818,-46.847488,-435.107553,6.026280,6.522821,-9.917693,-254.092136,3.765667,2.596447,6.484438,6.322197,0.038446,0.014803
17.677015,-60.306167,-432.601175,6.133837,6.439061,-14.972292,-253.832683,3.314268,2.664766,6.531540,6.342102,0.037802,0.013026
17.681212,-73.027581,-430.588303,6.033197,6.775658,-19.440056,-254.125107,3.822652,2.962050,6.578011,6.359535,0.038846,0.014981
17.685409,-85.749024,-427.301294,5.936676,6.504641,-24.698767,-253.004094,3.370772,2.548610,6.620096,6.380499,0.037061,0.013233
17.689606,-99.079349,-423.874370,6.250604,6.521031,-29.812562,-252.249592,3.638534,2.769149,6.666786,6.400826,0.038968,0.014283
17.693802,-111.018717,-419.967531,6.341218,6.466385,-35.523332,-251.767813,3.679311,2.728956,6.705077,6.423356,0.039486,0.014407
17.697999,-122.755198,-416.205163,6.376220,6.418340,-39.943331,-251.250521,3.607649,2.548960,6.748454,6.440844,0.039244,0.014093
17.702196,-135.065303,-412.118959,6.356215,6.359468,-45.852105,-250.061097,3.500768,2.672995,6.786414,6.464534,0.038785,0.013676
17.706393,-146.697312,-407.737371,6.220723,6.269575,-50.317080,-249.083017,3.553059,2.303278,6.829091,6.482512,0.037905,0.013822
17.710590,-157.786139,-402.704178,6.133109,6.429815,-55.769630,-247.460603,3.661417,2.743925,6.864562,6.504850,0.038207,0.014280
17.714787,-168.907876,-398.207938,6.384093,6.334890,-61.862841,-246.208407,3.415491,2.923246,6.896755,6.529351,0.038481,0.013347
17.718983,-179.169800,-392.628077,6.324236,6.366785,-66.986145,-245.533822,3.120339,2.382830,6.934743,6.549522,0.037622,0.012082
17.723180,-189.485533,-387.668515,6.414322,6.523951,-71.032292,-243.632942,3.897856,2.741440,6.971430,6.566876,0.039336,0.015052
17.727377,-199.186663,-381.807796,6.341107,6.497430,-76.233958,-241.666313,3.518067,2.609175,7.003343,6.588757,0.038320,0.013598
17.731574,-209.205093,-376.423636,6.479240,6.377563,-81.992614,-240.188658,3.392364,2.904029,7.034349,6.612149,0.038481,0.013179
17.735771,-218.247581,-371.127124,6.429023,6.333138,-87.435548,-238.828922,3.651786,2.668456,7.062935,6.634132,0.038381,0.013957
17.739967,-227.103852,-365.070809,6.562463,6.205050,-91.659641,-236.336547,3.448099,2.903026,7.093977,6.653161,0.038120,0.013341
17.744164,-235.748611,-359.712432,6.636040,6.402049,-96.264226,-234.310958,3.392075,2.525892,7.121699,6.673001,0.038082,0.012953
17.748361,-243.746850,-354.105995,6.203028,6.433232,-101.731401,-231.914685,3.387069,2.821506,7.143476,6.696568,0.037593,0.013040
17.752558,-251.697858,-348.220974,6.407368,6.252807,-106.190994,-230.824975,3.535225,2.928205,7.175104,6.714365,0.037818,0.013527
17.756755,-259.737732,-342.198208,6.685945,6.152483,-110.617867,-229.277147,3.551820,3.224883,7.205856,6.732706,0.038387,0.013719
17.760952,-266.287779,-336.774705,6.797796,6.406967,-115.866223,-225.254971,3.603033,3.002699,7.216019,6.758269,0.038989,0.013762
17.765148,-273.740293,-331.119947,6.846024,6.273937,-120.366711,-223.204053,3.480566,2.998714,7.240834,6.777751,0.038405,0.013321
17.769345,-280.633844,-325.708417,6.808555,6.247540,-124.782883,-220.511524,3.615027,2.709200,7.260243,6.798138,0.037777,0.013488
17.773542,-287.086940,-320.008870,6.727693,6.490293,-129.919906,-218.033375,3.430378,2.611810,7.278426,6.820564,0.038245,0.012750
17.777739,-293.620994,-314.865475,7.107314,6.134965,-133.137757,-214.953095,3.017065,2.631454,7.297130,6.837733,0.036941,0.011530
17.781936,-299.457521,-309.343033,6.710271,6.272369,-137.864268,-212.326322,3.607242,2.766254,7.313286,6.859071,0.037487,0.013350
17.786133,-305.445338,-304.074766,6.836441,6.361200,-142.055661,-209.683726,3.628233,2.917893,7.330117,6.878634,0.038110,0.013506
17.790329,-310.511437,-298.898104,6.811429,6.505537,-145.081818,-206.305391,3.049778,2.607647,7.343714,6.896081,0.037555,0.011542
17.794526,-315.971798,-293.847352,6.966789,6.371815,-149.878589,-204.101885,3.673397,2.706358,7.358591,6.916583,0.037869,0.013294
17.798723,-320.932939,-288.829723,6.634938,6.283351,-153.946539,-201.292084,3.781547,3.046255,7.371146,6.936086,0.037811,0.013922
17.802920,-324.745748,-284.058302,7.029703,6.163726,-156.807133,-198.400893,4.087191,2.909129,7.382325,6.952017,0.037700,0.014549
17.807117,-330.106219,-279.746852,6.950143,6.461887,-160.335978,-195.675360,3.658493,3.077499,7.394175,6.969643,0.038532,0.013586
17.811313,-334.507807,-274.895044,6.885542,6.625376,-163.840842,-193.832151,3.543744,3.431825,7.410552,6.984928,0.039770,0.013781
17.815510,-338.196802,-270.423889,6.893256,6.437034,-165.788793,-190.023076,3.683581,2.966866,7.417622,7.000579,0.037970,0.013452
17.819707,-341.989954,-266.554984,7.140563,6.348427,-170.142633,-187.991968,3.663194,3.363886,7.425183,7.018785,0.038829,0.013928
17.823904,-345.472320,-262.577045,7.028503,6.627515,-172.736426,-184.851128,4.106907,2.919884,7.431153,7.034717,0.039073,0.014240
17.828101,-348.658245,-258.332119,6.793714,6.326798,-175.370342,-181.906358,3.642947,2.904714,7.438609,7.050292,0.037429,0.013092
17.832298,-352.134523,-254.947542,7.069342,6.495538,-177.614562,-178.893566,3.606765,2.662889,7.443008,7.064996,0.037685,0.012589
17.836494,-354.980296,-251.422137,6.958487,6.454634,-180.220829,-177.007503,3.986856,2.676358,7.451424,7.077578,0.037672,0.013396
17.840691,-357.844514,-247.922238,7.066315,6.523644,-182.101700,-174.586005,3.710362,2.847535,7.458657,7.089651,0.038085,0.013038
17.844888,-360.624632,-244.797747,6.929151,6.366889,-185.434320,-172.572557,4.241480,2.605980,7.462945,7.104494,0.037331,0.013669
17.849085,-362.886755,-241.722446,7.055614,6.519170,-187.443587,-170.242601,4.250654,2.792198,7.467091,7.116636,0.038354,0.013929
17.853282,-365.268728,-238.558051,7.144924,6.619178,-189.643355,-168.250941,4.257308,2.754529,7.473196,7.128285,0.038793,0.013793
17.857479,-367.556319,-235.733897,7.256409,6.537892,-191.464087,-166.112987,4.265117,2.867212,7.477476,7.139362,0.038683,0.013950
17.861675,-369.204933,-233.528010,7.102120,6.408317,-192.394803,-164.009452,4.196124,2.663732,7.479367,7.148059,0.037525,0.013425
17.865872,-371.362703,-231.049110,7.093055,6.589267,-195.191710,-162.528250,4.111299,2.726493,7.483041,7.159641,0.038514,0.013241
17.870069,-372.857915,-228.558640,7.135710,6.675474,-195.580860,-161.324632,4.195177,3.179069,7.491482,7.164272,0.039614,0.014298
17.874266,-374.066811,-226.522633,7.244360,6.547603,-197.251404,-159.150979,4.397867,2.824983,7.489936,7.175082,0.038660,0.013927
17.878463,-375.586548,-224.623047,7.100323,6.565894,-198.803015,-158.463256,4.034047,3.385639,7.495876,7.181020,0.039667,0.014362
17.882659,-376.744177,-222.892771,6.834027,6.534570,-199.228453,-155.769644,4.185062,2.427047,7.492474,7.190397,0.037462,0.012691
17.886856,-377.985346,-221.385302,7.189636,6.403250,-200.656056,-155.093203,4.393594,2.994778,7.496232,7.195966,0.038291,0.014126
17.891053,-378.818375,-220.184444,7.373182,6.571144,-201.216808,-153.555166,4.130246,2.606285,7.495069,7.202128,0.038241,0.012845
17.895250,-379.784658,-218.983006,7.183384,6.716235,-201.349437,-152.586783,4.120592,2.881448,7.497754,7.205494,0.039043,0.013404
17.899447,-380.217717,-218.043878,7.371955,6.385744,-202.636383,-151.806477,4.057131,2.179317,7.496968,7.211020,0.036787,0.011822
17.903644,-381.047912,-217.258040,7.500187,6.543347,-203.606229,-153.087754,3.835183,3.616990,7.506974,7.209277,0.040236,0.014514
17.907840,-381.211749,-216.703088,7.323120,6.487525,-203.722616,-151.952900,4.176728,3.510260,7.504173,7.213122,0.039738,0.014803
17.912037,-381.673585,-216.317411,7.212781,6.417225,-203.686103,-151.874026,4.164961,3.562385,7.506597,7.213285,0.039415,0.014912
17.916234,-381.766543,-216.141182,7.212049,6.512999,-203.926694,-151.328166,4.123062,3.465238,7.504496,7.215574,0.039584,0.014618
17.920431,-381.837889,-215.901316,7.278431,6.620368,-203.938942,-151.649404,3.969846,3.762936,7.507390,7.214588,0.040688,0.015101
17.924628,-381.995090,-216.015396,7.339552,6.678735,-204.225463,-151.994415,3.905334,3.600311,7.508307,7.214172,0.040616,0.014581
17.928824,-381.995090,-216.015396,7.339552,6.678735,-203.702294,-151.715637,3.819469,3.698059,7.507858,7.213823,0.040682,0.014732
17.933021,-381.290704,-216.306232,7.477386,6.565833,-202.782230,-150.474537,4.212872,2.459324,7.500669,7.215588,0.037935,0.012650
17.937218,-380.743945,-216.767218,7.459665,6.689979,-202.377413,-152.497344,3.364330,3.431619,7.508139,7.208225,0.040076,0.013447
17.941415,-380.045859,-217.940559,7.306291,6.672096,-201.587449,-151.818413,3.890174,2.709906,7.499146,7.208490,0.038566,0.012632
17.945612,-379.430572,-219.043036,7.165031,6.625707,-201.047999,-152.814902,4.096995,2.469122,7.498485,7.204053,0.037967,0.012529
17.949809,-378.275841,-219.998309,7.151525,6.761938,-200.701281,-154.474430,4.081440,3.213728,7.500487,7.198008,0.040048,0.014062
17.954005,-377.107437,-221.363360,6.833084,6.743287,-199.632951,-154.597945,3.825899,2.675355,7.494162,7.195040,0.038649,0.012500
17.958202,-376.312716,-223.216055,7.167838,6.582254,-199.157366,-156.790906,4.167994,3.053267,7.495251,7.187050,0.039067,0.013894
17.962399,-374.998352,-224.499058,6.923111,6.514355,-198.058903,-158.480630,3.772542,3.262331,7.496866,7.179138,0.038979,0.013681
17.966596,-373.642895,-226.629997,7.239708,6.523331,-196.050511,-159.132718,4.111269,2.900071,7.490775,7.172152,0.038420,0.013594
17.970793,-372.198124,-228.851277,7.181419,6.571815,-194.862665,-161.551222,4.021756,3.290062,7.491265,7.161776,0.039362,0.014246
17.974990,-370.421907,-231.311769,7.187614,6.531451,-193.134893,-162.619961,4.051829,2.666862,7.484331,7.154149,0.037986,0.013120
17.979186,-368.381719,-233.672347,6.958328,6.621452,-191.910280,-164.449696,4.050003,2.678660,7.480166,7.145490,0.038354,0.013172
17.983383,-366.683159,-236.251323,6.967799,6.728311,-189.982233,-166.545553,3.692297,2.673460,7.478239,7.134225,0.038590,0.012495
17.987580,-364.498106,-239.008064,6.982826,6.744887,-187.957288,-168.520293,3.692297,2.673460,7.474103,7.123055,0.038651,0.012550
17.991777,-362.047387,-241.964385,7.032450,6.487335,-186.306011,-170.739628,3.815687,2.746005,7.468930,7.112154,0.037902,0.012971
17.995974,-359.945320,-245.126025,6.773056,6.664682,-184.602613,-172.913773,4.156770,2.860657,7.463315,7.101266,0.038799,0.013941
18.000170,-356.776616,-248.368914,6.892752,6.472802,-181.745923,-174.855816,3.724031,2.588248,7.456353,7.087903,0.037438,0.012629
18.004367,-354.340984,-252.139017,6.944431,6.491307,-179.217419,-178.059451,3.695677,2.867026,7.453795,7.071825,0.037963,0.013081
18.008564,-350.708009,-255.556709,6.989958,6.516012,-178.090258,-180.936251,3.829839,2.708462,7.445955,7.060657,0.038329,0.013099
18.012761,-347.539432,-259.527481,7.102726,6.517452,-174.911057,-183.344970,3.878064,3.083408,7.438378,7.045046,0.039011,0.013899
18.016958,-344.254321,-263.329697,6.833584,6.427779,-171.527670,-185.760668,3.689478,2.785380,7.431888,7.028768,0.037702,0.013069
18.021155,-340.659872,-267.435912,6.786982,6.564602,-170.033109,-188.741267,3.686885,2.673336,7.421845,7.016486,0.038338,0.012880
18.025351,-336.643307,-271.688045,6.813087,6.591554,-165.857162,-190.578341,3.622549,2.786482,7.410599,6.999338,0.038413,0.013016
18.029548,-332.584829,-275.959444,6.791674,6.454186,-163.383728,-194.496039,3.948877,3.274426,7.405276,6.981866,0.039181,0.014506
18.033745,-328.560366,-280.681697,6.922218,6.358729,-160.639112,-196.580551,3.619926,2.315145,7.389665,6.968307,0.037215,0.012458
18.037942,-324.137515,-285.184987,6.879304,6.388710,-157.580574,-199.375506,3.589680,3.089529,7.378251,6.952027,0.038645,0.013403
18.042139,-319.246859,-290.579836,6.899293,6.550557,-153.128536,-202.449462,4.079437,2.889675,7.366211,6.930757,0.039118,0.014541
18.046336,-314.421415,-295.271422,6.866801,6.390675,-149.003617,-205.142570,4.019822,3.107048,7.355096,6.911372,0.038802,0.014711
18.050532,-309.141862,-300.409335,6.686494,6.340686,-145.183744,-207.729269,3.621865,2.835599,7.339493,6.893178,0.037756,0.013353
18.054729,-303.603194,-305.420832,6.642680,6.477242,-141.307017,-210.367695,3.787431,2.968702,7.324160,6.874674,0.038610,0.014021
18.058926,-297.762626,-310.890682,6.781965,6.281399,-137.153407,-212.843756,3.601283,3.022107,7.305900,6.855603,0.038102,0.013592
18.063123,-292.144087,-315.667915,6.763483,6.470044,-133.309015,-215.100767,3.650275,2.765186,7.289540,6.838001,0.038448,0.013545
18.067320,-285.464587,-321.534043,6.907819,6.416093,-128.296902,-217.956075,3.350806,3.254891,7.271286,6.815207,0.039017,0.013152
18.071516,-279.122117,-326.821879,6.476535,6.406937,-123.966044,-220.331720,3.509610,2.931680,7.252481,6.795676,0.037995,0.013368
18.075713,-272.262427,-332.004877,6.697357,6.556991,-119.576504,-223.373973,3.455470,2.706371,7.235601,6.774688,0.038665,0.013038
18.079910,-264.746573,-337.516263,6.558625,6.245310,-115.462156,-225.475410,3.385150,2.643275,7.210148,6.756453,0.037521,0.012810
18.084107,-257.960228,-343.357769,6.259539,6.338805,-110.870343,-227.504820,3.072486,2.824519,7.186827,6.736647,0.037132,0.011958
18.088304,-250.308852,-349.536492,6.556345,6.529327,-105.854116,-230.017479,3.498293,2.950877,7.162767,6.714489,0.038800,0.013463
18.092501,-242.121164,-355.102133,6.742110,6.352721,-101.513399,-232.352510,3.381871,2.829382,7.136289,6.695087,0.038654,0.013013
18.096697,-233.765144,-360.608773,6.119459,6.327499,-96.887134,-234.209092,3.090241,2.351660,7.108362,6.675427,0.036492,0.011811
18.100894,-225.126294,-366.413153,6.550670,6.467788,-92.783341,-236.617841,3.154581,2.111967,7.078302,6.656883,0.037960,0.011947
18.105091,-216.444004,-372.102515,6.444608,6.381014,-86.522322,-239.064704,3.498025,2.644293,7.056734,6.630440,0.038333,0.013413
18.109288,-207.288201,-377.469518,6.378171,6.344174,-81.426918,-240.181763,3.274410,2.223121,7.025189,6.610047,0.037417,0.012547
18.113485,-198.135599,-382.930894,6.395053,6.234162,-76.090385,-241.707516,3.729885,2.029104,6.995866,6.588167,0.037790,0.014244
18.117681,-187.905102,-388.268385,6.375522,6.556820,-71.998754,-243.423738,3.465690,2.124373,6.958055,6.570762,0.038362,0.013305
18.121878,-177.572153,-393.639500,6.224231,6.598682,-66.556806,-245.100002,3.641896,2.247789,6.925007,6.548341,0.038428,0.014031
18.126075,-167.050777,-398.963177,6.225797,6.496422,-61.746179,-246.357079,3.470793,2.613964,6.887197,6.528763,0.038227,0.013490
18.130272,-156.464579,-403.955892,6.033503,6.456312,-56.134331,-247.189117,3.449998,2.226731,6.852496,6.506489,0.037155,0.013414
18.134469,-145.397926,-408.603785,6.312003,6.496895,-52.266942,-249.023594,3.520723,2.430846,6.811459,6.490070,0.038723,0.013683
18.138666,-134.221050,-413.219496,6.058219,6.757914,-46.321967,-250.066284,3.709315,2.672148,6.777352,6.466348,0.038531,0.014468
18.142862,-122.805140,-417.060522,6.275118,6.841698,-41.278186,-250.080830,3.134380,2.205879,6.737385,6.446770,0.037931,0.012283
18.147059,-110.279079,-420.743658,6.141159,6.508973,-36.052542,-251.567549,3.616577,2.326541,6.696647,6.425528,0.038392,0.014147
18.151256,-98.452677,-424.507749,6.153002,6.670092,-30.299616,-252.244835,3.672573,2.679987,6.659922,6.402732,0.038697,0.014407
18.155453,-85.839775,-427.627102,5.829669,6.483786,-25.854320,-252.574936,3.607506,2.405003,6.613317,6.385193,0.037082,0.014168
18.159650,-73.012617,-430.495366,6.133329,6.672438,-21.038324,-252.712081,3.286903,2.396939,6.567606,6.366244,0.037624,0.012941
18.163847,-60.138503,-432.956957,6.053861,6.588558,-15.886173,-253.279935,3.546199,2.136864,6.524667,6.345825,0.037888,0.013956
18.168043,-47.342672,-434.651309,6.048413,6.906740,-10.980573,-253.774710,3.171189,2.350272,6.481574,6.326427,0.037118,0.012479
18.172240,-34.291602,-436.831760,6.075801,6.618707,-6.810399,-254.152211,3.275128,2.610402,6.432500,6.309975,0.037389,0.012880
18.176437,-20.721080,-437.676511,5.926970,6.853088,-1.272043,-254.160569,3.507605,2.500628,6.388771,6.288190,0.037345,0.013800
18.180634,-7.165718,-438.450012,6.071128,6.776533,3.584947,-254.936736,3.752647,3.079920,6.341701,6.269124,0.038832,0.014718
18.184831,5.696094,-438.506881,5.761966,6.756347,8.220844,-254.672414,3.513638,2.940688,6.296918,6.250916,0.036708,0.013787
18.189027,19.597608,-437.806710,5.718151,6.625419,13.508448,-253.651619,3.236865,2.332510,6.250132,6.229980,0.035664,0.012734
18.193224,32.746263,-437.048626,6.026049,6.671729,18.040255,-254.229777,3.566153,2.967068,6.202918,6.212344,0.038189,0.013981
18.197421,45.949239,-436.086600,6.370667,6.694511,23.059254,-253.845631,3.311595,2.679470,6.158237,6.192594,0.039094,0.012974
18.201618,59.362965,-434.262659,6.262364,6.648703,27.623305,-253.466292,3.305895,2.824821,6.109401,6.174632,0.038601,0.012945
18.205815,72.931651,-431.856396,5.914643,6.763060,33.026828,-253.168963,3.784373,2.910815,6.063469,6.153464,0.038442,0.014772
18.210012,85.504308,-428.800815,6.158676,6.626581,37.576178,-252.743245,3.203725,3.155156,6.017396,6.135593,0.038201,0.012534
18.214208,98.431365,-425.676903,5.958343,6.920053,42.134108,-251.469521,3.780063,2.781019,5.970616,6.117176,0.038755,0.014732
18.218405,111.043175,-422.724435,6.160572,6.561922,46.950138,-250.739252,3.544994,2.895038,5.926462,6.098082,0.038769,0.013818
18.222602,123.502544,-418.665946,6.261471,6.519765,52.184226,-249.400635,4.040635,2.437519,5.884418,6.076923,0.040179,0.015645
18.226799,135.441642,-414.274332,6.208606,6.373239,56.934443,-248.175700,3.616021,2.636840,5.841653,6.057676,0.038827,0.014034
18.230996,147.356425,-409.382016,6.305122,6.792091,62.554834,-247.331469,3.702538,2.735677,5.801069,6.035461,0.039990,0.014313
18.235193,158.971446,-403.981273,6.601571,6.470809,66.805989,-245.799908,3.652215,2.623260,5.755616,6.017806,0.040454,0.014098
18.239389,170.592007,-399.281004,6.608652,6.676016,70.855835,-244.196976,3.586980,2.454064,5.711669,6.000782,0.040148,0.013813
18.243586,181.350570,-393.236841,6.336692,6.538101,76.462665,-242.844203,3.619765,2.481016,5.674188,5.978149,0.039265,0.013873
18.247783,191.844182,-387.184831,6.519298,6.504010,81.329312,-241.770457,3.279199,2.518764,5.633315,5.958686,0.039317,0.012585
18.251980,202.316572,-382.096295,6.543682,6.513035,85.225650,-240.327500,3.975727,2.771479,5.592833,5.942398,0.040396,0.015137
18.256177,212.153375,-375.932974,6.768486,6.257203,90.776459,-238.177916,3.548364,2.695881,5.560907,5.919052,0.039714,0.013543
18.260373,221.637254,-369.909287,6.624684,6.358617,95.507527,-236.702221,3.152305,2.971786,5.525071,5.899672,0.039183,0.012254
18.264570,230.958717,-363.219867,6.994063,6.201691,100.041986,-234.404927,4.027507,2.578791,5.489695,5.879798,0.040365,0.015067
18.268767,239.525451,-356.460589,6.706665,6.546230,102.947005,-231.917705,3.670526,2.158799,5.451728,5.865420,0.039193,0.013665
18.272964,247.992363,-349.705492,6.707085,6.329855,108.870865,-230.502674,3.781622,2.512785,5.420832,5.841926,0.039302,0.014059
18.277161,256.379727,-343.779054,6.952385,6.207410,112.749383,-227.747157,3.757486,2.402853,5.391899,5.823494,0.038856,0.013899
18.281358,264.098656,-337.632920,6.729731,6.044244,117.891672,-226.320359,3.730725,3.010957,5.363105,5.802953,0.038708,0.014065
18.285554,272.137433,-330.499785,6.521450,6.051416,122.215266,-223.035744,3.506511,2.435703,5.334301,5.781908,0.037054,0.012937
18.289751,279.134366,-323.984696,6.871916,6.157746,126.983261,-220.686520,3.402120,2.743787,5.308826,5.761050,0.038318,0.012768
18.293948,285.908117,-317.843577,7.114737,6.119344,130.778018,-217.736806,3.620480,2.118927,5.285459,5.742307,0.037659,0.012953
18.298145,292.749307,-311.706681,6.942609,6.135165,134.986009,-214.805982,3.215439,2.298528,5.263196,5.722138,0.037107,0.011764
18.302342,298.786866,-304.990963,6.760112,5.981874,138.926477,-212.188064,3.285993,2.153499,5.238365,5.703490,0.036078,0.011795
18.306538,304.941901,-298.904021,7.152070,5.939174,142.339313,-210.201619,3.689730,2.565270,5.211783,5.687956,0.037056,0.013302
18.310735,310.803133,-292.829977,7.046090,6.022004,146.357238,-207.437961,3.710947,2.292826,5.191334,5.668746,0.036671,0.013029
18.314932,316.471430,-286.557582,7.022481,5.927987,150.761115,-204.112480,3.211867,2.084618,5.174055,5.647009,0.035628,0.011291
18.319129,322.030960,-281.348334,6.918977,6.231666,154.571740,-201.518287,3.609346,2.167544,5.157234,5.628870,0.036856,0.012415
18.323326,326.698351,-275.078562,7.211160,6.214690,158.118172,-198.821999,3.492599,2.213583,5.137192,5.611332,0.037066,0.012050
18.327523,331.776186,-269.336570,6.952083,6.284588,161.731430,-195.629465,3.526883,2.249176,5.121401,5.592361,0.037038,0.012106
18.331719,335.500579,-263.915351,6.970152,6.077506,164.869442,-193.253811,3.274200,2.166288,5.105007,5.576880,0.036005,0.011260
18.335916,339.919601,-258.428082,6.933674,6.100153,167.869446,-190.513560,3.439531,2.241962,5.088350,5.560887,0.036113,0.011720
18.340113,343.857429,-253.260442,6.830328,5.909830,170.875860,-187.385218,3.256180,2.157634,5.076254,5.543836,0.034937,0.011085
18.344310,347.927869,-248.400729,7.048774,6.041913,174.138287,-185.066317,3.611664,2.142503,5.061862,5.528201,0.035711,0.011854
18.348507,351.693955,-243.178212,7.094645,5.814598,176.902974,-182.494141,3.732404,2.478708,5.046550,5.513343,0.035263,0.012540
18.352704,355.310579,-238.510269,7.073521,6.155126,179.433423,-179.707566,3.517584,2.442420,5.035045,5.498550,0.036460,0.011927
18.356900,358.539749,-234.137042,7.191710,6.104618,181.958726,-176.429362,3.516996,2.351098,5.028253,5.482360,0.036049,0.011733
18.361097,361.412688,-229.945826,6.973347,6.169227,183.835110,-173.884025,3.617862,2.228469,5.018189,5.469976,0.035911,0.011724
18.365294,364.007540,-225.693537,7.290443,5.932658,187.332382,-171.607786,3.517584,2.442420,5.009461,5.454007,0.035593,0.011736
18.369491,366.755992,-221.114725,6.958789,5.877936,189.911564,-168.815653,3.331550,2.244839,4.999928,5.439047,0.034803,0.010931
18.373688,369.236023,-217.739764,6.958282,6.064249,191.468524,-166.361292,3.562898,2.266148,4.993743,5.427737,0.035598,0.011418
18.377884,371.446186,-213.707757,7.128584,5.932290,193.647416,-164.203092,3.594286,2.346805,4.983942,5.415691,0.035263,0.011555
18.382081,373.868236,-210.533829,7.208947,5.997070,194.994657,-162.274839,3.617408,2.374515,4.975909,5.406459,0.035474,0.011617
18.386278,376.071109,-207.409321,7.320802,5.972285,196.255008,-159.721525,3.277886,2.396668,4.971625,5.395516,0.035216,0.010992
18.390475,377.809688,-203.901328,7.358667,5.985768,197.790638,-157.958362,3.524019,2.346292,4.962267,5.386284,0.035245,0.011311
18.394672,379.548644,-201.244171,7.337134,6.129591,200.347886,-155.985216,3.147895,2.329674,4.959776,5.373927,0.035988,0.010508
18.398869,381.034790,-198.784443,7.044087,6.128752,201.236325,-154.470428,3.761818,2.417472,4.954038,5.367064,0.036053,0.011776
18.403065,382.792849,-196.187530,7.043517,6.096342,202.674089,-152.442138,3.063573,2.079270,4.950646,5.357267,0.035157,0.009781
18.407262,383.919281,-193.994154,7.267286,6.369110,203.437920,-150.870825,3.656858,2.114438,4.946927,5.350496,0.036621,0.010906
18.411459,385.144146,-192.139195,7.156430,5.862271,204.138978,-149.864219,4.029612,2.546335,4.941833,5.345655,0.034960,0.012424
18.415656,386.491117,-190.094028,6.938604,5.977743,205.013509,-148.065749,3.587885,2.302235,4.939966,5.337875,0.034811,0.011112
18.419853,387.238570,-188.614757,7.242473,6.137919,206.527397,-146.889499,4.083102,2.097716,4.939307,5.330615,0.035539,0.011519
18.424050,387.837660,-186.830535,7.262427,6.093743,207.171782,-145.482235,3.615840,2.064630,4.937380,5.324610,0.035221,0.010580
18.428246,388.760811,-186.061396,7.052221,6.150995,206.281455,-146.023587,3.765670,2.966893,4.928377,5.328387,0.036864,0.012881
18.432443,389.133847,-184.858178,7.252744,6.230364,208.708380,-144.267450,3.597939,2.048714,4.933677,5.317211,0.035909,0.010447
18.436640,389.575059,-184.196146,7.298778,6.038880,208.014024,-143.505990,4.082414,2.350898,4.932859,5.316295,0.035378,0.011949
18.440837,389.810120,-183.781314,7.281704,6.259273,209.008203,-143.086502,3.507135,2.147663,4.933779,5.312703,0.036128,0.010494
18.445034,390.215555,-183.286649,7.085379,6.265366,208.072984,-144.702314,3.743436,3.285283,4.921139,5.320048,0.038227,0.013578
18.449230,390.638575,-182.909523,6.992782,6.143374,208.402304,-144.221173,3.617370,3.288341,4.921581,5.317748,0.037625,0.013409
18.453427,390.498899,-182.942408,6.971473,6.193210,208.647979,-145.055848,3.820302,3.485686,4.917789,5.319898,0.038458,0.014159
18.457624,390.610184,-183.075523,6.986603,6.243118,208.591569,-145.052322,3.838480,3.514454,4.918325,5.320014,0.038720,0.014261
18.461821,390.487234,-183.302816,6.994815,6.313012,207.971632,-144.167591,3.913811,2.997778,4.923612,5.318542,0.037698,0.013131
18.466018,390.193413,-183.640331,7.055751,6.270911,208.726085,-143.174805,3.555736,2.140842,4.931790,5.313620,0.035994,0.010573
18.470215,389.800471,-184.424466,7.235919,5.957671,208.338519,-143.701933,3.678460,2.277473,4.933145,5.316204,0.034801,0.011089
18.474411,388.847476,-185.625006,6.943017,5.922421,208.197320,-145.834230,3.769736,2.885751,4.929191,5.323425,0.035974,0.012604
18.478608,388.515504,-186.830829,6.906915,6.128702,206.848565,-145.540981,3.587161,2.452273,4.935876,5.325535,0.035771,0.011379
18.482805,387.879974,-188.259714,7.220820,5.948052,206.750913,-149.039058,3.526820,3.541485,4.925631,5.336980,0.037643,0.013876
18.487002,386.563214,-189.590231,6.947253,6.178602,205.727251,-148.376743,4.019489,2.881144,4.936467,5.337222,0.037105,0.013069
18.491199,385.237955,-191.475298,7.042351,6.071684,204.996417,-151.058545,3.417708,3.475019,4.932977,5.347443,0.038101,0.013568
18.495395,384.589081,-193.514611,6.923804,6.215956,204.300986,-150.319088,3.263559,2.434655,4.947548,5.346722,0.036315,0.010859
18.499592,383.027601,-195.588690,6.974033,6.016217,202.831321,-151.435301,3.592929,2.182891,4.952684,5.353715,0.034984,0.010948
18.503789,381.776662,-198.246858,6.962961,5.983116,201.156556,-154.283175,3.710060,3.006017,4.951150,5.366669,0.036409,0.012956
18.507986,380.107498,-200.765596,7.109831,6.167263,201.545522,-154.885694,3.585449,2.007167,4.963890,5.367619,0.035727,0.010634
18.512183,378.743932,-203.418213,6.933533,6.205937,199.431990,-158.382320,3.611866,2.992539,4.958459,5.383563,0.037583,0.012746
18.516380,376.921924,-206.537765,6.977754,6.023544,198.019537,-158.654850,3.270148,2.325618,4.973908,5.387866,0.035356,0.010775
18.520576,374.818776,-209.405935,6.933600,6.211197,195.684289,-160.715864,3.585606,2.275087,4.977785,5.399985,0.036111,0.011357
18.524773,372.863968,-212.960165,6.885574,6.138506,193.102642,-163.502415,3.779072,2.504484,4.980876,5.414971,0.036061,0.012256
18.528970,370.584076,-216.493097,6.777882,6.232370,191.197426,-166.129099,3.716470,2.901930,4.986099,5.427747,0.037252,0.012939
18.533167,367.895572,-220.222482,6.835327,6.066244,189.945578,-167.862351,3.355392,2.385565,4.998554,5.436147,0.035648,0.011250
18.537364,365.571668,-224.091693,6.857846,5.980361,187.710580,-170.243323,3.657944,2.315088,5.006372,5.449028,0.035181,0.011825
18.541561,362.963844,-228.555621,6.838006,6.001881,186.398514,-172.495626,3.128047,2.142465,5.019825,5.459068,0.035013,0.010408
18.545757,359.554638,-232.575540,6.927809,6.081172,183.438709,-175.638756,3.545165,2.437804,5.025075,5.476068,0.036078,0.011886
18.549954,356.387074,-237.349901,7.062399,5.823954,180.502797,-178.473516,3.936075,2.506678,5.035410,5.492134,0.035247,0.012968
18.554151,353.391745,-242.300314,6.900792,6.014424,177.666240,-180.739828,3.618667,2.370276,5.049351,5.506363,0.035568,0.012111
18.558348,349.838955,-247.429209,7.048202,5.788405,175.923937,-183.177845,3.470186,2.298872,5.066277,5.517985,0.034764,0.011680
18.562545,345.954407,-252.335354,7.129163,6.057770,172.807819,-186.388145,3.367111,2.575591,5.076300,5.535577,0.036493,0.011910
18.566741,341.995676,-257.314079,7.017395,6.172855,169.400764,-188.810533,3.674252,2.255718,5.090223,5.551919,0.036466,0.012309
18.570938,337.680209,-262.554554,7.104267,6.155683,166.422347,-192.174711,3.333989,2.667625,5.102306,5.569478,0.037185,0.012061
18.575135,333.045649,-268.606765,7.180007,6.046128,163.325875,-194.707282,3.682013,2.490402,5.123053,5.585213,0.036767,0.012762
18.579332,328.467758,-273.928411,6.921948,5.993978,158.934361,-197.147735,3.317338,2.345736,5.137647,5.604694,0.035806,0.011739
18.583529,323.958187,-279.724214,6.988846,6.128307,156.897779,-200.845961,3.257524,2.516345,5.153513,5.620023,0.037000,0.011764
18.587726,318.508902,-285.742742,7.049749,6.136355,152.993100,-203.212514,3.313950,2.256923,5.174936,5.637848,0.036798,0.011697
18.591922,312.665691,-292.014449,6.995438,6.017798,148.766919,-205.917801,3.317390,2.560131,5.196074,5.657545,0.036826,0.012119
18.596119,307.570427,-297.962235,7.228002,5.981149,144.828455,-208.492406,3.274639,2.292338,5.215052,5.676062,0.036568,0.011780
18.600316,301.628327,-304.010318,7.057037,6.117871,140.934866,-211.933312,3.352497,2.603428,5.232717,5.696340,0.037551,0.012344
18.604513,295.277519,-311.282758,6.796396,6.207721,137.332684,-214.684455,3.334897,2.842437,5.261291,5.714088,0.038012,0.012555
18.608710,288.917401,-317.142779,7.028716,5.915552,133.254986,-216.921796,3.321278,2.669676,5.284418,5.732318,0.037222,0.012397
18.612907,281.392747,-323.694802,6.786782,6.204606,128.662032,-219.200232,3.691785,2.366588,5.312415,5.752408,0.037853,0.013384
18.617103,274.751283,-330.098734,6.868783,6.206395,124.700336,-221.766184,3.596930,2.233224,5.337709,5.770944,0.037900,0.013052
18.621300,266.925239,-336.551899,6.997895,6.275048,120.446737,-225.033372,3.788143,2.835286,5.363102,5.791745,0.039638,0.014096
18.625497,259.192769,-342.790866,6.812856,6.379622,116.372848,-226.114638,3.743913,2.328828,5.397378,5.807876,0.039045,0.013745
18.629694,251.216632,-349.188437,6.878630,6.272033,111.629282,-229.075427,3.196878,2.646618,5.422939,5.829746,0.038820,0.012161
18.633891,242.156972,-355.658365,6.635362,6.479488,107.413816,-231.212457,3.364850,2.575563,5.458079,5.848283,0.039208,0.012704
18.638087,233.760122,-362.192069,6.736890,6.214993,103.129619,-232.487664,3.192574,2.057781,5.494230,5.865673,0.038093,0.011934
18.642284,224.371804,-368.671128,6.842789,6.343950,97.952313,-235.928303,3.453147,2.891622,5.522181,5.889663,0.040060,0.013217
18.646481,214.729183,-374.754037,6.741975,6.240869,93.327875,-237.759599,3.228380,3.036389,5.558060,5.909135,0.039579,0.012542
18.650678,205.621836,-380.989338,6.895722,6.368105,88.105555,-239.010189,3.691059,2.683560,5.591780,5.930014,0.040501,0.014075
18.654875,195.075255,-386.754479,6.536422,6.546622,83.491099,-240.010584,3.347525,2.293725,5.633061,5.948414,0.039042,0.012790
18.659072,184.688008,-392.260218,6.450931,6.742856,78.930084,-242.911771,3.107381,3.149075,5.667025,5.969014,0.039648,0.012182
18.663268,174.165598,-398.260977,6.518202,6.619716,73.373407,-244.931169,3.238318,3.377185,5.701657,5.992125,0.039919,0.012711
18.667465,162.551653,-403.247063,6.588840,6.591262,69.616958,-245.106728,3.067879,2.618516,5.751880,6.006446,0.039380,0.011918
18.671662,151.159651,-408.592247,6.414936,6.602787,63.285765,-246.461943,3.266956,2.500805,5.786508,6.031839,0.038868,0.012673
18.675859,139.340697,-413.013666,6.400029,6.623656,59.381782,-248.412042,3.303890,3.099147,5.830984,6.048543,0.039475,0.012894
18.680056,127.083368,-417.600744,6.337603,6.399112,54.558811,-249.164515,3.536878,2.733416,5.876601,6.067621,0.039325,0.013738
18.684252,114.967983,-421.260937,6.336225,6.638789,49.367564,-250.169250,3.180743,2.862143,5.917051,6.088352,0.038790,0.012429
18.688449,102.293353,-424.859118,6.076946,6.781996,44.277308,-251.247554,3.590068,2.734275,5.960681,6.108747,0.038701,0.013983
18.692646,89.996341,-428.487448,6.099983,6.673877,39.104533,-252.293855,3.670136,3.066669,6.001998,6.129413,0.038914,0.014324
18.696843,76.552825,-431.281975,6.005155,6.714038,34.457473,-252.855757,3.642228,2.902891,6.051496,6.147746,0.038397,0.014225
18.701040,63.690248,-433.886501,6.215854,6.724736,29.635138,-253.516257,3.352040,2.925242,6.096575,6.166817,0.038525,0.013112
18.705237,50.105848,-435.527142,6.103234,6.814812,24.467952,-253.621687,3.657589,2.742082,6.143167,6.187009,0.038757,0.014326
18.709433,36.884826,-436.936259,6.066397,6.621885,19.478997,-254.113208,3.339962,2.796081,6.188266,6.206680,0.037721,0.013094
18.713630,24.005147,-438.049715,5.977298,6.540375,14.754325,-254.975156,3.681987,3.223982,6.232698,6.225384,0.038302,0.014411
18.717827,10.369595,-438.726541,6.128162,6.652276,9.332764,-254.818469,3.240437,2.611818,6.277548,6.246577,0.037693,0.012705
18.722024,-2.506379,-438.692042,5.892195,6.855563,5.140906,-255.597376,3.601783,3.200227,6.324928,6.263075,0.037691,0.014088
18.726221,-16.613933,-438.575683,5.910032,6.418674,0.397047,-255.889939,3.601535,2.994187,6.376034,6.281634,0.037729,0.014075
18.730418,-29.504231,-437.417190,6.218619,6.554412,-4.970237,-255.465819,3.584900,3.374303,6.417215,6.302638,0.039115,0.014030
18.734614,-43.044819,-435.770681,6.153827,6.845459,-9.717276,-254.650660,3.806285,2.832795,6.465158,6.321326,0.039322,0.014931
18.738811,-55.805502,-433.852539,6.044206,6.666619,-15.367898,-254.646212,3.496835,2.845119,6.505117,6.343462,0.038081,0.013699
18.743008,-68.670428,-431.329216,6.016197,6.659215,-20.610403,-253.749428,3.591526,2.802282,6.547493,6.364231,0.038168,0.014089
18.747205,-81.173119,-429.166367,6.319431,6.431465,-25.212643,-252.763737,3.273484,2.307225,6.590375,6.382604,0.038318,0.012855
18.751402,-94.120168,-426.189486,6.105469,6.847612,-30.191615,-252.165360,3.732945,2.708648,6.635236,6.402347,0.038735,0.014649
18.755598,-106.158952,-422.542682,6.248254,6.627271,-35.614615,-252.122405,3.642330,2.740294,6.675654,6.423516,0.039164,0.014244
18.759795,-118.534551,-419.114595,6.304081,6.697837,-40.666369,-250.733916,3.566678,2.749812,6.716347,6.443975,0.039041,0.013968
18.763992,-129.665429,-415.187199,5.912584,6.732938,-45.750391,-249.682039,3.728852,2.593095,6.752436,6.464410,0.037921,0.014566
18.768189,-141.288265,-411.226855,6.336751,6.403476,-51.209681,-248.583957,3.157356,2.424507,6.788974,6.486349,0.037789,0.012336
18.772386,-152.835214,-406.419832,6.361623,6.480801,-55.780486,-247.725167,3.743822,2.506826,6.832077,6.504662,0.039062,0.014546
18.776583,-163.456905,-401.692744,6.331959,6.593793,-60.522512,-246.590946,3.751925,2.838338,6.869101,6.523865,0.039243,0.014596
18.780779,-173.380541,-396.244901,6.419995,6.457744,-65.893643,-244.657285,3.687570,3.119339,6.899976,6.546273,0.039428,0.014413
18.784976,-183.860229,-391.366500,6.288517,6.492175,-71.408602,-242.845112,3.120638,2.604587,6.931241,6.569174,0.037635,0.012179
18.789173,-193.907208,-386.281753,6.495911,6.432128,-76.588788,-241.837813,3.519944,3.285655,6.965326,6.589887,0.039353,0.013794
18.793370,-203.707108,-380.725375,6.286188,6.354673,-81.745957,-239.881932,3.553146,2.681338,6.996858,6.611619,0.038023,0.013703
18.797567,-212.906748,-375.822783,6.551394,6.608131,-86.809293,-238.158921,3.342669,2.330247,7.024760,6.632720,0.038558,0.012783
18.801764,-221.727545,-370.127586,6.698984,6.495659,-92.030506,-236.480947,3.482876,2.923221,7.053587,6.654318,0.039446,0.013456
18.805960,-230.349266,-364.791993,6.452997,6.586565,-96.056525,-233.920901,3.546587,2.884225,7.081487,6.672828,0.038798,0.013678
18.810157,-238.673830,-359.568053,6.535059,6.215697,-101.481032,-232.033897,3.555296,2.749965,7.105053,6.695473,0.037915,0.013578
18.814354,-246.715057,-353.825242,6.542830,6.396624,-105.407296,-229.951599,3.478225,2.582350,7.134233,6.712994,0.037916,0.013204
18.818551,-254.573275,-348.098025,6.584616,6.359327,-110.416817,-227.442019,3.254037,2.783246,7.157095,6.735143,0.037825,0.012537
18.822748,-261.655724,-342.808969,6.734341,6.444567,-114.341413,-225.143990,3.190040,2.957048,7.180013,6.753100,0.038366,0.012449
18.826944,-268.879777,-337.155325,6.515016,6.511493,-119.687231,-223.281355,3.674787,2.993254,7.202043,6.775246,0.038807,0.013950
18.831141,-275.599653,-331.429241,6.784673,6.400685,-123.449084,-220.714036,3.673697,2.760847,7.224926,6.793153,0.038461,0.013753
18.835338,-282.312556,-326.340062,6.771841,6.618433,-127.441213,-217.999047,3.330375,2.987685,7.243554,6.812201,0.038922,0.012857
18.839535,-288.606826,-321.076178,6.718031,6.429551,-132.611705,-215.861617,3.980002,3.003202,7.260594,6.834080,0.038937,0.014754
18.843732,-294.789915,-315.665607,6.788396,6.536844,-136.930444,-213.403502,3.887248,3.044829,7.279151,6.853668,0.039328,0.014441
18.847929,-300.798203,-310.266290,6.725282,6.588908,-140.318411,-210.689434,3.398691,2.580172,7.298629,6.870724,0.038158,0.012522
18.852125,-305.941952,-305.428065,6.655989,6.349119,-143.877543,-207.754199,3.568002,2.952274,7.311590,6.888885,0.037800,0.013378
18.856322,-311.236405,-300.388564,6.750931,6.310418,-149.031022,-205.536976,3.951924,2.951826,7.324842,6.910547,0.038288,0.014331
18.860519,-316.220951,-295.251916,6.695756,6.574463,-152.646966,-202.475606,3.159337,2.385293,7.338042,6.929180,0.037733,0.011448
18.864716,-320.987987,-290.675368,7.050286,6.537709,-155.428848,-199.805443,3.756343,3.183287,7.352009,6.944305,0.039414,0.014028
18.868913,-325.735583,-286.026511,7.102528,6.544246,-158.711884,-197.341469,3.855000,2.961661,7.365864,6.960512,0.039079,0.013944
18.873109,-330.154267,-281.491727,6.883534,6.463502,-161.495763,-194.492377,3.571473,2.841037,7.377749,6.976157,0.038002,0.013026
18.877306,-334.156549,-277.050470,6.703314,6.480316,-164.878893,-190.968871,3.148326,2.826045,7.383539,6.995397,0.037598,0.011950
18.881503,-338.009711,-272.571677,6.876346,6.585309,-168.270062,-189.613776,3.893619,3.086036,7.399386,7.009015,0.039159,0.014045
18.885700,-341.525390,-268.771994,7.117436,6.477215,-170.933791,-186.806016,4.055803,2.757486,7.406071,7.024244,0.038411,0.013917
18.889897,-344.759146,-264.494442,6.850801,6.536623,-172.643495,-183.670834,3.314321,2.844781,7.414957,7.037645,0.037961,0.012310
18.894094,-347.959751,-260.337030,7.069122,6.500918,-176.140510,-181.816567,3.821009,3.161790,7.425326,7.052728,0.039038,0.013894
18.898290,-351.068793,-256.798055,6.965732,6.371336,-177.702859,-179.180823,3.732232,2.976471,7.433036,7.064442,0.037826,0.013388
18.902487,-354.190168,-253.023223,6.870880,6.559036,-180.810219,-177.065580,4.200530,2.729060,7.441068,7.079047,0.038382,0.013937
18.906684,-356.607056,-249.437502,6.976880,6.407934,-182.530160,-175.754529,3.871939,3.469230,7.453570,7.087493,0.039127,0.014478
18.910881,-359.433456,-246.444139,7.125167,6.544342,-185.141262,-172.670844,4.233031,2.774857,7.453574,7.103421,0.038570,0.013939
18.915078,-361.945886,-243.142584,7.119355,6.520413,-186.803193,-170.479093,3.943141,2.879951,7.460712,7.114241,0.038421,0.013462
18.919275,-364.055518,-240.272591,7.047540,6.454388,-188.121802,-168.242675,3.577143,2.829428,7.465385,7.124309,0.037750,0.012614
18.923471,-366.250928,-237.375840,7.051391,6.546835,-189.560241,-166.159011,3.788152,2.720801,7.470841,7.134274,0.037923,0.012807
18.927668,-367.873513,-235.287793,7.172618,6.498721,-192.146217,-164.938548,3.850527,2.691871,7.473189,7.144630,0.038023,0.012773
18.931865,-369.709669,-232.884221,7.011145,6.502107,-193.058870,-162.983545,4.314413,2.753540,7.477188,7.152855,0.038061,0.013809
18.936062,-371.177795,-230.414597,6.899087,6.734172,-194.640493,-163.182685,3.941072,3.601913,7.490104,7.156272,0.040638,0.014747
18.940259,-372.786233,-228.374919,6.956430,6.764452,-195.505574,-161.508525,4.115041,3.486712,7.493303,7.163523,0.040484,0.014805
18.944455,-373.923753,-226.770203,7.105202,6.548641,-197.149223,-160.248890,3.995396,3.410991,7.494066,7.171466,0.039620,0.014385
18.948652,-374.984799,-225.254739,6.944956,6.495563,-196.992747,-158.215516,4.086538,2.836994,7.493772,7.177320,0.037938,0.013387
18.952849,-375.962602,-223.633495,7.174588,6.560184,-198.633146,-157.340963,4.337248,2.767658,7.496230,7.184065,0.038490,0.013647
18.957046,-377.106676,-222.459814,6.881142,6.751613,-199.286077,-156.693504,4.202072,2.963107,7.499737,7.187666,0.039345,0.013762
18.961243,-377.822410,-221.808235,7.272063,6.419709,-200.463709,-156.350246,3.580775,3.449033,7.500419,7.191591,0.039092,0.013765
18.965440,-378.269761,-220.665838,7.399722,6.483891,-200.170358,-156.779986,3.762210,3.721208,7.509569,7.189549,0.040032,0.014697
18.969636,-378.951929,-220.004209,6.950157,6.704541,-201.309932,-155.119278,4.116510,2.945614,7.503780,7.197458,0.039212,0.013492
18.973833,-379.518801,-219.567797,7.294790,6.677508,-201.275675,-155.075162,4.380780,3.258792,7.506812,7.197513,0.039900,0.014627
18.978030,-379.665387,-219.191548,7.353167,6.595746,-201.467365,-155.770081,4.178631,3.658148,7.512056,7.195811,0.040448,0.015162
18.982227,-379.513867,-218.814037,7.545308,6.763945,-201.549385,-155.398965,4.245751,3.452423,7.511674,7.197162,0.040869,0.014805
18.986424,-379.666996,-218.992834,7.382060,6.690077,-201.319400,-155.666242,4.381975,3.564709,7.512794,7.195778,0.040683,0.015289
18.990621,-379.444390,-218.855597,7.521226,6.764958,-201.200505,-155.898960,4.094939,3.624317,7.514454,7.194769,0.041147,0.014960
18.994817,-379.270780,-219.165024,7.643682,6.542543,-200.498070,-156.416422,3.645238,3.747435,7.516419,7.191469,0.040362,0.014586
18.999014,-378.938057,-219.746124,7.555869,6.624769,-200.327164,-156.913310,3.609139,3.596978,7.515717,7.189516,0.040323,0.014154
19.003211,-378.183200,-220.080834,7.191208,6.565488,-199.535960,-157.496593,4.077841,3.369381,7.517019,7.185790,0.039525,0.014388
19.007408,-377.588758,-220.982452,7.135368,6.798691,-199.287072,-158.570560,3.940391,3.517676,7.517275,7.181875,0.040816,0.014478
19.011605,-376.484913,-222.236910,7.108756,6.473983,-197.231950,-158.015377,4.013200,2.770053,7.509956,7.178531,0.037698,0.013105
19.015801,-375.250716,-223.660507,7.181492,6.559717,-196.819717,-159.544970,4.298601,2.899257,7.509020,7.172802,0.038601,0.013898
19.019998,-374.208927,-224.739065,7.250056,6.491829,-195.577798,-160.332321,3.835786,2.972974,7.507933,7.167291,0.038287,0.013233
19.024195,-373.280814,-226.513997,7.115832,6.457385,-194.520914,-161.879224,4.211044,3.002332,7.507034,7.159916,0.038210,0.014016
19.028392,-371.972638,-228.327231,7.227108,6.561601,-193.070996,-162.955200,4.236017,2.725512,7.503647,7.152971,0.038150,0.013598
19.032589,-369.834706,-230.360094,7.138494,6.771377,-192.429034,-165.910984,4.020441,3.639372,7.505520,7.142451,0.041049,0.014982
19.036786,-368.441166,-232.589656,7.492517,6.478597,-190.772729,-166.901620,4.141754,2.995647,7.499846,7.135224,0.038662,0.013960
19.040982,-366.564858,-234.841268,6.955313,6.538483,-189.981915,-168.495456,3.772879,2.988343,7.494580,7.128450,0.038606,0.013218
19.045179,-364.522759,-237.254208,6.939667,6.545362,-187.463896,-170.515363,4.122420,3.014273,7.493520,7.115893,0.038682,0.014044
19.049376,-362.556794,-239.923199,6.942536,6.626526,-186.197561,-172.646241,3.784471,2.834996,7.489545,7.106329,0.038675,0.013028
19.053573,-360.136466,-242.809641,6.994520,6.331844,-183.207165,-174.559517,4.147061,2.903704,7.485822,7.092750,0.037586,0.014029
19.057770,-358.000810,-245.960395,6.862272,6.421626,-181.199784,-176.803206,4.021347,2.845635,7.481121,7.080864,0.037685,0.013703
19.061966,-354.801859,-249.230726,6.987410,6.693755,-178.692127,-178.816288,4.306236,2.655543,7.473619,7.068236,0.038743,0.014154
19.066163,-351.722868,-252.858555,7.043218,6.374067,-175.524573,-181.138868,3.793826,2.884933,7.467421,7.052844,0.037573,0.013418
19.070360,-348.829598,-256.537469,6.949048,6.423994,-174.058897,-184.131374,3.879463,3.333741,7.461216,7.040470,0.038840,0.014335
19.074557,-345.815911,-260.162768,6.855022,6.507028,-171.533539,-186.280756,3.908019,2.970319,7.453025,7.027392,0.038406,0.013857
19.078754,-342.226820,-264.048145,6.860906,6.425866,-168.281108,-188.724614,4.075307,2.671410,7.445330,7.011382,0.037614,0.013934
19.082951,-338.403887,-267.842681,6.981979,6.418711,-165.540426,-190.777260,3.642666,2.673873,7.434612,6.997875,0.037590,0.012914
19.087147,-334.459933,-271.928570,6.911634,6.492587,-161.677671,-193.909767,3.640102,2.972483,7.429844,6.978186,0.038288,0.013397
19.091344,-330.584535,-276.379629,6.892352,6.317259,-159.606651,-196.115636,3.674710,2.705857,7.415079,6.966308,0.037331,0.013141
19.095541,-326.011498,-281.293915,6.850445,6.529115,-155.488697,-199.401297,3.724360,3.100543,7.406263,6.945473,0.038791,0.013848
19.099738,-321.988207,-285.901048,6.998716,6.429889,-152.106107,-201.809252,3.650390,2.898136,7.394341,6.929058,0.038121,0.013443
19.103935,-317.067094,-290.728862,6.611909,6.721208,-149.767147,-205.488838,3.777574,3.535703,7.382760,6.913002,0.040469,0.014533
19.108132,-312.087558,-295.669994,6.817073,6.484365,-145.154503,-207.977354,3.580390,3.499335,7.370287,6.892523,0.039463,0.014013
19.112328,-306.630427,-300.906424,6.807308,6.469908,-141.538572,-209.448529,3.452462,2.613235,7.348086,6.877462,0.037815,0.012710
19.116525,-301.579574,-305.956522,6.906351,6.344913,-137.376855,-211.886168,3.606685,2.965228,7.333733,6.858401,0.038080,0.013580
19.120722,-295.710733,-311.060826,6.729840,6.456141,-133.416552,-214.635978,3.625938,2.788025,7.317885,6.839332,0.038125,0.013506
19.124919,-289.790803,-316.535785,6.763880,6.446568,-130.257174,-217.593781,3.475095,2.886404,7.298845,6.822593,0.038448,0.013130
19.129116,-283.519743,-321.832858,6.617030,6.327805,-125.558727,-219.638418,3.679828,2.666076,7.279747,6.802507,0.037642,0.013668
19.133312,-276.866875,-327.739728,6.504044,6.494406,-120.955213,-222.150796,3.648860,2.494694,7.258698,6.781776,0.037802,0.013519
19.137509,-269.989225,-332.964062,6.710419,6.359576,-116.310383,-224.467680,3.413762,2.581586,7.239244,6.761256,0.037699,0.012877
19.141706,-262.955510,-339.088284,6.480440,6.191047,-112.372675,-226.352837,3.134741,2.842700,7.211338,6.743988,0.036967,0.012185
19.145903,-255.631534,-344.257164,6.513693,6.395089,-108.525884,-228.971695,3.236470,2.921936,7.189264,6.725794,0.038118,0.012554
19.150100,-247.853900,-350.142382,6.706611,6.156970,-103.425826,-231.362061,3.575558,2.867471,7.165720,6.703567,0.038124,0.013683
19.154297,-239.765420,-355.798933,6.545872,6.376841,-97.762613,-233.417638,3.514661,2.946686,7.142664,6.679819,0.038409,0.013577
19.158493,-231.439147,-360.939230,6.464132,6.475129,-94.741193,-235.207420,3.123465,2.849641,7.110346,6.666102,0.038350,0.012173
19.162690,-223.246187,-367.146365,6.499654,6.213864,-89.860302,-237.944451,3.581327,2.502002,7.084516,6.644279,0.038005,0.013623
19.166887,-214.401056,-372.948943,6.438697,6.498887,-84.647789,-238.646952,3.107311,3.138472,7.051359,6.624040,0.038460,0.012285
19.171084,-204.985869,-378.421911,6.534215,6.500478,-80.042674,-240.947337,3.621190,3.018466,7.020866,6.603915,0.039484,0.014045
19.175281,-195.862172,-383.492856,6.259419,6.543545,-75.208367,-241.862365,3.122188,2.693798,6.988776,6.584662,0.037780,0.012187
19.179478,-185.958833,-389.071050,6.186486,6.399746,-69.647433,-243.548436,3.620694,2.601371,6.957479,6.561721,0.037940,0.014030
19.183674,-175.728809,-394.629133,6.330679,6.395368,-65.826503,-244.991042,3.499719,2.654519,6.916663,6.545675,0.038386,0.013597
19.187871,-165.435101,-399.342452,6.329822,6.477246,-60.075011,-246.682909,3.788325,2.435847,6.887279,6.522067,0.038993,0.014674
19.192068,-154.419591,-404.122545,5.952683,6.565944,-54.951609,-247.525859,3.245854,2.326609,6.849076,6.501646,0.036838,0.012655
19.196265,-143.405766,-409.204906,6.224134,6.589846,-50.099203,-249.030748,3.655612,2.602519,6.810662,6.481712,0.038759,0.014252
19.200462,-131.975795,-413.627205,5.976508,6.505204,-45.574922,-249.992334,3.814836,2.744206,6.768989,6.463510,0.038281,0.014895
19.204658,-120.460424,-417.680287,5.996127,6.533605,-40.626666,-250.543352,3.690494,2.397870,6.728797,6.443940,0.037931,0.014432
19.208855,-108.045939,-421.551381,5.886968,6.486448,-35.676369,-251.430269,3.695687,2.309137,6.685395,6.424138,0.037544,0.014465
19.213052,-96.509254,-425.388336,6.057087,6.517591,-31.216356,-252.135180,3.235202,2.445585,6.643589,6.406366,0.037153,0.012693
19.217249,-83.591060,-428.930989,5.927763,6.522606,-26.407221,-252.353085,3.680803,2.607765,6.596372,6.387450,0.037618,0.014468
19.221446,-70.950318,-431.075279,6.340510,6.397606,-21.028944,-253.328207,3.558081,2.333477,6.556988,6.366006,0.039204,0.013970
19.225643,-58.294423,-433.381549,6.200832,6.522074,-16.904713,-253.907605,3.215944,2.538800,6.509839,6.349665,0.037929,0.012627
19.229839,-45.283131,-435.801722,6.066229,6.681075,-11.831104,-254.230954,3.674608,2.613196,6.465379,6.329689,0.038429,0.014430
19.234036,-32.514123,-437.121976,5.774790,6.582558,-6.655599,-254.497580,3.344346,2.630817,6.423844,6.309331,0.036226,0.013135
19.238233,-18.580392,-437.989911,5.836106,6.777619,-1.649919,-254.998182,3.696888,3.067876,6.375443,6.289656,0.037618,0.014497
19.242430,-5.424367,-438.771887,6.202309,6.892558,3.175969,-254.315705,3.292232,2.546147,6.329777,6.270698,0.038031,0.012944
19.246627,7.846003,-438.982348,6.084813,6.864126,7.677324,-255.498531,3.265248,3.301146,6.282266,6.253146,0.037636,0.012774
19.250823,21.410877,-438.176756,5.739664,6.888054,12.560396,-255.059580,3.693773,2.944615,6.234891,6.233980,0.037239,0.014458
19.255020,34.771646,-437.153540,5.885917,6.782798,16.792094,-254.825293,3.578696,3.099565,6.184892,6.217384,0.037629,0.014006
19.259217,47.968285,-436.084760,5.902794,6.910758,22.298363,-253.611994,3.611642,2.519215,6.143424,6.195488,0.037601,0.014158
19.263414,60.987932,-433.760679,6.140451,6.798083,26.896848,-253.528656,3.470633,2.651234,6.096243,6.177491,0.038500,0.013581
19.267611,74.072587,-431.863071,6.029086,6.834431,31.770490,-253.324768,3.307717,2.627676,6.050540,6.158423,0.037613,0.012919
19.271808,86.743326,-428.550550,6.027284,6.503347,35.522896,-252.853836,3.442761,3.203538,5.999519,6.143611,0.038063,0.013466
19.276004,99.415602,-425.548403,6.280584,6.530027,39.931040,-252.674672,3.316258,3.030675,5.951783,6.126448,0.038905,0.012938
19.280201,111.585309,-421.771003,6.189994,6.606582,44.837235,-250.983100,3.734416,2.402608,5.910614,6.106404,0.039282,0.014514
19.284398,124.246125,-418.296332,6.084311,6.486890,49.822365,-251.046849,3.242862,3.265475,5.864508,6.087272,0.038002,0.012674
19.288595,135.803169,-413.507370,6.196773,6.573622,54.581966,-248.948691,3.737317,2.577143,5.824695,6.067351,0.039248,0.014487
19.292792,147.588816,-408.516374,6.074279,6.540624,59.700179,-248.160814,3.339534,2.709999,5.781813,6.047101,0.038096,0.012961
19.296989,158.858804,-403.897370,6.677831,6.417216,64.266519,-245.967766,3.562570,2.268896,5.743537,6.027618,0.040062,0.013745
19.301185,170.049427,-398.264040,6.573499,6.407268,68.828334,-245.431714,3.730663,2.747311,5.698211,6.009771,0.040283,0.014390
19.305382,180.727507,-392.924344,6.391668,6.527520,74.162302,-243.922729,3.651782,2.693080,5.662334,5.988026,0.039638,0.014044
19.309579,191.248356,-387.088314,6.386594,6.509086,78.632046,-243.339449,3.259800,3.169277,5.618634,5.970639,0.039411,0.012714
19.313776,201.187171,-381.535916,6.483788,6.574370,83.042029,-240.540912,3.520848,2.594117,5.585735,5.950766,0.039422,0.013495
19.317973,210.646026,-376.038147,6.671922,6.496766,88.378183,-239.057839,3.588294,2.686590,5.554477,5.929075,0.039969,0.013702
19.322169,219.905582,-369.406530,6.693124,6.212409,92.522849,-237.323602,3.473111,2.962780,5.515900,5.911451,0.039406,0.013388
19.326366,229.332070,-363.171724,6.746058,6.193958,97.462325,-235.076030,3.109873,2.582927,5.483271,5.890157,0.038448,0.011939
19.330563,238.154112,-357.315741,6.810911,6.284463,102.379351,-232.947800,3.447593,2.451029,5.453967,5.869102,0.038911,0.012995
19.334760,245.956126,-350.528288,6.854072,6.174556,106.907017,-231.247445,3.664939,2.659772,5.421413,5.850145,0.039228,0.013773
19.338957,253.899859,-344.755076,6.980536,6.327005,111.690068,-228.564379,3.189069,2.337013,5.397432,5.828651,0.038834,0.011963
19.343154,262.044759,-338.215987,7.075075,6.102000,115.799712,-226.419932,3.144705,2.559625,5.365070,5.810429,0.038315,0.011925
19.347350,269.377609,-331.959303,6.789681,6.221288,120.303981,-223.943203,3.525717,2.406133,5.339423,5.790217,0.038151,0.013013
19.351547,276.965668,-325.627665,6.758776,6.302709,124.784460,-221.546140,3.580800,2.205478,5.312249,5.770231,0.037976,0.012988
19.355744,283.126221,-319.372362,6.952460,6.100055,129.311923,-219.467874,3.295450,2.390333,5.288422,5.750740,0.037677,0.012121
19.359941,289.798799,-313.127383,7.064950,5.914723,133.608164,-216.899271,3.194455,2.526675,5.264558,5.731090,0.037181,0.011876
19.364138,296.326117,-307.145985,6.830103,5.907890,136.659289,-214.668061,3.681076,2.643541,5.237369,5.716283,0.036953,0.013417
19.368335,302.429051,-301.532624,6.877051,6.174975,141.287837,-211.371060,3.274620,2.325674,5.222511,5.693959,0.037124,0.011853
19.372531,308.134096,-295.425381,6.939856,6.146925,145.319048,-208.941613,3.274561,2.595185,5.200667,5.675485,0.037455,0.012061
19.376728,313.717855,-289.781342,6.970415,6.140742,148.568552,-205.762389,3.631140,2.238029,5.183008,5.657820,0.036855,0.012697
19.380925,318.587628,-283.868333,7.020022,5.977960,152.281511,-203.210209,3.783168,2.380949,5.163963,5.640082,0.036546,0.013181
19.385122,324.009080,-278.204710,7.038292,5.932585,156.667286,-200.144282,3.393194,2.304116,5.148857,5.619038,0.035995,0.011905
19.389319,327.991588,-272.986784,7.023813,6.061818,159.378780,-198.015958,3.740553,2.460325,5.130771,5.605477,0.036830,0.012971
19.393515,332.280620,-267.598032,6.921032,5.833965,162.978133,-194.612910,3.323600,2.357820,5.119409,5.586024,0.035413,0.011676
19.397712,337.229959,-262.737815,6.690224,6.083953,166.126080,-192.928194,3.574811,2.880803,5.099769,5.572295,0.037121,0.012951
19.401909,341.652642,-257.898637,6.907069,5.917000,169.674101,-189.195107,3.621140,2.247371,5.092455,5.552129,0.035375,0.012140
19.406106,345.119543,-252.972621,6.930749,5.902660,172.875084,-186.523452,3.234817,2.352154,5.080580,5.535744,0.035404,0.011250
19.410303,348.614556,-248.529542,6.951942,6.052728,175.431494,-183.174479,3.287287,2.037172,5.073241,5.519376,0.035456,0.010885
19.414500,351.819556,-243.635077,7.018603,5.969169,178.422677,-180.988787,3.219156,2.196491,5.059085,5.504927,0.035430,0.010871
19.418696,355.370174,-239.852067,6.980924,5.977300,180.187788,-178.712388,3.594014,2.511429,5.048178,5.493676,0.035817,0.012199
19.422893,358.227306,-235.337654,7.218210,5.875810,182.491843,-176.207851,3.195486,2.515426,5.036960,5.480270,0.035380,0.011289
19.427090,361.411172,-231.532687,7.061204,6.039730,185.568786,-172.994331,3.731614,2.153979,5.033752,5.462732,0.035538,0.011797
19.431287,363.830731,-227.636459,7.200575,6.112692,187.550983,-170.359003,3.822359,2.241865,5.026552,5.449790,0.036067,0.012074
19.435484,366.699191,-224.180870,7.205159,6.025673,189.667382,-168.233162,3.637695,2.285144,5.018488,5.437970,0.035595,0.011667
19.439680,368.968021,-220.446857,6.962509,6.135333,192.266458,-166.290544,3.273898,2.456823,5.009784,5.425468,0.036301,0.011154
19.443877,371.146149,-217.145544,7.017875,5.979668,193.164100,-163.364270,3.672363,2.116096,5.005838,5.414398,0.034904,0.011343
19.448074,373.136741,-214.478915,6.897845,6.026996,194.733245,-161.850597,3.670343,2.419436,4.999249,5.405831,0.035536,0.011825
19.452271,374.392370,-211.376738,7.178214,5.976151,197.042002,-159.386528,3.660725,2.070751,4.997549,5.392531,0.035056,0.011085
19.456468,376.834634,-208.893247,6.856342,5.926145,199.063289,-157.976617,3.763131,2.495626,4.991338,5.383215,0.035399,0.011996
19.460665,378.340546,-206.319862,7.165113,5.954168,199.070566,-155.383223,3.708869,2.040584,4.989227,5.375153,0.034575,0.011056
19.464861,379.501577,-204.042675,7.150233,6.163192,201.102824,-154.020748,3.671294,2.342021,4.985763,5.365976,0.036210,0.011469
19.469058,381.070353,-202.093311,6.986088,6.202084,202.464224,-152.338843,3.140908,2.101968,4.984072,5.357439,0.035785,0.009975
19.473255,381.961838,-200.446810,7.199173,5.904068,203.118061,-151.354467,3.636847,2.428894,4.980289,5.352782,0.035135,0.011520
19.477452,383.358706,-198.798983,7.193086,6.051366,204.701155,-149.317260,3.369564,1.982780,4.982580,5.342601,0.035024,0.010069
19.481649,384.423570,-197.217204,7.066689,6.141160,206.050593,-148.898147,3.195544,2.109156,4.976928,5.338141,0.035645,0.009971
19.485846,385.019553,-195.706701,7.067120,6.209587,205.942998,-147.099835,3.160530,1.949938,4.977434,5.332631,0.035572,0.009591
19.490042,385.786473,-195.014402,7.241319,5.998372,206.722799,-148.196809,3.405954,3.302156,4.968122,5.334359,0.037426,0.013122
19.494239,386.217168,-193.816790,7.111304,6.139875,207.996900,-145.877179,3.143555,2.338803,4.975160,5.324016,0.036078,0.010358
19.498436,386.735763,-193.424422,7.053973,6.175093,207.558547,-145.452337,3.138088,2.360331,4.973989,5.323636,0.036071,0.010424
19.502633,387.217455,-192.963299,7.143160,6.162627,208.130149,-145.847060,3.718358,2.895042,4.969650,5.323618,0.037240,0.012551
19.506830,387.532101,-192.685248,7.305356,6.087506,208.314274,-146.773313,3.486294,3.475269,4.963175,5.326180,0.038276,0.013652
19.511026,387.399408,-192.712557,7.315710,6.245773,208.123738,-146.532629,3.262328,3.733059,4.964500,5.325838,0.039563,0.014080
19.515223,387.492341,-192.542879,7.380792,6.358183,207.367723,-146.489947,3.823066,3.640750,4.962699,5.327415,0.039754,0.014583
19.519420,387.520190,-192.700871,7.366954,6.294645,208.193087,-146.635239,3.767633,3.608616,4.963833,5.326011,0.039551,0.014381
19.523617,387.426092,-193.015496,7.292205,6.143114,208.113478,-146.581907,3.270482,3.698834,4.965776,5.326019,0.039007,0.013995
19.527814,386.956357,-193.604635,7.121651,6.412836,207.721500,-146.946970,3.074611,3.670115,4.967053,5.328079,0.040024,0.013688
19.532011,386.773994,-194.392833,7.061305,5.926988,206.795998,-146.372989,3.679681,2.757407,4.973125,5.328340,0.035653,0.012220
19.536207,386.167700,-195.623750,7.085550,6.201766,208.107842,-146.119477,3.105164,2.216288,4.983561,5.324545,0.036118,0.010006
19.540404,385.009561,-196.467075,7.055468,6.381415,206.285478,-148.060155,3.682775,2.853053,4.976890,5.334925,0.038132,0.012444
19.544601,384.251222,-198.482523,7.161851,6.294169,206.454716,-148.125926,3.206113,2.348137,4.988387,5.334747,0.036843,0.010511
19.548798,383.280589,-199.646494,7.064688,6.101325,204.939882,-149.348957,3.577437,2.433200,4.987280,5.342148,0.036036,0.011365
19.552995,382.602899,-201.649310,6.902813,6.175644,204.675258,-150.516190,3.619934,2.197456,4.992229,5.346474,0.035962,0.010946
19.557192,381.098246,-203.573136,7.061401,6.220010,202.298202,-152.421409,3.825861,2.759487,4.991030,5.358094,0.037129,0.012583
19.561388,379.963856,-206.185445,7.295598,6.146716,201.295784,-153.417624,3.441492,2.471303,4.999565,5.363621,0.036243,0.011325
19.565585,378.479478,-208.266159,7.011087,6.094767,201.143385,-154.973564,3.693270,2.156096,5.004320,5.368858,0.035632,0.011138
19.569782,376.839444,-211.348703,6.969195,6.048426,199.000730,-158.317255,3.463678,3.273577,5.002193,5.384417,0.037482,0.013168
19.573979,374.964091,-213.932160,6.948711,5.984636,198.585330,-159.518156,3.400007,3.150985,5.011632,5.389122,0.037130,0.012763
19.578176,373.034423,-216.901471,7.014424,5.987637,197.124791,-160.584010,3.723761,2.316976,5.022228,5.395988,0.035606,0.011640
19.582372,371.298989,-220.147412,7.052194,6.071351,195.229963,-162.470139,3.520221,2.177759,5.028956,5.406457,0.035636,0.011047
19.586569,369.200069,-223.422267,6.974914,6.233221,193.003767,-164.685188,3.583932,2.198819,5.034165,5.418781,0.036306,0.011293
19.590766,366.785252,-226.804921,7.088310,6.010314,190.872963,-166.597952,3.345643,2.276582,5.042148,5.429984,0.035439,0.011011
19.594963,364.105492,-230.391158,7.205333,6.039628,189.287782,-169.170017,3.720810,2.073498,5.049242,5.441723,0.035610,0.011510
19.599160,361.262418,-234.337739,7.073179,6.132607,187.271993,-172.291962,3.495107,2.627707,5.054935,5.456150,0.036921,0.012009
19.603357,358.284829,-238.201864,6.816026,6.209381,184.479619,-174.382758,3.721722,2.141725,5.064293,5.469659,0.036304,0.011791
19.607553,355.594370,-242.509887,6.987870,6.028838,182.528817,-176.729579,3.400102,2.305347,5.075614,5.481646,0.035838,0.011365
19.611750,352.014413,-246.762823,6.998513,6.134800,179.555036,-179.246438,3.725346,2.156499,5.085539,5.496927,0.036229,0.011992
19.615947,348.584944,-251.467199,7.093021,6.024098,176.900323,-181.411399,3.185748,2.207941,5.099815,5.510376,0.035740,0.010864
19.620144,345.253656,-256.547377,6.821934,6.115601,174.601205,-184.784172,3.205520,2.356589,5.110461,5.526114,0.036250,0.011159
19.624341,341.434963,-261.293994,7.102809,6.156551,171.708114,-187.580534,3.616203,2.166310,5.122116,5.541936,0.036620,0.011963
19.628537,337.100488,-266.549175,7.148388,6.026456,167.772237,-190.338841,3.652026,2.467499,5.135305,5.560720,0.036572,0.012568
19.632734,333.237922,-271.425545,7.154761,6.273585,164.631458,-193.480178,3.287093,2.697015,5.145418,5.578171,0.037814,0.012018
19.636931,328.220610,-276.991818,6.931535,6.042261,161.502078,-196.304462,3.757511,2.609705,5.163133,5.594748,0.036973,0.013147
19.641128,323.654720,-281.938970,6.936918,6.155703,158.432073,-198.606876,3.382694,2.375407,5.179520,5.609838,0.036963,0.011930
19.645325,318.692047,-287.980929,7.087857,6.084451,154.707554,-201.971741,3.281886,2.632714,5.195441,5.629531,0.037271,0.012019
19.649522,312.833893,-294.013243,6.917732,6.107982,151.188439,-204.355332,3.153207,2.595988,5.218801,5.646224,0.037200,0.011676
19.653718,308.048153,-299.821799,7.036101,6.096280,147.185929,-207.198393,3.261820,2.405133,5.234819,5.665539,0.037024,0.011811
19.657915,302.345601,-304.670716,6.989646,5.914357,143.121753,-210.647191,3.256278,2.900687,5.245802,5.686393,0.037290,0.012362
19.662112,295.921207,-310.666836,6.794253,6.027955,138.400249,-212.797473,3.665599,2.657147,5.268330,5.706540,0.037324,0.013383
19.666309,289.165141,-317.313628,6.872108,6.246366,135.526373,-215.316199,3.392949,2.379258,5.298459,5.721407,0.037950,0.012337
19.670506,282.770882,-323.174003,6.979870,6.141025,131.265860,-217.835601,3.219161,2.238793,5.319940,5.740863,0.037567,0.011755
19.674703,275.822531,-329.333665,7.050349,6.218697,127.168038,-220.788937,3.275401,2.632352,5.343085,5.760622,0.038707,0.012275
19.678899,268.902720,-335.589602,6.986069,6.450432,122.570187,-222.782687,3.596855,2.382488,5.369129,5.780205,0.039280,0.013191
19.683096,261.409219,-341.704705,6.814137,6.352322,118.150719,-225.290335,3.674485,2.375272,5.394776,5.800179,0.038891,0.013507
19.687293,253.579000,-347.938566,6.733502,6.438437,114.329865,-227.855160,3.805111,2.261646,5.424017,5.818126,0.039300,0.013922
19.691490,244.839607,-354.318942,7.033568,6.253840,109.502839,-229.899778,3.238333,2.395348,5.455782,5.838671,0.039138,0.012173
19.695687,236.996884,-360.070473,6.770818,6.399181,104.653853,-231.832232,3.554965,2.135335,5.482036,5.859151,0.039052,0.013198
19.699883,228.319122,-366.386115,6.699532,6.586449,99.930405,-234.905179,3.752398,2.584458,5.509686,5.880970,0.040216,0.014095
19.704080,218.919029,-372.335556,6.856323,6.192229,95.704123,-236.067062,4.002547,2.338910,5.548051,5.898023,0.040142,0.014965
19.708277,209.761011,-378.358032,6.569443,6.506494,90.595009,-237.839815,3.596005,2.186782,5.579826,5.919245,0.039265,0.013553
19.712474,200.222480,-383.942724,6.523030,6.412649,85.489150,-239.711417,3.462576,2.397562,5.611206,5.940613,0.038964,0.013200
19.716671,190.222703,-389.744785,6.600008,6.465214,80.789625,-241.642664,3.613595,2.496399,5.646824,5.960533,0.039752,0.013805
19.720868,179.332924,-395.160309,6.576120,6.554728,76.056096,-243.551472,3.625382,2.715873,5.685185,5.980501,0.040233,0.013929
19.725064,168.590932,-400.402928,6.549131,6.484419,71.105997,-245.127609,3.235624,2.708759,5.722561,6.000856,0.039421,0.012529
19.729261,157.590073,-405.211492,6.155626,6.772646,66.367100,-246.041922,3.808669,2.610565,5.762766,6.019717,0.039483,0.014674
19.733458,146.576113,-410.282922,6.533410,6.717112,60.665658,-247.715614,3.879052,2.723147,5.797029,6.043012,0.040915,0.014990
19.737655,134.894422,-414.576873,6.416934,6.705660,56.290550,-248.883187,3.791098,2.801446,5.840233,6.060755,0.040456,0.014692
19.741852,123.375671,-418.535290,6.332144,6.746172,50.847956,-249.243717,3.651296,2.550069,5.878422,6.081938,0.039606,0.014206
19.746049,110.704059,-422.370418,6.436343,6.602120,46.276274,-250.598019,3.848676,2.418853,5.924348,6.100579,0.040571,0.014951
19.750245,98.883624,-425.805649,6.311951,6.881406,41.196015,-251.404391,3.263413,2.637432,5.963739,6.120765,0.038826,0.012752
19.754442,86.356786,-428.957873,6.073768,6.691254,36.339984,-252.732821,3.604066,2.916831,6.006635,6.140376,0.038652,0.014066
19.758639,73.674281,-431.815631,6.186272,6.866729,31.051483,-252.663629,3.652302,2.533831,6.049614,6.160902,0.039051,0.014292
19.762836,60.757500,-433.828735,5.954623,6.944467,26.358896,-253.482164,3.729281,2.834941,6.094713,6.179571,0.038362,0.014600
19.767033,48.042345,-435.955208,6.037043,6.915877,21.420185,-253.719917,3.384611,2.894028,6.138125,6.198961,0.037648,0.013280
19.771229,34.632607,-437.300535,6.038377,6.909173,16.418462,-254.000551,3.658178,2.499000,6.184142,6.218636,0.038343,0.014356
19.775426,21.062896,-437.828781,6.152056,6.941343,11.551664,-254.692730,3.901125,2.870106,6.231297,6.237861,0.039727,0.015294
19.779623,8.393465,-438.862207,6.060428,6.947073,6.384664,-254.317362,3.669076,2.570023,6.272301,6.258085,0.038387,0.014420
19.783820,-4.911725,-438.994593,6.156060,6.804116,1.127762,-254.471425,3.221859,2.575666,6.315904,6.278754,0.037637,0.012661
19.788017,-17.781556,-438.021757,6.205421,6.532383,-3.583012,-253.941343,3.724590,2.150215,6.360165,6.297294,0.039189,0.014665
19.792214,-31.009728,-437.472528,6.064903,6.739225,-9.477287,-254.300075,3.521703,3.062757,6.400201,6.320436,0.038055,0.013837
19.796410,-44.137504,-435.876393,6.196484,6.745728,-13.824867,-253.559029,3.663841,2.279830,6.447941,6.337655,0.038938,0.014415
19.800607,-56.604882,-433.893486,6.186391,6.807854,-18.345210,-253.707628,3.707826,2.481486,6.492412,6.355368,0.039163,0.014556
19.804804,-69.761403,-431.691486,5.966824,6.688655,-23.311299,-253.133579,4.002625,2.452281,6.537685,6.375017,0.038922,0.015704
19.809001,-81.991102,-429.662500,6.254977,6.679121,-28.540672,-252.215107,3.771266,2.536010,6.575760,6.395866,0.039341,0.014806
19.813198,-94.563020,-426.920316,6.259015,6.509809,-33.882782,-252.275871,3.704518,2.954220,6.617587,6.416695,0.039267,0.014507
19.817394,-106.525925,-423.450615,6.085496,6.518992,-38.498054,-251.318210,3.383822,2.311800,6.659553,6.435188,0.037586,0.013227
19.821591,-118.243280,-419.748795,5.865524,6.544561,-43.761221,-250.633216,3.632160,2.827396,6.698045,6.456045,0.037540,0.014193
19.825788,-129.781762,-415.900008,6.203257,6.484253,-48.433898,-249.073064,3.511382,2.506094,6.736879,6.475245,0.038224,0.013714
19.829985,-141.493334,-411.877172,6.274612,6.498722,-53.338353,-249.111698,4.169612,2.525410,6.779562,6.494115,0.040032,0.016138
19.834182,-152.323629,-407.172421,5.949443,6.835535,-57.715413,-247.592562,3.809280,2.441446,6.818337,6.512202,0.038355,0.014754
19.838379,-163.169663,-402.793622,6.433655,6.775937,-63.945647,-246.413262,3.496953,2.588557,6.848590,6.537090,0.039432,0.013539
19.842575,-173.309648,-398.218671,6.386896,6.377749,-68.384479,-245.198118,3.650043,2.521391,6.884245,6.555169,0.038810,0.014066
19.846772,-183.383845,-392.686075,6.307461,6.288422,-73.210197,-243.953546,4.142158,2.283701,6.920740,6.574733,0.039193,0.015788
19.850969,-193.658202,-387.741346,6.255701,6.671310,-78.122389,-242.176579,3.669605,2.259824,6.954077,6.595231,0.038595,0.013993
19.855166,-202.518496,-382.249518,6.394058,6.534493,-83.370176,-239.469049,3.576646,2.872436,6.978604,6.618207,0.038984,0.013832
19.859363,-212.428375,-377.083239,6.519347,6.432745,-88.215909,-238.607703,3.549749,2.606165,7.014340,6.637311,0.038769,0.013562
19.863560,-221.042493,-371.222158,6.537647,6.269660,-92.820758,-235.298616,3.089968,2.914927,7.039434,6.658925,0.037909,0.012125
19.867756,-229.446855,-366.026179,6.477653,6.439842,-97.217864,-233.568283,3.281594,3.147974,7.067719,6.677603,0.038550,0.012894
19.871953,-238.039283,-360.313780,6.464034,6.531118,-101.627674,-231.545676,3.550422,3.047060,7.097399,6.696778,0.038843,0.013739
19.876150,-246.138622,-355.012746,6.508253,6.548482,-106.181979,-229.983160,3.529269,2.856107,7.124855,6.715722,0.038687,0.013504
19.880347,-253.224378,-348.925777,6.605914,6.279974,-110.419981,-227.256925,3.183820,2.729543,7.148330,6.735475,0.037610,0.012278
19.884544,-260.382376,-343.119454,6.774791,6.266894,-115.162294,-225.334957,2.740557,2.374322,7.172524,6.755651,0.037162,0.010546
19.888740,-267.478860,-337.712020,6.642938,6.157303,-119.867898,-223.219016,3.482241,2.349009,7.194272,6.775990,0.037183,0.012878
19.892937,-274.826984,-332.533360,6.478739,6.423697,-123.885772,-220.761888,3.392229,3.011132,7.216590,6.794567,0.038189,0.013055
19.897134,-281.240820,-327.123695,6.533877,6.425316,-127.920628,-218.219368,3.567001,2.782725,7.236372,6.813397,0.038037,0.013377
19.901331,-287.384407,-321.323083,6.842911,6.519676,-132.248890,-215.833281,3.498553,2.924640,7.256815,6.832917,0.039022,0.013241
19.905528,-293.732280,-316.380889,6.880068,6.244839,-135.794037,-213.416025,3.439719,2.795944,7.276250,6.849861,0.037692,0.012916
19.909725,-299.306034,-310.989377,6.834491,6.442487,-140.285712,-211.261979,3.619527,3.035553,7.293848,6.869365,0.038890,0.013609
19.913921,-304.521370,-305.557216,6.772017,6.283701,-143.370345,-208.251934,3.816969,2.740818,7.310762,6.886115,0.037782,0.013871
19.918118,-310.023855,-301.001725,6.767887,6.573084,-147.314516,-206.263877,3.783776,2.728270,7.326714,6.903381,0.038683,0.013664
19.922315,-314.764752,-295.844935,6.801507,6.372061,-149.551924,-203.654650,3.789538,2.763111,7.345010,6.916589,0.037813,0.013713
19.926512,-319.953513,-291.095245,6.773576,6.502924,-153.781068,-200.733744,3.531681,2.600002,7.355925,6.936908,0.037819,0.012729
19.930709,-324.500295,-286.094106,6.796514,6.396599,-157.124379,-198.267513,3.984372,2.911038,7.370749,6.953328,0.038197,0.014263
19.934906,-328.495301,-281.651532,6.946470,6.272680,-160.094754,-195.759387,3.759783,2.833220,7.382329,6.968694,0.037582,0.013519
19.939102,-332.389462,-277.284431,6.826328,6.549950,-163.978536,-194.137878,3.602347,3.502321,7.395377,6.984565,0.039855,0.014013
19.943299,-336.264006,-273.060243,6.948877,6.239437,-165.598778,-191.191444,3.848578,2.936130,7.406702,6.996976,0.037528,0.013785
19.947496,-340.429495,-268.996520,6.901285,6.310725,-169.093557,-188.496698,4.056066,2.743409,7.414755,7.014376,0.037493,0.013946
19.951693,-343.565199,-264.927807,7.154817,6.485652,-171.340764,-186.240223,4.052298,2.821214,7.425413,7.026940,0.038470,0.013994
19.955890,-346.654217,-261.204349,6.905972,6.586770,-173.771439,-184.405121,3.844215,2.869853,7.435939,7.038904,0.038632,0.013500
19.960086,-349.536720,-257.527458,7.076970,6.514707,-175.397353,-181.970459,3.653343,2.667620,7.444607,7.050192,0.037899,0.012727
19.964283,-352.595360,-254.029341,7.030994,6.505368,-178.247133,-180.428412,3.965292,3.012283,7.454528,7.062502,0.038641,0.013906
19.968480,-355.523720,-250.507557,7.184849,6.370636,-179.867706,-177.816512,3.864667,2.943114,7.461613,7.074318,0.037852,0.013560
19.972677,-357.919163,-247.316647,7.052581,6.531875,-182.426481,-176.409123,4.016439,3.407449,7.469990,7.085351,0.039502,0.014636
19.976874,-360.149198,-244.150489,7.137951,6.522678,-184.375937,-174.340095,3.778852,3.382004,7.475925,7.096553,0.039396,0.014088
19.981071,-362.293143,-241.218892,7.172144,6.386798,-186.042370,-172.312340,3.870200,3.152593,7.481295,7.106879,0.038401,0.013811
19.985267,-364.680005,-238.952493,6.922599,6.458457,-188.229142,-170.462794,3.458483,2.683169,7.483731,7.118074,0.037488,0.012038
19.989464,-366.392179,-236.253314,7.191979,6.444279,-189.265238,-168.904815,4.094470,2.957757,7.490636,7.125368,0.038264,0.013827
19.993661,-367.829137,-233.621378,7.151637,6.623942,-189.972846,-167.716488,3.921358,3.305418,7.499117,7.130726,0.039530,0.014160
19.997858,-369.483594,-231.440848,7.212514,6.534841,-192.101508,-166.969120,3.788266,3.845507,7.505364,7.138462,0.040535,0.015012
20.002055,-370.574750,-229.371925,7.173888,6.425856,-193.199416,-165.228991,4.324600,3.206132,7.506990,7.146462,0.038859,0.014633
20.006251,-371.947737,-227.635870,7.163701,6.560682,-193.998288,-162.892143,3.840255,2.752179,7.505038,7.155523,0.038236,0.012816
20.010448,-373.169967,-226.127405,7.420306,6.333295,-194.322424,-162.395564,3.858556,2.948612,7.511663,7.157847,0.037683,0.013239
20.014645,-373.773233,-224.630829,7.316994,6.407205,-195.944287,-161.542157,4.097120,3.033918,7.513062,7.164521,0.038400,0.013795
20.018842,-374.825117,-223.252668,7.105286,6.485897,-194.988106,-160.217364,3.987192,2.839102,7.516849,7.166162,0.037807,0.013272
20.023039,-375.827209,-222.159604,7.294020,6.556451,-196.167553,-160.774110,3.645253,3.714863,7.524741,7.167418,0.040045,0.014537
20.027236,-376.144662,-221.333590,7.161356,6.655760,-196.605350,-159.325741,4.341242,3.065823,7.521436,7.172941,0.039203,0.014327
20.031432,-376.759633,-220.682196,7.452983,6.475600,-196.716164,-158.922978,4.313101,2.647150,7.523535,7.174454,0.037737,0.013460
20.035629,-377.044909,-220.387507,7.454640,6.625241,-197.230489,-158.920222,4.444445,2.970567,7.524597,7.175739,0.039056,0.014304
20.039826,-377.113586,-219.915569,7.441084,6.429160,-197.243757,-159.400777,4.324382,3.394388,7.529441,7.174296,0.039083,0.014941
20.044023,-377.160157,-219.750536,7.496712,6.483324,-197.284885,-159.429572,4.302431,3.383462,7.530418,7.174310,0.039313,0.014876
20.048220,-377.056799,-219.739756,7.576305,6.463717,-197.258561,-159.718970,4.132239,3.510317,7.531790,7.173358,0.039530,0.014849
20.052417,-376.860338,-219.921210,7.465773,6.566241,-196.700528,-159.419201,4.215968,3.158515,7.529991,7.172891,0.039080,0.014278
20.056613,-376.616921,-219.910297,7.486817,6.662366,-196.047956,-159.022199,3.718060,2.620827,7.528754,7.172485,0.038261,0.012293
20.060810,-376.238846,-220.865563,7.414793,6.593655,-196.047539,-161.057403,4.270553,3.252422,7.533508,7.166254,0.039400,0.014569
20.065007,-375.138172,-221.542654,6.927130,6.606383,-195.619237,-160.760977,4.159442,2.699550,7.527516,7.166085,0.038196,0.013290
20.069204,-374.073264,-222.642127,7.223539,6.527700,-194.802589,-162.280328,4.232882,3.204969,7.529197,7.159411,0.039076,0.014440
20.073401,-373.908023,-224.019727,7.192840,6.579285,-193.739244,-164.043472,3.906595,3.313734,7.532631,7.151393,0.039246,0.014076
20.077597,-372.775146,-225.374035,6.985211,6.747273,-193.296153,-164.950899,4.292962,3.204128,7.529241,7.147541,0.039851,0.014569
20.081794,-371.147221,-226.669887,6.939143,6.861750,-192.014662,-164.867401,3.857886,2.752400,7.521759,7.144505,0.039332,0.012911
20.085991,-369.789732,-228.506378,7.245823,6.730922,-189.712840,-166.475984,3.740764,2.890002,7.522245,7.133729,0.038945,0.013024
20.090188,-368.429780,-230.457186,7.158661,6.569657,-189.618323,-167.998728,3.706381,2.643986,7.517932,7.128965,0.037986,0.012456
20.094385,-367.270497,-232.694859,7.195161,6.540828,-187.734378,-170.511251,3.676373,3.251521,7.520556,7.116623,0.038902,0.013604
20.098582,-365.013177,-234.822215,6.979901,6.506372,-187.188044,-171.268482,2.978538,2.203286,7.510734,7.112966,0.036828,0.010191
20.102778,-363.394773,-237.642631,7.226113,6.461818,-184.706852,-173.291158,4.287051,2.531368,7.508308,7.100460,0.037505,0.013684
20.106975,-361.441729,-239.912800,7.237394,6.379804,-181.703343,-174.776065,3.710859,2.479671,7.506305,7.088014,0.036649,0.012424
20.111172,-358.628388,-242.840710,7.047001,6.631959,-181.292036,-178.319563,4.068577,3.313486,7.505035,7.076849,0.039753,0.014566
20.115369,-356.463840,-245.387275,7.001372,6.475153,-177.888901,-178.632006,3.756583,2.653197,7.496244,7.066499,0.037350,0.012909
20.119566,-353.536132,-248.939299,7.183406,6.385911,-176.370508,-181.710153,4.112058,3.219459,7.491297,7.053673,0.038539,0.014635
20.123763,-351.148956,-252.525534,7.119669,6.429073,-173.649759,-183.499522,3.657389,3.102176,7.483097,7.041012,0.038110,0.013483
20.127959,-348.084648,-256.009113,7.132482,6.424304,-172.072026,-187.083373,3.872085,3.863781,7.480741,7.026812,0.040110,0.015218
20.132156,-344.617147,-259.220869,6.903768,6.435438,-169.419974,-187.468968,3.634344,2.540705,7.465270,7.018053,0.037251,0.012622
20.136353,-341.650979,-263.385465,7.045724,6.517646,-166.180198,-189.867140,3.474280,2.789934,7.457223,7.002154,0.037894,0.012664
20.140550,-337.907551,-267.421740,7.023555,6.612217,-163.867441,-192.816819,3.817122,2.714834,7.449011,6.987599,0.038476,0.013431
20.144747,-334.305173,-271.546721,6.930702,6.627765,-161.397145,-194.691260,3.900716,2.519239,7.435721,6.975355,0.038261,0.013470
20.148943,-330.195840,-275.801502,6.870459,6.481661,-158.478957,-198.533370,3.830751,3.466750,7.431149,6.956857,0.039511,0.014539
20.153140,-326.274501,-280.375466,6.843141,6.379292,-155.597195,-200.015416,3.839849,3.071323,7.413941,6.944321,0.038300,0.014086
20.157337,-321.588146,-285.008542,7.013702,6.574593,-152.509284,-201.841451,3.228451,2.798999,7.396848,6.930254,0.038537,0.012172
20.161534,-316.802120,-289.717778,6.973446,6.561953,-148.769360,-204.853329,3.948751,2.707200,7.386305,6.911295,0.038746,0.014098
20.165731,-311.946876,-294.545981,6.784622,6.464993,-144.616147,-207.114542,3.717420,2.456402,7.372491,6.892731,0.037606,0.013288
20.169928,-306.972865,-299.439727,6.497835,6.596432,-140.806568,-209.603639,3.416062,2.782242,7.358353,6.874716,0.038120,0.012801
20.174124,-301.926336,-304.953744,6.816524,6.380804,-137.489930,-212.795345,3.393608,2.958413,7.343151,6.856823,0.038071,0.012913
20.178321,-295.933665,-310.240329,6.632200,6.312602,-133.617912,-214.350902,3.787268,2.372121,7.320385,6.840605,0.037055,0.013660
20.182518,-290.413225,-315.632608,6.643341,6.486421,-129.694182,-217.985833,3.250936,3.139833,7.308020,6.819895,0.038595,0.012704
20.186715,-284.131897,-321.110851,6.853357,6.322892,-126.215511,-219.156969,3.156112,2.716202,7.280692,6.805706,0.037683,0.012070
20.190912,-277.764822,-326.554579,6.632212,6.354126,-122.335588,-221.782287,3.223832,2.750283,7.260862,6.787258,0.037705,0.012317
20.195108,-271.017450,-332.404311,6.549815,6.269931,-117.750613,-223.212154,2.856288,2.758339,7.234961,6.768612,0.036936,0.011235
20.199305,-264.288636,-337.632227,6.375973,6.412972,-113.298667,-226.255685,3.438200,2.686550,7.218437,6.747437,0.037612,0.013046
20.203502,-256.897157,-343.662223,6.571662,6.318872,-109.132436,-228.829381,3.454304,3.076902,7.193340,6.728196,0.038367,0.013362
20.207699,-249.176873,-349.485461,6.533989,6.320524,-104.491217,-230.517013,3.536641,2.767823,7.165817,6.708772,0.038002,0.013504
20.211896,-241.697443,-354.916084,6.350113,6.395508,-100.182213,-232.714618,3.375804,2.915414,7.141690,6.689700,0.037966,0.013057
20.216093,-233.361805,-361.019319,6.427775,6.519523,-96.409312,-234.827923,3.253081,2.125701,7.109455,6.672756,0.037689,0.012274
20.220289,-224.950002,-366.858249,6.507776,6.433185,-91.674443,-236.622635,3.592074,2.903551,7.080119,6.652808,0.038873,0.013831
20.224486,-216.294082,-372.345608,6.458160,6.430839,-86.837924,-237.703551,3.070528,2.629835,7.048950,6.633443,0.037766,0.011941
20.228683,-207.414557,-377.767073,6.403473,6.440217,-81.499506,-239.838942,3.562880,2.661127,7.023084,6.610753,0.038374,0.013740
20.232880,-197.818278,-383.046571,6.310026,6.383206,-77.397508,-241.058927,3.361900,2.810172,6.986580,6.593861,0.038012,0.013090
20.237077,-188.392258,-388.611355,6.377239,6.140399,-72.878169,-243.523305,3.231071,2.402852,6.955584,6.573968,0.037415,0.012475
20.241274,-177.987697,-394.168032,6.219236,6.366441,-67.909935,-243.764974,3.390465,2.625003,6.914992,6.554884,0.037639,0.013204
20.245470,-167.696858,-399.067697,6.210247,6.608644,-63.599692,-245.147404,3.365206,2.841140,6.877831,6.537024,0.038234,0.013167
20.249667,-157.551220,-404.135169,6.338903,6.499210,-58.401901,-246.836723,3.278585,2.397022,6.845605,6.515514,0.038064,0.012765
20.253864,-146.836849,-408.571075,6.317063,6.547409,-53.574094,-247.861705,3.473052,2.763163,6.809008,6.496056,0.038659,0.013583
20.258061,-135.381313,-413.230156,6.249154,6.676577,-49.589939,-248.507145,3.247300,2.759335,6.763351,6.480149,0.038130,0.012746
20.262258,-123.885688,-417.486452,5.955644,6.490509,-44.072314,-250.302349,3.733039,2.689485,6.728588,6.457475,0.037938,0.014582
20.266454,-112.169014,-421.198221,6.224655,6.502545,-39.890603,-251.240588,3.697227,2.212739,6.685287,6.440645,0.038899,0.014419
20.270651,-100.333521,-424.621929,5.986550,6.602715,-35.475212,-250.549026,3.185215,2.575057,6.639844,6.423840,0.036709,0.012544
20.274848,-88.003486,-427.747990,6.028259,6.552121,-30.379568,-252.199774,3.324151,2.517734,6.600355,6.403066,0.037330,0.013046
20.279045,-75.675233,-430.662453,6.212981,6.553490,-25.763085,-252.668311,3.736157,2.879068,6.556578,6.384798,0.039182,0.014680
20.283242,-62.588006,-432.798070,6.036449,6.520304,-21.027920,-252.665962,3.265055,2.425678,6.509937,6.366218,0.037150,0.012858
20.287439,-49.860923,-434.877644,6.171122,6.479389,-16.990391,-253.935564,3.706488,2.813540,6.462889,6.349994,0.039121,0.014550
20.291635,-37.145961,-436.278263,6.194824,6.574575,-11.563715,-254.072575,3.396542,2.617014,6.422677,6.328667,0.038399,0.013349
20.295832,-24.473014,-437.476576,5.890944,6.669684,-6.815456,-254.645919,3.520301,2.762658,6.379465,6.309943,0.037380,0.013817
20.300029,-10.810448,-438.385064,6.090308,6.744656,-1.720825,-255.241728,3.892183,2.824458,6.332776,6.289927,0.039418,0.015248
20.304226,1.990952,-438.451149,5.810123,6.969400,2.754538,-254.273600,3.684699,2.635192,6.287331,6.272353,0.037355,0.014490
20.308423,15.401876,-438.363756,5.942223,6.929523,8.179650,-254.301748,3.599389,2.542500,6.243967,6.251031,0.037719,0.014143
20.312620,28.590681,-437.740182,6.151383,6.544270,12.582478,-254.154069,3.707222,2.701088,6.196208,6.233718,0.038969,0.014560
20.316816,40.964845,-436.388800,6.082364,6.785964,17.657104,-254.087604,3.245620,2.556812,6.156022,6.213805,0.037544,0.012731
20.321013,54.461307,-434.277611,6.149580,6.852934,22.571746,-253.745727,3.679887,2.707738,6.108347,6.194465,0.039125,0.014419
20.325210,67.176332,-432.461772,6.194680,6.650292,26.600384,-253.791657,3.844883,2.798229,6.059873,6.178755,0.039773,0.015029
20.329407,79.838131,-429.779592,6.189811,6.668978,31.479860,-252.493197,3.307891,2.451296,6.016894,6.159149,0.038225,0.012955
20.333604,92.420381,-427.214727,5.932777,6.798794,36.442442,-251.478755,2.888983,2.158201,5.974812,6.139274,0.036055,0.011317
20.337800,104.765191,-423.811784,6.239934,6.597223,40.485038,-251.617215,3.675020,2.668744,5.925906,6.123653,0.039317,0.014334
20.341997,116.813189,-420.188348,6.440960,6.495748,46.375041,-250.641425,3.449878,2.764792,5.889432,6.100229,0.039602,0.013454
20.346194,128.715159,-416.147277,6.494676,6.531805,50.537040,-250.424779,3.710576,3.011864,5.842399,6.084055,0.040540,0.014427
20.350391,140.357012,-411.376275,6.051791,6.683838,56.001435,-248.440562,3.666880,2.464728,5.805460,6.061479,0.038621,0.014206
20.354588,151.413538,-406.774688,6.436985,6.591909,60.087032,-247.739300,3.695473,2.573749,5.761913,6.045239,0.040013,0.014288
20.358785,161.964186,-402.070156,6.237867,6.369437,65.010664,-246.636580,3.611073,2.692980,5.725477,6.025459,0.038904,0.013952
20.362981,172.802487,-397.028152,6.446408,6.489139,70.531892,-245.021386,3.618626,2.547127,5.690947,6.002903,0.039648,0.013916
20.367178,183.459912,-391.745377,6.289713,6.613084,74.726845,-243.868643,3.597340,2.537945,5.649162,5.985847,0.039168,0.013796
20.371375,193.625568,-385.681564,6.449135,6.471534,79.996138,-242.376769,3.568370,2.809116,5.612776,5.964394,0.039644,0.013717
20.375572,203.365882,-380.763412,6.890927,6.270946,84.505160,-240.581077,3.722508,2.590499,5.579911,5.945393,0.040329,0.014179
20.379769,212.819875,-374.695254,6.567163,6.525044,88.594571,-238.348966,3.768822,2.259606,5.544271,5.927310,0.039452,0.014234
20.383965,221.962488,-368.813510,6.699846,6.463618,93.756133,-237.313538,3.263893,2.849714,5.510469,5.906934,0.039562,0.012585
20.388162,230.129500,-362.663926,6.833959,6.452566,98.373983,-234.817881,2.660244,2.599912,5.482729,5.886461,0.038902,0.010414
20.392359,239.207365,-356.901710,6.783427,6.347471,102.804116,-233.463851,3.212935,3.166770,5.447931,5.868391,0.039584,0.012566
20.396556,247.343484,-350.835010,6.815231,6.191673,107.152463,-231.283197,3.327709,2.940482,5.418494,5.849330,0.038920,0.012800
20.400753,254.363571,-344.974996,6.899455,6.243488,111.765879,-228.544804,3.642817,2.572126,5.397107,5.828350,0.039061,0.013608
20.404950,261.740380,-338.600868,6.884703,6.312135,117.212353,-225.788516,3.291880,2.241946,5.375161,5.804355,0.038540,0.012181
20.409146,269.356007,-332.696069,6.937245,6.177495,121.332048,-223.664107,3.306961,2.369362,5.347248,5.786138,0.038134,0.012256
20.413343,276.476833,-326.321172,6.841542,6.194351,124.875352,-221.499559,3.626232,2.576336,5.317339,5.769830,0.038304,0.013382
20.417540,282.863107,-320.942967,6.888477,6.493346,129.120399,-218.822142,3.318449,2.518487,5.298704,5.750099,0.038902,0.012325
20.421737,289.423652,-314.838865,6.736296,6.272685,134.182104,-215.957993,3.518632,2.435296,5.279534,5.727226,0.037985,0.012796
20.425934,295.525723,-309.185360,6.917224,6.126397,137.938057,-213.359123,3.668613,2.171637,5.258730,5.709270,0.037326,0.012984
20.430131,301.569154,-303.871306,7.073158,6.183626,142.582507,-210.857800,3.583257,2.337788,5.241736,5.688610,0.037844,0.012746
20.434327,306.943605,-297.772509,6.873322,6.120667,145.840259,-209.037277,3.563387,2.778627,5.215844,5.674021,0.037911,0.013053
20.438524,312.060627,-292.251946,6.970887,5.965624,149.439631,-206.069113,3.706850,2.622981,5.199717,5.655751,0.037180,0.013250
20.442721,317.475602,-287.203664,7.126200,5.875514,153.186309,-202.894907,3.292092,2.610485,5.186519,5.636490,0.036555,0.012045
20.446918,322.264999,-281.919469,6.980075,6.130491,156.918109,-200.249820,3.251425,2.631702,5.171168,5.618517,0.037336,0.011912
20.451115,326.651895,-276.862728,6.849069,6.224420,160.935420,-197.112475,3.244930,2.298990,5.160920,5.598485,0.037099,0.011411
20.455311,331.356871,-272.131432,7.165467,5.982931,163.915723,-194.619064,3.430078,2.404752,5.145938,5.583214,0.036509,0.011974
20.459508,335.378192,-266.964937,6.831225,6.141621,166.394384,-191.774109,3.203261,2.527886,5.131043,5.568529,0.036760,0.011549
20.463705,339.209911,-262.434252,6.806315,6.024980,169.848684,-188.723271,3.586549,2.354836,5.122892,5.550377,0.036160,0.012196
20.467902,343.413327,-257.708907,6.916942,5.987948,173.259098,-186.427409,3.576501,2.587489,5.109101,5.534381,0.036464,0.012404
20.472099,346.298091,-253.587958,6.904551,5.873577,175.153615,-183.756554,3.759752,2.444430,5.099795,5.521752,0.035689,0.012612
20.476296,349.966687,-249.153880,7.105301,5.951720,178.569203,-180.781724,3.260800,2.400729,5.091955,5.503944,0.035915,0.011289
20.480492,353.463025,-245.711995,7.053793,6.035890,181.018171,-179.484755,3.619373,2.924980,5.079069,5.493534,0.037225,0.012897
20.484689,356.201181,-241.449038,7.276549,5.802715,183.929521,-176.818907,3.490820,3.119442,5.071303,5.478079,0.036895,0.012946
20.488886,358.893458,-237.904586,7.295285,5.962398,185.674497,-174.745984,3.530064,3.344767,5.062026,5.467475,0.037951,0.013464
20.493083,361.639120,-234.084929,7.065794,6.055057,187.502564,-172.417887,3.416431,3.484458,5.052739,5.455901,0.038365,0.013558
20.497280,363.463063,-231.177776,7.032639,6.242042,189.875265,-168.389462,3.602180,2.425543,5.059457,5.437887,0.037092,0.011825
20.501477,366.496046,-227.512087,7.306254,5.959144,191.539592,-165.969438,3.679528,2.293470,5.050631,5.426386,0.035623,0.011712
20.505673,368.576592,-224.485379,7.185024,5.926779,193.536152,-163.798001,3.414136,2.256204,5.046125,5.414756,0.035268,0.011037
20.509870,370.406939,-221.803416,7.045897,6.186640,194.497831,-161.753264,3.844481,2.388624,5.041355,5.406130,0.036534,0.012130
20.514067,372.393632,-219.228243,7.344622,5.926070,197.001997,-160.241484,3.328928,2.535307,5.036820,5.395248,0.035819,0.011332
20.518264,374.042885,-216.738224,7.262541,5.992510,197.932979,-157.955881,3.185715,2.362405,5.034543,5.385926,0.035580,0.010712
20.522461,375.556820,-214.352509,7.239649,6.156530,199.354546,-158.077895,3.773225,3.165026,5.021525,5.382815,0.038096,0.013413
20.526657,377.180177,-212.539686,7.071276,6.255998,201.112064,-155.826923,3.473774,2.954769,5.024002,5.371591,0.037921,0.012418
20.530854,378.080920,-210.262123,7.173198,6.035036,201.447796,-153.950339,3.321562,2.951581,5.021009,5.364929,0.036875,0.012200
20.535051,379.367632,-208.391639,7.141711,5.951196,202.007591,-152.260968,3.452245,2.857703,5.018894,5.358279,0.036197,0.012201
20.539248,380.554223,-207.132942,7.275506,6.284410,204.107946,-150.611132,3.299242,2.283704,5.022395,5.348101,0.036800,0.010589
20.543445,381.044193,-205.503869,7.070602,6.148286,205.233116,-149.326163,3.534526,1.957694,5.021670,5.341395,0.035761,0.010297
20.547642,381.738427,-204.531849,7.321438,5.972855,205.533160,-148.344739,3.487648,1.991179,5.021069,5.337567,0.035062,0.010267
20.551838,382.520192,-203.565723,7.203984,6.124448,205.263066,-148.347022,3.366294,2.780809,5.014379,5.338199,0.036860,0.011824
20.556035,382.994249,-203.010600,7.046606,6.151732,207.118580,-147.270214,3.480463,2.260669,5.019305,5.330488,0.036226,0.010749
20.560232,383.503999,-202.088236,7.273653,6.168197,207.122398,-148.366304,3.196327,3.302690,5.008040,5.333985,0.038410,0.012823
20.564429,383.640668,-201.877672,7.148030,6.026688,206.789804,-147.855032,3.332794,3.104542,5.008857,5.333112,0.037210,0.012523
20.568626,383.781513,-201.586169,7.297118,6.099258,206.763609,-146.740121,3.601744,2.766137,5.012843,5.329595,0.036885,0.012114
20.572822,383.770722,-201.370992,7.337610,6.144188,206.877826,-146.708003,3.670904,2.753005,5.012098,5.329231,0.037125,0.012186
20.577019,383.898956,-201.599683,7.297202,6.182537,206.575205,-146.710143,3.744355,2.675517,5.012579,5.329929,0.037049,0.012138
20.581216,383.950209,-201.616206,7.333183,6.178472,207.201608,-146.304286,3.586156,2.376813,5.015676,5.327195,0.036565,0.011185
20.585413,383.522939,-201.844442,7.173359,6.162544,206.625311,-148.056626,3.399063,3.470058,5.007568,5.334134,0.038669,0.013557
20.589610,382.920792,-202.521099,7.038143,6.223948,205.582602,-147.987681,3.947646,2.968840,5.010722,5.336310,0.037756,0.013167
20.593807,383.047535,-203.745653,7.131323,6.191590,205.142342,-148.803321,3.422237,3.177116,5.011926,5.339937,0.037847,0.012878
20.598003,381.902220,-204.878300,7.215019,5.978652,206.301142,-148.479101,3.218411,2.128798,5.023160,5.336228,0.035283,0.010046
20.602200,381.356367,-205.976970,7.009354,6.024049,204.360522,-150.256726,3.734714,2.806107,5.017378,5.346385,0.036499,0.012470
20.606397,380.470029,-207.524779,7.014319,6.168032,204.141097,-150.382729,3.224538,2.269360,5.025775,5.347298,0.036092,0.010432
20.610594,379.331986,-209.263439,7.044372,6.070275,203.178534,-151.588595,3.562399,2.192829,5.028801,5.353380,0.035647,0.010895
20.614791,378.060480,-211.298593,6.952146,6.133500,201.952311,-154.857615,3.810884,3.200770,5.022537,5.366557,0.037953,0.013515
20.618988,376.905148,-213.184981,6.969809,6.085626,201.146276,-156.017418,3.424231,3.413457,5.026857,5.372100,0.038181,0.013425
20.623184,375.408603,-215.660652,7.044666,6.240162,200.047557,-156.219885,3.364836,2.318426,5.039197,5.375383,0.036641,0.010881
20.627381,373.941179,-217.974000,6.874650,6.190195,198.814194,-158.736695,3.839923,2.718920,5.038561,5.386164,0.037234,0.012587
20.631578,372.122450,-220.118283,7.119790,6.137580,197.533191,-159.899699,3.666376,2.643356,5.044527,5.392885,0.037014,0.012155
20.635775,370.805673,-223.045620,6.903737,6.020573,195.789741,-162.420911,3.831046,2.793782,5.045849,5.404901,0.036623,0.012802
20.639972,368.031506,-226.102552,7.118332,6.136162,192.981083,-164.770423,4.018046,2.898101,5.049392,5.419095,0.037477,0.013459
20.644168,366.037006,-229.082771,6.794618,6.513290,192.663967,-166.611764,3.610449,2.943500,5.058234,5.425401,0.039138,0.012742
20.648365,363.812482,-232.169783,7.033758,6.129843,189.728930,-168.615731,3.540879,2.791595,5.062433,5.438936,0.037121,0.012388
20.652562,361.392033,-235.831514,7.115116,6.194782,188.476973,-170.372888,3.237519,2.384562,5.074277,5.447380,0.036762,0.011022
20.656759,358.700138,-239.791497,7.118400,6.091315,186.507592,-172.824745,3.314241,2.186435,5.083295,5.459727,0.036099,0.010875
20.660956,355.816112,-243.490217,7.140263,6.252407,183.702543,-175.813676,3.537672,2.735097,5.087027,5.475848,0.037788,0.012366
20.665153,352.956524,-247.539325,7.019046,6.105387,181.033973,-178.280698,3.684295,2.792515,5.095348,5.490125,0.037205,0.012839
20.669349,349.725718,-251.242685,7.013387,6.032228,179.347511,-180.395971,3.644485,2.530422,5.106459,5.500702,0.036633,0.012346
20.673546,346.118449,-255.696165,6.908509,6.231457,176.101432,-182.642951,3.681952,2.401066,5.118218,5.516020,0.037126,0.012341
20.677743,342.874710,-260.305002,7.088494,6.069433,173.484537,-185.884868,3.550692,2.808203,5.126344,5.532279,0.037312,0.012689
20.681940,339.225865,-264.915185,6.799150,6.352229,170.209861,-189.042402,3.554156,2.867347,5.134335,5.550161,0.038281,0.012834
20.686137,335.388478,-269.470556,6.938867,6.131127,167.393451,-191.028921,3.796472,2.424932,5.149231,5.563635,0.036932,0.012883
20.690334,330.407840,-274.488169,6.904168,6.039376,164.534555,-193.435648,3.633803,2.350626,5.166908,5.578348,0.036592,0.012441
20.694530,326.495546,-279.464217,6.954479,6.239604,161.060118,-196.681145,3.254357,2.543006,5.176353,5.597032,0.037496,0.011759
20.698727,322.131492,-284.942485,6.991723,6.345536,157.497078,-199.155181,3.286674,2.421145,5.192756,5.614063,0.037715,0.011750
20.702924,316.775843,-289.762894,7.297561,6.134792,153.708129,-202.506298,3.711169,2.718225,5.203716,5.633931,0.038203,0.013303
20.707121,311.578256,-295.652974,6.965371,6.296245,150.508208,-204.968969,3.682025,2.577874,5.225166,5.649810,0.038288,0.013123
20.711318,306.526774,-300.751300,6.949065,5.884174,146.757908,-208.288271,3.664979,2.821724,5.237022,5.669385,0.037291,0.013377
20.715514,300.541891,-306.365409,6.964923,6.068786,142.566383,-210.811378,3.709792,2.749513,5.256379,5.688561,0.037984,0.013507
20.719711,294.836658,-312.227113,6.924877,5.943465,139.156680,-212.885705,3.375124,2.481031,5.280362,5.704235,0.036984,0.012324
20.723908,288.764075,-317.994588,6.920271,6.232343,135.211886,-215.403677,3.338768,2.320664,5.301395,5.722637,0.037827,0.012131
20.728105,281.835447,-323.892886,6.962535,6.305811,130.874958,-218.452053,3.240584,2.741571,5.322085,5.743427,0.038827,0.012238
20.732302,275.301309,-329.550611,6.854568,6.217749,127.259682,-221.091713,3.317808,2.650948,5.344677,5.760903,0.038525,0.012407
20.736499,268.589383,-335.775873,6.879578,6.458531,122.373636,-223.139246,3.441657,2.319675,5.368784,5.781557,0.038916,0.012642
20.740695,261.197111,-341.369210,6.905149,6.436606,117.270117,-226.193515,3.143513,2.871444,5.387274,5.804887,0.039402,0.012120
20.744892,253.363014,-347.496596,6.871817,6.432490,113.391287,-228.835945,3.313609,2.954681,5.415574,5.823133,0.039857,0.012710
20.749089,245.614284,-353.680384,6.877682,6.333850,108.606530,-230.648480,3.488334,2.758908,5.444094,5.843108,0.039525,0.013210
20.753286,237.459188,-359.380692,6.757345,6.542479,104.259330,-232.899323,3.607174,2.737863,5.471921,5.862280,0.040106,0.013627
20.757483,228.550912,-365.388780,6.835701,6.369240,99.570378,-234.693249,3.579971,2.730792,5.504391,5.881944,0.039967,0.013587
20.761679,219.891969,-371.265898,6.714694,6.398405,94.631237,-236.945149,3.579291,2.670251,5.532675,5.903213,0.039760,0.013594
20.765876,211.185713,-376.816010,6.892540,6.462593,89.606495,-238.854372,3.271173,2.964671,5.560824,5.924282,0.040279,0.012681
20.770073,201.828429,-382.861169,6.525652,6.631519,84.696899,-240.790954,3.457353,2.937131,5.593705,5.944957,0.039819,0.013336
20.774270,191.965445,-387.835617,6.558331,6.607275,80.293375,-242.581973,3.650900,2.962731,5.627756,5.963541,0.040436,0.014045
20.778467,181.761493,-393.287404,6.834409,6.724366,74.976496,-244.591441,3.408721,3.254255,5.660386,5.985741,0.041411,0.013274
20.782664,171.163925,-398.401713,6.442755,6.724994,70.845354,-245.479572,3.367937,3.129264,5.702596,6.002220,0.039995,0.013112
20.786860,160.726083,-403.397539,6.407348,6.428963,65.216639,-246.868410,3.253109,3.076786,5.735321,6.024910,0.039102,0.012697
20.791057,149.818372,-408.249643,6.763116,6.503758,61.165966,-247.337888,3.583676,2.493817,5.779622,6.040752,0.040820,0.013855
20.795254,138.526726,-412.452767,6.519240,6.638085,55.148156,-249.656900,3.556225,3.119191,5.809852,6.065781,0.040497,0.013834
20.799451,126.745163,-416.886077,6.475980,6.626653,50.569243,-250.147937,3.450745,2.657335,5.854642,6.083716,0.039845,0.013413
20.803648,114.467875,-420.558515,6.423273,6.541013,45.190147,-251.645753,3.522879,3.218359,5.893969,6.105501,0.040099,0.013743
20.807845,103.107440,-424.399950,6.342307,6.707948,40.385543,-251.782539,3.852962,2.791394,5.934660,6.124142,0.040308,0.015019
20.812041,90.657733,-427.632926,6.209750,6.683177,35.332536,-252.060299,3.503027,2.649841,5.977922,6.143918,0.038760,0.013706
20.816238,78.251328,-430.373815,6.228920,6.760438,30.941600,-253.807346,3.494153,2.717731,6.021392,6.161874,0.039125,0.013626
20.820435,65.787158,-432.931809,6.019016,6.745137,25.817156,-253.471462,3.304707,2.570923,6.064039,6.181681,0.037440,0.012944
20.824632,52.841075,-434.825768,5.998770,6.960301,21.545541,-254.044311,3.343336,2.770917,6.111772,6.198578,0.037535,0.013099
20.828829,39.744864,-436.468375,6.124770,6.802796,16.497248,-254.414312,3.848501,2.587720,6.156176,6.218432,0.039417,0.015078
20.833025,26.839841,-437.456815,6.122110,6.954440,11.522696,-254.440412,3.359369,2.738822,6.199687,6.237930,0.038043,0.013185
20.837222,13.812071,-438.786016,6.202665,6.674603,7.420697,-253.669878,3.221484,2.053936,6.248673,6.253940,0.037734,0.012691
20.841419,0.918976,-439.061076,5.935464,6.607812,1.069657,-254.984922,3.115295,2.955789,6.284004,6.278990,0.036416,0.012217
20.845616,-12.265287,-438.071766,5.794510,6.979676,-3.437135,-254.348198,3.819607,2.574518,6.331200,6.296698,0.037738,0.015015
20.849813,-25.096796,-437.651794,6.171357,6.665225,-8.904397,-254.297934,3.246354,2.550008,6.371269,6.318187,0.037890,0.012755
20.854010,-37.899950,-436.871642,6.307096,6.582281,-12.645786,-254.577413,3.448049,2.790726,6.420844,6.332818,0.039054,0.013522
20.858206,-50.991856,-435.367844,6.291979,6.624053,-17.961702,-253.950982,3.482527,2.529661,6.463280,6.353797,0.038982,0.013663
20.862403,-63.653775,-433.325704,6.188600,6.647952,-22.311449,-253.585036,3.741814,2.705353,6.509264,6.370943,0.039196,0.014672
20.866600,-75.927922,-431.003119,6.109364,6.407520,-27.877722,-252.588377,3.652689,2.668753,6.546261,6.393109,0.038459,0.014333
20.870797,-88.330054,-428.385733,6.279905,6.644366,-32.531378,-252.165289,3.570745,2.727021,6.589839,6.411485,0.039062,0.013996
20.874994,-100.253710,-425.418023,6.190716,6.487990,-36.612220,-251.425993,3.694368,2.544939,6.633842,6.427787,0.038762,0.014461
20.879191,-112.514141,-421.784566,6.129826,6.627108,-42.189857,-250.672210,3.648389,2.695789,6.673124,6.449929,0.038575,0.014263
20.883387,-123.563763,-418.147344,6.101436,6.531470,-47.178098,-249.527338,3.258958,2.612050,6.708535,6.470049,0.037476,0.012754
20.887584,-135.372567,-413.615908,6.329849,6.425165,-52.257646,-248.654898,3.556665,2.752407,6.749905,6.490332,0.039015,0.013879
20.891781,-146.891792,-409.953400,6.438801,6.374868,-56.624121,-247.010457,3.451541,2.710107,6.789082,6.508530,0.038751,0.013489
20.895978,-157.265499,-405.314476,6.391027,6.618649,-61.164870,-246.094233,3.994144,2.808574,6.826226,6.526792,0.040035,0.015518
20.900175,-167.419223,-400.303972,6.386403,6.331866,-66.295821,-244.607388,3.381737,2.640224,6.859202,6.547856,0.038350,0.013164
20.904371,-178.509850,-395.806380,6.476897,6.487281,-70.398657,-243.471946,3.564636,2.916117,6.900389,6.564654,0.039081,0.013884
20.908568,-187.563759,-390.096013,6.311076,6.593963,-75.051960,-242.280906,3.619371,2.839628,6.933794,6.583583,0.038976,0.014028
20.912765,-197.528777,-384.478520,6.244409,6.595076,-80.302601,-240.612392,3.366091,2.561498,6.966903,6.605304,0.038185,0.012987
20.916962,-206.602183,-380.056664,6.562600,6.441501,-84.656080,-238.946161,3.558505,2.636317,6.995859,6.623676,0.038893,0.013680
20.921159,-215.661663,-374.544355,6.200057,6.436899,-90.227713,-237.182226,3.405473,2.335763,7.023225,6.646695,0.037480,0.012963
20.925356,-224.296485,-369.067231,6.487543,6.314121,-93.904701,-234.912836,3.413511,2.929994,7.054362,6.663470,0.038237,0.013246
20.929552,-232.578935,-363.533017,6.494097,6.299410,-98.093903,-233.297977,3.483755,2.700807,7.084637,6.681209,0.037969,0.013346
20.933749,-240.676813,-358.098997,6.461346,6.493000,-103.147980,-230.835752,3.678486,2.937706,7.107333,6.703413,0.038802,0.014104
20.937946,-248.855331,-352.516764,6.542037,6.353147,-108.775170,-229.879158,3.162513,2.167723,7.134879,6.725151,0.037375,0.011817
20.942143,-255.921442,-346.694014,6.780580,6.287989,-111.637205,-226.470997,3.257751,3.066370,7.159300,6.741171,0.038424,0.012758
20.946340,-263.261562,-340.936669,6.577686,6.460957,-115.476465,-224.247377,3.722571,2.941219,7.185622,6.758722,0.038655,0.014165
20.950536,-270.123229,-335.533950,6.766975,6.377707,-119.906397,-223.096841,3.454766,2.457822,7.211442,6.776353,0.037937,0.012863
20.954733,-276.821036,-330.182347,6.571223,6.608620,-123.545565,-220.088165,3.742193,2.792872,7.231095,6.794698,0.038729,0.014018
20.958930,-283.217708,-324.823131,6.569238,6.422296,-127.498242,-217.961070,3.637921,2.461402,7.252545,6.812472,0.037520,0.013374
20.963127,-289.250833,-319.199141,6.750991,6.346698,-131.761287,-215.895585,3.676516,2.578724,7.273443,6.831145,0.037763,0.013497
20.967324,-294.896301,-313.877050,6.848791,6.377651,-136.265971,-213.496462,3.508706,2.901941,7.289796,6.851262,0.038410,0.013205
20.971521,-300.368223,-308.851372,6.952771,6.405723,-139.541892,-211.355099,3.721500,3.153561,7.309001,6.866715,0.039070,0.014051
20.975717,-306.132705,-303.562724,6.863998,6.400777,-142.854786,-208.405533,3.323226,2.691276,7.326311,6.884090,0.037690,0.012408
20.979914,-311.118290,-298.910947,6.941029,6.270653,-146.248781,-206.604040,4.199430,2.755999,7.343586,6.899174,0.037953,0.014931
20.984111,-315.936300,-294.012021,7.030662,6.291079,-149.438259,-203.939395,3.700867,2.807097,7.358088,6.915560,0.037727,0.013508
20.988308,-320.391704,-289.269061,6.927867,6.415380,-153.185657,-201.355553,3.677330,2.865451,7.369924,6.933545,0.038172,0.013448
20.992505,-324.833857,-285.081894,7.102969,6.486755,-155.684423,-199.510409,3.641400,3.008138,7.385631,6.945818,0.038654,0.013497
20.996702,-328.665129,-280.442919,6.929539,6.315113,-158.963211,-197.502956,3.849467,3.288514,7.399383,6.960886,0.038556,0.014354
21.000898,-332.830558,-275.921519,7.143907,6.373601,-161.440108,-194.239558,3.617856,2.864221,7.409242,6.976627,0.037856,0.013187
21.005095,-336.342278,-271.841133,7.008222,6.435967,-163.641689,-191.863091,3.656627,2.815348,7.420285,6.989366,0.037768,0.013199
21.009292,-340.140977,-267.505671,6.924240,6.320671,-167.590529,-191.230291,4.130825,3.425229,7.437761,7.002797,0.038901,0.015103
21.013489,-343.489897,-263.639757,7.232326,6.279883,-169.341240,-187.788886,3.620992,2.730643,7.443207,7.016974,0.037169,0.012860
21.017686,-346.284949,-259.912339,7.237761,6.350292,-171.387839,-185.530834,3.561978,3.107159,7.451868,7.028979,0.038048,0.013304
21.021882,-349.061527,-256.334746,7.237346,6.307896,-174.174830,-184.456188,3.813297,3.550964,7.464028,7.039923,0.039043,0.014553
21.026079,-351.809966,-252.929625,7.248509,6.390702,-176.137118,-182.125154,3.654974,3.394423,7.470851,7.051871,0.038889,0.013938
21.030276,-354.458893,-249.773423,7.227556,6.503392,-178.119465,-179.681563,4.152886,2.984486,7.475647,7.064218,0.038616,0.014313
21.034473,-357.224767,-246.411505,7.150443,6.384876,-180.505564,-178.452247,4.068509,3.445262,7.486855,7.074304,0.039018,0.014838
21.038670,-359.358061,-243.699895,7.147505,6.496616,-182.160933,-176.614439,3.569661,3.301513,7.492065,7.084042,0.038946,0.013535
21.042867,-361.166890,-240.878642,7.057736,6.466829,-183.950919,-175.242681,3.758685,2.907157,7.499274,7.092823,0.038129,0.013144
21.047063,-363.540600,-238.373431,7.418834,6.494316,-185.173182,-173.098266,4.022860,2.978645,7.503161,7.102274,0.038485,0.013826
21.051260,-364.735831,-235.989808,7.008171,6.594582,-186.730326,-171.150228,4.296562,2.656650,7.504663,7.112090,0.038261,0.013825
21.055457,-366.192582,-234.035186,7.245230,6.284394,-188.076090,-169.201204,3.811621,2.606274,7.504892,7.121364,0.036821,0.012657
21.059654,-367.807666,-231.961729,7.332773,6.547676,-188.365394,-168.312484,3.906664,2.804982,7.513121,7.124746,0.038159,0.013219
21.063851,-369.287768,-230.126406,7.277174,6.629569,-190.115822,-168.324873,3.803561,3.565961,7.521832,7.129302,0.040117,0.014462
21.068048,-370.352369,-228.305735,7.254609,6.429835,-191.232206,-166.933101,4.252419,3.318899,7.523884,7.136323,0.038913,0.014778
21.072244,-371.462517,-227.091220,7.293810,6.276394,-191.671250,-165.092265,4.080770,2.637768,7.521912,7.142946,0.036750,0.013163
21.076441,-371.978735,-226.108140,7.366827,6.505523,-191.738768,-164.499204,3.662105,2.718515,7.524616,7.144899,0.037709,0.012482
21.080638,-372.730802,-225.076787,7.571960,6.307884,-192.861293,-163.319365,4.276051,2.696837,7.523247,7.151335,0.037209,0.013634
21.084835,-373.581269,-223.861055,7.391816,6.418419,-193.630563,-164.689070,3.765699,3.743604,7.536296,7.149179,0.039694,0.014764
21.089032,-373.685018,-223.634078,7.417861,6.503513,-194.373539,-162.862355,3.778157,2.781972,7.527214,7.156564,0.038095,0.012739
21.093228,-374.034876,-222.989446,7.325092,6.741934,-193.969435,-163.232964,4.279766,3.069231,7.533558,7.154420,0.039644,0.014282
21.097425,-374.210115,-222.978177,7.295742,6.748981,-194.573103,-163.096245,3.959261,3.129811,7.532216,7.156363,0.039766,0.013770
21.101622,-374.299003,-222.871540,7.380474,6.662182,-194.621374,-163.258332,3.940194,3.159335,7.533631,7.155996,0.039500,0.013790
21.105819,-374.098990,-222.761083,7.411206,6.613803,-194.573103,-163.096245,3.959261,3.129811,7.533119,7.156363,0.039285,0.013770
21.110016,-374.098990,-222.761083,7.411206,6.613803,-194.165060,-162.712859,3.880091,2.835603,7.531880,7.156488,0.038598,0.013053
21.114213,-374.114674,-222.959196,7.365383,6.731213,-193.428189,-163.073717,4.242529,2.608565,7.533942,7.153524,0.038643,0.013378
21.118409,-373.216608,-223.762381,7.213591,6.607786,-193.244329,-164.389116,4.033686,3.279054,7.535322,7.149093,0.039409,0.014249
21.122606,-372.674316,-224.915387,7.114823,6.687732,-192.800221,-165.462993,4.112206,3.410868,7.534763,7.144741,0.040013,0.014660
21.126803,-371.980683,-225.983820,7.262733,6.559199,-192.064857,-164.857056,3.875283,2.744217,7.526465,7.144665,0.038072,0.012927
21.131000,-371.064397,-227.035181,7.240026,6.484950,-191.055065,-165.740583,4.178976,2.555826,7.525788,7.139414,0.037481,0.013247
21.135197,-369.662224,-228.270112,7.243530,6.671563,-190.155538,-166.958380,3.868921,2.611662,7.524848,7.133450,0.038384,0.012724
21.139393,-368.190597,-229.881282,7.140843,6.633700,-189.812254,-167.408523,3.734884,2.535295,7.517105,7.131218,0.038160,0.012318
21.143590,-367.196523,-231.686647,7.243537,6.466385,-187.736871,-168.975190,3.918403,2.607877,7.517800,7.121131,0.037458,0.012907
21.147787,-365.785622,-233.732767,7.173889,6.521189,-188.021028,-170.779783,3.798863,2.663843,7.513626,7.116599,0.038030,0.012704
21.151984,-364.420835,-235.872620,6.931905,6.585160,-185.721801,-172.304999,3.652246,2.867020,7.512216,7.106040,0.038269,0.012844
21.156181,-362.342542,-238.223270,7.001611,6.471175,-184.323092,-174.081020,4.150001,2.993437,7.508151,7.097153,0.038331,0.014142
21.160378,-360.674790,-240.827706,7.079129,6.487202,-182.604912,-175.030301,4.285671,2.619321,7.500039,7.089760,0.037726,0.013905
21.164574,-358.459094,-243.327806,6.919975,6.657794,-181.115351,-177.114461,4.065016,2.626385,7.496648,7.079752,0.038399,0.013447
21.168771,-356.323085,-246.169204,6.863206,6.533501,-179.217717,-178.897970,4.041482,2.722499,7.490977,7.069476,0.037983,0.013603
21.172968,-353.985842,-249.365999,6.912114,6.657957,-177.581619,-181.637316,4.037168,3.244495,7.487396,7.057294,0.039617,0.014452
21.177165,-351.236237,-252.762704,6.997649,6.424246,-175.164535,-182.626799,4.066832,2.634993,7.474910,7.047730,0.037526,0.013656
21.181362,-348.466190,-256.173496,6.964567,6.414965,-172.558531,-184.899572,4.231401,2.739845,7.469019,7.034073,0.037686,0.014291
21.185559,-345.579036,-259.441464,6.974186,6.505965,-170.746279,-187.088759,4.139385,2.691319,7.461602,7.022945,0.038089,0.014036
21.189755,-342.281677,-263.182207,6.929317,6.667388,-168.021710,-189.058380,3.991451,2.551785,7.451803,7.009738,0.038427,0.013567
21.193952,-338.606869,-266.959550,6.778804,6.667614,-165.682660,-191.913474,4.076279,3.060049,7.444527,6.995361,0.039416,0.014502
21.198149,-334.990609,-271.054706,6.817706,6.604582,-163.334014,-194.604487,3.978563,3.091027,7.434987,6.981442,0.039354,0.014320
21.202346,-331.387904,-275.245979,7.106741,6.384954,-159.742823,-196.118214,3.836691,2.896384,7.422021,6.966719,0.038143,0.013806
21.206543,-327.749901,-279.826723,7.093789,6.456423,-157.108314,-198.368667,4.155000,2.640670,7.408607,6.953030,0.038199,0.014410
21.210739,-323.752043,-284.405473,6.759367,6.648209,-154.253866,-200.998633,3.531896,2.472442,7.396689,6.937753,0.038115,0.012553
21.214936,-318.873403,-288.628649,6.731877,6.553657,-151.295400,-202.927018,3.684551,2.546248,7.381245,6.923842,0.038088,0.013128
21.219133,-314.428081,-293.573185,6.759754,6.273750,-148.262451,-205.788189,3.496690,2.626913,7.367953,6.907512,0.037174,0.012719
21.223330,-309.814370,-298.602249,6.787968,6.389127,-144.650466,-207.896228,3.271423,2.535490,7.351762,6.891075,0.037322,0.012046
21.227527,-304.314666,-303.539903,6.828178,6.400327,-141.803990,-210.406886,3.483451,2.597961,7.333585,6.876214,0.037919,0.012742
21.231724,-299.274741,-308.439907,6.507358,6.402231,-137.519816,-212.511120,3.219347,2.273924,7.318688,6.857532,0.036788,0.011740
21.235920,-293.461870,-313.929426,6.887499,6.269581,-133.357235,-214.635234,3.641614,2.769627,7.298854,6.839134,0.037828,0.013539
21.240117,-287.637158,-319.256532,6.720535,6.346593,-130.222215,-217.611505,3.498312,2.522003,7.280625,6.822439,0.037664,0.012892
21.244314,-281.430581,-324.749153,6.379943,6.353656,-126.072775,-219.761300,3.496833,2.618623,7.259696,6.804027,0.037338,0.013030
21.248511,-274.937050,-329.904048,6.524103,6.555807,-122.322997,-221.267803,3.176321,2.835449,7.235356,6.788197,0.038334,0.012261
21.252708,-268.633944,-335.530911,6.575749,6.434080,-118.138766,-223.434215,3.212425,2.762722,7.213783,6.769560,0.037924,0.012343
21.256905,-261.952162,-341.014729,6.453873,6.552086,-113.717219,-226.226846,3.444986,2.677533,7.195069,6.748966,0.038233,0.013051
21.261101,-254.800223,-346.601831,6.448928,6.453437,-109.788313,-228.074304,3.464997,2.644603,7.168742,6.731819,0.037990,0.013140
21.265298,-247.082032,-352.290489,6.328740,6.552234,-105.460184,-230.217976,3.548469,2.700507,7.142584,6.712745,0.038291,0.013492
21.269495,-239.584130,-357.711021,6.170750,6.315729,-100.922807,-231.830071,3.002570,2.643948,7.116857,6.693774,0.036597,0.011661
21.273692,-231.133732,-364.026977,6.222511,6.389393,-97.062545,-234.570123,3.098360,2.160900,7.086092,6.675522,0.036729,0.011738
21.277889,-222.782426,-369.338248,6.357429,6.345573,-92.721623,-235.987902,3.022700,2.795913,7.056096,6.657563,0.037516,0.011806
21.282085,-214.312791,-374.617108,6.471907,6.518564,-88.459744,-237.826863,3.104777,3.640889,7.026965,6.639279,0.039336,0.012512
21.286282,-205.224188,-380.162134,6.302429,6.406189,-83.511000,-239.703202,3.289197,2.589010,6.997203,6.618428,0.037794,0.012688
21.290479,-195.653219,-385.428421,6.164807,6.455968,-77.591374,-240.824998,3.812053,3.078874,6.967878,6.594873,0.038623,0.014818
21.294676,-186.230785,-390.764355,6.100336,6.399715,-74.129139,-242.528272,3.546592,2.865830,6.930666,6.579819,0.037881,0.013776
21.298873,-176.592020,-395.650683,5.886500,6.847479,-69.774255,-244.248397,3.288086,3.041720,6.897608,6.561443,0.037783,0.012874
21.303070,-165.966297,-400.662339,6.222287,6.495081,-64.814806,-244.391289,3.155496,3.147989,6.857648,6.542426,0.037866,0.012478
21.307266,-155.606553,-405.536329,6.293837,6.595746,-60.241491,-246.742192,3.670285,2.545325,6.824015,6.522648,0.039028,0.014238
21.311463,-145.147143,-410.076090,6.316713,6.531063,-55.825680,-247.384041,3.705021,2.838085,6.785277,6.505132,0.039207,0.014462
21.315660,-133.824642,-413.834003,6.347926,6.525683,-50.318805,-247.897254,3.556116,3.117829,6.749421,6.483447,0.039121,0.013994
21.319857,-122.629391,-418.179596,6.311073,6.675267,-46.515491,-249.816482,3.610798,2.947477,6.707769,6.467276,0.039376,0.014130
21.324054,-111.182955,-421.860951,6.303209,6.613779,-40.630078,-249.642460,3.935445,3.082545,6.672001,6.444524,0.039825,0.015482
21.328250,-99.026340,-425.608692,6.252846,6.556855,-36.864945,-251.576007,3.125772,2.214680,6.626244,6.428686,0.037785,0.012229
21.332447,-87.277145,-428.761282,6.021747,6.716821,-32.086604,-251.676237,3.655982,3.154327,6.585306,6.409993,0.038163,0.014380
21.336644,-75.104062,-431.364956,6.008390,6.736527,-27.798080,-252.998957,3.448893,3.043165,6.542435,6.392621,0.037713,0.013533
21.340841,-62.834410,-433.568838,5.952821,6.757811,-22.838597,-253.658072,3.229542,3.153262,6.501937,6.372980,0.036930,0.012678
21.345038,-49.971127,-435.563923,6.240761,6.779549,-18.358473,-253.328886,3.463611,2.775547,6.454948,6.355528,0.038620,0.013624
21.349235,-37.132850,-437.127402,5.806983,6.634118,-13.548235,-253.808620,3.656219,2.630745,6.411136,6.336514,0.037151,0.014375
21.353431,-24.741298,-437.891380,5.751472,7.022982,-8.162674,-254.131514,3.707874,2.607356,6.373161,6.315294,0.037118,0.014579
21.357628,-11.578043,-438.520215,5.929951,6.912326,-3.308380,-254.040857,3.475536,2.495228,6.327982,6.296208,0.037226,0.013679
21.361825,1.007916,-439.068415,6.020806,7.028824,1.675970,-254.341648,3.257252,2.513970,6.286802,6.276596,0.037057,0.012806
21.366022,13.843239,-438.341313,5.717815,6.964056,5.975783,-254.335118,3.641861,2.799277,6.240455,6.259694,0.036816,0.014314
21.370219,26.835320,-437.692083,6.128559,6.813902,10.784150,-255.147421,3.798997,3.141354,6.195481,6.240944,0.039361,0.014872
21.374416,39.405575,-436.572458,6.162976,6.662100,15.406614,-254.118454,3.253215,2.617390,6.152402,6.222632,0.037887,0.012770
21.378612,52.480009,-435.246067,5.986679,6.984193,20.565341,-254.309753,3.517289,2.565866,6.108595,6.202494,0.037876,0.013765
21.382809,64.594583,-432.868810,6.184265,7.022640,25.431470,-253.625281,3.396090,2.866116,6.068075,6.183248,0.038591,0.013304
21.387006,77.555331,-430.429394,6.020073,6.650295,30.725543,-253.411726,3.860611,2.815107,6.024561,6.162527,0.039082,0.015072
21.391203,89.320232,-427.556590,6.242654,6.944335,34.497939,-252.347881,3.870323,2.573275,5.979939,6.147320,0.040039,0.015118
21.395400,101.246933,-424.455943,6.264181,6.521014,40.032280,-252.171328,3.627945,2.851420,5.941787,6.125749,0.039518,0.014142
21.399596,113.260193,-420.981500,6.447650,6.724373,44.903890,-251.137187,3.489529,2.590666,5.900556,6.106253,0.039949,0.013583
21.403793,125.139719,-417.153665,6.355480,6.713845,49.951855,-249.735359,3.223878,2.513551,5.861079,6.085771,0.038869,0.012563
21.407990,136.318169,-413.124780,6.392260,6.734204,54.708770,-248.605118,3.512154,2.282728,5.822706,6.066575,0.039520,0.013612
21.412187,147.555265,-408.237680,6.244302,6.630433,59.761029,-247.612074,3.219082,2.513491,5.782974,6.046365,0.038461,0.012501
21.416384,158.397706,-403.887532,6.459246,6.636808,64.313705,-246.669596,3.476862,2.611775,5.743921,6.028135,0.039747,0.013449
21.420581,168.441773,-399.084702,6.582797,6.585074,68.822988,-245.337965,3.680680,2.660968,5.708259,6.009692,0.040473,0.014191
21.424777,178.990144,-393.609979,6.391976,6.605682,73.791745,-244.198588,3.098587,2.892958,5.669723,5.989730,0.039071,0.012081
21.428974,188.743767,-388.778942,6.552110,6.595534,78.827298,-242.311060,3.372434,2.297894,5.639398,5.968669,0.039497,0.012891
21.433171,198.616083,-383.064692,6.728667,6.420610,83.432366,-240.777316,3.150390,2.617695,5.602670,5.949621,0.039534,0.012156
21.437368,207.992018,-377.957685,6.820353,6.382598,88.343360,-238.971286,3.574771,2.621870,5.572417,5.929085,0.040189,0.013636
21.441565,216.464186,-372.176563,6.801666,6.506339,93.404500,-237.465166,3.243947,2.884433,5.542958,5.908434,0.040273,0.012533
21.445762,225.492459,-366.681625,6.926547,6.208868,97.711066,-234.897636,3.198953,2.670420,5.513206,5.888985,0.039337,0.012290
21.449958,234.019373,-361.135895,6.847429,6.425527,102.379348,-233.118182,3.470674,2.656740,5.483838,5.869371,0.039830,0.013167
21.454155,242.008366,-355.345015,6.699384,6.330244,106.681347,-231.762412,3.715764,3.012084,5.452457,5.851795,0.039906,0.014121
21.458352,249.969476,-349.425847,6.649358,6.515036,110.706993,-229.023777,3.705624,2.417945,5.425281,5.832917,0.039329,0.013752
21.462549,257.293448,-343.805970,6.817836,6.351353,116.075318,-226.466477,3.528021,2.619084,5.405695,5.809548,0.039271,0.013200
21.466746,265.011512,-338.035492,6.810300,6.276604,119.945306,-224.321124,3.615519,2.681879,5.377223,5.792162,0.038927,0.013484
21.470942,271.420226,-332.234907,6.762368,6.228330,124.025546,-222.320463,3.660995,2.741129,5.353142,5.774321,0.038799,0.013610
21.475139,278.629342,-326.491797,6.807120,6.260851,128.348850,-219.248701,3.867845,2.508366,5.332197,5.753568,0.038614,0.014054
21.479336,284.803511,-320.893504,7.013643,5.985273,133.243243,-216.514042,3.306961,2.369362,5.315490,5.731517,0.037432,0.012107
21.483533,290.991935,-315.655675,6.848405,6.281344,136.385240,-214.872186,3.550370,3.054486,5.290078,5.717622,0.039066,0.013420
21.487730,296.560653,-309.569750,6.946126,6.097732,140.908376,-211.332544,3.481630,2.290879,5.275386,5.695117,0.037460,0.012454
21.491927,302.344085,-304.275865,6.905858,5.984940,144.778856,-208.595500,3.203297,2.321378,5.258117,5.676454,0.036680,0.011601
21.496123,308.277561,-299.644164,6.857885,6.204465,148.431218,-206.815271,3.649426,2.851539,5.238525,5.660679,0.038287,0.013353
21.500320,312.717571,-294.156446,6.989481,6.076282,151.576350,-204.077619,3.708850,2.561717,5.222120,5.644348,0.037543,0.013164
21.504517,317.793461,-289.241755,6.895272,6.160718,155.712093,-200.876645,3.194161,2.424883,5.211532,5.623774,0.037146,0.011525
21.508714,322.113699,-284.269078,6.725542,5.934727,159.208101,-198.196561,3.118760,2.531674,5.198465,5.606445,0.036222,0.011418
21.512911,326.405161,-279.358791,6.777441,6.231909,162.124531,-195.436570,3.676100,2.251711,5.184676,5.590684,0.037212,0.012498
21.517107,330.905427,-274.505357,7.075712,6.019858,166.069816,-192.794569,3.376724,2.378078,5.172599,5.572120,0.036767,0.011760
21.521304,335.296218,-269.529357,6.823687,6.047249,167.934507,-190.891806,3.672347,2.909527,5.151640,5.561679,0.037369,0.013219
21.525501,339.122084,-265.088096,6.752217,6.038407,172.057462,-187.718057,3.601851,2.456047,5.146095,5.541288,0.036570,0.012296
21.529698,342.853370,-260.750018,7.233859,6.037324,173.681295,-185.705453,3.491532,2.978170,5.129907,5.531232,0.037621,0.012829
21.533895,345.699421,-256.863092,6.974698,5.976571,176.777649,-182.970722,3.588415,2.825445,5.124745,5.515000,0.037010,0.012745
21.538092,349.025159,-252.721189,7.089854,6.031068,179.594914,-180.512154,3.299277,2.959906,5.115265,5.500334,0.037459,0.012312
21.542288,351.836368,-249.128775,6.939342,5.737945,182.357106,-176.985417,3.203648,2.224569,5.114833,5.482840,0.034773,0.010796
21.546485,354.860709,-244.853734,7.150667,6.004901,184.718235,-174.730136,3.215606,2.622729,5.103322,5.470007,0.036706,0.011475
21.550682,357.703367,-241.713360,7.044410,6.039255,186.544875,-172.543050,3.219631,2.537990,5.096451,5.458814,0.036463,0.011304
21.554879,360.373720,-238.298461,7.209640,6.038781,188.510276,-169.961663,3.161248,2.394928,5.090844,5.446090,0.036230,0.010893
21.559076,363.138109,-235.072145,7.026766,6.020625,190.353985,-168.056314,3.238442,2.616050,5.082385,5.435655,0.036311,0.011441
21.563273,364.669292,-232.285633,7.084770,6.126664,192.709491,-166.108026,3.159117,2.585906,5.079761,5.423786,0.036922,0.011180
21.567469,366.648372,-228.745574,7.125727,6.054806,194.319142,-163.713954,3.105002,2.355026,5.073235,5.412513,0.036207,0.010594
21.571666,368.544672,-226.225605,7.139121,6.098300,195.573674,-162.248515,3.536491,2.561162,5.066656,5.404922,0.036825,0.011795
21.575863,370.476662,-223.981023,7.009715,6.108006,196.536627,-160.847841,3.602340,2.743254,5.060562,5.398256,0.036988,0.012271
21.580060,371.940183,-221.547391,6.888844,6.045573,198.379633,-159.826830,3.753150,3.303829,5.054056,5.390573,0.038018,0.013690
21.584257,373.289339,-219.182385,6.859792,5.974715,198.705706,-158.069347,3.452855,3.026338,5.049109,5.384377,0.036825,0.012597
21.588453,374.689427,-216.972202,7.115215,5.815411,199.438521,-155.749204,3.208505,3.036544,5.048480,5.375398,0.036130,0.012262
21.592650,375.802845,-215.638634,7.007943,5.980035,202.103295,-154.336133,3.231268,2.547349,5.051665,5.364569,0.036079,0.011084
21.596847,376.873930,-213.627395,7.007757,6.104124,202.139668,-152.532239,3.142941,2.239170,5.048748,5.358820,0.035873,0.010281
21.601044,377.718752,-212.258784,7.051070,6.276294,202.673662,-152.246784,3.676279,2.388512,5.042669,5.356652,0.037050,0.011517
21.605241,378.622437,-211.223247,7.030871,6.229389,203.285798,-150.810592,3.712608,2.178354,5.044202,5.350663,0.036427,0.011142
21.609438,379.249955,-210.324843,7.072132,6.353275,204.677081,-150.527593,3.562041,2.326255,5.042398,5.346506,0.037370,0.011109
21.613634,379.594113,-209.309291,7.266021,6.175393,204.982217,-150.152815,3.566263,2.275952,5.039041,5.344606,0.036628,0.011000
21.617831,379.943406,-208.676714,7.316992,6.225974,204.547741,-150.502804,3.702388,2.966947,5.032644,5.346729,0.038079,0.012775
21.622028,380.466739,-208.038437,7.206172,6.157435,204.838083,-150.847130,3.714795,3.230268,5.027198,5.347143,0.038289,0.013399
21.626225,380.864551,-207.735371,6.993505,6.191542,205.516144,-150.670138,3.041125,3.397186,5.027018,5.345006,0.038602,0.012860
21.630422,380.964428,-207.696614,7.060973,6.184066,205.936393,-151.095628,3.164977,3.504309,5.025157,5.345377,0.038977,0.013270
21.634619,380.964428,-207.696614,7.060973,6.184066,205.355489,-150.898049,3.563650,3.464865,5.025207,5.346100,0.038850,0.013734
21.638815,380.964428,-207.696614,7.060973,6.184066,205.096844,-150.684961,3.306205,3.470483,5.025873,5.346027,0.038736,0.013414
21.643012,380.957824,-207.780995,7.047901,6.192210,205.548131,-149.779859,3.519623,2.396747,5.031732,5.342108,0.036655,0.011155
21.647209,380.396104,-208.198325,7.085360,6.199633,203.993619,-150.996697,3.940214,2.759871,5.025958,5.349590,0.037330,0.012716
21.651406,380.075029,-209.436534,7.045934,6.179004,204.690373,-152.377863,3.356831,3.218640,5.026923,5.352316,0.038234,0.012809
21.655603,378.901164,-210.385780,7.008836,6.191845,202.627933,-151.528770,3.235203,2.335859,5.034646,5.354492,0.036249,0.010644
21.659799,378.407640,-211.783110,7.038135,6.166278,203.282946,-152.421496,3.451355,2.019420,5.039202,5.355762,0.035911,0.010336
21.663996,377.235955,-213.227992,7.011954,6.124878,202.273339,-153.066297,3.172705,2.154707,5.043579,5.360183,0.035837,0.010141
21.668193,376.107746,-214.547943,7.294897,5.962032,201.709281,-154.585996,3.512491,2.090124,5.043549,5.366291,0.035402,0.010644
21.672390,375.268516,-216.207027,7.016667,6.109256,199.278005,-156.877562,3.616569,3.100921,5.037541,5.379294,0.037501,0.013042
21.676587,373.867492,-217.960711,7.052347,6.158312,199.365354,-157.653393,3.554515,2.508593,5.045135,5.381480,0.036797,0.011627
21.680784,372.891536,-219.822149,7.251928,6.006560,197.492493,-160.450860,3.169496,3.319183,5.038776,5.394670,0.037684,0.012814
21.684980,371.331264,-222.084472,7.086710,6.172660,196.452546,-160.603668,3.218411,2.128798,5.050455,5.397721,0.036030,0.010326
21.689177,369.323093,-224.676349,7.055828,6.025930,194.580810,-161.931860,3.210741,2.208200,5.057120,5.406463,0.035461,0.010525
21.693374,367.536547,-227.295662,6.972891,5.973549,192.720124,-164.992745,3.623170,2.824109,5.054746,5.420429,0.036425,0.012561
21.697571,365.485419,-230.267493,7.077192,6.085746,191.742997,-166.495529,3.537831,2.328856,5.064171,5.427427,0.036186,0.011462
21.701768,363.448724,-233.052292,7.107638,5.957637,189.888563,-168.405663,3.521788,2.272067,5.068943,5.437900,0.035557,0.011385
21.705964,360.809129,-236.048656,7.147299,6.087915,187.217135,-170.900018,3.856280,2.400355,5.071420,5.452255,0.036452,0.012414
21.710161,358.273572,-239.702712,6.833399,6.164687,186.439107,-172.752061,3.051874,2.017282,5.083918,5.459700,0.035932,0.010025
21.714358,355.661563,-243.093097,7.070447,6.108387,183.476944,-174.919530,3.825334,2.169975,5.089384,5.473915,0.036257,0.012117
21.718555,353.071577,-246.478345,7.179888,6.167646,182.272111,-177.991802,3.474498,2.507660,5.093737,5.485907,0.037256,0.011848
21.722752,349.980721,-250.271902,6.954987,6.057313,179.368699,-180.487909,3.732723,2.575094,5.100648,5.500897,0.036811,0.012616
21.726949,346.654630,-254.493361,7.035947,6.094624,176.777459,-182.617040,3.257460,2.250615,5.112656,5.514034,0.036338,0.011078
21.731145,343.522834,-258.508073,6.876964,6.068791,174.341521,-184.931888,3.309661,2.118810,5.122611,5.527256,0.035960,0.011067
21.735342,339.851364,-262.990082,6.972379,6.077185,170.791310,-188.319571,3.283266,2.673093,5.128303,5.546559,0.036927,0.011891
21.739539,336.084164,-267.357736,7.057494,6.322229,167.942312,-190.616614,3.485873,2.406611,5.140558,5.560940,0.037701,0.012051
21.743736,331.896279,-272.134315,6.969083,6.212019,165.053280,-193.083592,3.244960,2.301558,5.154860,5.575895,0.037005,0.011356
21.747933,327.913435,-277.151158,6.925684,6.189555,161.871217,-197.193850,3.374601,3.338500,5.161166,5.595846,0.038872,0.013171
21.752130,323.808445,-281.589187,6.985134,6.057571,158.870615,-198.922869,3.241143,2.429878,5.176994,5.609265,0.036742,0.011595
21.756326,318.374711,-286.964804,6.930799,6.205559,155.491056,-202.609533,3.092547,3.171020,5.190243,5.628614,0.038732,0.012224
21.760523,314.305484,-292.135214,6.959454,5.942256,151.339015,-204.430469,3.079440,2.595379,5.206109,5.645924,0.036492,0.011469
21.764720,308.787836,-297.619045,6.910035,6.209687,148.372469,-207.205042,3.599338,2.544903,5.225632,5.661758,0.037942,0.012871
21.768917,303.357448,-302.734299,7.133785,6.030890,144.058763,-210.090817,3.646353,2.740362,5.239147,5.682123,0.037991,0.013281
21.773114,297.940565,-308.135436,7.117751,6.068330,140.249997,-212.875256,3.446212,2.785630,5.255815,5.700623,0.038145,0.012790
21.777310,291.680593,-313.688279,6.478470,6.215187,135.707244,-215.228709,3.571993,2.498001,5.275476,5.720622,0.037435,0.012978
21.781507,285.469254,-319.571694,6.717992,6.219278,131.657948,-218.294678,3.597482,3.067208,5.294681,5.740475,0.038819,0.013588
21.785704,279.031756,-325.391697,6.857374,6.190286,127.863296,-220.217145,3.684443,2.562446,5.320253,5.757135,0.038401,0.013494
21.789901,273.120929,-331.201653,6.860013,6.296293,124.124267,-223.289611,3.409689,3.094577,5.339211,5.775832,0.039376,0.013066
21.794098,265.804108,-336.911268,6.856869,6.356177,119.169569,-224.805727,3.312649,2.587171,5.365120,5.795748,0.038734,0.012450
21.798295,259.093202,-342.721039,6.854486,6.246617,115.138304,-227.471109,3.351626,2.799265,5.387494,5.814617,0.038838,0.012734
21.802491,251.166278,-348.422375,6.842242,6.305668,110.825995,-229.497819,3.631200,2.637030,5.415373,5.833306,0.039302,0.013596
21.806688,243.523640,-354.380553,6.811107,6.090896,106.250629,-231.816997,3.411678,2.749515,5.441237,5.853419,0.038650,0.012965
21.810885,235.447936,-360.387578,6.764083,6.158350,101.187544,-233.343463,3.320214,2.421567,5.470178,5.874018,0.038226,0.012561
21.815082,226.114750,-365.867184,6.683499,6.326856,96.959301,-235.203799,3.227781,2.362785,5.503591,5.892176,0.038643,0.012252
21.819279,217.791018,-371.875903,6.852512,6.741905,92.502897,-237.449188,3.535919,2.494685,5.532960,5.911703,0.040666,0.013409
21.823476,208.685194,-377.075148,6.524057,6.303614,87.436294,-238.963089,3.125775,2.508937,5.562714,5.932418,0.038317,0.012023
21.827672,199.517793,-383.018593,6.708038,6.183010,82.757138,-241.228684,3.601251,2.730623,5.594292,5.952702,0.039637,0.013801
21.831869,189.770349,-388.355050,6.766010,6.313779,78.509671,-242.252620,3.430267,2.348383,5.632349,5.969784,0.039672,0.013126
21.836066,179.971375,-393.921513,6.664768,6.320007,73.357941,-244.045605,3.266543,2.556623,5.664886,5.991186,0.039280,0.012611
21.840263,169.333859,-399.046900,6.532971,6.584367,68.301804,-246.036869,3.563769,3.029991,5.699605,6.012396,0.040269,0.013818
21.844460,158.841415,-403.697451,6.398892,6.579788,63.536496,-246.317370,3.451133,2.371748,5.738679,6.030742,0.039118,0.013342
21.848656,147.657084,-408.436762,6.494404,6.658534,59.193200,-247.980247,3.414239,2.595828,5.779324,6.048869,0.039804,0.013239
21.852853,136.906046,-412.523927,6.516465,6.620942,54.105426,-248.747006,3.608039,2.363240,5.815092,6.069010,0.040134,0.013989
21.857050,125.305099,-416.865240,6.472430,6.640374,49.541171,-250.537946,3.210298,2.969624,5.855758,6.087965,0.039576,0.012536
21.861247,113.493123,-420.989110,6.375339,6.631367,44.454726,-250.680524,3.830465,2.318446,5.898056,6.107674,0.040163,0.014899
21.865444,101.593622,-424.542275,6.361508,6.690705,39.963561,-251.917902,3.693887,2.691026,5.940272,6.125859,0.040044,0.014398
21.869641,89.435381,-427.986182,6.457000,6.725306,34.716697,-252.681887,3.860125,2.776407,5.980633,6.146647,0.040846,0.015067
21.873837,77.309683,-430.637623,6.301383,6.683203,30.452479,-253.772718,3.669284,3.079318,6.024203,6.163757,0.039877,0.014326
21.878034,64.875508,-432.888115,6.138706,6.707754,24.929338,-253.566999,3.497633,2.707400,6.064001,6.185186,0.038501,0.013701
21.882231,52.331880,-435.051436,5.971724,6.698857,20.505981,-254.053654,3.585626,2.879506,6.109129,6.202645,0.037957,0.014052
21.886428,39.412195,-436.910901,6.288263,6.779126,15.289047,-254.045894,3.278287,2.510313,6.152025,6.223076,0.038460,0.012871
21.890625,26.480743,-438.203763,6.117797,6.865895,11.550079,-254.884153,3.378444,2.845155,6.201919,6.237901,0.038013,0.013237
21.894821,13.750184,-438.384488,5.923536,6.897336,6.765586,-255.516270,3.816909,3.110236,6.245009,6.256713,0.038511,0.014931
21.899018,0.506991,-438.978649,6.065790,6.680113,1.655253,-255.661190,3.854907,3.265203,6.289449,6.276711,0.039205,0.015078
21.903215,-12.576446,-438.591812,5.849078,6.930382,-3.469760,-254.334168,3.586684,2.372423,6.332569,6.296827,0.037198,0.014100
21.907412,-25.392197,-437.796076,6.159410,6.684030,-8.107368,-254.430875,3.675427,2.594728,6.377172,6.315039,0.038944,0.014435
21.911609,-38.027868,-436.829009,6.239828,6.795911,-12.905526,-254.297548,3.236968,2.587558,6.419959,6.333892,0.038176,0.012707
21.915806,-51.159428,-435.348748,6.087385,6.726571,-17.857992,-254.097518,3.653432,2.727999,6.464890,6.353350,0.038553,0.014327
21.920002,-63.632216,-433.506351,6.156033,6.735832,-22.867448,-253.718844,3.293220,2.865249,6.506154,6.373072,0.037963,0.012915
21.924199,-75.731399,-430.965011,6.252902,6.369937,-26.980871,-252.501806,3.302491,2.711151,6.549848,6.389636,0.038168,0.012981
21.928396,-88.063008,-428.433890,6.099492,6.582157,-31.774362,-252.033127,3.518727,2.729461,6.592067,6.408596,0.038072,0.013808
21.932593,-100.106187,-425.412246,6.201294,6.440440,-36.141322,-251.989720,3.746024,2.683880,6.636543,6.425638,0.039024,0.014643
21.936790,-111.679289,-421.688300,5.962317,6.361015,-40.812799,-251.210227,4.023924,2.521356,6.677146,6.444243,0.038688,0.015687
21.940987,-123.052912,-417.961160,6.266555,6.567131,-45.181383,-250.630348,4.146091,2.718327,6.718751,6.461541,0.040329,0.016133
21.945183,-134.930469,-414.041581,6.358321,6.329029,-50.426041,-249.212624,3.570575,2.440684,6.756925,6.482831,0.038813,0.013895
21.949380,-145.306445,-409.957550,6.414321,6.354223,-55.110019,-247.594519,3.084064,3.112171,6.790259,6.502197,0.038267,0.012164
21.953577,-156.756304,-405.351975,6.630430,6.260604,-60.116293,-246.614194,3.373121,2.742991,6.830052,6.522289,0.039177,0.013162
21.957774,-166.956990,-400.480510,6.250365,6.287705,-64.631422,-245.423033,3.467837,3.111199,6.866503,6.540686,0.038261,0.013577
21.961971,-177.418815,-395.232033,6.432403,6.445439,-69.732850,-243.844642,3.426746,2.674373,6.901473,6.561724,0.038678,0.013310
21.966167,-186.772369,-390.518997,6.329096,6.206483,-74.302911,-242.925194,3.427475,2.741356,6.934335,6.580016,0.037986,0.013283
21.970364,-195.911925,-384.803132,6.342107,6.278137,-78.165186,-241.123953,3.467272,2.755345,6.969711,6.596666,0.038118,0.013437
21.974561,-205.367287,-380.155258,6.417296,6.304094,-82.776934,-239.879439,3.128047,2.142465,7.001405,6.615468,0.037226,0.011974
21.978758,-214.241919,-374.154637,6.271493,6.527073,-87.604540,-238.149220,4.088548,3.111245,7.032930,6.635678,0.039653,0.015703
21.982955,-222.912062,-369.058430,6.566366,6.464323,-92.369273,-236.293605,3.508316,2.576034,7.060145,6.655830,0.038723,0.013399
21.987152,-231.018246,-363.859690,6.381314,6.433651,-96.487787,-234.547449,3.485816,2.910198,7.088359,6.673462,0.038386,0.013440
21.991348,-239.055142,-358.204166,6.418462,6.288017,-100.514934,-231.848355,3.433032,2.775732,7.114548,6.692265,0.037654,0.013208
21.995545,-246.679754,-352.469454,6.419421,6.446993,-105.988024,-230.519556,3.542188,3.121252,7.139822,6.714142,0.038863,0.013686
21.999742,-254.224202,-347.182509,6.748386,6.507670,-109.883219,-228.242189,3.602568,3.165198,7.164763,6.731869,0.039600,0.013913
22.003939,-260.807027,-341.905938,6.689549,6.254424,-113.372748,-225.623955,3.343683,2.806178,7.186167,6.748819,0.037816,0.012841
22.008136,-268.096161,-336.481251,6.839477,6.180084,-117.385669,-223.784007,3.493362,2.910884,7.211907,6.766279,0.037980,0.013360
22.012333,-274.435484,-330.952099,6.650147,6.393205,-121.509473,-221.581426,3.286909,2.910014,7.233136,6.784779,0.038083,0.012677
22.016529,-280.706596,-325.686426,6.529446,6.362431,-125.239174,-219.502823,3.127334,2.760305,7.254759,6.801675,0.037360,0.012034
22.020726,-287.000140,-320.083575,6.587960,6.337097,-129.119034,-217.168255,3.668696,2.807229,7.276305,6.819593,0.037770,0.013712
22.024923,-292.524560,-315.388818,6.837619,6.288979,-133.216481,-214.794497,3.577174,2.786903,7.290761,6.838329,0.037831,0.013358
22.029120,-298.283995,-310.413212,6.774544,6.232364,-136.831577,-212.471763,3.359316,2.702668,7.308703,6.855330,0.037112,0.012587
22.033317,-303.069472,-305.441034,6.828795,6.495097,-139.990537,-210.051560,3.443076,2.929116,7.324718,6.871043,0.038437,0.013048
22.037513,-308.494980,-300.587051,6.944807,6.434673,-143.539567,-208.078081,3.495910,2.823631,7.342875,6.887057,0.038139,0.013032
22.041710,-313.117392,-296.095794,7.068475,6.427991,-146.828396,-205.768204,3.374621,2.821859,7.356377,6.902955,0.038118,0.012654
22.045907,-317.817122,-291.493458,6.921374,6.392803,-150.649227,-203.644901,3.283118,3.102798,7.370134,6.920103,0.038283,0.012714
22.050104,-322.110965,-286.982377,6.856064,6.418230,-153.011383,-201.208545,3.821683,2.921331,7.384560,6.933348,0.038090,0.013920
22.054301,-326.102693,-282.254748,6.912649,6.351308,-156.875911,-198.685012,4.031740,2.672761,7.395280,6.951535,0.037737,0.014108
22.058498,-330.045171,-278.388483,6.981974,6.411932,-159.338976,-196.305122,3.735399,2.667256,7.405774,6.965014,0.037682,0.013258
22.062694,-333.401732,-274.281919,6.934259,6.442977,-162.067815,-194.355009,3.554877,2.750204,7.417493,6.978243,0.037831,0.012839
22.066891,-336.984817,-270.352743,7.074412,6.392289,-164.945660,-192.448792,4.103218,2.882703,7.428779,6.991780,0.038251,0.014348
22.071088,-340.469005,-266.522085,6.959371,6.412456,-167.737795,-190.193588,3.828427,2.934875,7.437891,7.005928,0.038154,0.013667
22.075285,-343.353093,-262.851831,7.111753,6.429202,-168.817733,-188.368045,3.771116,3.144515,7.450626,7.013904,0.038478,0.013860
22.079482,-346.040170,-259.476559,7.181309,6.319864,-171.236517,-185.233971,3.591380,2.738026,7.452348,7.029337,0.037247,0.012790
22.083678,-348.667016,-256.075520,6.954409,6.334988,-173.018179,-184.249400,3.593172,3.377615,7.465810,7.037157,0.038340,0.013823
22.087875,-351.582304,-253.314482,7.165179,6.446048,-175.805773,-181.190808,3.708755,2.767186,7.464615,7.053500,0.037770,0.013016
22.092072,-354.166483,-250.333098,7.099296,6.530569,-177.236240,-180.008384,3.589742,3.159445,7.475657,7.060824,0.038626,0.013399
22.096269,-355.865287,-247.514144,7.176074,6.545421,-179.715686,-178.200637,4.026768,2.772760,7.479098,7.072816,0.038399,0.013639
22.100466,-357.991360,-244.979796,7.241202,6.511056,-181.260406,-176.446214,3.804900,2.585979,7.484050,7.082041,0.037827,0.012796
22.104663,-360.003730,-242.408274,7.261038,6.448566,-181.864887,-174.720525,3.788143,2.550992,7.490859,7.088616,0.037286,0.012708
22.108859,-361.573740,-240.351979,7.225615,6.476108,-184.576685,-174.372121,3.803807,3.480629,7.497164,7.097005,0.039473,0.014322
22.113056,-363.229399,-238.379289,7.172571,6.357191,-185.316925,-171.641288,3.622572,2.604216,7.495108,7.106876,0.036966,0.012336
22.117253,-364.777836,-236.631187,7.178397,6.485739,-185.692989,-170.361926,3.670084,2.676440,7.499563,7.111615,0.037446,0.012577
22.121450,-365.962008,-234.937203,7.231432,6.502995,-187.415891,-169.836446,3.648295,2.764904,7.504346,7.117751,0.037861,0.012627
22.125647,-366.789860,-233.401374,7.225811,6.492308,-188.429762,-168.833469,4.235869,2.586836,7.506649,7.123380,0.037763,0.013521
22.129844,-367.205325,-231.910894,6.935825,6.593774,-189.847584,-167.940625,3.701888,2.831213,7.507820,7.129736,0.038496,0.012792
22.134040,-368.568626,-231.077030,7.043026,6.434574,-189.754543,-166.664125,3.769909,2.669361,7.508229,7.133278,0.037310,0.012653
22.138237,-369.551909,-230.148785,7.236172,6.621989,-190.085874,-166.496665,4.196561,2.777766,7.513148,7.134641,0.038456,0.013715
22.142434,-370.010741,-229.384746,7.187606,6.530648,-191.592165,-165.422381,3.810243,2.504010,7.509758,7.141754,0.037636,0.012363
22.146631,-370.321741,-228.768046,7.287718,6.484254,-191.813843,-165.021545,3.846872,2.604687,7.510989,7.143526,0.037671,0.012618
22.150828,-370.552331,-228.534872,7.259476,6.590780,-191.356914,-165.008863,4.220445,2.662868,7.513297,7.142385,0.038205,0.013516
22.155024,-370.437819,-228.419474,7.251507,6.794349,-191.520019,-165.030055,4.204884,2.663518,7.513487,7.142742,0.039125,0.013475
22.159221,-370.742935,-228.548661,7.383161,6.736102,-191.681057,-164.948377,4.124011,2.647346,7.512694,7.143403,0.038860,0.013271
22.163418,-370.437819,-228.419474,7.251507,6.794349,-191.612958,-166.317570,3.824274,3.620625,7.519734,7.139137,0.040962,0.014620
22.167615,-370.586331,-228.919175,7.495263,6.794017,-191.308850,-166.484324,3.955536,3.577053,7.518859,7.137855,0.040921,0.014766
22.171812,-370.210030,-229.168168,7.382687,6.658518,-190.808842,-166.230636,4.100295,3.146612,7.516576,7.137314,0.039399,0.014184
22.176009,-369.756293,-230.036060,7.365525,6.554027,-190.431528,-166.144447,4.119928,2.733027,7.511714,7.136590,0.038159,0.013464
22.180205,-368.856480,-231.083268,7.157561,6.772690,-189.932131,-166.710898,3.418069,2.533620,7.508626,7.133602,0.038468,0.011678
22.184402,-367.810239,-232.302404,7.268197,6.584625,-189.235646,-166.738923,3.483915,2.537984,7.502112,7.131697,0.037761,0.011849
22.188599,-366.863950,-233.406990,7.120875,6.623346,-189.093665,-168.697495,4.351627,3.033580,7.504884,7.125528,0.039205,0.014508
22.192796,-365.788790,-235.126336,7.168094,6.659261,-188.157891,-168.980475,3.905018,2.523749,7.497512,7.122229,0.038282,0.012711
22.196993,-365.197750,-236.385060,7.161589,6.593497,-187.000179,-170.123441,3.427168,2.750946,7.497981,7.115806,0.038111,0.012166
22.201190,-363.628439,-238.307538,7.227241,6.470973,-185.821285,-171.090202,3.779697,2.444632,7.492553,7.109834,0.037267,0.012387
22.205386,-361.681253,-240.327161,7.216481,6.499664,-185.142408,-173.012175,4.171419,2.737697,7.489696,7.102439,0.038257,0.013735
22.209583,-360.477693,-242.697091,6.971994,6.471060,-183.641378,-174.281347,3.485814,2.645076,7.484830,7.094728,0.037449,0.012135
22.213780,-358.446367,-245.047168,6.975765,6.497968,-181.816311,-175.065075,3.721447,2.589925,7.476749,7.087499,0.037505,0.012618
22.217977,-356.426897,-247.507748,6.931066,6.586577,-180.900557,-177.390048,4.146387,2.738831,7.473931,7.078381,0.038465,0.013815
22.222174,-354.550229,-250.423708,7.029935,6.531606,-178.422150,-178.652143,3.809152,2.623681,7.467030,7.067939,0.037767,0.012956
22.226370,-351.771773,-253.325140,7.107337,6.627530,-176.572658,-180.626580,3.738839,2.713159,7.460656,7.057235,0.038462,0.012977
22.230567,-349.528858,-256.336095,7.203536,6.557399,-174.739572,-181.674759,3.208492,2.501533,7.450291,7.049128,0.037666,0.011467
22.234764,-346.696296,-259.517912,6.855680,6.597668,-173.923831,-184.780939,3.731316,2.687268,7.445713,7.038325,0.038437,0.012935
22.238961,-343.973729,-262.925962,7.134059,6.609077,-170.440734,-186.076755,3.332974,2.612387,7.437089,7.024754,0.038138,0.011990
22.243158,-340.641568,-266.438254,6.969961,6.569950,-168.524785,-188.840269,4.304743,2.648642,7.430425,7.011797,0.038574,0.014477
22.247355,-337.969673,-270.282646,6.913947,6.478453,-166.452967,-190.828818,4.312063,2.619652,7.420170,7.000463,0.038125,0.014523
22.251551,-334.297386,-273.969827,6.912610,6.462921,-164.239742,-192.705216,4.247871,2.787676,7.408198,6.989004,0.038468,0.014630
22.255748,-330.923988,-278.185390,6.947515,6.558901,-160.746932,-194.561869,3.551522,2.713597,7.397245,6.973699,0.038186,0.012829
22.259945,-327.338866,-282.051670,6.570409,6.583936,-157.979658,-196.851557,3.518763,2.634314,7.387878,6.959468,0.037799,0.012684
22.264142,-322.978116,-286.637469,7.019359,6.473208,-156.133182,-199.785297,3.839367,2.671787,7.374025,6.946547,0.038423,0.013581
22.268339,-318.587544,-290.988687,6.777487,6.431503,-152.805936,-202.163406,4.081222,2.946700,7.362108,6.930422,0.038651,0.014636
22.272535,-314.049486,-295.614672,6.957944,6.507141,-149.557801,-204.248771,3.905362,2.698081,7.346968,6.915219,0.038666,0.013949
22.276732,-309.703693,-300.677946,6.772061,6.400831,-145.741608,-206.494739,3.524923,2.597059,7.332583,6.897786,0.037522,0.012843
22.280929,-304.554029,-305.638210,6.669799,6.405425,-142.880079,-208.969175,3.896355,3.038729,7.315089,6.882913,0.038553,0.014399
22.285126,-299.322540,-309.953756,6.786681,6.566919,-140.207877,-211.522341,3.549500,2.964232,7.299984,6.868542,0.039195,0.013325
22.289323,-293.883395,-315.158606,6.841402,6.429611,-136.237180,-213.680537,3.559395,2.776803,7.282043,6.850776,0.038501,0.013227
22.293520,-288.278653,-319.939674,6.640029,6.439431,-132.169018,-215.965652,3.648190,2.666161,7.266419,6.832375,0.038181,0.013463
22.297716,-282.574211,-325.422866,6.440019,6.457105,-129.723924,-219.563066,3.320571,3.412928,7.248258,6.816833,0.039181,0.013115
22.301913,-275.955479,-330.949925,6.671666,6.585228,-125.674269,-220.640886,3.529051,2.599300,7.220788,6.800942,0.038874,0.013096
22.306110,-269.796811,-336.522194,6.813161,6.349021,-120.727728,-223.002029,3.074500,2.432062,7.203144,6.779383,0.037650,0.011599
22.310307,-262.829416,-341.235115,6.618931,6.516143,-116.920652,-225.437860,3.102138,2.346975,7.183138,6.761632,0.037991,0.011649
22.314504,-256.720620,-346.727028,6.444882,6.512543,-113.111292,-227.106950,3.062424,2.737521,7.159467,6.745274,0.037954,0.011827
22.318701,-248.833207,-352.291902,6.528398,6.438117,-108.078139,-228.971473,3.503891,2.966137,7.134509,6.724196,0.038633,0.013477
22.322897,-241.482981,-358.283917,6.657127,6.480759,-103.942258,-230.977361,3.572303,2.555506,7.107206,6.706048,0.038652,0.013511
22.327094,-233.489279,-363.326849,6.493304,6.333403,-100.071174,-232.947477,3.476691,2.831703,7.080102,6.688935,0.038328,0.013349
22.331291,-225.304243,-368.625087,6.479240,6.377563,-95.469127,-235.155655,3.536388,2.754730,7.054782,6.668839,0.038526,0.013541
22.335488,-217.001597,-374.129916,6.409901,6.389689,-91.736034,-236.660906,3.417029,2.804728,7.022169,6.652980,0.038367,0.013172
22.339685,-208.292753,-379.237756,6.484739,6.421024,-86.385578,-239.089977,3.582830,2.870243,6.999090,6.629900,0.039028,0.013799
22.343881,-199.487775,-384.594582,6.258394,6.484168,-81.729183,-240.344451,3.640789,2.410171,6.967817,6.610969,0.038198,0.013918
22.348078,-190.079599,-389.121935,6.108902,6.385060,-77.710671,-241.452867,3.493298,2.487340,6.933658,6.594562,0.037562,0.013450
22.352275,-180.756473,-394.354549,6.496034,6.553013,-72.371839,-243.347019,3.559453,2.119860,6.905720,6.572257,0.038922,0.013648
22.356472,-170.901453,-399.164861,6.277142,6.374252,-68.855586,-244.440631,3.112421,2.700462,6.866234,6.557757,0.037666,0.012144
22.360669,-161.015171,-404.119257,6.422718,6.579567,-63.857523,-245.303905,3.477735,2.548221,6.832211,6.537853,0.038872,0.013517
22.364866,-150.252284,-408.126551,5.956361,6.527280,-58.608047,-247.077587,3.736536,2.445253,6.800533,6.516086,0.037866,0.014489
22.369062,-139.576419,-412.464273,6.169230,6.531470,-54.202736,-247.921451,3.534438,2.708806,6.761802,6.498427,0.038310,0.013796
22.373259,-128.521753,-416.209064,6.131414,6.377403,-50.100496,-249.059536,3.550181,2.616813,6.721865,6.481695,0.038189,0.013850
22.377456,-117.477742,-420.187514,6.169230,6.531470,-45.187362,-249.042313,3.355443,3.168279,6.682845,6.462677,0.037995,0.013234
22.381653,-106.025127,-423.670517,5.957179,6.527416,-40.126867,-250.755248,3.854803,2.201172,6.647294,6.441864,0.038205,0.015051
22.385850,-94.459249,-426.697685,6.132533,6.640691,-35.759147,-251.339464,3.506440,2.372521,6.606205,6.424511,0.038194,0.013737
22.390047,-82.439255,-429.685914,6.258526,6.703551,-30.788810,-251.824312,3.394244,2.401923,6.565809,6.404845,0.038442,0.013330
22.394243,-70.706514,-432.068870,5.844175,6.773919,-24.875560,-252.314174,3.316975,2.098252,6.532830,6.381457,0.036350,0.013045
22.398440,-58.437371,-434.350766,6.013328,6.743705,-21.120047,-253.133678,3.463845,2.646333,6.486272,6.366427,0.037576,0.013617
22.402637,-46.284346,-435.807570,5.992952,6.704159,-16.772000,-253.628954,3.258132,2.519528,6.443787,6.349217,0.037010,0.012807
22.406834,-34.354308,-437.282379,5.741020,6.697132,-11.281223,-254.124290,3.809266,2.754351,6.408499,6.327549,0.037352,0.014968
22.411031,-21.495469,-437.519552,6.038977,6.738060,-6.299469,-254.505462,3.851386,2.761518,6.366027,6.307932,0.039007,0.015126
22.415227,-8.750902,-438.949947,5.942672,6.673035,-1.378142,-255.164991,3.858415,2.964396,6.323280,6.288586,0.038524,0.015121
22.419424,4.112523,-438.876488,6.148063,6.709386,3.381546,-254.606958,3.339113,2.627328,6.279218,6.269905,0.037968,0.013113
22.423621,16.487085,-438.385415,6.146226,6.493871,8.600564,-254.517635,3.529634,2.502569,6.240319,6.249407,0.038511,0.013856
22.427818,29.239283,-437.443733,6.026957,6.773277,12.416921,-254.184662,3.615478,2.440404,6.191646,6.234374,0.038199,0.014198
22.432015,41.300281,-436.738231,5.991892,6.656694,18.302157,-253.683681,3.650182,2.342717,6.158205,6.211165,0.038033,0.014330
22.436212,53.466934,-434.460413,5.859157,6.819459,23.311852,-253.935747,3.602213,2.557894,6.117672,6.191640,0.037641,0.014097
22.440408,65.411911,-432.608929,6.206717,6.617516,27.140901,-253.406691,3.595729,2.754549,6.072783,6.176488,0.039144,0.014076
22.444605,78.410711,-430.138524,6.071935,6.522401,31.219275,-252.632582,3.323160,2.517256,6.023338,6.160233,0.037711,0.013013
22.448802,90.266430,-427.704223,6.031190,6.750204,36.567122,-252.188559,3.940000,2.458665,5.986277,6.139190,0.039240,0.015364
22.452999,102.009650,-424.521222,6.140469,6.646895,41.849460,-251.375581,3.318571,2.521732,5.948780,6.118217,0.038156,0.012948
22.457196,114.072905,-421.241646,6.182300,6.577857,46.633667,-251.057239,3.722508,2.590499,5.905897,6.099529,0.039314,0.014452
22.461392,125.332638,-417.498139,6.307616,6.657581,50.887381,-249.513513,3.739720,2.475395,5.866028,6.081998,0.039706,0.014520
22.465589,136.512932,-413.832560,6.426436,6.665366,56.098532,-248.420993,3.775188,2.380849,5.830681,6.061090,0.040142,0.014605
22.469786,147.160895,-409.105960,6.427247,6.496851,61.253053,-247.231204,3.563530,2.656327,5.795276,6.040320,0.039713,0.013810
22.473983,157.751027,-404.861611,6.166424,6.525038,65.427021,-245.464595,3.160530,2.287377,5.758194,6.022698,0.037597,0.012243
22.478180,168.613925,-400.265636,6.355778,6.487858,70.644960,-244.491119,2.763244,2.507298,5.721776,6.001900,0.037700,0.010784
22.482377,178.589178,-395.058306,6.424068,6.278320,75.589266,-242.628284,3.224720,2.180314,5.688942,5.981172,0.038173,0.012381
22.486573,188.423933,-390.133563,6.672396,6.679857,80.083834,-241.697398,3.668545,2.492313,5.652688,5.963231,0.040537,0.014019
22.490770,197.865212,-384.716117,6.534529,6.523317,84.724780,-239.886267,3.692151,2.328825,5.620016,5.943674,0.039674,0.014020
22.494967,206.727392,-379.754458,6.537922,6.405660,89.696858,-238.204671,3.339863,2.469441,5.592327,5.923053,0.038941,0.012747
22.499164,215.797184,-374.257803,6.670718,6.307265,93.504621,-235.771930,3.210332,2.222837,5.559804,5.905623,0.038421,0.012201
22.503361,224.060432,-368.604211,6.577363,6.212120,98.371492,-234.932828,3.586521,2.732170,5.528555,5.886644,0.039074,0.013634
22.507558,232.545044,-363.027267,6.662523,6.285186,103.467031,-232.330807,3.162287,2.337776,5.504017,5.864210,0.038393,0.011958
22.511754,240.827146,-357.289554,6.784828,6.254222,107.912076,-230.162486,3.341943,2.247741,5.475533,5.844765,0.038597,0.012481
22.515951,248.112755,-351.676129,6.644933,6.518918,112.220364,-227.890798,3.545470,2.200474,5.451197,5.825612,0.039076,0.013093
22.520148,255.542691,-346.175905,6.789586,6.255664,116.281477,-226.681147,3.759906,2.649572,5.421545,5.809213,0.039345,0.013963
22.524345,263.044843,-340.349154,6.774627,6.090813,120.373161,-224.222976,3.757411,2.600176,5.395572,5.790497,0.038552,0.013877
22.528542,269.942555,-334.944589,6.759575,6.161207,125.188350,-221.198740,3.322572,2.560242,5.378403,5.768176,0.038093,0.012412
22.532738,276.994687,-329.463605,6.918926,6.224820,129.029275,-218.899125,3.311072,2.419196,5.354116,5.750562,0.038167,0.012222
22.536935,282.854899,-324.180871,6.808953,6.111978,132.887588,-216.444467,3.247676,2.545250,5.335357,5.732566,0.037631,0.012093
22.541132,288.934611,-318.545960,6.796362,5.845450,136.251671,-214.383983,3.622276,2.541886,5.311076,5.717036,0.036919,0.013178
22.545329,295.157067,-312.704247,6.798941,6.047981,140.824036,-211.282363,3.253374,2.127500,5.293783,5.695284,0.036662,0.011630
22.549526,300.863066,-307.596676,6.917513,6.142942,145.049093,-209.145898,3.277174,2.339922,5.275898,5.676814,0.037433,0.011806
22.553723,306.222349,-302.419723,7.100246,6.018242,148.834865,-206.629976,3.284318,2.607936,5.259125,5.658967,0.037577,0.012056
22.557919,310.919189,-297.736426,6.880010,6.095873,151.437310,-203.142878,3.104487,2.119724,5.247742,5.642588,0.036434,0.011023
22.562116,315.789282,-292.414999,7.091508,5.742268,155.167980,-200.797320,3.131841,2.272096,5.230756,5.625277,0.035679,0.011195
22.566313,320.398251,-287.562768,6.988224,6.014560,158.626626,-198.587653,3.251119,2.404275,5.215236,5.609192,0.036739,0.011608
22.570510,324.852603,-282.334092,6.879203,5.855645,161.020187,-196.420381,3.081578,2.994671,5.195365,5.596503,0.036735,0.011997
22.574707,328.924784,-277.859543,6.931633,6.093591,164.641327,-193.101900,3.184941,2.193672,5.188694,5.577176,0.036433,0.011076
22.578904,333.257281,-273.273463,6.803736,6.020447,167.306509,-191.169800,3.684520,2.754375,5.171825,5.564258,0.037022,0.013042
22.583100,336.526474,-269.061876,6.768170,5.920251,170.752383,-187.888561,3.085411,2.120044,5.167732,5.545532,0.035359,0.010603
22.587297,340.338408,-264.282643,6.799498,5.949918,172.726364,-186.191843,2.919911,3.021135,5.148388,5.535286,0.036820,0.011683
22.591494,343.776443,-260.183185,6.946982,6.010125,176.010159,-182.833001,3.512397,2.173936,5.144402,5.516798,0.036032,0.011606
22.595691,347.280383,-256.432199,6.910227,5.912730,177.357450,-181.502097,3.590904,2.980636,5.127704,5.509336,0.036750,0.013031
22.599888,349.829066,-252.187711,7.073637,6.020425,179.317945,-179.101111,3.531866,2.811421,5.117332,5.497182,0.036955,0.012593
22.604084,352.669957,-248.845008,7.066666,5.856169,182.556659,-176.311244,3.128152,2.451733,5.115432,5.480386,0.035579,0.011027
22.608281,355.651970,-245.160948,7.034877,5.727915,185.172754,-173.103833,2.882164,2.022853,5.112288,5.464114,0.034201,0.009710
22.612478,357.842447,-241.298481,7.082987,5.862742,186.799244,-171.161942,3.184958,2.151905,5.101530,5.454131,0.035086,0.010552
22.616675,360.561382,-238.330308,7.104290,6.075580,189.230077,-169.000519,2.903246,2.128798,5.096900,5.441376,0.035848,0.009862
22.620872,362.963156,-235.235068,6.953668,5.812090,190.470271,-167.097909,3.125695,1.993793,5.088590,5.432515,0.034316,0.010059
22.625069,364.822253,-232.377519,6.916579,6.201182,191.798098,-165.424014,3.179324,2.530249,5.081604,5.424090,0.036780,0.011155
22.629265,366.904786,-229.691569,7.108869,6.086280,193.018675,-163.929144,3.159283,2.401065,5.073956,5.416472,0.036093,0.010837
22.633462,367.876707,-227.123620,7.026204,5.927080,194.279585,-162.219175,3.215265,2.386479,5.070177,5.408097,0.035440,0.010894
22.637659,369.834929,-224.417554,6.995717,5.998446,195.687259,-160.673296,3.570632,2.107897,5.063277,5.399847,0.035334,0.011022
22.641856,371.357374,-222.663665,7.136465,5.818000,197.550737,-158.990811,3.493433,2.154145,5.063548,5.390056,0.034763,0.010881
22.646053,373.042065,-220.890252,7.008586,5.801500,197.893140,-158.323077,3.188534,2.487321,5.055484,5.387156,0.034863,0.010978
22.650249,373.673911,-218.818216,7.011270,5.891698,198.639464,-158.037642,3.127772,3.116156,5.046611,5.384441,0.036598,0.012294
22.654446,374.924050,-217.369625,6.914075,6.129629,199.614159,-156.718230,3.212491,3.074400,5.045466,5.377982,0.037430,0.012325
22.658643,375.313754,-215.950928,7.002644,6.060915,200.145432,-155.835723,3.031400,2.989827,5.042980,5.373952,0.037017,0.011849
22.662840,376.614251,-214.907365,7.191377,5.909274,201.125158,-155.080323,3.207294,3.232881,5.040948,5.369235,0.037017,0.012692
22.667037,376.514372,-213.628321,6.846158,6.051164,201.033607,-153.990826,3.436069,2.909725,5.039995,5.366049,0.036789,0.012300
22.671234,377.337590,-212.801310,7.263152,6.176630,202.118344,-153.279683,3.067508,2.555738,5.039857,5.361223,0.036846,0.010855
22.675430,378.228674,-212.042911,7.170171,6.107035,202.098260,-153.889470,2.986390,3.158607,5.031292,5.363183,0.037568,0.012190
22.679627,378.066082,-211.727084,7.108800,6.091621,202.362789,-153.513489,3.046281,3.106371,5.032324,5.361375,0.037449,0.012144
22.683824,378.435538,-211.623293,7.192270,6.116497,202.712438,-152.301380,3.691664,2.369973,5.037963,5.356733,0.036295,0.011504
22.688021,378.478929,-211.479895,7.175115,6.050883,202.436325,-153.542890,3.161513,3.209061,5.030332,5.361292,0.037513,0.012562
22.692218,378.512611,-211.398177,7.160164,6.099561,202.171262,-153.485283,3.047070,3.354033,5.029705,5.361742,0.037956,0.012785
22.696415,378.435538,-211.623293,7.192270,6.116497,202.043714,-154.820947,3.161816,3.643492,5.023927,5.366225,0.038810,0.013645
22.700611,378.363387,-211.543053,7.213412,6.165776,201.542706,-154.134347,3.128371,3.112881,5.026324,5.365278,0.037674,0.012291
22.704808,377.839850,-211.978332,7.267949,6.047195,201.225452,-154.592069,3.068295,3.149558,5.026552,5.367470,0.037305,0.012294
22.709005,376.870463,-212.915134,6.987946,6.011784,200.668933,-155.618183,3.296515,3.029480,5.026782,5.372010,0.036880,0.012335
22.713202,376.816642,-213.711551,7.024668,6.038936,200.355150,-154.749672,3.140703,2.003263,5.034860,5.370058,0.034983,0.009835
22.717399,375.170608,-214.601656,7.080951,6.174081,199.437736,-155.973991,2.848435,1.925804,5.034396,5.376100,0.035591,0.009162
22.721595,374.247013,-216.249768,6.672649,6.179306,198.945441,-157.640534,3.501669,2.456503,5.035040,5.382467,0.036486,0.011443
22.725792,373.495805,-217.734824,6.952945,6.107562,198.097596,-159.803455,2.874364,3.047265,5.031393,5.391196,0.037340,0.011710
22.729989,372.339012,-219.635264,6.788281,6.201924,196.236261,-159.718385,2.980691,2.272058,5.040341,5.395553,0.035983,0.010189
22.734186,371.209160,-221.051334,7.027567,6.092070,195.037605,-162.357846,3.332967,2.965890,5.033984,5.406602,0.037063,0.012300
22.738383,369.636279,-223.632168,6.988957,6.097481,193.602821,-164.374645,3.431676,3.357270,5.037100,5.416320,0.037951,0.013343
22.742580,368.286820,-225.707057,7.089367,5.999417,193.216659,-164.337193,2.901533,2.099113,5.049549,5.417193,0.035100,0.009730
22.746776,366.106517,-228.129950,6.928113,6.152654,191.436766,-166.179257,3.028420,2.241675,5.053221,5.427277,0.035985,0.010292
22.750973,364.718792,-230.788930,6.755811,6.128220,189.449003,-168.904468,3.517524,2.778995,5.051806,5.440519,0.036761,0.012323
22.755170,362.362582,-233.850266,7.230291,6.145754,187.043085,-170.882471,3.796105,2.722573,5.057201,5.452667,0.037052,0.012849
22.759367,360.094653,-236.281410,7.139092,6.071142,185.637868,-172.881747,3.563679,2.811404,5.060962,5.462222,0.036921,0.012548
22.763564,357.923078,-239.908029,6.826098,6.107533,183.987631,-174.095677,3.172878,2.273084,5.074113,5.470169,0.035768,0.010799
22.767761,354.823436,-243.356244,7.083578,6.045630,181.685958,-177.205433,3.550464,2.686783,5.077344,5.485303,0.036669,0.012363
22.771957,352.240061,-246.518108,6.907950,6.099196,179.062287,-179.363269,3.842520,2.558315,5.082316,5.498627,0.036592,0.012883
22.776154,349.621373,-250.281953,6.924568,6.060545,177.212497,-182.030760,3.601477,2.734179,5.089328,5.511199,0.036763,0.012631
22.780351,346.167440,-254.114030,7.065416,5.977157,174.642973,-183.181131,3.215110,2.086596,5.104516,5.521644,0.035340,0.010812
22.784548,343.090980,-258.313804,7.155511,6.017387,171.801257,-186.795776,3.803650,2.510711,5.107913,5.539577,0.036519,0.012905
22.788745,339.769990,-262.482746,7.075603,6.065960,169.841578,-188.889670,3.611033,2.430799,5.121086,5.550836,0.036596,0.012356
22.792941,336.100192,-266.841908,7.105169,6.059132,166.890679,-191.047393,3.325764,2.345841,5.133523,5.565173,0.036359,0.011597
22.797138,332.073360,-271.152614,7.093272,6.005892,163.761481,-194.199865,3.711180,2.718327,5.141217,5.582616,0.037054,0.013127
22.801335,327.963438,-276.546662,6.993201,6.087909,160.852774,-196.366458,3.138475,2.320516,5.159749,5.596879,0.036392,0.011182
22.805532,323.897530,-281.140773,6.834808,6.231053,156.791160,-200.290632,3.074962,3.034748,5.163013,5.619009,0.037930,0.012029
22.809729,319.340869,-285.812509,7.005436,6.145459,153.869000,-202.477112,3.714960,2.826113,5.178931,5.633357,0.037866,0.013435
22.813926,314.349608,-290.680858,6.937333,5.858828,150.856933,-204.787038,3.315343,2.651586,5.196124,5.648281,0.036403,0.012180
22.818122,310.227203,-296.307117,7.048140,5.970856,146.904238,-207.739597,3.300186,2.725946,5.209289,5.667673,0.036921,0.012265
22.822319,304.330137,-301.093742,6.902451,5.878666,144.078287,-210.173368,3.648501,2.596001,5.228462,5.682243,0.036845,0.013140
22.826516,299.040148,-306.680873,6.881884,5.917180,140.289179,-212.361450,3.594716,2.553230,5.248484,5.699384,0.036898,0.013017
22.830713,293.250064,-312.257459,6.878894,6.075184,136.105345,-215.074890,3.754935,2.516199,5.266248,5.718977,0.037602,0.013541
22.834910,287.135576,-318.159322,6.860262,5.927899,132.743461,-217.235389,3.546068,2.477502,5.291351,5.734674,0.037078,0.012923
22.839106,281.107453,-323.566318,6.861781,6.039572,128.718590,-219.477236,3.596767,2.331330,5.311648,5.752768,0.037414,0.013045
22.843303,274.689307,-329.389415,6.815292,6.100070,124.964374,-221.689362,3.212240,2.319103,5.335964,5.769891,0.037338,0.011872
22.847500,267.555525,-334.856092,6.843714,6.268949,119.291687,-224.853253,3.281479,2.838772,5.350712,5.795412,0.038681,0.012531
22.851697,260.897019,-340.763127,6.795837,5.978325,116.044559,-227.202921,3.497316,3.005750,5.377280,5.810972,0.038404,0.013333
22.855894,253.284573,-346.231532,6.783700,6.194638,111.253468,-229.658873,3.246308,3.006315,5.399658,5.832072,0.038901,0.012548
22.860091,245.656330,-352.502374,6.781911,6.189378,107.866849,-230.759204,3.195200,2.521347,5.436038,5.845921,0.038351,0.012112
22.864287,237.756624,-357.818794,6.823782,6.340727,103.285410,-233.019831,3.234482,2.693262,5.460499,5.865961,0.039263,0.012366
22.868484,230.051989,-364.067071,6.807081,6.268558,98.056943,-234.768285,3.693060,2.517487,5.487469,5.887535,0.039272,0.013926
22.872681,220.662734,-369.359220,6.722486,6.489312,93.255748,-236.567549,3.339748,2.612942,5.518479,5.907686,0.039483,0.012787
22.876878,212.162020,-375.503210,6.718903,6.449459,88.651987,-238.569321,3.465915,2.553761,5.549284,5.927400,0.039516,0.013235
22.881075,202.987711,-380.964300,6.483177,6.464310,84.628162,-240.040744,3.597154,2.179754,5.584593,5.944234,0.038988,0.013630
22.885272,193.660126,-386.685145,6.381976,6.531546,79.495884,-241.667610,3.258515,2.539978,5.616271,5.965387,0.038501,0.012561
22.889468,184.046884,-391.659026,6.444544,6.577587,75.407012,-243.732823,3.361119,2.793684,5.649731,5.983142,0.039370,0.012995
22.893665,173.924755,-396.984830,6.533616,6.621852,70.651497,-244.574665,3.751648,2.259390,5.687651,6.001966,0.040028,0.014371
22.897862,163.323506,-401.936693,6.712367,6.453874,66.339641,-246.160697,3.769940,2.530058,5.726324,6.019942,0.040831,0.014510
22.902059,152.792849,-406.849314,6.474612,6.487714,61.560859,-247.566652,3.313720,2.822986,5.763030,6.039465,0.039360,0.012885
22.906256,141.847371,-411.167829,6.160843,6.854241,56.687062,-248.978167,3.421678,3.042891,5.799686,6.059323,0.039017,0.013331
22.910452,130.566850,-415.636036,6.369292,6.569483,51.459069,-249.479308,3.270987,2.736572,5.838837,6.079772,0.038864,0.012762
22.914649,118.866869,-419.646656,6.237436,6.856130,47.402940,-250.921636,3.244735,2.919347,5.882541,6.096470,0.038729,0.012665
22.918846,107.268186,-423.144073,6.297616,6.806698,42.505428,-251.367538,3.464317,2.598097,5.922647,6.115673,0.039219,0.013506
22.923043,95.367548,-426.778103,6.315094,6.755870,37.332605,-252.529581,3.144360,2.956154,5.961682,6.136414,0.038589,0.012302
22.927240,83.109682,-429.819334,6.454119,6.712134,32.696409,-253.086056,3.708465,2.765216,6.005314,6.154706,0.040428,0.014479
22.931437,70.755335,-432.308427,6.069163,6.771038,28.977609,-253.568004,3.782567,2.845150,6.053573,6.169399,0.039015,0.014779
22.935633,57.746687,-434.676389,6.099595,6.702155,23.444619,-253.765226,3.278593,2.754101,6.095802,6.191060,0.037670,0.012849
22.939830,45.610357,-436.091226,6.199689,6.790604,18.544788,-253.956998,3.658978,2.492124,6.135663,6.210291,0.039100,0.014349
22.944027,32.801951,-437.583068,6.018003,6.636778,14.737926,-254.178201,3.616463,2.336243,6.185009,6.225268,0.038098,0.014190
22.948224,20.119111,-438.752329,5.922534,6.820708,9.498145,-254.418127,3.296767,2.578162,6.225631,6.245870,0.036720,0.012946
22.952421,7.222223,-438.813680,5.996783,6.813420,5.570878,-255.355728,3.567989,2.859555,6.274184,6.261373,0.038034,0.013968
22.956618,-5.453781,-439.076887,6.051832,6.635863,0.466614,-254.305985,3.545385,2.373348,6.315216,6.281350,0.037941,0.013941
22.960814,-18.737800,-438.375250,5.954399,6.451846,-3.821298,-254.633732,3.719123,2.531578,6.364190,6.298191,0.038080,0.014603
22.965011,-31.503413,-437.494920,6.150614,6.631425,-9.503409,-254.444858,3.443005,2.442650,6.402797,6.320518,0.038233,0.013517
22.969208,-43.802710,-436.113057,6.197793,6.601807,-12.955389,-254.182901,3.288976,2.461993,6.451144,6.334110,0.038028,0.012915
22.973405,-56.048447,-434.140924,6.233417,6.929155,-17.745753,-253.070425,3.562107,2.168294,6.491647,6.353193,0.038810,0.014019
22.977602,-68.419772,-431.978321,6.102889,6.769767,-22.534074,-253.285512,3.643798,2.886305,6.534540,6.371919,0.038613,0.014309
22.981798,-80.405430,-429.879203,6.131189,6.603292,-27.309702,-253.020870,3.250191,3.089644,6.574840,6.390704,0.037741,0.012764
22.985995,-92.771721,-426.648648,6.108818,6.894197,-31.287045,-252.368683,3.215517,2.371643,6.622346,6.406530,0.037592,0.012601
22.990192,-104.483702,-423.658648,6.203061,6.415917,-36.234756,-251.308520,3.513985,2.421492,6.660230,6.426383,0.038264,0.013765
22.994389,-116.307173,-420.237450,6.217562,6.374021,-41.271901,-250.747470,3.266418,2.457725,6.699962,6.446318,0.037723,0.012780
22.998586,-127.065839,-416.306294,6.449324,6.494556,-46.354590,-249.492713,3.520687,2.374666,6.733822,6.466886,0.039218,0.013747
23.002783,-137.554379,-412.232264,6.281947,6.390233,-50.147917,-248.461426,3.696947,2.707825,6.773437,6.482344,0.038857,0.014452
23.006979,-148.094143,-408.004818,6.262691,6.344527,-54.986353,-247.325168,3.500997,2.523259,6.808367,6.501951,0.038174,0.013661
23.011176,-159.202828,-403.778988,6.251281,6.444780,-59.839553,-246.527705,3.571155,2.138202,6.846714,6.521310,0.038089,0.013824
23.015373,-169.181290,-398.708389,6.414811,6.428768,-65.204300,-245.075108,3.105276,2.520011,6.878162,6.543220,0.038046,0.012106
23.019570,-179.148498,-394.002767,6.135898,6.421367,-69.566851,-243.980365,3.137178,3.173005,6.914047,6.560947,0.037608,0.012376
23.023767,-189.047439,-389.166127,6.339524,6.373276,-73.846571,-242.752559,3.458930,2.522293,6.949837,6.578496,0.038022,0.013359
23.027963,-197.962544,-383.895768,6.309529,6.530643,-78.337305,-240.880023,3.495092,2.671660,6.979759,6.597610,0.038341,0.013521
23.032160,-206.980525,-378.887408,6.565119,6.412646,-83.319305,-239.135656,2.957711,2.660219,7.007574,6.618451,0.037986,0.011558
23.036357,-215.617220,-373.495243,6.236963,6.290195,-88.095837,-237.444243,3.487001,2.844347,7.036233,6.638459,0.037718,0.013487
23.040554,-223.596327,-368.682040,6.570536,6.363886,-92.052638,-236.168409,3.463698,2.707199,7.064910,6.654846,0.038444,0.013310
23.044751,-231.206577,-363.138967,6.498683,6.211212,-96.834362,-234.706394,3.524427,2.744809,7.091181,6.674486,0.038114,0.013478
23.048948,-239.390119,-357.747429,6.519382,6.207925,-101.603933,-232.389758,3.480054,2.856521,7.115779,6.695355,0.038067,0.013357
23.053144,-247.060978,-352.306515,6.384966,6.452122,-106.323187,-231.168240,3.400728,2.730155,7.143287,6.714273,0.038257,0.012944
23.057341,-253.992966,-347.123973,6.659083,6.335347,-109.123396,-228.167569,2.994682,2.483851,7.166490,6.729290,0.037392,0.011491
23.061538,-261.256934,-341.790743,6.444766,6.176756,-113.738288,-226.683700,3.447036,2.900603,7.191376,6.748231,0.037471,0.013186
23.065735,-267.431874,-336.629802,6.571598,6.231717,-117.750781,-224.261127,3.472519,2.632262,7.210020,6.766680,0.037469,0.013064
23.069932,-274.377862,-331.642390,6.736571,6.251941,-121.432974,-221.181985,2.679931,2.780918,7.228496,6.785275,0.037023,0.010715
23.074129,-280.140101,-326.261332,6.841270,6.604231,-124.491628,-219.361819,3.170666,2.754985,7.252169,6.799378,0.038561,0.012190
23.078325,-285.948657,-321.241106,6.885778,6.260849,-129.155130,-217.143706,3.010324,2.595674,7.267887,6.819766,0.037255,0.011509
23.082522,-291.730368,-316.803200,7.037579,6.433306,-133.547393,-214.715310,2.622438,2.463335,7.280862,6.839606,0.037592,0.010200
23.086719,-296.957999,-311.857313,6.860378,6.203747,-137.257748,-213.047210,2.980775,2.818078,7.299909,6.855515,0.037299,0.011577
23.090916,-302.145705,-306.760976,6.893462,6.427939,-140.587063,-210.391711,3.239379,2.685306,7.316142,6.872260,0.037969,0.012168
23.095113,-306.977210,-302.179216,6.707736,6.441636,-144.010077,-208.449879,3.671856,2.419837,7.332040,6.887752,0.037656,0.013102
23.099309,-311.862828,-298.154420,6.832559,6.341780,-147.324917,-206.212658,3.209893,2.454604,7.344417,6.903532,0.037063,0.011743
23.103506,-316.398690,-293.574783,6.934523,6.212500,-150.035998,-203.463727,3.742822,2.851897,7.357568,6.918579,0.037454,0.013668
23.107703,-320.432970,-289.168965,6.909458,6.431416,-153.100822,-201.856002,4.113051,2.956081,7.373051,6.932082,0.038650,0.014732
23.111900,-324.568975,-285.488050,6.844489,6.373134,-155.554499,-198.678862,3.710298,2.680466,7.379498,6.947440,0.037392,0.013301
23.116097,-327.884586,-281.305576,7.070836,6.494365,-158.064933,-196.706722,3.525311,2.758823,7.391800,6.960091,0.038118,0.012864
23.120294,-331.426300,-277.189460,6.994628,6.383899,-161.547701,-194.359490,3.602405,2.611420,7.400317,6.976651,0.037536,0.012798
23.124490,-335.087713,-273.637392,6.987816,6.397786,-164.205284,-192.469567,4.169358,2.857322,7.410540,6.989505,0.038208,0.014523
23.128687,-338.283653,-270.009072,6.830404,6.415109,-165.687785,-190.386699,3.850994,3.013030,7.421752,6.999330,0.038013,0.013925
23.132884,-341.546269,-266.808240,7.093872,6.377817,-168.500388,-188.428382,4.117589,3.068842,7.428683,7.012810,0.038330,0.014592
23.137081,-344.071281,-263.612133,7.185756,6.219139,-171.630085,-186.307181,3.730884,2.985230,7.432544,7.027602,0.037640,0.013457
23.141278,-346.864838,-260.400234,7.024865,6.522750,-173.198304,-184.436787,4.157114,2.925139,7.441647,7.037169,0.038622,0.014356
23.145475,-349.096986,-257.557808,7.175710,6.475739,-174.884760,-182.547342,4.340382,2.881408,7.447403,7.047149,0.038519,0.014693
23.149671,-351.139212,-254.934335,6.974546,6.514136,-176.837141,-180.983774,4.274242,2.729298,7.452732,7.056995,0.038261,0.014241
23.153868,-353.368668,-252.513735,7.264174,6.328746,-179.146785,-179.163047,4.016512,2.663172,7.455488,7.068538,0.037564,0.013450
23.158065,-355.513162,-250.174990,7.111695,6.424547,-180.699865,-178.649066,3.914683,3.558837,7.465607,7.074290,0.039497,0.014714
23.162262,-357.177815,-247.946298,7.193012,6.346765,-181.219553,-176.005054,3.664483,2.940225,7.465866,7.083180,0.037660,0.013109
23.166459,-358.683795,-245.982419,7.065650,6.325647,-182.916216,-174.816604,4.335917,2.740497,7.469270,7.091221,0.037479,0.014195
23.170655,-360.159331,-244.083190,7.131574,6.375386,-184.698153,-174.875717,4.065850,3.691249,7.478285,7.095894,0.039688,0.015226
23.174852,-361.387894,-242.560176,7.157667,6.486471,-184.866625,-172.326525,3.931942,2.722399,7.475307,7.103676,0.037898,0.013215
23.179049,-362.796369,-241.100892,6.893060,6.531722,-187.059467,-171.546027,4.329286,2.892419,7.477110,7.111817,0.038552,0.014264
23.183246,-364.013969,-240.007580,7.098111,6.546326,-187.642627,-170.602706,4.260007,2.955600,7.479078,7.116113,0.038721,0.014214
23.187443,-365.080523,-238.728240,7.130626,6.467079,-188.754329,-170.394904,4.147980,3.340272,7.484263,7.119658,0.039199,0.014647
23.191640,-365.444345,-237.931300,7.123398,6.453309,-188.909885,-168.759399,4.279160,2.906131,7.480536,7.124862,0.038257,0.014137
23.195836,-365.947083,-237.256347,7.242579,6.477575,-189.809085,-168.274866,4.197596,2.923956,7.480709,7.128648,0.038526,0.013961
23.200033,-366.580001,-236.379892,6.952595,6.630218,-190.066256,-167.226028,3.802328,2.606158,7.480585,7.132422,0.038167,0.012576
23.204230,-366.787202,-236.066892,7.348273,6.558829,-189.928891,-168.722808,3.574797,3.749589,7.490153,7.127642,0.040349,0.014460
23.208427,-367.162033,-236.050676,7.203306,6.603533,-190.111078,-167.858234,3.608840,3.596242,7.486336,7.130668,0.040009,0.014202
23.212624,-367.236010,-236.011198,7.232775,6.599332,-190.521908,-168.019624,3.966601,3.517882,7.486686,7.131262,0.040045,0.014648
23.216820,-367.322585,-235.986229,7.282771,6.585137,-190.805946,-168.138645,4.013919,3.438443,7.487022,7.131650,0.039918,0.014553
23.221017,-367.236010,-236.011198,7.232775,6.599332,-190.502967,-168.256910,4.088832,3.570288,7.487892,7.130512,0.040212,0.014975
23.225214,-367.012406,-236.067460,7.153879,6.622821,-190.378225,-167.944158,3.799634,3.570008,7.485885,7.131110,0.040149,0.014465
23.229411,-365.906912,-236.966813,7.123672,6.664940,-189.500267,-167.315374,3.894067,2.445970,7.477936,7.130678,0.038202,0.012512
23.233608,-365.615056,-237.804444,7.231768,6.528069,-188.685064,-168.410123,4.144295,2.733565,7.480206,7.125300,0.038187,0.013568
23.237805,-364.564172,-238.935409,7.209932,6.665092,-188.731259,-168.863548,4.253107,2.939551,7.474757,7.124086,0.039321,0.014150
23.242001,-363.627968,-240.064340,7.159002,6.552682,-187.760190,-170.047981,3.991540,3.113622,7.475098,7.118045,0.039044,0.013960
23.246198,-362.549538,-241.324837,6.975133,6.577067,-187.095451,-170.423775,4.275353,2.839802,7.469945,7.115181,0.038656,0.014079
23.250395,-361.454295,-242.923986,7.200476,6.441197,-186.496497,-172.523854,4.110503,3.548524,7.471422,7.107483,0.039724,0.015028
23.254592,-360.347425,-244.843227,7.042032,6.387679,-184.147333,-172.217793,3.819522,2.838242,7.463023,7.102047,0.037502,0.013216
23.258789,-359.103368,-246.798861,7.097511,6.590462,-183.859967,-173.498958,3.743755,2.509514,7.457821,7.097569,0.037931,0.012467
23.262986,-357.381566,-248.750522,7.156118,6.494947,-182.942992,-175.760793,4.006011,3.608450,7.457692,7.088603,0.039927,0.014996
23.267182,-355.335108,-251.110600,7.125928,6.466919,-180.833169,-176.603955,4.126634,2.848981,7.450446,7.080415,0.038257,0.013969
23.271379,-353.579213,-253.444084,7.151637,6.623942,-179.315728,-178.593273,3.485645,3.416665,7.448283,7.070602,0.039722,0.013637
23.275576,-350.956695,-255.902407,6.944129,6.418689,-177.773287,-180.270487,3.594357,3.474369,7.442230,7.061609,0.039076,0.013965
23.279773,-349.207871,-259.041331,7.176703,6.428255,-176.874079,-181.240640,4.004764,2.701337,7.429920,7.056391,0.038073,0.013550
23.283970,-346.522509,-261.785938,7.016598,6.525183,-173.995163,-182.763259,3.673249,2.598665,7.424470,7.044011,0.037874,0.012711
23.288166,-344.057542,-265.071601,6.957945,6.577315,-172.744174,-186.004402,4.054596,3.443021,7.421576,7.031638,0.039953,0.014905
23.292363,-341.358668,-268.217023,6.887826,6.597435,-170.923097,-187.174679,4.190164,2.544972,7.410124,7.023232,0.038491,0.013959
23.296560,-338.605683,-271.373181,6.921490,6.527121,-169.412652,-189.380137,4.046415,2.335053,7.402720,7.012989,0.038036,0.013357
23.300757,-335.200300,-274.988946,7.101471,6.459214,-166.375650,-190.727876,4.233547,2.819112,7.391051,7.000495,0.038727,0.014577
23.304954,-332.139774,-278.813016,6.760039,6.596434,-163.448821,-194.326186,3.565960,3.732322,7.389664,6.982493,0.040240,0.014318
23.309151,-328.631138,-282.603102,6.888188,6.585479,-160.928409,-194.910663,3.929346,2.558917,7.372179,6.973373,0.038361,0.013611
23.313347,-324.626603,-286.946989,6.750868,6.550775,-158.729912,-197.817386,3.899334,2.836903,7.360972,6.959392,0.038716,0.013885
23.317544,-320.408893,-290.661094,6.673703,6.752600,-155.854477,-199.536690,3.780710,3.096358,7.348253,6.946284,0.039798,0.013970
23.321741,-316.282885,-294.984146,6.821063,6.628684,-152.963739,-202.180487,4.092623,2.580208,7.337246,6.930878,0.039008,0.014263
23.325938,-312.217279,-299.436137,6.846950,6.596959,-149.804252,-204.153642,3.610510,2.796973,7.323423,6.916226,0.038858,0.013223
23.330135,-307.845473,-304.055366,6.788444,6.332147,-146.628446,-206.234005,3.337746,2.689568,7.308600,6.901243,0.037495,0.012389
23.334332,-302.501931,-308.624755,6.864007,6.361272,-143.441198,-208.657641,3.627297,2.522003,7.292881,6.885437,0.037876,0.013084
23.338528,-297.764176,-312.944440,6.823157,6.347141,-139.988643,-211.104696,3.460414,2.574623,7.280796,6.868731,0.037779,0.012696
23.342725,-292.763596,-317.946324,6.540059,6.465283,-137.710757,-214.030845,3.396755,2.561486,7.263541,6.854918,0.037961,0.012475
23.346922,-286.889804,-323.004549,6.487513,6.473528,-133.622779,-216.086735,3.599923,2.742460,7.244874,6.837007,0.038315,0.013322
23.351119,-280.896342,-328.015259,6.533821,6.428184,-129.675068,-218.162684,3.511583,2.546074,7.225733,6.819474,0.037944,0.012951
23.355316,-275.091506,-333.124765,6.593570,6.549795,-125.616001,-220.409823,3.619614,2.649665,7.207881,6.801194,0.038642,0.013431
23.359512,-268.658345,-337.864629,6.411135,6.674509,-121.300077,-222.079930,3.744191,3.004998,7.187999,6.783106,0.039273,0.014179
23.363709,-262.444136,-343.140869,6.542621,6.620288,-117.273094,-224.857474,3.495953,2.979125,7.170289,6.763919,0.039108,0.013376
23.367906,-255.187454,-348.217325,6.558674,6.393643,-112.745051,-226.108337,3.129668,2.622319,7.145293,6.745739,0.037650,0.012014
23.372103,-248.092706,-352.664875,6.292533,6.588655,-109.193458,-228.801772,3.550673,2.834191,7.125744,6.728460,0.038665,0.013526
23.376300,-241.010417,-358.570542,6.463940,6.551194,-105.100417,-230.838471,3.068790,2.518093,7.099593,6.710437,0.037976,0.011755
23.380497,-233.133928,-364.007926,6.403996,6.499072,-100.468839,-232.967511,3.488426,2.905104,7.074744,6.690344,0.038639,0.013415
23.384693,-225.620614,-368.541027,6.789563,6.579816,-96.674659,-234.774923,3.558663,2.759004,7.050238,6.673802,0.039908,0.013605
23.388890,-217.159818,-373.885117,6.431784,6.301624,-92.316634,-236.382850,3.522066,2.887830,7.020367,6.655509,0.038523,0.013575
23.393087,-208.960614,-378.965434,6.584592,6.217998,-87.605120,-237.701296,3.483577,2.783655,6.992920,6.636290,0.038585,0.013451
23.397284,-200.241191,-384.288772,6.348905,6.476224,-82.098750,-239.640573,3.602521,2.533136,6.968061,6.613245,0.038355,0.013839
23.401481,-191.626991,-388.947982,6.232717,6.464002,-78.018968,-241.518895,3.631207,2.513164,6.939737,6.595639,0.038206,0.013950
23.405677,-181.576983,-394.300398,6.308662,6.420040,-73.620809,-242.823475,3.483665,2.689483,6.902378,6.577563,0.038303,0.013494
23.409874,-172.206090,-398.570310,5.999770,6.598047,-69.388245,-243.812321,3.350420,3.208807,6.869602,6.560452,0.037769,0.013176
23.414071,-162.396077,-403.034942,6.429223,6.642227,-64.214751,-245.620785,3.657606,3.167482,6.840859,6.538900,0.039813,0.014291
23.418268,-151.815401,-407.328227,6.172156,6.571115,-59.956761,-247.113386,3.643439,2.523552,6.803776,6.521214,0.038639,0.014120
23.422465,-141.711365,-411.729131,6.184392,6.490472,-55.165546,-247.807932,3.148207,2.922270,6.768959,6.502228,0.037649,0.012360
23.426662,-131.325149,-415.197611,6.254627,6.702219,-50.316065,-248.707154,3.666067,2.459827,6.736030,6.482801,0.039043,0.014291
23.430858,-120.525549,-419.065642,6.122283,6.816609,-45.605268,-249.840479,3.528815,2.404124,6.699973,6.463735,0.038328,0.013774
23.435055,-109.428058,-422.698532,6.157807,6.672089,-41.283919,-250.396236,3.189535,2.434600,6.659799,6.446590,0.037551,0.012499
23.439252,-98.166865,-425.431654,6.204097,6.670576,-36.070855,-250.999096,3.680826,2.272683,6.625185,6.425917,0.038861,0.014424
23.443449,-86.639347,-428.623497,6.151443,6.704355,-32.038989,-252.311325,3.702021,2.632746,6.583499,6.409491,0.038909,0.014498
23.447646,-74.703302,-431.194534,6.111232,6.765383,-26.737464,-252.663275,3.359446,2.325819,6.545656,6.388615,0.037790,0.013184
23.451843,-62.994800,-433.383016,5.920759,6.816784,-21.988982,-253.203669,3.610768,2.189167,6.506957,6.369811,0.037590,0.014173
23.456039,-50.583506,-434.862914,6.045270,6.560646,-17.836891,-253.672923,3.488987,2.556545,6.461986,6.353384,0.037919,0.013704
23.460236,-38.657907,-436.713751,5.905947,6.657671,-12.774628,-254.082004,3.263413,2.637432,6.423972,6.333421,0.036626,0.012822
23.464433,-26.551193,-437.469115,5.884622,6.804765,-7.546179,-254.027952,3.500181,2.535939,6.386420,6.312883,0.037151,0.013770
23.468630,-14.303609,-438.145488,5.776498,7.112512,-2.997165,-254.174045,3.297772,2.374410,6.344566,6.294977,0.036106,0.012973
23.472827,-1.222761,-438.225441,6.053982,7.011182,1.818396,-254.074948,3.747966,2.459627,6.299698,6.276029,0.038661,0.014751
23.477023,10.692357,-438.332632,6.195394,6.800173,6.940454,-254.208660,3.206653,2.461381,6.262811,6.255890,0.037881,0.012608
23.481220,22.907800,-437.772815,6.057030,6.860986,12.031786,-254.930157,3.573368,3.123007,6.223772,6.236024,0.038404,0.013998
23.485417,35.658491,-437.392833,6.016870,6.791439,16.368880,-253.835869,3.409992,2.389310,6.178482,6.218788,0.037488,0.013392
23.489614,47.119086,-435.561259,5.974619,6.509538,20.573576,-254.303432,3.621886,3.049394,6.137767,6.202459,0.038162,0.014183
23.493811,59.507955,-434.228131,6.375490,6.650274,26.412047,-253.968860,3.880880,3.063844,6.101606,6.179561,0.040700,0.015168
23.498008,71.914475,-431.966024,6.398619,6.545245,31.020894,-252.801313,3.119160,2.446922,6.058784,6.161087,0.038700,0.012212
23.502204,83.670967,-429.299489,6.248668,6.766058,35.763354,-252.954361,3.296275,3.166664,6.017918,6.142734,0.038818,0.012893
23.506401,95.793381,-426.679896,6.446182,6.599122,40.167905,-251.938294,3.516519,2.929694,5.974998,6.125081,0.039981,0.013731
23.510598,107.303871,-423.537995,6.111080,6.680611,45.062444,-250.887291,3.611073,2.692980,5.937183,6.105468,0.038743,0.014068
23.514795,118.794028,-420.033427,6.456994,6.560924,49.469808,-249.960625,3.284638,2.605422,5.896132,6.087800,0.039303,0.012800
23.518992,129.447252,-416.317596,6.239970,6.720669,55.369778,-248.915616,3.211750,2.653566,5.866575,6.064305,0.038525,0.012501
23.523189,140.709888,-412.054826,6.350410,6.514644,59.511754,-248.243004,3.213080,2.834410,5.823000,6.047894,0.038913,0.012511
23.527385,151.479344,-408.199988,6.365202,6.511677,64.173407,-246.895794,3.768849,2.609165,5.787085,6.028891,0.039868,0.014529
23.531582,162.144893,-403.427285,6.375097,6.406763,69.742989,-245.290728,3.215150,2.543032,5.754377,6.006168,0.038645,0.012430
23.535779,171.767885,-398.893044,6.198335,6.773702,72.732470,-244.211884,3.483256,2.724356,5.713691,5.993725,0.039016,0.013452
23.539976,181.526178,-393.923214,6.274180,6.532504,78.289122,-242.274641,3.607477,2.274598,5.685486,5.970635,0.038906,0.013759
23.544173,191.044560,-388.874494,6.635196,6.545737,82.547321,-241.051063,3.256737,2.825111,5.650026,5.953255,0.039815,0.012615
23.548369,200.693154,-383.787536,6.546826,6.320110,87.120699,-239.570750,3.138571,3.016592,5.616105,5.934399,0.039021,0.012257
23.552566,209.746690,-378.569426,6.650295,6.465116,92.383769,-236.933082,3.538311,2.232156,5.591234,5.911403,0.039462,0.013349
23.556763,218.386922,-373.360430,6.638175,6.052459,95.847874,-235.561074,3.605902,2.353483,5.556337,5.896752,0.038533,0.013589
23.560960,226.753381,-367.435365,6.337409,6.505875,100.362026,-233.473342,3.686959,2.525047,5.526857,5.877201,0.038918,0.013894
23.565157,234.850568,-361.871231,6.371378,6.362847,104.794915,-231.513220,3.567260,2.469954,5.498948,5.858128,0.038385,0.013402
23.569354,242.455192,-356.558233,6.730138,6.167706,110.186497,-229.818914,3.425768,2.805924,5.476442,5.836113,0.039074,0.013021
23.573550,250.175909,-350.778254,6.599040,6.210447,113.149230,-227.593292,3.605766,2.431724,5.444643,5.821816,0.038328,0.013398
23.577747,257.560442,-345.534570,6.848530,6.141738,117.499787,-224.423437,3.184645,2.124997,5.425358,5.800866,0.037639,0.011797
23.581944,264.524307,-339.881146,6.496528,6.055261,121.885386,-222.857974,3.777269,2.347451,5.399455,5.782710,0.037523,0.013780
23.586141,271.279859,-334.391004,6.950033,6.106663,126.511734,-220.295869,3.545362,2.162089,5.379846,5.761892,0.038058,0.012823
23.590338,277.534013,-328.479961,6.726176,6.054985,130.169196,-219.504299,3.699659,2.972290,5.349133,5.747918,0.038675,0.013812
23.594534,283.826016,-323.086295,6.531522,5.809162,134.366474,-217.066927,3.515445,3.079445,5.329364,5.728905,0.037483,0.013319
23.598731,290.216985,-318.004110,6.708033,6.218952,138.662381,-213.153359,3.583019,2.451765,5.317614,5.706438,0.037962,0.012929
23.602928,295.577311,-312.686658,6.525977,5.934934,141.572987,-211.258711,3.638928,2.491095,5.294789,5.692782,0.036694,0.013078
23.607125,301.319142,-307.022875,6.849325,5.813364,145.397454,-208.382127,3.074726,2.541871,5.276456,5.673975,0.036302,0.011456
23.611322,306.672693,-301.969973,6.796312,6.099658,148.781777,-205.673249,3.094044,2.024854,5.260052,5.656934,0.036363,0.010926
23.615519,311.240657,-296.616489,6.732301,5.877769,152.249426,-203.574277,3.690221,2.272603,5.241858,5.641041,0.036260,0.012799
23.619715,316.260369,-291.895480,7.086567,6.133241,154.763860,-201.408911,3.264935,2.756422,5.223106,5.628008,0.037797,0.012149
23.623912,320.427668,-286.914511,6.933052,5.930574,158.870086,-198.488844,3.267391,2.432149,5.213182,5.608202,0.036487,0.011679
23.628109,324.957730,-282.246653,6.853584,5.956565,161.026039,-196.325402,3.211456,2.707230,5.195152,5.596248,0.036616,0.011889
23.632306,329.345999,-278.075348,6.948001,5.888153,164.274450,-193.378057,3.616706,2.253239,5.186457,5.578982,0.035854,0.012291
23.636503,332.598696,-273.206604,6.873785,5.946080,167.131874,-190.642393,3.246179,2.384670,5.175218,5.563406,0.036025,0.011452
23.640700,336.382603,-268.694131,6.893436,5.964167,170.620046,-188.123427,3.268358,2.180965,5.164823,5.546539,0.035885,0.011142
23.644896,340.187494,-264.449452,6.975123,6.044190,172.718254,-186.214499,3.278712,2.632394,5.149421,5.535370,0.036819,0.011801
23.649093,343.398939,-260.597332,6.980541,5.966342,174.436609,-184.018341,3.340790,2.889965,5.137927,5.524511,0.036825,0.012366
23.653290,346.413850,-256.433524,6.953947,5.890480,177.357798,-181.469514,3.290826,2.511118,5.129763,5.509245,0.035865,0.011570
23.657487,349.594120,-252.538376,7.038177,5.858104,179.810660,-179.213856,3.636913,2.236546,5.120065,5.496125,0.035459,0.011883
23.661684,352.167008,-248.806396,6.950303,5.884894,181.545399,-178.480306,3.345020,3.076759,5.103347,5.489274,0.036885,0.012614
23.665880,354.978577,-245.561222,7.158399,6.261841,183.300901,-176.116038,3.430604,2.948084,5.096776,5.477799,0.038193,0.012545
23.670077,357.340822,-242.232405,7.060265,6.045259,185.162317,-173.991472,3.313314,2.971366,5.089735,5.466694,0.037201,0.012344
23.674274,359.487363,-239.325496,7.016744,5.962340,187.635885,-171.420212,3.537041,2.311516,5.088698,5.452656,0.035779,0.011541
23.678471,361.576071,-236.184295,6.944137,6.014244,188.832248,-169.463077,3.525190,2.519122,5.080981,5.443780,0.036173,0.011862
23.682668,363.623747,-233.458009,7.142865,5.961891,189.948438,-168.090229,3.201092,2.592620,5.072368,5.436813,0.035998,0.011338
23.686865,365.493382,-230.946462,7.149380,5.998457,191.410852,-165.971707,3.450335,2.246629,5.069617,5.426725,0.035584,0.011158
23.691061,367.125497,-228.694505,6.991756,5.914593,192.690666,-164.487205,3.417519,2.320247,5.065086,5.418989,0.035186,0.011190
23.695258,368.552241,-226.457877,6.948196,6.054508,193.954199,-164.014264,2.903363,3.164155,5.055856,5.414343,0.037288,0.012040
23.699455,369.511052,-224.217348,7.061438,5.916511,194.478579,-161.610637,3.183252,2.376545,5.055895,5.405745,0.035213,0.010816
23.703652,371.238017,-222.170075,7.026521,6.160855,195.654742,-161.672255,3.162600,2.876006,5.044203,5.402970,0.037159,0.011803
23.707849,371.864742,-220.737885,7.259381,5.919913,196.348310,-159.051071,3.230496,2.048645,5.050363,5.393225,0.034781,0.010220
23.712045,373.171694,-219.168088,7.018024,5.991512,197.324733,-159.781437,3.137513,3.052041,5.038080,5.393040,0.036793,0.012155
23.716242,373.401668,-217.634816,7.056275,6.005735,197.667886,-158.437024,3.255005,2.775170,5.037311,5.388063,0.036361,0.011732
23.720439,374.537846,-216.526708,7.107395,6.054692,198.437621,-156.960580,3.131462,2.130718,5.038559,5.381607,0.035340,0.010128
23.724636,374.750872,-215.752248,7.168386,6.095580,199.038950,-156.619672,3.263388,2.007763,5.037015,5.379078,0.035497,0.010114
23.728833,375.182026,-215.035584,7.101830,6.226542,199.126737,-156.461695,3.578229,2.440199,5.033571,5.378374,0.036779,0.011559
23.733030,375.824800,-214.549252,7.326605,6.198223,198.452347,-157.609722,3.340046,3.219860,5.023014,5.383580,0.038066,0.012891
23.737226,375.882616,-214.001587,7.218129,6.153034,198.939382,-157.353123,3.388886,3.232122,5.022228,5.381593,0.037955,0.012984
23.741423,375.912666,-213.722188,7.299642,6.197975,199.214137,-157.039525,3.582734,3.028302,5.022806,5.379952,0.037843,0.012820
23.745620,376.073513,-213.836946,7.371691,6.232478,200.201127,-156.115915,3.205589,2.401028,5.029511,5.374688,0.036861,0.010766
23.749817,375.865804,-213.699962,7.271809,6.197233,200.081028,-156.316246,3.263682,2.416725,5.027926,5.375601,0.036720,0.010903
23.754014,376.073513,-213.836946,7.371691,6.232478,199.770162,-157.769001,2.908902,3.039869,5.020295,5.380850,0.038005,0.011747
23.758211,375.448815,-214.521998,7.339341,6.174261,198.546802,-158.964164,3.670964,3.260736,5.016694,5.387519,0.038296,0.013473
23.762407,375.119429,-214.914223,7.111393,6.227877,197.947878,-157.562012,3.175396,2.373248,5.025454,5.384672,0.036404,0.010722
23.766604,374.788216,-216.000555,7.216974,6.182697,198.097075,-158.573508,3.165847,2.277121,5.026633,5.387425,0.036186,0.010482
23.770801,373.581019,-217.184669,7.270095,6.011055,197.243712,-159.544396,3.511813,2.458780,5.028316,5.392515,0.035917,0.011514
23.774998,372.558887,-218.548608,7.223340,5.957559,196.340391,-160.347018,3.240135,2.288159,5.031390,5.397217,0.035288,0.010688
23.779195,371.737083,-220.011794,7.164467,6.162087,194.985893,-162.036188,3.516435,2.885177,5.029338,5.405757,0.037240,0.012458
23.783391,370.375020,-221.811617,7.056485,5.971765,194.371508,-164.106117,2.947726,3.318295,5.029211,5.413559,0.037334,0.012459
23.787588,369.325978,-223.495614,7.006263,5.948294,193.327759,-164.489955,3.576838,2.371091,5.035875,5.417367,0.035373,0.011576
23.791785,367.351239,-225.520560,7.006263,5.948294,192.105681,-165.083984,3.058287,2.114602,5.044485,5.422280,0.034889,0.010100
23.795982,365.976709,-228.119658,6.900827,6.060835,191.460287,-167.081472,3.472351,2.064411,5.048847,5.429897,0.035481,0.010872
23.800179,364.350932,-230.319826,7.093197,6.114524,189.264312,-170.497418,3.255140,3.322279,5.041627,5.445670,0.038114,0.012925
23.804376,362.333621,-233.035807,6.922560,5.993256,187.276760,-170.600088,3.733519,2.271618,5.054984,5.451222,0.035456,0.011935
23.808572,360.124157,-235.681589,6.929059,6.121761,185.386300,-173.496064,3.552650,2.769886,5.054292,5.464668,0.036919,0.012444
23.812769,358.434470,-238.609571,7.088565,5.968862,183.899885,-175.223997,3.280310,2.968397,5.060747,5.473633,0.036672,0.012286
23.816966,355.724823,-241.747143,7.005704,6.085722,182.673728,-176.600461,3.125429,2.303075,5.072438,5.480884,0.036032,0.010750
23.821163,353.624642,-244.714026,6.989204,6.036980,180.453789,-178.904079,3.143265,2.164060,5.075561,5.493475,0.035541,0.010603
23.825360,350.626066,-248.506394,7.012982,6.124033,177.593390,-181.059307,3.570764,2.149619,5.084066,5.507451,0.036016,0.011673
23.829557,347.896595,-252.447323,7.149918,6.067068,175.785004,-182.870129,3.526965,2.230240,5.096559,5.517539,0.036072,0.011731
23.833753,344.581996,-256.138154,6.801864,6.059185,173.075548,-186.494909,3.587979,2.874293,5.098115,5.535090,0.037028,0.012880
23.837950,341.008231,-260.278887,7.155487,6.095443,170.999861,-188.082989,3.083824,2.689072,5.113972,5.545326,0.037070,0.011455
23.842147,338.103444,-264.420571,7.070459,5.939595,168.077892,-190.567552,3.694920,2.476273,5.122164,5.560412,0.036163,0.012668
23.846344,334.234004,-268.515925,7.108320,5.991614,165.231604,-193.019088,3.704049,2.553144,5.132512,5.575197,0.036661,0.012859
23.850541,330.426778,-273.122617,6.907641,5.978929,162.628185,-194.626181,3.221215,2.200118,5.149948,5.587115,0.035697,0.011222
23.854737,326.467474,-277.509958,6.923936,6.089757,159.185667,-197.511993,3.982265,2.354161,5.158464,5.604824,0.036802,0.013539
23.858934,322.485013,-282.498211,6.902705,5.976118,155.816957,-200.104366,3.560747,2.373270,5.171514,5.621581,0.036110,0.012481
23.863131,318.323704,-287.339267,7.032423,5.943637,152.972218,-202.771398,3.246518,2.411153,5.185149,5.636870,0.036139,0.011696
23.867328,313.175290,-292.285298,6.754138,5.917626,150.749978,-204.723804,3.203544,2.241434,5.206816,5.648473,0.035788,0.011414
23.871525,308.368689,-297.754621,6.862569,6.217569,146.480963,-207.326817,3.646213,2.129967,5.221798,5.668096,0.037083,0.012691
23.875722,302.901362,-302.893701,6.912882,5.850596,142.974370,-210.287584,3.325473,2.574600,5.237263,5.686078,0.036450,0.012221
23.879918,297.833635,-308.084384,6.612003,6.099969,139.863681,-212.775156,3.767408,2.690828,5.255259,5.701674,0.037569,0.013659
23.884115,291.965837,-313.621743,6.461950,6.268356,135.944117,-215.348425,3.806016,2.640271,5.274482,5.720086,0.038000,0.013796
23.888312,285.869055,-319.103424,7.266178,5.923742,132.148738,-218.556968,3.781729,3.089063,5.291632,5.739360,0.039018,0.014132
23.892509,280.339060,-324.477551,6.870497,6.187560,128.239014,-219.703750,3.762454,2.339927,5.315591,5.754844,0.038064,0.013589
23.896706,273.454050,-330.520792,6.879425,6.127421,124.368179,-221.862028,3.777898,2.240074,5.342205,5.772267,0.038009,0.013654
23.900902,266.986724,-336.510092,6.912482,6.120292,120.082476,-224.822159,3.620052,2.993976,5.362435,5.792614,0.038971,0.013696
23.905099,259.803296,-342.096020,6.821976,6.240349,116.541383,-226.996606,3.640922,2.931620,5.389212,5.808871,0.039370,0.013736
23.909296,252.930413,-347.736096,6.781768,6.303682,111.892145,-229.038511,3.579469,2.769620,5.411985,5.828756,0.039169,0.013488
23.913493,244.840564,-353.609726,6.585598,6.503265,107.831657,-231.201213,3.574403,2.858455,5.441565,5.846779,0.039620,0.013552
23.917690,237.324015,-359.423894,6.690533,6.393195,103.002080,-233.375750,3.188115,2.963635,5.466021,5.867542,0.039194,0.012359
23.921887,229.178544,-364.890198,6.767060,6.259048,98.724933,-234.433894,3.635472,2.369834,5.497797,5.884605,0.039049,0.013659
23.926083,220.096072,-370.425065,6.620769,6.237590,94.568996,-236.273815,3.774111,2.259672,5.530986,5.902462,0.039066,0.014158
23.930280,211.752984,-376.268094,6.686027,6.575290,89.984197,-238.216034,3.667108,2.410915,5.560376,5.922013,0.039981,0.013881
23.934477,202.370688,-381.708680,6.565081,6.463935,85.560741,-240.767268,3.420985,2.949668,5.591138,5.941737,0.039787,0.013194
23.938674,192.910811,-387.427917,6.424767,6.586641,81.094086,-241.664426,3.162722,2.716705,5.628823,5.959428,0.038907,0.012242
23.942871,183.550228,-392.495355,6.268037,6.773556,77.272542,-242.738943,3.325249,2.519844,5.665999,5.974993,0.038880,0.012795
23.947068,173.333030,-397.708388,6.642408,6.556149,72.615293,-244.505831,3.489498,2.575883,5.701615,5.994494,0.040185,0.013426
23.951264,162.969726,-402.807262,6.336589,6.372983,68.193661,-245.895072,3.696946,2.577213,5.739825,6.012656,0.039362,0.014219
23.955461,152.704850,-407.127841,6.260235,6.622069,63.186425,-246.429913,3.402410,2.477613,5.774938,6.032185,0.038664,0.013179
23.959658,141.496891,-411.598720,6.350792,6.487465,58.446675,-248.118770,3.839505,2.612450,5.813147,6.051843,0.040005,0.014848
23.963855,130.678587,-415.700474,6.490241,6.495050,54.222126,-249.421368,3.785675,2.832386,5.852205,6.069124,0.040656,0.014683
23.968052,119.338262,-419.953000,6.194464,6.409778,48.369053,-250.294156,3.736763,2.761742,5.886999,6.092290,0.039134,0.014538
23.972248,107.803070,-423.008863,6.320359,6.852422,44.158982,-251.183008,3.877199,2.897217,5.928455,6.109160,0.040483,0.015102
23.976445,95.635306,-426.383218,6.306513,6.680337,40.329508,-251.873156,3.763168,2.771948,5.976278,6.124415,0.040062,0.014668
23.980642,84.000188,-429.425049,5.995959,6.935740,34.649426,-252.829241,3.734668,3.016056,6.010681,6.146987,0.038728,0.014588
23.984839,71.509953,-431.939975,6.136396,6.662918,30.301281,-253.558196,3.678512,2.802183,6.056154,6.164245,0.039099,0.014362
23.989036,59.538080,-433.649330,6.156482,6.881358,25.898038,-253.762876,3.655696,3.042436,6.098314,6.181481,0.039194,0.014309
23.993233,47.094346,-435.721311,6.077234,6.966653,21.460688,-253.847697,3.366787,2.921951,6.143165,6.198844,0.037893,0.013204
23.997429,34.700564,-437.130134,6.083310,6.773957,17.154932,-254.214591,3.638896,2.649986,6.187556,6.215805,0.038586,0.014267
24.001626,22.021583,-438.021534,6.128290,6.718619,12.525544,-254.295627,3.620306,2.502167,6.231545,6.233969,0.038690,0.014210
24.005823,9.528981,-438.431760,5.894895,6.972004,6.806393,-254.407118,3.493211,2.579809,6.268392,6.256438,0.037232,0.013724
24.010020,-3.005869,-438.622695,6.230670,6.806716,3.622699,-255.261207,3.241829,2.951335,6.319320,6.268994,0.038282,0.012699
24.014217,-16.065493,-438.345644,6.324933,6.676269,-1.622130,-255.374199,3.689845,3.330896,6.361960,6.289537,0.039901,0.014448
24.018414,-28.314374,-437.378487,5.828129,6.582296,-6.007681,-254.885228,3.635580,3.052105,6.404815,6.306751,0.037394,0.014258
24.022610,-40.881878,-436.019669,6.019665,6.609730,-10.850617,-254.069077,3.291864,2.764938,6.446762,6.325867,0.037249,0.012941
24.026807,-53.367874,-434.418645,6.141085,6.569568,-15.537289,-253.811451,3.714285,2.445849,6.489663,6.344325,0.038856,0.014591
24.031004,-65.361907,-432.636588,6.054125,6.466439,-20.647826,-253.441260,3.289766,2.714188,6.527719,6.364476,0.037346,0.012924
24.035201,-77.241984,-430.117272,5.865817,6.751810,-25.495810,-253.146513,3.206870,2.802257,6.567655,6.383562,0.036536,0.012589
24.039398,-88.781920,-427.301717,6.437202,6.416363,-29.685733,-252.226970,3.537981,2.581636,6.608725,6.400341,0.039521,0.013886
24.043594,-100.281827,-424.292363,6.232809,6.578416,-33.838035,-251.281748,3.692464,2.917097,6.649862,6.417042,0.039056,0.014514
24.047791,-111.817283,-421.449360,5.978218,6.596408,-39.024477,-250.682887,3.864195,2.614729,6.686132,6.437618,0.038328,0.015133
24.051988,-123.196362,-417.772021,6.381541,6.567901,-43.739929,-250.625251,3.660725,2.394269,6.726935,6.455968,0.039395,0.014267
24.056185,-133.662739,-413.884886,6.232323,6.621658,-48.218900,-250.061088,3.787104,2.825606,6.763931,6.473676,0.039362,0.014752
24.060382,-144.727412,-409.883753,6.372869,6.590203,-53.555570,-248.653315,3.828123,2.794631,6.797832,6.495327,0.039781,0.014894
24.064579,-155.040188,-405.754090,6.312724,6.596798,-58.088089,-247.168372,3.607134,2.518612,6.831912,6.514011,0.038813,0.014015
24.068775,-165.073857,-401.053642,6.336220,6.551653,-62.599482,-245.530147,3.235327,2.479931,6.865791,6.532823,0.038022,0.012607
24.072972,-174.554498,-396.724298,6.128763,6.397562,-67.028965,-244.605280,3.166601,2.576237,6.898495,6.550649,0.037029,0.012337
24.077169,-184.017389,-391.516575,6.266725,6.439587,-71.943592,-243.809905,3.554608,2.447035,6.932269,6.570123,0.038244,0.013686
24.081366,-193.490434,-386.844402,6.396383,6.263560,-76.583145,-241.608008,3.057909,2.599149,6.960934,6.590140,0.037385,0.011911
24.085563,-201.987331,-381.946131,6.309529,6.530643,-81.381178,-240.213313,3.196991,2.408838,6.988225,6.609836,0.037755,0.012322
24.089759,-210.833754,-377.141807,6.521768,6.313036,-86.272389,-238.932678,3.505860,2.693415,7.016692,6.629691,0.038521,0.013471
24.093956,-219.152275,-371.933101,6.510655,6.447742,-90.013210,-237.254008,3.507455,2.619193,7.047587,6.645804,0.038533,0.013432
24.098153,-226.733327,-367.011742,6.610836,6.399114,-93.908358,-235.320136,3.505408,2.847009,7.072868,6.662887,0.038735,0.013508
24.102350,-234.825104,-361.630023,6.651206,6.410128,-99.281380,-233.481150,3.494557,2.819875,7.096620,6.685244,0.038858,0.013401
24.106547,-242.384222,-356.660832,6.649658,6.621117,-102.896110,-231.188337,3.701009,2.957457,7.121431,6.701936,0.039517,0.014182
24.110744,-249.194316,-351.468780,6.615000,6.434541,-107.395735,-229.517444,3.542094,2.811197,7.143692,6.720841,0.038661,0.013506
24.114940,-256.287372,-346.246786,6.763378,6.278970,-111.551567,-227.523576,3.376576,2.650997,7.166999,6.739031,0.038056,0.012820
24.119137,-262.833142,-341.194878,6.558329,6.510680,-116.101666,-225.773730,3.393014,2.287550,7.187456,6.758159,0.037975,0.012579
24.123334,-268.901481,-336.718281,6.483998,6.432667,-120.241119,-223.777977,3.602099,2.475860,7.204288,6.776244,0.037972,0.013315
24.127531,-275.175444,-331.408034,6.606723,6.274657,-123.865621,-221.359891,3.505207,2.635964,7.225165,6.793344,0.037660,0.013083
24.131728,-281.038705,-326.114902,6.580649,6.626959,-127.506284,-218.983430,3.250880,1.883740,7.244749,6.810462,0.037605,0.011701
24.135925,-286.551647,-322.064582,6.806989,6.557040,-130.707301,-215.916938,3.373290,2.682993,7.256044,6.827536,0.038455,0.012689
24.140121,-292.265707,-317.022310,6.759486,6.477526,-133.999401,-214.115590,3.524357,2.651170,7.277457,6.842379,0.038087,0.013073
24.144318,-297.654706,-313.085385,6.880533,6.292991,-138.189868,-212.245607,3.512896,2.678118,7.290105,6.860323,0.037650,0.012977
24.148515,-302.491219,-308.386048,6.875260,6.563114,-141.925515,-210.280809,3.546132,2.626327,7.305515,6.876889,0.038564,0.012953
24.152712,-306.717106,-303.828591,6.676973,6.460696,-144.960271,-207.249713,3.314948,2.857489,7.315725,6.893540,0.038053,0.012542
24.156909,-311.181976,-299.523593,6.952833,6.363950,-147.762693,-205.002386,3.680134,2.621261,7.329598,6.907725,0.037832,0.013280
24.161105,-315.547257,-295.472155,6.837860,6.269181,-151.372572,-202.796209,3.695815,2.630157,7.340077,6.924396,0.037376,0.013252
24.165302,-319.580127,-291.702401,6.856035,6.377399,-153.619318,-200.527716,3.805761,2.625829,7.351619,6.936895,0.037638,0.013528
24.169499,-323.634898,-287.858150,7.054762,6.430866,-157.610474,-198.585111,3.721153,2.496064,7.360623,6.954053,0.037952,0.013024
24.173696,-326.899297,-284.019027,6.757077,6.607728,-159.648854,-196.539454,3.821553,2.793868,7.372068,6.965381,0.038700,0.013625
24.177893,-330.236498,-280.605874,6.936303,6.382041,-162.305769,-194.635082,3.559063,2.731408,7.380826,6.978257,0.037782,0.012805
24.182090,-333.454535,-277.141654,7.026754,6.424803,-164.341780,-192.429161,3.800151,2.666877,7.389596,6.990019,0.037936,0.013313
24.186286,-336.508879,-273.863844,6.971042,6.350692,-166.565371,-190.064967,4.005518,2.851021,7.395871,7.002785,0.037919,0.014049
24.190483,-339.621959,-270.576363,7.147641,6.333380,-169.599216,-187.821838,3.584102,2.527752,7.401009,7.017644,0.037335,0.012462
24.194680,-341.935759,-267.895083,7.189404,6.480820,-171.930668,-187.236282,3.615810,3.459631,7.410983,7.025995,0.039752,0.013947
24.198877,-344.479682,-265.045674,7.112168,6.373719,-173.786822,-184.476758,3.754704,2.689755,7.412975,7.038754,0.037807,0.013009
24.203074,-347.151404,-262.306508,7.079735,6.534667,-174.780493,-182.990366,4.223581,2.729349,7.422721,7.045640,0.038463,0.014184
24.207271,-349.134478,-259.460796,6.983529,6.593288,-176.418900,-180.959078,4.091469,2.855463,7.427380,7.055880,0.038734,0.014021
24.211467,-351.115454,-257.408684,7.043474,6.521226,-178.381527,-179.168571,3.478225,2.499479,7.428676,7.066382,0.037651,0.011988
24.215664,-353.085864,-255.485149,7.055424,6.577386,-179.807641,-177.346915,3.647421,2.377680,7.430346,7.075473,0.037684,0.012156
24.219861,-354.478855,-253.351182,6.927304,6.333451,-181.948551,-176.534713,3.812437,2.651262,7.435098,7.083684,0.037323,0.012884
24.224058,-356.232315,-251.223319,6.957945,6.577315,-182.575652,-175.095931,4.221774,2.665790,7.440834,7.089493,0.038368,0.013831
24.228255,-357.358249,-249.856909,7.235776,6.342824,-184.171404,-174.565207,3.832784,2.989115,7.443888,7.095355,0.038188,0.013456
24.232451,-358.751614,-248.062186,7.030510,6.449650,-184.835766,-174.518482,3.952139,3.598048,7.453917,7.097286,0.039679,0.014827
24.236648,-359.648780,-246.893528,7.124516,6.510020,-185.829391,-172.104273,4.001218,3.148147,7.447656,7.106910,0.039033,0.014085
24.240845,-360.544430,-245.657518,6.913930,6.548450,-186.434822,-171.894451,3.784205,3.364506,7.453248,7.109139,0.039365,0.014052
24.245042,-361.491189,-244.732924,7.152941,6.559300,-187.987245,-170.446190,3.828427,2.934875,7.449441,7.117483,0.038875,0.013271
24.249239,-362.123089,-243.845920,7.238090,6.543174,-187.959273,-169.780566,3.676352,2.772752,7.451889,7.119355,0.038416,0.012675
24.253436,-362.404738,-243.363752,7.231704,6.467629,-188.872973,-170.210326,3.966869,3.380276,7.455031,7.120510,0.039554,0.014375
24.257632,-362.966295,-242.877553,7.392772,6.427245,-189.053009,-170.353453,4.035727,3.422854,7.458895,7.120566,0.039600,0.014579
24.261829,-363.146187,-242.603840,7.427399,6.575923,-188.562684,-168.681020,4.071365,2.837254,7.453447,7.124179,0.038904,0.013600
24.266026,-363.459998,-242.596890,7.319123,6.595417,-188.423894,-168.744989,3.939341,2.874380,7.454719,7.123625,0.038816,0.013402
24.270223,-363.651474,-242.733327,7.278569,6.694801,-188.322441,-168.800707,3.961097,2.856834,7.454927,7.123193,0.039099,0.013418
24.274420,-363.431691,-242.839792,7.420836,6.636821,-187.854587,-168.650884,3.691241,3.018988,7.454194,7.122398,0.039090,0.013214
24.278616,-363.139923,-242.801425,7.399238,6.481908,-188.483567,-169.753854,3.624255,3.684417,7.457854,7.120819,0.040026,0.014419
24.282813,-362.709372,-243.345003,7.294047,6.662493,-188.352853,-170.618534,3.542651,3.757692,7.458810,7.117946,0.040859,0.014411
24.287010,-361.872697,-244.221520,7.078239,6.679367,-188.078650,-170.564711,3.836800,3.163362,7.453114,7.117379,0.039707,0.013720
24.291207,-361.404548,-245.169660,7.134592,6.697492,-186.613863,-170.428151,3.830209,2.777534,7.449906,7.113885,0.038863,0.013050
24.295404,-360.018918,-246.286257,7.092480,6.836959,-186.670978,-171.267548,3.616176,2.639139,7.445553,7.111591,0.039347,0.012331
24.299601,-359.219757,-247.697556,7.236112,6.479375,-185.198357,-172.241972,3.707277,2.925090,7.444850,7.104815,0.038383,0.013091
24.303797,-358.078025,-249.094144,6.955415,6.563391,-184.580288,-173.676817,4.227250,2.879596,7.443934,7.099009,0.038748,0.014111
24.307994,-356.650055,-250.851721,6.865856,6.642554,-183.634671,-173.584442,3.677034,2.560185,7.433965,7.096711,0.038180,0.012415
24.312191,-355.433578,-252.703207,7.237646,6.481458,-182.316142,-175.699990,4.130154,2.817598,7.435458,7.087061,0.038484,0.013868
24.316388,-353.491972,-254.807150,7.216038,6.596397,-180.880620,-176.848402,4.318243,2.667923,7.429762,7.079855,0.038811,0.014117
24.320585,-351.766495,-256.961960,7.256579,6.562571,-180.174320,-178.714370,3.921039,3.192008,7.426142,7.072651,0.039609,0.014076
24.324782,-349.944885,-259.228470,7.281905,6.450180,-178.085226,-180.622572,3.542046,3.433611,7.425004,7.061510,0.039421,0.013755
24.328978,-347.803067,-261.743286,7.232092,6.593645,-177.911069,-182.182533,3.552471,3.468185,7.416012,7.056722,0.040315,0.013790
24.333175,-345.575753,-264.453157,7.160579,6.542496,-174.470989,-182.809775,3.742795,2.591259,7.408777,7.045248,0.038198,0.012842
24.337372,-343.035906,-266.971684,7.109834,6.520293,-172.750517,-185.388384,3.977353,3.416621,7.407195,7.033310,0.039795,0.014709
24.341569,-340.574709,-269.969226,6.850173,6.635168,-171.585189,-187.598256,3.551937,3.685109,7.400439,7.024031,0.040502,0.014212
24.345766,-337.837534,-273.249507,7.119708,6.571638,-168.554216,-188.466116,3.972967,2.792649,7.389664,7.012869,0.038846,0.013834
24.349962,-334.979514,-276.572761,7.121418,6.501903,-166.553762,-190.639592,4.147011,2.967191,7.382196,7.001255,0.039064,0.014549
24.354159,-331.995558,-279.869652,6.903307,6.571146,-164.926050,-193.150520,3.992549,3.236752,7.375202,6.989924,0.039672,0.014539
24.358356,-328.379319,-283.309594,6.747649,6.581005,-161.673799,-194.564714,3.821553,2.793868,7.364794,6.976516,0.038587,0.013595
24.362553,-325.030235,-286.839829,7.114709,6.583129,-159.782684,-196.316564,3.763593,2.822855,7.352826,6.966347,0.039151,0.013511
24.366750,-320.826288,-290.592717,6.927847,6.524331,-156.700832,-198.884613,4.027039,2.652277,7.344431,6.950503,0.038750,0.014075
24.370947,-317.184363,-294.635186,7.085028,6.494736,-154.104349,-200.810111,3.586536,2.694218,7.331898,6.937738,0.038631,0.012975
24.375143,-312.967380,-298.656463,6.767668,6.563038,-150.490363,-202.618595,3.169228,2.610052,7.320142,6.922016,0.037997,0.011817
24.379340,-308.985037,-302.695760,7.041169,6.254556,-148.002541,-205.416842,3.551893,2.709144,7.310419,6.907537,0.037844,0.012988
24.383537,-304.301077,-307.090894,6.814030,6.534916,-145.374590,-207.495972,3.007009,2.661037,7.294180,6.894323,0.038222,0.011437
24.387734,-299.383758,-311.947692,6.802763,6.507448,-141.521079,-209.906282,3.841718,2.860498,7.280146,6.876393,0.038958,0.014079
24.391931,-294.384958,-316.089502,6.831898,6.468045,-137.926343,-211.692990,3.464123,2.752492,7.265577,6.860642,0.038436,0.012936
24.396128,-289.226795,-320.733308,6.564283,6.394453,-134.014430,-214.101487,3.555678,2.483600,7.252030,6.842459,0.037489,0.013023
24.400324,-283.881619,-325.276276,6.764635,6.342263,-131.639307,-216.774857,3.639907,2.348647,7.234790,6.828928,0.037903,0.013175
24.404521,-278.303321,-330.082623,6.791518,6.426697,-127.028835,-218.308415,3.721605,2.764434,7.217633,6.810173,0.038647,0.013874
24.408718,-272.152805,-335.158105,6.885827,6.543682,-123.734775,-220.648677,3.429561,2.817147,7.196841,6.794265,0.039164,0.013019
24.412915,-265.825608,-340.207075,6.688345,6.408702,-119.424256,-223.198048,3.704899,2.919886,7.179708,6.774486,0.038864,0.014005
24.417112,-259.102663,-345.248623,6.512400,6.537573,-116.525605,-225.328408,3.261549,2.767690,7.154683,6.760448,0.038519,0.012472
24.421308,-252.527889,-350.017522,6.587589,6.279020,-112.115098,-227.579197,3.522846,2.599320,7.136860,6.740929,0.038084,0.013254
24.425505,-245.795813,-354.973346,6.646928,6.539049,-107.922209,-229.356955,3.464548,2.501751,7.115069,6.722990,0.038762,0.013062
24.429702,-238.582383,-360.176429,6.459313,6.419115,-103.513681,-232.017872,3.728408,2.778396,7.094829,6.702829,0.038766,0.014123
24.433899,-230.974097,-364.984133,6.455375,6.319764,-98.357832,-232.182344,3.526780,3.039729,7.067884,6.683889,0.038292,0.013710
24.438096,-223.004237,-369.870674,6.439047,6.546960,-94.116605,-235.170731,3.634802,2.545256,7.046536,6.663869,0.038726,0.013836
24.442293,-215.313190,-374.672189,6.385286,6.478052,-90.318948,-237.411704,3.660138,2.446374,7.021845,6.646710,0.038600,0.013896
24.446489,-206.813918,-380.193720,6.465021,6.519651,-85.808793,-238.615137,3.582546,2.909268,6.990393,6.628397,0.039121,0.013850
24.450686,-197.828027,-384.848977,6.288375,6.289326,-81.164290,-239.678487,3.290494,2.631713,6.960137,6.609703,0.037527,0.012760
24.454883,-189.658900,-389.735453,6.343315,6.682911,-76.731117,-241.823660,3.443923,3.247827,6.935258,6.590439,0.039211,0.013506
24.459080,-180.002250,-394.506987,6.244989,6.484817,-72.820946,-242.941896,3.020909,2.729624,6.898703,6.574409,0.037549,0.011821
24.463277,-171.084664,-399.288390,6.110854,6.714204,-68.319171,-245.446001,3.524588,2.722405,6.872105,6.554661,0.038451,0.013632
24.467473,-161.059837,-403.771501,6.286475,6.644746,-62.967535,-245.764682,3.202767,2.413089,6.838766,6.534001,0.037957,0.012455
24.471670,-151.141968,-407.872638,6.313490,6.630121,-58.138079,-246.772865,3.554390,2.731094,6.806751,6.514560,0.038849,0.013868
24.475867,-140.756426,-411.398497,6.133470,6.619248,-54.078893,-247.913825,3.591545,2.397800,6.770690,6.497957,0.038331,0.013975
24.480064,-130.143460,-415.975163,5.938007,6.602014,-49.298313,-248.880995,4.064154,2.727449,6.733813,6.478734,0.038711,0.015851
24.484261,-119.589652,-419.078078,6.106075,6.651277,-44.122814,-250.250476,3.778199,2.699121,6.703546,6.457706,0.038826,0.014758
24.488458,-108.673487,-422.506978,5.984230,6.675637,-39.955553,-250.984695,3.614325,2.225706,6.664240,6.441056,0.037870,0.014112
24.492654,-97.872695,-426.327866,6.130535,6.797043,-35.004831,-251.304687,3.141871,2.757692,6.628030,6.421587,0.037324,0.012356
24.496851,-86.179290,-428.420946,6.123224,6.627209,-29.729580,-252.151174,3.538823,2.252820,6.593111,6.400547,0.038174,0.013881
24.501048,-74.536479,-431.216700,6.101115,6.541373,-25.674045,-252.636568,3.582142,2.157359,6.550265,6.384462,0.038144,0.014060
24.505245,-62.919504,-433.177243,5.870420,6.598758,-20.060145,-253.275226,3.663669,2.270045,6.517063,6.362223,0.037434,0.014392
24.509442,-51.281332,-434.859387,6.077841,6.470530,-15.899836,-253.732063,3.472160,2.147224,6.476097,6.345767,0.037893,0.013641
24.513639,-39.348467,-436.555673,6.164468,6.870312,-11.646982,-253.788953,3.722508,2.590499,6.433608,6.329046,0.038974,0.014644
24.517835,-26.855749,-437.574536,5.827755,6.699965,-6.790796,-253.660188,3.295402,2.264367,6.391855,6.309950,0.036212,0.012984
24.522032,-14.470271,-438.187526,6.111488,6.668627,-2.389994,-253.875531,3.340974,2.482999,6.348634,6.292599,0.037712,0.013159
24.526229,-2.761834,-438.226512,5.954503,6.978368,3.430507,-254.399825,3.381723,2.581020,6.316858,6.269701,0.037234,0.013291
24.530426,9.461917,-438.258032,5.848661,6.906366,6.295317,-254.080723,3.645884,2.649982,6.265994,6.258414,0.037416,0.014343
24.534623,21.735825,-438.004154,5.671112,7.021805,12.152175,-253.929152,3.695656,2.656110,6.231168,6.235365,0.036735,0.014529
24.538819,34.043783,-436.991733,6.333251,6.788976,17.436317,-253.347820,3.223855,2.627812,6.192998,6.214470,0.038548,0.012685
24.543016,46.052596,-435.980944,5.890757,6.810694,22.167663,-253.561561,3.612347,2.755226,6.152992,6.195982,0.037601,0.014170
24.547213,58.171600,-434.185197,6.061379,6.937065,26.136960,-252.875833,3.614993,2.331568,6.108305,6.180192,0.038375,0.014176
24.551410,70.136020,-431.749041,5.991504,6.823737,31.112839,-252.934952,3.544265,2.939318,6.068321,6.160793,0.038155,0.013875
24.555607,81.938401,-429.334497,6.066990,6.756277,35.676414,-252.140574,3.304190,2.733167,6.027805,6.142624,0.037859,0.012935
24.559804,93.818919,-427.112422,6.234419,6.746997,39.495957,-251.286169,3.204374,2.558893,5.983530,6.127286,0.038190,0.012542
24.564000,104.685360,-423.918867,6.059232,6.759472,44.477903,-251.347566,3.688112,2.743252,5.947505,6.108041,0.038931,0.014351
24.568197,116.227061,-420.753950,6.046557,6.660481,49.499541,-250.008799,3.311269,2.609904,5.910633,6.087722,0.037796,0.012899
24.572394,127.661135,-417.560803,6.149575,6.544916,53.541001,-248.552005,3.282888,2.308725,5.869887,6.071016,0.037747,0.012766
24.576591,138.438781,-413.140328,6.281687,6.529573,59.445981,-247.501128,3.114161,2.390024,5.838191,6.047466,0.038148,0.012097
24.580788,149.260331,-408.838707,6.308072,6.457251,63.521160,-246.383225,3.289795,2.283586,5.797569,6.030865,0.038420,0.012719
24.584985,159.289413,-404.942063,6.313540,6.742830,68.410082,-245.469939,3.510027,2.555508,5.765210,6.011392,0.039338,0.013539
24.589181,169.223919,-400.082456,6.483869,6.329750,72.745844,-244.467736,3.705035,2.816856,5.728204,5.993961,0.039990,0.014275
24.593378,179.633089,-395.112797,6.358585,6.492430,77.137973,-242.966836,3.431896,2.879702,5.690355,5.975767,0.039179,0.013279
24.597575,189.045791,-390.268617,6.427940,6.320153,82.125174,-241.792990,3.593364,2.832151,5.659082,5.955760,0.039447,0.013793
24.601772,198.216020,-384.834024,6.558620,6.613665,86.164301,-239.792949,3.390363,2.659985,5.625407,5.938225,0.039769,0.013010
24.605969,207.263680,-380.094829,6.744126,6.403004,90.899585,-237.921512,3.636111,2.236082,5.597285,5.918242,0.039852,0.013699
24.610165,216.055942,-374.969455,6.632065,6.448122,95.420041,-236.025382,3.281775,2.308711,5.568201,5.898996,0.038956,0.012425
24.614362,224.323657,-369.323103,6.682104,6.244542,99.229992,-233.915994,3.230595,2.079945,5.537357,5.881982,0.038230,0.012133
24.618559,232.610147,-363.727808,6.497085,6.387463,103.405331,-232.614447,3.360282,2.671537,5.505119,5.864885,0.038705,0.012793
24.622756,240.471718,-358.494025,6.692550,6.303259,107.766447,-230.029868,3.212097,2.284537,5.481550,5.845063,0.038232,0.012070
24.626953,247.739300,-352.717664,6.809858,6.427142,112.210485,-228.581223,3.780127,2.566404,5.453942,5.826844,0.039880,0.014047
24.631150,255.339768,-347.062124,6.966899,6.318480,116.565585,-225.575746,2.676310,2.206845,5.431460,5.806230,0.038156,0.010179
24.635346,262.273721,-341.611398,6.611630,6.134245,120.539842,-224.031302,3.435958,2.343976,5.404910,5.789564,0.037690,0.012670
24.639543,268.758313,-335.951500,6.859535,6.098971,124.484208,-221.534572,2.924963,2.198298,5.382879,5.771238,0.037339,0.010893
24.643740,275.231893,-330.545904,6.791892,6.010247,128.004306,-219.895182,3.627218,2.260640,5.356889,5.756020,0.037520,0.013106
24.647937,281.299673,-324.726450,6.847064,6.005124,131.663575,-218.504979,3.143220,3.057323,5.329705,5.740882,0.038229,0.012232
24.652134,287.353359,-319.889533,6.867163,6.032268,135.573575,-215.366820,3.624327,2.674700,5.315455,5.721356,0.037957,0.013290
24.656330,293.621161,-314.424480,6.814827,5.932271,139.337887,-212.312780,3.186600,2.581243,5.297046,5.702404,0.036796,0.011881
24.660527,298.906445,-308.963862,7.060343,5.976958,143.105549,-209.719510,3.303395,2.389373,5.279567,5.684392,0.037117,0.011985
24.664724,303.822177,-303.986568,7.162312,6.138245,145.686924,-208.024841,3.677361,2.560728,5.257818,5.672235,0.038142,0.013196
24.668921,308.763084,-298.643922,6.999728,5.871441,149.074733,-205.704359,3.180241,2.855819,5.239472,5.656071,0.037025,0.012094
24.673118,313.171667,-294.030012,7.074579,6.084708,152.166654,-203.185333,3.555032,2.756722,5.226096,5.640385,0.037860,0.012963
24.677315,318.013786,-289.075591,6.959445,5.962966,156.025402,-200.107419,3.537941,2.185352,5.214637,5.620940,0.036342,0.012204
24.681511,322.508285,-284.734533,6.873698,5.995337,159.423573,-198.326065,3.134705,2.722500,5.199621,5.606104,0.036893,0.011710
24.685708,326.841364,-280.168759,6.932000,5.905325,161.457180,-195.811851,3.263200,2.608241,5.184057,5.593652,0.036209,0.011881
24.689905,330.125693,-275.629306,6.961618,5.698066,164.875143,-193.051343,3.279103,2.332506,5.175808,5.576346,0.035151,0.011492
24.694102,334.319515,-271.363302,6.842320,6.143638,167.277247,-190.445988,3.051148,2.181242,5.163489,5.562464,0.036178,0.010679
24.698299,337.437906,-267.000065,6.934729,5.817922,170.397446,-188.595316,3.096118,2.385608,5.151238,5.548435,0.035460,0.011013
24.702496,340.895560,-262.914752,7.139917,5.928628,172.305842,-186.717194,3.268811,2.873867,5.136880,5.537906,0.036860,0.012175
24.706692,343.840101,-259.032517,6.976014,6.025523,174.361666,-184.545466,3.284794,2.612253,5.126483,5.526154,0.036546,0.011763
24.710889,346.424647,-255.291847,6.922615,5.888830,177.049219,-181.307873,3.128800,2.171758,5.124216,5.509670,0.035201,0.010671
24.715086,349.682855,-251.788183,6.995827,6.013032,178.692262,-179.619719,3.178100,1.896377,5.111768,5.500376,0.035196,0.010341
24.719283,351.844278,-248.329068,6.987869,6.048402,180.493812,-178.339586,3.258148,2.727391,5.100165,5.491784,0.036733,0.011828
24.723480,354.435070,-245.040918,7.135441,6.018837,182.814774,-175.544798,3.201616,1.996321,5.097148,5.477503,0.035483,0.010432
24.727676,356.585724,-242.392305,7.219113,6.052634,184.854311,-173.901634,3.165175,2.099799,5.091881,5.467267,0.035852,0.010456
24.731873,358.824011,-239.319087,7.304711,5.760896,186.110402,-172.165883,3.130712,2.253026,5.083214,5.458886,0.034778,0.010624
24.736070,360.953231,-236.352752,6.824121,6.104797,186.839654,-171.118759,3.863239,2.637992,5.070865,5.453897,0.036617,0.012846
24.740267,362.457748,-234.193530,7.245744,6.094092,188.596584,-169.037430,3.150367,2.102072,5.070949,5.443151,0.035778,0.010350
24.744464,363.737898,-231.765435,7.117516,5.996766,190.417960,-167.171746,3.179702,2.130671,5.069128,5.432870,0.035441,0.010415
24.748661,365.278621,-229.398254,7.079107,6.091000,190.446589,-165.996549,3.115877,2.197241,5.060283,5.429300,0.035671,0.010424
24.752857,367.039834,-227.639895,6.984076,6.032401,192.611579,-166.612242,3.477873,3.273456,5.048950,5.425537,0.037727,0.013203
24.757054,368.027116,-225.674049,7.134182,5.897973,192.396681,-165.122829,3.892640,3.005097,5.044392,5.421648,0.036579,0.013449
24.761251,369.859548,-223.839510,7.010133,5.931121,193.900918,-164.279359,3.084970,3.146763,5.038773,5.415275,0.036699,0.012281
24.765448,370.172456,-222.247568,7.271707,6.080772,194.433942,-162.855929,3.613553,2.847937,5.038293,5.409634,0.037045,0.012562
24.769645,370.950994,-221.199596,7.038465,6.196545,195.250747,-161.722167,3.499905,2.712439,5.038797,5.404137,0.037117,0.012059
24.773842,371.421250,-219.804837,6.930588,6.081456,196.092355,-160.319598,3.201982,2.135459,5.039480,5.397753,0.035530,0.010326
24.778038,371.683635,-219.169744,7.121286,6.046557,196.654341,-159.975168,3.082724,2.223058,5.038511,5.395298,0.035664,0.010255
24.782235,372.303993,-218.337048,7.102267,6.299669,196.210539,-159.188708,3.197806,1.960334,5.036440,5.393992,0.036219,0.009994
24.786432,373.031442,-217.903556,6.990374,6.113164,195.947811,-160.114191,3.494635,2.838267,5.027832,5.397486,0.036778,0.012321
24.790629,373.088650,-217.638370,7.041505,6.095677,197.316350,-161.141649,3.817945,3.383768,5.023379,5.397210,0.038323,0.013989
24.794826,373.226093,-217.713207,7.116558,6.104179,197.146728,-161.003767,3.720748,3.365116,5.023966,5.397212,0.038255,0.013797
24.799022,373.117393,-217.511799,7.091966,6.217232,196.381056,-160.266956,3.645159,3.317104,5.025625,5.396871,0.038433,0.013619
24.803219,373.318620,-217.558246,7.066753,6.238168,196.386443,-160.540370,3.571510,3.217076,5.024139,5.397693,0.038239,0.013260
24.807416,373.285085,-217.784801,7.120801,6.137176,196.840169,-160.695591,3.814969,2.863903,5.025311,5.397036,0.037244,0.012898
24.811613,372.996644,-217.861554,7.100594,6.256486,196.921781,-160.560017,3.678433,2.439954,5.027017,5.396419,0.036986,0.011794
24.815810,371.961604,-219.613761,7.056590,6.111248,194.854626,-160.585125,3.727986,2.306542,5.034104,5.401670,0.035841,0.011742
24.820007,370.946147,-220.210923,6.926998,5.946718,194.760241,-161.843279,3.526622,2.952669,5.032294,5.405741,0.036422,0.012635
24.824203,370.479833,-221.850434,7.006536,6.144726,194.908609,-162.565186,3.745884,2.386131,5.038038,5.407555,0.036386,0.011895
24.828400,369.452368,-222.951849,6.989398,5.914538,192.765444,-164.163293,3.974372,2.781093,5.033594,5.417824,0.035986,0.013172
24.832597,368.432115,-224.558206,7.045621,5.996140,192.644651,-164.273703,3.141764,2.197463,5.042760,5.418465,0.035185,0.010414
24.836794,367.171663,-225.864047,6.904563,6.082363,192.328562,-165.250031,3.188777,2.056011,5.046100,5.422204,0.035438,0.010246
24.840991,365.736854,-227.963784,7.020650,6.129415,190.759481,-166.658592,3.167497,2.008368,5.049385,5.430459,0.035590,0.010166
24.845187,364.193807,-230.073784,7.180307,6.011864,189.415367,-168.394020,3.512364,2.266735,5.051647,5.439104,0.035702,0.011378
24.849384,362.902238,-232.323653,7.161463,6.193523,187.632024,-170.211534,3.638120,2.383127,5.052960,5.449144,0.036602,0.011902
24.853581,361.296117,-234.859565,7.096156,6.021372,186.775292,-170.913612,3.024164,2.004625,5.063606,5.453471,0.035096,0.009957
24.857778,359.245117,-237.576642,7.147865,5.996770,185.330655,-173.263629,3.574285,2.105721,5.066590,5.464149,0.035454,0.011372
24.861975,357.451157,-240.027725,6.974267,6.077070,183.232917,-176.965495,3.512673,3.403541,5.059690,5.480389,0.038148,0.013569
24.866172,354.907245,-243.605916,6.989890,5.957448,181.592591,-177.084940,3.721500,2.178465,5.078866,5.485220,0.035373,0.011947
24.870368,352.404502,-246.295667,7.105522,6.105288,179.408256,-179.014886,3.775055,2.280281,5.083303,5.496690,0.036300,0.012298
24.874565,349.795976,-249.982860,6.994948,6.046687,177.331003,-181.631970,3.745106,2.491801,5.089717,5.509768,0.036365,0.012588
24.878762,347.438862,-253.371106,7.007512,5.961244,175.336699,-183.020256,3.690535,2.304310,5.100436,5.519225,0.035668,0.012252
24.882959,343.884576,-256.439751,7.017322,5.976876,172.648361,-185.470035,3.094157,2.652410,5.105294,5.533575,0.036235,0.011435
24.887156,341.416575,-260.584930,6.988499,6.138026,170.329460,-186.800573,3.273096,2.238423,5.119556,5.543875,0.036136,0.011275
24.891353,337.840283,-264.928211,7.074646,6.205772,168.819135,-189.396614,3.237358,2.128789,5.132642,5.555168,0.036617,0.011041
24.895549,334.134211,-268.944571,6.947278,6.178742,166.068151,-191.634083,3.540468,2.275407,5.143528,5.569138,0.036822,0.012077
24.899746,330.467466,-273.491089,6.870633,6.185486,162.298619,-194.431616,3.334313,2.523529,5.151848,5.587621,0.036935,0.011955
24.903943,327.024822,-277.742987,6.698579,6.218599,160.557951,-196.699223,3.271558,2.317879,5.165458,5.598607,0.036733,0.011531
24.908140,322.812510,-282.413459,6.938278,5.912132,156.510230,-199.641063,3.235767,2.581723,5.174213,5.618303,0.036109,0.011840
24.912337,318.623567,-287.466245,7.041900,6.170247,154.759988,-202.440723,3.037666,3.021295,5.191026,5.630487,0.038174,0.011897
24.916533,314.251051,-291.870538,6.964419,6.086296,150.634224,-203.887188,3.283604,2.548230,5.205771,5.646883,0.036931,0.012009
24.920730,309.395679,-297.547178,7.237556,6.053446,147.310096,-206.732885,3.457269,2.461172,5.223095,5.664078,0.037239,0.012437
24.924927,304.423608,-302.154877,7.047816,6.026061,144.598923,-208.818983,3.083928,2.313789,5.240953,5.677537,0.036693,0.011249
24.929124,298.848633,-307.374929,6.830420,6.246493,141.845008,-210.532955,2.963679,1.933014,5.265080,5.690300,0.036867,0.010576
24.933321,293.817005,-312.446577,6.580083,6.019339,137.226110,-213.449981,3.141927,2.183110,5.276148,5.711820,0.035997,0.011407
24.937518,288.382839,-318.326601,6.783682,6.027713,135.091073,-215.606724,3.274159,2.266880,5.302761,5.723463,0.036836,0.011887
24.941714,281.510904,-323.870983,6.836415,6.192680,130.424400,-219.179233,3.697095,3.082116,5.318351,5.746407,0.039201,0.013906
24.945911,275.541938,-329.123867,6.761215,6.105403,126.472496,-219.899097,3.712936,2.272889,5.344733,5.761247,0.037646,0.013451
24.950108,269.193385,-334.814907,6.781667,6.093325,122.620980,-222.820396,3.712552,2.532074,5.364847,5.780102,0.038151,0.013660
24.954305,262.625501,-340.149760,6.814926,6.312061,118.721852,-225.177801,3.667147,2.562834,5.386490,5.797987,0.039023,0.013581
24.958502,255.302525,-346.220607,6.680977,6.096230,115.670527,-226.908706,3.223878,2.513551,5.419475,5.811755,0.037861,0.012135
24.962699,248.465189,-351.997531,6.473955,6.035317,110.494676,-229.979788,3.021254,3.041389,5.436504,5.835297,0.037627,0.011856
24.966895,240.293376,-357.400749,6.605848,6.162923,107.412535,-230.934649,3.181255,2.274894,5.473058,5.847828,0.037844,0.011935
24.971092,232.819973,-363.329606,6.850874,6.256093,102.626476,-233.142821,3.662909,2.607332,5.497761,5.868522,0.039594,0.013792
24.975289,224.446018,-368.431638,6.608838,6.545042,97.416310,-234.995093,3.300471,2.524447,5.522380,5.890202,0.039149,0.012573
24.979486,216.054170,-374.273056,6.636674,6.431400,93.470647,-236.241663,3.245633,2.217627,5.556993,5.906429,0.038654,0.012305
24.983683,206.878996,-379.770555,6.581931,6.319562,89.664356,-238.635291,3.308808,2.561377,5.590114,5.923768,0.038963,0.012654
24.987879,198.252735,-385.065206,6.627830,6.276871,85.067131,-240.651382,3.502937,2.661302,5.618426,5.943407,0.039490,0.013398
24.992076,188.727803,-390.006690,6.556273,6.537385,80.747482,-241.768750,3.614627,2.539806,5.653635,5.960847,0.039947,0.013816
24.996273,178.969784,-395.169710,6.468538,6.461507,75.645524,-242.584832,3.246458,2.157512,5.687954,5.980910,0.038564,0.012456
25.000470,169.260735,-399.932594,6.434681,6.525455,71.586534,-244.667479,3.200644,2.627521,5.721657,5.998543,0.038946,0.012393
25.004667,159.233566,-404.611258,6.433029,6.653815,66.731695,-245.276297,3.661579,2.091619,5.757190,6.017548,0.039605,0.014066
25.008864,148.740803,-409.014258,6.562688,6.727284,62.110950,-246.836633,3.636543,2.621060,5.792580,6.036675,0.040470,0.014081
25.013060,137.878957,-413.505971,6.351714,6.724612,57.465882,-248.610743,3.184008,2.991525,5.829457,6.056027,0.039000,0.012441
25.017257,126.776185,-417.307042,6.316357,6.735946,53.275601,-248.726112,3.100658,2.393201,5.872038,6.072180,0.038358,0.012081
25.021454,115.498278,-421.185025,6.264983,6.609891,48.450112,-250.458328,3.410882,2.900987,5.908969,6.092100,0.038953,0.013304
25.025651,104.140208,-424.519879,6.260728,6.681771,43.470200,-251.197361,3.162959,2.658933,5.946474,6.111830,0.038304,0.012354
25.029848,92.320509,-427.366910,6.116862,6.797787,39.236517,-251.742895,3.254656,2.585424,5.989657,6.128570,0.037926,0.012718
25.034044,80.777020,-430.133592,6.152703,6.721607,34.617551,-252.650941,3.055254,2.928757,6.028743,6.147016,0.037624,0.011972
25.038241,68.695365,-432.662942,6.162846,6.699041,30.373387,-252.744218,3.442305,2.370032,6.073325,6.163584,0.038385,0.013472
25.042438,56.798526,-434.611489,6.313667,6.842135,25.335642,-253.325352,3.444047,2.731800,6.111343,6.183505,0.039116,0.013503
25.046635,44.543060,-436.121138,6.050560,6.784849,20.841935,-253.855009,3.162089,3.010568,6.153875,6.201267,0.037200,0.012411
25.050832,31.783407,-437.241054,6.461423,6.664205,15.605372,-253.918680,3.170425,2.380908,6.195164,6.221804,0.039104,0.012452
25.055029,19.297086,-437.445507,6.035420,6.683539,11.781512,-254.836069,3.395859,2.995163,6.242052,6.236986,0.037895,0.013308
25.059225,7.280442,-438.501078,5.960915,7.022667,7.212076,-255.060529,3.183971,3.082611,6.282813,6.254917,0.036840,0.012478
25.063422,-4.798192,-438.519450,6.038971,6.454139,3.115949,-254.393396,3.208464,2.618107,6.326141,6.270937,0.037107,0.012611
25.067619,-17.191752,-437.718697,6.054494,6.761954,-1.874233,-254.668351,3.399858,2.587737,6.366670,6.290545,0.037813,0.013350
25.071816,-29.433664,-437.250585,6.195346,6.786698,-6.235504,-254.257399,3.692373,2.580645,6.409283,6.307705,0.039104,0.014516
25.076013,-41.598299,-436.459694,6.247626,6.801397,-11.634102,-254.085732,3.616074,2.588386,6.446031,6.328941,0.039066,0.014210
25.080210,-53.537391,-434.280939,6.244299,6.868386,-16.926600,-253.805269,3.371959,2.732338,6.483327,6.349778,0.038601,0.013246
25.084406,-65.303250,-433.103921,6.064976,6.616229,-21.072874,-253.080439,3.199679,2.205271,6.524106,6.366259,0.037027,0.012577
25.088603,-77.340504,-430.269149,5.908189,6.693837,-24.985499,-252.585100,3.271329,2.326535,6.569729,6.381784,0.036605,0.012858
25.092800,-88.581299,-427.586997,6.343771,6.589389,-29.991718,-252.029382,3.769270,2.863433,6.605297,6.401629,0.039766,0.014807
25.096997,-100.193964,-424.450799,6.270985,6.815087,-34.733269,-251.873250,3.583378,2.673403,6.645731,6.420221,0.039198,0.014035
25.101194,-111.012828,-421.889817,6.436313,6.701372,-40.178775,-250.938109,3.464490,2.316885,6.676002,6.441952,0.039330,0.013538
25.105390,-122.117837,-418.345927,6.209979,6.655738,-44.345024,-250.038962,3.734988,2.626615,6.716047,6.458713,0.038999,0.014594
25.109587,-133.081657,-414.333814,6.349914,6.713172,-49.219374,-248.884212,3.452560,2.343935,6.752318,6.478426,0.038838,0.013470
25.113784,-143.162961,-411.132478,6.385284,6.662259,-53.729176,-248.164840,3.494986,2.611777,6.785093,6.496400,0.039005,0.013628
25.117981,-153.388170,-406.021924,6.407500,6.340458,-58.003904,-246.987631,3.634847,2.467138,6.823437,6.513851,0.038944,0.014124
25.122178,-163.336725,-402.318791,6.386952,6.503412,-62.317676,-245.328597,3.480052,2.549694,6.854959,6.531941,0.038516,0.013554
25.126375,-172.716703,-397.731101,6.586412,6.662057,-67.859063,-244.580917,3.496092,2.211468,6.883550,6.553828,0.039438,0.013475
25.130571,-181.838393,-392.989083,6.350548,6.541869,-72.138955,-243.226211,3.614993,2.450028,6.915384,6.571513,0.038766,0.013934
25.134768,-191.120245,-388.279116,6.626690,6.466949,-76.143657,-241.364654,3.535713,2.729392,6.947232,6.588775,0.039281,0.013712
25.138965,-199.842702,-383.789216,6.250210,6.593263,-81.010300,-239.743246,3.129683,2.736869,6.972963,6.609044,0.037757,0.012217
25.143162,-208.710374,-379.007944,6.578364,6.409947,-86.247453,-239.303992,3.564785,2.503601,7.002914,6.629103,0.038902,0.013600
25.147359,-216.728418,-374.012085,6.562155,6.461509,-89.997768,-237.032744,3.657559,2.265765,7.029740,6.646057,0.038654,0.013854
25.151556,-224.756073,-369.359535,6.546493,6.482069,-94.277337,-235.464250,3.554437,2.484488,7.055661,6.664027,0.038547,0.013510
25.155752,-231.736545,-364.544841,6.421232,6.567411,-99.069113,-233.050885,3.038893,2.290848,7.073026,6.685138,0.037633,0.011597
25.159949,-239.213427,-359.291658,6.565346,6.383687,-103.050001,-231.340248,3.399410,2.708399,7.099666,6.702247,0.038284,0.013011
25.164146,-246.618905,-354.295764,6.542023,6.440510,-107.558404,-229.963649,3.534501,2.559701,7.124443,6.720676,0.038380,0.013315
25.168343,-253.567263,-349.529380,6.392920,6.442600,-111.034235,-227.455853,3.103515,2.624873,7.145750,6.737314,0.037410,0.011921
25.172540,-259.892497,-344.743168,6.725716,6.540199,-115.279060,-224.913905,2.994182,2.748140,7.162033,6.756820,0.038360,0.011651
25.176736,-266.415920,-339.886140,6.726170,6.489070,-119.633725,-223.789861,3.676110,2.684375,7.184788,6.774113,0.038881,0.013715
25.180933,-272.482098,-335.266781,6.790915,6.473366,-123.079120,-221.485094,3.242466,2.735374,7.203113,6.790394,0.038415,0.012354
25.185130,-278.053057,-330.544861,6.805609,6.696004,-127.248528,-219.219939,3.497175,2.535453,7.218071,6.809114,0.039143,0.012946
25.189327,-283.960449,-325.809780,6.706427,6.523394,-130.495015,-216.362872,3.166475,2.228688,7.234471,6.825903,0.037530,0.011658
25.193524,-289.328222,-321.281089,6.897940,6.474801,-133.889649,-214.891842,3.506345,2.207060,7.253771,6.840385,0.037901,0.012626
25.197721,-294.153672,-316.480568,6.913014,6.527074,-137.986169,-212.652066,3.498435,2.384390,7.267235,6.858774,0.038411,0.012659
25.201917,-298.985963,-312.141613,6.593115,6.403004,-140.082874,-210.015437,3.470546,2.695443,7.282759,6.871427,0.037578,0.012880
25.206114,-303.830231,-308.332604,6.565694,6.620324,-144.034690,-208.136962,3.573668,2.692084,7.293928,6.888535,0.038391,0.013093
25.210311,-308.341657,-303.829106,6.812906,6.414961,-147.563784,-206.173895,3.503185,2.776291,7.308144,6.904387,0.038152,0.012917
25.214508,-312.452433,-299.857662,6.941193,6.329179,-150.514175,-203.286209,3.117983,2.706460,7.316252,6.920517,0.037556,0.011777
25.218705,-316.462901,-295.842177,6.866197,6.280271,-153.705113,-201.471061,3.473830,2.173624,7.328528,6.934900,0.036807,0.012077
25.222901,-319.913443,-292.219075,6.812361,6.493721,-155.901432,-199.173737,3.421760,2.408235,7.337947,6.947313,0.037663,0.012162
25.227098,-323.497461,-288.565873,7.006386,6.513858,-158.784984,-198.298513,3.784145,3.230489,7.352652,6.958376,0.039593,0.014085
25.231295,-326.867768,-285.132075,6.985001,6.533679,-161.283908,-194.683657,3.727665,2.471735,7.354030,6.975029,0.038216,0.012955
25.235492,-330.214705,-281.460304,7.011031,6.297914,-163.465288,-192.897205,3.801082,2.566297,7.365753,6.986181,0.037476,0.013214
25.239689,-333.299910,-278.548238,7.025839,6.606219,-165.447757,-192.761064,3.541690,3.594441,7.381503,6.992481,0.040286,0.014031
25.243886,-335.961755,-275.207945,7.070127,6.437896,-168.383393,-190.622872,4.048295,3.475131,7.386542,7.006715,0.039912,0.014971
25.248082,-338.615854,-272.322514,6.954437,6.550828,-169.612009,-187.440820,3.576269,2.849864,7.388538,7.018692,0.038521,0.012933
25.252279,-341.560116,-269.731992,6.788675,6.481284,-172.122270,-186.519904,3.184665,3.219423,7.397474,7.028460,0.038610,0.012611
25.256476,-343.482881,-267.050871,7.045461,6.464065,-173.466504,-185.397963,3.707631,3.826077,7.406246,7.035348,0.040284,0.014823
25.260673,-345.762150,-264.260344,7.043682,6.552366,-175.443852,-182.586431,3.913357,2.695086,7.406838,7.048636,0.038524,0.013363
25.264870,-347.853819,-262.020974,7.126885,6.528945,-175.904669,-180.666887,3.772453,2.527239,7.412061,7.055229,0.037888,0.012798
25.269067,-349.603531,-260.144835,7.081597,6.567816,-178.303346,-180.833029,3.970276,3.520595,7.420371,7.061540,0.040122,0.014787
25.273263,-351.150490,-258.141478,7.106153,6.286512,-179.383668,-178.093753,3.586516,2.839686,7.417881,7.072192,0.037462,0.012786
25.277460,-352.725345,-256.292816,7.029422,6.391153,-180.951343,-176.979939,3.981862,2.569142,7.421418,7.079678,0.037589,0.013178
25.281657,-354.094001,-254.555491,7.252455,6.338296,-181.336630,-175.938714,3.530274,3.078189,7.426919,7.083691,0.038099,0.013081
25.285854,-355.116226,-253.313847,6.973268,6.629699,-183.083821,-174.986367,3.878472,2.774249,7.426724,7.091194,0.038772,0.013216
25.290051,-356.159579,-251.551340,7.079424,6.394830,-184.876959,-173.564656,3.166674,2.618101,7.426721,7.100133,0.037526,0.011389
25.294247,-357.250065,-250.881982,7.159128,6.389470,-184.114569,-173.038741,3.674515,2.795006,7.431453,7.099585,0.037748,0.012813
25.298444,-357.974050,-249.863813,7.098041,6.587508,-185.460802,-174.011436,3.916806,3.601664,7.439734,7.100423,0.040371,0.014755
25.302641,-358.280575,-249.061762,7.136688,6.570835,-185.763153,-172.427433,3.777034,2.968080,7.435951,7.105797,0.038986,0.013283
25.306838,-359.308622,-248.606644,7.207370,6.566345,-185.774980,-171.980214,3.735923,3.077731,7.438164,7.107124,0.039010,0.013420
25.311035,-359.472949,-248.369100,7.225849,6.494796,-186.168682,-172.501239,3.746659,3.465686,7.441342,7.106671,0.039603,0.014177
25.315232,-359.854218,-247.836906,7.309340,6.654389,-186.700136,-172.979500,3.355361,3.723072,7.445930,7.106712,0.040777,0.013979
25.319428,-359.944800,-247.714745,7.214112,6.739631,-186.586959,-172.929276,4.014793,3.651947,7.446708,7.106554,0.041107,0.015031
25.323625,-359.952930,-247.808454,7.236247,6.666158,-186.586959,-172.929276,4.014793,3.651947,7.446269,7.106554,0.040832,0.015031
25.327822,-359.854218,-247.836906,7.309340,6.654389,-186.548969,-172.949099,4.034361,3.651734,7.446100,7.106396,0.040864,0.015069
25.332019,-359.570833,-248.016630,7.274535,6.650839,-185.437700,-171.550535,3.671743,2.965191,7.440209,7.107465,0.039062,0.013102
25.336216,-358.995304,-248.435091,7.302286,6.658761,-185.096428,-172.343077,3.699161,3.059316,7.441517,7.104248,0.039366,0.013331
25.340413,-358.189352,-249.418131,7.217076,6.605903,-184.642187,-172.636636,3.682998,2.649109,7.437445,7.102174,0.038402,0.012555
25.344609,-357.320628,-250.335372,7.210098,6.314466,-185.047697,-174.811324,3.741115,3.601481,7.440818,7.097021,0.039413,0.014409
25.348806,-356.417560,-251.207986,6.968322,6.779802,-183.949923,-174.304185,3.485616,2.830971,7.434540,7.095501,0.039307,0.012460
25.353003,-355.575884,-252.557232,7.251641,6.666330,-182.615771,-174.739612,4.181418,2.671356,7.431197,7.090620,0.038992,0.013753
25.357200,-354.328929,-254.225336,7.215409,6.484963,-181.125717,-175.892756,3.733579,2.873922,7.429251,7.083240,0.038290,0.013146
25.361397,-352.673007,-255.449977,6.887829,6.605278,-180.425446,-176.717365,3.800184,2.648861,7.425247,7.078966,0.038290,0.012923
25.365593,-351.512918,-257.106082,7.126000,6.515780,-180.179485,-178.012114,3.408778,2.682370,7.421492,7.074634,0.038172,0.012092
25.369790,-349.745221,-259.306336,7.035985,6.542936,-177.655511,-179.564366,3.774075,2.789730,7.420061,7.063240,0.038354,0.013159
25.373987,-347.840111,-261.418717,7.144983,6.379811,-176.748596,-180.751734,4.244751,2.725622,7.413406,7.057386,0.038100,0.014175
25.378184,-345.972539,-263.518524,7.003613,6.693610,-175.316232,-181.828640,3.692053,2.847454,7.407534,7.050351,0.039103,0.013113
25.382381,-344.119247,-265.920982,7.115486,6.659369,-173.338776,-183.513011,3.585021,2.739875,7.404401,7.040080,0.038771,0.012733
25.386578,-341.573780,-268.747237,7.056063,6.596468,-171.630490,-185.274317,3.498623,2.980743,7.397414,7.030374,0.038909,0.012946
25.390774,-339.410566,-271.202277,7.158305,6.647923,-170.111922,-186.839539,3.400695,2.656830,7.391689,7.021755,0.038688,0.012212
25.394971,-336.927703,-274.312707,7.141501,6.462577,-168.848880,-189.214074,3.898724,2.751452,7.385305,7.011769,0.038562,0.013556
25.399168,-333.863113,-277.426112,7.111345,6.504881,-166.062701,-191.436263,4.326646,2.817803,7.380421,6.997727,0.039050,0.014812
25.403365,-331.021382,-280.526022,6.903349,6.624131,-163.022630,-193.892984,3.725713,3.311674,7.377871,6.982306,0.039679,0.014054
25.407562,-327.910370,-284.031718,6.947261,6.404069,-160.774790,-194.663076,3.655761,2.579884,7.362955,6.973528,0.037596,0.012922
25.411758,-324.679575,-287.539133,6.764119,6.633883,-158.584943,-198.019477,3.814002,3.471734,7.359648,6.958448,0.040019,0.014522
25.415955,-320.881762,-291.006855,6.904700,6.660798,-155.611743,-199.027100,3.744255,2.868791,7.346129,6.946768,0.039120,0.013610
25.420152,-317.079301,-294.854042,6.960550,6.677035,-152.848023,-201.064817,3.821306,2.716488,7.335098,6.933178,0.039102,0.013691
25.424349,-312.958431,-298.755289,6.879142,6.672922,-151.332839,-203.324348,2.966995,2.582422,7.320618,6.923024,0.038593,0.011189
25.428546,-308.908112,-302.730598,6.981345,6.640446,-148.076192,-205.989084,3.576826,2.821011,7.312455,6.906454,0.039360,0.013160
25.432743,-304.518582,-306.808954,6.745712,6.621211,-144.869788,-208.378272,4.004371,2.794686,7.301485,6.890699,0.039316,0.014400
25.436939,-300.132087,-311.216651,6.822385,6.461321,-141.391737,-210.159900,3.646804,2.855033,7.287072,6.875409,0.038603,0.013501
25.441136,-295.187342,-315.437644,6.666010,6.540416,-137.719604,-211.993653,3.389013,3.063556,7.272756,6.859308,0.038748,0.013037
25.445333,-290.282663,-319.884010,6.804972,6.500563,-134.441433,-214.351121,3.502710,2.754270,7.258734,6.843366,0.038530,0.013076
25.449530,-284.863446,-324.387600,6.573337,6.403445,-131.644024,-217.064195,3.457467,2.978486,7.242950,6.828352,0.038405,0.013139
25.453727,-279.456285,-329.052126,6.706985,6.451282,-127.917084,-218.422712,3.472752,2.793222,7.223379,6.812979,0.038460,0.013086
25.457924,-273.584515,-333.549394,6.414187,6.385534,-123.930963,-220.688316,3.465686,2.566047,7.207830,6.794865,0.037520,0.012930
25.462120,-267.183001,-338.402023,6.453854,6.425210,-120.277995,-223.056176,3.553954,2.835668,7.188347,6.777720,0.038316,0.013438
25.466317,-261.176250,-343.118839,6.606728,6.454736,-116.878212,-225.013964,3.339441,3.158673,7.168074,6.762253,0.039008,0.013022
25.470514,-254.851753,-348.451542,6.321926,6.383288,-112.305449,-226.819868,3.480086,3.052464,7.147587,6.742930,0.038078,0.013434
25.474711,-248.031394,-353.069760,6.463507,6.438453,-108.934251,-229.201138,3.080177,2.989314,7.126430,6.726860,0.038258,0.012072
25.478908,-241.107709,-358.548886,6.515867,6.417348,-104.478990,-231.340767,3.454814,2.725761,7.104274,6.707389,0.038366,0.013168
25.483104,-233.994014,-363.090989,6.424961,6.475382,-100.517551,-232.753421,3.464095,2.885628,7.080481,6.690854,0.038554,0.013331
25.487301,-226.436161,-367.988358,6.512242,6.488240,-96.015534,-234.570513,3.574593,2.967393,7.057224,6.671704,0.039054,0.013785
25.491498,-218.678978,-372.331953,6.599425,6.328402,-92.167088,-236.740461,3.541596,2.865148,7.033956,6.654448,0.039052,0.013620
25.495695,-210.371827,-377.649243,6.461811,6.523616,-87.971573,-238.391074,3.552464,3.107884,7.004245,6.636705,0.039427,0.013782
25.499892,-201.995206,-382.410093,6.336245,6.641983,-82.910438,-239.752775,3.446487,2.919627,6.978766,6.616128,0.038909,0.013379
25.504089,-193.650449,-387.094372,6.390899,6.540058,-77.978472,-241.251419,3.620357,2.512484,6.953721,6.595811,0.038766,0.013925
25.508285,-184.233157,-391.629475,6.208314,6.735246,-73.227609,-241.907329,3.138014,2.950986,6.921166,6.577126,0.038092,0.012355
25.512482,-175.399577,-396.248812,6.296093,6.506622,-69.377987,-243.973066,3.179890,2.447093,6.891388,6.560239,0.037836,0.012344
25.516679,-166.017956,-400.615026,6.231836,6.465096,-65.254651,-245.050253,3.142219,2.524850,6.857960,6.543437,0.037593,0.012245
25.520876,-156.485686,-405.281336,6.480363,6.853058,-60.698462,-246.195185,3.560495,2.685971,6.825154,6.524911,0.039770,0.013867
25.525073,-146.297919,-409.183014,5.949497,6.839785,-55.896170,-247.331093,3.658806,2.584653,6.792566,6.505449,0.038102,0.014253
25.529270,-135.997272,-413.150809,5.907973,6.782431,-51.100041,-248.733167,3.987865,2.713801,6.759828,6.485807,0.038724,0.015533
25.533466,-125.719994,-416.704310,6.178965,6.756390,-46.639717,-249.506278,3.366738,2.320937,6.724979,6.467981,0.038152,0.013146
25.537663,-115.272772,-420.134635,6.102174,6.616347,-41.973598,-250.601594,3.555767,2.346366,6.691273,6.449136,0.038202,0.013886
25.541860,-104.214960,-423.662942,6.256132,6.629640,-37.235750,-251.031691,3.118394,2.236725,6.653296,6.430442,0.037755,0.012223
25.546057,-93.051556,-426.993039,5.951985,6.756073,-32.252625,-252.205428,3.688558,2.714992,6.617939,6.410377,0.038003,0.014453
25.550254,-81.835818,-429.093013,6.223967,6.547466,-28.010911,-252.369846,3.724906,2.561675,6.578831,6.393724,0.039163,0.014623
25.554450,-70.532367,-431.239690,5.734093,6.593158,-23.605639,-252.916885,3.618980,2.461922,6.540507,6.376249,0.036864,0.014214
25.558647,-58.467207,-433.465957,5.922724,6.696985,-18.953906,-253.427911,3.068246,2.538703,6.499232,6.357836,0.036315,0.012063
25.562844,-46.904696,-435.418345,5.941560,6.816820,-14.925373,-254.070776,3.190065,2.588809,6.457733,6.341863,0.036715,0.012527
25.567041,-35.433985,-437.012702,6.175802,6.739039,-9.931492,-254.031151,3.527375,2.527853,6.421665,6.322261,0.038505,0.013870
25.571238,-22.836281,-437.663150,5.842230,6.798022,-4.584926,-254.293113,3.623640,2.393951,6.382391,6.301213,0.037325,0.014246
25.575435,-11.046096,-438.557205,5.970158,6.570278,-0.396087,-254.504292,3.573848,2.378013,6.340985,6.284742,0.037742,0.014042
25.579631,0.954848,-438.361952,6.052158,6.794126,3.370659,-254.406501,3.245363,2.562078,6.296317,6.269937,0.037329,0.012755
25.583828,13.605536,-438.400263,5.871335,6.740167,8.402276,-254.030612,3.456902,2.339276,6.254971,6.250122,0.036942,0.013597
25.588025,25.281315,-437.679272,6.096716,6.836915,14.053644,-254.325324,3.672334,2.479188,6.222027,6.227983,0.038748,0.014406
25.592222,37.592879,-437.062432,5.758533,7.073749,17.975869,-254.092237,3.713481,2.379254,6.176379,6.212558,0.037275,0.014557
25.596419,49.609512,-435.623905,6.147236,6.844510,22.160049,-253.794758,3.584827,2.666290,6.133354,6.196091,0.038726,0.014048
25.600615,61.594875,-433.897867,6.032490,7.084033,26.900533,-253.356276,3.155526,2.596358,6.093332,6.177405,0.037181,0.012363
25.604812,73.605085,-432.064335,5.970480,6.938049,31.903639,-253.010747,3.348881,2.855331,6.054365,6.157751,0.037428,0.013104
25.609009,84.346242,-429.467163,6.116862,6.797787,36.785590,-251.993775,3.541790,2.406177,6.021350,6.138231,0.038522,0.013829
25.613206,96.314318,-426.764306,6.085320,6.617187,41.037276,-251.134518,3.757118,2.373510,5.978265,6.121209,0.038783,0.014649
25.617403,108.018447,-423.407081,5.937734,6.785085,46.313256,-250.734076,3.621779,2.815116,5.939975,6.100533,0.038177,0.014111
25.621600,118.989978,-419.716545,6.162409,6.852437,49.840299,-249.155850,3.163285,2.546720,5.898010,6.085755,0.037938,0.012365
25.625796,129.979164,-416.188728,6.131641,6.571616,54.707491,-248.957363,3.432545,2.627743,5.860244,6.066877,0.038364,0.013337
25.629993,140.627549,-412.388523,6.465221,6.624851,58.828101,-248.262690,3.525554,3.073128,5.820823,6.050518,0.040091,0.013730
25.634190,150.759299,-408.057696,6.387294,6.483814,63.465767,-246.387771,3.302595,2.529740,5.788091,6.031081,0.038856,0.012812
25.638387,160.948302,-403.312411,6.355741,6.661867,68.232771,-245.546727,3.557867,2.670155,5.751875,6.012143,0.039655,0.013740
25.642584,171.147106,-399.021904,6.140360,6.574025,72.431336,-244.482352,3.562989,2.830142,5.714743,5.995159,0.038806,0.013764
25.646781,181.109230,-394.049924,6.322573,6.720080,76.994715,-242.501687,3.545422,2.332103,5.681234,5.975750,0.039189,0.013568
25.650977,190.368429,-389.350006,6.478562,6.578356,80.843529,-241.475081,3.442692,2.797260,5.645689,5.960124,0.039509,0.013286
25.655174,199.430140,-384.445830,6.652362,6.391529,85.776415,-240.022835,3.517602,2.849623,5.616452,5.939962,0.039874,0.013529
25.659371,208.375460,-379.244720,6.577843,6.341716,90.143642,-237.880703,3.654256,2.449842,5.586661,5.920961,0.039257,0.013859
25.663568,216.744567,-373.435356,6.462345,6.272693,94.693874,-236.692404,3.651296,2.550069,5.554498,5.902617,0.038961,0.013807
25.667765,224.777428,-368.713327,6.641888,6.201415,99.466735,-234.122730,3.230531,2.290017,5.533477,5.881443,0.038264,0.012207
25.671961,232.747199,-363.304920,6.308547,6.355103,102.949648,-232.984960,3.681979,2.848331,5.499796,5.867111,0.038803,0.013973
25.676158,240.183575,-357.561939,6.681232,6.164670,107.244895,-230.503118,3.297761,2.657303,5.475176,5.847710,0.038472,0.012560
25.680355,247.555610,-352.386469,6.763766,6.097946,111.261281,-228.999826,3.216843,2.902978,5.448122,5.830916,0.038590,0.012409
25.684552,255.027308,-346.590242,6.670278,6.051677,116.026288,-226.774554,3.743278,2.724091,5.423795,5.810271,0.038612,0.013959
25.688749,262.233897,-341.692923,6.683414,6.175242,119.742884,-224.898581,3.604466,2.670739,5.399004,5.793931,0.038474,0.013424
25.692946,269.038231,-336.021350,6.823386,6.107847,123.561711,-221.794367,3.385064,2.236803,5.378035,5.774907,0.037574,0.012411
25.697142,275.106520,-330.625999,6.959520,5.976436,127.130783,-220.714763,3.198413,2.947366,5.351244,5.760603,0.038159,0.012319
25.701339,280.777621,-325.501989,6.847932,6.350363,131.387408,-217.595813,3.285967,2.310452,5.337932,5.739966,0.038289,0.012023
25.705536,287.108819,-320.246044,6.899308,6.066526,134.311143,-216.483318,3.672206,2.943847,5.308940,5.727884,0.038436,0.013680
25.709733,292.807132,-314.732322,7.010006,5.944318,138.840938,-213.273817,3.176131,2.235728,5.295041,5.706108,0.036804,0.011505
25.713930,297.323059,-309.844788,6.859259,6.178954,141.753947,-211.176305,3.679132,2.552985,5.277607,5.692010,0.038097,0.013249
25.718127,302.736240,-304.800396,6.915637,5.785709,145.544031,-209.344037,3.452859,3.010910,5.258129,5.675662,0.037348,0.013003
25.722323,307.739376,-300.123183,6.833149,5.942456,148.503008,-207.183321,3.407666,3.366764,5.240707,5.661292,0.038202,0.013314
25.726520,312.188149,-294.930061,6.877473,5.838707,151.647811,-204.653060,3.279683,3.013183,5.224651,5.645469,0.037121,0.012515
25.730717,316.949998,-290.178826,6.923046,5.928638,154.149662,-201.701494,3.837508,2.358227,5.210206,5.630629,0.036490,0.013269
25.734914,320.823299,-285.913548,6.903187,5.838503,157.810765,-199.457822,3.502973,2.729713,5.200030,5.613834,0.036587,0.012689
25.739111,324.741989,-281.184276,6.907574,5.980184,160.774770,-196.815870,3.214667,2.443780,5.187604,5.598237,0.036439,0.011532
25.743307,328.489635,-277.038865,6.921746,6.272384,163.863901,-194.373418,3.444106,2.350721,5.177748,5.582748,0.037558,0.011950
25.747504,332.064712,-272.799813,7.003239,6.004818,165.766442,-192.440108,3.396396,2.644580,5.162528,5.572114,0.036869,0.012199
25.751701,335.603206,-268.817675,6.911741,6.042752,168.154724,-190.588498,3.436351,3.001528,5.149441,5.560240,0.037503,0.012799
25.755898,338.995289,-265.375736,6.984310,5.821696,170.610133,-188.302796,3.225059,2.746079,5.141643,5.547042,0.036025,0.011879
25.760095,341.779295,-260.985334,7.061283,6.046019,173.179125,-185.659178,3.192491,2.323450,5.132557,5.532552,0.036313,0.011114
25.764292,344.666517,-257.767694,7.072949,5.860135,174.848931,-183.162880,3.142025,2.190929,5.126329,5.521006,0.035147,0.010782
25.768488,347.659343,-253.955571,7.088662,5.914140,177.177912,-181.020979,3.298802,2.270906,5.116642,5.508516,0.035521,0.011223
25.772685,349.995364,-250.977384,7.017167,5.869273,179.261319,-178.897060,2.860975,2.128934,5.111868,5.496770,0.034874,0.009954
25.776882,352.416855,-248.006125,6.942901,6.077680,180.258546,-177.919569,3.226679,2.758670,5.099006,5.491257,0.036705,0.011840
25.781079,354.401097,-244.918432,6.834455,5.995181,183.181850,-175.182481,2.865210,2.056902,5.099164,5.475469,0.035168,0.009769
25.785276,356.593817,-242.241920,7.038554,6.121151,183.825769,-174.289787,3.183385,2.525903,5.087119,5.471165,0.036520,0.011275
25.789472,358.618502,-239.775900,6.877567,6.024447,186.263793,-172.059715,3.056889,2.178117,5.086750,5.458168,0.035463,0.010331
25.793669,360.285956,-237.542661,7.067089,5.963728,187.238229,-170.870950,3.745167,2.243381,5.080141,5.452114,0.035614,0.011913
25.797866,361.590315,-235.095199,7.122427,6.155036,188.677632,-168.830682,3.146465,1.990171,5.078351,5.442329,0.035923,0.010148
25.802063,363.391751,-233.234864,7.102874,5.889546,190.154469,-168.226722,3.220882,2.420901,5.071383,5.436678,0.035460,0.011030
25.806260,364.404732,-231.266530,7.212250,5.868435,190.726716,-166.763262,3.136056,2.086032,5.067996,5.430855,0.034807,0.010238
25.810457,365.433749,-229.680923,7.053902,6.063632,191.877971,-166.085298,3.107455,2.390009,5.063623,5.425857,0.036083,0.010720
25.814653,366.741706,-228.151790,7.073868,6.053743,192.280992,-164.693766,3.226774,2.263276,5.061250,5.420660,0.035712,0.010716
25.818850,367.607321,-226.728064,7.088978,5.829790,192.955014,-164.544116,3.585047,2.801857,5.054438,5.418483,0.035873,0.012443
25.823047,368.104679,-225.921385,7.230480,6.065851,193.127500,-162.861027,3.625525,2.073986,5.058291,5.412970,0.035620,0.011179
25.827244,368.978944,-224.917279,7.181368,5.920418,194.275590,-162.451002,3.191915,2.135610,5.055780,5.408810,0.034981,0.010355
25.831441,369.183792,-224.003058,6.997422,6.156099,194.287879,-163.686903,3.917980,3.229571,5.044485,5.412511,0.038231,0.013902
25.835638,369.397739,-223.387891,7.017658,6.041892,194.976161,-162.152583,3.734151,2.455704,5.050022,5.406135,0.036208,0.012004
25.839834,369.777332,-223.312051,7.087316,6.107623,194.407758,-162.308879,3.717171,2.793418,5.047152,5.408045,0.036982,0.012656
25.844031,370.103329,-223.345770,7.329582,6.052858,194.094133,-162.648023,3.328778,3.230038,5.044473,5.409866,0.037581,0.012917
25.848228,370.042350,-223.098518,7.316092,6.213313,194.451391,-162.606295,3.559075,3.209161,5.044161,5.408835,0.038354,0.013246
25.852425,370.114948,-223.024143,7.291782,6.175807,194.461706,-162.693730,3.583664,3.157652,5.043228,5.409073,0.038073,0.013172
25.856622,369.806788,-223.277017,7.040383,6.245477,194.407758,-162.308879,3.717171,2.793418,5.046921,5.408045,0.037541,0.012656
25.860818,369.760165,-223.667084,7.121875,6.185260,194.719291,-163.406132,3.328884,3.351673,5.043948,5.410573,0.038499,0.013148
25.865015,369.553903,-223.852401,7.132129,6.148746,194.822376,-162.702487,3.766914,2.328195,5.049033,5.408188,0.036481,0.011835
25.869212,368.885018,-225.621721,7.218815,5.970262,193.037669,-163.425041,3.759595,2.780776,5.052354,5.414904,0.036330,0.012754
25.873409,367.588228,-226.474641,7.138111,6.010093,192.713702,-164.641361,3.769720,2.786184,5.052255,5.419392,0.036664,0.012774
25.877606,367.148167,-227.997794,7.063681,6.110598,192.653039,-165.829860,3.444076,2.994827,5.054641,5.423102,0.037420,0.012564
25.881803,365.559752,-228.972099,7.096659,6.172673,191.177153,-165.770615,3.677632,2.239220,5.060094,5.426730,0.036378,0.011634
25.885999,365.102907,-230.690041,7.121029,6.224173,190.888053,-168.469287,3.394535,3.463940,5.055419,5.435482,0.038995,0.013487
25.890196,363.464441,-232.518417,7.011868,6.006543,189.641218,-167.985580,3.313653,2.231461,5.067873,5.437307,0.035518,0.010894
25.894393,362.181453,-234.334141,6.891613,6.037616,188.497678,-168.958079,3.222364,2.055037,5.072394,5.443179,0.035257,0.010428
25.898590,360.663644,-236.320240,6.928833,6.016187,187.317328,-171.817578,3.277026,3.395001,5.068617,5.454655,0.037870,0.013146
25.902787,359.115588,-239.052216,6.875051,6.021371,185.470143,-172.693030,3.438546,2.806950,5.077416,5.462128,0.036502,0.012297
25.906984,357.253740,-241.593132,7.069302,5.946512,184.743733,-173.701540,3.135943,2.411055,5.087324,5.466991,0.035647,0.010943
25.911180,355.166150,-244.230679,6.985733,6.237386,181.825411,-176.225024,3.228966,2.934714,5.086260,5.482147,0.037624,0.012167
25.915377,352.814112,-246.959257,6.985321,6.222442,180.425479,-176.943786,3.195962,2.337614,5.098185,5.488045,0.036563,0.011047
25.919574,350.477042,-250.289296,6.872958,6.159986,179.034774,-180.061787,3.422087,2.944625,5.101167,5.500647,0.037546,0.012577
25.923771,348.137069,-253.477395,6.953165,6.177005,177.023655,-182.131336,3.348671,3.136280,5.107423,5.512008,0.038029,0.012785
25.927968,345.419501,-256.726765,6.842637,5.962188,175.538272,-184.674659,3.322395,3.328560,5.113524,5.523146,0.037678,0.013051
25.932164,342.814918,-260.380131,6.902224,6.191742,173.467987,-185.197975,3.728979,2.246989,5.130203,5.530480,0.036754,0.012316
25.936361,339.755901,-264.244207,7.059579,6.138177,170.562585,-186.922004,3.244482,2.234014,5.141053,5.543518,0.036350,0.011186
25.940558,336.797031,-268.189739,6.819851,6.051544,168.209984,-190.961702,3.142710,3.453959,5.141950,5.561048,0.038098,0.012898
25.944755,333.155259,-272.103110,6.961882,5.788921,166.390641,-191.139313,3.122956,2.231842,5.164367,5.566898,0.035066,0.010947
25.948952,329.528363,-276.065957,6.812085,5.932364,163.195977,-193.753633,2.829715,2.074452,5.171921,5.583187,0.035099,0.010041
25.953149,325.935735,-280.380573,7.026087,6.043508,160.582008,-196.947639,3.244045,2.512364,5.179688,5.599152,0.036737,0.011701
25.957345,321.632804,-285.278593,7.020874,6.045891,158.008022,-198.814459,3.544372,2.396079,5.198521,5.611653,0.036872,0.012403
25.961542,317.390646,-289.790608,7.005356,6.139054,155.164749,-201.623437,3.639012,2.676853,5.210216,5.627272,0.037849,0.013026
25.965739,313.003131,-294.450129,6.950381,5.855270,152.268485,-203.483122,3.688491,2.296774,5.227392,5.640767,0.036314,0.012820
25.969936,308.684838,-299.365828,7.002157,6.058270,148.683927,-206.318109,3.194780,2.931159,5.239128,5.658732,0.037749,0.012218
25.974133,303.939987,-304.393505,6.750868,6.001700,146.187254,-207.926247,3.205047,2.617024,5.261228,5.670400,0.036839,0.011894
25.978329,298.773281,-309.088388,6.801665,6.036893,142.219825,-211.101824,3.533821,2.497972,5.271634,5.690328,0.037201,0.012753
25.982526,293.234387,-314.286550,6.743983,6.100712,138.966935,-212.784672,3.274635,2.370379,5.294340,5.704643,0.037076,0.011933
25.986723,287.369678,-319.901916,6.684324,6.113510,134.540435,-215.604072,3.175071,2.691558,5.311237,5.725294,0.037383,0.011991
25.990920,281.292588,-324.684857,6.860398,6.060969,131.059534,-217.928713,3.298570,2.718302,5.330196,5.741746,0.037889,0.012406
25.995117,276.141633,-330.353381,6.480924,6.156394,127.256005,-220.244953,3.390988,2.881182,5.349169,5.759255,0.037718,0.012859
25.999314,269.337465,-335.322839,6.882025,6.380520,125.080933,-221.669346,3.271709,2.215563,5.379682,5.769454,0.038652,0.011984
26.003510,262.790387,-341.161913,6.842324,6.004643,120.719588,-224.549782,3.168633,2.711639,5.399687,5.789906,0.038016,0.012050
26.007707,255.724595,-346.455405,6.792645,6.141931,115.152287,-226.980623,3.238513,3.014785,5.416835,5.813697,0.038683,0.012549
26.011904,248.934529,-351.734277,6.693876,6.397401,112.856184,-228.910613,3.205470,3.005893,5.446636,5.825142,0.039437,0.012411
26.016101,241.539280,-357.470686,6.662916,6.404634,108.856640,-230.335163,3.338079,2.252350,5.476440,5.841696,0.038715,0.012434
26.020298,233.968521,-362.766604,6.655654,6.218194,104.005679,-232.302297,3.096008,2.507935,5.499713,5.862232,0.038181,0.011810
26.024495,225.570019,-368.245965,6.722304,6.058738,99.725814,-234.149075,3.543346,2.628884,5.529525,5.880546,0.038883,0.013434
26.028691,217.939438,-373.563470,6.579780,6.226723,96.304719,-235.693128,3.496709,2.346422,5.560270,5.895285,0.038690,0.013183
26.032888,209.053467,-378.733247,6.722278,6.308119,90.844251,-237.911334,3.597969,2.601933,5.584864,5.918431,0.039727,0.013693
26.037085,200.198771,-384.064892,6.538757,6.650254,85.985030,-239.754598,3.661039,2.650593,5.613682,5.938836,0.040028,0.013978
26.041282,191.174095,-389.305343,6.642755,6.513569,81.396041,-241.424354,3.209003,2.900094,5.644604,5.958004,0.039584,0.012477
26.045479,182.031872,-394.044749,6.530385,6.517164,77.677654,-241.890809,3.131453,2.241207,5.682022,5.972460,0.038656,0.012042
26.049675,172.122988,-398.996436,6.370577,6.728642,73.088528,-244.416127,3.362999,2.840607,5.713399,5.992616,0.039399,0.013027
26.053872,162.131238,-403.682374,6.411554,6.546377,68.802583,-245.392450,3.734890,2.722651,5.750444,6.009826,0.039925,0.014403
26.058069,152.463881,-407.942301,6.369665,6.645213,64.070975,-246.739600,3.521082,2.789919,5.781622,6.029126,0.039499,0.013649
26.062266,141.555849,-412.115319,6.370699,6.508592,59.540527,-246.799351,3.191988,2.174304,5.822653,6.046458,0.038335,0.012386
26.066463,130.881343,-416.060617,6.379046,6.422528,54.723465,-249.124258,3.632832,2.741864,5.855180,6.066956,0.039679,0.014101
26.070660,120.052256,-419.501514,5.937873,6.666505,50.279519,-249.037556,3.691646,2.138341,5.894678,6.083968,0.037967,0.014340
26.074856,108.989544,-423.233657,6.354783,6.658455,46.212107,-251.501464,3.003824,3.164070,5.932721,6.101467,0.038668,0.011768
26.079053,97.293949,-426.558285,6.377703,6.610364,41.491717,-251.790434,3.320840,2.827049,5.974123,6.119866,0.039193,0.012966
26.083250,85.704316,-429.087163,6.222167,6.831565,37.067196,-251.680527,3.256143,2.530999,6.015604,6.136958,0.038278,0.012746
26.087447,74.160610,-431.882049,6.022450,6.912822,32.781781,-253.608367,3.415093,3.010325,6.055115,6.154637,0.038009,0.013330
26.091644,62.186658,-434.032507,6.022450,6.912822,27.625758,-253.456727,3.711018,2.738941,6.094079,6.174618,0.038548,0.014516
26.095841,50.443648,-435.833504,6.112399,6.887528,23.210189,-253.729442,3.235624,2.708759,6.134737,6.191963,0.037620,0.012683
26.100037,38.435688,-436.840454,5.956903,6.849136,18.075212,-253.778288,3.636700,2.493492,6.172419,6.212081,0.037913,0.014275
26.104234,26.145709,-437.959731,6.081687,6.970933,14.424844,-254.672616,3.694678,2.608271,6.219324,6.226605,0.038753,0.014473
26.108431,13.809777,-438.258065,6.175311,6.883856,9.989878,-254.965450,3.699224,2.686397,6.262348,6.244024,0.039265,0.014492
26.112628,2.387910,-439.089826,6.201333,6.527792,4.417829,-255.203001,3.676026,2.894184,6.294224,6.265876,0.039201,0.014401
26.116825,-10.378210,-438.805143,5.774269,6.608194,-0.637702,-255.133636,3.144667,2.980638,6.336168,6.285685,0.035758,0.012326
26.121021,-22.565583,-438.219200,5.822074,6.951119,-5.312820,-254.284685,3.761258,2.687544,6.376710,6.304075,0.037545,0.014787
26.125218,-34.437008,-437.224748,5.850003,6.727272,-8.748772,-255.305385,3.621415,3.359507,6.423465,6.317440,0.037520,0.014175
26.129415,-45.987914,-435.639473,5.888128,6.601678,-14.806885,-253.845357,3.261781,2.723647,6.453051,6.341450,0.036559,0.012821
26.133612,-58.022444,-433.748912,6.236551,6.698720,-18.868071,-253.521899,3.378451,2.386168,6.497111,6.357472,0.038462,0.013271
26.137809,-69.595426,-431.693216,6.128696,6.657687,-23.742441,-253.048467,3.505899,2.513193,6.534433,6.376737,0.038301,0.013765
26.142006,-80.974358,-429.855730,5.942126,6.391563,-27.607195,-252.371004,3.543106,2.563326,6.575271,6.392143,0.037314,0.013917
26.146202,-92.131139,-427.091463,6.235446,6.534074,-32.599984,-251.704178,3.583874,2.785846,6.610410,6.411985,0.038781,0.014074
26.150399,-103.381815,-424.482768,5.970772,6.584708,-36.978295,-251.138224,3.154204,2.226358,6.649014,6.429378,0.036516,0.012359
26.154596,-114.322764,-421.018044,6.184683,6.532672,-42.262976,-250.341985,3.481069,2.567414,6.682684,6.450429,0.038244,0.013624
26.158793,-125.104478,-417.611490,6.312172,6.498099,-46.454501,-249.334503,3.528714,2.458266,6.720401,6.467387,0.038662,0.013792
26.162990,-135.095837,-413.841701,6.431842,6.489152,-51.782242,-248.486756,3.559456,2.699617,6.749906,6.488635,0.039355,0.013899
26.167186,-145.293524,-409.933338,6.347140,6.521228,-55.444155,-247.237574,3.944064,2.677521,6.787757,6.503790,0.039686,0.015364
26.171383,-155.304198,-405.863248,6.395436,6.599370,-60.232575,-246.487787,3.596436,2.805506,6.821047,6.522852,0.039304,0.014016
26.175580,-164.984482,-402.251993,6.399777,6.441380,-65.113939,-245.309940,3.094094,2.421718,6.849907,6.542638,0.037865,0.012034
26.179777,-174.361943,-397.730194,6.188878,6.720193,-69.436095,-243.598388,3.149855,2.621499,6.880877,6.560865,0.037707,0.012291
26.183974,-183.537390,-393.303605,6.317594,6.527880,-74.178705,-242.945621,3.565818,2.657935,6.912014,6.579525,0.038639,0.013769
26.188171,-192.067413,-388.408753,6.190034,6.427966,-78.393463,-241.328486,3.523332,2.466792,6.941163,6.597274,0.037844,0.013543
26.192367,-201.142663,-383.815090,6.681163,6.571409,-83.096653,-239.103512,2.968007,2.745185,6.967446,6.617662,0.038746,0.011634
26.196564,-209.463216,-379.198706,6.592275,6.339225,-87.895597,-238.099291,3.587277,3.033015,6.994361,6.636822,0.039224,0.013890
26.200761,-216.891537,-374.576190,6.534637,6.325972,-91.708758,-236.193573,3.503573,2.449496,7.018543,6.653546,0.038250,0.013357
26.204958,-225.149584,-369.486879,6.496981,6.299934,-96.655968,-234.315413,3.313134,2.367531,7.043262,6.674424,0.037702,0.012598
26.209155,-232.363842,-364.960911,6.528939,6.464303,-101.142938,-233.151998,3.120925,2.497289,7.066348,6.692492,0.038096,0.011925
26.213352,-239.218903,-359.898691,6.430846,6.305916,-104.260058,-231.207629,3.574460,2.225749,7.092352,6.706818,0.037615,0.013344
26.217548,-246.553226,-355.235989,6.589901,6.396395,-108.779000,-228.930446,3.052476,2.148356,7.111985,6.726766,0.037384,0.011470
26.221745,-253.197475,-350.461102,6.690407,6.473314,-113.103120,-227.171227,3.048512,2.251389,7.132299,6.745132,0.037914,0.011458
26.225942,-259.615213,-345.261322,6.651388,6.381206,-117.275062,-225.083026,3.073375,2.302530,7.152804,6.763515,0.037657,0.011528
26.230139,-265.863547,-340.883772,6.619876,6.584504,-120.681540,-223.974523,3.485768,2.533850,7.176042,6.777403,0.038765,0.012954
26.234336,-271.790294,-336.191564,6.684233,6.288926,-124.080905,-221.150922,3.564913,2.105604,7.192283,6.794487,0.037406,0.012916
26.238532,-277.553468,-331.513683,6.462479,6.331945,-127.048822,-218.495154,3.041735,2.341685,7.209885,6.809870,0.036633,0.011399
26.242729,-283.166941,-326.903656,6.504606,6.413796,-130.082417,-216.202890,3.508432,2.614260,7.227897,6.824831,0.037524,0.013057
26.246926,-288.166033,-322.228695,6.744501,6.542461,-134.173522,-214.554063,3.658932,2.457779,7.243779,6.842043,0.038428,0.013297
26.251123,-293.478777,-318.108254,6.888160,6.536246,-137.788553,-212.239436,3.407167,2.527372,7.256807,6.859007,0.038395,0.012535
26.255320,-298.193255,-313.778272,6.776791,6.473246,-140.346757,-210.087324,3.414832,2.873107,7.272764,6.872138,0.038328,0.012892
26.259517,-302.684662,-310.041450,7.000650,6.157639,-144.286555,-208.374493,3.469638,2.046281,7.283361,6.888818,0.036668,0.012157
26.263713,-307.036641,-305.842655,6.517935,6.655880,-147.813353,-205.616159,3.337574,2.614685,7.292173,6.906470,0.038270,0.012282
26.267910,-310.853316,-301.816112,6.847031,6.532948,-149.947838,-203.527419,3.512425,2.535756,7.305624,6.918149,0.038192,0.012670
26.272107,-315.136270,-298.132364,6.874870,6.607034,-152.823621,-201.439540,3.374387,2.809044,7.316715,6.932204,0.038680,0.012575
26.276304,-318.728446,-294.191900,6.743024,6.694020,-155.353658,-199.528772,3.576101,2.810999,7.328830,6.944742,0.038956,0.013082
26.280501,-322.135265,-290.506240,6.786405,6.444970,-157.606122,-197.658591,3.683703,2.686693,7.340208,6.956318,0.037942,0.013180
26.284698,-325.706142,-286.898831,6.976563,6.523576,-159.888140,-196.026942,3.521657,2.920250,7.352658,6.967393,0.038644,0.013024
26.288894,-328.763810,-283.750458,6.794533,6.363501,-162.037220,-194.004154,3.547844,2.803326,7.360178,6.979039,0.037601,0.012907
26.293091,-331.535564,-280.571861,6.803714,6.484295,-164.923803,-191.878160,3.740332,2.665052,7.364800,6.993182,0.038060,0.013146
26.297288,-334.233327,-277.570642,7.001666,6.519380,-166.656305,-190.527259,4.027477,2.778298,7.374917,7.001852,0.038703,0.013987
26.301485,-336.818598,-274.902499,6.950055,6.523023,-167.859001,-188.227213,3.724665,2.843233,7.379993,7.011446,0.038352,0.013334
26.305682,-339.334834,-271.919634,6.890946,6.453261,-170.425980,-186.463672,4.138563,2.973957,7.385602,7.023676,0.038592,0.014468
26.309878,-341.470027,-269.397838,7.063924,6.414639,-171.944158,-185.651524,3.862783,3.123355,7.395143,7.030270,0.038731,0.013992
26.314075,-343.452598,-267.020083,7.148025,6.452915,-173.757110,-183.256603,3.689277,2.660791,7.395459,7.041982,0.038051,0.012843
26.318272,-345.713690,-264.861923,7.135688,6.429793,-175.274318,-182.190777,3.858327,2.833010,7.402368,7.049237,0.038249,0.013466
26.322469,-347.218443,-262.772051,6.975632,6.649747,-176.903746,-181.671470,4.055327,3.551365,7.409570,7.055288,0.040498,0.015058
26.326666,-349.082316,-260.745950,6.985765,6.681993,-177.804661,-179.871386,3.740381,2.882052,7.412833,7.062805,0.039064,0.013221
26.330863,-350.184427,-259.378880,7.333504,6.599366,-178.537911,-178.593046,4.168857,2.659131,7.414087,7.068429,0.038860,0.013847
26.335059,-351.691548,-257.402678,7.214388,6.546815,-179.640527,-177.083300,3.630098,2.604597,7.417217,7.075752,0.038136,0.012496
26.339256,-352.271083,-256.037874,7.177630,6.255231,-180.661330,-177.040561,4.312650,2.638695,7.422570,7.078705,0.037538,0.014068
26.343453,-353.523716,-255.087638,7.245977,6.482127,-181.251393,-175.503394,3.435600,2.713365,7.421220,7.084694,0.038002,0.012224
26.347650,-354.535828,-253.903839,6.906225,6.528153,-181.951053,-174.997872,3.774265,2.596210,7.425155,7.088060,0.037829,0.012742
26.351847,-355.571314,-253.027639,7.080614,6.605162,-181.955883,-174.642393,3.767796,2.627513,7.429891,7.089090,0.038170,0.012787
26.356043,-355.913389,-252.238418,7.128399,6.747764,-182.667321,-174.688933,4.156420,2.673987,7.433103,7.090906,0.039162,0.013698
26.360240,-356.330161,-251.657840,7.290831,6.475719,-183.023296,-173.908724,3.994948,2.753482,7.432275,7.094114,0.038255,0.013465
26.364437,-356.360906,-251.690357,7.284368,6.464080,-183.751775,-175.053101,3.846744,3.471502,7.436134,7.092822,0.039675,0.014401
26.368634,-356.619425,-251.536099,7.440507,6.573071,-183.512882,-173.515751,3.921409,2.583089,7.430540,7.096577,0.038486,0.013001
26.372831,-356.614019,-251.419183,7.429022,6.546258,-184.240207,-174.323810,4.186240,3.155978,7.433411,7.096232,0.039676,0.014504
26.377028,-356.729880,-251.301064,7.464099,6.615160,-183.952268,-174.702649,4.169049,3.253362,7.436684,7.094368,0.040096,0.014647
26.381224,-356.336652,-251.280580,7.263381,6.643068,-183.855334,-174.989859,4.125363,3.272588,7.437539,7.093284,0.040130,0.014587
26.385421,-356.275891,-251.529221,7.305750,6.388092,-182.489586,-174.701447,3.868504,2.644083,7.437732,7.090384,0.037642,0.013011
26.389618,-355.630358,-252.003397,7.246900,6.731638,-181.952598,-174.783578,3.766659,2.554440,7.435614,7.088677,0.038767,0.012660
26.393815,-355.046713,-252.982474,7.052602,6.689598,-181.737623,-175.154924,3.697756,2.547410,7.431903,7.087026,0.038422,0.012497
26.398012,-353.922418,-253.952072,7.116364,6.594968,-180.689321,-176.420107,4.036414,2.571891,7.433160,7.080538,0.038328,0.013334
26.402209,-353.050028,-255.148273,7.253281,6.416208,-180.072307,-178.595797,3.666088,3.697854,7.437335,7.072700,0.039799,0.014518
26.406405,-351.500111,-256.382589,7.138506,6.638291,-179.502564,-177.601876,3.776908,2.579652,7.424467,7.073906,0.038568,0.012783
26.410602,-350.538379,-257.955125,7.332081,6.627539,-178.628663,-178.969349,4.246670,2.714359,7.423288,7.067631,0.039152,0.014100
26.414799,-349.012824,-259.631098,7.096719,6.416704,-177.491434,-180.118902,3.655383,2.480202,7.419900,7.061236,0.037487,0.012386
26.418996,-347.619967,-261.341840,7.109700,6.654971,-175.738080,-181.080260,3.702388,2.455834,7.417115,7.053613,0.038310,0.012522
26.423193,-345.844012,-263.043139,7.036641,6.543849,-174.911332,-182.827304,4.168249,2.673505,7.415208,7.046459,0.038564,0.013966
26.427389,-343.885162,-265.377667,6.888136,6.642855,-173.028485,-184.126419,4.153938,2.598002,7.410083,7.037520,0.038635,0.013896
26.431586,-341.651967,-267.658527,7.027932,6.609705,-171.571040,-185.121178,3.689055,2.455166,7.402177,7.030613,0.038235,0.012595
26.435783,-339.610203,-270.540808,7.065492,6.693912,-169.570913,-186.912232,3.701727,2.573092,7.396900,7.019976,0.038710,0.012843
26.439980,-337.195081,-273.190837,7.028447,6.634838,-168.134182,-188.750316,3.496024,2.612820,7.390760,7.010881,0.038524,0.012407
26.444177,-334.847571,-276.067647,7.154699,6.564251,-165.701171,-190.551190,3.791584,2.563549,7.385883,6.998942,0.038374,0.013143
26.448374,-332.204606,-278.683121,6.926041,6.505880,-163.667595,-192.321082,3.811291,2.969508,7.380446,6.988267,0.038625,0.013790
26.452570,-329.134698,-281.810137,6.957405,6.283823,-162.019791,-194.559381,4.063371,2.664963,7.372810,6.977581,0.037701,0.014052
26.456767,-326.344083,-285.238865,6.847769,6.556571,-159.792792,-196.126594,3.808347,2.822921,7.362693,6.966852,0.038643,0.013634
26.460964,-322.659709,-288.521239,6.981801,6.444755,-157.042884,-197.765105,3.354090,2.723271,7.352684,6.954311,0.038000,0.012376
26.465161,-319.227292,-292.294814,6.570267,6.477232,-155.180098,-200.455403,4.025238,2.917240,7.343619,6.941956,0.038573,0.014397
26.469358,-315.699735,-296.083700,6.918298,6.305657,-152.587748,-202.257883,3.728567,2.765264,7.331980,6.929510,0.037943,0.013462
26.473555,-311.835624,-299.835553,6.842092,6.430854,-149.448449,-203.971735,3.680671,2.838883,7.320695,6.915517,0.038330,0.013487
26.477751,-308.038045,-303.094117,6.595019,6.417824,-146.539847,-205.992279,3.196469,2.570389,7.312639,6.901512,0.037285,0.011870
26.481948,-303.441812,-307.585197,6.933679,6.459688,-142.568211,-207.920947,3.274769,2.684397,7.299333,6.884239,0.037984,0.012289
26.486145,-298.978670,-311.680371,6.614862,6.510300,-140.486545,-210.148537,3.203133,2.570307,7.284235,6.872463,0.037737,0.011954
26.490342,-294.282382,-315.900678,6.716611,6.492338,-137.397878,-212.266422,3.653890,2.713294,7.270207,6.857653,0.038438,0.013460
26.494539,-289.082298,-320.268631,6.635393,6.564178,-133.861994,-214.391853,3.473072,2.841382,7.255366,6.841339,0.038646,0.013088
26.498735,-284.305871,-324.794393,6.567799,6.379118,-130.086681,-216.622024,3.478271,2.647315,7.242304,6.823990,0.037607,0.012975
26.502932,-278.616649,-329.531221,6.515645,6.514177,-126.614987,-218.138986,3.163782,2.640159,7.221557,6.809093,0.037700,0.012054
26.507129,-272.797961,-333.739390,6.492928,6.531833,-124.035992,-221.361203,3.567330,2.810117,7.207019,6.793927,0.038727,0.013406
26.511326,-266.982603,-338.620986,6.514778,6.458805,-119.661502,-223.326959,3.439581,2.691496,7.189939,6.775071,0.038166,0.012975
26.515523,-260.934666,-343.313901,6.528081,6.506005,-116.051892,-224.853436,3.495637,2.715724,7.168583,6.759647,0.038443,0.013226
26.519720,-254.641311,-348.368742,6.546247,6.375555,-112.376552,-226.831953,3.357684,2.889819,7.146996,6.743160,0.038228,0.012921
26.523916,-248.195747,-352.843750,6.380504,6.536214,-108.375977,-229.235990,3.420253,2.988785,7.130049,6.724813,0.038634,0.013194
26.528113,-241.607828,-358.120973,6.179253,6.498903,-103.963045,-231.190914,3.552517,2.944029,7.109059,6.705777,0.038088,0.013640
26.532310,-234.529581,-362.445739,6.382995,6.550112,-99.832668,-232.409660,3.629635,3.077276,7.086187,6.688908,0.038928,0.014032
26.536507,-226.254612,-367.563214,6.578191,6.391636,-96.388070,-235.006921,3.504780,2.694354,7.058334,6.672411,0.038826,0.013386
26.540704,-218.978630,-372.212736,6.588690,6.407106,-92.250199,-236.579329,3.515603,2.942945,7.034655,6.654984,0.039200,0.013569
26.544900,-210.918031,-377.290427,6.567004,6.387257,-87.255596,-237.396491,3.042258,2.768517,7.007075,6.635410,0.038121,0.011905
26.549097,-202.862478,-382.012556,6.602780,6.438116,-82.932353,-239.301098,3.096355,2.214276,6.982061,6.616793,0.038067,0.011901
26.553294,-194.628574,-386.814849,6.530104,6.378122,-78.835983,-240.849296,3.146845,2.771828,6.953820,6.599519,0.038303,0.012282
26.557491,-185.770544,-391.374911,6.250399,6.554811,-75.044941,-242.561400,3.106801,2.729024,6.922871,6.583230,0.037863,0.012113
26.561688,-177.076497,-395.819887,6.382026,6.545062,-69.514851,-243.244723,3.175724,2.889952,6.897242,6.561547,0.038233,0.012471
26.565885,-167.467690,-400.296619,6.356839,6.350987,-65.207369,-244.819801,3.183862,2.213272,6.864969,6.543491,0.037594,0.012350
26.570081,-157.659630,-404.535591,6.367860,6.486699,-61.018152,-246.309162,3.149817,2.625877,6.831493,6.526026,0.038163,0.012303
26.574278,-147.928358,-408.295979,6.570387,6.352329,-56.491528,-247.526384,3.582221,2.226757,6.800306,6.507567,0.039506,0.013893
26.578475,-137.473880,-412.803530,6.287736,6.586489,-52.380253,-247.773644,3.468171,3.030992,6.759255,6.491521,0.038753,0.013625
26.582672,-127.419877,-416.405623,6.263558,6.618466,-48.160992,-249.624419,3.510265,2.784807,6.726819,6.473777,0.038884,0.013715
26.586869,-117.258845,-419.950531,6.261159,6.472765,-43.322126,-249.758067,3.061132,2.932252,6.693016,6.454933,0.037677,0.012062
26.591066,-106.271764,-423.040169,6.239052,6.669758,-38.178723,-251.014501,3.673652,2.335091,6.660092,6.434126,0.039008,0.014371
26.595262,-95.198125,-426.393039,6.161829,6.801577,-33.403680,-251.302485,3.181283,2.588698,6.622467,6.415333,0.037557,0.012512
26.599459,-84.490545,-428.934573,5.953302,6.452133,-29.063743,-252.405099,3.250481,2.475164,6.587418,6.397828,0.036721,0.012758
26.603656,-73.245164,-431.163863,6.104668,6.465885,-25.551336,-253.387945,3.135060,3.147719,6.545294,6.383684,0.037407,0.012311
26.607853,-61.576708,-433.241799,6.151382,6.642495,-20.549287,-252.780426,3.139194,1.789114,6.506733,6.364300,0.037310,0.012350
26.612050,-49.906502,-435.150205,6.280852,6.605125,-16.250676,-253.877578,3.591722,2.601070,6.466759,6.347108,0.039219,0.014105
26.616246,-38.196058,-436.537028,6.147789,6.569808,-10.707846,-253.512776,3.271746,2.233634,6.432260,6.325398,0.037626,0.012888
26.620443,-26.621103,-437.539704,5.913423,6.821327,-7.041496,-254.084898,3.267436,2.451110,6.389510,6.310891,0.036650,0.012853
26.624640,-14.436865,-438.427830,5.932368,6.841655,-1.467983,-255.314614,3.898225,2.942037,6.353892,6.288935,0.038679,0.015268
26.628837,-2.618840,-438.474149,5.882580,6.980212,1.745761,-254.374494,3.320530,2.513777,6.306889,6.276322,0.036684,0.013053
26.633034,8.922094,-438.656457,6.189008,7.024941,7.025549,-254.224881,3.240017,2.478128,6.272902,6.255557,0.037876,0.012738
26.637231,21.496809,-438.167534,6.315377,6.837227,10.883443,-253.988941,3.138842,2.501442,6.225624,6.240361,0.038232,0.012343
26.641427,32.909254,-437.004455,6.159433,6.599553,15.167355,-253.925458,3.266836,2.645446,6.186579,6.223525,0.037912,0.012835
26.645624,45.015260,-436.268777,6.122499,6.680187,20.014278,-254.661154,3.407000,3.319383,6.146380,6.204755,0.038268,0.013335
26.649821,56.814193,-434.483810,6.075041,6.715070,24.307304,-253.422179,3.529417,2.659294,6.105543,6.187562,0.038227,0.013836
26.654018,68.422313,-432.456321,5.991443,6.808069,29.714209,-253.459445,3.305400,2.917642,6.070215,6.166483,0.037508,0.012933
26.658215,80.212333,-429.961205,6.182329,6.567130,33.583385,-252.026789,3.085702,2.614033,6.026892,6.150712,0.037620,0.012106
26.662412,92.078071,-427.644745,6.072704,6.692783,37.982162,-251.403715,3.291422,2.502942,5.985371,6.133239,0.037580,0.012884
26.666608,103.149264,-424.641847,6.308107,6.386244,43.126338,-250.325535,3.214826,2.301011,5.951568,6.112579,0.038239,0.012567
26.670805,114.142155,-420.938991,6.182594,6.667539,46.932778,-250.507074,3.103128,2.812855,5.907561,6.097981,0.037998,0.012139
26.675002,125.033359,-417.903832,6.321003,6.370279,51.770645,-249.814873,3.444626,2.663005,5.872155,6.078842,0.039008,0.013390
26.679199,135.174923,-413.974580,6.264019,6.453807,57.322417,-247.899418,3.084298,2.204861,5.844825,6.055947,0.037909,0.011971
26.683396,145.780127,-409.979038,6.068138,6.462302,61.593278,-246.829680,3.183873,2.340280,5.806811,6.038642,0.037349,0.012346
26.687592,156.384465,-406.077918,6.454095,6.457922,65.676645,-245.349314,3.080495,2.201613,5.769389,6.021631,0.038327,0.011929
26.691789,166.287282,-401.485521,6.524295,6.373315,70.164151,-244.455250,3.134672,2.435512,5.733894,6.003677,0.038712,0.012138
26.695986,176.092339,-396.946221,6.556765,6.550886,74.260288,-244.248266,3.598562,2.932079,5.695031,5.988030,0.040251,0.013894
26.700183,184.863121,-392.376168,6.597868,6.401958,78.425368,-242.890327,3.463162,3.086700,5.664434,5.970869,0.039985,0.013436
26.704380,194.216972,-387.355628,6.670450,6.246643,82.488116,-241.115510,3.640595,2.615026,5.630778,5.953556,0.039694,0.013919
26.708577,202.722467,-381.995114,6.653447,6.475444,87.649997,-239.519607,3.161645,2.818708,5.603788,5.932381,0.039575,0.012245
26.712773,211.897616,-376.847344,6.703561,6.175523,92.535921,-237.979928,3.439141,2.864827,5.573180,5.912337,0.039508,0.013195
26.716970,219.837843,-372.240145,6.724525,6.368109,96.418541,-235.525559,3.485588,2.449619,5.548852,5.894622,0.039344,0.013189
26.721167,227.643309,-366.564589,6.745462,6.405871,101.035123,-234.525177,3.558438,3.053272,5.518783,5.876406,0.040328,0.013644
26.725364,235.376365,-361.406442,6.579421,6.356596,105.157545,-231.899682,3.434333,2.278977,5.495046,5.857457,0.038623,0.012828
26.729561,242.635275,-355.728012,6.923739,6.366255,109.268998,-230.117784,3.213601,2.389731,5.467847,5.839868,0.039320,0.012085
26.733757,249.714552,-350.752825,6.797501,6.319301,113.256195,-227.772551,3.278640,2.186989,5.445883,5.821753,0.038570,0.012159
26.737954,256.692796,-345.518208,6.930568,6.009849,116.324172,-226.067168,3.780395,2.386029,5.417452,5.807961,0.038528,0.013902
26.742151,263.358473,-339.887790,6.762507,6.099055,120.472672,-223.974724,3.709557,2.272846,5.393939,5.789691,0.038109,0.013525
26.746348,269.579764,-334.890067,6.889062,6.157079,125.359442,-221.388629,3.226587,2.241723,5.379153,5.767958,0.038004,0.011859
26.750545,275.826281,-329.795548,6.812783,6.078370,129.235304,-219.253311,3.295288,2.469276,5.358500,5.750571,0.037815,0.012194
26.754742,281.141948,-324.468247,6.709686,6.148343,131.558587,-217.786773,3.616183,2.712493,5.331913,5.739778,0.038302,0.013356
26.758938,287.129814,-320.030810,6.861023,6.192772,135.195109,-215.175609,3.402219,2.541615,5.316462,5.722216,0.038025,0.012523
26.763135,292.690363,-314.326566,6.804304,6.084614,139.295622,-212.412386,3.205345,2.086902,5.298815,5.702758,0.036840,0.011474
26.767332,298.160621,-309.954445,6.828849,6.089913,143.115823,-209.958694,3.151850,2.102483,5.285204,5.684889,0.036734,0.011259
26.771529,302.555278,-304.828855,6.886420,5.643081,145.403242,-207.556142,3.213969,2.181589,5.266642,5.672091,0.035257,0.011502
26.775726,307.433532,-300.160636,7.287243,6.049463,149.021318,-205.453687,3.274200,2.166288,5.251227,5.655662,0.037233,0.011583
26.779923,312.385821,-296.002921,7.021540,6.144285,152.886809,-203.249127,3.314241,2.186435,5.239118,5.638269,0.037164,0.011626
26.784119,316.283744,-291.188999,7.159092,6.181066,154.939434,-201.232249,3.307383,2.283806,5.221007,5.627036,0.037455,0.011686
26.788316,320.487509,-287.070176,6.981495,6.083158,158.717276,-198.898323,3.218628,2.407559,5.211419,5.609676,0.037026,0.011514
26.792513,324.114739,-282.441608,7.130396,5.988181,160.766842,-196.576869,3.205314,2.479856,5.196350,5.597665,0.036810,0.011562
26.796710,327.928090,-278.393063,6.944818,5.962959,162.634653,-194.589200,3.354668,2.650630,5.181621,5.587002,0.036613,0.012163
26.800907,330.948847,-274.346844,7.160578,6.037723,165.235462,-191.951997,3.269380,2.438162,5.173804,5.572445,0.036758,0.011625
26.805103,334.403725,-270.701653,6.829409,6.116216,168.929647,-190.000213,3.155929,2.341975,5.166147,5.556424,0.036650,0.011114
26.809300,337.564220,-267.083376,6.966096,6.078612,170.425434,-188.146241,3.308745,2.671737,5.153620,5.547168,0.037047,0.011968
26.813497,340.496294,-263.645456,7.000350,5.968531,173.335367,-185.025605,3.097557,2.029993,5.152015,5.530397,0.035564,0.010462
26.817694,343.512944,-260.280253,7.024136,6.109071,175.024858,-183.235677,3.164421,2.128448,5.141272,5.520702,0.036159,0.010734
26.821891,345.747437,-256.857190,6.956307,6.081863,177.343303,-181.924277,3.350396,2.496955,5.131043,5.510537,0.036769,0.011672
26.826088,348.163925,-253.823974,6.968154,6.073442,178.524056,-180.222455,3.269275,2.527432,5.121748,5.502521,0.036599,0.011532
26.830284,350.337496,-250.775618,7.007160,5.975782,180.493606,-178.252104,3.284640,2.480709,5.115953,5.491539,0.036179,0.011454
26.834481,352.319268,-248.187512,7.073560,6.060327,182.333174,-176.382992,3.221035,2.467433,5.112067,5.481201,0.036546,0.011261
26.838678,354.628122,-245.723843,7.105152,6.076976,183.866212,-174.524020,2.945157,2.267997,5.107425,5.471726,0.036098,0.010299
26.842875,356.078129,-243.674350,7.195879,6.115541,185.162573,-173.681781,3.183617,2.542466,5.101071,5.465804,0.036904,0.011268
26.847072,357.492154,-241.409419,7.123177,6.181761,186.609645,-171.959680,3.130633,2.452603,5.098416,5.456953,0.036985,0.010973
26.851269,359.234405,-239.453996,7.015973,6.215746,188.392868,-170.473898,3.206866,2.095541,5.096138,5.447896,0.036546,0.010446
26.855465,361.140610,-237.724285,6.949036,6.158104,188.419579,-168.933705,3.274315,2.266882,5.091408,5.443313,0.036180,0.010913
26.859662,361.723972,-235.974817,7.072147,6.110973,190.021580,-168.087414,3.106794,2.243636,5.088905,5.436614,0.036217,0.010474
26.863859,363.227113,-234.271576,7.037980,6.160999,190.603292,-166.781146,3.120565,1.946816,5.085085,5.431229,0.035817,0.009965
26.868056,363.938754,-232.719527,7.208001,6.223458,191.561925,-166.413215,3.561620,2.257462,5.079601,5.427650,0.036926,0.011395
26.872253,364.731964,-232.130076,7.214922,6.111862,191.624631,-166.348915,3.207515,2.846286,5.075538,5.427296,0.037251,0.011849
26.876449,365.358541,-230.708953,7.002918,5.995575,192.282547,-164.817620,3.173694,2.112954,5.076154,5.421027,0.035317,0.010327
26.880646,365.871243,-230.157485,6.897965,6.096790,192.385711,-164.450922,3.257513,2.243910,5.074438,5.419662,0.035842,0.010740
26.884843,366.255372,-230.062794,7.155500,6.095810,193.705099,-164.285161,3.605211,2.295311,5.076592,5.415791,0.036403,0.011480
26.889040,366.527506,-229.673504,7.243949,6.177409,192.667170,-164.533603,3.845272,2.719506,5.070869,5.419188,0.037405,0.012797
26.893237,366.348962,-229.224885,7.215234,6.335024,192.596086,-164.248966,3.769872,2.841822,5.070244,5.418515,0.038280,0.012898
26.897434,366.643603,-229.006564,7.084952,6.206860,192.680242,-164.325089,3.831436,2.762040,5.068361,5.418529,0.037495,0.012855
26.901630,366.762866,-228.984979,7.043311,6.218316,192.799478,-164.472189,3.742497,2.773841,5.067509,5.418665,0.037514,0.012697
26.905827,366.901306,-229.213154,7.035774,6.177030,192.650154,-164.226321,3.799100,2.840064,5.069361,5.418309,0.037402,0.012949
26.910024,366.601359,-229.329679,7.155425,6.301830,193.431694,-164.136295,3.489390,2.217063,5.072449,5.416040,0.037033,0.011118
26.914221,366.294962,-230.171222,7.205629,6.042418,193.259775,-164.857693,3.573989,2.234551,5.073313,5.418643,0.036026,0.011321
26.918418,365.446210,-230.909075,7.066696,6.294240,192.491733,-164.968329,3.056597,2.188566,5.076637,5.420942,0.036759,0.010224
26.922614,365.259667,-231.935395,7.054074,6.054036,192.332396,-166.346124,3.354768,2.698579,5.074914,5.425463,0.036704,0.011786
26.926811,364.041542,-233.250863,7.014225,6.139267,190.948946,-167.437582,3.814128,2.832048,5.075728,5.432278,0.037409,0.012975
26.931008,362.980480,-234.701475,6.989207,6.140780,190.420321,-167.617603,3.082138,2.439252,5.083165,5.434185,0.036469,0.010795
26.935205,361.486175,-236.210093,7.095466,6.130134,189.741826,-168.502005,3.424825,2.098468,5.087918,5.438568,0.036210,0.010888
26.939402,360.453725,-238.133845,7.123191,6.077255,188.748399,-170.045808,3.147327,2.615120,5.089909,5.445708,0.036744,0.011280
26.943599,359.400931,-239.969516,7.028872,6.121051,188.259237,-170.848198,3.097706,2.110626,5.096239,5.449341,0.036068,0.010240
26.947795,357.838324,-241.904166,6.914327,6.057285,186.010944,-172.313839,3.646598,2.366084,5.097199,5.459580,0.036161,0.011932
26.951992,355.719849,-244.132564,6.942506,6.087869,184.953495,-174.797895,3.734598,2.946097,5.098075,5.469565,0.037616,0.013130
26.956189,354.001946,-246.355538,6.954316,6.128303,183.464763,-176.785968,3.303758,3.377973,5.099725,5.479250,0.038560,0.013119
26.960386,352.071898,-249.367631,6.928529,6.050972,182.549141,-178.056901,2.988142,3.039201,5.110574,5.485330,0.037482,0.011821
26.964583,350.072994,-252.186778,6.940629,6.115368,180.700138,-178.485717,3.082113,2.221882,5.122818,5.491622,0.036226,0.010557
26.968780,347.716276,-254.884869,6.953885,6.172116,178.568428,-180.908517,3.282624,2.587974,5.124671,5.504297,0.037172,0.011646
26.972976,345.012123,-257.783438,7.009396,5.926834,176.583847,-182.503552,3.216063,2.348262,5.132708,5.514271,0.035864,0.011144
26.977173,342.417490,-260.951854,6.897590,6.247047,174.898389,-184.115310,3.097633,2.250212,5.142432,5.523454,0.036945,0.010745
26.981370,339.941917,-264.712097,7.020016,6.090384,172.072485,-187.171070,3.530075,2.759683,5.145105,5.539791,0.037352,0.012587
26.985567,336.529770,-268.633207,6.920911,6.234459,170.008871,-188.351922,3.605767,2.414615,5.161622,5.548928,0.037382,0.012327
26.989764,333.830898,-272.196726,7.065807,6.065177,167.617864,-190.581538,3.723669,2.439349,5.168833,5.561808,0.036955,0.012714
26.993960,330.334830,-276.249935,6.920809,6.114272,164.791999,-192.368659,3.344159,2.459859,5.181386,5.574845,0.036796,0.011851
26.998157,326.713366,-280.319618,6.775620,6.133859,162.027287,-196.173047,3.815450,3.097899,5.184759,5.592826,0.038221,0.013921
27.002354,322.801441,-283.888816,6.691822,6.198298,159.762021,-197.689959,3.830303,2.568520,5.198732,5.603498,0.037633,0.013331
27.006551,319.267903,-288.562801,6.963798,6.015789,156.761545,-199.669829,3.249172,2.599636,5.212935,5.617594,0.036876,0.011889
27.010748,315.015680,-293.407345,6.792763,6.346770,154.862161,-201.272904,3.243097,2.187287,5.234440,5.627375,0.037477,0.011403
27.014945,310.974287,-297.479679,6.848415,6.342171,151.181505,-205.240049,3.227528,3.234456,5.235909,5.648310,0.039212,0.012671
27.019141,306.393742,-302.113054,7.000985,6.048540,147.892244,-206.978712,3.834130,2.737727,5.252964,5.662775,0.037975,0.013767
27.023338,301.109092,-306.685040,6.827391,6.183663,144.674219,-209.232091,3.255974,2.890485,5.269521,5.678218,0.038197,0.012353
27.027535,296.521688,-311.832487,6.911758,6.210709,141.146785,-211.455878,3.475652,2.841363,5.285967,5.694606,0.038431,0.012953
27.031732,291.147267,-316.828212,6.752365,6.197239,137.950751,-213.329473,3.858752,2.561960,5.306547,5.709165,0.038182,0.013881
27.035929,285.382388,-322.120414,6.838412,6.209815,135.162260,-215.445844,3.325489,2.593483,5.329876,5.722890,0.038183,0.012331
27.040126,280.052874,-326.779591,6.519895,6.465792,131.430497,-218.145660,3.675098,2.619877,5.343579,5.740937,0.038879,0.013452
27.044322,273.307415,-332.382802,6.795761,6.071049,127.531345,-219.852064,3.266485,2.505523,5.369786,5.757543,0.037722,0.012168
27.048519,267.585412,-337.258402,6.838695,6.445304,123.260337,-222.914725,3.282283,3.109275,5.382396,5.778081,0.039780,0.012730
27.052716,261.241933,-342.652047,6.903613,6.283316,120.157408,-224.302571,3.596976,2.558912,5.410377,5.791392,0.039176,0.013335
27.056913,254.545581,-348.253471,6.975563,6.261778,115.523555,-226.691602,3.279526,2.803850,5.430883,5.811882,0.039205,0.012527
27.061110,247.851837,-353.544258,6.798807,6.196518,111.840250,-229.241590,3.565804,2.718800,5.452838,5.829288,0.039051,0.013405
27.065306,240.413943,-358.701646,6.867290,6.089423,107.858212,-230.787194,3.637798,2.726327,5.479970,5.845998,0.039210,0.013708
27.069503,233.065433,-363.743324,6.578953,6.341787,103.627475,-232.156495,3.198349,2.432821,5.506019,5.863355,0.038265,0.012132
27.073700,225.140973,-369.272664,6.528712,6.355514,99.866344,-234.318456,3.504186,2.283572,5.534966,5.880299,0.038631,0.013135
27.077897,217.062404,-374.300365,6.379096,6.716178,95.773794,-236.573869,3.663455,2.625207,5.561165,5.898516,0.039740,0.013853
27.082094,208.252182,-379.391147,6.661792,6.363641,90.312206,-238.187482,3.716254,2.751919,5.587319,5.920769,0.039953,0.014169
27.086291,200.135114,-384.672658,6.485917,6.331249,86.639591,-240.115749,3.495498,3.048690,5.617579,5.936900,0.039392,0.013503
27.090487,190.686134,-389.656253,6.555796,6.524373,81.972980,-240.893807,3.670511,2.575224,5.652097,5.955190,0.039856,0.014040
27.094684,181.596734,-394.209370,6.696082,6.753140,78.096417,-243.084126,3.572835,2.687656,5.682690,5.972328,0.040883,0.013706
27.098881,172.254643,-399.220097,6.603545,6.568565,73.270581,-244.627577,3.192183,2.978853,5.713666,5.992170,0.039764,0.012434
27.103078,162.417006,-403.502773,6.491447,6.449968,68.397643,-245.852628,3.108238,3.140198,5.745432,6.011841,0.039176,0.012189
27.107275,152.250209,-407.992606,6.546780,6.450612,64.975399,-246.219516,3.159940,2.330487,5.788448,6.025175,0.039056,0.012223
27.111471,142.037162,-411.801861,6.327548,6.663435,59.613279,-247.924917,3.309289,2.627431,5.817171,6.047216,0.038951,0.012846
27.115668,131.591856,-415.926482,6.205485,6.428893,55.174152,-248.887178,3.258235,2.527745,5.854126,6.065030,0.038062,0.012661
27.119865,121.002552,-419.563392,6.211929,6.678958,50.270225,-250.002083,3.605824,2.941224,5.887983,6.084752,0.039188,0.014048
27.124062,109.879643,-422.691149,6.136116,6.707439,46.463353,-250.839639,3.555933,2.836068,5.929669,6.100030,0.038842,0.013855
27.128259,98.857875,-425.649226,6.311954,6.884990,41.184975,-251.454571,3.250485,2.674162,5.963461,6.120840,0.038849,0.012703
27.132456,87.581392,-428.624714,6.070908,6.783490,37.095256,-252.798985,3.040092,3.141105,6.003570,6.137487,0.037414,0.011907
27.136652,76.351111,-430.948617,6.127884,6.974914,32.432629,-253.274866,3.336204,3.142399,6.040857,6.155825,0.038344,0.013054
27.140849,64.552508,-433.466007,6.144854,6.706198,27.501027,-252.972596,3.269433,2.612758,6.080719,6.174899,0.037829,0.012821
27.145046,52.649888,-435.214529,6.085467,6.600406,23.053787,-253.481007,3.284388,2.734482,6.121748,6.192486,0.037589,0.012888
27.149243,40.950978,-437.115857,5.990186,6.886204,19.029825,-254.751039,3.475832,3.392061,6.163554,6.208624,0.037766,0.013604
27.153440,28.871057,-437.364919,6.163220,6.778384,14.201290,-253.938284,3.500235,2.630526,6.203379,6.227319,0.038524,0.013753
27.157637,17.406242,-438.376483,6.487924,6.798123,9.345520,-254.219271,3.293202,2.739912,6.239442,6.246440,0.039472,0.012943
27.161833,4.877577,-438.574797,6.054963,6.738706,5.345869,-254.539257,3.343985,2.602097,6.285730,6.262186,0.037585,0.013133
27.166030,-6.962961,-438.564685,6.107659,7.015431,-0.080458,-254.388719,3.129189,2.733337,6.320537,6.283502,0.037240,0.012301
27.170227,-18.586774,-438.191154,6.027928,6.888780,-4.587408,-254.410876,3.222696,2.618818,6.359213,6.301215,0.037103,0.012665
27.174424,-30.426391,-437.434582,6.143215,6.786119,-9.392740,-253.980275,3.600310,2.626750,6.397340,6.320151,0.038572,0.014161
27.178621,-42.064195,-435.924644,6.139319,6.894699,-13.218492,-254.070219,3.604068,2.599293,6.440494,6.335165,0.038697,0.014157
27.182817,-54.059717,-434.755802,6.318238,6.722461,-17.953350,-254.047313,3.471060,2.694894,6.480393,6.353737,0.039126,0.013616
27.187014,-65.511438,-432.611473,6.206505,6.778013,-23.867473,-253.148854,3.592318,2.492040,6.511198,6.377190,0.038939,0.014096
27.191211,-76.566375,-430.365150,5.973525,6.613013,-27.478099,-252.541743,3.534508,2.361673,6.552528,6.391565,0.037656,0.013868
27.195408,-88.069415,-428.081377,6.009339,6.743760,-31.800676,-252.331891,3.602314,2.544084,6.593037,6.408552,0.038070,0.014108
27.199605,-98.930691,-425.637690,6.224463,6.780419,-36.983307,-251.531285,3.426274,2.707599,6.625019,6.429172,0.038569,0.013423
27.203802,-109.966654,-422.572279,6.366769,6.855390,-42.071554,-250.813345,3.613106,2.460232,6.659627,6.449379,0.039610,0.014102
27.207998,-120.794140,-419.528691,6.257153,6.531073,-45.992480,-249.886158,3.183912,2.717083,6.698477,6.465202,0.037914,0.012475
27.212195,-130.903269,-415.797425,6.342308,6.458496,-50.065601,-248.916993,3.640247,2.514580,6.734279,6.481671,0.039054,0.014191
27.216392,-141.160396,-412.194893,6.378420,6.458984,-54.725222,-247.446047,3.544465,3.126018,6.766356,6.500842,0.039082,0.013914
27.220589,-151.114248,-408.320095,6.356215,6.359468,-59.556862,-246.764963,3.224743,2.451628,6.798779,6.520007,0.037981,0.012555
27.224786,-160.495742,-404.270860,6.580596,6.338318,-63.736040,-245.612353,3.301037,2.069464,6.830824,6.537084,0.038639,0.012758
27.228983,-169.615949,-399.791826,6.287398,6.631038,-68.354828,-244.943169,3.599154,2.436516,6.862323,6.555326,0.038867,0.013873
27.233179,-179.018208,-395.496443,6.465463,6.580661,-72.851865,-243.434702,3.372773,2.284641,6.892688,6.573969,0.038753,0.012975
27.237376,-187.798806,-391.103423,6.298337,6.350529,-77.268502,-241.786710,3.342114,2.268591,6.920411,6.592501,0.037657,0.012833
27.241573,-196.456051,-386.746359,6.573616,6.313098,-81.763021,-240.062766,3.510379,2.245682,6.946797,6.611453,0.038541,0.013410
27.245770,-205.012415,-381.860541,6.512031,6.551664,-85.381870,-238.720384,3.109460,2.248385,6.979353,6.626672,0.038052,0.011928
27.249967,-213.043239,-377.420348,6.540948,6.455116,-89.975924,-236.981674,3.460134,2.620525,7.002755,6.646048,0.038638,0.013278
27.254163,-220.853722,-372.385637,6.490577,6.664862,-94.206452,-235.546087,3.488048,2.457341,7.029920,6.663648,0.038870,0.013263
27.258360,-228.435368,-367.590364,6.508532,6.346501,-98.058441,-233.884721,3.496958,2.523047,7.055979,6.680184,0.038134,0.013285
27.262557,-235.411324,-362.890461,6.389242,6.431765,-101.864626,-231.546540,3.412467,2.754056,7.076899,6.697635,0.038006,0.013103
27.266754,-242.522186,-358.111049,6.618336,6.396789,-106.097064,-229.592533,3.328082,2.785244,7.098417,6.716064,0.038323,0.012807
27.270951,-249.223681,-353.178763,6.492786,6.502526,-109.636790,-227.264740,3.452221,2.908741,7.120036,6.732669,0.038447,0.013302
27.275148,-255.566120,-348.840704,6.795640,6.509325,-113.687663,-225.315430,3.299804,3.097637,7.137625,6.750483,0.039124,0.012917
27.279344,-262.142116,-344.041184,6.787926,6.458694,-117.460858,-223.950912,3.511930,2.971419,7.161194,6.766235,0.038992,0.013455
27.283541,-267.763105,-339.387165,6.695036,6.373579,-121.424322,-221.678282,3.344406,2.781668,7.176589,6.784300,0.038162,0.012753
27.287738,-273.829425,-334.964362,6.849396,6.506225,-125.046656,-219.617866,3.179541,2.749532,7.194504,6.800788,0.038513,0.012187
27.291935,-279.037694,-330.390712,6.621445,6.403982,-128.625403,-217.623459,2.867763,2.796404,7.210659,6.816995,0.037612,0.011272
27.296132,-284.554361,-325.949890,6.745319,6.479727,-131.942542,-215.459975,3.380565,2.926762,7.227334,6.832655,0.038547,0.012915
27.300328,-289.618522,-321.489437,6.738914,6.512410,-135.579374,-213.824077,3.408061,2.767675,7.243962,6.848280,0.038501,0.012787
27.304525,-294.250385,-317.511987,6.843718,6.378368,-137.767905,-211.716460,3.559167,3.036958,7.259487,6.860066,0.038511,0.013509
27.308722,-298.607576,-313.267442,6.811966,6.385080,-142.077155,-211.486331,3.339417,3.495755,7.277443,6.874735,0.039483,0.013301
27.312919,-303.193187,-309.098854,6.611496,6.553385,-143.897142,-208.097668,3.628658,2.656336,7.288903,6.888176,0.038222,0.013222
27.317116,-307.571193,-305.420727,6.788441,6.532409,-147.791009,-206.259582,3.484612,2.472118,7.298546,6.904919,0.038128,0.012523
27.321313,-311.376939,-301.594258,7.024285,6.479012,-149.874730,-203.773704,3.733411,2.995004,7.309388,6.917339,0.039011,0.013805
27.325509,-314.849284,-297.795594,6.726450,6.493345,-152.901233,-201.340506,3.202240,2.709770,7.316809,6.932686,0.037914,0.011990
27.329706,-318.514963,-294.006174,6.878351,6.432579,-155.728575,-199.943652,3.764731,2.815801,7.330025,6.944904,0.038486,0.013563
27.333903,-322.348510,-290.482298,6.876504,6.376852,-157.598497,-197.515828,3.583853,2.597974,7.340235,6.956646,0.037560,0.012807
27.338100,-325.215822,-287.283994,7.222955,6.571896,-159.834159,-197.127192,3.547630,3.790342,7.354874,6.964488,0.040850,0.014366
27.342297,-328.451284,-284.356490,6.836967,6.457503,-161.736628,-195.389028,3.490861,3.608367,7.363777,6.974630,0.039478,0.013953
27.346494,-330.786818,-280.896799,6.931102,6.640258,-163.994697,-194.091924,3.529291,3.619913,7.374118,6.984730,0.040468,0.014039
27.350690,-333.712155,-277.949407,7.113800,6.622423,-165.796215,-190.667032,3.830792,2.618641,7.374621,6.998925,0.038763,0.013309
27.354887,-335.828305,-275.294512,7.086201,6.409212,-167.509431,-188.722864,3.737288,2.473581,7.378935,7.009104,0.037637,0.012847
27.359084,-338.157802,-272.774918,7.093636,6.579094,-169.183627,-187.295489,3.803338,2.589352,7.385647,7.017819,0.038446,0.013128
27.363281,-340.410036,-270.450156,6.878651,6.650317,-171.362660,-186.465740,3.662011,2.692291,7.392889,7.026401,0.038679,0.012849
27.367478,-342.131768,-268.161996,7.169647,6.539075,-171.819763,-184.707683,3.775529,2.613898,7.398359,7.032451,0.038277,0.013034
27.371674,-344.050061,-266.030485,7.171501,6.480452,-173.937284,-183.905015,3.535789,2.636280,7.404212,7.040736,0.038093,0.012418
27.375871,-345.866024,-264.065273,7.235005,6.492027,-174.770410,-182.498993,4.014116,2.653636,7.409123,7.046954,0.038320,0.013579
27.380068,-347.429101,-262.593673,7.164242,6.592372,-175.871958,-181.231583,3.855916,2.511375,7.411140,7.053576,0.038263,0.012962
27.384265,-348.694324,-260.859272,6.838058,6.623313,-176.928312,-180.789734,4.304176,2.745496,7.417775,7.057789,0.038734,0.014336
27.388462,-349.796736,-259.474424,7.234437,6.559625,-177.215287,-179.758042,3.737453,2.922667,7.421271,7.061460,0.038713,0.013313
27.392659,-350.699281,-258.117077,7.083686,6.649075,-178.965107,-179.830916,4.071705,3.334204,7.426268,7.066170,0.040105,0.014675
27.396855,-351.524517,-257.216212,7.249825,6.574634,-179.484479,-178.167790,4.030190,2.866913,7.423275,7.072265,0.038981,0.013812
27.401052,-352.049130,-256.161413,7.286778,6.439321,-179.816662,-177.647650,3.547727,2.804563,7.426266,7.074651,0.038149,0.012633
27.405249,-352.665778,-255.534477,7.218059,6.575490,-180.124558,-178.656878,3.722705,3.821926,7.434826,7.072674,0.040729,0.014872
27.409446,-353.559702,-254.982839,7.274122,6.575275,-179.956945,-176.576416,3.773374,2.600392,7.429762,7.078065,0.038183,0.012809
27.413643,-353.739964,-254.745715,7.325196,6.434476,-180.040288,-176.534921,3.774152,2.704924,7.430908,7.078414,0.037837,0.012980
27.417840,-353.931703,-254.493059,7.361603,6.644236,-180.490476,-176.609839,3.783607,2.706634,7.431921,7.079450,0.038769,0.012981
27.422036,-353.888745,-254.560576,7.307582,6.714203,-181.311063,-177.045523,4.183728,3.074463,7.431826,7.080486,0.040005,0.014435
27.426233,-353.860861,-254.526462,7.311973,6.728430,-181.673428,-177.643518,4.159528,3.536619,7.434036,7.079798,0.041056,0.015167
27.430430,-353.885668,-254.468333,7.330515,6.641951,-181.389789,-178.440716,4.121004,3.778853,7.438846,7.076779,0.041228,0.015527
27.434627,-353.534838,-254.704304,7.262428,6.662069,-180.332858,-178.645842,3.506988,3.856242,7.440203,7.073283,0.041013,0.014526
27.438824,-352.985613,-255.333478,7.294930,6.663761,-179.823765,-177.068815,3.735531,2.375407,7.429487,7.076303,0.038294,0.012363
27.443020,-351.947162,-255.809042,7.132076,6.585411,-179.103622,-178.061991,3.398999,2.692889,7.431284,7.071500,0.038269,0.012133
27.447217,-351.384704,-257.261834,7.261909,6.611299,-179.151186,-180.695149,3.627939,3.735018,7.435668,7.064293,0.040758,0.014468
27.451414,-350.363936,-258.223037,7.022715,6.427800,-177.210139,-179.891544,3.600370,3.069787,7.429149,7.061075,0.038199,0.013265
27.455611,-349.425236,-259.511723,7.127638,6.564833,-177.584060,-180.348655,3.652964,2.587488,7.422285,7.060860,0.038226,0.012538
27.459808,-347.878100,-261.031156,7.200329,6.531611,-175.850033,-180.947627,3.640233,2.692953,7.418292,7.054297,0.038227,0.012742
27.464005,-346.489596,-262.779163,6.843385,6.600546,-174.381530,-182.550011,3.539705,2.840384,7.417774,7.045702,0.038344,0.012775
27.468201,-344.764780,-264.551807,6.968449,6.530211,-173.638229,-183.841389,3.796768,2.987233,7.413277,7.040049,0.038710,0.013599
27.472398,-343.214382,-266.591469,7.208714,6.445950,-172.501466,-186.000691,3.721773,3.130028,7.412915,7.030947,0.038921,0.013642
27.476595,-341.131912,-268.713502,6.968670,6.463682,-171.537203,-188.356723,4.074054,3.304476,7.411499,7.021883,0.039512,0.014699
27.480792,-339.156495,-270.843288,6.853919,6.562846,-169.875836,-188.204138,3.921070,2.769032,7.399836,7.017443,0.038637,0.013615
27.484989,-336.800036,-273.313757,6.862059,6.538120,-167.447605,-189.238796,3.801444,2.724095,7.393178,7.007566,0.038291,0.013341
27.489185,-334.790074,-275.943362,7.143761,6.640889,-165.766832,-192.516106,3.691365,3.717975,7.395480,6.994062,0.040835,0.014575
27.493382,-332.239257,-278.830384,6.925754,6.559441,-163.827041,-193.475033,3.565279,3.644480,7.384890,6.985796,0.040058,0.014194
27.497579,-329.569611,-281.908401,7.144088,6.551956,-161.775332,-194.248890,3.805471,2.833296,7.372557,6.977624,0.038845,0.013611
27.501776,-326.508412,-285.041315,6.904790,6.653482,-159.836698,-196.035471,3.746328,2.794089,7.363491,6.967214,0.038968,0.013435
27.505973,-323.713382,-287.889770,6.830320,6.596425,-157.685894,-197.581180,3.786361,3.069251,7.355805,6.956755,0.039158,0.013943
27.510170,-320.147640,-291.202926,6.736621,6.586309,-155.435949,-200.009715,3.840046,3.002240,7.348338,6.943832,0.039106,0.014006
27.514366,-316.507383,-294.745530,6.902722,6.397616,-153.687445,-202.004449,3.174733,2.373000,7.336220,6.933570,0.037470,0.011451
27.518563,-312.793717,-298.314265,6.789533,6.642201,-150.243473,-203.964619,3.640759,2.807411,7.328073,6.918065,0.039045,0.013308
27.522760,-309.181600,-301.856390,6.879667,6.535074,-147.092459,-205.360772,3.662996,2.682173,7.317007,6.904743,0.038498,0.013312
27.526957,-305.200706,-306.157401,7.136263,6.391648,-144.198079,-207.994952,3.462119,2.294524,7.306464,6.889385,0.037749,0.012372
27.531154,-300.870501,-309.971157,6.819168,6.377780,-141.510076,-209.755338,3.443011,2.857871,7.292610,6.876690,0.038135,0.012929
27.535351,-296.359014,-314.433641,6.747236,6.679114,-138.313051,-211.500482,3.623663,2.944562,7.276703,6.862340,0.039278,0.013590
27.539547,-291.428777,-318.005453,6.711988,6.434776,-135.742624,-213.752726,3.471221,2.771325,7.263928,6.848975,0.038326,0.012975
27.543744,-286.515853,-322.447839,6.833046,6.491603,-133.205125,-215.890932,3.628887,2.842035,7.246593,6.836013,0.039124,0.013521
27.547941,-281.739937,-327.214391,6.719349,6.366343,-129.340640,-217.806432,3.714229,2.737892,7.231341,6.819058,0.038341,0.013762
27.552138,-276.233864,-331.771844,6.730502,6.452138,-125.944167,-219.625930,3.480715,2.761876,7.212918,6.803853,0.038520,0.013103
27.556335,-270.476336,-336.319168,6.613292,6.515411,-122.403518,-221.682049,3.177956,2.456010,7.195175,6.787684,0.037944,0.011945
27.560531,-264.795833,-341.091598,6.517172,6.578854,-117.635377,-223.608174,3.613180,2.825878,7.180256,6.767477,0.038634,0.013685
27.564728,-258.651252,-345.612374,6.526668,6.420350,-113.553572,-225.474162,3.476377,3.022658,7.162410,6.749726,0.038323,0.013426
27.568925,-252.582287,-350.617346,6.536232,6.564712,-110.536712,-227.594177,3.192693,2.504526,7.140225,6.735307,0.037962,0.012147
27.573122,-245.313785,-355.002392,6.476955,6.611527,-107.055346,-229.756792,3.670159,2.791146,7.117927,6.719224,0.039123,0.013924
27.577319,-238.773560,-359.930809,6.624193,6.391563,-103.338670,-231.893060,3.756010,2.542696,7.096652,6.702400,0.038822,0.014115
27.581516,-231.328112,-364.821209,6.482551,6.545710,-99.080887,-233.724684,3.899269,2.554976,7.072953,6.684142,0.039194,0.014677
27.585712,-224.452433,-369.676927,6.486406,6.460295,-95.334278,-234.924214,3.678987,2.858866,7.047233,6.668689,0.038965,0.014099
27.589909,-216.704119,-374.476048,6.511954,6.594082,-91.794892,-236.842710,3.542527,2.930667,7.020156,6.652937,0.039409,0.013656
27.594106,-208.802035,-378.820115,6.505172,6.415764,-87.400619,-238.431393,3.589282,3.003102,6.996182,6.634541,0.039244,0.013881
27.598303,-200.588484,-384.115273,6.550890,6.682518,-82.682913,-239.332899,3.784212,3.050061,6.966624,6.615821,0.040052,0.014663
27.602500,-192.176430,-388.222979,6.393105,6.450678,-77.924310,-241.475336,3.656091,2.560196,6.944717,6.595336,0.038754,0.014058
27.606697,-183.415390,-392.873012,6.366553,6.361360,-74.165917,-242.406387,3.585976,2.909683,6.911195,6.580098,0.038726,0.013938
27.610893,-174.758713,-397.150881,6.570511,6.646671,-69.703905,-244.236763,3.522496,2.415192,6.885146,6.561190,0.039534,0.013589
27.615090,-165.388299,-401.509157,6.382937,6.730384,-65.761042,-244.831564,3.525629,2.952261,6.849566,6.545589,0.039363,0.013767
27.619287,-155.812183,-406.003733,6.214696,6.605959,-61.004335,-246.529814,3.929817,2.241514,6.819554,6.525765,0.039112,0.015170
27.623484,-145.863399,-410.051257,6.192060,6.518042,-56.152674,-247.562499,3.596781,2.407216,6.787643,6.506233,0.038316,0.013976
27.627681,-136.182038,-413.847398,5.933139,6.594909,-52.858169,-247.973693,3.044611,2.232592,6.748698,6.493202,0.036250,0.011887
27.631877,-126.063281,-417.400674,6.148252,6.757631,-48.251602,-249.097114,3.486783,2.551469,6.716245,6.474522,0.038268,0.013626
27.636074,-115.756909,-420.824517,6.124326,6.746127,-42.648197,-250.950670,3.906039,2.870004,6.689596,6.451524,0.039335,0.015246
27.640271,-104.674726,-423.711050,6.169525,6.449051,-38.441921,-250.901913,3.614375,2.431813,6.649188,6.435218,0.038461,0.014150
27.644468,-94.060279,-426.999750,6.254751,6.613755,-34.211439,-251.961561,3.734819,2.743503,6.612643,6.418140,0.039311,0.014627
27.648665,-82.862800,-429.643125,6.111840,6.761569,-29.521950,-252.440841,3.700913,2.943793,6.575575,6.399603,0.038715,0.014525
27.652862,-71.729214,-431.798599,6.261551,6.794500,-24.295051,-253.235787,4.130755,3.159187,6.542833,6.378831,0.040598,0.016207
27.657058,-60.201458,-433.411156,6.265651,6.681240,-20.621238,-252.788312,3.646124,2.363000,6.498907,6.364580,0.039165,0.014348
27.661255,-48.917943,-435.676287,5.955981,6.790051,-16.540414,-253.852743,3.610424,2.493151,6.459409,6.348251,0.037758,0.014177
27.665452,-37.645836,-436.811600,5.953199,6.636311,-11.723930,-254.133169,3.748994,2.887787,6.424143,6.329286,0.038152,0.014730
27.669649,-25.756872,-437.813902,6.143872,6.730129,-8.257871,-254.103072,3.530481,2.684730,6.378152,6.315672,0.038406,0.013883
27.673846,-14.133569,-438.056025,5.921027,6.754772,-2.803099,-255.585311,3.485395,3.321373,6.345200,6.294152,0.037596,0.013636
27.678042,-2.231578,-438.495816,5.739344,6.894890,1.536731,-254.772983,3.288670,2.518882,6.303693,6.277154,0.035998,0.012908
27.682239,10.195482,-438.842782,6.069271,6.774650,6.599444,-255.067386,3.578395,2.850754,6.263620,6.257318,0.038332,0.014023
27.686436,21.390326,-437.776501,5.849160,6.845253,11.413752,-254.387976,3.353701,2.636029,6.228838,6.238348,0.036721,0.013165
27.690633,33.116399,-436.796937,6.015180,6.445599,15.114775,-255.082977,3.622133,3.104274,6.184442,6.224000,0.038460,0.014168
27.694830,44.694880,-436.215281,5.998587,6.692638,20.127398,-253.804941,3.283469,2.648511,6.149308,6.204048,0.037190,0.012882
27.699027,56.323766,-434.638480,6.082699,6.765675,23.786875,-253.405887,3.461073,2.711327,6.105547,6.189591,0.038058,0.013575
27.703223,68.135614,-433.235290,5.948110,6.769485,29.660743,-253.398074,3.312210,2.734831,6.072420,6.166664,0.037141,0.012955
27.707420,79.491949,-430.033573,6.260029,6.851610,33.498120,-252.300923,3.322315,2.494400,6.029959,6.151187,0.038674,0.013004
27.711617,90.678185,-427.933653,6.248111,6.710664,37.724395,-251.717293,3.238015,2.740892,5.991266,6.134424,0.038343,0.012682
27.715814,101.576143,-425.139010,6.154258,6.837990,41.940716,-251.295889,3.041342,2.702146,5.952723,6.117812,0.037640,0.011903
27.720011,112.473023,-421.861228,6.166719,6.653275,46.836777,-251.057133,3.573919,2.951808,5.916305,6.098747,0.039059,0.013919
27.724208,123.248222,-418.567089,6.372032,6.422967,51.463044,-248.999220,3.404931,2.456626,5.882720,6.079375,0.038954,0.013259
27.728404,133.453086,-414.959146,6.459583,6.352362,55.634473,-248.489323,3.338217,2.455752,5.845904,6.062927,0.039131,0.012965
27.732601,143.848440,-410.790238,6.205249,6.663959,60.887666,-246.983219,3.489359,2.331272,5.814388,6.041479,0.038706,0.013498
27.736798,153.997578,-406.391667,6.418341,6.412422,64.765517,-246.803609,3.869829,2.628025,5.773352,6.026554,0.040276,0.014901
27.740995,163.423511,-402.432669,6.402332,6.681002,69.070879,-246.433693,3.649776,3.387454,5.739223,6.009915,0.040602,0.014189
27.745192,172.917920,-398.277318,6.374464,6.564065,73.005364,-244.708498,3.668434,3.062079,5.706385,5.993256,0.039963,0.014186
27.749388,182.522152,-393.752917,6.492317,6.437254,77.355962,-243.162391,3.296142,2.927928,5.673562,5.975184,0.039271,0.012792
27.753585,191.749034,-389.096830,6.471310,6.331916,82.537494,-241.874348,3.724748,3.097463,5.644945,5.954335,0.039939,0.014338
27.757782,200.190055,-383.939336,6.563913,6.432482,86.854338,-240.237713,3.516840,2.809995,5.615380,5.936272,0.039810,0.013476
27.761979,208.531003,-378.770907,6.652502,6.663390,91.244638,-237.836173,3.906186,2.532970,5.589114,5.916857,0.040797,0.014753
27.766176,216.461832,-373.999143,6.642183,6.439336,95.235390,-236.766694,3.383179,2.754959,5.559637,5.900755,0.039650,0.012942
27.770373,224.378434,-369.059253,6.625054,6.291068,100.174136,-234.439413,3.535307,2.578837,5.538007,5.879375,0.039262,0.013357
27.774569,232.114246,-363.670844,6.754808,6.453390,103.039018,-232.462151,3.884914,2.519998,5.505984,5.865958,0.040096,0.014534
27.778766,239.709988,-358.754602,6.744167,6.238088,108.165822,-230.923510,3.432147,2.617862,5.483473,5.845131,0.039067,0.012943
27.782963,246.877321,-353.313616,6.671263,6.337929,111.231663,-229.158676,3.169942,2.852484,5.453587,5.831293,0.038895,0.012217
27.787160,253.559729,-348.401452,6.867430,6.183021,115.540368,-226.620572,3.171346,2.481699,5.435365,5.811696,0.038418,0.011958
27.791357,260.166955,-343.267138,6.587178,6.237958,119.368864,-225.348628,3.208191,3.158582,5.409582,5.796055,0.038834,0.012538
27.795554,266.694987,-337.817426,6.832490,6.013790,122.729092,-223.021288,3.562305,2.699883,5.385533,5.780110,0.038265,0.013284
27.799750,272.659478,-332.776181,6.730140,6.009338,126.701125,-220.630863,3.599829,2.593953,5.367523,5.761902,0.037859,0.013279
27.803947,278.723927,-328.057150,6.911758,6.210709,130.320436,-217.823635,3.767564,2.259590,5.351264,5.744028,0.038319,0.013532
27.808144,283.948848,-322.960487,6.759480,6.078042,134.905486,-215.629280,3.200356,2.250851,5.336500,5.724129,0.037232,0.011654
27.812341,288.891954,-317.957733,6.865836,6.201899,138.029068,-213.333714,3.454968,2.164767,5.318742,5.708915,0.037863,0.012319
27.816538,294.504562,-313.685794,6.848046,6.169184,141.178402,-211.008719,3.109604,2.181123,5.302464,5.693525,0.037181,0.011245
27.820734,298.852198,-308.878879,6.679417,6.014737,144.284541,-208.836278,3.541946,2.337270,5.286823,5.678594,0.036926,0.012617
27.824931,304.249475,-304.240630,6.917667,6.044629,148.147841,-206.883434,3.542842,2.334317,5.270037,5.661740,0.037322,0.012517
27.829128,308.560962,-299.665562,6.914822,6.237411,150.148947,-205.467242,3.479963,2.753261,5.248859,5.652107,0.038365,0.012753
27.833325,312.550998,-295.623865,6.834402,6.252633,154.506498,-202.350440,3.583854,2.585582,5.245551,5.631063,0.038275,0.012773
27.837522,316.460552,-291.615970,6.915206,6.267993,156.680278,-200.314771,3.471343,2.474953,5.231527,5.619411,0.038027,0.012310
27.841719,320.805349,-287.269546,6.998982,6.347913,159.073102,-198.134566,3.397098,2.569869,5.216097,5.606707,0.038319,0.012198
27.845915,324.417896,-283.406564,6.988001,6.218095,162.709553,-196.468173,3.093526,3.052637,5.205681,5.591500,0.038637,0.012062
27.850112,328.172530,-279.458552,6.930088,6.256913,164.122773,-195.046859,3.657813,3.200727,5.187608,5.583674,0.039052,0.013635
27.854309,331.163802,-276.130139,7.210314,6.100241,165.877544,-191.906596,3.724340,2.464954,5.183657,5.570410,0.037324,0.012797
27.858506,334.209106,-272.357514,7.075520,6.179198,169.517071,-189.790696,3.149205,2.572030,5.177109,5.554152,0.037546,0.011425
27.862703,337.347042,-268.769219,7.203635,6.149561,171.904147,-187.190919,3.445672,2.288989,5.170494,5.540332,0.037208,0.011697
27.866899,339.994443,-265.425473,7.029164,6.044642,173.619226,-187.049647,3.350096,3.223713,5.152633,5.535007,0.038224,0.012900
27.871096,342.192543,-262.514223,6.978791,6.088895,175.607083,-185.057857,3.546593,3.326151,5.147618,5.523985,0.038672,0.013499
27.875293,345.023881,-259.669050,7.114685,6.147863,177.473211,-181.811527,3.285344,2.513443,5.147384,5.509861,0.037180,0.011549
27.879490,346.919792,-256.355399,7.149704,6.114236,179.987880,-180.147679,3.606634,2.550417,5.140652,5.498231,0.037510,0.012267
27.883687,349.490808,-254.136669,7.040359,6.163678,180.625683,-178.574162,3.248081,2.513726,5.133139,5.492076,0.037037,0.011418
27.887884,351.316638,-251.708415,7.262775,6.132490,181.935522,-177.160285,3.531137,2.701888,5.126997,5.484490,0.037517,0.012338
27.892080,352.993916,-248.709684,7.086881,6.251283,183.417891,-176.779731,3.382410,3.353549,5.113561,5.479360,0.039168,0.013219
27.896277,354.229433,-246.988470,6.820862,6.128292,184.359788,-174.931283,3.913554,2.950365,5.113574,5.471551,0.037795,0.013537
27.900474,356.082699,-244.756285,6.994897,6.101665,185.815229,-173.153021,3.585668,2.888489,5.110471,5.462528,0.037512,0.012722
27.904671,357.596237,-242.925431,7.144023,5.984058,187.914018,-171.671382,3.644441,2.470693,5.109954,5.452647,0.036561,0.012026
27.908868,358.843425,-241.448723,7.117133,5.971728,188.592185,-169.935750,3.147066,2.275190,5.110054,5.445798,0.035838,0.010639
27.913065,359.557226,-240.104657,6.948921,6.105290,188.784741,-168.683537,3.167497,2.008368,5.108506,5.441614,0.035770,0.010222
27.917261,360.796496,-238.599736,7.122067,6.112793,190.054048,-168.290065,3.514977,2.349861,5.103016,5.437127,0.036657,0.011502
27.921458,361.674399,-237.731390,7.099288,6.246971,190.277631,-167.059408,3.092919,2.086369,5.103479,5.432903,0.036499,0.010163
27.925655,361.677425,-236.272367,6.962358,6.052402,190.757233,-166.747672,3.412512,2.122017,5.098715,5.430729,0.035879,0.010878
27.929852,362.630983,-236.095715,7.129260,6.088988,191.183485,-166.342888,3.777702,2.472961,5.098784,5.428420,0.036763,0.012245
27.934049,362.840773,-235.539715,7.257714,6.103765,191.200277,-166.540873,3.903942,2.598347,5.094615,5.428965,0.037191,0.012727
27.938245,363.408642,-234.718662,7.088948,6.211914,191.231394,-165.677977,3.664785,2.310346,5.093745,5.426313,0.036824,0.011729
27.942442,363.379417,-234.328730,6.986831,6.102513,191.331507,-166.168490,3.601149,2.835144,5.089589,5.427517,0.037250,0.012577
27.946639,363.479006,-234.286658,7.052591,6.097904,191.359327,-166.177684,3.502484,2.897080,5.089189,5.427472,0.037351,0.012514
27.950836,363.520444,-234.400421,7.054809,6.159240,191.743251,-166.217049,3.240434,2.908755,5.090245,5.426598,0.037599,0.012041
27.955033,363.479006,-234.286658,7.052591,6.097904,191.678947,-166.321062,3.236211,2.844803,5.089104,5.427073,0.037224,0.011897
27.959230,363.280289,-234.770376,7.010063,6.358041,190.992565,-166.832581,3.796105,2.722573,5.087996,5.430370,0.038163,0.012742
27.963426,362.935570,-235.768037,7.107812,6.226038,191.497488,-166.297507,3.525511,2.156332,5.097389,5.427472,0.036733,0.011148
27.967623,362.161096,-236.189438,7.098755,6.032024,190.854668,-168.369339,3.370147,2.956090,5.089355,5.435275,0.037359,0.012353
27.971820,361.787868,-237.626309,6.976679,6.074600,190.596597,-167.805168,3.123257,2.357241,5.099648,5.434281,0.036177,0.010705
27.976017,360.826032,-238.918651,7.075370,6.161550,189.654250,-168.901474,3.632071,2.243278,5.100669,5.439973,0.036634,0.011575
27.980214,359.536538,-240.234880,7.095466,6.130134,189.485156,-169.811331,3.635173,2.458208,5.105018,5.443085,0.037065,0.011945
27.984411,358.555753,-241.398909,7.038325,6.012092,188.476668,-170.348562,3.145699,2.210866,5.108102,5.447309,0.035892,0.010517
27.988607,357.548078,-243.655031,6.914783,6.008713,186.182803,-172.559075,3.285541,2.955139,5.105656,5.459829,0.036897,0.012260
27.992804,355.811359,-245.227655,7.002952,6.231723,185.684853,-173.114899,3.655903,2.238385,5.113308,5.462768,0.036972,0.011749
27.997001,353.858439,-247.151870,6.771793,6.189354,184.446800,-174.498109,3.263070,2.516415,5.117524,5.470078,0.036987,0.011395
28.001198,352.470145,-249.757698,6.862221,5.973228,183.412093,-176.032292,3.562697,2.516518,5.123620,5.477259,0.036312,0.012049
28.005395,350.519657,-251.797316,7.007130,5.985416,182.256501,-177.136808,3.187074,2.207379,5.130002,5.483543,0.035932,0.010732
28.009591,348.226519,-254.381857,6.828768,6.124806,180.419243,-178.782831,3.253374,2.127500,5.135668,5.493231,0.036285,0.010802
28.013788,346.333186,-257.061291,6.979080,6.252758,178.632364,-180.673395,3.247940,2.429964,5.139808,5.503468,0.037381,0.011307
28.017985,343.821250,-260.196724,6.937652,6.215311,176.190658,-182.965127,3.298620,2.777063,5.144126,5.516647,0.037756,0.012042
28.022182,341.955840,-263.148223,6.942023,6.179147,174.609798,-184.175652,3.232816,2.290046,5.153315,5.524443,0.036731,0.011135
28.026379,339.300689,-266.176427,7.094505,6.042102,172.608672,-186.304261,3.297754,2.448037,5.159226,5.535927,0.036690,0.011560
28.030576,336.357929,-269.510500,6.920726,6.130570,170.659628,-188.578387,3.216063,2.348262,5.166738,5.547626,0.036785,0.011238
28.034772,333.409369,-273.041583,7.250394,6.212782,168.131887,-190.312334,3.618622,2.243954,5.176475,5.559588,0.037503,0.012177
28.038969,330.270718,-276.744650,6.964852,6.150022,166.943543,-192.135065,3.121858,2.213955,5.190362,5.567828,0.036876,0.010875
28.043166,326.691364,-280.452323,6.847823,6.013406,162.621254,-195.061099,3.318849,2.846136,5.192267,5.588234,0.037132,0.012339
28.047363,323.596741,-284.471049,6.884567,6.255655,160.735131,-196.454089,3.297754,2.448037,5.207863,5.597456,0.037463,0.011765
28.051560,319.813206,-288.317423,6.858624,5.975935,158.331444,-198.803831,3.571386,2.431075,5.218548,5.610631,0.036692,0.012504
28.055756,315.816432,-292.471176,6.830621,6.376460,155.760453,-200.773094,3.460445,2.182016,5.232653,5.623373,0.037826,0.011978
28.059953,311.819905,-297.046602,7.009797,6.167293,153.485420,-203.632632,3.181431,2.616519,5.245407,5.637297,0.037919,0.011722
28.064150,306.798548,-301.582749,6.923233,6.323928,149.675060,-205.349889,3.673724,2.414088,5.261925,5.653340,0.038407,0.012954
28.068347,302.711259,-305.816582,6.889527,6.198171,145.732635,-208.083267,3.722924,2.513826,5.269253,5.672220,0.037998,0.013278
28.072544,297.761810,-310.369781,7.235827,6.105243,143.219416,-209.645445,3.282311,2.106466,5.289999,5.683857,0.037596,0.011656
28.076741,292.756323,-315.562216,6.742042,6.284550,140.423309,-212.581023,3.515534,2.713337,5.306844,5.699420,0.038569,0.012924
28.080937,287.300460,-319.957173,6.845025,6.262504,136.178534,-215.618025,3.377195,3.159646,5.316663,5.719873,0.039315,0.013005
28.085134,281.808556,-325.287890,6.966810,6.260711,133.142380,-216.970383,3.251527,2.725679,5.342050,5.732794,0.038807,0.012243
