# time (s), x1 (pixels), y1 (pixels), x1 error (pixels), y1 error (pixels), x2 (pixels), y2 (pixels), x2 error (pixels), y2 error (pixels), angle1 (the smaller arm) (rad), angle2 (the larger arm) (rad), angle1 error (rad), angle2 error (rad)
0.000000,-10.983525,-94.887242,3.718463,2.479482,113.157401,159.931061,2.347911,1.912580,0.453334,3.757360,0.014763,0.011292
0.000521,-11.382264,-95.551549,3.678765,2.501586,113.157401,159.931061,2.347911,1.912580,0.453572,3.757360,0.014631,0.011292
0.001042,-11.493264,-95.412891,3.727231,2.500548,113.157401,159.931061,2.347911,1.912580,0.454137,3.757360,0.014755,0.011292
0.001564,-11.688704,-94.785915,3.629089,2.637349,113.157401,159.931061,2.347911,1.912580,0.455726,3.757360,0.014586,0.011292
0.002085,-11.757862,-95.330843,3.624615,2.522775,113.157401,159.931061,2.347911,1.912580,0.455100,3.757360,0.014501,0.011292
0.002606,-12.239684,-94.664943,3.146551,2.448771,113.157401,159.931061,2.347911,1.912580,0.457657,3.757360,0.013319,0.011292
0.003127,-12.820373,-94.568494,3.490798,2.457079,113.157401,159.931061,2.347911,1.912580,0.459641,3.757360,0.014140,0.011292
0.003649,-12.931761,-95.432870,3.502674,2.520423,112.863444,159.988461,2.348204,1.912456,0.457630,3.755965,0.014165,0.011303
0.004170,-13.176842,-95.087616,3.538427,2.547508,112.569486,160.045861,2.348497,1.912333,0.457923,3.754569,0.014278,0.011313
0.004691,-12.713730,-95.447387,3.744822,2.592109,112.275529,160.103261,2.348791,1.912210,0.454888,3.753170,0.014819,0.011324
0.005212,-13.437173,-95.358801,3.721098,2.551896,111.981571,160.160660,2.349084,1.912087,0.456291,3.751770,0.014730,0.011335
0.005734,-13.636043,-95.039251,3.696057,2.752308,111.687614,160.218060,2.349377,1.911963,0.456397,3.750368,0.014768,0.011346
0.006255,-13.480337,-94.845837,3.528503,2.686761,111.393656,160.275460,2.349670,1.911840,0.455187,3.748964,0.014344,0.011356
0.006776,-14.182744,-95.127379,4.122501,2.724115,111.099699,160.332860,2.349963,1.911717,0.455953,3.747559,0.015835,0.011367
0.007297,-15.322684,-95.205182,3.780523,2.626175,110.805741,160.390259,2.350257,1.911593,0.458409,3.746152,0.014886,0.011378
0.007819,-15.456005,-94.998318,3.669644,2.675575,110.511784,160.447659,2.350550,1.911470,0.458136,3.744743,0.014642,0.011389
0.008340,-15.689570,-94.904746,3.452811,2.792636,110.217826,160.505059,2.350843,1.911347,0.458002,3.743332,0.014168,0.011399
0.008861,-15.944595,-95.058008,3.305789,2.763804,109.923869,160.562459,2.351136,1.911224,0.457552,3.741920,0.013794,0.011410
0.009382,-16.178747,-94.794733,3.247821,2.706619,109.629911,160.619858,2.351430,1.911100,0.457683,3.740506,0.013640,0.011421
0.009904,-15.359687,-94.868108,3.701290,2.918427,109.335954,160.677258,2.351723,1.910977,0.453968,3.739090,0.014868,0.011432
0.010425,-15.493873,-94.583754,3.603564,2.484298,109.041996,160.734658,2.352016,1.910854,0.453813,3.737673,0.014449,0.011442
0.010946,-16.094110,-94.487449,3.235099,2.473861,108.748039,160.792058,2.352309,1.910731,0.454842,3.736254,0.013537,0.011453
0.011467,-16.121685,-94.392859,3.210441,2.534538,108.454081,160.849457,2.352602,1.910607,0.454057,3.734833,0.013514,0.011464
0.011989,-16.800356,-94.421077,3.607688,2.518911,108.160124,160.906857,2.352896,1.910484,0.455141,3.733410,0.014461,0.011474
0.012510,-16.584718,-94.253487,3.565967,2.444059,107.866166,160.964257,2.353189,1.910361,0.453700,3.731986,0.014347,0.011485
0.013031,-16.974244,-94.335751,3.685438,2.533558,107.572209,161.021657,2.353482,1.910237,0.453787,3.730560,0.014674,0.011496
0.013552,-17.125731,-94.252905,3.618901,2.469809,107.278252,161.079056,2.353775,1.910114,0.453375,3.729132,0.014487,0.011506
0.014074,-17.359629,-94.356047,3.743554,2.889142,106.984294,161.136456,2.354069,1.909991,0.452938,3.727702,0.014976,0.011517
0.014595,-17.676069,-94.610746,3.706370,2.737743,106.690337,161.193856,2.354362,1.909868,0.452528,3.726271,0.014801,0.011528
0.015116,-17.372881,-94.125999,3.745245,2.630755,106.396379,161.251256,2.354655,1.909744,0.451295,3.724838,0.014891,0.011538
0.015637,-17.573972,-94.267869,3.673386,2.564957,106.102422,161.308655,2.354948,1.909621,0.450694,3.723404,0.014678,0.011549
0.016158,-17.252982,-94.196465,3.731812,2.497811,105.808464,161.366055,2.355241,1.909498,0.448764,3.721968,0.014819,0.011560
0.016680,-18.086710,-94.084161,3.897017,2.755648,105.514507,161.423455,2.355535,1.909375,0.450561,3.720530,0.015331,0.011570
0.017201,-18.798116,-94.024203,3.490622,2.527663,105.220549,161.480855,2.355828,1.909251,0.451888,3.719090,0.014201,0.011581
0.017722,-19.187611,-93.801409,3.616531,2.590546,104.926592,161.538254,2.356121,1.909128,0.452446,3.717649,0.014544,0.011592
0.018243,-19.328019,-94.129049,3.608068,2.602572,104.632634,161.595654,2.356414,1.909005,0.451367,3.716206,0.014517,0.011602
0.018765,-19.497774,-93.631990,3.670613,2.548370,104.338677,161.653054,2.356708,1.908882,0.451649,3.714761,0.014674,0.011613
0.019286,-19.251806,-93.902845,3.568510,2.445943,104.044719,161.710454,2.357001,1.908758,0.449433,3.713315,0.014380,0.011624
0.019807,-19.603032,-93.516483,3.606748,2.641011,103.750762,161.767853,2.357294,1.908635,0.450119,3.711867,0.014568,0.011634
0.020328,-19.818351,-93.307064,3.645209,2.659367,103.456804,161.825253,2.357587,1.908512,0.450102,3.710418,0.014682,0.011645
0.020850,-20.285352,-93.170289,3.291481,2.721919,103.162847,161.882653,2.357881,1.908388,0.450774,3.708966,0.013840,0.011655
0.021371,-20.274795,-94.467446,3.415070,2.555400,102.868889,161.940053,2.358174,1.908265,0.447736,3.707513,0.014019,0.011666
0.021892,-20.613461,-94.445997,3.460015,2.596031,102.574932,161.997452,2.358467,1.908142,0.447823,3.706059,0.014144,0.011676
0.022413,-21.182202,-93.874401,3.489015,2.549232,102.280974,162.054852,2.358760,1.908019,0.449478,3.704602,0.014209,0.011687
0.022935,-21.153326,-94.065434,3.624566,2.470543,101.987017,162.112252,2.359053,1.907895,0.448075,3.703145,0.014515,0.011698
0.023456,-21.207381,-94.080378,3.597074,2.476970,101.693059,162.169652,2.359347,1.907772,0.447204,3.701685,0.014453,0.011708
0.023977,-21.521360,-94.201162,3.705098,2.686425,101.399102,162.227051,2.359640,1.907649,0.446997,3.700224,0.014803,0.011719
0.024498,-21.767205,-93.917631,3.686665,2.954797,101.105145,162.284451,2.359933,1.907526,0.447188,3.698761,0.014886,0.011729
0.025020,-21.818364,-93.826620,3.734621,2.873785,100.811187,162.341851,2.360226,1.907402,0.446468,3.697297,0.014979,0.011740
0.025541,-21.878050,-93.939082,3.791343,2.823725,100.517230,162.399251,2.360520,1.907279,0.445466,3.695831,0.015100,0.011750
0.026062,-21.980126,-93.919728,3.724753,2.791029,100.223272,162.456650,2.360813,1.907156,0.444799,3.694363,0.014923,0.011761
0.026583,-22.340709,-93.236222,3.324258,2.761813,99.929315,162.514050,2.361106,1.907032,0.445961,3.692893,0.013946,0.011771
0.027105,-22.114736,-93.044039,3.234171,2.407088,99.635357,162.571450,2.361399,1.906909,0.444510,3.691423,0.013594,0.011782
0.027626,-22.704932,-93.310965,3.524289,2.471948,99.341400,162.628850,2.361692,1.906786,0.444961,3.689950,0.014312,0.011792
0.028147,-22.333953,-92.841544,3.207965,2.546375,99.047442,162.686249,2.361986,1.906663,0.443467,3.688476,0.013604,0.011802
0.028668,-22.849676,-93.157342,2.904777,2.673608,98.753485,162.743649,2.362279,1.906539,0.443608,3.687000,0.012931,0.011813
0.029190,-23.079737,-92.805690,3.451571,2.827750,98.459527,162.801049,2.362572,1.906416,0.443851,3.685523,0.014314,0.011823
0.029711,-22.807723,-93.188854,3.566347,2.538337,98.165570,162.858449,2.362865,1.906293,0.441378,3.684044,0.014474,0.011834
0.030232,-23.094898,-93.370422,3.611712,2.825039,97.871612,162.915848,2.363159,1.906170,0.440996,3.682563,0.014698,0.011844
0.030753,-22.939595,-93.150581,3.594931,2.677939,97.577655,162.973248,2.363452,1.906046,0.439805,3.681081,0.014614,0.011855
0.031275,-22.931313,-93.205453,3.597123,2.748371,97.283697,163.030648,2.363745,1.905923,0.438670,3.679597,0.014654,0.011865
0.031796,-23.104019,-93.133549,3.545513,2.637926,96.989740,163.088048,2.364038,1.905800,0.438304,3.678112,0.014483,0.011875
0.032317,-23.090770,-92.946441,3.580009,2.645679,96.695782,163.145447,2.364331,1.905677,0.437515,3.676625,0.014588,0.011886
0.032838,-22.939320,-93.332332,3.751266,2.710454,96.401825,163.202847,2.364625,1.905553,0.435425,3.675136,0.015044,0.011896
0.033359,-23.538398,-93.213885,3.714711,2.603848,96.107867,163.260247,2.364918,1.905430,0.436494,3.673646,0.014902,0.011906
0.033881,-23.214133,-93.323211,3.739534,2.564127,95.813910,163.317647,2.365211,1.905307,0.434264,3.672155,0.014963,0.011917
0.034402,-23.347205,-93.545333,3.687847,2.984136,95.519953,163.375046,2.365504,1.905183,0.433333,3.670661,0.014996,0.011927
0.034923,-23.291034,-93.520099,3.699962,2.919475,95.225995,163.432446,2.365798,1.905060,0.432162,3.669167,0.015008,0.011937
0.035444,-23.484942,-93.548712,3.810901,2.957569,94.932038,163.489846,2.366091,1.904937,0.431714,3.667670,0.015307,0.011947
0.035966,-23.334481,-93.125788,3.661406,2.694137,94.638080,163.547246,2.366384,1.904814,0.430827,3.666172,0.014847,0.011958
0.036487,-23.341658,-93.162124,3.537719,2.646888,94.344123,163.604645,2.366677,1.904690,0.429766,3.664673,0.014519,0.011968
0.037008,-22.955905,-93.004050,3.627478,2.800483,94.050165,163.662045,2.366971,1.904567,0.427724,3.663172,0.014833,0.011978
0.037529,-23.696291,-92.989535,3.401130,2.761421,93.756208,163.719445,2.367264,1.904444,0.429100,3.661669,0.014234,0.011988
0.038051,-23.519475,-92.932125,3.766018,2.776394,93.462250,163.776845,2.367557,1.904321,0.427582,3.660165,0.015178,0.011999
0.038572,-23.299947,-93.063356,3.595463,2.766239,93.168293,163.834244,2.367850,1.904197,0.425648,3.658660,0.014745,0.012009
0.039093,-23.422773,-94.219473,3.566281,2.826729,92.874335,163.891644,2.368143,1.904074,0.423328,3.657153,0.014647,0.012019
0.039614,-23.211991,-93.762392,3.482280,2.656477,92.580378,163.949044,2.368437,1.903951,0.422280,3.655644,0.014399,0.012029
0.040136,-23.075812,-93.797726,3.662510,2.702641,92.286420,164.006444,2.368730,1.903827,0.420756,3.654134,0.014885,0.012039
0.040657,-23.153721,-93.765143,3.800770,2.808554,91.992463,164.063843,2.369023,1.903704,0.420022,3.652622,0.015289,0.012049
0.041178,-23.125446,-93.696219,3.799685,2.725524,91.698505,164.121243,2.369316,1.903581,0.418996,3.651109,0.015265,0.012060
0.041699,-23.128004,-93.774311,3.772385,2.773371,91.404548,164.178643,2.369610,1.903458,0.417858,3.649595,0.015215,0.012070
0.042221,-22.356278,-94.028185,4.047990,2.760917,91.110590,164.236043,2.369903,1.903334,0.413957,3.648078,0.015957,0.012080
0.042742,-22.226343,-93.954114,4.092743,2.772096,90.816633,164.293442,2.370196,1.903211,0.412604,3.646561,0.016096,0.012090
0.043263,-22.777158,-93.839010,3.702601,2.662754,90.522675,164.350842,2.370489,1.903088,0.413521,3.645042,0.015021,0.012100
0.043784,-22.413563,-93.700745,4.065450,2.790889,90.228718,164.408242,2.370782,1.902965,0.411498,3.643521,0.016050,0.012110
0.044306,-21.976924,-93.840774,4.026130,2.881570,89.934761,164.465641,2.371076,1.902841,0.408839,3.641999,0.015992,0.012120
0.044827,-21.976924,-93.840774,4.026130,2.881570,89.640803,164.523041,2.371369,1.902718,0.407800,3.640475,0.015999,0.012130
0.045348,-22.012258,-93.831549,3.918616,2.744310,89.346846,164.580441,2.371662,1.902595,0.406888,3.638950,0.015670,0.012140
0.045869,-22.007001,-93.838749,4.056559,2.704650,89.052888,164.637841,2.371955,1.902471,0.405820,3.637424,0.016033,0.012150
0.046391,-22.615706,-93.803048,3.501112,2.677709,88.758931,164.695240,2.372249,1.902348,0.406817,3.635896,0.014551,0.012160
0.046912,-22.596345,-93.511346,3.579290,2.683596,88.464973,164.752640,2.372542,1.902225,0.406124,3.634366,0.014774,0.012170
0.047433,-22.270747,-93.812409,4.033427,2.693759,88.171016,164.810040,2.372835,1.902102,0.403596,3.632836,0.015982,0.012180
0.047954,-22.384693,-93.665540,4.025624,2.781842,87.877058,164.867440,2.373128,1.901978,0.403132,3.631303,0.016000,0.012189
0.048475,-22.071121,-93.502696,3.894837,2.710731,87.583101,164.924839,2.373421,1.901855,0.401289,3.629770,0.015650,0.012199
0.048997,-21.923738,-93.818460,4.239168,2.817265,87.289143,164.982239,2.373715,1.901732,0.399324,3.628234,0.016615,0.012209
0.049518,-21.610647,-93.494388,3.563324,2.436774,86.995186,165.039639,2.374008,1.901609,0.397699,3.626698,0.014710,0.012219
0.050039,-21.909613,-93.981653,4.182467,2.743194,86.701228,165.097039,2.374301,1.901485,0.396964,3.625160,0.016443,0.012229
0.050560,-22.233544,-93.826600,4.166755,2.836285,86.407271,165.154438,2.374594,1.901362,0.397197,3.623620,0.016435,0.012239
0.051082,-22.447131,-93.853752,4.160124,2.832175,86.113313,165.211838,2.374888,1.901239,0.396817,3.622079,0.016414,0.012248
0.051603,-22.447131,-93.853752,4.160124,2.832175,85.819356,165.269238,2.375181,1.901116,0.395773,3.620537,0.016421,0.012258
0.052124,-22.447131,-93.853752,4.160124,2.832175,85.525398,165.326638,2.375474,1.900992,0.394728,3.618993,0.016428,0.012268
0.052645,-22.447131,-93.853752,4.160124,2.832175,85.231441,165.384037,2.375767,1.900869,0.393682,3.617448,0.016436,0.012278
0.053167,-22.322754,-93.787767,4.201428,2.836920,84.937483,165.441437,2.376061,1.900746,0.392317,3.615902,0.016565,0.012287
0.053688,-22.076999,-93.781090,4.097011,2.833572,84.643526,165.498837,2.376354,1.900622,0.390469,3.614354,0.016293,0.012297
0.054209,-22.027478,-93.838445,4.180607,2.832390,84.349569,165.556237,2.376647,1.900499,0.389180,3.612805,0.016528,0.012307
0.054730,-22.910475,-93.495633,3.662243,2.785338,84.055611,165.613636,2.376940,1.900376,0.391511,3.611254,0.015111,0.012316
0.055252,-21.820817,-93.828890,4.065963,2.870905,83.761654,165.671036,2.377233,1.900253,0.386414,3.609702,0.016246,0.012326
0.055773,-22.264929,-93.545909,3.882896,2.781208,83.467696,165.728436,2.377527,1.900129,0.387214,3.608149,0.015727,0.012335
0.056294,-22.364038,-93.497559,3.916522,2.755727,83.173739,165.785836,2.377820,1.900006,0.386557,3.606594,0.015816,0.012345
0.056815,-22.435755,-93.331645,3.349572,2.612194,82.879781,165.843235,2.378113,1.899883,0.385968,3.605038,0.014281,0.012355
0.057337,-22.397527,-93.394775,3.971311,2.640731,82.585824,165.900635,2.378406,1.899760,0.384706,3.603481,0.015947,0.012364
0.057858,-22.521279,-93.385519,4.077078,2.645314,82.291866,165.958035,2.378700,1.899636,0.384077,3.601922,0.016242,0.012374
0.058379,-22.857936,-94.318360,3.615464,2.708675,81.997909,166.015435,2.378993,1.899513,0.382896,3.600362,0.014967,0.012383
0.058900,-21.974266,-94.273854,3.752730,2.617088,81.703951,166.072834,2.379286,1.899390,0.378981,3.598801,0.015337,0.012393
0.059422,-22.046136,-93.469257,3.252794,2.590399,81.409994,166.130234,2.379579,1.899266,0.379232,3.597238,0.014057,0.012402
0.059943,-21.588575,-93.552910,3.595778,2.547816,81.116036,166.187634,2.379872,1.899143,0.376545,3.595674,0.014954,0.012411
0.060464,-22.389198,-94.440084,3.979327,2.830352,80.822079,166.245034,2.380166,1.899020,0.376987,3.594109,0.016015,0.012421
0.060985,-21.827129,-94.293137,3.637508,2.685720,80.528121,166.302433,2.380459,1.898897,0.374262,3.592542,0.015077,0.012430
0.061507,-22.139715,-94.052279,3.919652,2.683621,80.234164,166.359833,2.380752,1.898773,0.374564,3.590974,0.015847,0.012440
0.062028,-22.669153,-94.304832,3.556873,2.684600,79.940206,166.417233,2.381045,1.898650,0.374941,3.589405,0.014851,0.012449
0.062549,-22.824956,-94.037417,3.623725,2.534397,79.646249,166.474633,2.381339,1.898527,0.374756,3.587835,0.014997,0.012458
0.063070,-22.349733,-93.932450,3.427166,2.508201,79.352291,166.532032,2.381632,1.898404,0.372259,3.586263,0.014493,0.012467
0.063592,-22.214989,-94.633143,3.918611,2.516704,79.058334,166.589432,2.381925,1.898280,0.369849,3.584690,0.015794,0.012477
0.064113,-22.699890,-94.171852,3.617449,2.787683,78.764377,166.646832,2.382218,1.898157,0.371007,3.583116,0.015071,0.012486
0.064634,-22.622038,-94.080588,3.614898,2.743620,78.470419,166.704232,2.382511,1.898034,0.369812,3.581540,0.015063,0.012495
0.065155,-21.743265,-92.855962,3.698707,2.435239,78.176462,166.761631,2.382805,1.897911,0.367398,3.579963,0.015290,0.012504
0.065676,-21.941573,-93.983780,3.782356,2.467844,77.882504,166.819031,2.383098,1.897787,0.365554,3.578385,0.015473,0.012513
0.066198,-21.696810,-94.009815,3.848581,2.552331,77.588547,166.876431,2.383391,1.897664,0.363645,3.576806,0.015689,0.012523
0.066719,-22.257315,-94.349676,3.916731,2.861421,77.294589,166.933831,2.383684,1.897541,0.364030,3.575225,0.015935,0.012532
0.067240,-22.090067,-92.740749,3.274396,2.677046,77.000632,166.991230,2.383978,1.897417,0.364467,3.573644,0.014248,0.012541
0.067761,-22.059287,-93.785885,3.263789,2.705540,76.706674,167.048630,2.384271,1.897294,0.361970,3.572061,0.014187,0.012550
0.068283,-21.626132,-93.955257,3.606997,2.649001,76.412717,167.106030,2.384564,1.897171,0.359244,3.570477,0.015086,0.012559
0.068804,-22.143275,-93.972419,3.286887,2.582296,76.118759,167.163430,2.384857,1.897048,0.359899,3.568891,0.014210,0.012568
0.069325,-21.703829,-94.003153,3.661953,2.508147,75.824802,167.220829,2.385151,1.896924,0.357326,3.567305,0.015204,0.012577
0.069846,-21.703829,-94.003153,3.661953,2.508147,75.530844,167.278229,2.385444,1.896801,0.356266,3.565717,0.015210,0.012586
0.070368,-21.641415,-93.871857,3.636408,2.597252,75.236887,167.335629,2.385737,1.896678,0.355159,3.564128,0.015177,0.012595
0.070889,-21.639460,-93.823914,3.620781,2.634828,74.942929,167.393029,2.386030,1.896555,0.354151,3.562538,0.015153,0.012603
0.071410,-21.639460,-93.823914,3.620781,2.634828,74.648972,167.450428,2.386323,1.896431,0.353090,3.560946,0.015159,0.012612
0.071931,-21.672849,-93.654931,3.699483,2.771182,74.355014,167.507828,2.386617,1.896308,0.352350,3.559354,0.015423,0.012621
0.072453,-21.837486,-93.590269,3.989639,2.598969,74.061057,167.565228,2.386910,1.896185,0.351922,3.557760,0.016185,0.012630
0.072974,-21.499131,-93.642586,3.741386,2.546858,73.767099,167.622628,2.387203,1.896061,0.349652,3.556165,0.015495,0.012639
0.073495,-21.652525,-93.726543,3.639691,2.614815,73.473142,167.680027,2.387496,1.895938,0.349003,3.554569,0.015231,0.012647
0.074016,-21.317210,-93.944341,3.916578,2.779880,73.179185,167.737427,2.387790,1.895815,0.346540,3.552972,0.016042,0.012656
0.074538,-21.318145,-93.858127,3.944651,2.768402,72.885227,167.794827,2.388083,1.895692,0.345584,3.551374,0.016128,0.012665
0.075059,-21.408395,-93.559337,3.749953,2.599088,72.591270,167.852227,2.388376,1.895568,0.345188,3.549774,0.015562,0.012674
0.075580,-20.979238,-94.003951,3.823634,2.548448,72.297312,167.909626,2.388669,1.895445,0.342130,3.548174,0.015749,0.012682
0.076101,-21.098596,-93.843431,3.641011,2.633885,72.003355,167.967026,2.388962,1.895322,0.341662,3.546572,0.015276,0.012691
0.076623,-21.287187,-93.761708,3.537367,2.616175,71.709397,168.024426,2.389256,1.895199,0.341334,3.544970,0.014993,0.012699
0.077144,-20.996062,-93.387259,3.749460,2.524033,71.415440,168.081826,2.389549,1.895075,0.339729,3.543366,0.015585,0.012708
0.077665,-20.328979,-93.517871,4.038923,2.497644,71.121482,168.139225,2.389842,1.894952,0.336234,3.541761,0.016413,0.012716
0.078186,-21.037427,-93.341352,3.564733,2.479833,70.827525,168.196625,2.390135,1.894829,0.337787,3.540155,0.015077,0.012725
0.078708,-20.301501,-93.498995,3.992413,2.496601,70.533567,168.254025,2.390429,1.894706,0.334023,3.538548,0.016294,0.012733
0.079229,-20.478941,-93.458544,4.085878,2.480863,70.239610,168.311425,2.390722,1.894582,0.333605,3.536940,0.016561,0.012742
0.079750,-20.309383,-93.580193,3.995703,2.479841,69.945652,168.368824,2.391015,1.894459,0.331813,3.535331,0.016308,0.012750
0.080271,-20.910172,-93.498029,3.555357,2.597747,69.651695,168.426224,2.391308,1.894336,0.332889,3.533720,0.015096,0.012758
0.080792,-20.201285,-93.578692,3.992999,2.479804,69.357737,168.483624,2.391601,1.894212,0.329304,3.532109,0.016316,0.012767
0.081314,-20.171757,-93.697041,3.950871,2.565994,69.063780,168.541024,2.391895,1.894089,0.327993,3.530497,0.016214,0.012775
0.081835,-20.107641,-93.801275,3.937029,2.596681,68.769822,168.598423,2.392188,1.893966,0.326582,3.528883,0.016183,0.012783
0.082356,-20.797229,-93.381904,3.501235,2.471643,68.475865,168.655823,2.392481,1.893843,0.328355,3.527269,0.014947,0.012792
0.082877,-19.584909,-93.376553,3.623330,2.468143,68.181907,168.713223,2.392774,1.893719,0.323136,3.525653,0.015319,0.012800
0.083399,-19.404479,-93.398754,3.706435,2.463821,67.887950,168.770623,2.393068,1.893596,0.321416,3.524037,0.015560,0.012808
0.083920,-19.729013,-93.763948,3.977437,2.530029,67.593993,168.828022,2.393361,1.893473,0.321039,3.522420,0.016320,0.012816
0.084441,-19.542815,-93.632616,3.709815,2.591810,67.300035,168.885422,2.393654,1.893350,0.319475,3.520801,0.015591,0.012824
0.084962,-19.518640,-93.533253,3.740877,2.564812,67.006078,168.942822,2.393947,1.893226,0.318430,3.519182,0.015684,0.012832
0.085484,-19.539248,-93.648353,3.704359,2.627430,66.712120,169.000222,2.394241,1.893103,0.317296,3.517561,0.015593,0.012840
0.086005,-19.518640,-93.533253,3.740877,2.564812,66.418163,169.057621,2.394534,1.892980,0.316279,3.515940,0.015694,0.012848
0.086526,-19.463270,-93.451957,3.734547,2.613612,66.124205,169.115021,2.394827,1.892856,0.315104,3.514318,0.015697,0.012856
0.087047,-19.439064,-93.634178,3.684634,2.703507,65.830248,169.172421,2.395120,1.892733,0.313740,3.512694,0.015572,0.012864
0.087569,-19.416543,-93.522743,3.718951,2.646444,65.536290,169.229821,2.395413,1.892610,0.312711,3.511070,0.015667,0.012872
0.088090,-19.320835,-93.571839,3.721683,2.723054,65.242333,169.287220,2.395707,1.892487,0.311249,3.509445,0.015696,0.012880
0.088611,-19.491606,-93.715109,3.690199,2.654495,64.948375,169.344620,2.396000,1.892363,0.310602,3.507819,0.015586,0.012888
0.089132,-19.489831,-93.756542,3.674807,2.680860,64.654418,169.402020,2.396293,1.892240,0.309474,3.506192,0.015551,0.012896
0.089654,-19.242823,-94.696444,3.962930,2.728781,64.360460,169.459420,2.396586,1.892117,0.306518,3.504564,0.016341,0.012903
0.090175,-19.476282,-94.481649,3.820162,2.688166,64.066503,169.516819,2.396880,1.891994,0.306481,3.502935,0.015936,0.012911
0.090696,-19.035148,-93.567871,3.988261,2.594587,63.772545,169.574219,2.397173,1.891870,0.304877,3.501305,0.016465,0.012919
0.091217,-19.478550,-93.479741,3.713291,2.606839,63.478588,169.631619,2.397466,1.891747,0.305427,3.499674,0.015678,0.012926
0.091739,-18.876278,-94.615346,3.550894,2.631557,63.184630,169.689019,2.397759,1.891624,0.301042,3.498043,0.015188,0.012934
0.092260,-18.798813,-94.804887,3.806415,2.686719,62.890673,169.746418,2.398052,1.891500,0.299497,3.496410,0.015915,0.012942
0.092781,-18.951842,-95.044892,3.822038,2.829438,62.596715,169.803818,2.398346,1.891377,0.298694,3.494777,0.015976,0.012949
0.093302,-19.440896,-94.777171,3.709935,2.906873,62.302758,169.861218,2.398639,1.891254,0.299591,3.493143,0.015681,0.012957
0.093824,-19.440896,-94.777171,3.709935,2.906873,62.008800,169.918618,2.398932,1.891131,0.298516,3.491508,0.015686,0.012964
0.094345,-19.433138,-94.819099,3.723323,2.879389,61.714843,169.976017,2.399225,1.891007,0.297369,3.489872,0.015720,0.012972
0.094866,-18.928219,-94.857757,3.915433,2.750809,61.420886,170.033417,2.399519,1.890884,0.294508,3.488235,0.016257,0.012979
0.095387,-18.928219,-94.857757,3.915433,2.750809,61.126928,170.090817,2.399812,1.890761,0.293431,3.486598,0.016261,0.012986
0.095909,-18.956647,-94.730213,4.153473,2.811505,60.832971,170.148217,2.400105,1.890638,0.292586,3.484959,0.016975,0.012994
0.096430,-19.328771,-94.815767,3.573842,2.875323,60.539013,170.205616,2.400398,1.890514,0.292707,3.483320,0.015318,0.013001
0.096951,-18.589997,-95.039411,3.989401,2.810190,60.245056,170.263016,2.400691,1.890391,0.288842,3.481680,0.016498,0.013008
0.097472,-18.294137,-94.907289,3.963188,2.669627,59.951098,170.320416,2.400985,1.890268,0.286874,3.480039,0.016417,0.013016
0.097993,-18.375049,-95.033015,4.017451,2.759635,59.657141,170.377816,2.401278,1.890145,0.285948,3.478398,0.016586,0.013023
0.098515,-18.077016,-93.846052,3.826550,2.657983,59.363183,170.435215,2.401571,1.890021,0.285043,3.476755,0.016091,0.013030
0.099036,-18.206840,-94.076245,3.906513,2.678320,59.069226,170.492615,2.401864,1.889898,0.284178,3.475112,0.016315,0.013037
0.099557,-18.624824,-94.066423,3.566650,2.797912,58.775268,170.550015,2.402158,1.889775,0.284561,3.473468,0.015359,0.013044
0.100078,-18.396669,-94.186610,3.989369,2.561897,58.481311,170.607415,2.402451,1.889651,0.282563,3.471824,0.016536,0.013051
0.100600,-18.130975,-94.182640,3.897899,2.688845,58.187353,170.664814,2.402744,1.889528,0.280559,3.470178,0.016301,0.013058
0.101121,-18.292528,-95.166022,3.933758,2.779861,57.893396,170.722214,2.403037,1.889405,0.279057,3.468532,0.016367,0.013065
0.101642,-17.899660,-93.967822,3.738493,2.702291,57.599438,170.779614,2.403331,1.889282,0.277800,3.466885,0.015868,0.013072
0.102163,-17.935259,-94.343918,3.757934,2.777806,57.305481,170.837014,2.403624,1.889158,0.276468,3.465238,0.015920,0.013079
0.102685,-17.704635,-94.061521,3.699583,2.627254,57.011523,170.894413,2.403917,1.889035,0.274857,3.463589,0.015752,0.013086
0.103206,-17.894952,-94.306773,3.739482,2.773494,56.717566,170.951813,2.404210,1.888912,0.274197,3.461940,0.015877,0.013092
0.103727,-18.031352,-94.214317,3.766282,2.801234,56.423608,171.009213,2.404503,1.888789,0.273681,3.460290,0.015965,0.013099
0.104248,-17.692080,-94.352086,3.624774,2.583150,56.129651,171.066613,2.404797,1.888665,0.271277,3.458640,0.015527,0.013106
0.104770,-17.580800,-94.166877,3.579143,2.757116,55.835694,171.124012,2.405090,1.888542,0.269983,3.456989,0.015442,0.013113
0.105291,-17.753804,-94.961329,3.623637,2.790608,55.541736,171.181412,2.405383,1.888419,0.268737,3.455337,0.015532,0.013119
0.105812,-17.598657,-95.018303,3.687230,2.796110,55.247779,171.238812,2.405676,1.888295,0.267059,3.453685,0.015718,0.013126
0.106333,-17.769440,-94.028844,3.747616,2.781787,54.953821,171.296212,2.405970,1.888172,0.267521,3.452032,0.015943,0.013132
0.106855,-17.769440,-94.028844,3.747616,2.781787,54.659864,171.353611,2.406263,1.888049,0.266435,3.450378,0.015947,0.013139
0.107376,-17.520458,-95.213110,3.825598,2.849673,54.365906,171.411011,2.406556,1.887926,0.263355,3.448724,0.016128,0.013145
0.107897,-17.600222,-95.064334,3.701830,2.760899,54.071949,171.468411,2.406849,1.887802,0.262692,3.447069,0.015766,0.013152
0.108418,-17.250506,-95.306994,3.681382,2.611323,53.777991,171.525811,2.407142,1.887679,0.260158,3.445413,0.015683,0.013158
0.108940,-17.582499,-95.140286,3.623086,2.677899,53.484034,171.583210,2.407436,1.887556,0.260393,3.443757,0.015532,0.013165
0.109461,-17.193853,-95.599514,3.783239,2.763235,53.190076,171.640610,2.407729,1.887433,0.257525,3.442100,0.015992,0.013171
0.109982,-17.193853,-95.599514,3.783239,2.763235,52.896119,171.698010,2.408022,1.887309,0.256444,3.440442,0.015996,0.013177
0.110503,-17.539775,-95.374051,3.613433,2.668992,52.602161,171.755410,2.408315,1.887186,0.256780,3.438784,0.015502,0.013183
0.111025,-17.075907,-95.611407,3.827306,2.757187,52.308204,171.812809,2.408609,1.887063,0.253856,3.437126,0.016132,0.013190
0.111546,-16.852157,-94.556998,3.959340,2.774173,52.014246,171.870209,2.408902,1.886940,0.252945,3.435467,0.016589,0.013196
0.112067,-17.032367,-94.729419,3.853978,2.681360,51.720289,171.927609,2.409195,1.886816,0.252336,3.433807,0.016256,0.013202
0.112588,-17.070926,-94.652879,3.836824,2.728436,51.426331,171.985009,2.409488,1.886693,0.251455,3.432147,0.016219,0.013208
0.113109,-17.032367,-94.729419,3.853978,2.681360,51.132374,172.042408,2.409781,1.886570,0.250164,3.430486,0.016263,0.013214
0.113631,-17.032367,-94.729419,3.853978,2.681360,50.838416,172.099808,2.410075,1.886446,0.249078,3.428825,0.016267,0.013220
0.114152,-17.511297,-94.372472,3.658919,2.613028,50.544459,172.157208,2.410368,1.886323,0.249998,3.427163,0.015703,0.013226
0.114673,-17.831766,-94.460009,3.242979,2.591485,50.250502,172.214608,2.410661,1.886200,0.249961,3.425500,0.014514,0.013232
0.115194,-17.696495,-94.387828,3.259243,2.649439,49.956544,172.272007,2.410954,1.886077,0.248463,3.423838,0.014577,0.013237
0.115716,-17.810368,-94.531147,3.221087,2.633031,49.662587,172.329407,2.411248,1.885953,0.247650,3.422174,0.014462,0.013243
0.116237,-17.175182,-94.574287,3.551058,2.640472,49.368629,172.386807,2.411541,1.885830,0.244286,3.420510,0.015405,0.013249
0.116758,-16.773645,-94.951090,3.788232,2.583021,49.074672,172.444207,2.411834,1.885707,0.241454,3.418846,0.016076,0.013255
0.117279,-17.045712,-94.528011,3.505971,2.508814,48.780714,172.501606,2.412127,1.885584,0.241695,3.417181,0.015270,0.013260
0.117801,-16.780989,-94.986283,3.735384,2.590128,48.486757,172.559006,2.412420,1.885460,0.239277,3.415516,0.015927,0.013266
0.118322,-17.191131,-94.649354,3.569819,2.577068,48.192799,172.616406,2.412714,1.885337,0.239928,3.413850,0.015459,0.013272
0.118843,-16.780989,-94.986283,3.735384,2.590128,47.898842,172.673806,2.413007,1.885214,0.237104,3.412184,0.015934,0.013277
0.119364,-16.824203,-95.077801,3.750590,2.520442,47.604884,172.731205,2.413300,1.885090,0.236092,3.410517,0.015968,0.013283
0.119886,-16.846253,-95.117833,3.741731,2.544221,47.310927,172.788605,2.413593,1.884967,0.235050,3.408850,0.015945,0.013288
0.120407,-16.927261,-93.996991,3.724841,2.623604,47.016969,172.846005,2.413887,1.884844,0.235197,3.407183,0.015968,0.013293
0.120928,-17.149399,-94.166534,3.740064,2.733269,46.723012,172.903405,2.414180,1.884721,0.234750,3.405515,0.016015,0.013299
0.121449,-17.229143,-95.066428,3.703699,2.688400,46.429054,172.960804,2.414473,1.884597,0.233186,3.403847,0.015856,0.013304
0.121971,-16.779818,-94.062754,3.784204,2.514356,46.135097,173.018204,2.414766,1.884474,0.231347,3.402178,0.016139,0.013309
0.122492,-16.880284,-93.965041,3.661243,2.592891,45.841139,173.075604,2.415060,1.884351,0.230694,3.400509,0.015793,0.013315
0.123013,-16.760139,-94.910515,3.571353,2.566540,45.547182,173.133004,2.415353,1.884228,0.228396,3.398840,0.015483,0.013320
0.123534,-16.459869,-94.025731,4.020032,2.792936,45.253224,173.190403,2.415646,1.884104,0.226969,3.397170,0.016890,0.013325
0.124056,-16.493233,-94.111513,3.737717,2.753397,44.959267,173.247803,2.415939,1.883981,0.225926,3.395500,0.016044,0.013330
0.124577,-17.315733,-95.012230,3.402220,2.843537,44.665310,173.305203,2.416232,1.883858,0.227017,3.393830,0.015025,0.013335
0.125098,-16.746999,-93.977901,4.124915,2.772189,44.371352,173.362603,2.416526,1.883735,0.224754,3.392159,0.017211,0.013340
0.125619,-16.915103,-93.988049,3.863673,2.723719,44.077395,173.420002,2.416819,1.883611,0.224251,3.390488,0.016421,0.013345
0.126141,-16.644028,-94.177286,3.858259,2.642043,43.783437,173.477402,2.417112,1.883488,0.222044,3.388817,0.016393,0.013350
0.126662,-16.335074,-94.335960,4.094463,2.571433,43.489480,173.534802,2.417405,1.883365,0.219728,3.387145,0.017096,0.013355
0.127183,-16.246156,-94.265671,4.085423,2.655578,43.195522,173.592201,2.417699,1.883241,0.218376,3.385473,0.017086,0.013359
0.127704,-16.583683,-94.467364,4.132581,2.693176,42.901565,173.649601,2.417992,1.883118,0.218327,3.383801,0.017216,0.013364
0.128226,-16.383770,-94.343608,4.162201,2.703814,42.607607,173.707001,2.418285,1.882995,0.216622,3.382128,0.017322,0.013369
0.128747,-16.673994,-94.361660,4.157675,2.791394,42.313650,173.764401,2.418578,1.882872,0.216550,3.380455,0.017313,0.013374
0.129268,-17.124191,-94.212129,3.635691,2.445539,42.019692,173.821800,2.418871,1.882748,0.217178,3.378782,0.015723,0.013378
0.129789,-17.453282,-94.653482,3.690362,2.744130,41.725735,173.879200,2.419165,1.882625,0.216912,3.377109,0.015886,0.013383
0.130310,-17.391567,-94.642555,3.733788,2.735152,41.431777,173.936600,2.419458,1.882502,0.215612,3.375435,0.016017,0.013387
0.130832,-16.762126,-94.109013,4.080311,2.865910,41.137820,173.994000,2.419751,1.882379,0.212695,3.373762,0.017110,0.013392
0.131353,-17.241245,-93.639097,3.627172,2.705943,40.843862,174.051399,2.420044,1.882255,0.213674,3.372088,0.015764,0.013396
0.131874,-17.526782,-93.894765,3.663772,2.729233,40.549905,174.108799,2.420338,1.882132,0.213402,3.370413,0.015857,0.013401
0.132395,-17.561453,-93.655327,3.723544,2.828789,40.255947,174.166199,2.420631,1.882009,0.212617,3.368739,0.016059,0.013405
0.132917,-17.434147,-93.674089,3.781020,2.819215,39.961990,174.223599,2.420924,1.881885,0.211056,3.367064,0.016232,0.013409
0.133438,-17.367461,-93.841775,3.676202,2.807000,39.668032,174.280998,2.421217,1.881762,0.209597,3.365390,0.015915,0.013413
0.133959,-17.791920,-93.519599,3.314894,2.663296,39.374075,174.338398,2.421510,1.881639,0.210265,3.363715,0.014867,0.013418
0.134480,-17.316800,-93.868616,3.687152,2.819472,39.080118,174.395798,2.421804,1.881516,0.207211,3.362039,0.015952,0.013422
0.135002,-17.280084,-93.988845,3.741002,2.719852,38.786160,174.453198,2.422097,1.881392,0.205898,3.360364,0.016098,0.013426
0.135523,-17.313676,-94.073425,3.715125,2.743779,38.492203,174.510597,2.422390,1.881269,0.204863,3.358689,0.016021,0.013430
0.136044,-17.398781,-94.058876,3.685835,2.743819,38.198245,174.567997,2.422683,1.881146,0.204086,3.357013,0.015936,0.013434
0.136565,-17.301539,-94.342190,3.743012,2.710081,37.904288,174.625397,2.422977,1.881023,0.202439,3.355338,0.016090,0.013438
0.137087,-17.291207,-94.013600,3.695224,2.856861,37.610330,174.682797,2.423270,1.880899,0.201551,3.353662,0.015983,0.013442
0.137608,-17.404180,-94.249104,3.721612,2.693267,37.316373,174.740196,2.423563,1.880776,0.200692,3.351986,0.016033,0.013446
0.138129,-17.769907,-94.314767,3.473796,2.662080,37.022415,174.797596,2.423856,1.880653,0.200858,3.350310,0.015298,0.013449
0.138650,-17.365438,-93.957110,3.633956,2.866493,36.728458,174.854996,2.424150,1.880529,0.198581,3.348634,0.015812,0.013453
0.139172,-17.798388,-94.093247,3.414118,2.807398,36.434500,174.912396,2.424443,1.880406,0.198938,3.346957,0.015155,0.013457
0.139693,-17.214344,-94.492254,3.805854,2.662383,36.140543,174.969795,2.424736,1.880283,0.195477,3.345281,0.016279,0.013460
0.140214,-17.313547,-94.502892,3.676497,2.524268,35.846585,175.027195,2.425029,1.880160,0.194733,3.343605,0.015884,0.013464
0.140735,-17.188213,-94.449152,3.810361,2.632155,35.552628,175.084595,2.425322,1.880036,0.193233,3.341929,0.016297,0.013468
0.141257,-17.214344,-94.492254,3.805854,2.662383,35.258670,175.141995,2.425616,1.879913,0.192206,3.340252,0.016286,0.013471
0.141778,-17.223407,-94.139887,3.734050,2.769929,34.964713,175.199394,2.425909,1.879790,0.191392,3.338576,0.016103,0.013474
0.142299,-17.467043,-94.217476,3.653094,2.692593,34.670755,175.256794,2.426202,1.879667,0.191118,3.336899,0.015850,0.013478
0.142820,-17.118324,-94.357574,3.779888,2.756444,34.376798,175.314194,2.426495,1.879543,0.188683,3.335223,0.016231,0.013481
0.143342,-17.181516,-94.204885,3.747454,2.813641,34.082840,175.371594,2.426789,1.879420,0.187922,3.333546,0.016149,0.013485
0.143863,-17.167235,-94.158234,3.736525,2.849654,33.788883,175.428993,2.427082,1.879297,0.186811,3.331870,0.016124,0.013488
0.144384,-16.803634,-94.400604,4.109666,2.699192,33.494926,175.486393,2.427375,1.879174,0.184255,3.330193,0.017232,0.013491
0.144905,-16.567700,-94.588974,4.130686,2.580713,33.200968,175.543793,2.427668,1.879050,0.182195,3.328517,0.017283,0.013494
0.145426,-16.274478,-94.843576,4.276344,2.679180,32.907011,175.601193,2.427961,1.878927,0.179888,3.326840,0.017729,0.013497
0.145948,-15.423001,-94.845363,4.211778,2.710700,32.613053,175.658592,2.428255,1.878804,0.175748,3.325164,0.017549,0.013500
0.146469,-15.490935,-94.890772,3.945129,2.627624,32.319096,175.715992,2.428548,1.878680,0.174873,3.323488,0.016727,0.013503
0.146990,-16.441860,-94.329724,3.687362,2.607711,32.025138,175.773392,2.428841,1.878557,0.177549,3.321811,0.015972,0.013506
0.147511,-16.477295,-94.436968,3.679869,2.566590,31.731181,175.830792,2.429134,1.878434,0.176517,3.320135,0.015942,0.013509
0.148033,-16.515268,-94.409810,3.674844,2.561050,31.437223,175.888191,2.429428,1.878311,0.175579,3.318459,0.015929,0.013512
0.148554,-16.457732,-94.472816,3.669357,2.583916,31.143266,175.945591,2.429721,1.878187,0.174242,3.316783,0.015914,0.013515
0.149075,-16.429666,-94.507907,3.665219,2.600407,30.849308,176.002991,2.430014,1.878064,0.173029,3.315107,0.015902,0.013517
0.149596,-16.429666,-94.507907,3.665219,2.600407,30.555351,176.060391,2.430307,1.877941,0.171938,3.313431,0.015904,0.013520
0.150118,-16.193845,-94.740817,3.762931,2.708203,30.261393,176.117790,2.430600,1.877818,0.169858,3.311756,0.016194,0.013523
0.150639,-16.088099,-94.726636,3.820545,2.689376,29.967436,176.175190,2.430894,1.877694,0.168398,3.310080,0.016369,0.013525
0.151160,-16.159959,-94.847393,3.828040,2.660949,29.673478,176.232590,2.431187,1.877571,0.167493,3.308405,0.016383,0.013528
0.151681,-16.159959,-94.847393,3.828040,2.660949,29.379521,176.289990,2.431480,1.877448,0.166404,3.306729,0.016385,0.013530
0.152203,-16.420533,-94.579452,3.716066,2.540010,29.085563,176.347389,2.431773,1.877324,0.166411,3.305054,0.016056,0.013533
0.152724,-16.367617,-94.498039,3.709072,2.591613,28.791606,176.404789,2.432067,1.877201,0.165180,3.303379,0.016045,0.013535
0.153245,-16.367617,-94.498039,3.709072,2.591613,28.497648,176.462189,2.432360,1.877078,0.164090,3.301705,0.016046,0.013538
0.153766,-16.286715,-94.703530,3.792302,2.591574,28.203691,176.519589,2.432653,1.876955,0.162588,3.300030,0.016286,0.013540
0.154288,-16.211930,-94.580905,3.787247,2.615192,27.909733,176.576988,2.432946,1.876831,0.161302,3.298356,0.016282,0.013542
0.154809,-16.135200,-94.680825,3.700528,2.592903,27.615776,176.634388,2.433240,1.876708,0.159879,3.296681,0.016018,0.013544
0.155330,-16.088099,-94.726636,3.820545,2.689376,27.321819,176.691788,2.433533,1.876585,0.158594,3.295007,0.016382,0.013546
0.155851,-16.271032,-94.591232,3.748631,2.623625,27.027861,176.749188,2.433826,1.876462,0.158240,3.293334,0.016169,0.013549
0.156373,-16.271032,-94.591232,3.748631,2.623625,26.733904,176.806587,2.434119,1.876338,0.157151,3.291660,0.016170,0.013551
0.156894,-16.076933,-94.719723,3.772375,2.512972,26.439946,176.863987,2.434412,1.876215,0.155291,3.289987,0.016232,0.013553
0.157415,-16.322467,-94.601617,3.723270,2.632329,26.145989,176.921387,2.434706,1.876092,0.155151,3.288314,0.016096,0.013554
0.157936,-16.374115,-94.684143,3.731032,2.579368,25.852031,176.978787,2.434999,1.875969,0.154202,3.286641,0.016112,0.013556
0.158458,-16.322467,-94.601617,3.723270,2.632329,25.558074,177.036186,2.435292,1.875845,0.152973,3.284968,0.016098,0.013558
0.158979,-16.075735,-94.669441,3.738909,2.584751,25.264116,177.093586,2.435585,1.875722,0.150960,3.283296,0.016143,0.013560
0.159500,-16.294456,-94.597671,3.618441,2.571185,24.970159,177.150986,2.435879,1.875599,0.150697,3.281624,0.015786,0.013562
0.160021,-16.515268,-94.409810,3.674844,2.561050,24.676201,177.208386,2.436172,1.875475,0.150505,3.279953,0.015962,0.013563
0.160543,-16.271032,-94.591232,3.748631,2.623625,24.382244,177.265785,2.436465,1.875352,0.148439,3.278281,0.016179,0.013565
0.161064,-16.271032,-94.591232,3.748631,2.623625,24.088286,177.323185,2.436758,1.875229,0.147351,3.276610,0.016180,0.013566
0.161585,-15.852795,-94.828216,3.976667,2.719024,23.794329,177.380585,2.437051,1.875106,0.144633,3.274939,0.016867,0.013568
0.162106,-15.715575,-94.917762,3.925669,2.685263,23.500371,177.437985,2.437345,1.874982,0.143005,3.273269,0.016708,0.013569
0.162627,-15.663448,-94.905182,3.952071,2.678068,23.206414,177.495384,2.437638,1.874859,0.141737,3.271599,0.016790,0.013571
0.163149,-15.663448,-94.905182,3.952071,2.678068,22.912456,177.552784,2.437931,1.874736,0.140650,3.269929,0.016791,0.013572
0.163670,-16.123438,-94.753915,3.750368,2.527003,22.618499,177.610184,2.438224,1.874613,0.141295,3.268260,0.016179,0.013573
0.164191,-16.328274,-94.798562,3.779410,2.541629,22.324541,177.667584,2.438518,1.874489,0.140922,3.266591,0.016262,0.013575
0.164712,-15.881354,-93.933365,4.016749,2.680583,22.030584,177.724983,2.438811,1.874366,0.138662,3.264922,0.017047,0.013576
0.165234,-15.663448,-94.905182,3.952071,2.678068,21.736627,177.782383,2.439104,1.874243,0.136303,3.263254,0.016794,0.013577
0.165755,-15.794973,-93.972492,3.735384,2.590128,21.442669,177.839783,2.439397,1.874119,0.136150,3.261586,0.016188,0.013578
0.166276,-16.029651,-93.815185,3.688571,2.526898,21.148712,177.897183,2.439690,1.873996,0.135985,3.259919,0.016052,0.013579
0.166797,-15.582400,-94.074592,3.934793,2.631176,20.854754,177.954582,2.439984,1.873873,0.133153,3.258252,0.016793,0.013580
0.167319,-16.046351,-93.715628,3.853978,2.681360,20.560797,178.011982,2.440277,1.873750,0.133914,3.256585,0.016565,0.013581
0.167840,-15.841002,-94.823641,3.771967,2.651164,20.266839,178.069382,2.440570,1.873626,0.131551,3.254919,0.016254,0.013582
0.168361,-15.953175,-93.888474,3.817530,2.591866,19.972882,178.126782,2.440863,1.873503,0.131314,3.253254,0.016443,0.013583
0.168882,-16.110477,-94.174372,3.878689,2.654199,19.678924,178.184181,2.441157,1.873380,0.130657,3.251588,0.016613,0.013584
0.169404,-15.451050,-94.199445,4.166491,2.598092,19.384967,178.241581,2.441450,1.873257,0.127176,3.249924,0.017503,0.013584
0.169925,-16.132086,-94.088755,3.853093,2.716774,19.091009,178.298981,2.441743,1.873133,0.128599,3.248259,0.016543,0.013585
0.170446,-16.286218,-94.463489,3.874991,2.847518,18.797052,178.356381,2.442036,1.873010,0.127893,3.246595,0.016591,0.013586
0.170967,-16.420599,-94.327369,3.897627,2.912735,18.503094,178.413780,2.442330,1.872887,0.127354,3.244932,0.016669,0.013586
0.171489,-15.913591,-94.974236,3.842805,2.527973,18.209137,178.471180,2.442623,1.872763,0.124146,3.243269,0.016457,0.013587
0.172010,-16.182869,-93.903798,3.753166,2.424919,17.915179,178.528580,2.442916,1.872640,0.124514,3.241607,0.016243,0.013587
0.172531,-16.280027,-94.871838,3.668300,2.487329,17.621222,178.585980,2.443209,1.872517,0.123343,3.239945,0.015934,0.013588
0.173052,-16.226690,-95.076955,3.919498,2.698370,17.327264,178.643379,2.443502,1.872394,0.121976,3.238284,0.016687,0.013588
0.173574,-16.021762,-95.002527,3.787850,2.541007,17.033307,178.700779,2.443796,1.872270,0.120188,3.236623,0.016291,0.013588
0.174095,-15.913591,-94.974236,3.842805,2.527973,16.739349,178.758179,2.444089,1.872147,0.118727,3.234963,0.016460,0.013589
0.174616,-16.021762,-95.002527,3.787850,2.541007,16.445392,178.815579,2.444382,1.872024,0.118021,3.233303,0.016291,0.013589
0.175137,-16.099624,-94.955809,3.878206,2.619382,16.151435,178.872978,2.444675,1.871901,0.117238,3.231644,0.016569,0.013589
0.175659,-15.962872,-95.052514,3.830153,2.575296,15.857477,178.930378,2.444969,1.871777,0.115622,3.229985,0.016418,0.013589
0.176180,-16.096590,-95.174276,3.878689,2.654199,15.563520,178.987778,2.445262,1.871654,0.114970,3.228327,0.016559,0.013589
0.176701,-16.406745,-95.282641,3.883354,2.946681,15.269562,179.045178,2.445555,1.871531,0.114960,3.226670,0.016572,0.013589
0.177222,-16.406745,-95.282641,3.883354,2.946681,14.975605,179.102577,2.445848,1.871408,0.113878,3.225013,0.016573,0.013589
0.177743,-16.278096,-94.703410,3.786433,2.591493,14.681647,179.159977,2.446141,1.871284,0.112570,3.223357,0.016305,0.013589
0.178265,-16.229388,-94.622655,3.776798,2.643333,14.387690,179.217377,2.446435,1.871161,0.111344,3.221702,0.016282,0.013589
0.178786,-15.779915,-94.048867,3.784204,2.514356,14.093732,179.274777,2.446728,1.871038,0.108866,3.220047,0.016339,0.013589
0.179307,-16.103260,-94.835190,3.862698,2.653524,13.799775,179.332176,2.447021,1.870914,0.108639,3.218392,0.016531,0.013588
0.179828,-16.145014,-95.129250,3.763569,2.596523,13.505817,179.389576,2.447314,1.870791,0.107593,3.216739,0.016213,0.013588
0.180350,-16.158901,-94.129347,3.763569,2.596523,13.211860,179.446976,2.447608,1.870668,0.106949,3.215085,0.016271,0.013588
0.180871,-16.032517,-93.849611,3.645156,2.535468,12.917902,179.504376,2.447901,1.870545,0.105515,3.213433,0.015930,0.013587
0.181392,-16.432919,-94.187721,3.768722,2.941192,12.623945,179.561775,2.448194,1.870421,0.105748,3.211781,0.016289,0.013587
0.181913,-15.953175,-93.888474,3.817530,2.591866,12.329987,179.619175,2.448487,1.870298,0.103043,3.210130,0.016450,0.013586
0.182435,-15.953175,-93.888474,3.817530,2.591866,12.036030,179.676575,2.448780,1.870175,0.101958,3.208480,0.016450,0.013586
0.182956,-15.949073,-93.935498,3.833204,2.552209,11.742072,179.733975,2.449074,1.870052,0.100841,3.206830,0.016494,0.013585
0.183477,-15.949073,-93.935498,3.833204,2.552209,11.448115,179.791374,2.449367,1.869928,0.099757,3.205181,0.016494,0.013584
0.183998,-16.026602,-93.988754,3.789317,2.582974,11.154157,179.848774,2.449660,1.869805,0.098935,3.203533,0.016357,0.013584
0.184520,-16.286218,-94.463489,3.874991,2.847518,10.860200,179.906174,2.449953,1.869682,0.098620,3.201885,0.016592,0.013583
0.185041,-16.452766,-94.473128,3.696123,2.822480,10.566243,179.963574,2.450247,1.869558,0.098136,3.200239,0.016049,0.013582
0.185562,-16.389706,-94.496931,3.816407,2.857672,10.272285,180.020973,2.450540,1.869435,0.096819,3.198592,0.016411,0.013581
0.186083,-16.389706,-94.496931,3.816407,2.857672,9.978328,180.078373,2.450833,1.869312,0.095738,3.196947,0.016410,0.013580
0.186605,-16.389706,-94.496931,3.816407,2.857672,9.684370,180.135773,2.451126,1.869189,0.094658,3.195302,0.016410,0.013579
0.187126,-16.286353,-94.145999,3.918374,2.588910,9.390413,180.193173,2.451420,1.869065,0.093323,3.193659,0.016736,0.013578
0.187647,-15.989729,-93.913788,3.774730,2.606474,9.096455,180.250572,2.451713,1.868942,0.091246,3.192015,0.016316,0.013577
0.188168,-16.301535,-93.796342,3.602147,2.437141,8.802498,180.307972,2.452006,1.868819,0.091331,3.190373,0.015798,0.013576
0.188690,-16.159568,-93.996426,3.618647,2.507616,8.508540,180.365372,2.452299,1.868696,0.089670,3.188732,0.015838,0.013575
0.189211,-16.307986,-93.896276,3.619069,2.316521,8.214583,180.422772,2.452592,1.868572,0.089157,3.187091,0.015840,0.013574
0.189732,-16.575363,-94.010606,3.650031,2.614427,7.920625,180.480171,2.452886,1.868449,0.089006,3.185451,0.015928,0.013572
0.190253,-17.051281,-93.922627,3.470748,2.580957,7.626668,180.537571,2.453179,1.868326,0.089673,3.183812,0.015396,0.013571
0.190775,-16.189324,-94.953791,3.584537,2.486031,7.332710,180.594971,2.453472,1.868203,0.085158,3.182173,0.015679,0.013570
0.191296,-16.350113,-95.209293,3.629124,2.616780,7.038753,180.652371,2.453765,1.868079,0.084582,3.180536,0.015798,0.013568
0.191817,-16.792893,-95.106460,3.323499,2.652243,6.744795,180.709770,2.454059,1.867956,0.085132,3.178899,0.014904,0.013567
0.192338,-16.974443,-94.666022,3.284205,2.502861,6.450838,180.767170,2.454352,1.867833,0.084845,3.177263,0.014810,0.013565
0.192860,-16.974443,-94.666022,3.284205,2.502861,6.156880,180.824570,2.454645,1.867709,0.083768,3.175628,0.014809,0.013564
0.193381,-16.503074,-94.734827,3.626720,2.454034,5.862923,180.881970,2.454938,1.867586,0.080971,3.173994,0.015812,0.013562
0.193902,-16.503074,-94.734827,3.626720,2.454034,5.568965,180.939369,2.455231,1.867463,0.079895,3.172361,0.015811,0.013560
0.194423,-16.738186,-94.859508,3.762429,2.499218,5.275008,180.996769,2.455525,1.867340,0.079631,3.170729,0.016209,0.013558
0.194944,-16.243825,-94.910009,3.707448,2.505386,4.981051,181.054169,2.455818,1.867216,0.076761,3.169097,0.016043,0.013557
0.195466,-17.116195,-94.870927,3.311799,2.652080,4.687093,181.111569,2.456111,1.867093,0.078839,3.167466,0.014876,0.013555
0.195987,-16.818025,-95.221333,3.655047,2.824746,4.393136,181.168968,2.456404,1.866970,0.076593,3.165837,0.015867,0.013553
0.196508,-16.215788,-94.867311,3.711898,2.476920,4.099178,181.226368,2.456698,1.866847,0.073448,3.164208,0.016056,0.013551
0.197029,-16.587572,-94.147309,3.855906,2.622340,3.805221,181.283768,2.456991,1.866723,0.073905,3.162580,0.016532,0.013549
0.197551,-16.806025,-94.693124,3.241424,2.460471,3.511263,181.341168,2.457284,1.866600,0.073472,3.160953,0.014679,0.013547
0.198072,-16.964148,-93.615010,3.291630,2.465291,3.217306,181.398567,2.457577,1.866477,0.073252,3.159327,0.014880,0.013545
0.198593,-16.846427,-93.745137,3.235321,2.497677,2.923348,181.455967,2.457870,1.866353,0.071714,3.157702,0.014710,0.013543
0.199114,-16.791595,-93.728067,3.247794,2.450178,2.629391,181.513367,2.458164,1.866230,0.070443,3.156078,0.014746,0.013541
0.199636,-15.992110,-94.265734,3.700372,2.475545,2.335433,181.570767,2.458457,1.866107,0.066346,3.154454,0.016052,0.013538
0.200157,-16.273246,-94.160970,3.697535,2.608781,2.041476,181.628166,2.458750,1.865984,0.066311,3.152832,0.016048,0.013536
0.200678,-16.409019,-94.082800,3.742037,2.622478,1.747518,181.685566,2.459043,1.865860,0.065745,3.151211,0.016185,0.013534
0.201199,-17.073094,-94.049073,3.296493,2.663115,1.453561,181.742966,2.459337,1.865737,0.067075,3.149590,0.014867,0.013531
0.201721,-16.942359,-94.134907,3.254895,2.651022,1.159603,181.800366,2.459630,1.865614,0.065508,3.147971,0.014742,0.013529
0.202242,-16.942359,-94.134907,3.254895,2.651022,0.865646,181.857765,2.459923,1.865491,0.064434,3.146353,0.014741,0.013526
0.202763,-16.527090,-94.095284,3.667845,2.643222,0.571688,181.915165,2.460216,1.865367,0.061871,3.144735,0.015957,0.013524
0.203284,-17.126194,-94.150997,3.301736,2.587640,0.277731,181.972565,2.460510,1.865244,0.062946,3.143119,0.014871,0.013521
0.203806,-16.729136,-94.543372,3.624077,2.919404,-0.016227,182.029965,2.460803,1.865121,0.060355,3.141504,0.015799,0.013519
0.204327,-16.441538,-94.168447,3.721550,2.679749,-0.310184,182.087364,2.461096,1.864998,0.058327,3.139889,0.016110,0.013516
0.204848,-16.258810,-94.334901,3.817290,2.673152,-0.604141,182.144764,2.461389,1.864874,0.056561,3.138276,0.016389,0.013513
0.205369,-16.327893,-94.253029,3.753957,2.750367,-0.898099,182.202164,2.461682,1.864751,0.055755,3.136664,0.016201,0.013510
0.205891,-16.692931,-93.932875,3.289431,2.485395,-1.192056,182.259564,2.461976,1.864628,0.056065,3.135052,0.014843,0.013508
0.206412,-17.145513,-95.055709,3.447990,2.494308,-1.486014,182.316963,2.462269,1.864504,0.056397,3.133442,0.015240,0.013505
0.206933,-16.560866,-94.313350,3.584893,2.572429,-1.779971,182.374363,2.462562,1.864381,0.053370,3.131833,0.015686,0.013502
0.207454,-16.202672,-95.325742,3.805792,2.657923,-2.073929,182.431763,2.462855,1.864258,0.050823,3.130225,0.016289,0.013499
0.207976,-16.237916,-95.285493,3.802896,2.716085,-2.367886,182.489162,2.463149,1.864135,0.049891,3.128618,0.016282,0.013496
0.208497,-15.544304,-95.168241,3.646797,2.700263,-2.661844,182.546562,2.463442,1.864011,0.046354,3.127012,0.015822,0.013493
0.209018,-15.950025,-94.974742,3.359478,2.673416,-2.955801,182.603962,2.463735,1.863888,0.046779,3.125407,0.014986,0.013490
0.209539,-15.664915,-95.193026,3.635260,2.584089,-3.249759,182.661362,2.464028,1.863765,0.044653,3.123803,0.015782,0.013487
0.210060,-15.616337,-95.167374,3.654621,2.586021,-3.543716,182.718761,2.464321,1.863642,0.043417,3.122201,0.015840,0.013483
0.210582,-16.759941,-95.122368,3.795639,2.489325,-3.837674,182.776161,2.464615,1.863518,0.046466,3.120599,0.016258,0.013480
0.211103,-16.391387,-94.929465,3.637607,2.507808,-4.131631,182.833561,2.464908,1.863395,0.044109,3.118999,0.015797,0.013477
0.211624,-17.050341,-94.880490,3.457011,2.605157,-4.425589,182.890961,2.465201,1.863272,0.045419,3.117399,0.015263,0.013473
0.212145,-15.670766,-94.984139,3.796617,2.573116,-4.719546,182.948360,2.465494,1.863148,0.039382,3.115801,0.016269,0.013470
0.212667,-16.763979,-95.346737,4.045839,2.648989,-5.013504,183.005760,2.465788,1.863025,0.042189,3.114204,0.016998,0.013467
0.213188,-16.321812,-95.269407,3.773742,2.642043,-5.307461,183.063160,2.466081,1.862902,0.039552,3.112608,0.016178,0.013463
0.213709,-16.035649,-94.002623,3.787850,2.541007,-5.601419,183.120560,2.466374,1.862779,0.037634,3.111013,0.016293,0.013460
0.214230,-15.375915,-95.482947,3.816407,2.857672,-5.895376,183.177959,2.466667,1.862655,0.034009,3.109420,0.016294,0.013456
0.214752,-16.256165,-93.960377,3.716243,2.460318,-6.189333,183.235359,2.466960,1.862532,0.036301,3.107827,0.016076,0.013452
0.215273,-16.061192,-94.092272,3.793261,2.520506,-6.483291,183.292759,2.467254,1.862409,0.034516,3.106236,0.016299,0.013449
0.215794,-16.430244,-94.207752,3.628648,2.470258,-6.777248,183.350159,2.467547,1.862286,0.034764,3.104646,0.015796,0.013445
0.216315,-16.128785,-94.418918,3.673610,2.438918,-7.071206,183.407558,2.467840,1.862162,0.032590,3.103057,0.015916,0.013441
0.216837,-16.273289,-94.639576,3.735181,2.481862,-7.365163,183.464958,2.468133,1.862039,0.032021,3.101469,0.016086,0.013437
0.217358,-16.347279,-94.638957,3.800209,2.847696,-7.659121,183.522358,2.468427,1.861916,0.031224,3.099883,0.016280,0.013434
0.217879,-16.931403,-94.330414,3.477135,2.874597,-7.953078,183.579758,2.468720,1.861792,0.032295,3.098298,0.015334,0.013430
0.218400,-16.882424,-94.407990,3.542718,2.801175,-8.247036,183.637157,2.469013,1.861669,0.031048,3.096713,0.015520,0.013426
0.218922,-16.940572,-94.425945,3.503268,2.806874,-8.540993,183.694557,2.469306,1.861546,0.030192,3.095130,0.015401,0.013422
0.219443,-16.418370,-94.663756,3.796761,2.887068,-8.834951,183.751957,2.469600,1.861423,0.027231,3.093549,0.016259,0.013418
0.219964,-16.742354,-94.424823,3.665419,2.776120,-9.128908,183.809357,2.469893,1.861299,0.027357,3.091968,0.015877,0.013414
0.220485,-16.220294,-94.738977,3.799461,2.760399,-9.422866,183.866756,2.470186,1.861176,0.024393,3.090389,0.016259,0.013409
0.221007,-16.236685,-94.707511,3.811211,2.749958,-9.716823,183.924156,2.470479,1.861053,0.023395,3.088811,0.016294,0.013405
0.221528,-16.268025,-94.126135,3.571691,2.440268,-10.010781,183.981556,2.470772,1.860930,0.022496,3.087234,0.015610,0.013401
0.222049,-16.268371,-94.209858,3.540971,2.491008,-10.304738,184.038956,2.471066,1.860806,0.021429,3.085659,0.015513,0.013397
0.222570,-15.403836,-95.623741,3.715794,2.745723,-10.598696,184.096355,2.471359,1.860683,0.017177,3.084085,0.015950,0.013392
0.223092,-14.885926,-95.274808,3.751009,2.478664,-10.892653,184.153755,2.471652,1.860560,0.014290,3.082512,0.016074,0.013388
0.223613,-16.204858,-94.320810,3.734479,2.523825,-11.186611,184.211155,2.471945,1.860437,0.018015,3.080940,0.016075,0.013384
0.224134,-16.239789,-93.951395,3.707500,2.499195,-11.480568,184.268555,2.472239,1.860313,0.017104,3.079370,0.016013,0.013379
0.224655,-15.521789,-95.082013,3.566279,2.553786,-11.774526,184.325954,2.472532,1.860190,0.013411,3.077801,0.015529,0.013375
0.225177,-15.404579,-95.649772,3.796761,2.887068,-12.068483,184.383354,2.472825,1.860067,0.011913,3.076233,0.016179,0.013370
0.225698,-16.058010,-94.226169,3.673210,2.545197,-12.362440,184.440754,2.473118,1.859943,0.013261,3.074666,0.015888,0.013366
0.226219,-15.223662,-95.176386,3.699943,2.616490,-12.656398,184.498154,2.473411,1.859820,0.009179,3.073101,0.015912,0.013361
0.226740,-15.223662,-95.176386,3.699943,2.616490,-12.950355,184.555553,2.473705,1.859697,0.008127,3.071537,0.015910,0.013356
0.227261,-15.252006,-95.564279,3.778177,2.840088,-13.244313,184.612953,2.473998,1.859574,0.007166,3.069974,0.016118,0.013352
0.227783,-15.067304,-95.269529,3.775162,2.650187,-13.538270,184.670353,2.474291,1.859450,0.005462,3.068413,0.016124,0.013347
0.228304,-14.942129,-94.942885,3.712679,2.607267,-13.832228,184.727753,2.474584,1.859327,0.003969,3.066853,0.015954,0.013342
0.228825,-15.315357,-95.073080,3.690397,2.646370,-14.126185,184.785152,2.474878,1.859204,0.004249,3.065295,0.015877,0.013337
0.229346,-15.259013,-95.615207,3.792145,2.795504,-14.420143,184.842552,2.475171,1.859081,0.002991,3.063737,0.016147,0.013333
0.229868,-16.161799,-94.542682,3.836020,2.830845,-14.714100,184.899952,2.475464,1.858957,0.005181,3.062181,0.016337,0.013328
0.230389,-16.094613,-94.429078,3.671044,2.466034,-15.008058,184.957352,2.475757,1.858834,0.003889,3.060627,0.015848,0.013323
0.230910,-15.527055,-95.644371,3.686373,2.729929,-15.302015,185.014751,2.476050,1.858711,0.000802,3.059073,0.015823,0.013318
0.231431,-15.380814,-94.723223,3.772732,2.744294,-15.595973,185.072151,2.476344,1.858587,-0.000769,3.057522,0.016129,0.013313
0.231953,-15.899717,-94.288792,3.751009,2.478664,-15.889930,185.129551,2.476637,1.858464,0.000035,3.055971,0.016087,0.013308
0.232474,-16.143286,-94.353556,3.640650,2.431133,-16.183888,185.186951,2.476930,1.858341,-0.000145,3.054422,0.015752,0.013302
0.232995,-14.846718,-94.440321,3.689918,2.444918,-16.477845,185.244350,2.477223,1.858218,-0.005832,3.052874,0.015890,0.013297
0.233516,-15.966064,-94.596424,3.734236,2.522330,-16.771803,185.301750,2.477517,1.858094,-0.002879,3.051328,0.016011,0.013292
0.234038,-15.110907,-94.563966,3.805948,2.486411,-17.065760,185.359150,2.477810,1.857971,-0.006983,3.049783,0.016223,0.013287
0.234559,-14.998459,-94.524547,3.864228,2.481326,-17.359718,185.416550,2.478103,1.857848,-0.008435,3.048239,0.016397,0.013282
0.235080,-15.335606,-94.900985,3.811981,2.643586,-17.653675,185.473949,2.478396,1.857725,-0.008268,3.046697,0.016216,0.013276
0.235601,-15.317548,-94.970231,3.784537,2.675248,-17.947632,185.531349,2.478690,1.857601,-0.009376,3.045156,0.016127,0.013271
0.236123,-15.171217,-94.735833,3.715327,2.620195,-18.241590,185.588749,2.478983,1.857478,-0.010952,3.043617,0.015932,0.013265
0.236644,-16.144929,-94.740584,3.724553,2.605837,-18.535547,185.646149,2.479276,1.857355,-0.008526,3.042079,0.015957,0.013260
0.237165,-16.183876,-94.658994,3.706826,2.659068,-18.829505,185.703548,2.479569,1.857232,-0.009436,3.040543,0.015906,0.013254
0.237686,-15.986693,-94.683223,3.977657,2.788816,-19.123462,185.760948,2.479862,1.857108,-0.011185,3.039007,0.016713,0.013249
0.238208,-16.314490,-94.565971,3.797867,2.725501,-19.417420,185.818348,2.480156,1.856985,-0.011066,3.037474,0.016176,0.013243
0.238729,-15.222893,-95.693527,3.811211,2.749958,-19.711377,185.875748,2.480449,1.856862,-0.015940,3.035942,0.016147,0.013238
0.239250,-15.067304,-95.269529,3.775162,2.650187,-20.005335,185.933147,2.480742,1.856738,-0.017559,3.034411,0.016061,0.013232
0.239771,-16.465494,-94.556860,3.691783,2.885246,-20.299292,185.990547,2.481035,1.856615,-0.013665,3.032881,0.015853,0.013226
0.240293,-15.124591,-95.196059,3.769888,2.688725,-20.593250,186.047947,2.481329,1.856492,-0.019442,3.031354,0.016043,0.013221
0.240814,-15.418141,-95.559078,3.719619,2.855595,-20.887207,186.105347,2.481622,1.856369,-0.019415,3.029827,0.015871,0.013215
0.241335,-15.270778,-94.857821,3.553382,2.594483,-21.181165,186.162746,2.481915,1.856245,-0.021029,3.028302,0.015419,0.013209
0.241856,-15.152824,-94.848980,3.626642,2.572593,-21.475122,186.220146,2.482208,1.856122,-0.022490,3.026779,0.015630,0.013203
0.242377,-14.874563,-95.065320,3.730122,2.526728,-21.769080,186.277546,2.482501,1.855999,-0.024501,3.025257,0.015919,0.013197
0.242899,-14.962747,-94.983156,3.703552,2.630729,-22.063037,186.334946,2.482795,1.855876,-0.025234,3.023736,0.015842,0.013192
0.243420,-15.303901,-95.441620,3.756161,2.917898,-22.356995,186.392345,2.483088,1.855752,-0.025020,3.022217,0.015969,0.013186
0.243941,-15.303901,-95.441620,3.756161,2.917898,-22.650952,186.449745,2.483381,1.855629,-0.026058,3.020700,0.015966,0.013180
0.244462,-15.068522,-94.929162,3.656563,2.464593,-22.944910,186.507145,2.483674,1.855506,-0.027979,3.019183,0.015697,0.013174
0.244984,-16.591294,-94.351356,3.720847,2.861536,-23.238867,186.564545,2.483968,1.855382,-0.023660,3.017669,0.015919,0.013167
0.245505,-16.454793,-94.522359,3.709121,2.914530,-23.532824,186.621944,2.484261,1.855259,-0.025170,3.016156,0.015872,0.013161
0.246026,-15.500312,-94.381825,3.742466,2.964649,-23.826782,186.679344,2.484554,1.855136,-0.029616,3.014644,0.015973,0.013155
0.246547,-15.382528,-95.560375,3.518028,2.824907,-24.120739,186.736744,2.484847,1.855013,-0.030944,3.013134,0.015247,0.013149
0.247069,-15.321178,-94.423850,3.537349,2.523195,-24.414697,186.794144,2.485140,1.854889,-0.032325,3.011626,0.015361,0.013143
0.247590,-15.499962,-94.725611,3.600880,2.678858,-24.708654,186.851543,2.485434,1.854766,-0.032692,3.010119,0.015527,0.013137
0.248111,-15.347596,-94.037714,3.762728,2.729034,-25.002612,186.908943,2.485727,1.854643,-0.034352,3.008613,0.016038,0.013130
0.248632,-15.210456,-94.267974,3.737493,2.627981,-25.296569,186.966343,2.486020,1.854520,-0.035848,3.007109,0.015946,0.013124
0.249154,-15.614850,-94.433671,3.485102,2.737429,-25.590527,187.023743,2.486313,1.854396,-0.035428,3.005607,0.015197,0.013118
0.249675,-15.454852,-94.673193,3.622745,2.788587,-25.884484,187.081142,2.486607,1.854273,-0.037000,3.004106,0.015580,0.013111
0.250196,-15.117835,-94.663155,3.402089,2.442168,-26.178442,187.138542,2.486900,1.854150,-0.039229,3.002607,0.014937,0.013105
0.250717,-15.607799,-94.877747,3.553009,2.630978,-26.472399,187.195942,2.487193,1.854027,-0.038498,3.001109,0.015359,0.013098
0.251239,-15.569425,-94.890009,3.615275,2.632795,-26.766357,187.253342,2.487486,1.853903,-0.039664,2.999612,0.015536,0.013092
0.251760,-15.496920,-94.944637,3.608126,2.624321,-27.060314,187.310741,2.487780,1.853780,-0.040945,2.998118,0.015508,0.013085
0.252281,-15.317633,-94.849125,3.622316,2.688736,-27.354272,187.368141,2.488073,1.853657,-0.042624,2.996625,0.015551,0.013079
0.252802,-15.131580,-95.673527,3.737705,2.837249,-27.648229,187.425541,2.488366,1.853533,-0.044184,2.995133,0.015839,0.013072
0.253324,-16.535142,-94.696516,3.636613,2.868522,-27.942187,187.482941,2.488659,1.853410,-0.040403,2.993643,0.015599,0.013065
0.253845,-16.506518,-94.796969,3.608806,2.943570,-28.236144,187.540340,2.488952,1.853287,-0.041521,2.992155,0.015509,0.013059
0.254366,-15.552131,-95.591015,3.644804,2.803946,-28.530102,187.597740,2.489246,1.853164,-0.045796,2.990668,0.015563,0.013052
0.254887,-15.715439,-95.817360,3.621009,2.636725,-28.824059,187.655140,2.489539,1.853040,-0.046210,2.989183,0.015477,0.013045
0.255409,-15.527298,-95.626829,3.650967,2.788781,-29.118016,187.712540,2.489832,1.852917,-0.047929,2.987699,0.015571,0.013038
0.255930,-15.415667,-95.929677,3.657889,2.616810,-29.411974,187.769939,2.490125,1.852794,-0.049295,2.986217,0.015570,0.013032
0.256451,-15.374048,-95.922975,3.786298,2.644473,-29.705931,187.827339,2.490419,1.852671,-0.050466,2.984736,0.015941,0.013025
0.256972,-15.341644,-95.697132,3.756407,2.791972,-29.999889,187.884739,2.490712,1.852547,-0.051644,2.983257,0.015863,0.013018
0.257494,-15.378321,-95.518137,3.705459,2.811337,-30.293846,187.942139,2.491005,1.852424,-0.052571,2.981780,0.015720,0.013011
0.258015,-15.258318,-95.665202,3.756841,2.822057,-30.587804,187.999538,2.491298,1.852301,-0.053988,2.980304,0.015858,0.013004
0.258536,-15.433393,-95.533195,3.621907,2.925996,-30.881761,188.056938,2.491591,1.852177,-0.054420,2.978830,0.015470,0.012997
0.259057,-15.262686,-95.505570,3.739367,2.917483,-31.175719,188.114338,2.491885,1.852054,-0.056048,2.977358,0.015809,0.012990
0.259578,-15.562992,-95.583461,3.595538,2.826735,-31.469676,188.171738,2.492178,1.851931,-0.055999,2.975887,0.015384,0.012983
0.260100,-15.218033,-95.629929,3.768479,2.836818,-31.763634,188.229137,2.492471,1.851808,-0.058222,2.974418,0.015878,0.012976
0.260621,-15.411556,-95.586981,3.676716,2.808820,-32.057591,188.286537,2.492764,1.851684,-0.058572,2.972950,0.015610,0.012969
0.261142,-15.423191,-95.507477,3.779361,2.881231,-32.351549,188.343937,2.493058,1.851561,-0.059568,2.971484,0.015910,0.012962
0.261663,-16.425347,-94.600965,3.676716,2.808820,-32.645506,188.401337,2.493351,1.851438,-0.057252,2.970020,0.015661,0.012954
0.262185,-16.417632,-94.541023,3.687637,2.821729,-32.939464,188.458736,2.493644,1.851315,-0.058315,2.968557,0.015692,0.012947
0.262706,-15.562992,-95.583461,3.595538,2.826735,-33.233421,188.516136,2.493937,1.851191,-0.062118,2.967096,0.015361,0.012940
0.263227,-15.858955,-95.571361,3.194230,2.502266,-33.527379,188.573536,2.494230,1.851068,-0.062101,2.965637,0.014224,0.012933
0.263748,-15.800341,-94.619688,3.209926,2.901140,-33.821336,188.630936,2.494524,1.850945,-0.063536,2.964179,0.014315,0.012925
0.264270,-15.896991,-94.485069,3.223883,2.459281,-34.115294,188.688335,2.494817,1.850821,-0.064248,2.962723,0.014353,0.012918
0.264791,-16.009460,-94.621164,3.187131,2.876701,-34.409251,188.745735,2.495110,1.850698,-0.064842,2.961268,0.014246,0.012911
0.265312,-15.970779,-94.922942,3.186120,2.704425,-34.703208,188.803135,2.495403,1.850575,-0.065927,2.959815,0.014222,0.012903
0.265833,-15.537195,-94.658167,3.548345,2.823898,-34.997166,188.860535,2.495697,1.850452,-0.068530,2.958364,0.015251,0.012896
0.266355,-15.218187,-94.850393,3.706318,2.947955,-35.291123,188.917934,2.495990,1.850328,-0.070619,2.956915,0.015692,0.012888
0.266876,-15.555966,-94.959653,3.573668,2.632099,-35.585081,188.975334,2.496283,1.850205,-0.070425,2.955467,0.015297,0.012881
0.267397,-15.569796,-94.755155,3.632238,2.713685,-35.879038,189.032734,2.496576,1.850082,-0.071443,2.954021,0.015474,0.012873
0.267918,-16.178747,-94.794733,3.247821,2.706619,-36.172996,189.090134,2.496870,1.849959,-0.070315,2.952576,0.014382,0.012866
0.268440,-16.451917,-94.744848,3.708856,2.696672,-36.466953,189.147533,2.497163,1.849835,-0.070386,2.951133,0.015692,0.012858
0.268961,-17.105362,-94.714063,3.264179,2.764244,-36.760911,189.204933,2.497456,1.849712,-0.069119,2.949692,0.014430,0.012851
0.269482,-16.442796,-94.575564,3.648312,2.832544,-37.054868,189.262333,2.497749,1.849589,-0.072492,2.948253,0.015519,0.012843
0.270003,-16.605411,-94.525123,3.660876,2.862039,-37.348826,189.319733,2.498042,1.849466,-0.072950,2.946815,0.015556,0.012835
0.270525,-16.628435,-94.668344,3.562195,2.847681,-37.642783,189.377132,2.498336,1.849342,-0.073848,2.945379,0.015260,0.012828
0.271046,-15.608948,-95.611660,3.576771,2.823179,-37.936741,189.434532,2.498629,1.849219,-0.078171,2.943944,0.015241,0.012820
0.271567,-15.184781,-95.473687,3.644499,2.512947,-38.230698,189.491932,2.498922,1.849096,-0.080697,2.942511,0.015431,0.012812
0.272088,-15.022735,-95.170974,3.654409,2.552196,-38.524656,189.549332,2.499215,1.848972,-0.082357,2.941080,0.015471,0.012804
0.272610,-15.617060,-95.664875,3.618521,2.749389,-38.818613,189.606731,2.499509,1.848849,-0.081153,2.939651,0.015344,0.012797
0.273131,-15.641867,-95.761447,3.606462,2.706543,-39.112571,189.664131,2.499802,1.848726,-0.082046,2.938223,0.015299,0.012789
0.273652,-15.417311,-95.074830,3.478561,2.647910,-39.406528,189.721531,2.500095,1.848603,-0.084035,2.936797,0.014966,0.012781
0.274173,-15.664243,-95.021236,3.393920,2.753756,-39.700486,189.778931,2.500388,1.848479,-0.084197,2.935373,0.014729,0.012773
0.274694,-15.545803,-95.152906,3.591667,2.799845,-39.994443,189.836330,2.500681,1.848356,-0.085578,2.933951,0.015277,0.012765
0.275216,-15.550198,-95.103984,3.633642,2.743741,-40.288400,189.893730,2.500975,1.848233,-0.086584,2.932530,0.015395,0.012757
0.275737,-15.456886,-95.011757,3.699930,2.676880,-40.582358,189.951130,2.501268,1.848110,-0.087944,2.931111,0.015584,0.012749
0.276258,-15.456886,-95.011757,3.699930,2.676880,-40.876315,190.008530,2.501561,1.847986,-0.088949,2.929693,0.015579,0.012741
0.276779,-16.286623,-93.893727,3.639897,2.587707,-41.170273,190.065929,2.501854,1.847863,-0.087408,2.928278,0.015466,0.012733
0.277301,-15.152244,-95.073196,3.597543,2.504552,-41.464230,190.123329,2.502148,1.847740,-0.091999,2.926864,0.015268,0.012725
0.277822,-15.274857,-95.347220,3.645593,2.625056,-41.758188,190.180729,2.502441,1.847616,-0.092488,2.925452,0.015389,0.012717
0.278343,-16.459219,-94.365683,3.524028,2.769585,-42.052145,190.238129,2.502734,1.847493,-0.089684,2.924041,0.015101,0.012709
0.278864,-16.001083,-95.496554,3.243817,2.502321,-42.346103,190.295528,2.503027,1.847370,-0.091923,2.922632,0.014250,0.012701
0.279386,-16.317406,-94.199395,3.694170,2.574461,-42.640060,190.352928,2.503320,1.847247,-0.092243,2.921225,0.015583,0.012693
0.279907,-16.487099,-94.385990,3.597512,2.504701,-42.934018,190.410328,2.503614,1.847123,-0.092597,2.919820,0.015291,0.012684
0.280428,-14.952538,-94.075481,3.601136,2.608333,-43.227975,190.467728,2.503907,1.847000,-0.099046,2.918416,0.015304,0.012676
0.280949,-15.314530,-94.361095,3.724747,2.464977,-43.521933,190.525127,2.504200,1.846877,-0.098691,2.917015,0.015638,0.012668
0.281471,-16.087211,-94.371938,3.162819,2.449759,-43.815890,190.582527,2.504493,1.846754,-0.097004,2.915614,0.014063,0.012660
0.281992,-15.568324,-94.404870,3.305054,2.376902,-44.109848,190.639927,2.504787,1.846630,-0.099797,2.914216,0.014442,0.012651
0.282513,-15.254446,-94.513114,3.642147,2.496931,-44.403805,190.697327,2.505080,1.846507,-0.101849,2.912819,0.015378,0.012643
0.283034,-15.210226,-94.594061,3.640293,2.559417,-44.697763,190.754726,2.505373,1.846384,-0.102973,2.911425,0.015365,0.012635
0.283556,-15.949772,-94.643128,3.187837,2.555217,-44.991720,190.812126,2.505666,1.846261,-0.101390,2.910032,0.014103,0.012626
0.284077,-16.221325,-94.664754,3.234387,2.751175,-45.285678,190.869526,2.505960,1.846137,-0.101440,2.908640,0.014231,0.012618
0.284598,-16.221325,-94.664754,3.234387,2.751175,-45.579635,190.926926,2.506253,1.846014,-0.102438,2.907251,0.014227,0.012610
0.285119,-15.399400,-94.345539,3.671501,2.532775,-45.873593,190.984325,2.506546,1.845891,-0.106400,2.905863,0.015448,0.012601
0.285641,-16.587439,-94.424717,3.610095,2.478120,-46.167550,191.041725,2.506839,1.845767,-0.103252,2.904477,0.015273,0.012593
0.286162,-16.560309,-94.502219,3.622337,2.526077,-46.461507,191.099125,2.507132,1.845644,-0.104316,2.903092,0.015300,0.012584
0.286683,-16.587439,-94.424717,3.610095,2.478120,-46.755465,191.156525,2.507426,1.845521,-0.105247,2.901710,0.015263,0.012576
0.287204,-15.520884,-94.347226,3.668882,2.532739,-47.049422,191.213924,2.507719,1.845398,-0.109964,2.900329,0.015422,0.012567
0.287726,-16.640611,-94.335756,3.588976,2.455356,-47.343380,191.271324,2.508012,1.845274,-0.107089,2.898950,0.015198,0.012559
0.288247,-16.374820,-94.334746,3.588328,2.299090,-47.637337,191.328724,2.508305,1.845151,-0.109004,2.897573,0.015186,0.012550
0.288768,-15.406044,-95.477040,3.717659,2.400319,-47.931295,191.386124,2.508599,1.845028,-0.112900,2.896197,0.015481,0.012541
0.289289,-15.340913,-95.276838,3.600829,2.270297,-48.225252,191.443523,2.508892,1.844905,-0.114192,2.894823,0.015152,0.012533
0.289811,-15.383163,-95.188540,3.578891,2.331847,-48.519210,191.500923,2.509185,1.844781,-0.115071,2.893452,0.015091,0.012524
0.290332,-15.341919,-95.159384,3.510593,2.496499,-48.813167,191.558323,2.509478,1.844658,-0.116213,2.892081,0.014901,0.012515
0.290853,-15.366143,-95.419506,3.709221,2.517113,-49.107125,191.615722,2.509771,1.844535,-0.117013,2.890713,0.015442,0.012507
0.291374,-15.300642,-95.360999,3.724747,2.464977,-49.401082,191.673122,2.510065,1.844411,-0.118248,2.889346,0.015481,0.012498
0.291895,-15.303895,-95.220338,3.667114,2.616355,-49.695040,191.730522,2.510358,1.844288,-0.119281,2.887981,0.015325,0.012489
0.292417,-15.206845,-94.923132,3.603651,2.589027,-49.988997,191.787922,2.510651,1.844165,-0.120724,2.886618,0.015154,0.012481
0.292938,-15.193964,-94.812441,3.734822,2.546539,-50.282955,191.845321,2.510944,1.844042,-0.121801,2.885257,0.015524,0.012472
0.293459,-14.983195,-94.974829,3.702860,2.597072,-50.576912,191.902721,2.511238,1.843918,-0.123442,2.883898,0.015419,0.012463
0.293980,-15.113567,-94.963124,3.643774,2.451835,-50.870870,191.960121,2.511531,1.843795,-0.123984,2.882540,0.015245,0.012454
0.294502,-15.746166,-95.728864,3.597895,2.694623,-51.164827,192.017521,2.511824,1.843672,-0.122474,2.881184,0.015085,0.012445
0.295023,-15.210365,-94.071220,3.711230,2.714097,-51.458785,192.074920,2.512117,1.843549,-0.126007,2.879830,0.015480,0.012437
0.295544,-15.220128,-93.881167,3.619746,2.562937,-51.752742,192.132320,2.512410,1.843425,-0.127042,2.878478,0.015222,0.012428
0.296065,-15.412640,-95.232610,3.573560,2.360431,-52.046699,192.189720,2.512704,1.843302,-0.126774,2.877127,0.015013,0.012419
0.296587,-16.231695,-94.298813,3.207510,2.444986,-52.340657,192.247120,2.512997,1.843179,-0.125354,2.875778,0.014060,0.012410
0.297108,-16.231695,-94.298813,3.207510,2.444986,-52.634614,192.304519,2.513290,1.843055,-0.126338,2.874431,0.014056,0.012401
0.297629,-15.336534,-94.154822,3.706234,2.566221,-52.928572,192.361919,2.513583,1.842932,-0.130458,2.873086,0.015431,0.012392
0.298150,-16.257459,-94.204212,3.180962,2.502209,-53.222529,192.419319,2.513877,1.842809,-0.128259,2.871743,0.013982,0.012383
0.298672,-15.486098,-94.528085,3.666762,2.821439,-53.516487,192.476719,2.514170,1.842686,-0.131740,2.870401,0.015300,0.012374
0.299193,-16.068521,-94.837199,3.219921,2.692376,-53.810444,192.534118,2.514463,1.842562,-0.130588,2.869061,0.014052,0.012365
0.299714,-15.457157,-94.897796,3.651879,2.626331,-54.104402,192.591518,2.514756,1.842439,-0.133629,2.867723,0.015221,0.012356
0.300235,-16.102341,-94.803371,3.220732,2.700398,-54.398359,192.648918,2.515050,1.842316,-0.132446,2.866387,0.014047,0.012347
0.300757,-15.663204,-94.879840,3.626646,2.665284,-54.692317,192.706318,2.515343,1.842193,-0.134889,2.865053,0.015144,0.012338
0.301278,-15.420300,-95.010492,3.765615,2.705067,-54.986274,192.763717,2.515636,1.842069,-0.136633,2.863720,0.015521,0.012329
0.301799,-15.422694,-94.838095,3.765576,2.702265,-55.280232,192.821117,2.515929,1.841946,-0.137682,2.862389,0.015524,0.012320
0.302320,-16.086753,-94.456183,3.208127,2.599243,-55.574189,192.878517,2.516222,1.841823,-0.136571,2.861061,0.014007,0.012311
0.302842,-15.419881,-94.536644,3.521674,2.437377,-55.868147,192.935917,2.516516,1.841700,-0.139785,2.859733,0.014837,0.012301
0.303363,-15.715965,-94.851109,3.607026,2.648197,-56.162104,192.993316,2.516809,1.841576,-0.139600,2.858408,0.015064,0.012292
0.303884,-16.309235,-94.667820,3.163602,2.778008,-56.456062,193.050716,2.517102,1.841453,-0.138640,2.857085,0.013874,0.012283
0.304405,-16.378240,-95.628120,3.203293,2.691338,-56.750019,193.108116,2.517395,1.841330,-0.138922,2.855763,0.013926,0.012274
0.304927,-15.544327,-94.793415,3.709517,2.640294,-57.043977,193.165516,2.517689,1.841206,-0.143131,2.854443,0.015334,0.012265
0.305448,-16.254712,-94.401995,3.181157,2.516312,-57.337934,193.222915,2.517982,1.841083,-0.141876,2.853125,0.013907,0.012256
0.305969,-15.537319,-95.499061,3.633363,2.418132,-57.631891,193.280315,2.518275,1.840960,-0.144748,2.851808,0.015065,0.012246
0.306490,-15.767369,-95.265337,3.196184,2.323770,-57.925849,193.337715,2.518568,1.840837,-0.145052,2.850494,0.013883,0.012237
0.307011,-15.426048,-95.380126,3.647113,2.483960,-58.219806,193.395115,2.518861,1.840713,-0.147120,2.849181,0.015099,0.012228
0.307533,-15.045991,-94.376192,3.906020,2.843009,-58.513764,193.452514,2.519155,1.840590,-0.149887,2.847870,0.015883,0.012218
0.308054,-14.893403,-94.541327,3.884303,2.759958,-58.807721,193.509914,2.519448,1.840467,-0.151288,2.846561,0.015801,0.012209
0.308575,-15.523808,-94.324616,3.527322,2.722239,-59.101679,193.567314,2.519741,1.840344,-0.150228,2.845254,0.014817,0.012200
0.309096,-15.354165,-94.154912,3.723147,2.797246,-59.395636,193.624714,2.520034,1.840220,-0.151861,2.843949,0.015364,0.012190
0.309618,-16.308392,-94.272444,3.652161,2.635860,-59.689594,193.682113,2.520328,1.840097,-0.149528,2.842645,0.015157,0.012181
0.310139,-16.470677,-94.025741,3.699930,2.676880,-59.983551,193.739513,2.520621,1.839974,-0.150073,2.841343,0.015301,0.012172
0.310660,-15.482554,-95.494162,3.680630,2.809198,-60.277509,193.796913,2.520914,1.839850,-0.153624,2.840044,0.015162,0.012162
0.311181,-16.462704,-94.447328,3.672611,2.819905,-60.571466,193.854313,2.521207,1.839727,-0.151818,2.838745,0.015199,0.012153
0.311703,-15.417728,-94.527136,3.687637,2.821729,-60.865424,193.911712,2.521500,1.839604,-0.156280,2.837449,0.015219,0.012144
0.312224,-15.475118,-94.190293,3.558218,2.633647,-61.159381,193.969112,2.521794,1.839481,-0.157230,2.836155,0.014864,0.012134
0.312745,-15.811043,-94.481460,3.618441,2.776133,-61.453339,194.026512,2.522087,1.839357,-0.156901,2.834862,0.015021,0.012125
0.313266,-15.871337,-94.562105,3.616770,2.731939,-61.747296,194.083912,2.522380,1.839234,-0.157617,2.833571,0.015005,0.012115
0.313788,-15.728121,-94.334846,3.651682,2.826206,-62.041254,194.141311,2.522673,1.839111,-0.159186,2.832282,0.015110,0.012106
0.314309,-15.660679,-94.407033,3.615213,2.787293,-62.335211,194.198711,2.522967,1.838988,-0.160336,2.830995,0.014997,0.012096
0.314830,-15.925300,-94.337974,3.646113,2.744897,-62.629169,194.256111,2.523260,1.838864,-0.160441,2.829710,0.015081,0.012087
0.315351,-15.928235,-93.962978,3.232359,2.355238,-62.923126,194.313511,2.523553,1.838741,-0.161599,2.828426,0.013954,0.012077
0.315873,-15.366806,-94.080418,3.542987,2.485716,-63.217083,194.370910,2.523846,1.838618,-0.164390,2.827144,0.014778,0.012068
0.316394,-16.060546,-94.029377,3.260131,2.408405,-63.511041,194.428310,2.524140,1.838495,-0.163037,2.825864,0.014018,0.012058
0.316915,-16.182741,-94.579788,3.379530,2.764198,-63.804998,194.485710,2.524433,1.838371,-0.163279,2.824586,0.014326,0.012049
0.317436,-15.587535,-94.410830,3.610095,2.478120,-64.098956,194.543110,2.524726,1.838248,-0.166335,2.823310,0.014930,0.012039
0.317958,-15.781329,-94.736527,3.599166,2.631115,-64.392913,194.600509,2.525019,1.838125,-0.166456,2.822036,0.014889,0.012029
0.318479,-15.688460,-94.569285,3.584641,2.754685,-64.686871,194.657909,2.525312,1.838001,-0.167818,2.820763,0.014858,0.012020
0.319000,-15.428536,-94.155494,3.576136,2.646366,-64.980828,194.715309,2.525606,1.837878,-0.169884,2.819492,0.014839,0.012010
0.319521,-15.400731,-94.287802,3.610661,2.555255,-65.274786,194.772709,2.525899,1.837755,-0.170856,2.818223,0.014915,0.012001
0.320043,-15.437828,-94.208296,3.590300,2.599982,-65.568743,194.830108,2.526192,1.837632,-0.171732,2.816956,0.014861,0.011991
0.320564,-15.928235,-93.962978,3.232359,2.355238,-65.862701,194.887508,2.526485,1.837508,-0.171181,2.815691,0.013900,0.011981
0.321085,-16.022274,-94.192842,3.201810,2.721853,-66.156658,194.944908,2.526779,1.837385,-0.171686,2.814427,0.013828,0.011972
0.321606,-15.554858,-93.939742,3.602908,2.572559,-66.450616,195.002308,2.527072,1.837262,-0.174357,2.813166,0.014890,0.011962
0.322128,-16.210310,-94.568317,3.248926,2.768652,-66.744573,195.059707,2.527365,1.837139,-0.172741,2.811906,0.013928,0.011952
0.322649,-15.494154,-94.613831,3.595040,2.755492,-67.038531,195.117107,2.527658,1.837015,-0.176062,2.810648,0.014834,0.011943
0.323170,-15.314831,-94.970871,3.539919,2.467956,-67.332488,195.174507,2.527951,1.836892,-0.177397,2.809392,0.014642,0.011933
0.323691,-15.119967,-94.123510,3.611333,2.517682,-67.626446,195.231907,2.528245,1.836769,-0.179507,2.808137,0.014870,0.011923
0.324212,-16.106488,-94.069420,3.621493,2.544153,-67.920403,195.289306,2.528538,1.836645,-0.177187,2.806885,0.014909,0.011913
0.324734,-15.289195,-94.048000,3.519784,2.507649,-68.214361,195.346706,2.528831,1.836522,-0.180883,2.805634,0.014616,0.011904
0.325255,-15.315396,-94.195853,3.554817,2.389016,-68.508318,195.404106,2.529124,1.836399,-0.181652,2.804385,0.014690,0.011894
0.325776,-16.905653,-93.781376,3.200585,2.486739,-68.802275,195.461506,2.529418,1.836276,-0.177533,2.803138,0.013790,0.011884
0.326297,-15.747962,-94.904919,3.203068,2.591873,-69.096233,195.518905,2.529711,1.836152,-0.181666,2.801893,0.013733,0.011874
0.326819,-15.915522,-93.878197,3.266841,2.554905,-68.082205,192.289303,2.538192,1.842968,-0.180314,2.801304,0.014126,0.012111
0.327340,-16.321216,-94.215824,3.873469,2.810228,-67.068178,189.059700,2.546672,1.849783,-0.177263,2.800696,0.015989,0.012355
0.327861,-15.655142,-93.896469,3.745698,2.432603,-66.054150,185.830097,2.555153,1.856598,-0.178260,2.800067,0.015815,0.012608
0.328382,-15.552895,-94.488411,3.620224,2.734866,-65.040123,182.600494,2.563634,1.863413,-0.176734,2.799416,0.015652,0.012870
0.328904,-15.441026,-94.061335,3.587714,2.333983,-64.026095,179.370892,2.572114,1.870228,-0.175851,2.798741,0.015764,0.013140
0.329425,-15.624311,-94.505572,3.576685,2.816991,-63.012068,176.141289,2.580595,1.877044,-0.173334,2.798043,0.015953,0.013421
0.329946,-15.362192,-94.456324,3.547120,2.475012,-61.998040,172.911686,2.589076,1.883859,-0.172688,2.797318,0.016061,0.013712
0.330467,-15.393758,-94.425727,3.551612,2.468126,-60.984013,169.682083,2.597556,1.890674,-0.170935,2.796567,0.016298,0.014013
0.330989,-15.301648,-94.465688,3.549187,2.502153,-59.969985,166.452481,2.606037,1.897489,-0.169553,2.795787,0.016517,0.014326
0.331510,-15.615367,-94.200020,3.588366,2.485750,-58.955958,163.222878,2.614518,1.904305,-0.166799,2.794976,0.016890,0.014652
0.332031,-16.013893,-94.332710,3.175917,2.539853,-57.941930,159.993275,2.622999,1.911120,-0.163390,2.794133,0.015894,0.014990
0.332552,-15.621687,-94.576940,3.557289,2.497842,-56.927903,156.763672,2.631479,1.917935,-0.162888,2.793256,0.017259,0.015341
0.333074,-15.408277,-94.515251,3.557031,2.550140,-55.913875,153.534070,2.639960,1.924750,-0.161868,2.792343,0.017514,0.015707
0.333595,-15.560406,-94.488332,3.555789,2.555721,-54.899848,150.304467,2.648441,1.931565,-0.159343,2.791391,0.017775,0.016089
0.334116,-15.560406,-94.488332,3.555789,2.555721,-53.885820,147.074864,2.656921,1.938381,-0.157344,2.790397,0.018042,0.016486
0.334637,-15.705650,-94.682329,3.586022,2.700240,-52.871793,143.845261,2.665402,1.945196,-0.154572,2.789360,0.018411,0.016901
0.335159,-15.408351,-94.586840,3.755064,2.737722,-51.857765,140.615659,2.673883,1.952011,-0.153747,2.788277,0.019261,0.017335
0.335680,-15.499491,-94.673813,3.719066,2.683579,-50.843738,137.386056,2.682364,1.958826,-0.151145,2.787143,0.019429,0.017788
0.336201,-15.305797,-94.585416,3.783013,2.738110,-49.829710,134.156453,2.690844,1.965642,-0.149799,2.785956,0.019962,0.018263
0.336722,-15.400104,-94.371809,3.725573,2.455504,-48.815683,130.926850,2.699325,1.972457,-0.147243,2.784711,0.020084,0.018761
0.337244,-15.532902,-94.591719,3.697685,2.733013,-47.801655,127.697248,2.707806,1.979272,-0.144159,2.783404,0.020307,0.019282
0.337765,-15.139473,-94.482669,3.611114,2.522295,-46.787628,124.467645,2.716286,1.986087,-0.143551,2.782031,0.020322,0.019830
0.338286,-16.231128,-94.664890,3.512776,2.579158,-45.773600,121.238042,2.724767,1.992902,-0.135988,2.780587,0.020314,0.020407
0.338807,-16.589803,-94.448178,3.609199,2.817442,-44.759573,118.008439,2.733248,1.999718,-0.131822,2.779065,0.021048,0.021014
0.339328,-15.266865,-94.311344,3.623423,2.575496,-43.745545,114.778837,2.741729,2.006533,-0.135370,2.777459,0.021438,0.021654
0.339850,-16.492423,-94.103550,3.700111,2.480744,-42.731518,111.549234,2.750209,2.013348,-0.126904,2.775763,0.022145,0.022329
0.340371,-16.317977,-94.195373,3.683444,2.595761,-41.717490,108.319631,2.758690,2.020163,-0.124769,2.773968,0.022462,0.023044
0.340892,-16.191211,-94.118786,3.662647,2.397899,-40.703463,105.090028,2.767171,2.026979,-0.122433,2.772065,0.022780,0.023800
0.341413,-16.496346,-94.508146,3.680630,2.809198,-39.689435,101.860426,2.775651,2.033794,-0.117565,2.770044,0.023244,0.024603
0.341935,-16.277286,-93.870089,3.696441,2.529975,-38.675407,98.630823,2.784132,2.040609,-0.115832,2.767895,0.023798,0.025456
0.342456,-16.444601,-93.789907,3.605634,2.511836,-37.661380,95.401220,2.792613,2.047424,-0.111678,2.765604,0.023882,0.026365
0.342977,-16.441846,-93.925915,3.589275,2.526190,-36.647352,92.171617,2.801093,2.054239,-0.108151,2.763158,0.024253,0.027334
0.343498,-15.645758,-94.538271,3.718553,2.768439,-35.633325,88.942015,2.809574,2.061055,-0.108508,2.760539,0.025185,0.028371
0.344020,-15.139473,-94.482669,3.611114,2.522295,-34.619297,85.712412,2.818055,2.067870,-0.107686,2.757728,0.025201,0.029482
0.344541,-15.210421,-94.362371,3.513143,2.410614,-33.605270,82.482809,2.826536,2.074685,-0.103644,2.754705,0.025292,0.030676
0.345062,-15.775630,-94.313165,3.178916,2.353965,-32.591242,79.253206,2.835016,2.081500,-0.096581,2.751443,0.024375,0.031962
0.345583,-16.220401,-94.776350,3.151045,2.708094,-31.577215,76.023604,2.843497,2.088315,-0.089670,2.747915,0.024715,0.033351
0.346105,-15.932770,-94.170077,3.198867,2.415401,-30.563187,72.794001,2.851978,2.095131,-0.087403,2.744085,0.025527,0.034856
0.346626,-15.900295,-94.329659,3.302388,2.544585,-29.549160,69.564398,2.860458,2.101946,-0.083087,2.739913,0.026526,0.036492
0.347147,-15.627780,-94.243781,3.654367,2.508311,-28.535132,66.334795,2.868939,2.108761,-0.080208,2.735352,0.028793,0.038277
0.347668,-15.796213,-94.526134,3.654350,2.718715,-27.521105,63.105193,2.877420,2.115576,-0.074245,2.730346,0.029389,0.040232
0.348190,-15.464425,-94.374482,3.593886,2.575800,-26.507077,59.875590,2.885901,2.122392,-0.071467,2.724824,0.029769,0.042382
0.348711,-15.994502,-94.227865,3.261697,2.568808,-25.493050,56.645987,2.894381,2.129207,-0.062874,2.718704,0.028823,0.044758
0.349232,-15.930672,-94.242079,3.279394,2.594629,-24.479022,53.416384,2.902862,2.136022,-0.057828,2.711884,0.029591,0.047397
0.349753,-15.930672,-94.242079,3.279394,2.594629,-23.464995,50.186782,2.911343,2.142837,-0.052119,2.704238,0.030304,0.050344
0.350275,-15.900295,-94.329659,3.302388,2.544585,-22.450967,46.957179,2.919823,2.149652,-0.046331,2.695605,0.031152,0.053655
0.350796,-15.398281,-94.145260,3.711570,2.663631,-21.436940,43.727576,2.928304,2.156468,-0.043771,2.685785,0.034242,0.057402
0.351317,-16.273246,-94.160970,3.697535,2.608781,-20.422912,40.497973,2.936785,2.163283,-0.030806,2.674515,0.035041,0.061674
0.351838,-16.455624,-93.981668,3.727120,2.600538,-19.408885,37.268371,2.945266,2.170098,-0.022497,2.661454,0.036180,0.066587
0.352360,-15.452863,-94.459241,3.696123,2.822480,-18.394857,34.038768,2.953746,2.176913,-0.022891,2.646143,0.036807,0.072293
0.352881,-16.236460,-93.880676,3.540985,2.441174,-17.380830,30.809165,2.962227,2.183729,-0.009177,2.627955,0.037023,0.078991
0.353402,-16.879764,-94.030116,3.247151,2.644122,-16.366802,27.579562,2.970708,2.190544,0.004218,2.606011,0.036189,0.086953
0.353923,-16.955320,-94.086556,3.257826,2.631779,-15.352775,24.349960,2.979188,2.197359,0.013530,2.579044,0.037270,0.096550
0.354444,-17.004456,-94.244634,3.281090,2.514614,-14.338747,21.120357,2.987669,2.204174,0.023103,2.545164,0.038450,0.108296
0.354966,-16.109789,-94.132793,3.468939,2.349895,-13.324720,17.890754,2.996150,2.210989,0.024856,2.501439,0.040898,0.122915
0.355487,-15.643658,-95.068197,3.140845,2.398955,-12.310692,14.661151,3.004631,2.217805,0.030365,2.443120,0.039586,0.141408
0.356008,-16.470620,-94.364266,3.651581,2.476559,-11.296665,11.431549,3.013111,2.224620,0.048866,2.362129,0.044668,0.165074
0.356529,-15.412787,-95.028690,3.730507,2.646723,-10.282637,8.201946,3.021592,2.231435,0.049655,2.244103,0.046420,0.195219
0.357051,-15.373883,-94.716716,3.746977,2.542376,-9.268609,4.972343,3.030073,2.238250,0.061167,2.063194,0.048203,0.231755
0.357572,-15.296410,-94.979951,3.719742,2.389542,-8.254582,1.742740,3.038553,2.245065,0.072676,1.778865,0.049457,0.270793
0.358093,-15.385026,-94.771638,3.622431,2.456446,-7.240554,-1.486862,3.047034,2.251881,0.087087,1.368260,0.050454,0.309731
0.358614,-15.472895,-94.899481,3.623910,2.369692,-6.226527,-4.716465,3.055515,2.258696,0.102172,0.922526,0.052145,0.330026
0.359136,-15.281798,-95.063409,3.592943,2.299840,-5.212499,-7.946068,3.063995,2.265511,0.115073,0.580571,0.053655,0.299628
0.359657,-15.445247,-94.653542,3.747803,2.680430,-4.198472,-11.175671,3.072476,2.272326,0.133921,0.359366,0.057291,0.250049
0.360178,-14.904667,-94.559194,3.435303,2.688973,-3.184444,-14.405273,3.080957,2.279142,0.145193,0.217562,0.056716,0.206621
0.360699,-15.665870,-94.648982,3.499975,2.632647,-2.170417,-17.634876,3.089438,2.285957,0.173472,0.122459,0.059314,0.173289
0.361221,-14.186828,-94.462111,3.184776,2.365783,-1.156389,-20.864479,3.097918,2.292772,0.175234,0.055367,0.059036,0.148148
0.361742,-13.781522,-94.708752,3.599166,2.631115,-0.142362,-24.094082,3.106399,2.299587,0.190800,0.005909,0.065557,0.128925
0.362263,-12.861582,-94.482824,3.415138,2.506074,0.871666,-27.323684,3.114880,2.306402,0.201707,-0.031891,0.066809,0.113915
0.362784,-12.716897,-94.714027,3.558067,2.247648,1.885693,-30.553287,3.123360,2.313218,0.223782,-0.061640,0.070995,0.101945
0.363306,-12.153217,-95.210925,3.249650,2.450423,2.899721,-33.782890,3.131841,2.320033,0.240314,-0.085624,0.070463,0.092213
0.363827,-11.086063,-95.191528,3.532276,2.460047,3.913748,-37.012493,3.140322,2.326848,0.252326,-0.105350,0.077464,0.084164
0.364348,-10.218990,-95.261846,3.190217,2.471225,4.927776,-40.242095,3.148803,2.333663,0.268642,-0.121847,0.077363,0.077407
0.364869,-8.907033,-95.060109,3.480848,2.443732,5.941803,-43.471698,3.157283,2.340479,0.280257,-0.135840,0.085913,0.071662
0.365391,-8.004678,-95.426944,3.227510,2.522401,6.955831,-46.701301,3.165764,2.347294,0.297899,-0.147856,0.087081,0.066720
0.365912,-6.877385,-95.678910,3.610450,2.524110,7.969858,-49.930904,3.174245,2.354109,0.313819,-0.158283,0.097618,0.062426
0.366433,-5.874326,-95.771674,3.239572,2.317120,8.983886,-53.160506,3.182725,2.360924,0.335510,-0.167414,0.098042,0.058663
0.366954,-4.014779,-96.244597,3.272029,2.458001,9.997913,-56.390109,3.191206,2.367739,0.338096,-0.175476,0.105523,0.055340
0.367476,-3.285370,-96.184394,3.224231,2.530985,11.011941,-59.619712,3.199687,2.374555,0.372736,-0.182645,0.112461,0.052383
0.367997,-2.007652,-96.821295,3.440317,2.656318,12.025968,-62.849315,3.208168,2.381370,0.391743,-0.189061,0.123953,0.049737
0.368518,1.096296,-96.634004,3.400502,2.389445,13.039996,-66.078917,3.216648,2.388185,0.372629,-0.194836,0.138076,0.047354
0.369039,1.461843,-97.233152,3.252925,2.613901,14.054023,-69.308520,3.225129,2.395000,0.423631,-0.200062,0.144383,0.045199
0.369561,4.491805,-98.517039,3.184798,2.519357,15.068051,-72.538123,3.233610,2.401816,0.386620,-0.204813,0.157001,0.043240
0.370082,5.658430,-97.674914,3.087134,2.490471,16.082078,-75.767726,3.242090,2.408631,0.444109,-0.209151,0.177567,0.041451
0.370603,7.591978,-98.168109,3.350400,2.657214,17.096106,-78.997328,3.250571,2.415446,0.460251,-0.213127,0.209193,0.039812
0.371124,10.552591,-97.683417,3.085904,2.329639,18.110133,-82.226931,3.259052,2.422261,0.454773,-0.216785,0.249564,0.038304
0.371645,13.957576,-99.191673,3.276794,2.366305,19.124161,-85.456534,3.267533,2.429076,0.359786,-0.220161,0.306159,0.036913
0.372167,14.943592,-98.177882,3.276794,2.366305,20.138188,-88.686137,3.276013,2.435892,0.500749,-0.223286,0.404746,0.035625
0.372688,17.526592,-98.304273,3.135697,2.342878,21.152216,-91.915739,3.284494,2.442707,0.516195,-0.226188,0.583762,0.034430
0.373209,20.543146,-98.336081,2.973905,2.443265,22.166244,-95.145342,3.292975,2.449522,0.470576,-0.228890,1.188474,0.033317
0.373730,59.634312,-273.179088,4.588242,5.328035,23.180271,-98.374945,3.301455,2.456337,-0.205596,-0.231411,0.031707,0.032280
0.374252,59.074950,-278.365652,5.276661,7.466574,26.366228,-98.066858,2.734399,2.356367,-0.179462,-0.262649,0.032811,0.026692
0.374773,57.594818,-279.897417,6.470109,6.993468,28.988203,-98.271433,3.318733,2.269909,-0.156220,-0.286846,0.039559,0.031694
0.375294,54.654341,-281.891034,6.270145,7.065048,32.367615,-99.651118,3.272449,2.629399,-0.121689,-0.314059,0.038562,0.030700
0.375815,50.470664,-281.240739,6.202787,7.065797,34.624577,-98.581243,3.507575,2.304386,-0.086535,-0.337769,0.038878,0.032506
0.376337,46.530388,-281.750054,6.130318,7.164032,37.348864,-98.539018,3.288575,2.608111,-0.050073,-0.362296,0.037933,0.030471
0.376858,43.026224,-281.759540,6.282298,7.121644,40.888434,-97.982388,3.230828,2.367019,-0.011632,-0.395334,0.038438,0.029366
0.377379,39.356275,-281.523525,6.271819,7.006552,43.153004,-98.175088,3.181637,2.693026,0.020705,-0.414131,0.038350,0.028979
0.377900,36.972048,-280.735880,6.540150,7.081242,47.887759,-97.885176,3.230828,2.367019,0.059627,-0.454990,0.039826,0.028291
0.378422,32.132196,-280.024843,6.420492,6.755078,49.362365,-97.533477,3.178388,2.320044,0.094137,-0.468521,0.039083,0.027656
0.378943,29.346292,-279.504409,6.334568,6.820833,53.767432,-97.040070,3.147933,2.396289,0.133050,-0.505966,0.038440,0.026937
0.379464,26.022981,-277.829014,6.283107,6.944375,56.268116,-97.072011,3.253376,2.352957,0.165789,-0.525324,0.038646,0.027201
0.379985,22.014380,-276.774202,6.361331,6.868848,57.330580,-96.933433,3.143773,2.344530,0.193907,-0.534104,0.038750,0.026261
0.380507,19.221976,-275.251766,6.446288,6.808545,61.609945,-96.592902,2.907652,2.316003,0.232949,-0.567773,0.038548,0.024000
0.381028,16.255196,-273.664649,6.593095,6.863735,63.941259,-96.077998,3.143685,2.361870,0.262334,-0.587204,0.039707,0.025353
0.381549,13.559339,-271.484207,6.662946,6.670956,66.020720,-95.991640,3.067840,2.433606,0.290482,-0.602475,0.039944,0.024715
0.382070,10.636193,-269.937782,6.467883,6.688953,67.983205,-95.599498,3.204803,2.447132,0.317792,-0.618154,0.039280,0.025335
0.382592,8.285108,-268.056828,6.400622,6.639519,70.117313,-95.513572,3.237861,2.486906,0.344101,-0.633253,0.039084,0.025289
0.383113,5.318330,-265.918939,6.707397,6.478215,72.292023,-95.109754,3.247889,2.249976,0.373675,-0.649928,0.040202,0.024461
0.383634,2.661232,-264.278936,6.340395,6.788120,74.358501,-94.653880,3.249138,2.396986,0.399905,-0.665888,0.038749,0.024534
0.384155,0.038607,-261.935467,6.484694,6.831985,75.218910,-94.556903,3.278417,2.367690,0.422158,-0.671984,0.039569,0.024489
0.384677,-2.757999,-259.946662,6.247043,6.790633,76.894119,-94.185288,3.277237,2.398230,0.447945,-0.684669,0.038511,0.024322
0.385198,-4.122680,-257.930682,6.581606,6.873999,78.842945,-93.502602,3.245690,2.335273,0.467298,-0.700543,0.039759,0.023729
0.385719,-5.333637,-256.069119,6.749951,6.730707,81.436669,-92.990509,2.941681,2.169869,0.488978,-0.719256,0.039517,0.021314
0.386240,-6.526943,-253.988001,6.682650,6.592571,82.377151,-93.177227,3.124436,2.382082,0.505028,-0.723956,0.039688,0.022697
0.386761,-9.375351,-252.226845,6.473459,6.750876,83.017794,-92.662599,3.111101,2.570704,0.524861,-0.730553,0.039009,0.023173
0.387283,-10.886289,-250.606694,6.626242,6.725799,84.358580,-92.141669,2.928949,2.354706,0.541189,-0.741330,0.039016,0.021472
0.387804,-11.785149,-248.616334,6.408122,6.780672,85.414466,-92.113273,3.142763,2.288962,0.555769,-0.747682,0.038770,0.022137
0.388325,-12.070156,-247.946642,6.667945,6.789544,87.730375,-92.606075,3.179637,2.406856,0.571058,-0.758368,0.039721,0.022267
0.388846,-12.878795,-246.739501,6.615159,6.663472,88.017157,-92.666184,3.316715,2.722270,0.579782,-0.759674,0.039855,0.023859
0.389368,-14.891202,-244.812777,6.730356,6.662950,87.756578,-91.367497,3.289530,2.510904,0.589584,-0.765242,0.039968,0.023221
0.389889,-14.630986,-243.935208,6.485785,6.866696,89.802900,-92.143075,3.283512,2.611767,0.602631,-0.772537,0.039590,0.023124
0.390410,-15.669410,-243.579379,6.776924,6.759102,90.430661,-91.890695,3.453196,2.271307,0.610363,-0.777390,0.040263,0.022741
0.390931,-17.123775,-241.640018,6.675478,6.657998,89.540863,-90.697492,3.546857,2.208777,0.615180,-0.778981,0.039942,0.023248
0.391453,-16.706327,-241.832741,6.541840,6.897924,91.963074,-91.399662,3.335488,2.307038,0.625587,-0.788471,0.039441,0.022094
0.391974,-16.559261,-241.097294,6.545131,6.627773,91.966545,-91.649638,3.335412,2.301624,0.628081,-0.787124,0.039166,0.022057
0.392495,-17.080240,-240.729213,6.686506,6.676191,92.253506,-91.291292,3.286969,2.492524,0.631642,-0.790641,0.039637,0.022443
0.393016,-17.689132,-239.264582,6.853953,6.827993,92.448632,-90.485401,3.257838,2.422862,0.637249,-0.796130,0.040349,0.022124
0.393538,-17.732137,-239.181255,6.858486,6.778090,92.415556,-90.636058,3.278352,2.382947,0.638045,-0.795119,0.040321,0.022073
0.394059,-17.625275,-240.397336,6.872035,6.739277,91.907749,-92.378673,3.283077,2.624150,0.637067,-0.782843,0.040635,0.022819
0.394580,-17.656383,-239.579760,6.946053,6.757058,92.059218,-90.111544,3.317686,2.577644,0.633208,-0.796089,0.040655,0.023000
0.395101,-17.401433,-240.062082,6.898039,6.760642,92.162016,-90.382888,3.321633,2.527733,0.631874,-0.795144,0.040465,0.022805
0.395623,-17.181693,-240.812480,6.719779,6.793675,92.103549,-90.493710,3.276469,2.556671,0.628633,-0.794214,0.039827,0.022710
0.396144,-17.371196,-241.217802,6.874477,6.781141,92.064504,-90.686915,3.228397,2.287484,0.628617,-0.792936,0.040010,0.021596
0.396665,-16.627682,-241.627925,6.507038,6.914945,91.995689,-90.808572,3.125929,2.415023,0.624169,-0.791892,0.039035,0.021573
0.397186,-15.866301,-242.969735,6.725814,6.824176,90.100511,-91.645870,3.291622,2.701284,0.610904,-0.776896,0.040271,0.023467
0.397708,-14.779764,-243.465402,6.551056,6.939251,90.334590,-91.204531,3.256902,2.472624,0.604225,-0.780606,0.039630,0.022554
0.398229,-14.241860,-245.135791,6.715283,6.871231,89.459827,-91.550350,3.577843,2.642451,0.593891,-0.773849,0.040646,0.024654
0.398750,-13.583631,-246.311018,6.607369,6.922915,88.801519,-91.432029,3.167571,2.566364,0.584115,-0.770804,0.039558,0.022685
0.399271,-12.439725,-247.762697,6.513344,6.743347,88.127544,-91.529027,3.273067,2.635373,0.571932,-0.766467,0.039155,0.023480
0.399793,-10.889203,-249.320079,6.690437,6.709920,86.220415,-92.351510,3.303567,2.491368,0.554025,-0.751078,0.039976,0.023375
0.400314,-10.147283,-251.085903,6.469098,6.812394,85.997107,-91.902400,3.273643,2.435418,0.543344,-0.752216,0.038965,0.023140
0.400835,-8.318169,-252.828830,6.556652,6.918731,84.412492,-92.528336,3.247869,2.731093,0.524446,-0.739563,0.039676,0.024145
0.401356,-7.644973,-254.787031,6.391562,6.844193,81.889308,-93.352874,3.798782,3.023887,0.506382,-0.720076,0.040338,0.028049
0.401878,-5.477740,-257.864547,6.301676,6.790264,82.126215,-94.244501,3.184843,2.365028,0.491573,-0.716797,0.038200,0.022879
0.402399,-3.812821,-259.568271,6.365436,6.896913,80.193641,-94.595816,3.278954,2.609597,0.470992,-0.703187,0.038918,0.024329
0.402920,-1.734211,-260.522914,6.478856,6.905680,78.746382,-93.834970,3.603235,2.626172,0.449811,-0.698191,0.040025,0.026412
0.403441,0.289741,-262.446174,6.467803,6.940041,77.300711,-94.429665,3.754543,2.556773,0.429779,-0.685984,0.040386,0.027256
0.403962,2.296106,-265.219383,6.481085,6.968546,75.238795,-95.928071,3.782348,2.426928,0.406833,-0.665110,0.040603,0.027329
0.404484,4.687540,-267.514853,6.366677,6.739936,73.361502,-95.749650,3.437201,2.405637,0.380345,-0.653776,0.039054,0.025666
0.405005,7.255520,-269.505183,6.466127,6.777970,70.976664,-96.574715,3.632986,2.662515,0.353041,-0.633793,0.040157,0.027743
0.405526,10.251029,-271.135352,6.308982,7.041327,68.772807,-97.070281,3.614904,2.731519,0.324334,-0.616398,0.039753,0.028124
0.406047,12.783559,-273.409704,6.207452,7.019213,66.262456,-97.312619,3.226523,2.596532,0.294839,-0.597808,0.038244,0.025831
0.406569,15.322658,-274.658544,6.285421,6.888167,64.258752,-97.392322,3.242249,2.558651,0.269351,-0.583229,0.038567,0.026149
0.407090,18.717923,-276.575004,6.224000,6.900336,62.030234,-97.454526,3.227510,2.522401,0.237251,-0.566829,0.038148,0.026324
0.407611,21.568889,-277.793720,6.289195,6.914742,59.570515,-97.795784,3.293893,2.337404,0.208067,-0.547107,0.038639,0.026763
0.408132,24.832941,-278.895915,6.472429,6.842885,56.610132,-98.421520,3.579257,2.645307,0.174289,-0.521970,0.040351,0.029693
0.408654,27.310304,-279.267704,6.451626,6.701201,52.945594,-97.896873,3.263539,2.718108,0.140412,-0.495776,0.039471,0.028288
0.409175,31.490480,-279.786113,6.149307,6.806270,51.725528,-98.087278,3.244244,2.556261,0.110909,-0.485281,0.038051,0.028024
0.409696,34.896567,-280.681865,6.431758,6.684982,48.546053,-98.487645,3.492241,2.700556,0.074778,-0.457964,0.040054,0.030530
0.410217,38.656216,-281.184152,6.297963,6.595890,46.116481,-98.587929,3.932929,2.572606,0.040834,-0.437533,0.040627,0.034229
0.410739,42.233670,-281.036007,6.486595,6.612594,43.419728,-98.403150,3.296234,2.511464,0.006494,-0.415548,0.039839,0.029580
0.411260,45.696025,-281.380606,6.099684,6.787289,40.027329,-98.549184,3.228330,2.636484,-0.030995,-0.385811,0.037731,0.029626
0.411781,49.424423,-280.797886,6.093987,6.627333,37.813965,-98.551353,3.236110,2.535856,-0.063621,-0.366374,0.037788,0.029889
0.412302,53.005350,-280.347747,6.211051,6.686358,34.569541,-98.802364,3.506454,2.568871,-0.101202,-0.336573,0.039088,0.032641
0.412824,56.477016,-280.148120,6.157491,6.808748,31.643599,-98.616332,3.119868,2.524282,-0.135955,-0.310497,0.037711,0.029634
0.413345,59.547212,-278.949895,6.222022,6.814485,28.866865,-98.780547,3.409240,2.415916,-0.168668,-0.284315,0.038841,0.032472
0.413866,63.201451,-277.468220,6.138839,6.850340,26.438989,-99.042977,3.676867,2.745183,-0.203195,-0.260862,0.039331,0.035336
0.414387,66.399500,-276.290229,6.265034,6.888034,23.232250,-98.813319,3.414769,2.552750,-0.238594,-0.230919,0.039130,0.033250
0.414909,69.458249,-274.794160,6.263806,6.824713,20.879621,-98.876688,3.687607,2.689838,-0.269430,-0.208111,0.039854,0.036124
0.415430,72.195026,-272.943358,6.444630,6.818889,18.512673,-99.086700,3.576244,2.883079,-0.299486,-0.184704,0.040522,0.035268
0.415951,75.488400,-271.459000,6.390929,6.862730,16.014599,-99.085916,3.896818,2.792823,-0.332240,-0.160238,0.041006,0.038583
0.416472,77.914911,-269.359320,6.288366,6.750307,13.571088,-98.551349,3.972550,2.460947,-0.360263,-0.136845,0.040581,0.039703
0.416994,80.512137,-267.258033,6.488338,6.651096,10.825767,-98.573827,3.551636,2.552350,-0.391763,-0.109386,0.040313,0.035712
0.417515,83.194145,-265.242807,6.190840,6.779933,9.010064,-98.477652,4.012300,2.821843,-0.418556,-0.091239,0.040389,0.040489
0.418036,84.166274,-263.229112,6.190840,6.779933,5.930580,-98.266844,3.564056,2.830544,-0.442848,-0.060279,0.039333,0.036179
0.418557,87.234951,-261.069725,6.227177,6.852443,5.598901,-98.160750,3.983204,2.872241,-0.464539,-0.056976,0.040609,0.040481
0.419078,89.762243,-259.072968,6.599117,6.635594,3.767414,-97.822402,3.980209,2.811101,-0.489931,-0.038494,0.041580,0.040643
0.419600,91.633448,-256.817290,6.570559,6.625637,1.751385,-97.748264,3.964440,2.950263,-0.514325,-0.017915,0.041455,0.040548
0.420121,92.778097,-255.003463,6.527854,6.739456,-0.359895,-97.283666,3.737753,2.674457,-0.533426,0.003699,0.040689,0.038421
0.420642,94.006743,-253.064918,6.575503,6.635004,-2.478484,-97.156287,3.768130,2.618293,-0.554170,0.025505,0.040676,0.038765
0.421163,96.221671,-250.999060,6.612964,6.605868,-2.063424,-97.103802,4.067374,2.742026,-0.568354,0.021246,0.041575,0.041872
0.421685,97.994053,-249.117320,6.518163,6.725570,-3.299826,-96.826799,3.773034,2.868374,-0.586942,0.034066,0.040813,0.038935
0.422206,99.240861,-247.081692,6.554931,6.501294,-4.635953,-96.680101,4.169081,2.869954,-0.604432,0.047915,0.041365,0.043047
0.422727,100.484518,-245.751669,6.731717,6.521521,-6.030196,-96.559355,3.956731,2.941298,-0.620022,0.062370,0.041425,0.040862
0.423248,100.499477,-244.522759,6.669918,6.327969,-7.390015,-96.424707,3.962958,2.877764,-0.629599,0.076491,0.040870,0.040922
0.423770,101.271893,-242.763793,6.862563,6.356408,-8.406505,-95.798632,3.688883,2.728009,-0.641121,0.087528,0.040845,0.038293
0.424291,103.320991,-241.794820,6.756542,6.284128,-8.374249,-96.038927,4.001731,2.725898,-0.653863,0.086976,0.040828,0.041426
0.424812,103.604675,-240.539395,6.744946,6.366382,-8.811467,-95.781698,4.109782,2.809375,-0.660297,0.091737,0.041240,0.042632
0.425333,104.529724,-239.834700,7.093823,6.214033,-9.998661,-96.167569,3.948817,2.995496,-0.673018,0.103599,0.041733,0.040749
0.425855,104.992872,-238.771273,6.911187,6.473243,-10.442232,-96.190036,4.002775,3.061372,-0.680573,0.108135,0.041811,0.041270
0.426376,105.283247,-238.209177,6.781059,6.453568,-10.431829,-95.938941,3.954551,3.054705,-0.682827,0.108309,0.041307,0.040881
0.426897,105.922492,-237.564922,6.967684,6.393972,-10.848029,-95.487971,3.826123,2.650319,-0.687942,0.113121,0.041063,0.039681
0.427418,106.096049,-237.481534,6.971441,6.479611,-11.104334,-95.457080,3.893134,2.764912,-0.689927,0.115808,0.041371,0.040377
0.427940,106.543615,-237.198388,6.760372,6.351069,-11.297874,-95.128098,3.699727,2.719990,-0.692447,0.118211,0.040046,0.038497
0.428461,106.307714,-237.480018,6.960202,6.479739,-11.147835,-95.191406,3.773859,2.719923,-0.690082,0.116579,0.041026,0.039248
0.428982,106.350411,-237.501060,6.938667,6.481902,-11.494233,-95.646798,3.746627,2.816542,-0.693208,0.119600,0.041006,0.038771
0.429503,106.319788,-237.575371,6.923550,6.513831,-11.261553,-95.281455,3.717407,2.687035,-0.690589,0.117647,0.040845,0.038618
0.430025,106.322184,-237.835401,6.911833,6.516671,-10.951949,-95.095608,3.769568,2.544383,-0.687770,0.114663,0.040770,0.039239
0.430546,106.118710,-238.236126,7.018801,6.473316,-10.440772,-95.295088,4.246368,2.624281,-0.684083,0.109127,0.041964,0.044132
0.431067,105.640290,-238.901154,6.970859,6.472094,-10.619511,-95.269164,3.937153,2.634271,-0.680464,0.111010,0.041232,0.040933
0.431588,105.394884,-239.514024,6.838314,6.517552,-9.977820,-95.508133,4.072828,2.736841,-0.675452,0.104093,0.041315,0.042287
0.432110,104.411160,-240.594215,6.844907,6.580416,-9.431436,-95.448260,3.783750,2.828060,-0.665114,0.098492,0.041075,0.039366
0.432631,103.757611,-241.925327,6.864503,6.399235,-8.145413,-95.687852,4.173573,2.814672,-0.653167,0.084920,0.041626,0.043374
0.433152,103.222551,-243.404353,6.636397,6.509504,-7.641962,-95.789997,4.180554,2.933506,-0.644167,0.079610,0.041153,0.043435
0.433673,102.165559,-244.575936,6.890176,6.524220,-6.621354,-95.866704,4.207219,2.831148,-0.631582,0.068959,0.042071,0.043725
0.434195,101.391916,-246.178962,6.703304,6.487315,-5.687719,-96.127610,4.103903,2.674585,-0.619808,0.059100,0.041152,0.042575
0.434716,100.224371,-248.061313,6.435952,6.323240,-4.802404,-96.656028,3.949912,2.874941,-0.606472,0.049645,0.039943,0.040792
0.435237,99.340125,-249.656003,6.616660,6.565993,-3.284495,-96.783150,3.783081,2.836999,-0.591208,0.033924,0.040620,0.039056
0.435758,97.750151,-251.617863,6.719089,6.416981,-2.480311,-96.844252,4.115664,2.848431,-0.574682,0.025606,0.041410,0.042477
0.436279,96.532629,-253.512828,6.839155,6.502543,-0.391308,-97.122877,4.283325,2.608558,-0.554821,0.004029,0.042335,0.044102
0.436801,94.867712,-255.082282,6.595697,6.808303,0.662532,-97.076170,3.768710,2.684021,-0.537630,-0.006825,0.040903,0.038821
0.437322,93.294133,-257.321749,6.647289,6.666301,2.492912,-97.074749,3.754109,2.681954,-0.515523,-0.025675,0.040870,0.038653
0.437843,91.553449,-259.383464,6.433815,6.628731,4.099537,-97.296527,4.064330,2.563711,-0.494784,-0.042110,0.040720,0.041713
0.438364,89.560514,-261.586791,6.442149,6.579397,6.143868,-97.637866,4.178666,2.732739,-0.470660,-0.062842,0.041142,0.042665
0.438886,87.667995,-263.897592,6.431091,6.766990,7.816687,-98.069221,4.054673,2.896271,-0.448763,-0.079538,0.041063,0.041151
0.439407,85.388767,-265.622914,6.327934,6.782967,9.128812,-98.015641,3.586039,2.843307,-0.426997,-0.092868,0.039575,0.036371
0.439928,82.882003,-267.749638,6.487621,6.727970,11.592082,-98.050173,3.883885,2.735166,-0.397709,-0.117680,0.040840,0.039200
0.440449,80.412095,-269.482795,6.192720,6.954078,13.763835,-98.197993,3.922430,2.564459,-0.371081,-0.139257,0.039942,0.039339
0.440971,77.627168,-271.048768,6.325630,6.997305,15.269371,-98.546198,3.457164,2.653415,-0.346873,-0.153724,0.039476,0.034501
0.441492,74.791362,-272.991276,6.406718,6.873807,17.794991,-98.582726,3.886920,2.638747,-0.315857,-0.178585,0.040772,0.038469
0.442013,71.412106,-274.734070,6.385699,6.921943,20.386392,-98.637138,3.570300,2.794419,-0.282035,-0.203811,0.039967,0.035165
0.442534,68.804067,-276.511449,6.383686,6.971654,22.904074,-98.969727,3.647289,2.719535,-0.252991,-0.227421,0.040138,0.035496
0.443056,65.319189,-277.519358,6.348881,6.840320,25.908363,-99.032953,3.823712,2.564566,-0.217319,-0.255879,0.040520,0.036689
0.443577,62.290076,-278.757047,6.306622,6.951189,28.292176,-99.054518,4.062381,2.649873,-0.186980,-0.278215,0.041006,0.038571
0.444098,59.341308,-279.493256,6.199113,6.917337,30.515045,-98.748739,3.620111,2.635478,-0.158154,-0.299709,0.039253,0.034301
0.444619,55.539634,-280.360362,6.098529,6.837448,33.662168,-99.122216,3.874982,2.713047,-0.120130,-0.327382,0.039590,0.036028
0.445141,52.194757,-281.136174,6.156897,6.969288,36.637522,-98.866544,3.608077,2.687358,-0.085146,-0.354886,0.039024,0.033288
0.445662,48.831596,-281.230111,6.292879,6.852352,38.845794,-98.970558,3.681301,2.701451,-0.054734,-0.374023,0.039942,0.033541
0.446183,45.341074,-281.384619,6.118275,6.870090,41.920823,-98.566642,3.239134,2.712991,-0.018706,-0.402128,0.037862,0.029542
0.446704,41.324245,-281.442181,6.119561,6.603156,44.507247,-98.599774,3.605304,2.667687,0.017407,-0.424012,0.038840,0.032025
0.447226,37.804875,-280.550196,6.100989,6.700237,46.883965,-98.278376,3.553275,2.579278,0.049770,-0.445122,0.038689,0.031168
0.447747,34.992224,-280.317153,6.235994,6.659279,50.505599,-98.203524,3.536000,2.580289,0.084980,-0.475018,0.039221,0.030414
0.448268,31.389795,-279.394617,6.260348,6.719508,52.561589,-98.104782,3.699184,2.734008,0.116258,-0.491852,0.039838,0.031510
0.448789,27.835666,-277.985482,6.276712,6.801660,55.151914,-97.513196,3.643822,2.669505,0.150220,-0.514729,0.039768,0.030645
0.449311,24.716160,-277.215563,6.238352,6.657797,57.933658,-97.713406,3.844963,2.711685,0.182983,-0.535178,0.040118,0.031558
0.449832,21.542645,-275.572267,6.391355,6.593399,60.662697,-97.276547,3.591968,2.832360,0.215988,-0.557600,0.040126,0.029627
0.450353,18.563465,-274.823478,6.285032,6.436402,62.657712,-96.621327,3.574386,2.546630,0.242567,-0.575311,0.039291,0.028687
0.450874,16.162375,-273.090672,6.268890,6.539073,64.692436,-96.364474,3.555973,2.565254,0.268000,-0.591225,0.039257,0.028263
0.451395,12.915392,-271.106922,6.299112,6.587363,67.086221,-96.040121,3.490564,2.514703,0.300085,-0.609734,0.039227,0.027345
0.451917,10.432745,-269.182060,6.257392,6.594306,69.198881,-95.748618,3.633107,2.376402,0.326698,-0.625808,0.039388,0.027570
0.452438,8.386085,-267.521002,6.256073,6.768312,71.250699,-95.180424,3.631935,2.492129,0.349772,-0.642595,0.039419,0.027492
0.452959,5.640883,-265.528423,6.601184,6.776888,73.091565,-95.144969,3.642534,2.682696,0.376946,-0.655056,0.040961,0.027662
0.453480,3.695184,-263.658340,6.521369,6.636344,75.051578,-94.840250,3.643446,2.690797,0.399906,-0.669443,0.040507,0.027362
0.454002,1.464205,-262.087599,6.533070,6.547819,76.988771,-94.649536,3.773775,2.622833,0.423735,-0.682864,0.040635,0.027564
0.454523,-0.353910,-261.216042,6.569220,6.570143,78.583292,-95.266696,3.636312,2.475553,0.443995,-0.689727,0.040382,0.026051
0.455044,-2.232128,-258.276173,6.400551,6.620758,79.971803,-94.052534,3.252794,2.590399,0.464096,-0.704662,0.039018,0.024241
0.455565,-3.946937,-257.347999,6.370218,6.488753,81.229862,-94.487009,3.618508,2.452432,0.481880,-0.710095,0.039416,0.025486
0.456087,-5.315944,-256.102599,6.237507,6.679752,82.476557,-94.235972,3.617123,2.717858,0.496971,-0.718951,0.039158,0.026014
0.456608,-6.452390,-254.350213,6.408854,6.487155,83.144780,-93.795692,3.731788,2.453369,0.509001,-0.725276,0.039730,0.025787
0.457129,-7.826108,-251.840463,6.325995,6.469800,84.433456,-92.580431,3.401395,2.378412,0.525061,-0.739406,0.038635,0.023789
0.457650,-8.984589,-250.161570,6.302745,6.487210,85.179752,-92.336098,3.735115,2.529107,0.537942,-0.745106,0.039355,0.025767
0.458172,-10.253005,-249.079777,6.441003,6.590823,86.840979,-92.250504,3.700528,2.592903,0.554350,-0.755202,0.039762,0.025477
0.458693,-10.867338,-247.859229,6.347382,6.416698,87.242181,-91.680977,3.613668,2.523821,0.560890,-0.760595,0.038987,0.024837
0.459214,-11.927077,-246.935520,6.277745,6.677187,87.916255,-91.746268,3.281012,2.684122,0.571697,-0.764084,0.038566,0.023689
0.459735,-12.430343,-245.964045,6.464226,6.538624,88.288408,-91.776817,3.518571,2.619783,0.578638,-0.766028,0.039457,0.024492
0.460257,-12.726992,-245.560970,6.449871,6.461511,88.531895,-91.710929,3.598938,2.654279,0.582095,-0.767762,0.039457,0.024935
0.460778,-13.486802,-245.131244,5.982683,6.812349,89.993601,-91.300709,3.119140,2.229118,0.592162,-0.778188,0.037114,0.021196
0.461299,-14.106226,-244.413961,6.415316,6.258900,89.886611,-91.295838,3.305801,2.586606,0.596607,-0.777620,0.038249,0.023210
0.461820,-14.010597,-244.378551,6.489900,6.405063,89.800126,-91.193267,3.238346,2.482306,0.595589,-0.777701,0.038555,0.022588
0.462342,-14.254719,-244.151068,6.487463,6.342154,90.161925,-90.990306,3.428382,2.326827,0.598369,-0.780825,0.038616,0.022911
0.462863,-14.475783,-244.080648,6.507782,6.416703,89.892464,-91.206409,3.291435,2.629610,0.599025,-0.778143,0.038794,0.023300
0.463384,-14.475783,-244.080648,6.507782,6.416703,90.424593,-91.426942,3.624712,2.651780,0.602069,-0.779886,0.039362,0.024738
0.463905,-14.269832,-244.355142,6.524516,6.447894,89.588226,-91.404956,3.374744,2.636668,0.596514,-0.775361,0.039096,0.023718
0.464427,-14.245927,-244.527514,6.579329,6.524345,90.092754,-91.536824,3.744340,2.613403,0.598539,-0.777448,0.039974,0.025208
0.464948,-14.179553,-245.571820,6.468276,6.455729,89.323733,-91.503484,3.669904,2.606720,0.591549,-0.773344,0.039290,0.024991
0.465469,-13.380687,-245.833355,6.076929,6.531237,88.397174,-91.415102,3.771771,2.668503,0.582749,-0.768616,0.038515,0.025835
0.465990,-12.802109,-246.743774,6.459085,6.891028,88.130675,-91.754496,3.500137,2.513971,0.577235,-0.765256,0.039702,0.024105
0.466512,-12.300163,-247.423312,6.488763,6.631208,87.775195,-91.593560,3.307504,2.755755,0.570879,-0.764114,0.039166,0.024088
0.467033,-11.403324,-248.904356,6.063704,6.888851,88.095811,-91.954240,3.176650,2.436233,0.565012,-0.763972,0.037565,0.022352
0.467554,-11.471719,-249.781809,6.528830,6.491984,85.764855,-92.071892,3.249254,2.568264,0.552502,-0.749948,0.038906,0.023464
0.468075,-10.650259,-251.346833,6.150261,6.699449,85.264633,-92.141010,3.223009,2.494586,0.542225,-0.746657,0.037655,0.023178
0.468596,-8.548816,-252.317900,6.496519,6.719459,84.843011,-92.533454,3.754238,2.438466,0.528934,-0.742069,0.040062,0.025654
0.469118,-7.409853,-253.811787,6.200552,6.538231,83.520022,-92.649726,3.616695,2.444818,0.513690,-0.733621,0.038537,0.025219
0.469639,-6.054074,-255.184793,6.384671,6.660805,82.756972,-93.019722,3.584553,2.742228,0.501044,-0.727079,0.039455,0.026019
0.470160,-4.986496,-256.896334,6.237362,6.693525,81.279836,-93.104860,3.488840,2.461234,0.484766,-0.717692,0.038589,0.024975
0.470681,-3.788258,-258.373602,6.261148,6.720799,79.233665,-93.547473,3.579913,2.663426,0.466598,-0.702743,0.039098,0.026338
0.471203,-2.677187,-260.195676,6.309389,6.674402,77.269363,-93.883438,3.663791,2.744449,0.448090,-0.688630,0.039458,0.027331
0.471724,-0.891428,-262.226189,6.232932,6.769497,76.075611,-94.393526,3.877472,2.776656,0.429978,-0.678353,0.039734,0.028752
0.472245,2.063338,-263.835353,6.358931,6.695048,75.395774,-94.171612,3.686733,2.609865,0.407972,-0.675120,0.039629,0.027422
0.472766,4.182018,-266.874480,6.393755,6.648526,74.141393,-95.823675,3.219091,2.352480,0.388239,-0.658514,0.038653,0.024140
0.473288,5.173191,-267.683878,6.179954,6.653923,71.214781,-95.309723,3.248085,2.818825,0.365879,-0.641702,0.037994,0.026065
0.473809,8.549799,-269.167759,6.267699,6.475117,70.708965,-95.650636,3.621595,2.703921,0.343988,-0.636580,0.039139,0.027965
0.474330,10.813074,-270.694311,6.334004,6.589372,68.660390,-95.975483,3.644779,2.547329,0.319728,-0.620984,0.039578,0.028085
0.474851,13.768471,-272.533694,6.455807,6.562652,66.894025,-96.040030,3.575441,2.381102,0.292379,-0.608388,0.039864,0.027633
0.475373,16.508891,-273.952517,6.183727,6.614954,63.991689,-96.559616,3.901320,2.545004,0.261539,-0.585263,0.039735,0.030585
0.475894,19.165716,-275.514769,6.128476,6.583229,61.776028,-96.734070,3.871880,2.779990,0.233973,-0.568331,0.039413,0.031277
0.476415,22.064193,-276.948367,6.374984,6.579100,59.127598,-96.877659,3.665701,2.721801,0.202992,-0.547982,0.039949,0.030268
0.476936,24.909540,-277.889648,6.202017,6.824958,56.933719,-97.662825,3.721031,2.801885,0.175853,-0.527797,0.039536,0.031056
0.477458,27.754044,-279.339394,6.191824,6.719059,54.583946,-97.839474,3.760565,2.831653,0.146760,-0.508883,0.039490,0.031794
0.477979,31.354125,-279.925835,6.240504,6.797005,51.370059,-98.052733,3.553525,2.795187,0.109613,-0.482586,0.039259,0.030756
0.478500,34.765045,-280.906508,5.949896,6.653500,49.624985,-98.580543,3.671312,2.818046,0.081322,-0.466360,0.038228,0.031853
0.479021,37.779532,-281.083916,6.185185,6.651663,46.801252,-98.563627,3.700952,2.808574,0.049388,-0.443312,0.039443,0.032569
0.479543,41.452879,-281.495544,6.125304,6.526035,44.445183,-98.503007,3.699743,2.736787,0.016351,-0.423857,0.039100,0.032899
0.480064,45.030380,-281.375358,6.101099,6.639075,40.861863,-98.882722,3.626717,2.726626,-0.022838,-0.391864,0.038883,0.032804
0.480585,48.757365,-281.454656,6.248023,6.712738,38.355804,-99.100810,4.016072,2.769279,-0.056979,-0.369283,0.040662,0.036479
0.481106,51.699408,-280.942955,6.054952,7.050065,35.588440,-99.111857,3.593140,2.920420,-0.088373,-0.344735,0.038597,0.033453
0.481628,55.031885,-280.445135,6.008555,6.702390,33.213858,-99.268581,3.743057,2.827827,-0.119847,-0.322877,0.038808,0.034977
0.482149,58.039285,-279.435340,5.978280,6.642058,30.659277,-99.356447,3.720211,3.157084,-0.150889,-0.299308,0.038697,0.035340
0.482670,61.447227,-278.357994,6.092279,6.429219,28.103410,-99.208944,4.069411,2.848503,-0.184018,-0.276043,0.040152,0.038711
0.483191,64.825726,-276.941363,6.116333,6.831969,24.961228,-98.985712,3.817781,2.777465,-0.220375,-0.247020,0.039580,0.036868
0.483712,67.477535,-275.289527,6.064607,6.881239,22.732022,-98.988290,3.796083,3.099010,-0.248553,-0.225730,0.039469,0.037062
0.484234,70.268852,-274.471390,6.163453,6.819111,20.695822,-99.063230,3.735772,2.985315,-0.275432,-0.205953,0.039637,0.036634
0.484755,73.186007,-272.560760,6.324180,6.705155,17.882133,-99.271045,3.996414,3.076582,-0.308924,-0.178223,0.041075,0.039365
0.485276,75.996388,-271.081481,6.340611,6.774564,16.183001,-98.902205,4.111137,3.133646,-0.334348,-0.162189,0.041404,0.040797
0.485797,78.001520,-269.166784,6.364663,6.655790,14.311502,-98.695687,3.799412,3.133723,-0.357553,-0.144003,0.040695,0.037972
0.486319,80.609420,-267.436114,6.376429,6.707150,11.917459,-98.174996,4.200126,3.188899,-0.385526,-0.120799,0.041640,0.042339
0.486840,82.909425,-265.722374,6.351608,6.516069,9.397707,-97.857179,3.838132,3.407698,-0.412764,-0.095741,0.040437,0.039004
0.487361,84.314412,-263.426560,6.177635,6.803709,6.761797,-97.785368,4.206506,3.239288,-0.437883,-0.069039,0.040924,0.042874
0.487882,87.303750,-261.844294,6.558479,6.554304,6.295158,-97.813143,3.157969,3.145113,-0.458724,-0.064270,0.039779,0.032219
0.488404,88.079612,-260.078336,6.519116,6.454012,3.492865,-97.374190,3.644160,3.055222,-0.479425,-0.035855,0.040354,0.037393
0.488925,90.595848,-258.058617,6.510219,6.576480,2.808554,-97.095033,3.810320,2.925137,-0.499294,-0.028918,0.040718,0.039220
0.489446,91.473291,-256.042963,6.350482,6.540316,0.338713,-97.613651,3.829967,3.186985,-0.522013,-0.003470,0.040386,0.039236
0.489967,94.121515,-254.288175,6.341368,6.819291,0.397331,-97.308345,4.038882,3.160136,-0.538245,-0.004083,0.041119,0.041506
0.490489,95.754688,-253.133812,6.387323,6.561504,-1.197339,-96.821222,3.765270,2.805761,-0.555172,0.012366,0.039895,0.038885
0.491010,96.921091,-250.875581,6.416895,6.716770,-2.983510,-96.509103,3.728760,3.102335,-0.574398,0.030904,0.040325,0.038612
0.491531,97.970724,-249.497407,6.551653,6.623250,-3.660012,-96.290398,4.070693,3.024450,-0.585707,0.037992,0.041250,0.042231
0.492052,99.051485,-247.776851,6.465559,6.593707,-4.723809,-96.754383,3.826215,3.193072,-0.602051,0.048784,0.040676,0.039484
0.492574,99.779889,-246.862264,6.632578,6.411349,-5.730287,-96.339440,4.000225,3.189079,-0.611369,0.059410,0.041116,0.041422
0.493095,100.779377,-245.816616,6.670681,6.421120,-6.357556,-96.258317,3.832174,3.160335,-0.621619,0.065951,0.040851,0.039697
0.493616,101.212057,-244.350334,6.568861,6.574908,-7.021003,-95.676565,3.770999,2.929084,-0.629265,0.073251,0.040490,0.039267
0.494137,101.856874,-243.388720,6.601128,6.551138,-7.324785,-96.486841,4.013680,3.449989,-0.639153,0.075770,0.041592,0.041448
0.494659,102.703091,-242.930640,6.582391,6.353467,-8.259341,-96.293064,3.751793,3.557427,-0.647783,0.085564,0.040625,0.038805
0.495180,103.034812,-242.226779,6.574098,6.385224,-8.496036,-95.394166,3.532665,3.088539,-0.649603,0.088828,0.039752,0.036852
0.495701,103.018511,-241.548941,6.599453,6.307417,-9.045924,-95.902440,3.719690,3.334972,-0.655819,0.094046,0.040348,0.038581
0.496222,103.249713,-241.304391,6.711970,6.583223,-8.618862,-95.851275,3.555288,3.285943,-0.655616,0.089678,0.040916,0.036921
0.496744,103.296959,-241.274569,6.616595,6.399180,-8.859501,-96.246765,3.725583,3.580384,-0.658275,0.091791,0.040891,0.038533
0.497265,103.245384,-241.681807,6.636221,6.556939,-8.890183,-96.326828,3.735002,3.529015,-0.657095,0.092031,0.041140,0.038593
0.497786,103.236517,-241.590535,6.659727,6.499253,-8.968300,-96.102892,3.645063,3.644634,-0.656952,0.093050,0.041038,0.037765
0.498307,103.221372,-241.636212,6.634739,6.586219,-9.033109,-96.133762,3.698770,3.387865,-0.657117,0.093689,0.040952,0.038279
0.498829,103.177341,-241.815136,6.648101,6.534295,-8.968451,-96.555852,3.685909,3.680148,-0.657457,0.092618,0.041215,0.038010
0.499350,103.240507,-242.446981,6.584181,6.543961,-9.222591,-95.795679,3.742253,3.119326,-0.654213,0.095978,0.040339,0.038831
0.499871,102.555244,-243.341386,6.827091,6.508119,-8.408930,-95.308100,3.555901,2.642992,-0.643238,0.088001,0.040336,0.037101
0.500392,102.487842,-244.161964,6.613819,6.544438,-6.771832,-95.495767,3.544817,3.009294,-0.633788,0.070794,0.040108,0.037001
0.500913,101.493748,-244.910827,6.487179,6.432733,-6.765972,-95.283736,3.619220,2.888365,-0.626344,0.070890,0.039533,0.037854
0.501435,100.962608,-246.167653,6.612205,6.460805,-6.686457,-95.857128,3.657357,3.168281,-0.621501,0.069642,0.040220,0.038039
0.501956,99.814296,-247.221585,6.546521,6.656413,-5.546056,-95.972688,3.462195,3.295362,-0.608442,0.057724,0.040215,0.036009
0.502477,99.228924,-248.503540,6.470135,6.524795,-4.721733,-95.709123,3.570428,2.918942,-0.597402,0.049294,0.039579,0.037245
0.502998,97.924218,-249.979685,6.542815,6.509689,-3.828036,-96.440867,3.222611,3.437781,-0.585261,0.039672,0.039710,0.033393
0.503520,97.121981,-251.988417,6.507076,6.410487,-2.921691,-96.270313,3.442318,3.101456,-0.571061,0.030340,0.039399,0.035737
0.504041,95.632233,-253.121491,6.526207,6.603933,-1.438026,-96.355984,3.634085,2.778734,-0.554423,0.014923,0.040060,0.037709
0.504562,94.638653,-255.075944,6.447394,6.657701,0.050940,-96.388257,3.430486,2.872003,-0.537519,-0.000528,0.039458,0.035590
0.505083,92.143110,-256.653278,6.487990,6.727193,-0.114499,-96.697469,3.653528,2.584509,-0.523163,0.001184,0.040004,0.037783
0.505605,90.430978,-258.501422,6.442915,6.703120,1.377589,-96.746671,3.696874,2.796294,-0.503262,-0.014238,0.040022,0.038206
0.506126,89.798238,-260.395126,6.318102,6.760499,3.372245,-97.121140,3.654559,2.695978,-0.486836,-0.034708,0.039485,0.037596
0.506647,87.630954,-262.080149,6.372152,6.676272,5.288311,-97.394313,3.737770,2.827448,-0.463646,-0.054245,0.039974,0.038297
0.507168,85.878784,-263.833846,6.469130,6.512599,7.351258,-97.314161,3.808551,2.866196,-0.440655,-0.075398,0.040396,0.038977
0.507690,83.879475,-266.192516,6.292677,6.812951,9.547278,-97.332553,4.244312,2.709254,-0.414675,-0.097776,0.040916,0.043275
0.508211,81.654930,-267.871100,6.352616,6.725890,11.450840,-97.951641,4.187267,2.978033,-0.391800,-0.116375,0.041186,0.042317
0.508732,79.166091,-269.639649,6.550561,6.630622,13.290317,-98.111825,3.865615,3.014182,-0.366684,-0.134641,0.041174,0.038905
0.509253,76.669992,-271.333391,6.287774,6.889595,15.273252,-98.228008,3.931838,2.864139,-0.340837,-0.154253,0.040404,0.039333
0.509775,74.116438,-272.665200,6.404334,6.710529,17.810204,-98.312339,4.235686,2.914222,-0.312371,-0.179216,0.041725,0.042038
0.510296,71.089202,-274.529390,6.333150,6.782424,20.507632,-98.794200,3.730358,2.859939,-0.280253,-0.204673,0.040198,0.036655
0.510817,68.620866,-276.224715,6.299491,6.848914,22.646260,-98.474786,3.590409,2.626248,-0.253101,-0.226040,0.039522,0.035115
0.511338,65.390111,-277.346520,6.080286,6.753482,24.829340,-98.498500,3.672861,2.665640,-0.223017,-0.246934,0.038777,0.035643
0.511860,62.522625,-278.132650,6.348482,6.927089,27.630601,-98.855602,4.267631,2.749712,-0.192223,-0.272549,0.041844,0.040686
0.512381,59.429202,-279.441683,6.125688,6.794931,29.911040,-98.912851,4.135255,2.768225,-0.162075,-0.293655,0.040396,0.039081
0.512902,55.850698,-280.102897,6.024592,6.738538,32.582636,-98.967794,3.678818,2.872385,-0.127757,-0.318048,0.038677,0.034627
0.513423,52.693461,-281.074832,6.173952,6.913877,35.675442,-99.550440,4.043361,3.177598,-0.093477,-0.344108,0.040490,0.037394
0.513945,49.429831,-281.387172,6.025776,6.872766,37.696239,-99.291787,3.969965,3.092762,-0.064348,-0.362842,0.039553,0.036442
0.514466,45.880020,-281.447549,6.118307,6.946234,40.221664,-98.927036,3.888332,2.807509,-0.030991,-0.386165,0.039700,0.035153
0.514987,42.222755,-281.490520,5.962097,6.994582,42.692772,-98.827375,3.666200,2.872210,0.002573,-0.407779,0.038317,0.033005
0.515508,39.303176,-281.628636,6.086202,6.776861,46.001140,-98.806251,4.248571,2.797255,0.036620,-0.435726,0.040571,0.036962
0.516029,35.784579,-280.875829,6.032622,6.854698,48.086949,-98.423365,3.924839,2.530894,0.067326,-0.454464,0.039359,0.033753
0.516551,32.447085,-280.152433,5.849517,6.862664,51.048914,-98.125791,3.722078,2.643635,0.101839,-0.479708,0.037917,0.031825
0.517072,29.627551,-279.035761,6.148130,6.615710,53.294834,-97.816405,3.652861,3.021812,0.129865,-0.498877,0.039142,0.031586
0.517593,26.045701,-277.888672,5.992882,6.815374,56.058435,-97.894120,4.061094,2.848852,0.165222,-0.520062,0.039694,0.033667
0.518114,23.586415,-276.737445,6.246502,6.520301,58.287225,-97.494736,4.049419,2.884677,0.191231,-0.538837,0.040714,0.033258
0.518636,20.672258,-275.526070,6.187197,6.647121,60.839269,-96.838194,3.773393,2.854173,0.221113,-0.560938,0.039566,0.030933
0.519157,17.304328,-274.248316,6.200219,6.559722,62.370519,-97.018028,3.583634,3.084930,0.249003,-0.571351,0.039190,0.029871
0.519678,14.961159,-272.660158,6.335654,6.482014,65.178694,-96.496647,4.130161,2.648939,0.277697,-0.594059,0.041065,0.032031
0.520199,12.349390,-270.930668,6.216903,6.590486,66.638627,-96.046900,3.709869,2.787756,0.300998,-0.606562,0.039496,0.029405
0.520721,10.190280,-270.217327,6.273764,6.590229,68.853529,-96.902053,3.728223,2.853097,0.326373,-0.617770,0.039820,0.029102
0.521242,7.998586,-268.745258,6.421764,6.518428,70.710761,-96.400684,3.579674,2.728785,0.348983,-0.632863,0.039909,0.027661
0.521763,5.572377,-266.961982,6.298060,6.431335,72.519373,-96.345425,3.942163,2.587775,0.373923,-0.645228,0.040188,0.029133
0.522284,3.428224,-263.994474,6.580080,6.507281,74.199900,-95.093760,4.018036,2.623380,0.396789,-0.662601,0.041557,0.029475
0.522806,1.954503,-262.673094,6.412405,6.590459,75.733391,-95.208500,4.115867,2.968790,0.414979,-0.671959,0.041298,0.030526
0.523327,-0.153997,-260.815367,6.352364,6.544846,76.878188,-94.796679,3.604504,2.976840,0.434433,-0.681400,0.039798,0.027607
0.523848,-2.021564,-259.386596,6.390076,6.406344,78.072730,-94.144326,3.966575,2.622958,0.451340,-0.692346,0.040358,0.028472
0.524369,-3.500369,-257.807001,6.153067,6.437869,79.873801,-94.010033,3.926616,2.755059,0.470829,-0.704280,0.039387,0.028241
0.524891,-4.528901,-256.183529,6.306198,6.468802,81.561911,-93.561082,3.959497,2.556954,0.486883,-0.716987,0.039899,0.027595
0.525412,-6.170554,-255.126731,6.322407,6.545715,81.750671,-93.453593,4.156290,2.752836,0.498087,-0.718701,0.040550,0.029118
0.525933,-7.265210,-253.691471,6.105175,6.487893,83.083534,-93.462226,4.077385,2.929968,0.513431,-0.726678,0.039623,0.028916
0.526454,-8.112905,-252.947029,6.369844,6.739452,84.022757,-93.086183,4.067460,2.551295,0.522848,-0.734268,0.040494,0.027669
0.526976,-9.280871,-251.776992,6.089972,6.531419,84.956573,-92.854705,3.648082,2.760459,0.535240,-0.741009,0.038411,0.026011
0.527497,-10.207772,-250.596050,6.244747,6.893634,85.443640,-92.818362,3.963765,2.770942,0.544996,-0.744052,0.040136,0.027489
0.528018,-10.555474,-249.872930,6.478324,6.451724,85.995254,-92.304746,3.966853,2.672002,0.549746,-0.750026,0.040228,0.027162
0.528539,-11.039522,-248.678287,6.327644,6.741308,86.621314,-92.271328,3.723581,2.750396,0.558169,-0.753825,0.039724,0.026103
0.529061,-11.622211,-248.254421,6.158388,6.501312,86.857522,-92.625283,3.694146,2.734281,0.564178,-0.753274,0.038795,0.025832
0.529582,-12.279044,-247.942578,6.394450,6.372703,87.402130,-92.213410,4.112027,2.765728,0.569379,-0.758618,0.040119,0.027857
0.530103,-12.327599,-247.712257,6.457849,6.421752,87.691212,-92.710877,4.204862,2.998905,0.573048,-0.757580,0.040817,0.028876
0.530624,-12.329823,-247.663191,6.445702,6.456184,87.441793,-92.341659,4.101877,2.761232,0.570982,-0.758151,0.040437,0.027774
0.531146,-12.514836,-247.648930,6.415991,6.515906,87.800396,-92.269414,3.977818,2.705087,0.573286,-0.760585,0.040050,0.026949
0.531667,-12.514836,-247.648930,6.415991,6.515906,87.822587,-92.000521,4.071432,2.535037,0.572599,-0.762169,0.040099,0.026936
0.532188,-12.339997,-247.614626,6.435350,6.489808,87.590249,-92.249157,4.086483,2.669201,0.571576,-0.759498,0.040335,0.027413
0.532709,-12.252711,-247.719872,6.477906,6.464234,87.379365,-92.352474,4.053644,2.768459,0.570212,-0.757736,0.040468,0.027575
0.533230,-12.117381,-248.085888,6.400102,6.582259,86.734830,-91.861485,3.546780,2.566248,0.564159,-0.756701,0.039194,0.024721
0.533752,-11.684683,-248.875246,6.279489,6.601403,86.470128,-91.988453,3.576386,2.640087,0.559060,-0.754486,0.038873,0.025123
0.534273,-11.022671,-249.512850,6.554830,6.429769,86.382298,-92.223143,3.550333,2.571949,0.554469,-0.752707,0.039521,0.024781
0.534794,-10.258854,-250.267271,6.453255,6.686901,85.956941,-92.377083,3.895186,2.764145,0.547291,-0.749413,0.040331,0.027081
0.535315,-10.084795,-251.388609,6.426013,6.560460,84.917044,-92.360650,3.510273,2.756299,0.538499,-0.743434,0.039238,0.025402
0.535837,-8.909516,-252.788947,5.985964,6.854883,84.881359,-92.595579,3.609328,2.721141,0.529679,-0.741959,0.038196,0.025747
0.536358,-8.046973,-253.766755,6.435014,6.504476,83.740304,-92.619472,3.084297,2.745379,0.517756,-0.735094,0.038379,0.023519
0.536879,-6.556267,-255.441393,6.392659,6.415501,83.391008,-93.388636,4.040763,2.707300,0.506712,-0.728904,0.040066,0.028053
0.537400,-5.731982,-256.854726,6.306106,6.351085,82.353365,-94.440076,3.724384,2.833360,0.496950,-0.717138,0.039193,0.026883
0.537922,-4.387122,-257.722569,6.457881,6.398614,81.300989,-93.691837,4.056225,2.530850,0.481399,-0.714708,0.040379,0.028084
0.538443,-2.758281,-258.964943,6.615823,6.507985,79.893683,-93.909734,3.951086,2.706280,0.464250,-0.704929,0.041056,0.028249
0.538964,-1.373948,-260.782282,6.269369,6.674755,78.637280,-93.593455,3.492231,2.663091,0.446356,-0.698777,0.038729,0.025977
0.539485,0.212299,-262.371693,6.298350,6.581085,77.536015,-94.176373,3.906416,2.469414,0.430912,-0.688792,0.039684,0.027870
0.540007,2.063560,-263.892689,6.438395,6.423036,75.442576,-94.995380,3.921629,3.006020,0.409855,-0.671177,0.040562,0.029637
0.540528,4.057216,-265.775115,6.366304,6.610102,73.791538,-94.796434,3.864636,2.755000,0.387259,-0.661444,0.040115,0.029032
0.541049,6.249512,-267.557590,6.305784,6.626640,72.809264,-94.989842,3.635068,2.562676,0.368120,-0.653975,0.039232,0.027400
0.541570,8.354131,-269.075494,6.301201,6.383900,70.499077,-95.650241,3.609507,2.946642,0.344084,-0.635162,0.039278,0.028538
0.542092,10.516684,-270.703298,6.187869,6.463914,69.766187,-95.832824,4.028994,2.665217,0.326680,-0.629271,0.039779,0.030499
0.542613,12.718370,-271.752386,6.306280,6.634850,67.363836,-96.293254,4.133342,2.625274,0.301921,-0.610437,0.040840,0.031537
0.543134,15.071863,-273.775453,6.298402,6.524020,64.659141,-96.450248,3.616762,2.794272,0.272675,-0.590575,0.039381,0.029136
0.543655,17.643302,-275.493364,6.134556,6.782368,62.553621,-96.757572,3.613858,2.834932,0.246170,-0.573910,0.038709,0.029534
0.544177,20.759013,-276.484488,6.275260,6.513947,60.845351,-97.342294,3.674344,3.101673,0.220142,-0.558647,0.039598,0.030689
0.544698,23.146289,-277.507162,6.303288,6.636680,58.455933,-97.240094,3.685354,2.968820,0.193425,-0.541265,0.039743,0.030932
0.545219,25.930649,-278.802516,6.089760,6.648115,56.049752,-97.806050,4.105919,2.888164,0.164896,-0.520383,0.040014,0.034073
0.545740,29.295916,-279.507040,6.241259,6.705401,53.714196,-98.007569,4.089742,2.808887,0.133733,-0.501354,0.040727,0.034288
0.546262,32.308548,-280.524570,5.857102,6.795898,51.540312,-98.024717,3.899953,2.546444,0.104992,-0.484065,0.038358,0.032954
0.546783,35.469018,-280.908510,6.211624,6.870908,48.528753,-98.346856,3.684357,2.684267,0.071414,-0.458390,0.039463,0.032015
0.547304,38.807144,-281.337110,6.117856,6.742161,46.419116,-98.476182,3.656832,2.641736,0.041603,-0.440486,0.038945,0.032097
0.547825,41.915022,-281.399320,6.021557,6.815827,43.770005,-98.433846,3.843991,2.623181,0.010138,-0.418408,0.039043,0.034073
0.548346,45.239863,-281.522472,6.174432,6.694163,41.443209,-98.848435,4.180016,2.744810,-0.020781,-0.396999,0.040808,0.037303
0.548868,48.530767,-281.105783,6.453286,6.822552,38.517660,-98.596717,3.767878,2.755312,-0.054809,-0.372428,0.040881,0.034481
0.549389,51.117171,-281.026670,6.376403,6.784697,34.576271,-98.495617,4.095201,2.584208,-0.090373,-0.337604,0.041334,0.037913
0.549910,55.187054,-281.532813,6.217487,6.771363,32.657256,-99.955924,3.698436,2.769731,-0.123448,-0.315784,0.039545,0.034418
0.550431,58.174962,-280.606086,6.265780,6.591027,30.689156,-99.934954,3.709046,2.728477,-0.150974,-0.297950,0.039825,0.034771
0.550953,61.447652,-278.580084,5.978791,6.725871,28.069427,-99.240643,3.931431,3.012896,-0.184012,-0.275642,0.039266,0.037533
0.551474,64.330999,-278.509222,6.102620,6.758681,25.695535,-99.606758,4.030789,2.794468,-0.212692,-0.252465,0.039959,0.038544
0.551995,67.310816,-277.099282,6.211572,6.737341,23.659327,-99.599185,4.099687,2.812495,-0.241139,-0.233223,0.040673,0.039477
0.552516,70.003736,-275.718485,6.125493,6.937260,21.228492,-99.529233,3.911038,2.906799,-0.270071,-0.210140,0.039854,0.038055
0.553038,72.980790,-274.457020,6.211129,6.647467,18.904047,-99.918717,3.816977,3.060917,-0.300448,-0.186984,0.039911,0.037303
0.553559,75.644177,-272.830753,5.896920,6.793093,16.838777,-99.538910,3.899344,2.866484,-0.327150,-0.167581,0.038807,0.038378
0.554080,77.945386,-271.059839,6.247097,6.961537,14.838970,-99.566685,3.899344,2.866484,-0.352604,-0.147947,0.040408,0.038541
0.554601,80.405276,-269.059895,6.174514,6.807405,12.848049,-99.148380,3.661990,2.829689,-0.378438,-0.128866,0.039407,0.036506
0.555123,81.503012,-266.166556,6.288757,6.589811,9.736687,-98.257868,3.656258,2.958745,-0.403913,-0.098771,0.039794,0.036967
0.555644,84.391177,-264.424203,6.368217,6.560637,8.822911,-98.209759,3.616250,2.940065,-0.426708,-0.089597,0.039984,0.036624
0.556165,86.329762,-262.590176,6.427741,6.713303,6.922496,-98.308499,3.576669,3.222194,-0.450248,-0.070300,0.040408,0.036275
0.556686,88.192406,-260.866162,6.399639,6.834828,5.273083,-97.531129,3.525753,2.700517,-0.469760,-0.054013,0.039936,0.036076
0.557208,89.905539,-259.292514,6.441634,6.646077,3.899977,-97.547807,3.618087,3.036696,-0.488713,-0.039959,0.040234,0.037052
0.557729,91.519798,-257.478079,6.441824,6.567999,2.784738,-97.862728,3.552084,3.341989,-0.507385,-0.028448,0.040298,0.036280
0.558250,93.014742,-256.189280,6.302212,6.535776,1.694412,-97.411757,3.960425,3.316311,-0.521944,-0.017393,0.040483,0.040649
0.558771,93.794760,-254.395180,6.601220,6.314592,0.747082,-97.470373,3.589662,3.068091,-0.535215,-0.007665,0.040501,0.036827
0.559293,95.499800,-252.987843,6.514952,6.769054,-1.138053,-97.712161,3.686503,3.169986,-0.556701,0.011646,0.040912,0.037725
0.559814,96.294845,-251.870825,6.549405,6.411180,-1.865146,-97.244145,3.811569,3.159078,-0.565629,0.019178,0.040713,0.039186
0.560335,97.540066,-250.264216,6.543643,6.482241,-2.214920,-96.999468,4.091187,2.934702,-0.576985,0.022830,0.041250,0.042161
0.560856,98.358039,-249.278133,6.618052,6.630457,-3.588621,-96.573299,3.925830,2.906548,-0.588653,0.037142,0.041161,0.040611
0.561378,99.304006,-248.171788,6.539299,6.463392,-3.862318,-97.200170,3.930484,3.393098,-0.599463,0.039715,0.041160,0.040397
0.561899,99.829275,-247.587451,6.652777,6.437074,-4.287758,-96.704253,3.546931,3.270614,-0.604017,0.044310,0.040573,0.036637
0.562420,100.468677,-246.624534,6.735553,6.462705,-4.883429,-96.923806,3.627901,3.606005,-0.613239,0.050342,0.041346,0.037382
0.562941,101.325731,-246.293201,6.682929,6.339773,-5.483923,-96.802543,3.581786,3.442810,-0.620385,0.056590,0.040603,0.036937
0.563463,101.481806,-245.509760,6.718204,6.561903,-5.713677,-96.588837,3.856965,3.530055,-0.623901,0.059086,0.041676,0.039851
0.563984,101.636254,-245.286485,6.730285,6.519886,-5.920708,-96.590053,3.983656,3.509930,-0.626214,0.061221,0.041851,0.041148
0.564505,101.846789,-244.948534,6.702766,6.348887,-6.276630,-96.450301,4.005396,3.461976,-0.629345,0.064985,0.041447,0.041418
0.565026,102.030697,-244.626376,6.804354,6.562735,-6.348477,-96.328108,3.555380,3.537542,-0.631112,0.065810,0.041380,0.036828
0.565547,101.981020,-244.432777,6.626419,6.605126,-6.126403,-96.428779,3.917153,3.346392,-0.630862,0.063448,0.041449,0.040518
0.566069,102.440512,-245.658807,6.901070,6.455092,-6.522278,-97.399603,3.582003,3.356565,-0.633798,0.066864,0.041326,0.036684
0.566590,102.292608,-244.884834,6.743842,6.650535,-6.536166,-96.399699,3.582003,3.356565,-0.632485,0.067699,0.041128,0.037062
0.567111,101.857683,-245.372416,6.676236,6.546298,-6.040504,-96.403927,3.842617,3.286970,-0.626851,0.062576,0.041183,0.039761
0.567632,101.464520,-246.160682,6.659786,6.436804,-5.853922,-96.321675,3.750397,3.452760,-0.621532,0.060700,0.040856,0.038854
0.568154,101.353102,-247.845164,6.653473,6.658399,-5.074737,-97.182984,3.601392,3.470282,-0.615009,0.052171,0.040912,0.037004
0.568675,100.620730,-248.813003,6.735028,6.540926,-4.337007,-97.493196,3.919252,3.306671,-0.606428,0.044456,0.041514,0.040149
0.569196,99.771705,-249.400330,6.595029,6.482422,-4.433463,-97.413632,3.526435,3.358928,-0.601010,0.045480,0.040278,0.036160
0.569717,99.548377,-250.730600,6.598782,6.619743,-3.161537,-97.140634,3.612374,3.088476,-0.589428,0.032534,0.040354,0.037162
0.570239,98.536317,-252.097588,6.448815,6.650264,-2.826184,-97.154233,3.456029,3.159739,-0.579316,0.029081,0.039591,0.035555
0.570760,97.753699,-252.868595,6.607107,6.623379,-2.058672,-97.424919,3.968096,2.815873,-0.570811,0.021128,0.040934,0.040716
0.571281,96.639289,-254.617024,6.610614,6.416376,-0.543188,-97.599060,3.985499,2.970922,-0.554219,0.005565,0.040860,0.040835
0.571802,95.462665,-255.122624,6.536409,6.600828,0.128377,-96.667674,3.968855,2.894683,-0.541631,-0.001328,0.040734,0.041057
0.572324,93.956816,-256.142242,6.638433,6.510333,0.997855,-96.960880,3.740338,2.694649,-0.528558,-0.010291,0.040567,0.038573
0.572845,92.776251,-258.219759,6.726436,6.370862,3.092311,-96.783192,3.538632,2.583474,-0.507084,-0.031940,0.040264,0.036535
0.573366,91.306344,-259.835420,6.345895,6.785086,4.342966,-97.336007,3.663249,2.891681,-0.491379,-0.044589,0.039815,0.037584
0.573887,89.534369,-261.606409,6.416855,6.610552,5.290255,-97.772036,3.484475,3.008879,-0.474945,-0.054055,0.039592,0.035574
0.574409,87.738706,-263.291623,6.418400,6.721462,7.083010,-97.193545,3.520212,2.457803,-0.452054,-0.072747,0.039478,0.036074
0.574930,85.931187,-265.046851,6.360560,6.733039,9.185043,-96.547848,3.696861,2.448256,-0.427393,-0.094849,0.039557,0.038022
0.575451,83.866472,-266.668085,6.344622,6.723748,10.639205,-97.853852,3.609746,3.028447,-0.409279,-0.108300,0.039734,0.036610
0.575972,81.755630,-268.717110,6.240418,6.791354,12.119597,-97.533170,3.926525,2.647488,-0.386347,-0.123628,0.039832,0.039785
0.576494,79.563792,-270.417177,6.212744,6.862556,14.398190,-97.494201,3.964795,2.546851,-0.360389,-0.146623,0.039849,0.039978
0.577015,77.067010,-272.074536,6.053195,6.820468,16.714469,-98.284143,3.647017,2.722490,-0.334242,-0.168451,0.038578,0.036353
0.577536,74.275145,-273.445172,6.240627,6.920763,18.729898,-98.264758,3.855762,2.833501,-0.307047,-0.188347,0.039988,0.038233
0.578057,71.833788,-274.788484,6.320140,6.800520,20.247937,-98.487531,3.996122,2.758490,-0.284655,-0.202764,0.040647,0.039320
0.578579,69.148734,-276.457778,6.134754,6.891578,22.428181,-98.735229,3.575376,2.763829,-0.257068,-0.223364,0.038757,0.034962
0.579100,66.511628,-277.864976,6.241069,6.849890,24.820561,-98.544476,3.659347,2.701137,-0.228436,-0.246739,0.039333,0.035517
0.579621,63.177151,-278.667012,6.444322,6.726972,27.107279,-98.931851,3.695997,2.852053,-0.198053,-0.267436,0.040499,0.035518
0.580142,60.591886,-279.847842,6.370883,6.877811,30.617706,-98.974570,3.733998,2.914896,-0.164227,-0.300012,0.040290,0.035422
0.580663,57.379439,-280.078969,6.158816,6.801654,32.645888,-99.042192,3.671883,2.830803,-0.135781,-0.318401,0.039263,0.034504
0.581185,53.938897,-280.954091,6.062592,6.892032,34.645695,-99.014416,3.671883,2.830803,-0.105647,-0.336591,0.038763,0.034220
0.581706,51.219043,-281.312433,6.212480,6.593220,37.364051,-98.830712,3.715571,2.794310,-0.075780,-0.361452,0.039552,0.034198
0.582227,47.595591,-283.028353,6.070119,7.075662,40.448741,-99.642771,3.680560,2.792983,-0.038952,-0.385614,0.038685,0.033182
0.582748,44.601755,-281.854913,6.263114,7.029818,42.813836,-98.765579,3.812882,2.694246,-0.009765,-0.409039,0.040047,0.033989
0.583270,41.261542,-281.103569,6.253595,6.921761,44.911985,-98.809575,3.764573,2.819702,0.020022,-0.426615,0.040034,0.033356
0.583791,37.721554,-281.007478,6.043765,6.869505,46.931248,-98.585694,3.591143,2.885978,0.050443,-0.444301,0.038495,0.031796
0.584312,35.182823,-281.533627,6.179177,6.736662,49.671307,-99.447782,3.297023,2.903990,0.079402,-0.463225,0.038355,0.028988
0.584833,31.617727,-279.637398,6.219639,6.959114,52.378158,-98.014124,3.643742,2.913667,0.113811,-0.490783,0.039456,0.031447
0.585355,29.181895,-280.029163,6.170785,6.802441,54.778946,-98.597678,3.626861,2.851689,0.140159,-0.507118,0.039088,0.030673
0.585876,25.616295,-278.659202,6.129802,6.796648,56.686666,-98.774055,3.676992,3.016292,0.171036,-0.521009,0.039204,0.030951
0.586397,23.123184,-278.002823,6.204781,6.609065,59.269736,-98.294390,4.045494,3.091686,0.198491,-0.542609,0.040385,0.033233
0.586918,20.471102,-276.097064,6.178596,6.592441,61.452491,-97.673508,4.067494,2.667953,0.225770,-0.561587,0.040330,0.032275
0.587440,17.497210,-274.700881,6.423086,6.597879,63.448195,-98.055491,3.986025,3.043608,0.254491,-0.574309,0.041316,0.031960
0.587961,15.136917,-272.290890,6.335513,6.542408,65.454657,-96.562429,4.033027,2.847081,0.278876,-0.595704,0.040935,0.031725
0.588482,12.596099,-271.229691,6.298319,6.684594,67.445511,-96.566736,3.930918,2.803800,0.304278,-0.609674,0.040469,0.030567
0.589003,10.568118,-269.251791,6.339130,6.533956,68.950004,-96.447831,3.614741,2.917283,0.325810,-0.620652,0.039928,0.028635
0.589525,8.616265,-268.026808,6.262227,6.468716,70.492522,-95.754342,3.627852,2.930109,0.344827,-0.634598,0.039453,0.028586
0.590046,6.253156,-266.023706,6.334281,6.495551,72.552420,-95.459382,3.592772,2.756590,0.370732,-0.649892,0.039635,0.027616
0.590567,4.565128,-264.819497,6.366150,6.705816,73.900801,-95.484559,4.022626,2.762040,0.388634,-0.658657,0.040940,0.029836
0.591088,2.596966,-263.233396,6.352082,6.498023,75.501629,-95.023605,3.868863,2.786282,0.408977,-0.671413,0.040259,0.028755
0.591610,0.817192,-261.999929,6.245714,6.667898,76.483470,-94.977327,3.851611,2.886515,0.425371,-0.677953,0.039952,0.028733
0.592131,-0.345791,-260.365257,6.388318,6.581321,77.769746,-94.411245,3.950409,2.745723,0.439939,-0.689046,0.040582,0.028725
0.592652,-1.928351,-259.255372,6.295097,6.528590,78.955276,-94.363292,3.670333,2.777210,0.456039,-0.696731,0.039475,0.027078
0.593173,-3.073417,-257.859743,6.071329,6.580334,80.376055,-94.221682,3.788381,2.611591,0.471587,-0.706264,0.038873,0.026998
0.593695,-4.259104,-256.919271,6.413684,6.541846,81.393287,-93.750863,3.579664,2.827617,0.483394,-0.714958,0.039604,0.026400
0.594216,-5.563546,-255.461679,6.261402,6.482672,81.987965,-93.706809,3.927662,2.820854,0.496109,-0.718797,0.039796,0.028039
0.594737,-6.308201,-254.803313,6.371296,6.634469,82.369901,-93.590389,3.965505,2.846851,0.502896,-0.721717,0.040433,0.028243
0.595258,-6.891387,-253.961782,6.261916,6.440435,83.795388,-93.519070,4.034320,2.732370,0.514460,-0.730614,0.039837,0.027990
0.595780,-7.720950,-253.290013,6.261997,6.524529,83.965960,-93.524051,4.035967,2.877393,0.520994,-0.731599,0.040021,0.028370
0.596301,-8.631625,-252.431261,6.442168,6.649340,84.572440,-93.211374,3.665048,3.019606,0.529600,-0.736844,0.040024,0.026926
0.596822,-8.807216,-251.947135,6.424264,6.481429,84.708183,-93.294426,3.627051,2.865302,0.532615,-0.737199,0.039658,0.026225
0.597343,-9.400097,-251.854975,6.059017,6.609097,85.147224,-93.233544,3.865695,2.966944,0.537515,-0.740097,0.039002,0.027607
0.597864,-9.811307,-251.412674,6.279346,6.582291,85.578279,-93.179697,4.076337,2.919801,0.542507,-0.742900,0.040113,0.028405
0.598386,-9.843382,-251.124362,6.338797,6.673063,85.313669,-92.949724,3.890948,2.961812,0.541591,-0.742589,0.040097,0.027716
0.598907,-9.851780,-252.227352,6.372365,6.598694,85.615541,-93.980180,3.710422,3.039294,0.542828,-0.738857,0.039743,0.026920
0.599428,-10.092798,-250.898709,6.360542,6.747826,85.754075,-92.780860,3.731081,2.912203,0.544947,-0.746060,0.039846,0.026742
0.599949,-11.027245,-250.743237,6.343663,6.834211,84.477499,-93.094154,3.972103,3.008694,0.544678,-0.736911,0.040581,0.028394
0.600471,-9.828396,-252.203309,6.275872,6.719305,84.959024,-93.636259,3.627285,2.807728,0.538782,-0.736850,0.039286,0.025963
0.600992,-9.415244,-252.883089,6.221508,6.662186,84.850569,-93.715098,3.420697,2.872411,0.534695,-0.735796,0.038600,0.025197
0.601513,-8.626368,-253.376682,6.434444,6.711627,84.580241,-93.782856,3.520512,2.845520,0.528590,-0.733849,0.039624,0.025617
0.602034,-8.262923,-254.426000,6.537770,6.578192,84.672955,-93.559655,3.643414,2.629237,0.523877,-0.735579,0.039758,0.025569
0.602556,-8.070495,-254.734380,6.358172,6.443154,83.857665,-94.065133,3.834686,2.887666,0.519696,-0.728091,0.039635,0.027358
0.603077,-6.856081,-255.873694,6.577491,6.554663,82.884091,-94.232188,3.603750,2.877544,0.506812,-0.721414,0.040139,0.026349
0.603598,-7.153288,-255.600999,6.396462,6.501854,81.610811,-93.473164,3.517725,2.790622,0.500918,-0.717749,0.039217,0.025977
0.604119,-6.256930,-257.118265,6.043876,6.629778,80.132678,-93.547331,3.483893,2.769641,0.485911,-0.708313,0.037961,0.025988
0.604641,-5.296060,-257.773314,6.482605,6.503342,79.444784,-93.901904,3.561372,2.952827,0.477248,-0.702191,0.039806,0.027001
0.605162,-3.401072,-259.246922,6.158198,6.630117,79.887438,-94.160957,3.831550,2.584971,0.467254,-0.703572,0.039076,0.027262
0.605683,-2.153065,-260.513108,6.504668,6.616820,79.010368,-94.387918,3.792372,2.791619,0.454460,-0.696946,0.040368,0.027750
0.606204,-1.107301,-261.987971,6.211863,6.620506,77.817672,-93.995973,3.231146,2.639037,0.439208,-0.691513,0.037847,0.024621
0.606726,0.493199,-263.355741,6.349855,6.474864,76.390649,-94.416440,3.540066,2.765144,0.422237,-0.680254,0.039048,0.026806
0.607247,2.169604,-264.719313,6.353847,6.510857,74.936805,-94.810821,3.520393,2.815609,0.404640,-0.668849,0.039158,0.027037
0.607768,4.184953,-266.316698,6.410765,6.702213,73.064890,-95.155916,3.537951,2.933394,0.382598,-0.654824,0.039682,0.027728
0.608289,6.266658,-267.817413,6.307593,6.639700,72.021024,-95.784368,4.020055,2.756145,0.365085,-0.644721,0.040415,0.030164
0.608811,8.453895,-269.388651,6.338664,6.554265,70.692988,-95.767427,3.648570,2.843377,0.344206,-0.635889,0.039550,0.028450
0.609332,10.422802,-271.030425,6.262949,6.409324,68.661766,-96.074572,3.563645,2.701907,0.321341,-0.620505,0.038945,0.027925
0.609853,12.646528,-272.276156,6.379288,6.512759,66.974453,-96.422437,3.734616,2.733774,0.299637,-0.607089,0.040010,0.029310
0.610374,14.860154,-273.720228,6.279671,6.696196,65.286167,-96.617221,3.728371,2.812063,0.277387,-0.594244,0.039644,0.029735
0.610896,17.391982,-275.400071,6.220194,6.641278,63.140280,-96.689580,3.578964,2.768784,0.250609,-0.578496,0.038908,0.029073
0.611417,19.642356,-275.934661,6.199511,6.808837,60.754242,-97.180907,3.661542,2.782205,0.226061,-0.558719,0.039297,0.029991
0.611938,22.286475,-277.471452,6.200102,6.691682,58.768326,-97.329206,3.716539,2.588356,0.199814,-0.543216,0.039318,0.030357
0.612459,25.294048,-278.499661,6.212390,6.733540,56.734032,-97.584234,3.685041,2.693506,0.172064,-0.526620,0.039340,0.030666
0.612980,27.623104,-279.257308,6.142104,6.696185,54.404978,-97.596150,3.679617,2.599737,0.146373,-0.508545,0.038995,0.030915
0.613502,31.135169,-280.040304,6.323313,6.529861,52.111184,-98.377867,4.007738,2.678050,0.114958,-0.487128,0.040909,0.033746
0.614023,33.512623,-280.660065,6.213513,6.862490,49.146098,-98.458009,3.554770,2.823504,0.085593,-0.462974,0.039156,0.031092
0.614544,37.092615,-281.187603,6.122275,6.594905,47.189523,-98.467790,3.616410,2.804732,0.055203,-0.446901,0.038857,0.031864
0.615065,39.773717,-281.286936,6.087456,7.071416,44.805456,-98.905713,3.613687,2.853446,0.027582,-0.425356,0.038803,0.032197
0.615587,42.766731,-281.592287,6.218977,6.646918,41.723515,-98.761882,3.395386,2.901188,-0.005706,-0.399722,0.038754,0.031015
0.616108,44.712415,-281.429387,6.030864,6.956688,38.567752,-98.937304,3.210239,3.004760,-0.033658,-0.371700,0.037421,0.029983
0.616629,49.156413,-281.096522,5.976625,6.959531,37.167181,-99.458818,3.417524,3.104123,-0.065911,-0.357625,0.037840,0.031840
0.617150,51.945810,-280.549731,6.057390,6.733349,34.977908,-99.125021,3.473668,2.903669,-0.093255,-0.339226,0.038338,0.032490
0.617672,55.326072,-280.141303,6.083891,6.772323,32.443664,-99.086533,3.649159,2.995260,-0.125717,-0.316426,0.038902,0.034442
0.618193,58.021245,-279.449316,6.111396,6.854651,29.677126,-99.537533,3.380616,3.152754,-0.156260,-0.289759,0.038424,0.032374
0.618714,61.056226,-279.356166,6.301349,6.712278,26.985293,-100.257773,3.585036,3.156875,-0.187990,-0.262928,0.039799,0.034266
0.619235,63.921788,-278.332617,6.292425,6.814311,25.541913,-100.199024,3.262469,3.218770,-0.212212,-0.249596,0.039010,0.031525
0.619757,66.479822,-277.155405,6.361343,6.679841,23.432941,-100.077907,3.615253,2.981882,-0.238471,-0.230003,0.040150,0.034880
0.620278,69.097042,-275.803452,6.279192,6.991202,20.666196,-100.007040,3.635653,2.859226,-0.268825,-0.203779,0.039909,0.035323
0.620799,71.691133,-274.524936,6.019684,7.031316,18.742462,-99.731869,3.817972,2.849343,-0.294135,-0.185762,0.039247,0.037338
0.621320,73.182169,-272.363777,6.273563,6.553456,16.223815,-98.960514,3.431636,2.939623,-0.317370,-0.162497,0.039195,0.034101
0.621842,76.789570,-270.444402,6.268233,6.452288,14.900848,-99.220262,3.469779,2.952683,-0.346837,-0.149065,0.039308,0.034477
0.622363,78.557279,-269.220223,6.405990,6.383530,13.167281,-99.085263,3.849423,2.998957,-0.366936,-0.132114,0.040714,0.038379
0.622884,80.436681,-268.642793,6.384777,6.517929,11.215276,-99.945788,3.855637,3.008658,-0.389380,-0.111746,0.040686,0.038243
0.623405,82.599130,-265.332465,6.301990,6.756615,9.079766,-98.505258,3.681439,3.021408,-0.415086,-0.091916,0.040126,0.037164
0.623927,84.524665,-263.876560,6.266542,6.743820,7.467130,-98.412278,3.669882,3.202555,-0.435837,-0.075731,0.039987,0.037159
0.624448,86.169007,-262.350926,6.271752,6.660392,6.198751,-98.268917,3.256524,3.538085,-0.453501,-0.062996,0.039228,0.033085
0.624969,87.912177,-260.611816,6.491193,6.496996,5.116646,-97.821341,3.766969,3.184150,-0.470505,-0.052258,0.040794,0.038441
0.625490,89.489388,-259.275287,6.469366,6.417833,3.945812,-97.860254,3.291632,3.364983,-0.487328,-0.040299,0.039719,0.033610
0.626012,90.926161,-258.168930,6.618983,6.402202,2.032796,-98.181518,3.258380,3.533266,-0.507153,-0.020702,0.040225,0.033181
0.626533,91.924270,-256.737171,6.412357,6.464976,1.083604,-97.839912,3.700091,3.118665,-0.519346,-0.011075,0.040149,0.037815
0.627054,93.064121,-255.811655,6.701594,6.268801,0.179764,-97.163230,3.324169,2.863096,-0.529669,-0.001850,0.039898,0.034212
0.627575,94.126579,-254.290777,6.603030,6.440619,-0.818579,-97.687942,3.746171,2.898244,-0.545024,0.008379,0.040697,0.038346
0.628097,95.241346,-253.214309,6.660331,6.590093,-1.341211,-97.805918,3.839574,3.213441,-0.556061,0.013712,0.041483,0.039252
0.628618,96.325037,-252.248330,6.527179,6.615716,-2.314311,-97.395098,3.676813,3.103670,-0.567172,0.023758,0.040517,0.037738
0.629139,95.634937,-251.726071,6.685367,6.468715,-3.648232,-97.461674,3.740618,3.238524,-0.571857,0.037415,0.041091,0.038347
0.629660,96.541580,-250.439406,6.631209,6.488712,-4.077701,-97.272773,3.634586,3.114578,-0.581229,0.041896,0.040674,0.037323
0.630181,97.999876,-250.848465,6.579967,6.516225,-4.195963,-98.332810,3.536513,3.417002,-0.590354,0.042645,0.040501,0.035930
0.630703,97.361178,-249.607018,6.814212,6.491754,-5.455159,-96.970978,3.476598,3.229412,-0.592790,0.056196,0.040903,0.035788
0.631224,99.006999,-250.256208,6.850214,6.705907,-4.537796,-98.022027,3.648592,3.370813,-0.597291,0.046261,0.041721,0.037177
0.631745,99.003555,-249.750387,6.923454,6.702442,-4.883264,-98.688499,3.585165,3.719269,-0.602430,0.049441,0.042298,0.036287
0.632266,99.127109,-249.511806,6.839937,6.601829,-4.543252,-98.349550,3.682040,3.424637,-0.601147,0.046162,0.041811,0.037393
0.632788,98.168449,-248.628614,6.845025,6.686795,-5.823803,-96.619986,3.745547,3.469307,-0.599989,0.060203,0.041905,0.038686
0.633309,99.127109,-249.511806,6.839937,6.601829,-4.396172,-97.150211,3.579604,3.261731,-0.596806,0.045220,0.041309,0.036802
0.633830,98.948123,-249.650462,6.917694,6.621433,-4.302954,-97.175524,3.519046,3.276420,-0.595237,0.044251,0.041521,0.036173
0.634351,98.758822,-249.837611,6.766296,6.758883,-4.647599,-97.454382,3.318576,3.356667,-0.596215,0.047654,0.040941,0.034015
0.634873,98.496323,-250.462401,6.698248,6.893125,-3.776894,-96.450159,3.041352,2.653865,-0.586195,0.039139,0.039840,0.031503
0.635394,98.087051,-251.330249,6.595869,6.574306,-3.136984,-96.173320,3.011331,2.485189,-0.578059,0.032606,0.038785,0.031290
0.635915,97.694424,-252.153905,6.641677,6.531637,-3.877164,-97.245352,3.344077,2.949016,-0.580363,0.039849,0.039711,0.034355
0.636436,97.372938,-253.148776,6.603503,6.644315,-1.673980,-96.560949,3.104467,2.748093,-0.563998,0.017334,0.039218,0.032144
0.636958,96.420698,-253.911868,6.441417,6.666321,-2.005712,-97.205034,3.752181,2.748340,-0.560820,0.020631,0.039915,0.038589
0.637479,95.849781,-254.867224,6.564222,6.591912,-1.338365,-98.512473,3.551408,3.107991,-0.556142,0.013585,0.040277,0.036046
0.638000,93.656524,-255.047558,6.737204,6.627518,-1.558251,-97.320556,3.464807,3.192347,-0.543112,0.016010,0.040805,0.035597
0.638521,92.814161,-256.483725,6.480761,6.722654,-0.769687,-97.392363,3.250058,2.992670,-0.531727,0.007903,0.039432,0.033370
0.639043,92.933031,-258.970308,6.504930,6.438717,1.508836,-98.771710,3.540109,3.016638,-0.518591,-0.015275,0.039763,0.035836
0.639564,91.588654,-260.081216,6.443777,6.560718,2.750585,-98.658940,3.555226,2.984135,-0.503109,-0.027873,0.039752,0.036017
0.640085,90.172841,-260.902784,6.456179,6.626484,4.014033,-97.482136,3.321732,2.798458,-0.485187,-0.041154,0.039222,0.034038
0.640606,87.276836,-262.394574,6.507961,6.558658,4.665275,-97.729034,3.456741,3.018517,-0.465001,-0.047701,0.039838,0.035321
0.641128,87.044752,-263.607903,6.449324,6.639391,6.408432,-97.607970,3.251602,2.967064,-0.452192,-0.065561,0.039188,0.033229
0.641649,85.152353,-265.477745,6.491373,6.642404,8.169978,-98.117521,3.374943,3.289127,-0.431122,-0.083076,0.039807,0.034272
0.642170,83.466017,-267.012574,6.566970,6.811080,10.731384,-97.787401,3.384913,3.059167,-0.405938,-0.109305,0.040177,0.034371
0.642691,81.465011,-268.435810,6.613236,6.816299,11.249244,-98.768805,3.694100,3.129013,-0.392384,-0.113406,0.041194,0.037094
0.643213,79.258103,-269.975862,6.157141,6.720100,13.917701,-98.655349,3.585018,2.902349,-0.364363,-0.140149,0.038994,0.035861
0.643734,76.221249,-271.625807,6.128226,6.979707,13.629565,-98.346330,3.599706,2.731374,-0.346634,-0.137710,0.038825,0.036111
0.644255,73.758010,-273.475703,6.320796,6.858243,15.953847,-99.112957,3.807181,2.967649,-0.320115,-0.159597,0.040220,0.037736
0.644776,72.909765,-274.829470,5.988072,7.031010,19.030571,-98.493103,3.830850,2.841073,-0.296539,-0.190865,0.038780,0.037878
0.645297,69.225244,-276.008929,6.261472,6.744208,20.282566,-98.590956,3.722943,2.807884,-0.269166,-0.202894,0.039589,0.036662
0.645819,66.616129,-276.943350,6.275340,6.922299,22.013999,-98.858337,3.797498,2.977498,-0.245406,-0.219107,0.040019,0.037152
0.646340,63.561286,-278.382330,6.324771,6.748805,24.646942,-98.661305,4.098723,2.775218,-0.213235,-0.244803,0.040928,0.039659
0.646861,60.953407,-279.447969,6.305835,6.772813,26.382294,-98.697126,3.748604,2.724432,-0.188982,-0.261199,0.039856,0.036111
0.647382,58.352665,-280.074256,6.295138,6.700579,29.367812,-98.906637,3.534133,2.742218,-0.158645,-0.288633,0.039351,0.033697
0.647904,56.262895,-281.801898,6.172366,6.791294,32.170107,-99.878944,3.654266,2.970665,-0.131668,-0.311599,0.039110,0.034266
0.648425,53.030707,-282.048428,6.276640,6.897931,34.728154,-99.681848,3.768933,2.977101,-0.100026,-0.335240,0.039956,0.034971
0.648946,49.767929,-282.499844,6.056101,6.913552,37.210010,-100.294244,3.568162,3.115758,-0.068813,-0.355267,0.038501,0.032873
0.649467,46.598913,-282.580704,6.346022,6.647151,40.418962,-99.700307,3.798468,2.850745,-0.033779,-0.385157,0.040417,0.034202
0.649989,43.825594,-282.658705,6.189789,6.794317,42.144971,-100.071662,3.662566,3.068539,-0.009204,-0.398603,0.039389,0.032964
0.650510,40.762876,-282.494696,6.163704,6.680549,44.648602,-99.633625,3.837295,2.869662,0.021246,-0.421296,0.039697,0.033826
0.651031,37.791451,-281.963305,6.148158,6.809373,46.704673,-99.620695,3.709419,2.925645,0.048843,-0.438398,0.039335,0.032546
0.651552,34.892927,-281.734249,6.249743,6.604835,48.798418,-99.807354,3.712179,3.062886,0.076286,-0.454749,0.039840,0.032368
0.652074,31.540109,-280.891973,6.142665,6.922129,51.537547,-99.239529,3.730620,2.768889,0.109645,-0.478988,0.039344,0.031730
0.652595,29.188784,-280.109728,6.261032,6.657155,54.075937,-99.006990,3.459593,2.830342,0.136565,-0.499908,0.039139,0.029479
0.653116,25.956674,-278.801113,6.281553,6.879387,56.816014,-98.825227,3.819312,2.688928,0.169812,-0.521770,0.040265,0.031336
0.653637,23.356895,-278.224315,6.249291,6.729645,58.453749,-98.169834,3.691741,2.619868,0.192510,-0.537056,0.039560,0.030139
0.654159,20.840836,-275.465465,6.285637,6.779890,60.110765,-97.206270,3.720843,2.759293,0.216833,-0.553827,0.040021,0.030462
0.654680,18.642623,-274.829140,6.328296,6.702937,62.248679,-97.103245,3.653160,2.791296,0.240603,-0.570062,0.039916,0.029691
0.655201,16.154092,-273.524025,6.191624,6.695539,64.035349,-96.875575,3.866189,2.857915,0.264694,-0.584074,0.039876,0.030912
0.655722,13.745295,-272.787187,6.384647,6.784552,66.436340,-97.756062,3.660983,2.940450,0.292409,-0.596912,0.040279,0.029186
0.656244,11.427163,-270.899505,6.356291,6.577556,67.246936,-96.465825,3.758084,2.797227,0.309708,-0.608781,0.040200,0.029536
0.656765,9.871874,-269.358763,6.381743,6.497883,69.672063,-96.033731,3.880539,2.674481,0.332229,-0.627633,0.040486,0.029599
0.657286,8.019926,-267.652534,6.433221,6.530229,70.758727,-96.042603,3.614904,2.731519,0.350495,-0.634963,0.040195,0.027922
0.657807,5.313314,-266.856101,6.394053,6.632818,71.279513,-95.511252,3.647240,2.810713,0.367501,-0.641125,0.039983,0.028293
0.658329,4.285741,-265.374150,6.333307,6.600761,73.873314,-95.429114,3.689989,2.696832,0.388644,-0.658758,0.039760,0.027780
0.658850,1.499140,-264.336398,6.321600,6.641844,74.464951,-95.346119,3.823677,2.855310,0.407595,-0.663045,0.040003,0.028836
0.659371,1.023321,-262.904412,6.179789,6.686852,76.489094,-95.215603,3.743905,2.880949,0.422883,-0.676765,0.039344,0.028096
0.659892,-0.081827,-261.529398,6.407050,6.558063,77.548566,-94.987300,3.855044,2.843982,0.436187,-0.684667,0.040380,0.028429
0.660414,-1.569018,-260.639179,6.174540,6.700610,78.342344,-94.873904,3.606747,3.076938,0.449205,-0.690248,0.039089,0.027649
0.660935,-2.354498,-259.348844,6.469188,6.591492,79.065690,-94.220708,3.533142,2.896133,0.458090,-0.698164,0.039856,0.026707
0.661456,-3.772153,-258.608254,6.280181,6.686458,80.313283,-94.405067,3.625034,2.814344,0.473266,-0.704918,0.039310,0.026697
0.661977,-4.237958,-257.384432,6.363880,6.451050,80.642888,-94.442195,3.658503,2.921570,0.480248,-0.706746,0.039658,0.027116
0.662498,-5.055825,-256.940694,6.029490,6.787873,81.108789,-93.860670,3.477021,2.630631,0.486076,-0.712646,0.038121,0.025338
0.663020,-6.070830,-257.065774,6.370656,6.666797,82.374542,-95.011697,3.762628,2.852188,0.499595,-0.714277,0.039894,0.027053
0.663541,-6.178941,-256.436328,6.511694,6.563086,82.430328,-94.899777,3.654020,2.682546,0.501722,-0.715196,0.040063,0.026028
0.664062,-6.454623,-255.802828,6.438231,6.755434,82.620786,-94.651258,3.674383,2.837447,0.504947,-0.717638,0.040151,0.026571
0.664583,-6.513564,-255.521439,6.484566,6.865986,83.018875,-94.477451,3.491474,2.776337,0.507400,-0.720931,0.040023,0.025440
0.665105,-7.169028,-255.151824,6.622825,6.834142,83.303128,-94.437392,3.802912,3.010320,0.512722,-0.722837,0.041190,0.027622
0.665626,-7.331948,-255.243648,6.582275,6.895311,83.354626,-94.446738,3.805198,3.030086,0.513515,-0.723094,0.041092,0.027682
0.666147,-7.331948,-255.243648,6.582275,6.895311,83.540693,-94.233484,3.771895,2.800914,0.513825,-0.725322,0.040847,0.026833
0.666668,-7.331948,-255.243648,6.582275,6.895311,83.409041,-94.291403,3.815190,2.729243,0.513358,-0.724235,0.040927,0.026863
0.667190,-7.398435,-255.179702,6.561844,6.879042,83.030748,-94.352418,3.373121,2.742877,0.512219,-0.721659,0.040024,0.024775
0.667711,-7.006464,-255.686647,6.492805,6.834746,82.724688,-94.216388,3.448458,2.865650,0.507219,-0.720543,0.039874,0.025585
0.668232,-6.358589,-256.030149,6.399804,6.816098,82.374090,-94.393758,3.575901,2.983111,0.502048,-0.717506,0.039896,0.026601
0.668753,-6.167604,-256.369897,6.610649,6.580779,82.239164,-94.464027,3.534248,2.937199,0.499796,-0.716325,0.040281,0.026269
0.669275,-6.076508,-257.236730,6.461783,6.878252,81.693442,-94.590676,3.777196,2.873207,0.494853,-0.712367,0.040461,0.027366
0.669796,-5.218557,-258.131125,6.198903,6.795272,81.771853,-94.763758,3.912000,2.911320,0.489295,-0.711937,0.039679,0.028121
0.670317,-4.243867,-259.165742,6.443450,6.873203,80.994680,-94.806087,3.775738,2.815681,0.478424,-0.706996,0.040290,0.027298
0.670838,-3.591574,-259.807198,6.363964,6.637163,80.235225,-94.992415,3.682199,2.805447,0.470514,-0.701379,0.039601,0.026903
0.671360,-2.169330,-261.023110,6.456606,6.653038,78.906269,-95.325522,3.501121,3.010619,0.455050,-0.691438,0.039772,0.026752
0.671881,-1.458578,-261.998260,6.386536,6.643775,78.397564,-95.146484,3.554824,2.672077,0.446386,-0.689185,0.039366,0.026176
0.672402,-0.049344,-263.484179,6.471466,6.616359,77.707309,-95.588764,3.938783,2.716310,0.433715,-0.682578,0.040550,0.028443
0.672923,1.136802,-264.378785,6.400445,6.697816,76.626454,-95.730821,3.563772,2.906104,0.420870,-0.675007,0.039625,0.027095
0.673445,2.493845,-265.862989,6.416140,6.683034,75.391475,-95.694107,3.922956,2.738704,0.404733,-0.667281,0.040378,0.028868
0.673966,4.028320,-267.038980,6.474377,6.798722,73.845199,-96.355840,3.675403,2.948418,0.388278,-0.653902,0.040345,0.028208
0.674487,5.966768,-267.521612,6.387949,6.886037,72.739163,-95.507581,3.606243,2.811992,0.370275,-0.650888,0.039828,0.027794
0.675008,7.860841,-269.892936,6.507548,6.415335,71.624606,-96.441295,3.815258,2.594361,0.352282,-0.638797,0.040433,0.028564
0.675530,9.431648,-271.029797,6.511717,6.754060,70.033299,-97.063104,4.012940,2.656349,0.335206,-0.625026,0.041296,0.030131
0.676051,11.312303,-272.644038,6.449479,6.728077,68.151207,-97.176913,3.914656,2.672988,0.313263,-0.611605,0.040750,0.029939
0.676572,13.255491,-274.078729,6.483714,6.727751,66.760866,-97.145972,3.805312,2.728680,0.293662,-0.602099,0.040556,0.029661
0.677093,15.785753,-275.289135,6.456709,6.845532,64.864600,-97.637234,3.735455,2.772644,0.269541,-0.586392,0.040445,0.029595
0.677614,17.937483,-275.446242,6.456842,6.702152,62.670231,-97.159970,3.674260,2.815086,0.245829,-0.572867,0.040366,0.029789
0.678136,20.306901,-276.412383,6.334020,6.906482,60.975143,-97.469673,3.666442,2.900013,0.223474,-0.559017,0.039929,0.030164
0.678657,22.930562,-278.613850,6.252042,6.703803,59.144553,-98.580648,3.718669,2.876743,0.198503,-0.540391,0.039617,0.030580
0.679178,25.554579,-279.976186,6.278098,6.681074,56.592336,-98.928005,3.670067,2.927669,0.169783,-0.519619,0.039593,0.030724
0.679699,27.986326,-280.494868,6.390773,6.720453,54.667024,-99.140115,3.831376,2.814724,0.146071,-0.503926,0.040630,0.031975
0.680221,31.137562,-281.315525,6.240203,6.825306,52.674063,-99.125296,3.845049,2.784202,0.117663,-0.488442,0.039956,0.032410
0.680742,33.703472,-281.945500,6.203275,6.814730,50.599287,-99.198483,3.730650,2.784910,0.092193,-0.471680,0.039448,0.031933
0.681263,36.522572,-281.997525,6.256622,6.862673,47.854494,-99.402165,3.248620,2.755099,0.061981,-0.448676,0.038542,0.028658
0.681784,39.485144,-282.608805,6.101462,6.912440,45.088069,-99.755739,3.482245,2.925501,0.030632,-0.424503,0.038405,0.031006
0.682306,42.332566,-282.566889,6.324721,7.038245,42.894481,-99.387691,3.499478,2.705294,0.003068,-0.407437,0.039460,0.031290
0.682827,45.500421,-282.533134,6.117720,6.898949,40.524934,-99.598452,3.635147,2.814994,-0.027191,-0.386426,0.038887,0.032831
0.683348,48.461757,-282.249795,6.408612,6.862656,39.026400,-100.369309,3.840567,3.178637,-0.051830,-0.370838,0.041024,0.034918
0.683869,51.687039,-281.961625,6.115426,6.685803,36.418847,-99.879087,3.677366,2.921671,-0.083657,-0.349648,0.039060,0.033834
0.684391,54.366067,-281.473072,6.208882,6.899046,34.208004,-99.746110,3.791603,2.842474,-0.110473,-0.330381,0.039801,0.035118
0.684912,56.888150,-280.722356,6.369073,6.793575,31.632936,-99.920099,3.520442,2.980381,-0.138786,-0.306600,0.039878,0.033153
0.685433,59.952241,-279.692427,6.076431,6.976654,29.398365,-99.854130,3.584317,2.678274,-0.168289,-0.286323,0.038741,0.033822
0.685954,62.592320,-279.148778,6.256695,6.740177,26.550411,-99.988772,3.046631,2.942123,-0.198522,-0.259545,0.038166,0.029384
0.686476,65.467410,-278.321084,6.020136,6.827811,24.771617,-99.943031,3.508742,2.951721,-0.224304,-0.242961,0.038216,0.033787
0.686997,67.811448,-276.865041,6.079052,6.888981,22.535446,-99.892670,3.121340,2.796503,-0.250464,-0.221882,0.037619,0.030335
0.687518,70.563508,-275.709315,6.286310,6.923095,20.413373,-99.894027,3.126187,2.842933,-0.277864,-0.201575,0.038597,0.030555
0.688039,72.880437,-274.535529,6.237386,6.745106,18.490061,-99.761621,3.131616,2.722259,-0.301704,-0.183263,0.038275,0.030740
0.688561,75.231610,-272.741725,6.158997,6.761068,16.645620,-100.039506,3.381318,3.079747,-0.327049,-0.164880,0.038761,0.033265
0.689082,77.035735,-271.467350,6.281337,6.748262,15.564056,-100.062579,3.604789,2.752562,-0.344346,-0.154307,0.039801,0.035422
0.689603,79.722481,-270.343720,6.277463,6.650642,14.369851,-98.620062,3.321237,2.655292,-0.363644,-0.144691,0.038693,0.033200
0.690124,80.970284,-268.717528,6.372196,6.471272,11.693150,-99.618853,3.501807,3.048626,-0.388827,-0.116844,0.039697,0.034855
0.690646,83.117027,-267.079541,6.412710,6.562584,10.822885,-98.797745,3.340530,2.809311,-0.405762,-0.109111,0.039401,0.033552
0.691167,84.847051,-265.658838,6.319675,6.787485,9.559170,-99.057883,3.722964,2.889729,-0.424437,-0.096203,0.040159,0.037341
0.691688,86.537145,-264.194247,6.340688,6.809906,7.555920,-99.827874,3.517377,3.156921,-0.447942,-0.075545,0.040028,0.035114
0.692209,87.967275,-262.776512,6.417805,6.543231,6.078413,-98.847766,3.260043,2.904940,-0.463279,-0.061415,0.039240,0.032905
0.692730,89.371792,-261.626577,6.391570,6.753554,5.501624,-98.157138,3.596160,2.351367,-0.474044,-0.055991,0.039711,0.036547
0.693252,90.585529,-260.439181,6.391323,6.641017,3.325519,-98.719224,3.523752,3.035889,-0.494804,-0.033674,0.039721,0.035669
0.693773,91.958080,-259.024504,6.399863,6.503390,3.057179,-98.657415,3.618774,2.839490,-0.506184,-0.030978,0.039773,0.036656
0.694294,92.620274,-257.036859,6.508855,6.727349,1.615282,-97.739266,3.529356,2.903289,-0.519041,-0.016525,0.040255,0.036103
0.694815,93.959227,-256.060292,6.494881,6.492321,0.815928,-97.885596,3.553252,3.092841,-0.532191,-0.008335,0.040037,0.036298
0.695337,94.691143,-256.499593,6.699674,6.548898,0.698584,-98.926085,3.599090,3.042614,-0.537842,-0.007062,0.040911,0.036380
0.695858,95.577568,-255.615807,6.593797,6.620670,0.251984,-97.615582,3.216685,2.393945,-0.542861,-0.002581,0.039336,0.032952
0.696379,96.099292,-254.860711,6.676861,6.623685,-0.688161,-98.093601,3.555100,2.755474,-0.553113,0.007015,0.040484,0.036241
0.696900,96.487862,-254.201515,6.472353,6.763365,-1.363377,-98.611230,3.475480,3.147548,-0.561401,0.013825,0.040145,0.035240
0.697422,96.891026,-253.785425,6.830980,6.721697,-2.641707,-98.741105,3.408573,3.146160,-0.570705,0.026747,0.041102,0.034506
0.697943,97.741927,-253.531683,6.574403,6.619853,-2.726814,-98.779074,3.360133,3.120914,-0.575828,0.027598,0.039913,0.034002
0.698464,97.904648,-252.916563,6.611150,6.634345,-2.668230,-98.602116,3.238311,3.229786,-0.577597,0.027054,0.039994,0.032830
0.698985,97.865616,-252.756081,6.566189,6.744972,-2.452383,-98.682999,3.132440,3.613282,-0.577153,0.024846,0.040191,0.031736
0.699507,97.865616,-252.756081,6.566189,6.744972,-2.219893,-97.998641,3.051906,3.219036,-0.574070,0.022648,0.039665,0.031135
0.700028,98.009583,-252.794134,6.621726,6.795308,-2.302946,-98.727608,3.204661,3.700919,-0.577147,0.023322,0.040643,0.032454
0.700549,97.937197,-252.706818,6.594243,6.743035,-2.242732,-98.662690,3.082579,3.584396,-0.576609,0.022727,0.040201,0.031238
0.701070,97.865616,-252.756081,6.566189,6.744972,-2.309886,-98.433188,3.121192,3.453224,-0.575763,0.023462,0.040018,0.031702
0.701592,97.791423,-253.597472,6.566362,6.787882,-1.954283,-98.263599,3.001052,3.340514,-0.570828,0.019886,0.039665,0.030536
0.702113,97.418717,-254.220704,6.448801,6.787165,-1.124561,-98.276923,3.429275,3.301966,-0.563557,0.011442,0.039976,0.034892
0.702634,96.591646,-254.820218,6.740913,6.842343,-1.206981,-98.568054,3.662923,3.123374,-0.559248,0.012245,0.041391,0.037158
0.703155,94.928010,-254.915727,6.617787,6.687408,-1.163267,-97.860578,3.910484,3.299977,-0.549074,0.011886,0.041413,0.039956
0.703677,94.315996,-255.494213,6.677837,6.807845,-0.890139,-97.448444,3.068226,3.230211,-0.542179,0.009134,0.040102,0.031484
0.704198,94.773690,-257.838263,6.539259,6.772173,0.818835,-97.337330,3.322290,2.187057,-0.529604,-0.008412,0.039143,0.034130
0.704719,93.727301,-258.352844,6.543101,6.736591,2.044770,-97.340009,3.192035,2.253523,-0.517624,-0.021003,0.039060,0.032782
0.705240,92.910764,-259.814035,6.665147,6.747778,3.462098,-98.347213,3.770935,2.797298,-0.505890,-0.035188,0.041045,0.038309
0.705762,91.662137,-260.820694,6.493828,6.777636,4.201225,-97.417348,3.253252,2.294362,-0.491445,-0.043099,0.039060,0.033348
0.706283,90.130134,-262.332863,6.471895,6.725167,5.773119,-97.782855,3.506942,2.511037,-0.473719,-0.058972,0.039605,0.035772
0.706804,88.971875,-262.804811,6.540624,6.769249,6.350709,-97.088320,3.155435,2.709413,-0.462502,-0.065319,0.039249,0.032413
0.707325,86.706376,-263.887779,6.400070,6.804017,7.120810,-97.291410,3.223730,2.444126,-0.445661,-0.073060,0.038878,0.033009
0.707847,85.985416,-266.629926,6.370546,6.861342,8.303242,-98.552410,3.269497,2.555308,-0.432937,-0.084054,0.038827,0.033013
0.708368,84.130663,-266.979407,6.385099,6.694811,10.134371,-97.602747,3.266295,2.544622,-0.411885,-0.103462,0.038794,0.033216
0.708889,82.318903,-268.398782,6.520778,6.734498,11.294801,-97.943511,3.715739,2.497439,-0.394796,-0.114812,0.040389,0.037552
0.709410,80.433733,-270.020276,6.359663,6.758250,13.679516,-98.188570,3.920831,2.608329,-0.370541,-0.138428,0.040369,0.039339
0.709931,78.571841,-271.479086,6.367909,6.851384,14.436975,-98.280783,3.480192,2.443519,-0.354641,-0.145852,0.039303,0.034847
0.710453,75.132041,-272.933561,6.363837,6.855566,15.413960,-98.103305,3.302877,2.373602,-0.329152,-0.155846,0.038857,0.033065
0.710974,74.063151,-275.294899,6.317159,7.069057,18.427558,-99.061545,3.302877,2.373602,-0.305791,-0.183919,0.038737,0.032513
0.711495,71.740647,-276.389053,6.147460,6.902261,20.850369,-99.498009,3.586014,2.731939,-0.280128,-0.206567,0.038795,0.034962
0.712016,69.318754,-277.782092,6.106190,6.815887,22.308571,-99.482320,3.200967,2.700043,-0.257791,-0.220597,0.037548,0.031179
0.712538,66.642225,-279.247469,6.270447,6.786789,23.801311,-99.842518,3.400474,3.020983,-0.234405,-0.234021,0.038761,0.032942
0.713059,64.240382,-279.410501,6.152820,6.916827,26.387839,-99.771164,3.214946,2.902850,-0.207676,-0.258563,0.037949,0.030963
0.713580,61.515297,-280.459628,6.133651,6.996924,28.463251,-99.867272,3.230424,2.917459,-0.181017,-0.277649,0.037879,0.030892
0.714101,58.478633,-281.078665,6.282938,6.811940,30.787325,-100.159508,3.797224,2.935155,-0.151880,-0.298216,0.040120,0.035603
0.714623,55.775961,-281.902076,6.147400,7.031172,33.081114,-99.920423,3.622542,2.561243,-0.124069,-0.319716,0.038938,0.033556
0.715144,52.916599,-282.318166,6.103130,6.840228,35.260143,-100.004043,3.771754,2.768657,-0.096545,-0.338978,0.039180,0.034651
0.715665,49.675887,-282.636358,6.168497,6.900989,37.564133,-99.982044,3.464595,2.654780,-0.066213,-0.359392,0.038657,0.031599
0.716186,47.434252,-282.956492,6.054143,6.957924,40.278542,-99.525987,3.306425,2.574501,-0.038991,-0.384555,0.037582,0.029930
0.716708,43.972794,-282.482778,6.135907,6.948107,41.937423,-99.897717,3.239197,2.740408,-0.011147,-0.397461,0.037999,0.029254
0.717229,41.307393,-282.229635,6.114349,6.809117,44.959207,-99.581306,3.823594,2.785389,0.019991,-0.424086,0.039475,0.033576
0.717750,38.032129,-281.864053,6.058351,6.838420,47.056402,-99.359419,3.458731,2.621634,0.049407,-0.442304,0.038183,0.030209
0.718271,35.624543,-281.566814,6.168315,6.731903,49.477226,-99.131736,3.559649,2.680029,0.075787,-0.462932,0.038929,0.030710
0.718793,32.941446,-281.176619,6.219843,6.634344,51.739305,-99.224188,3.688567,2.719131,0.102947,-0.480651,0.039529,0.031312
0.719314,29.649122,-279.998669,6.197681,6.585542,54.214779,-98.938724,3.909404,2.608387,0.134853,-0.501278,0.040080,0.032356
0.719835,27.250104,-278.809849,6.231986,6.771446,56.105525,-98.474404,4.030804,2.247994,0.158665,-0.517878,0.040601,0.032424
0.720356,24.690816,-278.257381,6.221208,6.753423,58.362094,-98.681181,3.703492,2.486669,0.185352,-0.534087,0.039619,0.029917
0.720878,21.736336,-276.960921,6.157385,6.824484,59.960229,-97.864112,3.298202,2.456292,0.210271,-0.549697,0.038208,0.026934
0.721399,19.389891,-276.310682,6.265167,6.673767,61.249654,-97.981865,3.624942,2.668329,0.230559,-0.558680,0.039501,0.029282
0.721920,17.367333,-274.677813,6.297399,6.761153,63.879676,-97.732706,3.298694,2.553384,0.257048,-0.578913,0.038899,0.026503
0.722441,14.991906,-273.717034,6.344205,6.686759,65.198278,-97.737438,3.654852,2.634630,0.277913,-0.588286,0.039954,0.028715
0.722963,12.983469,-271.565763,6.250850,6.602852,67.064974,-96.548910,3.659940,2.758383,0.299700,-0.607107,0.039501,0.028862
0.723484,11.054033,-270.532652,6.258627,6.670682,67.960469,-96.003745,3.971809,2.550200,0.315188,-0.616004,0.040240,0.030274
0.724005,9.322023,-268.827533,6.359590,6.444026,69.522015,-95.842374,3.435379,2.670576,0.334898,-0.627556,0.039317,0.026963
0.724526,7.845787,-268.809040,6.493610,6.489282,70.835903,-96.833314,3.680860,2.524004,0.351098,-0.631571,0.040441,0.027702
0.725047,6.251891,-266.581367,6.352233,6.605132,72.075815,-95.791420,3.980707,2.767038,0.367865,-0.645051,0.040724,0.029944
0.725569,4.409052,-266.435631,6.292878,6.713943,73.065987,-96.119372,3.615033,2.542504,0.383188,-0.649971,0.039461,0.027029
0.726090,2.612950,-264.438109,6.303453,6.609806,74.646753,-94.900778,3.739558,2.561946,0.401773,-0.666502,0.039592,0.027653
0.726611,1.668099,-263.207077,6.573212,6.470059,75.851672,-95.079851,4.041678,2.643358,0.415541,-0.673379,0.041371,0.029299
0.727132,-0.424848,-262.581750,6.367102,6.594828,75.762826,-94.916517,3.806536,2.722379,0.426510,-0.673645,0.040021,0.028207
0.727654,-0.435511,-262.538188,6.603783,6.464271,77.079648,-95.720675,3.541070,2.797840,0.434987,-0.677938,0.040313,0.026599
0.728175,-1.409620,-261.620866,6.173355,6.678143,78.463319,-95.424485,3.668621,2.664828,0.448002,-0.688165,0.038954,0.026717
0.728696,-2.315844,-260.697378,6.400599,6.544829,78.907786,-95.434755,3.765012,2.660263,0.456810,-0.690885,0.039952,0.027138
0.729217,-3.117877,-260.296792,6.467244,6.630681,79.126213,-95.696102,3.666052,2.806615,0.463374,-0.690899,0.040151,0.026929
0.729739,-3.521152,-259.774721,6.275060,6.778445,79.655831,-95.536446,3.252322,3.058817,0.468787,-0.694998,0.038809,0.025520
0.730260,-4.028878,-259.405503,6.386160,6.788193,79.969291,-95.536154,3.575075,3.090983,0.473671,-0.696932,0.039904,0.027162
0.730781,-4.386609,-258.696085,6.431721,6.597568,80.685722,-95.132723,3.685022,2.636987,0.479613,-0.703412,0.039857,0.026354
0.731302,-4.375198,-258.646382,6.493110,6.680665,80.676236,-95.086979,3.580966,2.645331,0.479522,-0.703592,0.039961,0.025843
0.731824,-4.760484,-258.380388,6.570325,6.793708,80.892853,-95.129847,3.642647,2.892304,0.483192,-0.704692,0.040600,0.026814
0.732345,-4.831826,-257.921872,6.756559,6.659337,81.091080,-94.952834,3.791888,2.960786,0.485197,-0.706820,0.041525,0.027756
0.732866,-5.184532,-257.905342,6.641899,6.663048,80.599424,-95.095457,3.572332,3.175282,0.484933,-0.703078,0.040793,0.027371
0.733387,-5.081008,-257.976554,6.631686,6.806211,80.967112,-94.818708,3.791973,2.896118,0.485320,-0.706763,0.041132,0.027612
0.733909,-5.243003,-258.053385,6.633682,6.770374,80.827901,-94.755713,3.633732,2.973127,0.485076,-0.706241,0.040778,0.027069
0.734430,-4.772749,-258.527019,6.572336,6.840331,80.705349,-94.762667,3.556169,2.900266,0.481059,-0.705456,0.040403,0.026483
0.734951,-4.527592,-259.388572,6.406559,6.936362,80.327889,-94.835940,3.497780,2.836976,0.476108,-0.702761,0.039648,0.026055
0.735472,-4.073949,-259.859804,6.457899,6.815598,80.071724,-94.766215,3.644374,2.803794,0.471365,-0.701549,0.039967,0.026762
0.735994,-3.754266,-260.417113,6.493848,6.734389,79.152996,-95.045893,3.446581,2.802415,0.464719,-0.694416,0.039679,0.025859
0.736515,-2.881079,-261.444132,6.535230,6.848780,78.828355,-95.220473,3.653178,2.671481,0.456875,-0.691494,0.040280,0.026611
0.737036,-1.838940,-261.844866,6.455378,6.717611,78.242397,-95.615521,3.758978,3.049263,0.448943,-0.685802,0.040391,0.028262
0.737557,-1.335361,-263.295646,6.359874,6.847283,77.848808,-95.531809,3.605790,2.924208,0.440996,-0.683760,0.039543,0.027188
0.738079,-0.007279,-264.111955,6.470725,6.692893,76.732561,-95.312641,3.677417,2.617728,0.426691,-0.677820,0.039906,0.026982
0.738600,0.583904,-264.776207,6.447025,7.048538,76.021793,-95.546591,3.598283,2.604448,0.419333,-0.672084,0.039967,0.026612
0.739121,2.141157,-266.194729,6.416752,6.940717,74.791099,-96.198021,3.646973,2.824687,0.403869,-0.660852,0.040019,0.027582
0.739642,3.747915,-266.398487,6.327132,6.873488,74.135838,-95.293468,4.015792,2.757808,0.390272,-0.661165,0.040436,0.029764
0.740164,4.573789,-267.434485,6.453691,6.825105,72.510448,-95.679382,3.681290,2.932744,0.376659,-0.648505,0.040225,0.028548
0.740685,6.344795,-268.455616,6.509961,6.724121,71.138483,-95.649290,3.431400,2.799282,0.358727,-0.639485,0.039824,0.027017
0.741206,8.122803,-269.659221,6.413168,6.682837,70.239321,-96.040598,3.667545,2.751939,0.343585,-0.631458,0.039967,0.028380
0.741727,10.020001,-271.104247,6.536047,6.673080,68.323838,-96.095797,3.660597,2.682638,0.321584,-0.618069,0.040452,0.028531
0.742248,11.847162,-272.544356,6.048706,6.742486,66.719180,-96.445455,3.685041,2.693506,0.302063,-0.605189,0.038486,0.028957
0.742770,13.857590,-273.768506,6.190771,6.771473,65.536209,-96.294681,3.222688,2.707583,0.283355,-0.597573,0.037893,0.026348
0.743291,15.743948,-274.693356,6.363874,6.669610,63.674024,-96.500419,3.203800,2.600770,0.262760,-0.583256,0.038624,0.026239
0.743812,17.876603,-276.824097,6.294572,6.668350,62.483696,-97.771724,3.701054,2.603643,0.244158,-0.568658,0.039527,0.029468
0.744333,20.361994,-278.275019,6.116070,6.649827,60.771024,-98.675256,3.731928,2.878017,0.221310,-0.552006,0.038941,0.030356
0.744855,22.855179,-278.675770,6.300005,6.603768,58.650902,-98.912380,3.780626,2.939733,0.196556,-0.535226,0.040061,0.031140
0.745376,25.333627,-280.185941,6.372627,6.697895,56.389810,-99.191456,3.764485,2.992658,0.169932,-0.516932,0.040294,0.031475
0.745897,27.578379,-280.427806,6.241698,6.713415,54.127862,-99.323657,3.795360,2.989060,0.145561,-0.498969,0.039915,0.032061
0.746418,30.029210,-281.234331,6.136749,6.649910,51.837181,-99.491044,3.422596,2.944953,0.119422,-0.480325,0.038407,0.029651
0.746940,32.956824,-281.676668,6.429528,6.849762,49.837374,-99.518819,3.422596,2.944953,0.092406,-0.464274,0.039823,0.029940
0.747461,35.692140,-282.143826,6.229377,6.916416,47.488660,-99.485078,3.203336,2.983478,0.064493,-0.445360,0.038282,0.028699
0.747982,37.806680,-282.472081,6.179292,6.749090,46.326545,-99.795212,3.671386,2.824520,0.046605,-0.434613,0.039305,0.032139
0.748503,41.269552,-282.524276,6.212636,6.738537,43.617329,-99.657850,3.250224,2.756614,0.012838,-0.412554,0.038339,0.029196
0.749025,43.731071,-282.711267,6.138659,6.933599,41.037858,-99.601197,3.577521,2.675987,-0.014707,-0.390827,0.038798,0.032131
0.749546,46.543510,-282.444547,6.184657,6.950626,39.125066,-99.429940,3.562375,2.576330,-0.040513,-0.374885,0.038969,0.032256
0.750067,49.599438,-282.514233,6.101679,6.808593,36.972018,-99.483582,3.608461,2.631743,-0.068882,-0.355821,0.038644,0.033020
0.750588,52.054354,-281.624941,6.141709,6.832765,34.901490,-99.187127,3.520319,2.639675,-0.093745,-0.338344,0.038644,0.032662
0.751110,54.445395,-281.327842,6.301503,6.687614,32.264479,-99.377014,3.217199,2.708878,-0.121308,-0.313931,0.038611,0.030361
0.751631,57.531069,-280.427977,6.188027,6.719851,29.915929,-100.201917,3.190044,3.257498,-0.152042,-0.290132,0.038249,0.030559
0.752152,60.461008,-279.700471,6.255435,6.725765,28.211747,-99.870536,3.299942,2.932233,-0.177446,-0.275310,0.038757,0.031550
0.752673,62.761450,-278.573757,6.484109,6.659515,25.608662,-99.747260,3.711182,2.816944,-0.204845,-0.251308,0.040851,0.035562
0.753195,65.418290,-277.950381,6.126877,6.853237,23.399020,-99.912627,3.671089,2.887089,-0.231772,-0.230049,0.039132,0.035418
0.753716,67.719674,-276.521949,6.227766,6.448349,21.500659,-99.971519,3.612920,2.897949,-0.256043,-0.211841,0.039406,0.035052
0.754237,70.133544,-275.788815,6.157857,6.972267,20.308764,-99.510095,3.200967,2.700043,-0.275462,-0.201323,0.038110,0.031335
0.754758,72.468512,-274.378299,6.438721,6.659863,18.091341,-99.922822,3.254369,2.916701,-0.302153,-0.179113,0.039508,0.031948
0.755280,74.338452,-273.489068,6.331229,6.800780,16.096479,-99.898590,3.241364,2.956682,-0.323712,-0.159755,0.039017,0.031965
0.755801,75.403790,-271.093887,6.395376,6.727153,13.595963,-98.844321,3.517280,3.085567,-0.344517,-0.136692,0.039947,0.035177
0.756322,78.417415,-269.467922,6.225286,6.596207,13.285370,-98.912864,3.662237,2.950557,-0.364791,-0.133515,0.039564,0.036581
0.756843,80.347002,-268.016448,6.361850,6.527545,12.145378,-98.572092,3.222592,2.989612,-0.382661,-0.122595,0.039080,0.032414
0.757364,81.848075,-266.814413,6.172589,6.898467,10.714661,-98.885115,3.551658,3.170474,-0.400677,-0.107934,0.039452,0.035666
0.757886,83.386834,-265.767667,6.542761,6.467871,9.199772,-97.620966,3.609537,2.534124,-0.415515,-0.093962,0.040206,0.036730
0.758407,84.999123,-264.337138,6.513682,6.504412,7.591771,-98.084612,3.688069,2.928182,-0.435752,-0.077246,0.040481,0.037447
0.758928,86.158727,-263.298615,6.443402,6.721675,6.675545,-97.608401,3.194979,2.755051,-0.447284,-0.068285,0.039210,0.032637
0.759449,87.854626,-261.977255,6.347412,6.672513,5.848973,-97.475001,3.574447,2.581288,-0.462453,-0.059933,0.039492,0.036573
0.759971,88.470523,-260.804368,6.374166,6.817586,3.948041,-97.505668,3.615374,2.793240,-0.477624,-0.040468,0.039899,0.037036
0.760492,89.793705,-261.480956,6.420069,6.400808,3.615874,-98.026231,3.414544,2.400795,-0.485192,-0.036870,0.038852,0.034797
0.761013,90.367092,-260.006141,6.391604,6.682464,2.914378,-98.497584,3.571139,2.774190,-0.496274,-0.029580,0.039758,0.036234
0.761534,91.649612,-259.117734,6.477558,6.462525,1.977914,-98.859169,3.165682,2.956745,-0.510141,-0.020005,0.039127,0.032015
0.762056,91.974451,-258.173125,6.422996,6.675058,1.838452,-98.624607,3.214696,3.026146,-0.514244,-0.018639,0.039390,0.032589
0.762577,92.882831,-257.422123,6.590659,6.551296,1.289033,-98.534064,3.749533,2.798656,-0.522936,-0.013081,0.040736,0.038048
0.763098,93.437579,-257.252390,6.487533,6.544242,0.978276,-98.502285,3.647882,2.828006,-0.527393,-0.009931,0.040088,0.037031
0.763619,93.796976,-256.566208,6.477795,6.807229,0.315030,-98.631763,3.786621,3.325698,-0.534445,-0.003194,0.040988,0.038391
0.764141,94.185794,-256.125449,6.465823,6.617355,-0.299359,-98.427938,3.614259,3.336785,-0.539797,0.003041,0.040299,0.036720
0.764662,94.342333,-256.150595,6.503424,6.519261,-0.429043,-98.773073,3.569976,3.605972,-0.542029,0.004344,0.040429,0.036143
0.765183,94.797302,-255.903010,6.688090,6.671018,-0.030731,-97.888864,3.540308,3.068344,-0.540510,0.000314,0.040744,0.036167
0.765704,94.934379,-255.849972,6.703503,6.765290,-0.603406,-98.115933,3.732604,3.137392,-0.544592,0.006150,0.041296,0.038042
0.766226,94.842533,-255.892583,6.766296,6.758883,-0.686123,-97.941882,3.761196,3.124507,-0.543942,0.007005,0.041516,0.038401
0.766747,94.891257,-255.859340,6.622890,6.677078,-0.658327,-98.089746,3.779787,3.044131,-0.544547,0.006711,0.040931,0.038533
0.767268,94.858999,-256.039870,6.375066,6.903677,-0.658327,-98.089746,3.779787,3.044131,-0.543891,0.006711,0.040347,0.038533
0.767789,94.330559,-256.868984,6.524146,6.618384,-0.342348,-98.159060,3.694499,3.025808,-0.537853,0.003488,0.040261,0.037638
0.768311,94.144125,-256.834976,6.494711,6.795847,0.546804,-98.153091,3.750564,3.258068,-0.532917,-0.005571,0.040761,0.038211
0.768832,93.450530,-257.611120,6.455899,6.538721,1.151703,-97.573940,3.660816,2.429758,-0.523136,-0.011803,0.039583,0.037514
0.769353,93.079439,-258.692914,6.635754,6.495153,0.989568,-98.357929,3.684445,2.913673,-0.521353,-0.010061,0.040432,0.037457
0.769874,92.268443,-259.473431,6.397515,6.472322,1.969775,-97.853276,3.475112,2.910991,-0.509505,-0.020127,0.039091,0.035504
0.770396,91.689433,-260.468930,6.435761,6.806763,2.834575,-98.097892,3.710223,2.932417,-0.500717,-0.028887,0.040113,0.037800
0.770917,90.574541,-261.476001,6.470390,6.625926,3.723158,-97.615246,3.661790,2.406064,-0.487383,-0.038123,0.039642,0.037470
0.771438,89.653361,-262.647474,6.691270,6.811680,5.001318,-98.659997,3.692507,3.296739,-0.476532,-0.050649,0.041327,0.037369
0.771959,88.539532,-262.582312,6.452390,6.478330,5.356177,-97.018671,3.484318,2.532104,-0.465586,-0.055152,0.039175,0.035834
0.772481,87.273617,-263.523382,6.610418,6.735032,5.806684,-97.858823,3.298643,3.135918,-0.457033,-0.059268,0.040062,0.033643
0.773002,85.786411,-265.070494,6.526976,6.622715,7.817262,-96.930575,3.572717,2.384343,-0.434201,-0.080474,0.039772,0.036673
0.773523,84.322110,-266.239900,6.495805,6.583864,9.089800,-98.558003,3.628906,3.143639,-0.421740,-0.091968,0.040355,0.036626
0.774044,82.994267,-267.669934,6.407516,7.018382,11.301693,-97.401780,3.518924,2.406040,-0.398526,-0.115515,0.039658,0.035760
0.774565,81.391329,-269.097065,6.531726,6.698797,11.204903,-97.633597,3.714140,2.600107,-0.388530,-0.114265,0.040306,0.037668
0.775087,79.593481,-270.286831,6.536516,6.530426,12.823335,-97.260556,3.223734,2.147139,-0.368289,-0.131089,0.039016,0.032704
0.775608,77.722731,-271.722152,6.365649,6.711421,14.942912,-98.606410,3.637063,2.673549,-0.347896,-0.150397,0.039746,0.036280
0.776129,76.077660,-272.894015,6.376745,6.830327,16.802333,-99.236721,3.890148,2.898370,-0.328935,-0.167725,0.040680,0.038410
0.776650,73.488622,-275.470065,6.204421,6.731023,18.528442,-100.132011,3.664552,2.829908,-0.303753,-0.182971,0.039262,0.035745
0.777172,71.546949,-276.546665,6.197097,6.919891,20.056095,-99.113402,3.256185,2.417260,-0.282440,-0.199659,0.038032,0.031915
0.777693,69.403090,-277.841915,6.154168,6.975276,22.107652,-99.556031,4.150384,2.732671,-0.259306,-0.218517,0.040267,0.040152
0.778214,66.808582,-278.542349,6.465845,6.627108,23.787939,-99.864028,3.554612,2.771032,-0.236274,-0.233845,0.040090,0.034259
0.778735,64.730724,-279.418764,6.296323,6.834884,25.753833,-100.555838,3.851886,3.182119,-0.214561,-0.250725,0.040360,0.036744
0.779257,62.079750,-280.475918,6.261556,6.761430,27.874522,-99.938605,3.967483,2.628619,-0.187244,-0.272004,0.040312,0.037457
0.779778,59.779449,-281.565070,6.121762,7.025758,29.907091,-99.876833,4.051382,2.658484,-0.162958,-0.290943,0.039894,0.037938
0.780299,57.194091,-281.779384,6.118813,6.732192,31.279971,-99.731292,3.730525,2.761058,-0.141398,-0.303925,0.038984,0.034961
0.780820,54.021908,-282.393587,6.271649,6.700977,34.179405,-100.138440,4.171855,2.540714,-0.108445,-0.328923,0.041064,0.038111
0.781342,51.414246,-282.677474,6.149973,6.982829,35.742340,-100.158936,3.988660,2.687738,-0.085655,-0.342770,0.040020,0.036332
0.781863,49.127368,-282.860749,6.203738,6.768402,38.185682,-99.505975,4.145326,2.332619,-0.059604,-0.366422,0.040615,0.037149
0.782384,46.043148,-282.859727,6.317217,6.892410,40.183023,-99.734112,4.051235,2.658482,-0.031990,-0.383005,0.040959,0.036148
0.782905,43.321239,-282.947515,6.176993,6.779789,42.512933,-99.533503,4.035198,2.715117,-0.004407,-0.403666,0.040227,0.035674
0.783427,40.868186,-282.808037,6.263824,6.931989,44.579147,-99.617196,3.694024,2.638095,0.020255,-0.420777,0.039688,0.032435
0.783948,37.762174,-282.183079,6.105645,6.628650,46.355727,-99.316653,3.978534,2.817756,0.046959,-0.436693,0.039807,0.034644
0.784469,35.206171,-281.575954,6.268939,6.700214,48.725515,-99.402742,3.794204,2.916216,0.074076,-0.455763,0.040113,0.032887
0.784990,32.473676,-281.306606,6.192943,6.967205,51.320908,-99.421895,3.661472,2.952140,0.103253,-0.476518,0.039366,0.031497
0.785512,30.297473,-280.378813,6.073394,6.720369,53.293090,-99.045775,3.751090,2.743709,0.126141,-0.493634,0.039064,0.031562
0.786033,27.456284,-279.797758,6.266725,6.680547,55.454955,-99.301037,4.143648,2.812554,0.153894,-0.509310,0.041097,0.034017
0.786554,24.875013,-278.435596,6.211323,6.622872,56.914558,-98.756300,3.723648,2.637463,0.176461,-0.522821,0.039660,0.030572
0.787075,22.794845,-277.710293,6.254368,6.732083,58.826697,-98.139972,3.667038,2.684072,0.198026,-0.539990,0.039585,0.030018
0.787597,20.618710,-276.605375,6.160113,6.730356,61.130383,-98.023222,3.881758,2.557150,0.223076,-0.557615,0.039740,0.030824
0.788118,18.222106,-275.729540,6.256173,6.469772,62.820986,-97.767630,3.860320,2.580411,0.245552,-0.571123,0.039948,0.030415
0.788639,16.059630,-274.474346,6.126802,6.666670,63.894315,-97.493594,3.374115,2.569248,0.263975,-0.580141,0.038208,0.027057
0.789160,14.274340,-272.757628,6.246244,6.648276,65.162651,-96.728300,3.719941,3.018838,0.281418,-0.592833,0.039689,0.030148
0.789681,12.602485,-271.127078,6.337053,6.649853,66.626377,-96.394762,3.723678,2.702156,0.299858,-0.604784,0.040107,0.029245
0.790203,10.671625,-270.073918,6.347824,6.584722,68.405603,-96.086690,3.776533,2.719961,0.320396,-0.618678,0.040153,0.029312
0.790724,8.972468,-269.105582,6.346992,6.573039,70.259296,-96.174173,3.729703,2.684967,0.340589,-0.630931,0.039968,0.028569
0.791245,7.860659,-268.068393,6.393382,6.519432,71.166948,-96.379071,3.483171,2.869029,0.353259,-0.636040,0.039685,0.027374
0.791766,6.326282,-266.644384,6.381903,6.619394,71.856795,-96.056951,3.877083,2.991087,0.366765,-0.642261,0.040721,0.029881
0.792288,4.795082,-266.115498,6.304018,6.659801,72.834741,-95.609800,3.708778,2.829299,0.379684,-0.651005,0.039783,0.028390
0.792809,3.836050,-266.155741,6.260943,6.540822,73.645068,-96.462034,3.389742,3.128423,0.390280,-0.652061,0.038905,0.027158
0.793330,2.494894,-265.171255,6.367192,6.628157,74.545629,-96.413430,3.754136,2.923750,0.403519,-0.658177,0.040159,0.028447
0.793851,1.715274,-264.289049,6.388551,6.677954,76.003563,-96.413698,4.071606,3.065884,0.416617,-0.667570,0.041067,0.030288
0.794373,0.760807,-263.747227,6.321960,6.753183,76.461451,-95.651756,3.729265,2.892420,0.423139,-0.674359,0.039820,0.027989
0.794894,0.123070,-262.943838,6.359217,6.474117,77.165424,-95.845546,3.589482,2.916627,0.432013,-0.677844,0.039496,0.027153
0.795415,-0.502744,-262.226346,6.455788,6.679228,77.621493,-95.511522,3.890004,2.705338,0.438222,-0.682432,0.040620,0.028175
0.795936,-1.508568,-261.809654,6.353412,6.765098,78.482238,-95.743093,4.118201,2.891998,0.448884,-0.686648,0.040859,0.029684
0.796458,-1.801283,-261.630200,6.384706,6.844934,78.308822,-95.359303,3.877826,2.767068,0.448986,-0.687533,0.040386,0.028150
0.796979,-2.019194,-261.467217,6.405135,6.736136,78.463979,-95.569870,3.703195,2.937631,0.451688,-0.687422,0.040074,0.027623
0.797500,-2.206957,-261.265959,6.453265,6.837293,78.450168,-95.766772,3.657333,3.182450,0.453482,-0.686327,0.040420,0.028066
0.798021,-2.428347,-260.808834,6.413108,6.661552,78.457263,-95.911948,3.621928,3.299364,0.456037,-0.685629,0.040174,0.028215
0.798543,-2.428347,-260.808834,6.413108,6.661552,78.621719,-95.905988,3.592426,3.286577,0.456826,-0.686686,0.040088,0.028003
0.799064,-2.257202,-261.042661,6.464816,6.527583,78.808725,-95.568281,3.577133,3.030006,0.455535,-0.689581,0.039898,0.027177
0.799585,-2.257202,-261.042661,6.464816,6.527583,78.984060,-95.603555,3.496129,3.065795,0.456474,-0.690491,0.039732,0.026839
0.800106,-2.289018,-261.398818,6.470436,6.884477,78.885494,-95.289971,3.621672,2.821681,0.454553,-0.691492,0.040133,0.026835
0.800628,-2.010385,-261.694960,6.411615,6.874787,78.625260,-95.187430,3.697346,2.663144,0.450990,-0.690398,0.039976,0.026867
0.801149,-1.675977,-261.857490,6.450079,6.726779,78.332005,-94.967197,3.673181,2.617636,0.447036,-0.689700,0.039901,0.026700
0.801670,-0.842991,-262.727614,6.460917,7.008735,77.867544,-94.899994,3.360102,2.661006,0.438538,-0.687130,0.039497,0.025235
0.802191,-0.159978,-263.549706,6.389265,6.724138,76.823907,-95.177185,3.547494,2.701165,0.428845,-0.679096,0.039416,0.026490
0.802713,0.467182,-264.036860,6.337286,6.627843,76.695977,-95.283798,3.725290,2.608084,0.424282,-0.677735,0.039493,0.027233
0.803234,1.813364,-265.110360,6.283976,6.900408,76.098818,-95.330372,3.631294,2.707187,0.412444,-0.673682,0.039299,0.027074
0.803755,2.379243,-265.894369,6.472885,6.667258,75.394975,-95.629670,3.634117,2.692222,0.405116,-0.667631,0.039877,0.027140
0.804276,3.330887,-266.775397,6.552697,6.919459,74.582083,-95.996332,3.660736,2.662971,0.395256,-0.660512,0.040489,0.027315
0.804798,4.406826,-267.866401,6.472885,6.667258,73.772262,-95.568777,3.531616,2.432558,0.382738,-0.657388,0.039495,0.026225
0.805319,5.963302,-268.067112,6.394829,6.557308,72.747836,-95.273983,3.801272,2.855465,0.368814,-0.652126,0.039960,0.029055
0.805840,7.118167,-268.832745,6.562789,6.736471,71.390933,-94.957441,3.180054,2.505070,0.354071,-0.644665,0.039272,0.024866
0.806361,8.592266,-270.666237,6.362829,6.823502,69.889051,-96.613081,3.454439,2.739543,0.338609,-0.626253,0.039303,0.027061
0.806882,10.294232,-271.341290,6.320413,6.829969,68.780678,-95.802468,3.699231,2.605681,0.321615,-0.622667,0.039573,0.028553
0.807404,11.914442,-271.838162,6.392220,6.651751,67.734187,-96.046622,3.270105,2.792908,0.307464,-0.614222,0.038946,0.026544
0.807925,13.675755,-273.336238,6.524464,6.745453,66.581887,-96.175539,3.624942,2.579430,0.290203,-0.605536,0.040263,0.028403
0.808446,15.612210,-275.535904,6.417973,6.546665,64.636611,-97.541406,3.492174,2.469056,0.268763,-0.585222,0.039460,0.027473
0.808967,17.521106,-276.558191,6.455432,6.728160,63.188539,-97.841997,3.481512,2.570589,0.250177,-0.573433,0.039718,0.027819
0.809489,19.625230,-277.547703,6.463107,6.574918,61.770231,-97.871868,3.407817,2.672795,0.230396,-0.562998,0.039532,0.027784
0.810010,21.591743,-278.574259,6.195904,6.797731,59.255089,-98.430660,3.449542,2.917860,0.206105,-0.541888,0.038603,0.028866
0.810531,23.755128,-279.459054,6.377329,6.600747,57.711496,-98.491319,3.170073,2.758204,0.185481,-0.530028,0.038685,0.026894
0.811052,26.053886,-280.174896,6.388285,6.702943,55.849242,-98.801805,3.195916,2.770869,0.162822,-0.514488,0.038878,0.027300
0.811574,28.691449,-280.991951,6.567411,6.631288,53.328788,-99.529328,3.573977,2.992662,0.134946,-0.491883,0.040809,0.030578
0.812095,31.326182,-281.760733,6.323475,6.989612,52.239123,-99.191962,3.458571,2.829391,0.114051,-0.484737,0.039246,0.029722
0.812616,33.662783,-282.186938,6.228000,7.033589,50.237330,-99.018216,3.211952,2.732644,0.090242,-0.469514,0.038126,0.028098
0.813137,36.560864,-282.828744,6.256051,6.999223,47.932225,-99.219562,3.311026,2.889867,0.061853,-0.450030,0.038487,0.029363
0.813659,39.141563,-282.866236,6.249656,6.917161,46.851763,-99.731609,3.939891,3.034373,0.042076,-0.439179,0.040307,0.034416
0.814180,41.657685,-282.936082,6.187334,6.975735,44.947449,-99.262772,3.635777,2.720346,0.017909,-0.425191,0.039066,0.032093
0.814701,44.153227,-282.737844,6.137605,6.900291,42.715318,-99.439216,3.592889,2.634799,-0.007844,-0.405728,0.038798,0.031981
0.815222,46.975837,-282.737073,6.349137,6.683952,40.152171,-99.396046,3.153781,2.621816,-0.037201,-0.383917,0.038641,0.028775
0.815744,49.505503,-282.304263,6.065567,6.993138,37.310570,-99.660535,3.696491,2.715660,-0.066670,-0.358224,0.038814,0.033739
0.816265,51.963898,-281.786754,6.084346,7.019758,35.380461,-99.981120,3.725368,2.881938,-0.090963,-0.340120,0.039100,0.034332
0.816786,54.706187,-281.348683,6.309865,6.866051,33.445078,-99.875445,3.492636,2.841070,-0.116627,-0.323131,0.039488,0.032590
0.817307,57.560214,-280.735779,6.079261,6.857893,31.697847,-99.143432,3.654180,2.290885,-0.141469,-0.309446,0.038685,0.034104
0.817829,59.720616,-280.159975,6.131417,6.861722,29.543485,-100.048356,3.615583,2.827956,-0.166005,-0.287132,0.039023,0.034115
0.818350,62.191529,-278.968267,5.956160,6.917574,27.613996,-99.739769,3.694522,2.578759,-0.190583,-0.270095,0.038473,0.035041
0.818871,64.823625,-278.338677,6.275285,6.763471,25.563252,-99.906636,3.741962,2.849960,-0.216579,-0.250497,0.039999,0.035814
0.819392,67.220162,-277.660287,6.004422,7.159618,23.688843,-100.051863,3.568789,2.753289,-0.240359,-0.232485,0.038419,0.034335
0.819914,69.334023,-276.463858,6.065251,6.889007,22.653074,-99.414796,3.287931,2.643811,-0.257794,-0.224039,0.037855,0.031964
0.820435,71.515966,-275.383574,6.101401,6.772195,19.614620,-100.075078,3.685853,2.910210,-0.287836,-0.193546,0.039097,0.035891
0.820956,73.400569,-274.163860,6.263546,6.855676,18.953921,-100.351432,3.839102,2.924021,-0.303568,-0.186676,0.040387,0.037319
0.821477,75.518967,-272.930484,6.000455,6.700318,17.167411,-100.331885,3.826361,3.014971,-0.326013,-0.169465,0.039192,0.037387
0.821998,77.272932,-271.676483,6.121736,6.666468,15.182980,-100.391388,3.733043,2.940347,-0.347762,-0.150100,0.039430,0.036610
0.822520,78.863446,-270.881328,6.386628,6.688942,14.529065,-100.137898,3.669217,3.002932,-0.360339,-0.144085,0.040345,0.036138
0.823041,80.893802,-269.405976,6.052749,6.718614,13.683881,-99.504581,3.761122,2.867724,-0.376692,-0.136663,0.039136,0.037300
0.823562,82.220432,-268.430163,6.142756,6.748450,11.190175,-100.403319,3.812293,3.067270,-0.399948,-0.110994,0.039785,0.037654
0.824083,84.005182,-267.409690,6.188207,6.790020,10.090499,-98.567995,3.602732,2.634691,-0.412641,-0.102016,0.038958,0.036273
0.824605,85.074309,-265.850816,6.187759,6.786652,8.999548,-99.772656,3.708396,3.002622,-0.429541,-0.089957,0.039690,0.036967
0.825126,85.930186,-264.829820,6.394154,6.539207,8.127890,-98.722353,3.522533,2.412616,-0.438038,-0.082146,0.039482,0.035497
0.825647,87.288072,-263.880600,6.397611,6.564693,7.231179,-98.953196,3.859259,2.678357,-0.451905,-0.072947,0.040366,0.038844
0.826168,88.152821,-263.262629,6.504152,6.552425,6.520054,-98.864555,4.265904,2.678818,-0.460888,-0.065854,0.041651,0.042999
0.826690,88.833551,-262.373097,6.341498,6.559098,5.861513,-98.358434,3.627919,2.391699,-0.468342,-0.059523,0.039394,0.036783
0.827211,90.051025,-261.289602,6.474615,6.549581,4.288220,-98.815674,3.217051,2.859697,-0.485683,-0.043369,0.039254,0.032519
0.827732,90.693504,-261.073488,6.617550,6.446353,3.318883,-99.145046,3.704647,2.965416,-0.494814,-0.033463,0.040634,0.037338
0.828253,91.485007,-260.138738,6.406707,6.751600,3.032452,-98.773988,3.624725,3.059222,-0.501424,-0.030691,0.040066,0.036675
0.828775,91.806846,-259.582373,6.534496,6.551984,3.316644,-98.154850,3.652129,2.621218,-0.501439,-0.033777,0.040137,0.037176
0.829296,92.467670,-259.450332,6.519745,6.782668,2.952006,-98.911031,3.351967,3.275614,-0.508654,-0.029836,0.040146,0.033873
0.829817,92.439734,-259.372301,6.517558,6.799900,2.672448,-99.062104,3.982917,2.941774,-0.510458,-0.026971,0.041278,0.040185
0.830338,92.897496,-258.766791,6.718756,6.680002,2.464598,-99.315580,3.814603,3.472852,-0.515915,-0.024811,0.041888,0.038395
0.830860,93.064357,-258.779626,6.705240,6.667629,1.600554,-98.657833,3.470530,3.291336,-0.518984,-0.016222,0.040792,0.035172
0.831381,93.064357,-258.779626,6.705240,6.667629,1.614951,-98.746097,3.491308,3.232738,-0.519154,-0.016353,0.040816,0.035351
0.831902,93.147788,-258.786044,6.740588,6.680998,1.481734,-98.802257,3.446319,3.177304,-0.520308,-0.014996,0.040829,0.034876
0.832423,93.170071,-258.830646,6.743455,6.653115,1.538342,-98.851293,3.407294,3.108901,-0.520158,-0.015561,0.040700,0.034464
0.832945,93.150670,-258.911259,6.723745,6.692764,2.190756,-98.943473,3.738298,3.247160,-0.517022,-0.022138,0.041472,0.037771
0.833466,92.956900,-259.360167,6.679997,6.776687,2.923821,-98.941695,3.413294,3.210612,-0.511431,-0.029542,0.040775,0.034481
0.833987,92.648884,-259.737175,6.655369,6.707554,3.813393,-97.983175,3.716956,2.620884,-0.502230,-0.038899,0.040789,0.037892
0.834508,92.263351,-260.567438,6.738022,6.570792,3.520319,-98.797023,3.645253,3.025816,-0.501748,-0.035617,0.040996,0.036866
0.835030,91.202290,-261.556987,6.663602,6.563561,4.064302,-98.710427,3.004497,3.321496,-0.491326,-0.041151,0.039633,0.030417
0.835551,90.741275,-261.851260,6.596438,6.795462,4.813872,-97.433810,3.069702,2.418239,-0.481577,-0.049366,0.039146,0.031453
0.836072,89.934917,-262.966197,6.454939,6.757462,5.701681,-98.077007,3.625685,2.587703,-0.472288,-0.058069,0.039799,0.036875
0.836593,88.935893,-263.966761,6.537750,6.856409,6.147767,-98.309689,3.281340,2.699239,-0.463452,-0.062453,0.039558,0.033292
0.837115,88.009711,-264.568264,6.428262,6.876829,7.353416,-97.968711,3.467149,2.515562,-0.450873,-0.074918,0.039478,0.035244
0.837636,86.602193,-265.883819,6.451045,6.839858,8.534294,-98.168356,3.121956,2.387653,-0.435651,-0.086717,0.038816,0.031633
0.838157,85.835859,-267.250213,6.305428,6.972530,9.586227,-98.554795,3.548057,2.440330,-0.424512,-0.096963,0.039223,0.035743
0.838678,84.346724,-266.957767,6.431356,6.861784,10.678873,-97.657822,3.719653,2.666956,-0.410421,-0.108917,0.040181,0.037754
0.839199,82.861101,-268.556245,6.421542,6.707004,11.628737,-98.334252,3.787415,2.917918,-0.396325,-0.117711,0.040289,0.038142
0.839721,81.345889,-269.661622,6.392411,6.868193,12.582639,-97.728243,3.343348,2.495390,-0.380456,-0.128047,0.039028,0.033808
0.840242,80.112598,-270.804911,6.361467,6.843796,14.102206,-97.855648,3.368929,2.453909,-0.364610,-0.143127,0.038935,0.033912
0.840763,78.107250,-273.195301,6.406190,6.806663,15.420178,-99.895676,3.754412,3.075301,-0.347083,-0.153154,0.040319,0.037001
0.841284,76.141386,-274.043795,6.359446,6.764516,17.149307,-98.922861,3.647987,2.538948,-0.324926,-0.171654,0.039616,0.036061
0.841806,74.028838,-275.592968,6.241819,6.875126,19.011440,-99.173104,3.577710,2.580104,-0.302297,-0.189402,0.039003,0.035128
0.842327,72.359058,-276.325358,6.256839,6.806193,19.848792,-99.650601,3.662916,2.575913,-0.288899,-0.196611,0.039348,0.035700
0.842848,70.279728,-277.639407,6.327643,7.134711,21.530238,-100.293329,3.720249,2.868741,-0.268258,-0.211463,0.040046,0.035942
0.843369,68.078292,-278.564882,6.186386,7.015228,23.192500,-100.124237,3.836179,2.962183,-0.246432,-0.227623,0.039672,0.036940
0.843891,65.617594,-279.488913,6.421717,7.128015,24.570016,-99.829153,3.588314,2.801565,-0.224619,-0.241324,0.040000,0.034512
0.844412,63.468177,-280.086520,6.016591,7.019884,27.156882,-100.018311,3.694571,2.903100,-0.198984,-0.265127,0.038554,0.035177
0.844933,60.853510,-280.861170,6.325273,6.902562,29.056619,-99.841776,3.587772,2.779189,-0.173881,-0.283204,0.039594,0.033960
0.845454,58.551783,-281.485425,6.326523,6.797277,31.112100,-100.168122,3.502485,3.031671,-0.150195,-0.301152,0.039459,0.033022
0.845976,55.654790,-282.238543,6.199891,6.840560,32.934023,-100.239118,3.596861,3.038029,-0.124197,-0.317444,0.039107,0.033611
0.846497,53.162017,-282.536924,6.317415,6.868969,35.177960,-100.248815,3.496283,2.902794,-0.098339,-0.337482,0.039431,0.032343
0.847018,50.832959,-282.982409,6.366662,6.801005,37.147291,-100.017498,3.514947,2.812459,-0.074660,-0.355618,0.039640,0.032218
0.847539,47.715984,-282.859708,6.164109,6.709751,39.061167,-99.884799,3.522372,2.860941,-0.047265,-0.372778,0.038760,0.032093
0.848061,45.558551,-283.068397,6.105494,6.814369,41.099594,-99.606638,3.675719,2.657838,-0.024300,-0.391337,0.038834,0.032907
0.848582,43.227080,-283.090413,6.149611,6.727789,43.203087,-99.721505,3.556163,2.737979,-0.000131,-0.408827,0.038740,0.031652
0.849103,39.858465,-282.725837,6.080221,6.849995,45.142222,-99.485089,3.698001,2.687818,0.028827,-0.425975,0.038822,0.032458
0.849624,37.411668,-282.538328,6.179694,6.806648,47.360437,-99.781163,3.775381,2.952899,0.054383,-0.443157,0.039569,0.032939
0.850146,34.868310,-281.905394,6.180039,6.582797,48.938629,-99.565910,3.603889,2.818116,0.077013,-0.456841,0.039119,0.031232
0.850667,32.734805,-281.148533,5.966874,6.765735,51.123672,-99.222234,3.462855,2.713964,0.100737,-0.475768,0.037751,0.029742
0.851188,30.032134,-280.427752,6.196790,6.757919,52.432457,-98.907809,3.110245,2.750587,0.122783,-0.487448,0.037940,0.027111
0.851709,27.647237,-279.957661,6.212105,6.472893,54.754082,-99.130333,3.714891,2.772687,0.148797,-0.504641,0.039562,0.031059
0.852231,25.389045,-278.906429,6.136923,6.777818,56.479810,-98.414937,4.043454,2.685899,0.170582,-0.521003,0.040118,0.033076
0.852752,23.433080,-278.143002,6.176043,6.581925,57.801554,-98.378114,3.371614,2.821597,0.188906,-0.531211,0.038470,0.028390
0.853273,20.830590,-277.417544,6.144634,6.802171,59.782927,-98.247387,3.396078,2.740101,0.214073,-0.546642,0.038369,0.028103
0.853794,18.927753,-276.003817,6.296646,6.604307,61.329409,-97.892873,3.487811,2.662873,0.233713,-0.559674,0.039292,0.028363
0.854315,16.865925,-275.136000,6.251312,6.960693,62.645440,-97.755413,3.708928,2.738732,0.252575,-0.569908,0.039751,0.029755
0.854837,15.060991,-274.057329,6.314083,6.604549,64.499917,-97.697201,3.618194,2.533317,0.273314,-0.583514,0.039652,0.028415
0.855358,13.130475,-273.007082,6.204227,6.614925,65.789279,-97.452067,3.268600,2.514429,0.291417,-0.593814,0.038290,0.025962
0.855879,11.804309,-272.255776,6.086323,6.615871,66.712267,-97.141134,3.698604,2.569766,0.303845,-0.601782,0.038796,0.028667
0.856400,10.266489,-271.261806,6.279870,6.512745,67.920575,-97.291517,3.229203,2.761200,0.320011,-0.609459,0.038536,0.025989
0.856922,8.737080,-270.441993,6.251282,6.643772,68.929890,-96.957176,3.593856,2.740051,0.333967,-0.618025,0.039253,0.028006
0.857443,7.104264,-269.697955,6.288610,6.493097,70.544242,-96.959690,3.734546,2.763264,0.351968,-0.628986,0.039582,0.028602
0.857964,6.364707,-268.392724,6.397395,6.498457,71.186497,-97.034669,3.865538,2.699162,0.361646,-0.632935,0.040507,0.029099
0.858485,4.643462,-267.646807,6.326187,6.731875,72.655733,-96.866630,3.750554,3.027349,0.378992,-0.643539,0.040028,0.028966
0.859007,4.250046,-266.784552,6.291155,6.521095,72.765801,-96.581982,3.689713,2.647774,0.382706,-0.645680,0.039560,0.027704
0.859528,3.101341,-266.249671,6.592812,6.596345,74.032486,-96.783251,4.021239,2.875812,0.396400,-0.652989,0.041621,0.029878
0.860049,2.319779,-265.511975,6.347329,6.732709,74.538827,-96.263243,3.654850,2.601785,0.403313,-0.658887,0.039715,0.027103
0.860570,1.837691,-265.251978,6.430824,6.626593,74.724382,-96.112158,3.721736,2.665151,0.406879,-0.660852,0.040102,0.027623
0.861092,0.499278,-264.308964,6.401390,6.815407,74.975340,-96.262136,3.532914,2.925879,0.417173,-0.661721,0.039872,0.027183
0.861613,0.417905,-263.957214,6.476935,6.680011,75.954508,-95.914021,3.950285,2.562079,0.422444,-0.669784,0.040793,0.028456
0.862134,-0.010370,-263.733532,6.493386,6.752220,75.895664,-96.191772,3.936482,2.864813,0.425394,-0.668000,0.041047,0.029084
0.862655,-0.052971,-263.643822,6.488294,6.807340,76.207329,-96.297971,4.028549,2.935783,0.427588,-0.669457,0.041322,0.029695
0.863177,-0.068403,-263.343952,6.487360,6.973338,76.561347,-95.914486,3.999226,2.733579,0.429225,-0.673658,0.041266,0.029012
0.863698,-0.293190,-263.630986,6.439019,6.829439,76.518394,-95.751263,3.665731,3.025348,0.429106,-0.674215,0.040190,0.027987
0.864219,-0.225934,-263.761372,6.436435,6.903609,76.755647,-96.031834,3.705293,3.046560,0.430282,-0.674297,0.040355,0.028172
0.864740,-0.225934,-263.761372,6.436435,6.903609,76.510062,-95.623831,3.681290,2.932744,0.428154,-0.674811,0.040200,0.027834
0.865262,-0.225934,-263.761372,6.436435,6.903609,76.464172,-95.597645,3.703195,2.937631,0.427869,-0.674652,0.040249,0.027978
0.865783,-0.096665,-263.864850,6.498380,6.826188,76.543233,-95.825240,3.660217,2.949377,0.427900,-0.673996,0.040362,0.027731
0.866304,0.154458,-264.125095,6.493634,6.671403,75.737900,-95.771674,3.536471,2.772392,0.421986,-0.669117,0.039915,0.026730
0.866825,0.179813,-264.652597,6.472278,6.776236,75.546112,-95.483413,3.717624,2.629983,0.419112,-0.669350,0.040130,0.027441
0.867347,0.850865,-265.523251,6.303913,6.880578,74.740770,-95.503456,3.666281,2.712193,0.409970,-0.664039,0.039427,0.027510
0.867868,1.929731,-265.994867,6.347807,6.734701,74.701894,-95.823891,3.813393,2.794129,0.404106,-0.662162,0.039917,0.028506
0.868389,2.377279,-266.763505,6.373725,6.822973,74.276312,-96.380128,3.976421,2.966180,0.399313,-0.656593,0.040563,0.029857
0.868910,3.072103,-267.721348,6.416817,6.652056,73.133914,-96.019503,3.562946,2.587118,0.387421,-0.650920,0.039424,0.026835
0.869432,4.192801,-268.215636,6.373330,6.647047,72.555021,-97.139450,3.724273,3.236994,0.380162,-0.641525,0.040077,0.029341
0.869953,5.316504,-269.215002,6.497289,6.807393,71.191556,-96.569061,3.430656,2.891114,0.364511,-0.635264,0.039795,0.027097
0.870474,6.672879,-270.429394,6.412270,6.832582,70.621970,-96.745922,3.780626,2.939733,0.352790,-0.630561,0.040215,0.029314
0.870995,8.337162,-271.131363,6.356432,6.801955,69.384247,-97.158721,3.508195,3.031288,0.337477,-0.620148,0.039491,0.028099
0.871516,9.193240,-272.272930,6.526899,6.672592,68.759583,-97.596458,3.818610,3.129735,0.328643,-0.613759,0.040867,0.030194
0.872038,10.800842,-273.132324,6.340628,6.634817,67.218606,-97.650637,3.484403,3.131597,0.311065,-0.602870,0.039303,0.028469
0.872559,12.534375,-274.255815,6.317662,6.628275,65.614817,-97.538835,3.661210,2.808843,0.291796,-0.592171,0.039527,0.029080
0.873080,13.950450,-275.311016,6.399600,6.630249,64.517205,-97.549164,3.627552,2.776912,0.277143,-0.584335,0.039736,0.028997
0.873601,15.797964,-276.255322,6.369195,6.558249,63.152669,-98.393478,3.509395,2.897190,0.260208,-0.570616,0.039473,0.028588
0.874123,17.503214,-277.366591,6.217590,6.498011,61.539339,-98.106871,3.287668,2.887876,0.240885,-0.560229,0.038126,0.027458
0.874644,19.310515,-277.998788,6.227821,6.875240,60.262643,-98.122521,3.618138,2.791454,0.223853,-0.550764,0.039102,0.029628
0.875165,21.627293,-278.958531,6.300059,6.618704,58.044672,-98.420442,3.246448,2.835709,0.199045,-0.532858,0.038506,0.027530
0.875686,23.616740,-279.926964,6.262334,6.652327,56.273008,-98.719890,3.413167,2.738900,0.178301,-0.518089,0.038745,0.028696
0.876208,25.768215,-280.421074,6.376917,6.669663,55.356638,-98.941746,3.585320,2.689540,0.161618,-0.510098,0.039769,0.029930
0.876729,28.229588,-281.050144,6.540793,6.852593,54.050198,-98.864097,3.307955,2.716896,0.140789,-0.500315,0.039838,0.028238
0.877250,30.589442,-281.775009,6.290218,6.706936,51.980264,-99.008381,3.260732,2.710837,0.116509,-0.483454,0.038514,0.028170
0.877771,32.945643,-282.499044,6.362210,6.613201,49.847765,-99.219039,3.286989,2.826692,0.091960,-0.465567,0.038908,0.028815
0.878293,35.435143,-282.810492,6.184978,6.891486,48.071328,-99.320006,3.297898,2.793294,0.068757,-0.450770,0.038121,0.029075
0.878814,37.601711,-282.761197,6.164551,6.741407,45.985515,-99.428123,3.261350,2.755276,0.045698,-0.433200,0.038004,0.029011
0.879335,40.361051,-282.760637,6.294605,6.943150,44.220827,-99.506810,3.337959,2.834611,0.021059,-0.418187,0.038872,0.029941
0.879856,43.026822,-282.677631,6.332337,6.881011,41.588472,-99.750514,3.697874,2.766201,-0.007863,-0.395011,0.040086,0.033082
0.880378,45.139321,-282.686288,6.329302,6.958065,39.483830,-100.186886,3.680265,3.031308,-0.030979,-0.375411,0.040100,0.033429
0.880899,48.005081,-282.551590,5.998499,6.816684,37.380268,-99.953345,3.725368,2.881938,-0.058121,-0.357874,0.038612,0.034039
0.881420,50.607671,-282.189567,6.255795,6.865021,35.389464,-99.897158,3.750670,2.824041,-0.083289,-0.340464,0.039879,0.034525
0.881941,52.997890,-281.665663,6.281922,6.735445,33.910863,-99.980977,3.301480,2.847294,-0.104672,-0.326997,0.038860,0.030855
0.882463,55.008124,-281.109574,6.356397,6.763703,32.159781,-99.753021,3.305383,2.795502,-0.125325,-0.311873,0.039208,0.031112
0.882984,57.490232,-280.529411,6.192697,6.650866,29.933209,-99.677612,3.227579,2.753694,-0.151210,-0.291732,0.038200,0.030661
0.883505,59.914176,-280.053809,6.228965,6.900312,28.671704,-99.922199,3.723678,2.702156,-0.171734,-0.279433,0.039720,0.035169
0.884026,62.137106,-279.157069,6.263468,6.718679,26.222567,-99.507152,3.166405,2.663069,-0.197313,-0.257666,0.038353,0.030477
0.884548,64.674568,-278.276355,6.136683,6.827514,24.377379,-100.142464,3.285161,2.843061,-0.222474,-0.238783,0.038232,0.031649
0.885069,66.390482,-277.111645,6.305783,6.685399,22.869554,-100.041813,3.680427,2.808347,-0.241007,-0.224738,0.040027,0.035490
0.885590,68.730759,-276.531382,6.397351,6.611934,21.052133,-100.240450,3.673750,2.935535,-0.264135,-0.207008,0.040342,0.035592
0.886111,70.452892,-275.280577,6.445045,6.750269,20.131026,-99.452668,3.946743,3.038359,-0.278748,-0.199720,0.041260,0.038583
0.886632,72.358444,-274.074055,6.378641,6.861733,17.600625,-99.162363,3.800260,2.549619,-0.303395,-0.175664,0.040460,0.037416
0.887154,74.185153,-272.999337,6.272159,6.550469,16.092825,-99.562975,4.010433,2.600241,-0.323204,-0.160249,0.040488,0.039470
0.887675,75.874645,-272.053175,6.250618,6.896694,15.539073,-99.712689,3.607964,2.832811,-0.336760,-0.154595,0.039670,0.035589
0.888196,77.425909,-270.960641,6.161554,6.495948,14.082974,-99.120557,4.101932,2.348692,-0.353162,-0.141135,0.040103,0.040698
0.888717,79.134484,-270.451508,6.329232,6.378878,12.908694,-99.822464,3.598801,2.975984,-0.370230,-0.128603,0.039609,0.035661
0.889239,80.431861,-268.787534,6.271762,6.659997,12.241984,-98.764441,3.599752,2.276901,-0.381422,-0.123322,0.039331,0.036006
0.889760,81.910056,-268.296542,6.437375,6.839311,11.352289,-98.620684,3.521226,2.396995,-0.394085,-0.114606,0.039857,0.035346
0.890281,82.638503,-267.091299,6.566016,6.696216,10.010931,-98.833878,3.417374,2.848622,-0.407486,-0.100946,0.040284,0.034348
0.890802,83.997499,-266.520247,6.456889,6.799959,8.894159,-98.332288,3.022524,2.477793,-0.419976,-0.090205,0.038803,0.030572
0.891324,85.291256,-265.493396,6.606103,6.635325,8.182754,-98.219910,3.532903,2.451205,-0.431941,-0.083119,0.040284,0.035781
0.891845,86.011952,-264.380632,6.537779,6.540671,7.505340,-98.234224,3.484011,2.543391,-0.441419,-0.076254,0.039935,0.035315
0.892366,87.014297,-263.819858,6.546868,6.617351,6.754072,-97.968715,3.147698,2.388853,-0.450709,-0.068832,0.039193,0.032021
0.892887,87.718612,-263.093723,6.522329,6.670082,6.394877,-99.706236,3.494966,3.251257,-0.461834,-0.064049,0.040567,0.034971
0.893409,88.108375,-262.798706,6.612363,6.602842,5.302994,-98.966234,3.551667,3.075072,-0.467980,-0.053533,0.040645,0.035823
0.893930,88.325006,-262.080755,6.502114,6.875051,5.286964,-99.284705,3.378947,3.342896,-0.471674,-0.053200,0.040461,0.033984
0.894451,89.412619,-262.107783,6.403182,6.931273,4.849616,-98.116882,3.145225,2.695236,-0.476094,-0.049387,0.039015,0.032006
0.894972,89.388174,-261.529845,6.482816,6.758724,4.659231,-99.014608,2.968366,3.184685,-0.480589,-0.047021,0.039309,0.029951
0.895494,89.628107,-261.250971,6.611187,6.710747,4.112362,-98.078777,3.559896,2.475286,-0.482728,-0.041905,0.040350,0.036248
0.896015,89.955156,-261.270015,6.603151,6.885883,3.791633,-98.438201,3.470929,2.835626,-0.486700,-0.038499,0.040478,0.035225
0.896536,90.072271,-261.326665,6.580020,6.886349,4.278583,-98.986796,3.722955,3.089094,-0.486173,-0.043197,0.041159,0.037565
0.897057,90.313143,-261.212757,6.516290,6.871914,4.278583,-98.986796,3.722955,3.089094,-0.487622,-0.043197,0.040905,0.037565
0.897579,90.285328,-261.290904,6.501780,6.904762,3.549917,-99.233758,3.419312,3.367455,-0.491421,-0.035758,0.040380,0.034434
0.898100,90.164555,-261.449031,6.514629,6.645446,3.850178,-99.001741,3.348511,3.230420,-0.488402,-0.038870,0.039896,0.033795
0.898621,89.788304,-261.649820,6.579584,6.487941,3.933427,-99.298263,3.298476,3.410255,-0.486438,-0.039592,0.040039,0.033194
0.899142,89.560345,-262.398742,6.669649,6.783500,5.118427,-99.419223,3.334907,3.369641,-0.478033,-0.051438,0.040761,0.033500
0.899664,88.977155,-263.003802,6.704303,6.735094,5.294828,-99.164722,3.365450,3.261123,-0.472218,-0.053344,0.040755,0.033887
0.900185,88.303894,-263.630961,6.518253,6.762430,5.227595,-99.021027,3.415896,3.235000,-0.467389,-0.052744,0.040064,0.034444
0.900706,87.792215,-264.484670,6.744685,6.864709,5.889969,-98.289405,3.481951,2.498318,-0.457877,-0.059853,0.040671,0.035331
0.901227,86.845409,-265.233396,6.497581,6.902619,7.367406,-97.639549,3.447473,2.131238,-0.442820,-0.075312,0.039527,0.035146
0.901749,86.123474,-266.123889,6.459431,6.773311,8.587402,-97.467551,3.039470,2.374052,-0.430914,-0.087878,0.038494,0.031017
0.902270,85.016218,-267.018789,6.657364,6.836063,8.867932,-99.569918,3.434850,3.252497,-0.426802,-0.088828,0.040798,0.034347
0.902791,84.114936,-267.938886,6.469032,6.892511,9.790616,-97.869840,3.651038,2.503814,-0.412011,-0.099705,0.039941,0.037022
0.903312,83.361342,-268.838553,6.632065,6.699414,11.483739,-98.103957,3.577900,2.393146,-0.398469,-0.116527,0.040344,0.036088
0.903833,81.777449,-269.885358,6.600137,6.802025,11.661471,-98.032757,3.551679,2.461113,-0.387384,-0.118398,0.040184,0.035845
0.904355,80.557260,-271.228118,6.481776,6.828036,13.802180,-98.388809,3.792288,2.411267,-0.368576,-0.139373,0.040346,0.037950
0.904876,78.900433,-272.021904,6.410110,6.882856,14.241973,-98.346097,3.623913,2.237548,-0.356396,-0.143815,0.039652,0.036236
0.905397,77.977123,-273.153156,6.453703,6.804053,16.420554,-98.457629,3.129845,2.144820,-0.338780,-0.165257,0.038701,0.031130
0.905918,76.046017,-274.068260,6.308663,6.879443,16.508208,-98.592747,3.319136,2.454388,-0.327106,-0.165899,0.038569,0.032997
0.906440,74.325634,-275.560288,6.421653,6.836996,18.802996,-98.783173,3.167989,2.280025,-0.304326,-0.188096,0.038668,0.031238
0.906961,72.173082,-276.623914,6.308517,6.827750,20.615939,-98.989057,3.050258,2.521909,-0.282481,-0.205330,0.038000,0.029968
0.907482,70.499927,-277.214518,6.319953,6.865998,21.987332,-99.566510,3.381528,2.691889,-0.266583,-0.217342,0.039002,0.032880
0.908003,68.251439,-278.681885,6.332663,6.908225,22.096642,-100.001898,3.179525,2.874475,-0.252784,-0.217468,0.038535,0.030913
0.908525,66.413615,-279.191590,6.370934,6.888185,24.534643,-99.369455,3.253529,2.410077,-0.228812,-0.242062,0.038785,0.031372
0.909046,63.780056,-279.959470,6.328700,6.938049,26.340258,-99.092376,3.240796,2.271060,-0.204119,-0.259807,0.038539,0.031072
0.909567,61.618096,-280.539437,6.122453,7.085231,28.778470,-99.535831,3.739223,2.470594,-0.179478,-0.281452,0.039056,0.035295
0.910088,59.682739,-281.718912,6.183636,7.117000,29.966942,-99.845734,3.915181,2.694701,-0.161956,-0.291578,0.039757,0.036731
0.910610,57.497959,-282.040863,6.135482,6.967779,31.093187,-100.040403,3.657179,2.772955,-0.144076,-0.301341,0.038880,0.034250
0.911131,55.124809,-282.645863,6.066716,7.024189,34.322797,-99.869355,4.103539,2.626632,-0.113324,-0.331031,0.039827,0.037627
0.911652,52.517100,-282.790134,6.428476,6.885599,36.229771,-99.250505,3.972977,2.345805,-0.088508,-0.350005,0.041001,0.036134
0.912173,49.913975,-282.759980,6.121280,6.901306,37.466942,-99.337105,3.644133,2.419862,-0.067756,-0.360671,0.038754,0.033108
0.912695,47.383080,-283.029022,6.168521,6.859662,38.899337,-99.658925,3.643009,2.495057,-0.046233,-0.372138,0.039028,0.032836
0.913216,45.383273,-283.056797,6.168521,6.859662,41.783944,-99.600234,3.919783,2.642507,-0.019617,-0.397217,0.039831,0.034778
0.913737,42.930244,-282.729620,6.304177,6.811842,43.084495,-99.479893,3.564999,2.645135,0.000842,-0.408709,0.039522,0.031696
0.914258,40.377220,-282.938072,6.144441,6.937240,44.901170,-99.206653,3.504327,2.617849,0.024618,-0.425016,0.038489,0.030948
0.914780,37.620679,-282.566696,6.175799,7.002022,47.045246,-99.277993,3.753247,2.661635,0.051374,-0.442529,0.039381,0.032569
0.915301,35.230788,-282.095264,6.230655,6.680102,49.139273,-99.136786,3.781359,2.660035,0.075874,-0.460179,0.039718,0.032428
0.915822,33.199640,-281.691132,6.287124,6.676181,51.162921,-98.790695,3.502949,2.488793,0.097899,-0.477859,0.039158,0.029792
0.916343,30.568338,-280.884144,5.986948,6.751012,53.108485,-98.708356,3.476373,2.497366,0.123102,-0.493610,0.037738,0.029281
0.916865,28.208771,-279.962989,6.320949,6.741673,54.164592,-99.048423,3.495890,2.825857,0.142498,-0.500421,0.039531,0.029706
0.917386,26.248946,-279.127344,6.301810,6.648529,55.725246,-98.789240,3.795648,2.746625,0.162018,-0.513591,0.040236,0.031482
0.917907,24.085000,-278.177528,6.394453,6.598788,57.387229,-98.827607,3.704807,2.769978,0.183592,-0.526093,0.040471,0.030563
0.918428,22.305003,-277.581083,6.289760,6.626688,59.110638,-98.416405,3.645946,2.799517,0.202610,-0.540874,0.039731,0.029981
0.918949,20.326629,-276.509054,6.614896,6.715477,60.864250,-97.852702,3.464943,2.375246,0.223125,-0.556438,0.040672,0.027756
0.919471,18.696847,-275.628764,6.354810,6.822132,62.480488,-97.958403,3.743283,2.828321,0.241618,-0.567770,0.040309,0.030152
0.919992,16.609640,-274.754191,6.243941,6.730429,62.840011,-97.932008,3.608781,2.915629,0.255727,-0.570497,0.039503,0.029402
0.920513,14.943250,-273.973128,6.301080,6.818454,64.487324,-97.725930,3.743466,2.858417,0.274034,-0.583289,0.040059,0.029882
0.921034,13.522471,-272.681063,6.510712,6.803866,65.358447,-97.899568,3.410245,3.008946,0.288312,-0.588653,0.040356,0.027964
0.921556,12.313605,-272.298517,6.224772,6.596986,67.047340,-97.269702,3.606649,2.647728,0.303079,-0.603504,0.039188,0.028171
0.922077,10.866863,-271.599513,6.348114,6.646401,68.505101,-97.249913,3.705047,2.644492,0.319280,-0.613688,0.039923,0.028500
0.922598,9.649483,-270.732095,6.143751,6.652061,69.699758,-96.856886,3.308508,2.710146,0.332539,-0.623770,0.038054,0.026124
0.923119,8.591764,-269.806903,6.306589,6.728174,70.701548,-96.978874,3.826013,2.732406,0.345001,-0.629952,0.040095,0.029043
0.923641,6.876562,-268.896731,6.272804,6.700053,70.777407,-96.654401,3.730400,2.526854,0.355254,-0.632059,0.039636,0.028044
0.924162,6.427856,-268.507475,6.340289,6.677688,71.240063,-96.891054,3.941070,2.683884,0.361098,-0.634000,0.040515,0.029527
0.924683,5.768713,-267.882104,6.495300,6.713824,72.807576,-96.666008,3.790370,2.643951,0.373197,-0.645538,0.040683,0.028261
0.925204,4.807884,-267.320733,6.336161,6.734820,73.100539,-96.379776,3.446710,2.779603,0.380084,-0.648896,0.039239,0.026612
0.925726,4.447900,-266.698373,6.440374,6.695923,72.983494,-96.611924,3.659862,2.951661,0.383043,-0.646967,0.040328,0.028242
0.926247,3.966733,-266.412354,6.433729,6.686402,73.916201,-96.349930,4.095749,2.681491,0.390224,-0.654396,0.041151,0.029946
0.926768,3.730272,-266.286917,6.460155,6.756978,74.617534,-96.128382,3.794921,2.802314,0.394730,-0.660077,0.040505,0.028395
0.927289,3.080559,-266.026192,6.497550,6.812396,74.405934,-96.078293,3.641700,2.929828,0.397364,-0.658954,0.040387,0.027916
0.927811,2.691420,-265.812099,6.287044,6.842582,74.643332,-95.863260,3.731873,2.645021,0.400493,-0.661583,0.039636,0.027681
0.928332,2.586752,-265.853946,6.302369,6.860691,74.707126,-96.121830,3.664510,2.707106,0.401792,-0.660691,0.039602,0.027406
0.928853,2.501774,-265.854201,6.353076,6.835445,74.806875,-96.063195,3.717667,2.722337,0.402588,-0.661633,0.039884,0.027733
0.929374,2.501774,-265.854201,6.353076,6.835445,74.830331,-96.022460,3.712000,2.747365,0.402619,-0.661991,0.039868,0.027765
0.929896,2.501774,-265.854201,6.353076,6.835445,74.830331,-96.022460,3.712000,2.747365,0.402619,-0.661991,0.039868,0.027765
0.930417,2.536900,-265.889659,6.366216,6.847566,74.692373,-96.290448,3.612595,2.819239,0.402249,-0.659746,0.039786,0.027381
0.930938,3.014698,-266.193789,6.549529,6.778771,74.636997,-96.060293,3.654676,2.686171,0.398458,-0.660546,0.040463,0.027320
0.931459,3.407331,-266.564569,6.530632,6.804769,74.385373,-95.902834,3.656438,2.905336,0.394137,-0.659705,0.040426,0.027963
0.931981,4.221408,-267.069985,6.415198,6.789608,74.548558,-96.061793,3.763450,2.892106,0.390167,-0.659964,0.040179,0.028470
0.932502,4.521687,-267.802527,6.454695,6.752861,73.077696,-96.173965,3.632104,2.840008,0.380027,-0.649775,0.040015,0.027849
0.933023,5.394826,-268.406360,6.581637,6.738694,72.777434,-96.041025,3.792017,2.772707,0.372662,-0.648458,0.040826,0.028674
0.933544,6.233519,-269.221932,6.293743,6.833000,71.870850,-96.125926,3.489435,2.865481,0.362444,-0.642011,0.039020,0.027323
0.934066,6.941122,-269.928653,6.339913,6.705910,70.859740,-96.153209,3.431106,2.778117,0.352464,-0.635094,0.038965,0.026929
0.934587,8.273150,-270.584395,6.330478,6.853574,70.473368,-96.622906,3.616033,2.670498,0.343386,-0.630163,0.039502,0.027747
0.935108,8.934869,-271.898152,6.371069,6.808058,69.509918,-96.763495,3.693760,2.797229,0.332997,-0.622935,0.039738,0.028664
0.935629,10.749508,-272.361215,6.355681,6.650519,68.458955,-96.927696,3.659539,2.800978,0.317803,-0.614934,0.039650,0.028635
0.936150,11.811672,-272.788166,6.555218,6.719312,67.413042,-96.965225,3.786721,2.735862,0.306284,-0.607517,0.040900,0.029462
0.936672,12.991380,-274.264525,6.345392,6.826419,66.198290,-97.099874,3.442978,2.728158,0.291755,-0.598376,0.039087,0.027513
0.937193,14.384350,-275.195852,6.481915,7.014037,64.769100,-97.585346,3.712179,3.062886,0.276419,-0.585958,0.040535,0.030108
0.937714,16.191726,-275.972468,6.493056,6.728376,63.791270,-97.541890,3.272775,2.833368,0.260697,-0.579174,0.039385,0.027006
0.938235,17.975489,-276.750137,6.434103,6.791574,62.726637,-98.240764,3.661076,2.828821,0.245631,-0.568248,0.040211,0.029520
0.938757,19.427832,-278.049668,6.240386,6.641725,61.075441,-97.723069,3.620304,2.466803,0.226977,-0.558588,0.038947,0.028956
0.939278,21.174474,-278.765960,6.198444,6.899945,60.286942,-98.399661,3.510063,2.908527,0.213544,-0.549687,0.038687,0.029087
0.939799,23.249460,-279.787396,6.327545,6.741754,58.066959,-98.431413,3.857319,2.802107,0.189676,-0.532977,0.040108,0.031628
0.940320,25.362654,-280.339521,6.261923,6.722311,56.543676,-98.648024,3.784857,2.822803,0.169960,-0.520470,0.039687,0.031407
0.940842,27.278813,-280.479837,6.290760,6.818893,55.117722,-98.906346,3.533952,2.639864,0.152136,-0.508409,0.039292,0.029531
0.941363,29.384148,-281.673977,6.341239,6.822107,53.199272,-99.186709,3.771236,2.818879,0.129770,-0.492307,0.040090,0.031812
0.941884,31.790529,-281.986027,6.246700,6.877987,51.400617,-99.071052,3.929687,2.699380,0.106801,-0.478595,0.040117,0.033178
0.942405,33.812244,-282.388354,6.080621,6.991194,50.259788,-99.452233,3.382848,2.887905,0.089668,-0.467931,0.037911,0.029509
0.942927,35.999260,-282.798966,6.183637,6.897172,48.169282,-99.787998,3.391557,3.079805,0.066401,-0.449725,0.038464,0.030097
0.943448,38.391177,-283.170131,6.251471,6.861186,46.245706,-99.372482,3.414293,2.796603,0.042709,-0.435568,0.038723,0.030224
0.943969,41.177668,-283.017342,6.134444,6.973808,44.613026,-99.329005,3.696327,2.720259,0.018700,-0.422142,0.038984,0.032614
0.944490,43.285273,-282.791790,6.191785,6.806339,42.987645,-99.624170,3.762608,2.747259,-0.001625,-0.407362,0.039556,0.033383
0.945012,45.615257,-282.910602,6.133298,6.880155,41.070508,-99.749994,3.763239,2.702705,-0.024808,-0.390581,0.039275,0.033639
0.945533,47.770134,-282.658905,6.087365,6.986466,38.824577,-99.722515,3.893780,2.693001,-0.048861,-0.371271,0.039457,0.035114
0.946054,50.327282,-282.408964,6.203176,6.940432,36.969175,-100.170012,3.693717,2.981120,-0.073169,-0.353557,0.039520,0.033863
0.946575,52.805598,-281.925983,6.350998,7.018079,35.319412,-99.763197,3.637849,2.664111,-0.095699,-0.340263,0.040004,0.033475
0.947097,54.988112,-281.676821,6.322378,6.854148,33.346598,-100.147221,3.848478,2.830741,-0.118658,-0.321429,0.040488,0.035615
0.947618,57.100587,-281.080512,6.314436,6.909498,31.482307,-99.927612,3.531309,2.761879,-0.140486,-0.305207,0.039566,0.033109
0.948139,59.498695,-280.396633,6.171072,6.727147,29.634665,-100.120867,3.563021,2.837011,-0.164167,-0.287773,0.039022,0.033617
0.948660,61.548356,-279.929829,6.179105,6.969745,27.709642,-100.301133,3.580922,2.750111,-0.186199,-0.269541,0.039138,0.033908
0.949182,63.772634,-278.787660,6.144113,6.967303,26.435823,-100.264569,3.622072,2.997639,-0.206171,-0.257794,0.039213,0.034572
0.949703,65.468505,-278.045090,6.121078,7.064504,25.399950,-99.975355,3.747992,2.680329,-0.221330,-0.248798,0.039426,0.035793
0.950224,67.754901,-277.374230,6.153341,6.799687,23.211496,-100.275146,3.771639,2.847882,-0.246406,-0.227472,0.039573,0.036241
0.950745,69.388272,-276.693305,6.171058,6.675961,21.615787,-100.145210,3.586154,2.776337,-0.264263,-0.212583,0.039059,0.034690
0.951266,71.006045,-275.288385,6.378391,6.832148,20.418333,-99.736800,3.658602,2.735595,-0.280563,-0.201932,0.040251,0.035617
0.951788,72.754415,-274.452163,6.295927,6.744281,18.821363,-99.650198,3.545007,2.716761,-0.299271,-0.186675,0.039519,0.034707
0.952309,74.582044,-273.466970,6.272957,6.836460,17.453209,-99.354132,3.743962,2.360026,-0.317046,-0.173892,0.039828,0.036778
0.952830,76.501443,-272.339922,6.284735,6.744083,15.563456,-99.855749,3.560862,2.572006,-0.339608,-0.154615,0.039483,0.035034
0.953351,77.743671,-271.542156,6.573608,6.637413,15.263599,-98.951645,3.676465,2.317982,-0.347337,-0.153047,0.040727,0.036462
0.953873,78.929320,-270.298008,6.406370,6.594062,13.605426,-99.094686,3.698409,2.350506,-0.364507,-0.136444,0.040100,0.036771
0.954394,80.414006,-269.707117,6.432427,6.609259,12.156152,-99.149335,3.197574,2.509840,-0.380682,-0.121996,0.039017,0.031919
0.954915,81.864080,-268.873708,6.450549,6.660815,12.293206,-98.841127,3.246341,2.361770,-0.388380,-0.123738,0.039188,0.032476
0.955436,82.600203,-268.261446,6.367783,6.727273,11.170207,-98.836799,3.691940,2.455158,-0.398990,-0.112539,0.039871,0.036987
0.955958,83.742175,-267.145562,6.401933,6.474151,10.025533,-99.049882,3.272029,2.458001,-0.413283,-0.100873,0.038941,0.032794
0.956479,84.526989,-266.338916,6.358335,6.719093,9.314420,-98.891249,3.675558,2.428269,-0.422164,-0.093911,0.039829,0.036912
0.957000,84.862784,-265.676527,6.512324,6.427201,8.835919,-98.854710,3.688656,2.505817,-0.427615,-0.089146,0.040293,0.037086
0.957521,85.855503,-265.509529,6.691410,6.594278,8.870421,-97.980911,3.083171,2.393608,-0.430754,-0.090286,0.039634,0.031288
0.958043,86.269254,-264.679376,6.553242,6.594874,7.598932,-98.615946,3.638352,2.578785,-0.442417,-0.076904,0.040387,0.036731
0.958564,87.052001,-264.190386,6.714508,6.676550,7.224382,-98.771159,3.502764,3.130678,-0.449613,-0.073013,0.041029,0.035350
0.959085,87.425056,-264.116496,6.715818,6.685669,6.805898,-99.150192,3.570063,2.716394,-0.454567,-0.068535,0.041023,0.035887
0.959606,87.576056,-263.904872,6.628762,6.576461,6.656235,-99.304071,3.450197,3.198511,-0.456915,-0.066929,0.040575,0.034655
0.960128,87.823853,-263.613058,6.669720,6.673015,6.717773,-98.591483,3.502372,2.637100,-0.456815,-0.068032,0.040598,0.035406
0.960649,87.896815,-263.558327,6.698728,6.677132,6.819462,-99.828012,3.586397,3.307058,-0.459791,-0.068206,0.041431,0.035830
0.961170,87.972203,-263.089396,6.748191,6.657502,5.939346,-99.453442,3.255558,3.271087,-0.464698,-0.059649,0.040850,0.032677
0.961691,88.302036,-263.164829,6.551194,6.746374,5.713484,-99.397392,3.396164,3.307338,-0.467085,-0.057418,0.040382,0.034108
0.962213,88.313739,-263.127932,6.426893,6.760083,5.811126,-99.465649,3.229266,3.304243,-0.466924,-0.058357,0.039617,0.032413
0.962734,87.979296,-263.473523,6.612585,6.782590,5.811126,-99.465649,3.229266,3.304243,-0.464448,-0.058357,0.040322,0.032413
0.963255,87.938319,-263.808725,6.455593,6.810898,6.053237,-98.269488,3.489552,2.482921,-0.459364,-0.061521,0.039640,0.035410
0.963776,87.569835,-264.377028,6.406441,6.722994,6.298134,-99.237609,2.941481,3.323288,-0.457340,-0.063380,0.038790,0.029598
0.964298,87.228862,-265.126173,6.611427,6.809825,6.836619,-98.347505,3.054910,2.467947,-0.449168,-0.069403,0.039297,0.030962
0.964819,86.484089,-265.778692,6.471055,6.989035,8.326123,-98.073802,3.063616,2.125705,-0.436116,-0.084693,0.038837,0.031068
0.965340,85.998582,-266.275445,6.609870,6.926329,8.053545,-98.972134,3.276438,2.984190,-0.435990,-0.081193,0.040131,0.032977
0.965861,85.110977,-267.071335,6.544727,7.093046,9.400935,-98.260496,2.658526,2.479288,-0.421598,-0.095383,0.038600,0.026917
0.966383,84.302950,-268.186630,6.334460,7.021029,10.244911,-98.352248,2.973942,2.319888,-0.411201,-0.103791,0.038119,0.030012
0.966904,83.321820,-268.658303,6.497409,6.848647,10.052797,-98.429177,3.196316,2.448084,-0.406448,-0.101779,0.039099,0.032236
0.967425,82.167740,-269.737507,6.415003,6.779011,11.432909,-98.715191,3.635130,2.565332,-0.392175,-0.115303,0.039742,0.036458
0.967946,81.180971,-270.605454,6.601758,6.846885,13.275662,-97.977053,2.708530,2.320639,-0.374770,-0.134677,0.038535,0.027328
0.968467,79.957848,-271.751467,6.334294,6.927524,13.922712,-98.139135,2.794391,2.243210,-0.363461,-0.140927,0.037522,0.028092
0.968989,78.503211,-272.405693,6.406072,7.036963,15.620266,-98.630067,3.518628,2.165575,-0.347204,-0.157068,0.039583,0.034967
0.969510,76.878383,-273.385859,6.250456,6.818253,16.617774,-98.522797,3.172825,2.080633,-0.331870,-0.167097,0.037968,0.031504
0.970031,75.636064,-274.445334,6.298525,7.002024,16.712481,-98.923695,3.617748,2.150672,-0.323884,-0.167363,0.039265,0.035735
0.970552,74.085770,-275.608638,6.473671,6.953858,18.307566,-99.115666,3.266548,2.219749,-0.306103,-0.182650,0.039198,0.032120
0.971074,72.395387,-276.404960,6.461522,6.832695,19.527989,-98.941185,3.654364,2.329169,-0.289534,-0.194865,0.040000,0.035830
0.971595,70.428436,-277.364174,6.275052,7.131589,21.043281,-100.092637,3.618231,2.977369,-0.271696,-0.207220,0.039558,0.035133
0.972116,68.607470,-278.178407,6.535258,6.995365,22.019470,-100.130628,3.007203,3.027296,-0.255922,-0.216462,0.039242,0.029341
0.972637,66.836340,-279.135529,6.414544,7.176388,24.589812,-98.727894,3.012274,2.104136,-0.230028,-0.244100,0.038359,0.029160
0.973159,64.759981,-279.679661,6.561226,7.040507,25.302383,-99.076156,3.644441,2.174440,-0.215097,-0.250039,0.040566,0.034931
0.973680,62.704802,-280.462807,6.403411,7.077437,27.243694,-100.027374,3.681725,2.839037,-0.194058,-0.265912,0.040217,0.035013
0.974201,60.449246,-281.302082,6.463438,6.952202,28.634798,-99.085850,3.295302,2.271926,-0.172855,-0.281325,0.039231,0.031297
0.974722,58.319287,-282.143855,6.443816,7.093562,30.267720,-100.060654,3.237157,2.842394,-0.152857,-0.293743,0.039198,0.030668
0.975244,56.400971,-282.857486,6.346914,7.034358,32.461670,-100.066479,3.746029,2.943360,-0.130224,-0.313690,0.040001,0.034954
0.975765,53.718704,-282.648447,6.310199,7.108742,33.826627,-99.413205,3.987852,2.488391,-0.108137,-0.327974,0.040505,0.036753
0.976286,51.600921,-283.125651,6.296466,6.906096,35.960928,-99.168372,3.592739,2.332290,-0.084816,-0.347877,0.039268,0.032894
0.976807,49.230179,-283.301436,6.156533,6.886682,37.285403,-99.864109,3.520665,2.817090,-0.065025,-0.357333,0.038589,0.032293
0.977329,46.856405,-283.226617,6.295668,7.134941,39.376706,-98.886542,3.385438,2.211291,-0.040553,-0.378954,0.038748,0.030533
0.977850,44.415052,-283.022201,6.528936,6.898962,41.675861,-99.081106,3.460477,2.341313,-0.014891,-0.398158,0.040168,0.030854
0.978371,42.469203,-282.998368,6.315911,6.914263,43.020077,-99.359604,3.620853,2.686645,0.003000,-0.408605,0.039644,0.032234
0.978892,39.817960,-282.769352,6.177584,6.945569,44.956074,-98.706935,3.697188,2.309183,0.027908,-0.427377,0.039099,0.032252
0.979414,37.568536,-282.546524,6.243048,6.953006,46.376027,-99.122191,3.712241,2.757337,0.047980,-0.437613,0.039556,0.032528
0.979935,35.387537,-282.432376,6.182446,7.049495,48.773204,-98.617062,3.617385,2.280723,0.072693,-0.459296,0.038873,0.030872
0.980456,33.164349,-281.945830,6.236576,6.932198,50.594419,-98.492690,3.640576,2.368351,0.094727,-0.474537,0.039192,0.030835
0.980977,31.171698,-281.032309,6.290015,7.081048,51.951311,-98.964144,4.051453,2.658088,0.113639,-0.483408,0.040835,0.033944
0.981499,29.237065,-280.404149,6.313021,6.787424,54.014060,-99.103510,4.000734,2.745512,0.135821,-0.499017,0.040829,0.033230
0.982020,26.949920,-279.653639,6.295293,6.792507,55.292814,-98.514266,3.612701,2.429792,0.155212,-0.511452,0.039583,0.029808
0.982541,25.096515,-278.819382,6.334032,6.874025,56.928782,-98.242766,3.779517,2.438147,0.174489,-0.525187,0.040213,0.030747
0.983062,22.951940,-278.132544,6.291725,6.779813,57.706414,-98.202146,3.301418,2.420881,0.190805,-0.531273,0.038791,0.027211
0.983583,21.227360,-277.483976,6.376088,6.608606,58.942140,-98.245334,3.517815,2.851720,0.207391,-0.540382,0.039738,0.029278
0.984105,19.408973,-276.302337,6.424968,6.730599,60.347688,-98.218616,3.781005,2.940809,0.225959,-0.550957,0.040768,0.030973
0.984626,17.608406,-275.781075,6.235173,6.795750,61.921107,-97.575372,3.418347,2.452010,0.243717,-0.565471,0.038759,0.027441
0.985147,16.509212,-274.834411,6.288504,6.880354,62.775822,-98.146445,3.633568,2.798867,0.256105,-0.569039,0.039823,0.029289
0.985668,14.789456,-274.151063,6.327845,6.737475,64.158995,-97.489918,3.422756,2.526825,0.272507,-0.582055,0.039221,0.027237
0.986190,13.528836,-272.832505,6.352934,6.711318,64.822260,-97.515860,3.813414,2.722029,0.284632,-0.586664,0.040492,0.030020
0.986711,12.192282,-272.482922,6.376088,6.626054,66.158282,-97.713511,3.945887,2.902505,0.299496,-0.595166,0.040870,0.030933
0.987232,10.707858,-271.842701,6.242336,6.716972,66.906646,-97.372297,3.725983,2.824699,0.311616,-0.602031,0.039670,0.029308
0.987753,9.832643,-271.038966,6.620897,6.679365,67.689358,-97.374297,3.852484,2.759517,0.321587,-0.607461,0.041617,0.029798
0.988275,8.785782,-270.623446,6.293649,6.990416,68.760994,-96.889803,3.690684,2.620901,0.332404,-0.617195,0.039796,0.028368
0.988796,8.304420,-269.881698,6.418584,6.753324,69.566734,-97.121863,4.258007,2.760866,0.340776,-0.621571,0.041779,0.031948
0.989317,7.237625,-269.573334,6.575606,6.736803,70.531426,-97.010357,3.877053,2.888351,0.351551,-0.628651,0.041338,0.029734
0.989838,6.412395,-268.901886,6.436193,6.694355,70.794372,-96.774596,3.699231,2.605681,0.357926,-0.631581,0.040237,0.028011
0.990360,6.054194,-268.758435,6.332892,6.880725,70.606145,-96.879710,3.757363,2.695418,0.359268,-0.629796,0.040124,0.028583
0.990881,5.402896,-268.605203,6.616126,6.926051,71.545038,-96.613343,3.271499,2.620074,0.367130,-0.637412,0.040071,0.025426
0.991402,5.214413,-268.128175,6.629716,6.956833,72.369253,-97.042054,3.772290,2.894879,0.374042,-0.640776,0.041435,0.028782
0.991923,4.481064,-267.876880,6.414727,6.824538,72.660312,-96.786972,3.771383,2.904563,0.379212,-0.643964,0.040385,0.028786
0.992445,4.245242,-267.707206,6.478036,6.883801,72.410797,-96.859379,3.580441,2.939092,0.379630,-0.641955,0.040301,0.027822
0.992966,4.369233,-267.405550,6.461179,7.049280,72.309570,-97.091756,3.550343,3.166618,0.379569,-0.640136,0.040478,0.028237
0.993487,4.291842,-267.452142,6.503897,7.045328,72.622605,-97.105185,3.687580,3.199004,0.381478,-0.642140,0.040935,0.029030
0.994008,4.290118,-267.137795,6.528926,7.054562,72.622605,-97.105185,3.687580,3.199004,0.382125,-0.642140,0.041109,0.029030
0.994530,4.257977,-267.754882,6.507482,6.943911,72.622605,-97.105185,3.687580,3.199004,0.381035,-0.642140,0.040813,0.029030
0.995051,4.464075,-267.879556,6.489818,6.877404,72.257381,-96.988047,3.533957,3.203359,0.377662,-0.640302,0.040342,0.028274
0.995572,4.623017,-268.147762,6.650758,6.929399,72.634109,-96.681198,3.802887,2.850806,0.377609,-0.644316,0.041410,0.028856
0.996093,5.099235,-268.751030,6.593785,6.859045,71.903147,-96.716383,3.433609,2.983604,0.370394,-0.639292,0.040315,0.027220
0.996615,5.847999,-269.275472,6.587842,7.034325,71.099455,-96.937902,3.708899,2.979800,0.361946,-0.632827,0.041080,0.028876
0.997136,6.344742,-269.885694,6.505518,6.957055,70.585486,-97.023173,3.717166,2.811414,0.355812,-0.628953,0.040637,0.028595
0.997657,6.751789,-270.848072,6.401572,7.003552,69.835416,-96.836970,3.388816,2.637295,0.347790,-0.624790,0.039286,0.026400
0.998178,7.952305,-270.964117,6.683216,6.871971,68.700919,-96.947486,3.491342,2.804217,0.335870,-0.616501,0.040840,0.027585
0.998700,8.556393,-271.811909,6.386137,6.997132,68.208656,-96.876343,3.560276,2.795164,0.328631,-0.613459,0.039686,0.028074
0.999221,9.783691,-272.416064,6.696340,6.901526,68.262721,-97.055434,3.716164,2.709192,0.321881,-0.612962,0.041299,0.028788
0.999742,10.885677,-273.213946,6.327920,6.920158,66.576343,-97.068351,3.682259,2.752561,0.306218,-0.601180,0.039693,0.028992
1.000263,12.421220,-274.079420,6.661645,6.773227,66.033370,-97.128854,3.419331,2.655563,0.294187,-0.597076,0.040403,0.027226
1.000784,13.392367,-274.939622,6.507501,6.857406,64.530133,-97.454083,3.645855,2.969192,0.280526,-0.584876,0.040390,0.029548
1.001306,14.821639,-275.901349,6.397394,6.859677,63.508550,-97.665095,3.254449,3.019166,0.266654,-0.576564,0.038969,0.027351
1.001827,16.378842,-276.556105,6.641896,6.865649,62.442773,-97.386291,3.703948,2.540703,0.251646,-0.570154,0.041015,0.029444
1.002348,17.691603,-277.722927,6.534078,6.907464,61.811313,-97.934936,3.469979,2.903925,0.240643,-0.563007,0.039994,0.028655
1.002869,19.262893,-278.251516,6.391975,6.950564,59.759390,-97.546021,3.264744,2.532412,0.220460,-0.549653,0.038815,0.026943
1.003391,21.086699,-278.914461,6.453642,6.991990,58.761387,-98.345072,3.549694,2.870938,0.205693,-0.538581,0.039974,0.029541
1.003912,23.255221,-280.082744,6.411615,6.751692,57.321735,-98.011041,3.503337,2.645430,0.184966,-0.529205,0.039434,0.029116
1.004433,24.939925,-280.402206,6.510097,6.815246,55.964751,-98.801177,3.354869,2.980446,0.169207,-0.515376,0.039770,0.028779
1.004954,26.833051,-281.190061,6.589715,6.934686,54.449722,-98.960409,3.523324,2.642430,0.150404,-0.503010,0.040537,0.029565
1.005476,28.670768,-281.714405,6.579773,6.887557,52.540582,-99.315661,3.628541,2.848086,0.130127,-0.486598,0.040841,0.030909
1.005997,31.132829,-282.491632,6.240542,6.998371,51.446130,-99.199732,3.289063,2.791762,0.110374,-0.478426,0.038285,0.028548
1.006518,33.055261,-282.891546,6.246323,7.059444,49.232982,-99.391364,3.467273,2.724048,0.087935,-0.459916,0.038800,0.030058
1.007039,35.319977,-282.872802,6.233300,6.969457,47.983653,-99.448402,3.246936,2.787842,0.068931,-0.449548,0.038239,0.028667
1.007561,37.357084,-283.323482,6.191425,7.040312,46.584872,-99.389320,3.420867,2.764726,0.050127,-0.438305,0.038416,0.030176
1.008082,39.157151,-283.291993,6.406255,6.928521,44.923205,-99.431445,3.653442,2.730228,0.031351,-0.424350,0.040092,0.032207
1.008603,41.488407,-283.536946,6.338049,6.824005,42.881668,-99.589193,3.521427,2.725382,0.007574,-0.406592,0.039416,0.031442
1.009124,43.622779,-283.011563,6.261359,6.996549,40.522979,-99.710344,3.158246,2.745044,-0.016909,-0.386017,0.038254,0.028830
1.009646,45.966865,-282.987243,6.463167,6.961974,38.752329,-100.257236,3.455088,2.999239,-0.039461,-0.368840,0.040078,0.031625
1.010167,48.461668,-282.813151,6.540441,6.864527,37.048195,-100.205333,3.424052,2.977209,-0.062421,-0.354136,0.040352,0.031576
1.010688,50.749772,-282.481026,6.390084,7.053740,35.508106,-99.716712,3.531098,2.711835,-0.083203,-0.342090,0.039818,0.032580
1.011209,52.951964,-282.444029,6.458752,7.050486,33.364617,-100.191960,3.547370,2.989466,-0.107063,-0.321457,0.040219,0.033103
1.011731,55.037586,-281.811427,6.334984,7.064003,31.955562,-100.482709,3.191417,2.973290,-0.126613,-0.307906,0.038858,0.030083
1.012252,56.806793,-281.347686,6.331046,6.847941,30.231360,-100.061159,3.117270,2.961539,-0.145557,-0.293409,0.038563,0.029700
1.012773,58.736790,-280.699797,6.501911,6.856559,29.118624,-100.225355,3.627239,2.891144,-0.162663,-0.282748,0.040709,0.034257
1.013294,61.018287,-280.035008,6.352790,7.019050,26.937706,-100.252527,3.544415,2.833968,-0.187343,-0.262498,0.039813,0.033727
1.013816,62.893892,-279.390143,6.443709,6.992586,25.663206,-100.316994,3.215447,3.054597,-0.204987,-0.250450,0.039473,0.030960
1.014337,64.813207,-278.194337,6.515871,7.064154,24.015813,-100.093677,3.140223,2.749684,-0.225184,-0.235482,0.039684,0.030313
1.014858,66.823289,-277.428961,6.445644,6.932814,22.906890,-100.575655,3.527102,3.050518,-0.243398,-0.223938,0.040395,0.033980
1.015379,68.390024,-276.736378,6.499081,6.688221,21.210926,-99.745535,3.390059,2.560976,-0.260505,-0.209529,0.039958,0.032934
1.015900,70.141014,-275.711307,6.314308,6.899025,20.078059,-100.628489,3.417007,3.136752,-0.278507,-0.196940,0.039597,0.033200
1.016422,71.633874,-274.974187,6.269963,6.742019,19.795447,-100.246009,3.710200,2.955869,-0.288409,-0.194960,0.040008,0.036060
1.016943,72.968662,-274.182535,6.443147,7.019053,17.439120,-100.290250,3.579451,2.837239,-0.309098,-0.172165,0.040480,0.034971
1.017464,74.512680,-273.313730,6.500202,6.820742,16.383595,-99.535076,3.265035,2.894948,-0.322801,-0.163138,0.039772,0.032276
1.017985,75.968519,-272.089824,6.376631,6.913860,14.854764,-99.206922,3.738169,2.245586,-0.339788,-0.148631,0.040237,0.037003
1.018507,77.211930,-271.605677,6.584910,6.693387,14.257045,-98.966736,3.263535,2.303702,-0.349677,-0.143075,0.039824,0.032472
1.019028,78.457146,-270.628358,6.448777,7.033045,13.646037,-98.864100,3.831617,2.428601,-0.360808,-0.137162,0.040819,0.038177
1.019549,79.339214,-269.866387,6.553956,6.880802,13.084644,-98.852115,3.601959,2.237284,-0.369616,-0.131601,0.040607,0.035931
1.020070,80.371832,-269.374816,6.445107,6.754759,11.618855,-99.200128,3.669967,2.393021,-0.383962,-0.116594,0.040221,0.036601
1.020592,81.180778,-268.781056,6.574831,6.700588,11.327403,-100.034398,3.450970,3.250083,-0.392478,-0.112755,0.040675,0.034254
1.021113,81.990729,-268.075098,6.483276,6.948946,11.017778,-99.951582,2.901468,3.427203,-0.399452,-0.109788,0.039477,0.028922
1.021634,82.508768,-267.301875,6.433096,6.613479,10.293399,-98.868902,3.246341,2.361770,-0.405041,-0.103738,0.039166,0.032576
1.022155,83.431591,-266.813436,6.670307,6.609309,9.449380,-100.395256,3.420255,3.567018,-0.418318,-0.093845,0.041173,0.033931
1.022677,84.075746,-266.753710,6.544049,6.802778,9.153625,-99.816503,3.552546,3.128263,-0.421859,-0.091449,0.040732,0.035409
1.023198,84.350780,-266.476626,6.530374,6.955774,8.964239,-99.706123,3.656814,3.070016,-0.424547,-0.089666,0.041006,0.036485
1.023719,84.953469,-265.917841,6.716248,6.599595,8.783573,-99.765518,3.556851,3.359710,-0.429846,-0.087816,0.041397,0.035500
1.024240,84.754334,-266.073174,6.543730,6.638949,8.358596,-99.555778,3.081346,3.132597,-0.430136,-0.083762,0.039583,0.030846
1.024762,85.041788,-266.077307,6.606571,6.762787,8.049771,-99.469746,3.166451,3.320981,-0.432884,-0.080751,0.040118,0.031740
1.025283,85.275304,-266.011115,6.731856,6.776317,8.084902,-99.603587,3.186712,3.247296,-0.434323,-0.080993,0.040666,0.031893
1.025804,85.409679,-265.900437,6.778169,6.792168,7.996561,-99.578524,3.139543,3.267534,-0.435621,-0.080132,0.040784,0.031436
1.026325,85.478071,-266.115869,6.703943,6.867139,7.963053,-99.443079,3.118867,3.340343,-0.435318,-0.079906,0.040462,0.031278
1.026847,85.416301,-266.136349,6.524411,6.911264,7.963053,-99.443079,3.118867,3.340343,-0.434966,-0.079906,0.039783,0.031278
1.027368,85.457702,-266.399950,6.628575,6.737419,8.176088,-99.900164,3.125192,3.411466,-0.434562,-0.081661,0.040142,0.031199
1.027889,84.862025,-266.720363,6.740331,6.848790,8.313557,-99.670491,2.996423,3.494077,-0.429683,-0.083218,0.040443,0.029996
1.028410,84.337841,-267.287286,6.481668,6.888324,8.774168,-98.402302,3.043141,2.364818,-0.420712,-0.088931,0.038813,0.030755
1.028932,84.111500,-267.837652,6.468659,6.867848,10.369112,-98.874316,2.997238,2.360425,-0.411521,-0.104490,0.038788,0.030086
1.029453,83.430657,-268.561512,6.591506,6.897724,10.547781,-98.739299,3.102344,2.332408,-0.405399,-0.106421,0.039418,0.031165
1.029974,82.734502,-269.381298,6.651648,6.834778,11.299578,-98.802563,3.581428,2.394640,-0.396590,-0.113870,0.040603,0.035885
1.030495,81.945763,-269.862113,6.502494,6.776382,12.537116,-98.400884,3.162184,2.193384,-0.384643,-0.126726,0.039008,0.031746
1.031017,81.053526,-270.360200,6.321286,6.806944,12.459270,-98.574671,3.218493,2.205903,-0.379904,-0.125728,0.038395,0.032257
1.031538,80.194960,-271.076047,6.483507,6.739057,13.405892,-98.489621,3.418033,2.206980,-0.369240,-0.135283,0.039440,0.034205
1.032059,79.129448,-272.283360,6.576313,6.892201,14.179445,-98.843925,3.160721,2.470314,-0.358317,-0.142481,0.039414,0.031528
1.032580,77.845516,-272.967095,6.421694,6.801192,14.960121,-98.733338,3.563080,2.323291,-0.346375,-0.150377,0.039550,0.035450
1.033101,76.598015,-273.897571,6.341156,6.953965,16.617774,-98.522797,3.172825,2.080633,-0.329541,-0.167097,0.038352,0.031504
1.033623,75.351966,-274.742045,6.131028,6.861018,17.757942,-99.007010,3.500747,2.145632,-0.316701,-0.177473,0.038245,0.034463
1.034144,74.067937,-275.871829,6.383067,6.885622,18.475765,-99.438259,3.218573,2.631910,-0.305241,-0.183707,0.038755,0.031647
1.034665,72.436296,-276.431438,6.439260,6.830793,19.744549,-99.768485,3.581136,2.565281,-0.289861,-0.195379,0.039936,0.034887
1.035186,71.037283,-277.712354,6.348945,6.960229,21.507454,-99.709551,3.603302,2.529015,-0.271388,-0.212446,0.039552,0.034925
1.035708,69.196604,-278.287215,6.349295,6.988061,23.046629,-99.870154,3.650049,2.888793,-0.253116,-0.226796,0.039822,0.035274
1.036229,67.083813,-279.290873,6.447357,6.981300,24.971816,-99.774825,3.579373,2.644588,-0.230420,-0.245244,0.040019,0.034332
1.036750,65.586375,-279.774016,6.174361,7.036598,25.266124,-99.346071,3.501988,2.358721,-0.219858,-0.249044,0.038480,0.033591
1.037271,63.700469,-280.382519,6.082598,6.957719,26.675410,-99.638131,3.209999,2.650142,-0.202052,-0.261588,0.037407,0.030787
1.037793,62.021162,-281.402484,6.284558,7.195468,28.158078,-100.606321,3.116367,3.242661,-0.185155,-0.272901,0.038308,0.029919
1.038314,59.819070,-281.772599,6.341601,7.036704,29.200603,-99.497083,3.426360,2.333369,-0.166425,-0.285466,0.039029,0.032333
1.038835,57.938820,-282.077338,6.341858,6.925674,31.471353,-100.086233,3.618905,2.634830,-0.144420,-0.304653,0.039716,0.033756
1.039356,55.758889,-282.859264,6.290162,7.069752,32.372376,-99.322600,3.291183,2.070343,-0.126739,-0.315074,0.038393,0.030577
1.039878,53.439970,-283.206160,6.144065,7.054373,34.196076,-100.223286,3.171135,3.149368,-0.104783,-0.328813,0.037630,0.029924
1.040399,51.522659,-283.450005,6.149845,6.942270,36.255272,-100.465785,3.183621,3.079914,-0.083243,-0.346327,0.037740,0.029697
1.040920,49.549309,-283.552174,6.205069,6.904797,37.846270,-100.366819,3.119225,3.290475,-0.063800,-0.360593,0.037851,0.029283
1.041441,47.163609,-283.670085,6.204190,7.032587,39.634998,-99.603249,3.425817,2.671702,-0.040879,-0.378720,0.038475,0.031090
1.041963,44.821263,-283.678387,6.376184,7.129395,41.758795,-99.516721,3.670182,2.762294,-0.016628,-0.397301,0.039944,0.032885
1.042484,43.073143,-283.094046,6.154442,6.957740,43.276015,-99.503141,3.633347,2.490853,0.001105,-0.410244,0.038928,0.032042
1.043005,40.789128,-282.960628,6.338059,6.885777,44.372430,-99.013744,3.253795,2.376685,0.019478,-0.421310,0.038724,0.028795
1.043526,38.393120,-282.954595,6.458264,6.908853,46.055598,-99.308498,3.308764,2.775171,0.041700,-0.434240,0.039481,0.029422
1.044048,36.312834,-282.520813,6.432568,6.840332,48.435854,-98.787133,3.256902,2.472624,0.065886,-0.455862,0.039158,0.028361
1.044569,34.160909,-281.977960,6.283702,6.787570,49.611249,-99.166356,3.579344,2.767787,0.084315,-0.463874,0.039421,0.030954
1.045090,32.114779,-281.673244,6.151348,6.830994,51.494503,-99.005158,3.639923,2.760654,0.105697,-0.479613,0.038924,0.031107
1.045611,30.427284,-280.799165,6.445220,6.805790,52.936071,-98.961946,3.626918,2.657938,0.123159,-0.491187,0.040356,0.030607
1.046133,28.317475,-280.335215,6.359060,6.790548,54.967759,-98.725012,3.581771,2.723589,0.145704,-0.508031,0.039763,0.030075
1.046654,26.650547,-279.585138,6.587000,6.812153,55.491006,-99.040370,3.611952,2.828232,0.158403,-0.510707,0.041070,0.030310
1.047175,24.768989,-278.769499,6.320644,6.782217,57.370683,-98.381354,3.667113,2.436121,0.178801,-0.527935,0.039846,0.029830
1.047696,23.417577,-278.422091,6.305896,6.726431,58.982160,-97.824392,3.627580,2.289802,0.194439,-0.542578,0.039489,0.029099
1.048217,21.445866,-277.861488,6.314005,6.653516,59.240236,-98.356479,3.555620,2.894945,0.207517,-0.542110,0.039504,0.029545
1.048739,20.186622,-277.245296,6.519716,6.698910,61.118971,-97.614221,3.646086,2.386813,0.224043,-0.559410,0.040452,0.028999
1.049260,18.704738,-276.186045,6.425490,6.665549,62.040306,-97.656057,3.334509,2.645640,0.238130,-0.565968,0.039384,0.027243
1.049781,16.997423,-275.588035,6.359341,6.900895,62.416247,-97.900222,3.396871,2.720488,0.250252,-0.567573,0.039382,0.027700
1.050302,15.814650,-274.528023,6.444674,6.799572,63.927179,-97.648720,3.494209,2.631311,0.265582,-0.579648,0.039978,0.027927
1.050824,14.597776,-273.790829,6.430153,6.767443,64.828828,-97.474130,3.799394,2.750832,0.277538,-0.586909,0.040673,0.029994
1.051345,13.826875,-273.626705,6.518149,6.648174,65.911141,-97.279290,3.287338,2.614813,0.287186,-0.595496,0.039634,0.026310
1.051866,12.562036,-272.636453,6.433439,6.691035,66.043436,-97.409016,3.283036,2.780792,0.296231,-0.595809,0.039434,0.026626
1.052387,11.645098,-272.242196,6.465945,6.818874,68.119605,-97.412719,3.734524,2.651279,0.312446,-0.610248,0.040565,0.028745
1.052909,10.739281,-271.821147,6.493591,6.700211,67.885382,-97.205927,3.246206,2.713089,0.316283,-0.609629,0.039497,0.025991
1.053430,10.394923,-271.398966,6.421106,6.731983,68.642437,-96.972422,3.738398,2.720960,0.322294,-0.615979,0.040313,0.028891
1.053951,9.645946,-270.798051,6.623066,6.954283,68.863457,-97.129098,3.796795,2.758198,0.328616,-0.616733,0.041520,0.029262
1.054472,8.954119,-270.505965,6.344548,6.866833,69.299172,-96.940602,3.569628,2.735636,0.334606,-0.620631,0.039683,0.027787
1.054994,8.541861,-270.260536,6.492087,6.844396,69.656879,-97.253834,3.756753,2.899486,0.339569,-0.621541,0.040839,0.029172
1.055515,8.338882,-270.063748,6.458723,6.853317,70.337537,-97.268640,3.834362,2.851005,0.344492,-0.626079,0.040860,0.029389
1.056036,8.109180,-269.955203,6.455907,6.796577,70.451919,-97.149056,3.913736,2.800048,0.346234,-0.627435,0.040972,0.029743
1.056557,7.873518,-269.707912,6.667984,6.636250,70.437196,-96.832591,3.725845,2.782225,0.347237,-0.628887,0.041275,0.028635
1.057079,7.682177,-269.685456,6.697694,6.819492,70.462403,-96.992828,3.607606,2.769444,0.348684,-0.628271,0.041247,0.027876
1.057600,7.682177,-269.685456,6.697694,6.819492,70.635018,-96.989149,3.724390,2.753362,0.349559,-0.629453,0.041498,0.028497
1.058121,7.766784,-269.562210,6.716064,6.883287,70.523427,-96.968945,3.653846,2.769970,0.348748,-0.628800,0.041490,0.028143
1.058642,7.847654,-269.422103,6.702862,6.789068,70.397562,-96.693933,3.700085,2.642171,0.347439,-0.629301,0.041448,0.028188
1.059164,8.254391,-269.950252,6.465888,6.935230,70.783857,-97.050909,3.799587,2.752598,0.347018,-0.630152,0.040766,0.028904
1.059685,8.390306,-270.389586,6.429244,6.954190,70.799752,-96.966914,3.670766,2.747771,0.345440,-0.630671,0.040214,0.028140
1.060206,8.663992,-270.707481,6.477045,6.911941,70.376367,-97.143346,3.604801,2.695067,0.341619,-0.626953,0.040244,0.027676
1.060727,8.832658,-271.475837,6.447387,6.819026,70.304757,-97.090638,3.701038,2.731221,0.338907,-0.626728,0.040153,0.028354
1.061249,9.781811,-271.956019,6.571344,6.850627,69.633186,-97.207051,3.958524,2.695773,0.329977,-0.621608,0.041359,0.029944
1.061770,10.714667,-272.427430,6.401986,6.666881,68.289542,-97.383354,3.521597,2.773679,0.317770,-0.611561,0.039607,0.027693
1.062291,11.426174,-272.767949,6.267938,6.839078,67.105678,-97.423233,3.699223,2.767114,0.307473,-0.603173,0.039611,0.028970
1.062812,12.789170,-273.977057,6.353244,6.812180,66.674864,-97.408165,3.692275,2.811376,0.296204,-0.600240,0.039814,0.029107
1.063333,13.418120,-274.356563,6.292915,6.859429,65.885575,-97.233702,3.246206,2.713089,0.287986,-0.595534,0.038462,0.026295
1.063855,14.301305,-274.727391,6.615622,6.767742,64.784705,-97.338014,3.724231,2.851321,0.277261,-0.587239,0.041064,0.029759
1.064376,15.459033,-275.857518,6.549676,6.698002,63.885768,-97.261477,3.246206,2.713089,0.264786,-0.581173,0.039473,0.026599
1.064897,16.858291,-276.429067,6.451881,6.823424,63.016166,-97.620286,3.712885,2.831373,0.252626,-0.573222,0.040290,0.029923
1.065418,18.618748,-277.145314,6.307220,6.937207,61.785330,-97.717767,3.817320,2.810274,0.236093,-0.563820,0.039982,0.030783
1.065940,19.913438,-277.765306,6.498648,6.745780,60.979005,-97.823328,3.759697,2.705326,0.224373,-0.557418,0.040615,0.030335
1.066461,21.437512,-278.407473,6.206081,6.743195,59.953049,-97.828317,3.234572,2.782870,0.210140,-0.549807,0.037974,0.027173
1.066982,23.094267,-279.193521,6.232720,6.878214,57.959759,-97.658575,3.257912,2.583392,0.189749,-0.535622,0.038107,0.027266
1.067503,24.430105,-279.969395,6.519766,6.818525,57.938245,-97.831499,3.935981,2.433538,0.181937,-0.534683,0.041058,0.031719
1.068025,26.177989,-280.635894,6.380206,6.955874,56.816649,-98.029301,3.509601,2.591239,0.166237,-0.525276,0.039348,0.029150
1.068546,27.709177,-281.142101,6.257003,7.041096,54.903932,-98.921904,3.738197,2.884794,0.148148,-0.506691,0.039600,0.031428
1.069067,29.790292,-281.949186,6.148197,6.831876,53.892583,-99.188304,4.007305,2.945724,0.131122,-0.497713,0.039820,0.033588
1.069588,31.719052,-282.496174,6.147236,6.900059,51.937808,-98.962155,3.546369,2.650692,0.109721,-0.483310,0.038455,0.030181
1.070110,33.554791,-282.438132,6.250793,6.809791,50.394470,-99.388451,3.577252,3.001911,0.091737,-0.469268,0.039190,0.031116
1.070631,35.583559,-283.031171,6.120498,6.875237,48.813990,-99.645546,3.698533,2.912171,0.072021,-0.455516,0.038903,0.032083
1.071152,37.486329,-283.248883,6.273604,6.919050,46.916929,-99.560794,3.652715,2.729530,0.051295,-0.440375,0.039471,0.031828
1.071673,39.547896,-283.519860,6.197700,6.924549,45.555757,-99.513872,3.490710,2.691298,0.032639,-0.429307,0.038638,0.030753
1.072195,41.769181,-283.741755,6.133242,7.021539,44.646105,-99.375014,3.497980,2.767839,0.015603,-0.422246,0.038293,0.031084
1.072716,44.105627,-283.391445,6.362737,6.725117,42.558717,-99.522287,3.383873,2.779617,-0.008413,-0.404096,0.039193,0.030467
1.073237,45.805678,-283.524179,6.137456,6.821860,40.828214,-99.761073,3.543047,2.853839,-0.027080,-0.388464,0.038552,0.032030
1.073758,48.231259,-283.292058,6.363414,6.620242,39.177557,-99.612257,3.528174,2.682140,-0.049251,-0.374718,0.039563,0.032016
1.074280,50.287769,-283.346465,6.371110,6.695890,37.235400,-99.648858,3.566052,2.673087,-0.070934,-0.357601,0.039643,0.032610
1.074801,52.269349,-283.131425,6.357856,6.729079,35.725112,-100.138955,3.269175,3.182346,-0.090164,-0.342680,0.038922,0.030657
1.075322,54.562178,-282.346903,6.315218,6.976826,34.211168,-99.787211,3.299942,2.932233,-0.111018,-0.330283,0.038821,0.030934
1.075843,56.227756,-282.121123,5.895690,6.938318,32.375510,-99.787276,3.416825,2.904563,-0.130078,-0.313730,0.037125,0.032137
1.076365,57.920483,-281.510158,6.106181,6.986685,30.523581,-99.637127,3.177514,2.824249,-0.149513,-0.297270,0.037508,0.030216
1.076886,60.207961,-280.854251,6.300545,6.898788,29.447653,-99.827204,3.559789,2.674406,-0.168313,-0.286851,0.039436,0.033601
1.077407,62.135980,-280.642839,6.190888,7.035644,27.244079,-100.343141,3.522973,3.057281,-0.191159,-0.265118,0.038899,0.033594
1.077928,63.706899,-279.734320,6.010900,6.944363,26.833226,-99.075158,3.543688,2.413563,-0.201341,-0.264492,0.037927,0.033886
1.078450,65.404789,-278.928047,6.401203,6.924574,25.538435,-99.702444,3.673538,2.636361,-0.218873,-0.250755,0.040204,0.035156
1.078971,67.088042,-278.025474,6.275617,6.823717,23.728419,-99.871546,3.610363,2.620638,-0.238741,-0.233264,0.039508,0.034724
1.079492,68.589917,-277.525190,6.322410,6.951484,22.646475,-99.947544,3.524598,2.875076,-0.253172,-0.222821,0.039562,0.034111
1.080013,69.957991,-276.682613,6.084209,6.994088,21.119697,-100.157404,3.755926,2.928725,-0.269913,-0.207821,0.039211,0.036386
1.080534,71.691573,-275.695043,6.100458,6.914706,20.107395,-99.966782,3.881287,2.811303,-0.285524,-0.198492,0.039583,0.037710
1.081056,72.855761,-274.689011,6.434315,6.766466,19.539014,-99.785769,3.673538,2.636361,-0.295887,-0.193363,0.040453,0.035803
1.081577,74.212860,-273.909087,6.367536,6.890754,17.534251,-99.937035,3.647135,2.832405,-0.314948,-0.173685,0.040164,0.035732
1.082098,75.545259,-273.137945,6.129134,6.946678,17.035789,-99.817117,3.606855,2.743754,-0.325567,-0.169041,0.039081,0.035407
1.082619,76.787122,-272.510173,6.293988,6.910161,16.603923,-99.799428,4.089765,3.170378,-0.335304,-0.164863,0.041097,0.040206
1.083141,77.781552,-271.842957,6.301780,6.838013,15.401794,-99.608134,3.742312,3.132826,-0.347483,-0.153409,0.040133,0.036999
1.083662,78.705009,-271.382873,6.265572,6.743982,14.270315,-99.922199,3.274776,3.113073,-0.359471,-0.141855,0.038844,0.032413
1.084183,79.466794,-270.569009,6.198531,6.680300,13.288551,-99.098214,3.659600,2.387922,-0.368331,-0.133300,0.039091,0.036415
1.084704,80.255162,-269.734281,6.403139,6.708957,12.888579,-99.729115,3.529715,3.291583,-0.377280,-0.128523,0.040104,0.035064
1.085226,80.910799,-269.564452,6.342629,6.467366,12.083722,-99.620221,3.318684,3.314943,-0.384808,-0.120708,0.039126,0.033070
1.085747,81.599870,-269.025244,6.312662,6.710257,12.340069,-98.541390,3.265133,2.527915,-0.385886,-0.124579,0.038671,0.032776
1.086268,82.050610,-269.118919,6.432110,6.850526,11.477180,-98.896110,3.661901,2.478060,-0.393024,-0.115536,0.040074,0.036648
1.086789,82.575968,-268.447186,6.389619,6.629865,11.366167,-98.913158,3.645475,2.656166,-0.397656,-0.114409,0.039834,0.036502
1.087311,82.779285,-268.108566,6.459037,6.688739,11.296991,-98.930062,3.637254,2.504960,-0.399773,-0.113699,0.040142,0.036405
1.087832,82.845033,-268.174760,6.441099,6.670929,11.170282,-99.141244,3.809743,2.615533,-0.401046,-0.112197,0.040500,0.038059
1.088353,83.201367,-268.090798,6.515440,6.632897,10.915439,-100.207046,3.654079,3.315892,-0.406580,-0.108501,0.040822,0.036213
1.088874,83.504692,-267.775594,6.573964,6.652842,10.899247,-100.260276,3.598563,3.528434,-0.408986,-0.108284,0.041080,0.035674
1.089396,83.497962,-267.765489,6.611410,6.706668,10.907657,-99.734158,3.641340,3.300160,-0.407789,-0.108934,0.041173,0.036256
1.089917,83.567807,-267.824181,6.660714,6.723156,11.038087,-99.583381,3.614193,3.412397,-0.407032,-0.110392,0.041330,0.036048
1.090438,83.426137,-267.945294,6.634027,6.787059,10.951081,-99.751962,3.616573,3.303675,-0.406860,-0.109345,0.041250,0.036004
1.090959,83.418286,-267.838022,6.611842,6.875246,11.061943,-99.663823,3.598095,3.461010,-0.406306,-0.110540,0.041262,0.035866
1.091481,83.064901,-268.161823,6.624586,6.722041,11.169370,-99.747435,3.385583,3.284508,-0.403476,-0.111512,0.040663,0.033718
1.092002,82.615916,-268.816154,6.309687,7.021977,12.385214,-99.239541,3.010227,3.162924,-0.392648,-0.124159,0.038680,0.030123
1.092523,82.170837,-269.250102,6.520564,6.836260,12.434075,-99.339906,2.996073,3.096009,-0.389468,-0.124519,0.039334,0.029942
1.093044,81.855248,-269.847071,6.318398,6.937956,12.843877,-99.968964,3.619405,3.319004,-0.385875,-0.127779,0.040036,0.035864
1.093566,80.829745,-270.186515,6.386342,6.786436,13.494927,-99.299574,3.565718,2.801706,-0.375350,-0.135074,0.039843,0.035458
1.094087,80.183331,-271.187448,6.435728,6.846399,14.405487,-98.829060,3.098375,2.639496,-0.364574,-0.144742,0.038853,0.030934
1.094608,79.507682,-271.906441,6.411289,6.806160,14.602228,-99.691252,3.510220,2.753154,-0.360423,-0.145440,0.039738,0.034698
1.095129,78.380692,-272.323585,6.429126,6.853760,15.702584,-99.399228,3.419787,2.718895,-0.347731,-0.156680,0.039649,0.033831
1.095650,77.267848,-272.996584,6.455858,6.917980,16.658134,-99.424386,3.008454,2.722214,-0.335953,-0.166004,0.038928,0.029769
1.096172,76.159748,-273.810510,6.413236,6.811236,17.805319,-100.096621,3.498724,2.950562,-0.324079,-0.176040,0.039931,0.034261
1.096693,75.050341,-274.768538,6.543423,6.723028,18.435932,-99.817672,3.019171,2.766507,-0.312967,-0.182638,0.039223,0.029665
1.097214,73.662003,-275.740220,6.556415,6.935200,19.262713,-100.025893,3.816182,2.752606,-0.300231,-0.190248,0.041183,0.037141
1.097735,72.422336,-276.318187,6.476060,6.784938,20.515176,-99.748790,3.091455,2.705172,-0.285921,-0.202840,0.039048,0.030212
1.098257,70.607908,-277.057940,6.403806,6.662254,21.868185,-99.673207,3.506522,2.663864,-0.268151,-0.215977,0.039640,0.034028
1.098778,69.806354,-277.876724,6.432520,6.708813,22.646837,-100.455648,3.498578,2.996018,-0.259798,-0.221734,0.039895,0.033755
1.099299,67.787749,-278.842869,6.522613,6.821940,24.364805,-99.695323,3.133113,2.644992,-0.237800,-0.239694,0.039279,0.030280
1.099820,66.253978,-279.261408,6.283765,6.899383,24.536980,-99.971782,3.523269,2.838549,-0.228612,-0.240681,0.039209,0.033884
1.100342,64.781855,-279.785190,6.354798,6.915709,26.023630,-100.653248,3.855111,3.032211,-0.213082,-0.253007,0.040584,0.036636
1.100863,62.804174,-280.364955,6.395479,6.907657,27.341500,-99.908487,3.622295,2.682008,-0.194044,-0.267125,0.039978,0.034415
1.101384,60.921860,-281.331519,6.303809,7.096126,29.229289,-99.864450,3.687952,2.702445,-0.172903,-0.284737,0.039694,0.034789
1.101905,59.286961,-281.984318,6.321362,6.923539,31.143719,-100.048105,3.722283,2.702827,-0.153471,-0.301780,0.039860,0.034774
1.102427,57.148936,-282.200065,6.426331,6.865344,32.834370,-100.309039,3.875394,2.927869,-0.132889,-0.316340,0.040890,0.035947
1.102948,55.080333,-282.671846,6.365050,7.181698,33.805706,-99.744613,3.211568,2.657298,-0.115781,-0.326772,0.038753,0.029995
1.103469,53.170602,-283.240206,6.390360,6.908926,35.155236,-99.844225,3.821911,2.777522,-0.097918,-0.338545,0.040406,0.035154
1.103990,51.321170,-283.421586,6.134187,6.707813,36.681608,-100.239901,3.641304,2.687602,-0.079749,-0.350803,0.038822,0.033184
1.104512,49.299311,-283.758392,6.083847,6.955558,38.086817,-99.844038,3.294918,2.749800,-0.060890,-0.364425,0.037562,0.030233
1.105033,47.477396,-283.786012,6.084450,6.918364,40.051033,-99.688220,3.302067,2.737650,-0.040317,-0.382025,0.037578,0.030061
1.105554,45.283827,-283.803348,6.071032,6.995906,41.805877,-100.067641,3.298393,2.817807,-0.018927,-0.395736,0.037598,0.029797
1.106075,42.894970,-283.668063,6.348266,6.849305,43.376651,-99.651291,3.745843,2.835102,0.002618,-0.410549,0.040056,0.033273
1.106597,40.846438,-283.560769,6.385945,6.911356,44.918768,-99.487002,3.659207,2.688768,0.022120,-0.424104,0.039975,0.032190
1.107118,38.931327,-283.238422,6.331950,6.846445,46.204176,-99.376148,3.214633,2.719945,0.039535,-0.435210,0.038595,0.028582
1.107639,36.824515,-283.051158,6.324788,6.874385,47.608517,-99.516877,3.472402,2.852453,0.058690,-0.446216,0.039250,0.030508
1.108160,34.898237,-282.745339,6.455023,6.951692,48.930050,-99.301407,3.667839,2.731599,0.076342,-0.457825,0.040355,0.031658
1.108682,33.198896,-282.451996,6.212355,6.819597,50.988393,-99.125889,3.579978,2.593723,0.096735,-0.475085,0.038934,0.030478
1.109203,31.225019,-281.176014,6.341115,6.878697,52.106267,-99.171037,3.442403,2.858639,0.114230,-0.483775,0.039402,0.029679
1.109724,29.443508,-280.901793,6.204654,6.798505,53.102334,-98.957825,3.686419,2.745465,0.129308,-0.492509,0.039346,0.031148
1.110245,27.331805,-280.583871,6.336028,6.858549,54.377719,-98.820172,3.711951,2.656974,0.147713,-0.503050,0.039962,0.030988
1.110767,25.714544,-280.007845,6.220900,6.606327,55.447788,-99.136828,3.603401,2.906143,0.162932,-0.509960,0.039225,0.030373
1.111288,24.027948,-279.509342,6.395577,6.599456,56.742376,-98.815593,3.622281,2.784020,0.179109,-0.521252,0.039995,0.030133
1.111809,22.864278,-278.431486,6.258665,6.675073,58.794596,-98.427796,3.718474,2.409931,0.197019,-0.538459,0.039623,0.029857
1.112330,21.055345,-278.064422,6.314957,6.751371,59.253726,-98.599927,3.743597,2.866354,0.209717,-0.541118,0.040008,0.030705
1.112851,19.565293,-277.293924,6.432881,6.524485,60.676862,-98.977145,3.708467,3.071886,0.226594,-0.549952,0.040518,0.030543
1.113373,18.703003,-276.614935,6.313294,6.729349,60.984328,-98.398643,3.619220,2.879278,0.232941,-0.554828,0.039743,0.029628
1.113894,17.057467,-275.994743,6.268631,6.811817,62.410832,-97.704947,3.661068,2.525215,0.249097,-0.568439,0.039462,0.029081
1.114415,15.859374,-275.344955,6.524278,6.648996,63.062170,-98.425408,3.500992,3.031466,0.260730,-0.569817,0.040402,0.028839
1.114936,14.870637,-274.928614,6.322779,6.594706,64.381482,-97.774658,3.668380,2.735116,0.272526,-0.582305,0.039674,0.029155
1.115458,14.063546,-274.323314,6.543572,6.727640,64.265775,-97.578383,3.588433,2.744571,0.276749,-0.582402,0.040539,0.028720
1.115979,12.983258,-273.297298,6.405056,6.541105,65.009362,-97.323855,3.717137,2.494789,0.287459,-0.588904,0.040184,0.028942
1.116500,12.384737,-273.171007,6.338153,6.524051,65.005922,-97.957049,3.630425,3.030226,0.291755,-0.585888,0.039876,0.029414
1.117021,11.649243,-272.514827,6.384249,6.748712,66.451697,-97.314216,3.768280,2.853702,0.303157,-0.599128,0.040343,0.029731
1.117543,10.959783,-272.382961,6.367838,6.656703,66.456949,-97.397211,3.793379,2.801840,0.307118,-0.598768,0.040283,0.029759
1.118064,10.540921,-272.084557,6.336711,6.697233,66.769310,-97.649760,3.688117,3.134643,0.311830,-0.599745,0.040037,0.029767
1.118585,10.445529,-271.918205,6.386106,6.708250,67.852353,-97.492993,3.995084,2.863800,0.317954,-0.608017,0.040896,0.030851
1.119106,9.937275,-271.682272,6.543654,6.652389,68.184273,-97.565565,4.098827,2.915738,0.322826,-0.609958,0.041811,0.031521
1.119628,9.598205,-271.640823,6.551089,6.636258,69.157988,-97.683132,3.806510,3.057368,0.329871,-0.616064,0.041055,0.029860
1.120149,8.956360,-271.583385,6.411604,6.685851,68.641576,-97.439916,3.775529,3.054442,0.330189,-0.613706,0.040368,0.029807
1.120670,8.784876,-271.794441,6.380468,6.830737,68.786191,-97.305488,3.776741,3.017329,0.331202,-0.615348,0.040214,0.029723
1.121191,8.658464,-271.533738,6.366141,6.799593,68.983852,-97.401836,3.889414,3.034665,0.333495,-0.616235,0.040474,0.030383
1.121713,8.825470,-271.382977,6.423939,6.668896,68.986754,-97.324182,3.914292,2.984234,0.332783,-0.616631,0.040724,0.030428
1.122234,8.825470,-271.382977,6.423939,6.668896,68.580603,-97.215763,3.749466,2.885244,0.330506,-0.614373,0.040298,0.029302
1.122755,9.027805,-271.664432,6.375782,6.724562,68.266339,-97.197959,3.633410,2.842213,0.327327,-0.612297,0.039808,0.028562
1.123276,9.217881,-271.741475,6.281934,6.700769,67.898031,-97.611304,3.871494,2.972873,0.325038,-0.607764,0.040131,0.030303
1.123798,10.070550,-271.984856,6.511245,6.698762,67.310691,-97.122400,3.558416,2.672918,0.316350,-0.606046,0.040221,0.027903
1.124319,10.530967,-272.523348,6.400746,6.874612,66.924785,-97.733916,3.513669,2.921689,0.312095,-0.600428,0.039844,0.028164
1.124840,10.944614,-272.566644,6.382346,6.804479,66.483908,-97.338101,3.728673,2.849775,0.306937,-0.599239,0.040205,0.029466
1.125361,12.064412,-273.389718,6.503422,6.630122,65.775779,-97.260345,3.228936,2.916348,0.295996,-0.594632,0.039424,0.026694
1.125883,12.579355,-273.883437,6.349834,6.847847,64.722968,-97.410627,3.717119,2.814315,0.287302,-0.586456,0.040005,0.029633
1.126404,13.622057,-274.470473,6.395076,6.720470,64.640457,-97.422440,3.723678,2.702156,0.280561,-0.585812,0.040099,0.029455
1.126925,14.551977,-275.234551,6.254620,6.847820,64.307173,-97.556844,3.570092,2.660066,0.273037,-0.582799,0.039089,0.028421
1.127446,15.617748,-275.758758,6.376153,6.815710,63.862462,-97.875394,3.698405,2.723543,0.264844,-0.578122,0.039982,0.029404
1.127967,16.510982,-276.124085,6.471278,6.639194,62.410580,-97.686767,3.523368,2.854664,0.251773,-0.568522,0.039944,0.028841
1.128489,17.979870,-276.507320,6.394367,6.627201,61.319632,-97.930787,3.444022,2.569910,0.238092,-0.559428,0.039477,0.027885
1.129010,19.367150,-277.663181,6.299241,6.609611,60.970878,-98.296583,3.864404,2.779909,0.227918,-0.555194,0.040076,0.031089
1.129531,20.887613,-278.545377,6.196968,6.661549,59.018557,-98.638883,3.698695,2.772500,0.208858,-0.539190,0.039242,0.030262
1.130052,21.913118,-279.068232,6.324354,6.767666,58.278482,-98.482396,4.126697,2.664255,0.198717,-0.534343,0.040937,0.033223
1.130574,23.358973,-279.623934,6.165110,6.797783,56.995130,-98.470114,3.901786,2.703732,0.183587,-0.524690,0.039602,0.031979
1.131095,25.271292,-280.349290,6.322591,6.697816,55.415296,-98.529040,3.598360,2.579734,0.164296,-0.512333,0.039458,0.029915
1.131616,26.598704,-280.725066,6.578146,6.762433,54.537679,-98.673188,3.717986,2.568916,0.152279,-0.504922,0.040986,0.030896
1.132137,28.369711,-281.812133,6.473408,6.733900,52.773107,-99.178871,3.617985,2.700599,0.132833,-0.488997,0.040232,0.030590
1.132659,30.290732,-282.466622,6.430714,6.836595,51.440709,-99.435832,3.492153,2.806325,0.115044,-0.477412,0.039722,0.030004
1.133180,31.610904,-282.647296,6.152933,6.893133,50.238721,-99.797674,3.584173,2.897920,0.101525,-0.466368,0.038763,0.030936
1.133701,33.551989,-282.360469,6.244504,6.834734,48.555702,-99.083071,3.622063,3.069725,0.081681,-0.455656,0.039267,0.031918
1.134222,35.645487,-282.803771,6.238886,6.838290,47.597449,-98.954676,3.962713,2.480474,0.064918,-0.448334,0.040114,0.033964
1.134744,37.732388,-282.782085,6.211251,6.981389,45.970200,-98.998387,3.257309,2.725812,0.044793,-0.434726,0.038129,0.029038
1.135265,39.551641,-283.163969,6.142757,7.009733,44.147989,-98.954237,3.190395,2.663164,0.024947,-0.419644,0.037566,0.028693
1.135786,41.487910,-283.446233,6.116319,6.880829,42.743032,-99.035031,3.343277,3.180511,0.006806,-0.407443,0.037798,0.030763
1.136307,43.596735,-284.320945,6.092788,6.967006,41.343214,-100.671154,3.446849,2.870972,-0.012270,-0.389676,0.038115,0.030964
1.136829,45.589462,-283.783415,6.225364,6.831953,40.083040,-100.113742,3.953298,2.806635,-0.029971,-0.380830,0.040133,0.035381
1.137350,47.603756,-283.669156,6.134329,6.919720,38.424648,-99.534484,3.122421,2.572172,-0.049809,-0.368417,0.037342,0.028649
1.137871,49.651584,-283.416546,6.055078,6.872848,36.829878,-99.742218,3.655678,2.673248,-0.069694,-0.353721,0.038423,0.033409
1.138392,51.540795,-283.130408,6.057488,7.003532,35.612011,-99.928641,3.498662,2.816580,-0.086729,-0.342342,0.038063,0.032319
1.138914,53.605683,-282.636685,6.196363,6.889201,34.228311,-100.302211,3.476019,3.127570,-0.105876,-0.328860,0.038776,0.032471
1.139435,55.344535,-281.977573,6.401499,6.770843,32.766475,-100.086818,3.339163,3.082284,-0.123498,-0.316383,0.039411,0.031479
1.139956,57.116646,-282.406672,6.308259,6.663908,30.767933,-100.874900,3.570766,2.941615,-0.144140,-0.296047,0.039521,0.033392
1.140477,59.115961,-281.969978,6.232809,6.826016,29.387054,-100.804361,3.528716,2.842519,-0.162648,-0.283664,0.039047,0.033141
1.140999,60.658545,-281.549130,6.214622,7.146335,27.458975,-100.085982,3.711674,2.360216,-0.180954,-0.267765,0.039291,0.035010
1.141520,62.320910,-280.425243,6.242108,6.865012,27.012647,-101.136266,3.651897,3.015885,-0.194447,-0.260999,0.039632,0.034514
1.142041,64.195383,-280.026390,6.189753,6.811592,25.264836,-101.322098,3.596375,3.111058,-0.214498,-0.244368,0.039224,0.034185
1.142562,65.416907,-279.127220,6.249112,6.853240,24.963010,-99.972463,3.828616,2.357606,-0.222080,-0.244695,0.039881,0.036473
1.143084,67.166249,-278.601528,6.374178,6.927388,23.666261,-100.525104,3.803854,2.776745,-0.239585,-0.231216,0.040506,0.036378
1.143605,68.428963,-277.878256,6.262581,7.018209,21.488677,-100.168903,3.709829,2.360190,-0.258243,-0.211322,0.039646,0.035735
1.144126,70.041474,-277.566064,6.356419,6.978992,21.406565,-99.849624,3.650776,2.385541,-0.267125,-0.211191,0.039801,0.035297
1.144647,71.083523,-275.586507,6.365832,6.925427,20.243339,-98.582209,3.165301,2.171876,-0.279696,-0.202529,0.038666,0.031113
1.145168,72.766669,-275.072802,5.999956,6.971542,19.087279,-98.867040,3.648907,2.471495,-0.295709,-0.190714,0.038300,0.035884
1.145690,73.777925,-274.133949,6.297988,6.885957,17.755680,-99.017351,3.618736,2.271787,-0.309625,-0.177433,0.039500,0.035632
1.146211,74.599977,-273.624216,6.293205,6.817802,17.479942,-100.124799,3.457435,3.021858,-0.318047,-0.172840,0.039461,0.033898
1.146732,75.446822,-273.022634,6.495711,6.743424,16.798201,-99.582438,4.131686,2.787497,-0.326078,-0.167113,0.041828,0.040603
1.147253,76.391823,-272.584962,6.309794,6.768619,15.902859,-99.561281,3.962886,2.621524,-0.336318,-0.158391,0.040538,0.039029
1.147775,77.154683,-272.202654,6.670879,6.654298,15.196936,-99.236476,3.731185,2.244211,-0.343968,-0.151958,0.041232,0.036893
1.148296,78.023050,-270.842896,6.302762,6.868410,14.431769,-98.074618,3.315293,2.350019,-0.352684,-0.146102,0.038773,0.033267
1.148817,78.377500,-270.618710,6.435290,6.688141,14.108001,-99.478797,3.058564,3.147588,-0.359242,-0.140880,0.039159,0.030459
1.149338,79.345755,-270.101012,6.450587,6.648403,13.935368,-98.874898,3.554486,2.562116,-0.364904,-0.140017,0.040017,0.035431
1.149860,79.403147,-269.792877,6.559795,6.473629,13.138985,-99.419680,3.617060,3.036681,-0.370932,-0.131395,0.040738,0.035977
1.150381,80.086021,-269.893083,6.334372,6.806087,13.498211,-98.358557,3.682350,2.421537,-0.370283,-0.136383,0.039746,0.036895
1.150902,80.362993,-269.476728,6.346018,6.695065,12.874100,-99.181409,3.553457,3.009465,-0.377317,-0.129082,0.039755,0.035446
1.151423,80.538321,-269.081778,6.340137,6.896574,13.543448,-99.820584,3.536598,3.548281,-0.376887,-0.134854,0.040261,0.035110
1.151945,80.613939,-268.904447,6.388628,6.671665,12.706096,-99.437209,3.383365,3.150670,-0.381121,-0.127091,0.039712,0.033715
1.152466,80.704213,-270.059140,6.390999,6.787403,12.909467,-100.529714,3.453302,3.328839,-0.380420,-0.127715,0.040013,0.034052
1.152987,80.794810,-269.686802,6.429325,6.775924,12.192958,-100.195519,3.285549,3.301484,-0.384596,-0.121096,0.039736,0.032554
1.153508,80.990721,-269.714026,6.573488,6.732476,12.192958,-100.195519,3.285549,3.301484,-0.385533,-0.121096,0.040286,0.032554
1.154030,81.103566,-269.589481,6.544714,6.704020,13.065068,-100.643769,3.629571,3.533797,-0.382852,-0.129093,0.041163,0.035748
1.154551,80.725773,-269.566614,6.425507,6.832087,12.751720,-99.911208,3.671789,3.126040,-0.381075,-0.126944,0.040578,0.036374
1.155072,80.556100,-269.536557,6.326401,6.848954,13.094020,-100.071883,3.622241,3.193291,-0.378858,-0.130107,0.040171,0.035823
1.155593,80.302857,-270.041272,6.379138,6.964492,14.218005,-98.556127,3.074827,2.471442,-0.367829,-0.143275,0.038754,0.030767
1.156115,79.733593,-270.344310,6.437465,6.752225,14.282838,-98.297307,3.060106,2.591132,-0.363517,-0.144293,0.038794,0.030717
1.156636,79.067270,-271.719046,6.545212,6.851416,14.556088,-99.879429,3.053576,3.327528,-0.359135,-0.144718,0.039620,0.030312
1.157157,78.330926,-272.265527,6.405866,6.964391,15.705554,-99.788063,3.509665,2.437826,-0.348291,-0.156109,0.039854,0.034526
1.157678,77.776681,-272.904552,6.366243,6.833084,16.521950,-99.624234,3.175356,2.404210,-0.339790,-0.164347,0.038788,0.031264
1.158200,76.700999,-273.382610,6.436298,6.920373,17.293852,-99.854245,3.794018,2.499909,-0.329842,-0.171490,0.040670,0.037128
1.158721,76.202370,-274.204443,6.211181,6.938794,17.698038,-99.863694,3.643035,2.405018,-0.323766,-0.175401,0.039236,0.035610
1.159242,75.006902,-274.764068,6.291359,6.832442,19.170094,-99.953591,3.509352,2.894063,-0.309171,-0.189489,0.039367,0.034285
1.159763,74.004201,-275.412783,6.340821,6.840069,19.548184,-99.475151,2.737558,2.192466,-0.300167,-0.194041,0.037634,0.026823
1.160284,72.848536,-276.572037,6.207925,7.079380,19.737283,-99.905924,3.648423,2.217955,-0.292035,-0.195047,0.039132,0.035399
1.160806,71.625420,-276.290779,6.541765,6.982879,20.389744,-98.878494,3.220778,2.280833,-0.281145,-0.203360,0.039509,0.031576
1.161327,70.230594,-276.727864,6.271752,6.928541,22.444885,-98.963421,3.315293,2.350019,-0.262607,-0.223027,0.038622,0.032270
1.161848,68.924932,-277.702971,6.309001,6.997914,23.221924,-99.125315,3.609323,2.414475,-0.250550,-0.230118,0.039476,0.034939
1.162369,67.642346,-278.402126,6.109195,6.995960,24.277444,-99.282088,3.216685,2.393945,-0.237529,-0.239824,0.037615,0.031074
1.162891,66.006000,-279.521037,6.255799,6.785753,25.275382,-98.970023,3.496102,2.140194,-0.221877,-0.250040,0.038706,0.033565
1.163412,64.279006,-280.325998,6.399034,6.962252,26.975263,-99.535620,3.525025,2.349639,-0.203481,-0.264654,0.039586,0.033526
1.163933,62.681667,-280.993963,6.376746,7.010636,27.861297,-100.308001,3.992523,2.864194,-0.190378,-0.270928,0.040896,0.037678
1.164454,60.870356,-280.557371,6.313459,7.086305,29.147222,-98.051647,2.923197,1.970572,-0.172100,-0.288945,0.037623,0.027937
1.164976,59.483879,-281.013184,6.135482,6.967779,30.578108,-99.583123,3.233646,3.157471,-0.157994,-0.297922,0.037852,0.030979
1.165497,57.466297,-281.377528,6.143487,6.816689,32.391889,-98.949608,3.281554,2.416508,-0.136592,-0.316363,0.037851,0.030812
1.166018,55.661911,-281.826182,6.098004,6.719818,33.148100,-99.237745,3.697238,2.657112,-0.122684,-0.322375,0.038771,0.034469
1.166539,53.922483,-282.537798,6.249793,6.953574,34.933841,-99.552531,3.456707,3.055352,-0.103401,-0.337484,0.038849,0.032369
1.167061,52.140335,-282.984527,6.297211,6.986370,36.327507,-98.931912,3.255190,2.358344,-0.085704,-0.351912,0.038385,0.030002
1.167582,50.235737,-283.048817,6.225524,6.998023,37.931623,-99.696838,4.010344,2.802261,-0.067006,-0.363557,0.040302,0.036359
1.168103,48.302654,-282.914730,6.301942,6.901200,38.821287,-99.393100,3.700027,2.537113,-0.051618,-0.372362,0.039768,0.033437
1.168624,46.108494,-282.945770,6.034670,6.945364,41.188210,-99.796201,3.694811,2.912830,-0.026858,-0.391426,0.038623,0.033267
1.169146,44.494843,-283.923494,6.355622,6.869154,42.435191,-100.283474,3.278875,3.199007,-0.011215,-0.400305,0.038941,0.030001
1.169667,42.701157,-283.758579,6.347613,6.918225,43.812907,-99.645232,3.174056,2.739455,0.006038,-0.414246,0.038546,0.028550
1.170188,40.772632,-283.757002,6.191260,6.746177,45.299237,-99.543935,3.659298,2.781560,0.024568,-0.427060,0.039029,0.032225
1.170709,38.640740,-283.518062,6.400124,6.895171,46.240766,-99.305926,3.227565,2.774043,0.041234,-0.435783,0.038881,0.028770
1.171231,36.987120,-282.952359,6.276263,6.927212,47.609900,-99.230392,3.679605,2.641443,0.057756,-0.447351,0.039536,0.031880
1.171752,35.195359,-282.639159,6.270174,7.066051,49.197383,-99.151052,3.673490,2.812574,0.076163,-0.460592,0.039501,0.031803
1.172273,33.254558,-281.937441,6.285770,6.607349,50.925976,-99.241325,3.543505,2.768437,0.096426,-0.474114,0.039310,0.030450
1.172794,31.457028,-282.520968,6.291446,6.742661,52.382302,-99.931912,3.132076,2.843561,0.114105,-0.482804,0.038261,0.027229
1.173316,29.778617,-281.682390,6.193558,6.793260,53.934404,-100.087320,3.299174,2.925153,0.132244,-0.494261,0.038343,0.028311
1.173837,28.580176,-281.798343,6.090148,6.806792,54.208679,-99.837162,3.188145,2.923376,0.139926,-0.497431,0.037468,0.027550
1.174358,26.943630,-281.016043,6.321700,6.617407,55.659685,-99.295191,3.952391,2.642478,0.156727,-0.510905,0.040482,0.032345
1.174879,25.442991,-280.495475,6.226918,6.733180,56.848229,-99.374013,3.566199,2.833355,0.171686,-0.519624,0.039057,0.029700
1.175401,23.681098,-279.866496,6.143182,6.864974,57.190734,-98.606135,3.644158,2.476166,0.182806,-0.525578,0.038777,0.029724
1.175922,22.789499,-279.161539,6.400054,6.658122,59.061793,-98.997502,3.614624,2.698044,0.198673,-0.537915,0.039960,0.029477
1.176443,21.200451,-278.826345,6.303357,6.721347,60.021814,-99.620127,3.336044,3.271258,0.213333,-0.542261,0.038980,0.028536
1.176964,20.231445,-277.461567,6.572155,6.752695,61.702581,-99.088515,3.597562,3.364733,0.228438,-0.556945,0.040927,0.030276
1.177485,18.994465,-276.357538,6.278847,6.693013,61.617580,-98.087212,3.534069,3.093648,0.234687,-0.560891,0.039359,0.029483
1.178007,18.051313,-276.363014,5.968775,6.780083,62.438344,-98.657151,3.320922,3.322181,0.244770,-0.564247,0.037533,0.028447
1.178528,16.852880,-276.028745,6.286308,6.719231,63.902994,-98.097424,3.620765,3.089352,0.258512,-0.577375,0.039467,0.029647
1.179049,15.834961,-275.462732,6.333440,6.633914,64.537448,-98.521694,3.969062,3.079323,0.268596,-0.579923,0.040666,0.031621
1.179570,14.971001,-275.016176,6.351509,6.796627,64.843114,-98.212410,3.573536,2.968907,0.274933,-0.583536,0.039724,0.028902
1.180092,14.709470,-274.526590,6.309732,6.660276,65.303233,-97.647476,3.628202,2.566457,0.278597,-0.589454,0.039506,0.028401
1.180613,14.007539,-274.304681,6.544611,6.607770,65.898762,-98.251712,4.243350,2.972280,0.286631,-0.590799,0.042263,0.032912
1.181134,13.085055,-272.911969,6.338826,6.544012,66.339892,-97.048672,3.824677,2.792802,0.294041,-0.599616,0.040161,0.030019
1.181655,12.924651,-272.930262,6.322726,6.560351,67.007774,-97.505387,3.759777,3.021329,0.299052,-0.602098,0.040010,0.029919
1.182177,12.799106,-272.993448,6.308081,6.674092,66.777239,-97.509314,3.558586,3.067073,0.298411,-0.600472,0.039497,0.028848
1.182698,12.542642,-272.761548,6.413247,6.624342,66.751133,-96.976419,3.712927,2.723653,0.299126,-0.602846,0.040169,0.029102
1.183219,12.355229,-272.715980,6.370327,6.734651,66.761134,-97.535289,3.632159,3.137988,0.301126,-0.600235,0.040023,0.029461
1.183740,12.065828,-272.657523,6.537463,6.841470,66.889702,-97.317174,3.719304,3.148427,0.303041,-0.602177,0.040946,0.030030
1.184262,11.986905,-272.409538,6.574369,6.815333,67.188924,-97.573821,3.716414,3.285364,0.305831,-0.603031,0.041198,0.030248
1.184783,11.933608,-272.539087,6.645050,6.737044,66.667502,-97.732065,3.553962,3.223202,0.303441,-0.598642,0.041107,0.029182
1.185304,11.925852,-273.448222,6.663984,6.678732,67.041240,-98.168093,3.661911,3.124722,0.304653,-0.599173,0.041272,0.029443
1.185825,11.933767,-273.396377,6.674273,6.637415,67.398353,-98.536124,3.782217,3.310593,0.307155,-0.599904,0.041694,0.030478
1.186347,12.367276,-273.271755,6.427083,6.790715,66.756952,-97.953193,3.637492,3.237624,0.300819,-0.598215,0.040298,0.029658
1.186868,12.690456,-273.518339,6.362776,6.780056,66.245929,-97.436043,3.617274,2.796268,0.295260,-0.597102,0.039775,0.028682
1.187389,13.008026,-273.432103,6.354714,6.811849,66.385173,-97.416289,3.739798,2.749485,0.294438,-0.598173,0.040076,0.029322
1.187910,13.767831,-274.067257,6.396609,6.530107,65.670569,-97.574041,4.102640,2.713691,0.286015,-0.592397,0.041087,0.031676
1.188432,14.845314,-274.339561,6.384997,6.748416,65.388041,-97.604150,4.147133,2.904209,0.278545,-0.590259,0.041311,0.032394
1.188953,15.221518,-274.567039,6.275163,6.768578,64.422365,-97.171278,3.622153,3.001545,0.270550,-0.585444,0.039420,0.029545
1.189474,15.945580,-275.783067,6.599577,6.729111,63.248117,-98.553185,3.612090,2.803817,0.260820,-0.570565,0.040931,0.029002
1.189995,17.260126,-276.564911,6.201445,6.760095,62.905254,-98.451971,3.786574,2.791656,0.250872,-0.568563,0.039534,0.030190
1.190517,18.007584,-277.071102,6.524121,6.635019,62.431295,-98.578232,3.703573,2.777968,0.243926,-0.564558,0.040690,0.029686
1.191038,19.057925,-277.701501,6.277531,6.807476,61.295789,-98.598918,3.590545,2.807862,0.231599,-0.556200,0.039338,0.029204
1.191559,20.446186,-278.387769,6.308988,6.647557,60.491768,-99.365189,3.452677,3.070789,0.220067,-0.546852,0.039239,0.028829
1.192080,21.428572,-279.081833,6.264832,6.649612,59.316974,-99.048181,3.538602,3.088602,0.207425,-0.539588,0.039141,0.029671
1.192601,23.040956,-279.589840,6.386234,6.832730,59.053106,-99.003696,3.556637,2.667630,0.196836,-0.537823,0.039702,0.029028
1.193123,24.251104,-280.036656,6.390880,6.681214,57.533350,-98.713025,3.676991,2.013806,0.181531,-0.527702,0.039927,0.029186
1.193644,25.785821,-280.014145,6.461607,6.653103,56.657961,-98.621218,3.590269,2.860273,0.168580,-0.521459,0.040151,0.030101
1.194165,27.381969,-280.522439,6.239945,6.537829,55.090302,-98.845128,3.917203,2.769632,0.151348,-0.508461,0.040057,0.032500
1.194686,28.341297,-280.869908,6.391379,6.813559,53.820599,-99.315041,3.891551,2.997571,0.139429,-0.496617,0.040812,0.032822
1.195208,29.652281,-281.609436,6.255237,6.920012,52.682497,-98.890403,3.761546,2.627580,0.125381,-0.489492,0.039642,0.031614
1.195729,31.842187,-282.249720,6.136599,6.883535,51.199264,-99.350032,3.948752,2.891592,0.105442,-0.475846,0.039686,0.033567
1.196250,33.462273,-282.581719,6.185944,6.681866,51.112092,-99.126423,3.621619,2.610071,0.095913,-0.476070,0.038894,0.030790
1.196771,35.110698,-283.073349,6.205071,6.907765,49.022484,-99.819169,3.623648,3.080230,0.075770,-0.456513,0.039111,0.031694
1.197293,37.032151,-283.310958,6.399083,6.785459,47.281073,-99.916766,3.688613,2.779359,0.055827,-0.441982,0.040211,0.032023
1.197814,38.773437,-282.668229,6.430448,6.875254,45.605397,-99.383025,3.613337,2.751186,0.037258,-0.430218,0.040216,0.031814
1.198335,40.521558,-283.077861,6.394045,6.818687,44.824356,-99.345442,3.562233,2.811402,0.023415,-0.423849,0.039826,0.031625
1.198856,42.399611,-283.919064,6.292525,6.866215,43.013839,-100.648426,3.619220,2.879278,0.003351,-0.403874,0.039608,0.032115
1.199378,44.049258,-282.865152,6.264071,6.773890,41.628955,-99.626379,3.563853,2.896890,-0.013208,-0.395800,0.039327,0.032164
1.199899,45.860564,-282.835264,6.130611,6.823938,40.837553,-99.778873,3.656059,2.967906,-0.027433,-0.388481,0.038980,0.033071
1.200420,47.843548,-282.861827,6.121851,6.956239,38.360285,-99.456231,3.207601,2.678125,-0.051661,-0.368118,0.037641,0.029495
1.200941,49.746258,-282.656178,6.118216,6.859927,37.535432,-99.649077,3.516922,2.907457,-0.066624,-0.360239,0.038486,0.032372
1.201463,51.371802,-283.318754,6.132565,6.956952,36.100669,-100.622800,3.310123,2.773950,-0.083394,-0.344468,0.038033,0.030434
1.201984,53.545768,-282.603710,6.196613,6.740130,35.071411,-100.096673,3.398096,2.475711,-0.100882,-0.337009,0.038532,0.031206
1.202505,55.452945,-282.356102,6.178308,6.857974,33.382235,-100.485084,3.785771,2.657259,-0.120763,-0.320740,0.039560,0.034841
1.203026,57.356233,-282.366242,6.095009,7.075140,31.457568,-100.336264,3.685170,2.930651,-0.141328,-0.303815,0.038798,0.034465
1.203548,58.649738,-281.602977,6.340902,6.718085,31.132020,-100.718500,3.655380,3.067685,-0.150971,-0.299784,0.040011,0.034224
1.204069,60.643196,-280.985379,6.306173,7.074183,29.280121,-100.708697,3.610204,3.004735,-0.172248,-0.282941,0.039780,0.034008
1.204590,61.995823,-280.521697,6.274385,6.941871,27.932089,-99.875059,3.625354,2.527296,-0.186377,-0.272703,0.039446,0.034300
1.205111,63.563246,-279.826786,6.223713,6.990965,27.086822,-99.724371,3.400222,2.758437,-0.199829,-0.265218,0.038687,0.032515
1.205633,65.024352,-279.706367,6.367365,7.021019,25.458615,-100.272737,3.754893,2.282840,-0.217030,-0.248640,0.040228,0.035596
1.206154,66.442135,-279.557620,6.453778,6.706550,23.841694,-101.158949,3.503026,3.034523,-0.234404,-0.231461,0.040041,0.033483
1.206675,67.909959,-278.779965,6.332628,6.849843,23.758051,-100.712838,3.581136,2.565281,-0.243049,-0.231664,0.039667,0.034161
1.207196,69.057025,-278.037346,6.373903,6.705889,22.430449,-100.383429,3.204046,2.631709,-0.256668,-0.219836,0.038865,0.030908
1.207718,70.115044,-277.304814,6.368834,6.818551,21.526941,-100.278320,3.673852,2.339133,-0.267872,-0.211463,0.039998,0.035348
1.208239,71.451643,-276.642103,6.174185,6.824788,20.430615,-100.033822,3.310014,2.373701,-0.281237,-0.201466,0.038202,0.032103
1.208760,72.485600,-276.315504,6.427283,6.869300,19.320546,-100.026224,3.655728,2.281255,-0.292904,-0.190805,0.040087,0.035488
1.209281,73.844307,-275.531953,6.313069,6.829311,19.004651,-100.252442,3.558552,2.382454,-0.303222,-0.187345,0.039452,0.034539
1.209802,74.516302,-274.078796,6.324922,6.780866,17.688999,-99.295124,3.727362,2.321614,-0.314349,-0.176296,0.039856,0.036607
1.210324,75.322039,-273.639155,6.507882,6.678532,17.412069,-99.243415,3.657983,2.223956,-0.320605,-0.173680,0.040402,0.035961
1.210845,76.008019,-273.350531,6.378367,6.844991,17.242295,-100.284135,3.440949,3.108217,-0.327340,-0.170270,0.039808,0.033726
1.211366,76.555321,-272.920955,6.392466,6.705353,16.445464,-99.046746,3.315293,2.350019,-0.332847,-0.164536,0.039087,0.032799
1.211887,77.442263,-272.288237,6.499694,6.703329,16.049528,-101.236833,3.251307,3.463657,-0.344594,-0.157226,0.040167,0.031772
1.212409,77.658176,-272.137151,6.461735,6.733791,16.000627,-100.892708,3.259084,3.662480,-0.345605,-0.157281,0.040040,0.032006
1.212930,78.255811,-272.238450,6.318686,6.865014,15.706552,-100.807101,3.483139,3.399044,-0.349856,-0.154565,0.039832,0.034121
1.213451,78.534330,-271.295420,6.456745,6.808451,14.966807,-99.924239,3.612491,3.410156,-0.355202,-0.148676,0.040623,0.035711
1.213972,78.925395,-271.142523,6.374801,6.709659,14.977853,-99.774264,3.462869,3.440054,-0.357155,-0.149005,0.039856,0.034317
1.214494,79.197238,-270.971118,6.505745,6.792805,13.931298,-99.828348,3.451634,3.448340,-0.364329,-0.138657,0.040386,0.034243
1.215015,79.146128,-270.893488,6.508039,6.827108,14.030115,-99.852979,3.377327,3.465407,-0.363763,-0.139594,0.040291,0.033511
1.215536,79.361339,-270.709093,6.536110,6.911875,13.832791,-99.394891,3.415983,3.153118,-0.365334,-0.138282,0.040365,0.033992
1.216057,79.326961,-270.930999,6.582430,6.752503,13.692949,-99.525051,3.459130,3.190268,-0.365692,-0.136725,0.040536,0.034384
1.216579,79.369557,-270.964185,6.608860,6.772133,13.522041,-99.880206,3.485692,3.446138,-0.367408,-0.134564,0.040848,0.034576
1.217100,79.266845,-270.985866,6.691629,6.752435,14.233371,-99.894753,3.979175,3.339638,-0.363243,-0.141531,0.042363,0.039319
1.217621,79.306072,-272.005442,6.571761,6.780792,14.405018,-100.830777,3.757741,3.361375,-0.362405,-0.141903,0.041351,0.036819
1.218142,79.016061,-272.272611,6.583275,6.694818,14.894269,-100.807822,3.388748,3.452286,-0.357863,-0.146688,0.040533,0.033268
1.218664,78.583592,-272.325159,6.368137,6.867807,15.241090,-100.211310,3.551025,3.114722,-0.352643,-0.150933,0.039921,0.034941
1.219185,78.225533,-272.415646,6.382582,6.787167,15.784247,-100.587602,3.524846,3.126127,-0.348557,-0.155651,0.039999,0.034530
1.219706,77.595508,-273.102576,6.385402,6.963112,16.368337,-100.142120,3.152244,3.303396,-0.340230,-0.162018,0.039180,0.031105
1.220227,76.589958,-273.317474,6.417626,6.864940,16.671803,-100.355557,3.412097,3.153064,-0.333486,-0.164624,0.039878,0.033475
1.220749,76.086828,-273.607742,6.393796,6.914531,17.285626,-99.083576,3.645592,2.296113,-0.324978,-0.172717,0.039924,0.035921
1.221270,75.178026,-274.196629,6.457613,7.003429,18.208527,-98.703104,3.141082,2.229422,-0.313892,-0.182427,0.039008,0.031039
1.221791,74.271533,-275.689595,6.195929,7.079900,19.019039,-99.625920,2.862274,2.212811,-0.304088,-0.188635,0.037286,0.028020
1.222312,73.238290,-276.157311,6.580787,6.919503,20.165591,-99.764344,3.131928,2.279524,-0.292262,-0.199445,0.039564,0.030486
1.222834,72.140028,-276.920448,6.389897,6.931347,20.965966,-99.562512,3.187900,2.404384,-0.280906,-0.207549,0.038767,0.031044
1.223355,70.863484,-277.344173,6.340406,6.893271,21.616675,-100.009074,3.458059,2.229960,-0.270879,-0.212872,0.039250,0.033353
1.223876,69.688858,-278.366355,6.211684,6.844170,22.229543,-100.149566,3.242786,2.271087,-0.260261,-0.218422,0.038068,0.031230
1.224397,69.030920,-278.692879,6.416957,6.998930,23.114730,-101.458779,3.671342,3.048468,-0.253498,-0.224001,0.040464,0.035010
1.224918,67.490589,-279.249050,6.052349,6.818873,23.506557,-100.339675,3.662496,2.273590,-0.241065,-0.230120,0.038433,0.034966
1.225440,65.768365,-278.938260,6.125119,6.779422,24.635184,-99.141400,3.295302,2.271926,-0.224905,-0.243553,0.037763,0.031762
1.225961,64.356931,-279.518401,6.128757,6.830349,26.986085,-99.029541,2.794560,2.194234,-0.204168,-0.266046,0.036646,0.026863
1.226482,62.777039,-280.384698,6.416329,7.107893,27.446136,-99.993249,3.854971,2.653038,-0.193409,-0.267883,0.040742,0.036485
1.227003,61.277723,-280.696828,6.242022,6.817544,28.550934,-100.624883,3.659697,3.238057,-0.179781,-0.276470,0.039591,0.034704
1.227525,59.584273,-281.770766,6.183785,7.085728,29.826839,-99.738463,3.688214,2.304615,-0.162040,-0.290585,0.039072,0.034531
1.228046,57.847858,-281.995250,6.143949,6.978708,31.055635,-100.322464,3.648286,2.811583,-0.146420,-0.300202,0.038956,0.034117
1.228567,56.121086,-282.635375,6.065627,6.927403,32.877831,-101.550702,3.685108,3.284400,-0.127658,-0.313108,0.038927,0.034186
1.229088,54.387742,-282.791339,6.111910,6.760394,33.798778,-100.752152,3.632477,2.843459,-0.112623,-0.323667,0.038825,0.033505
1.229610,52.650914,-283.454077,6.396342,6.995288,34.918585,-100.546617,3.757624,2.663408,-0.096645,-0.334256,0.040372,0.034345
1.230131,50.882067,-282.683484,6.324733,6.922021,36.569785,-99.729162,3.574722,2.838655,-0.078070,-0.351466,0.039596,0.032908
1.230652,49.525291,-282.660178,6.155115,7.072364,38.514385,-99.404276,3.822777,2.747492,-0.060013,-0.369643,0.039474,0.034710
1.231173,47.726075,-284.004745,6.161876,6.950108,39.086647,-99.934036,3.711180,2.742926,-0.046901,-0.372832,0.039039,0.033528
1.231695,45.682310,-283.097899,6.167545,6.939790,40.722156,-99.286411,3.716850,2.685475,-0.026978,-0.389224,0.039162,0.033422
1.232216,43.712574,-283.060391,6.161876,6.950108,42.008298,-99.303924,3.335527,2.589163,-0.009274,-0.400199,0.038129,0.029987
1.232737,41.980296,-282.923417,6.066773,6.925759,42.792289,-99.206238,3.669999,2.889218,0.004420,-0.407234,0.038594,0.032940
1.233258,39.827449,-282.833784,6.131557,6.877160,44.768260,-99.521783,3.580541,2.722695,0.026946,-0.422716,0.038721,0.031625
1.233780,38.381319,-283.746169,6.413453,6.732075,45.743851,-100.198301,3.432120,2.885641,0.040091,-0.428274,0.039599,0.030362
1.234301,36.541145,-283.008262,6.548239,6.812633,47.091248,-99.714755,3.670552,2.570091,0.057495,-0.441210,0.040884,0.031701
1.234822,34.619240,-282.863097,6.336254,6.903617,48.492583,-100.087861,3.546266,3.112075,0.075759,-0.451171,0.039623,0.031182
1.235343,33.239471,-282.350231,6.312671,6.825891,49.675502,-99.415032,3.731824,2.681663,0.089606,-0.463390,0.039926,0.031916
1.235865,31.633535,-281.933515,6.270303,6.852861,51.143611,-99.589575,3.676182,2.913422,0.106590,-0.474424,0.039646,0.031536
1.236386,30.095715,-281.475402,6.415126,6.914770,52.024544,-99.494946,3.933372,2.923960,0.119923,-0.481789,0.041052,0.033308
1.236907,28.446063,-280.713222,6.380531,6.891282,53.321178,-99.089131,3.714660,2.776281,0.136112,-0.493671,0.040279,0.031333
1.237428,27.195009,-280.302702,6.321287,6.828385,54.590759,-98.876836,3.653565,2.701869,0.149870,-0.504461,0.039797,0.030588
1.237950,25.405137,-279.780447,6.311885,6.725572,55.970315,-99.089480,4.201944,2.716410,0.167571,-0.514170,0.041328,0.034225
1.238471,24.259149,-279.971911,6.504657,6.820919,56.781386,-99.747192,3.582442,2.731134,0.178532,-0.517505,0.040535,0.029570
1.238992,23.209660,-279.571789,6.409737,6.749581,57.529503,-99.083259,3.380223,2.610641,0.187906,-0.526046,0.039440,0.027962
1.239513,21.832350,-279.324958,6.346542,6.611502,58.667711,-99.126385,3.643539,2.581921,0.201637,-0.534404,0.039741,0.029518
1.240035,20.938715,-278.514284,6.343236,6.553310,59.543048,-98.476171,3.326676,2.540531,0.211225,-0.543827,0.038868,0.027248
1.240556,19.829582,-277.774105,6.411736,6.808714,60.233533,-98.711742,3.585254,2.747024,0.221925,-0.547883,0.040018,0.029216
1.241077,18.847815,-277.440454,6.363627,6.678376,61.907363,-98.595597,3.839739,2.527682,0.236268,-0.560676,0.040318,0.030224
1.241598,17.836655,-277.309904,6.577877,6.723317,62.280256,-98.915011,3.529086,2.737431,0.244160,-0.561925,0.040539,0.028434
1.242119,17.047844,-276.958032,6.231494,6.700844,61.898810,-98.337333,3.231537,2.745708,0.246010,-0.561796,0.038188,0.026691
1.242641,16.243237,-275.391209,6.437651,6.772376,62.530475,-97.981621,3.710164,2.652124,0.255217,-0.568025,0.040471,0.029575
1.243162,15.659623,-275.463129,6.441339,6.773459,62.788344,-97.971712,3.748709,2.775648,0.259538,-0.569939,0.040536,0.030022
1.243683,14.956378,-274.918350,6.372399,6.730322,63.568039,-97.701521,4.063718,2.763823,0.267721,-0.576822,0.041023,0.031956
1.244204,14.713726,-274.886560,6.296637,6.751593,64.435324,-97.889102,3.661019,2.675455,0.273859,-0.582152,0.039609,0.028956
1.244726,14.536942,-274.877862,6.338826,6.861781,64.300768,-98.419411,3.660264,2.843461,0.274876,-0.578716,0.039968,0.029230
1.245247,13.920770,-274.905620,6.523668,6.850623,64.598383,-98.660181,3.668449,3.139523,0.279987,-0.579712,0.040833,0.029833
1.245768,13.589006,-274.828015,6.332232,6.866401,64.593395,-98.577913,3.713229,3.011761,0.281691,-0.580059,0.040074,0.029844
1.246289,13.451185,-274.949459,6.466530,6.917635,64.593395,-98.577913,3.713229,3.011761,0.282228,-0.580059,0.040644,0.029844
1.246811,13.026538,-273.864389,6.334365,6.898017,64.841198,-97.817310,3.807933,3.090831,0.286240,-0.585377,0.040348,0.030711
1.247332,13.085434,-273.944830,6.347029,6.935892,64.828282,-97.856804,3.817753,3.066206,0.285802,-0.585099,0.040434,0.030713
1.247853,13.000244,-273.824024,6.364366,6.993516,64.841198,-97.817310,3.807933,3.090831,0.286440,-0.585377,0.040522,0.030711
1.248374,13.085434,-273.944830,6.347029,6.935892,64.813514,-97.669571,3.839360,3.002302,0.285437,-0.585876,0.040440,0.030747
1.248896,13.085434,-273.944830,6.347029,6.935892,64.800010,-97.709141,3.849533,2.977523,0.285428,-0.585594,0.040471,0.030753
1.249417,13.357910,-274.144707,6.359696,7.033090,64.402664,-97.866695,3.648064,3.115960,0.281860,-0.582024,0.040106,0.029839
1.249938,14.059359,-274.571488,6.360221,6.884297,64.330634,-97.394262,3.702071,2.755274,0.276468,-0.583734,0.039981,0.029490
1.250459,14.524645,-275.641465,6.401129,6.832639,64.267444,-99.196839,3.860446,3.134031,0.274786,-0.574882,0.040793,0.030972
1.250981,15.181590,-276.092788,6.239999,6.496522,63.376821,-98.903316,3.856209,2.888255,0.265573,-0.569877,0.039864,0.030659
1.251502,15.464248,-276.294056,6.269602,6.717127,62.467497,-98.603119,3.683168,3.079749,0.258600,-0.564706,0.039603,0.030164
1.252023,16.741461,-276.816051,6.190483,6.793885,62.265903,-98.767912,3.591068,3.023620,0.250323,-0.562492,0.039037,0.029456
1.252544,17.060754,-276.998973,6.256802,6.865178,62.437120,-98.569023,3.508843,2.987489,0.249030,-0.564642,0.039069,0.028864
1.253066,18.535610,-277.214215,6.158518,6.590005,61.382778,-98.445231,3.834291,2.924366,0.235241,-0.557536,0.039450,0.031055
1.253587,19.232321,-277.798858,6.257877,6.526386,60.149793,-98.864431,3.243761,3.344590,0.224808,-0.546578,0.038480,0.028268
1.254108,20.623125,-278.189417,6.192129,6.572372,60.207728,-98.639673,3.529856,3.042569,0.216995,-0.548017,0.038795,0.029460
1.254629,21.326478,-278.459132,6.366510,6.702051,58.745849,-98.577282,3.656258,2.958745,0.205097,-0.537427,0.039955,0.030386
1.255151,22.919106,-279.849599,6.245868,6.674672,58.548999,-99.653699,3.601319,2.843318,0.195211,-0.531196,0.039260,0.029615
1.255672,23.724089,-280.694712,6.176306,6.703655,56.765548,-99.263634,3.779738,2.669005,0.180142,-0.519476,0.039261,0.030945
1.256193,25.341631,-280.994340,6.326199,6.671838,56.425127,-99.562508,3.712784,2.770121,0.169676,-0.515597,0.039832,0.030645
1.256714,26.602548,-281.451975,6.347620,6.544569,54.596280,-99.963250,3.589921,2.892920,0.153039,-0.499893,0.039694,0.030222
1.257235,27.942768,-281.774244,6.294240,6.802940,53.347565,-100.412893,3.492141,3.062592,0.139173,-0.488359,0.039334,0.029922
1.257757,29.632726,-282.412314,6.184240,6.922105,52.735004,-100.133442,3.590469,2.716820,0.126069,-0.484737,0.038945,0.030218
1.258278,31.230587,-282.529606,6.191371,6.752580,51.208587,-100.172496,3.785189,2.789108,0.109119,-0.472571,0.039561,0.032013
1.258799,32.692211,-282.082325,6.273338,6.664525,50.427923,-99.200381,3.613125,2.801278,0.096677,-0.470301,0.039400,0.031110
1.259320,34.350161,-282.647007,6.265402,6.865788,48.939720,-99.551296,3.756606,2.947170,0.079515,-0.456908,0.039778,0.032573
1.259842,35.935872,-282.946720,6.193623,7.002469,47.219701,-99.341692,3.731585,2.693779,0.061380,-0.443714,0.039314,0.032394
1.260363,37.356586,-283.406462,6.159614,7.010319,45.743151,-99.542785,3.513611,2.853025,0.045581,-0.430753,0.038534,0.031106
1.260884,39.284079,-283.298386,6.103781,6.950846,45.431962,-100.122793,3.980507,3.109083,0.033550,-0.425978,0.039761,0.034978
1.261405,40.924330,-283.998845,6.199447,6.873214,44.516851,-100.226421,3.654820,3.079923,0.019546,-0.417989,0.039154,0.032521
1.261927,42.603481,-283.858781,6.322848,6.792563,42.333905,-100.657869,3.186353,3.227032,-0.001471,-0.398114,0.038648,0.029236
1.262448,44.288716,-282.902450,6.365862,6.842155,41.129795,-99.732502,3.736911,3.096685,-0.017244,-0.391151,0.040294,0.033841
1.262969,46.334347,-283.003376,6.347630,6.840007,39.780159,-99.802947,3.525169,2.820265,-0.035761,-0.379288,0.039609,0.031991
1.263490,47.662838,-282.564690,6.105867,6.716902,38.499648,-99.232254,3.608526,2.683761,-0.049940,-0.370097,0.038640,0.032896
1.264012,49.634618,-282.609805,6.097246,6.892139,37.348485,-100.093671,3.640074,3.278108,-0.067214,-0.357135,0.038833,0.033676
1.264533,51.367827,-282.467747,6.144526,6.938990,35.996569,-99.760286,3.872521,3.348828,-0.083933,-0.346291,0.039630,0.035980
1.265054,52.868055,-282.018126,6.316316,7.027005,33.806794,-100.151147,3.630728,3.225732,-0.104428,-0.325548,0.039868,0.033976
1.265575,54.366250,-281.540022,6.186547,6.864495,32.911970,-99.820445,3.491266,3.006249,-0.117519,-0.318488,0.038852,0.032793
1.266097,56.048649,-281.599574,6.280414,6.712634,31.299320,-99.620539,3.575624,3.061283,-0.135172,-0.304420,0.039366,0.033829
1.266618,57.695338,-282.199773,6.297033,6.863580,30.993017,-100.665887,3.486293,3.028931,-0.146045,-0.298670,0.039263,0.032746
1.267139,59.329230,-281.697304,6.159399,6.796909,29.277159,-100.529001,3.584785,3.089837,-0.164382,-0.283393,0.038857,0.033891
1.267660,60.916398,-280.812774,6.344392,6.802819,28.036117,-100.637156,3.675447,3.069282,-0.180504,-0.271697,0.040056,0.034796
1.268182,62.287944,-280.588944,6.409407,6.971479,27.144505,-100.594364,3.551079,3.075737,-0.192821,-0.263564,0.040014,0.033792
1.268703,63.750632,-280.022806,6.209485,6.932840,25.337553,-100.440347,3.676675,2.948910,-0.210727,-0.247109,0.039372,0.035113
1.269224,64.764768,-279.068063,6.361759,6.703344,25.416852,-100.163916,3.390260,2.815327,-0.216492,-0.248507,0.039369,0.032498
1.269745,66.321759,-278.262078,6.450380,6.803521,24.482419,-99.850068,3.165342,2.901226,-0.230347,-0.240448,0.039270,0.030649
1.270267,67.635928,-277.852810,6.296873,6.852051,23.210803,-99.869963,3.397279,2.809821,-0.244605,-0.228356,0.039085,0.032865
1.270788,68.760028,-276.917466,6.334162,6.645082,21.655392,-99.631205,3.721320,2.633649,-0.259698,-0.214027,0.039978,0.036085
1.271309,69.861795,-277.245702,6.242176,6.839619,21.468695,-100.037929,3.425429,2.128894,-0.266587,-0.211399,0.038777,0.033024
1.271830,71.011031,-276.584191,6.314159,6.890947,20.574306,-100.033930,3.256890,2.354612,-0.278267,-0.202845,0.038767,0.031580
1.272352,71.465176,-276.158077,6.361518,6.881643,19.757005,-100.758944,3.468056,3.071899,-0.286682,-0.193625,0.039752,0.033641
1.272873,72.396718,-275.687730,6.293241,6.848020,19.412617,-100.070671,3.575906,2.502801,-0.293018,-0.191609,0.039483,0.034754
1.273394,72.995316,-275.409001,6.392600,6.970377,19.271707,-100.617290,3.428592,2.989391,-0.298193,-0.189243,0.039829,0.033325
1.273915,74.092532,-274.894294,6.564688,6.787590,17.842314,-100.989636,3.499393,2.953335,-0.312833,-0.174870,0.040682,0.033974
1.274436,74.471382,-274.797890,6.463857,6.790309,18.098689,-100.917355,3.920287,3.027444,-0.313511,-0.177455,0.041293,0.037995
1.274958,74.937816,-273.568338,6.408935,6.720605,17.679840,-99.545460,3.531867,3.202519,-0.317869,-0.175773,0.040012,0.034838
1.275479,75.544325,-273.425952,6.606438,6.625232,17.528599,-100.324608,3.418648,3.450456,-0.323389,-0.172973,0.040762,0.033577
1.276000,76.123649,-273.170447,6.489419,6.667445,17.112966,-99.896395,3.481519,2.799907,-0.328243,-0.169660,0.040157,0.034178
1.276521,76.449974,-273.015789,6.423812,6.659015,17.166042,-100.757730,3.648329,3.729412,-0.331461,-0.168749,0.040696,0.035717
1.277043,76.604937,-272.768065,6.445043,6.784309,15.691833,-101.069915,3.526207,3.524646,-0.340917,-0.154027,0.040512,0.034475
1.277564,76.755655,-272.605181,6.400730,6.919969,15.522924,-100.913233,3.512063,3.225070,-0.342581,-0.152628,0.040263,0.034336
1.278085,76.917959,-272.796776,6.460589,6.766998,15.818701,-100.959502,3.412049,3.371203,-0.341624,-0.155420,0.040220,0.033379
1.278606,77.039137,-273.012058,6.381250,6.914133,15.860053,-101.434875,3.629068,3.595004,-0.342515,-0.155101,0.040588,0.035340
1.279128,77.178579,-273.115260,6.573558,6.822964,15.805424,-101.566840,3.637506,3.500795,-0.343571,-0.154378,0.041333,0.035357
1.279649,77.116492,-272.180568,6.574689,6.838605,16.458637,-100.369556,3.743427,3.360756,-0.339389,-0.162534,0.041556,0.036711
1.280170,77.005287,-272.294906,6.522232,6.887185,16.052336,-100.305470,3.463751,3.408356,-0.340589,-0.158689,0.040658,0.034085
1.280691,77.060107,-272.452054,6.578530,6.813894,16.568053,-100.584196,3.727958,3.476685,-0.338427,-0.163252,0.041554,0.036507
1.281213,76.570652,-272.824655,6.506834,7.052614,16.838568,-100.543105,3.622749,3.457218,-0.333743,-0.165936,0.041088,0.035494
1.281734,76.335404,-273.316786,6.401091,6.886908,17.854846,-100.383575,3.535591,3.277359,-0.326096,-0.176025,0.040237,0.034602
1.282255,75.609014,-273.547500,6.506442,6.897432,17.168058,-99.848616,3.249931,3.431225,-0.324553,-0.170276,0.039930,0.032131
1.282776,74.852843,-274.794760,6.403235,6.781575,18.078459,-101.304150,3.521546,3.506807,-0.316263,-0.176598,0.040209,0.034217
1.283298,74.441685,-275.217500,6.307540,6.944626,19.275598,-100.486076,3.516994,3.182547,-0.305815,-0.189521,0.039625,0.034262
1.283819,73.572765,-275.824118,6.399420,6.997970,19.293705,-100.604541,3.672950,3.106896,-0.300403,-0.189477,0.040360,0.035674
1.284340,72.929344,-276.058640,6.416568,6.989895,19.794488,-100.751623,3.499659,3.126457,-0.294295,-0.193997,0.040063,0.033956
1.284861,71.815883,-276.526227,6.477617,6.911941,21.391586,-100.147133,3.592814,2.937779,-0.278458,-0.210439,0.040421,0.034829
1.285383,70.791929,-276.856880,6.465597,6.737848,22.364202,-100.336272,3.823488,3.188846,-0.267758,-0.219308,0.041015,0.036925
1.285904,70.044757,-277.436012,6.463671,6.768583,22.012284,-100.002711,3.629736,2.955140,-0.264371,-0.216662,0.040318,0.035171
1.286425,68.860937,-277.880456,6.306275,6.895715,23.206037,-100.815877,3.771228,3.225584,-0.252347,-0.226242,0.040276,0.036207
1.286946,67.653581,-278.346137,6.541765,6.982879,24.537447,-99.198592,3.244260,2.719442,-0.236182,-0.242489,0.039686,0.031475
1.287468,66.445138,-278.857861,6.253121,6.939880,25.411826,-100.040160,3.558208,2.886618,-0.225565,-0.248755,0.039305,0.034114
1.287989,65.174768,-279.106615,6.531125,6.896104,25.986770,-99.674308,3.612189,2.790779,-0.215024,-0.255039,0.040631,0.034615
1.288510,63.784966,-279.649007,6.089408,6.965556,26.881978,-100.456197,3.488504,3.127607,-0.203101,-0.261473,0.038502,0.033326
1.289031,62.730214,-280.444233,6.356701,7.117934,28.669530,-99.589476,3.264111,2.792824,-0.186151,-0.280298,0.038925,0.031172
1.289552,61.231954,-280.359213,6.364082,6.847469,29.391021,-100.220572,3.559825,3.003985,-0.174951,-0.285265,0.039893,0.033694
1.290074,58.740634,-281.001565,6.197411,6.996841,29.599739,-100.377039,3.753677,2.989056,-0.159956,-0.286758,0.039653,0.035340
1.290595,58.154820,-281.688804,6.428259,6.778377,31.761424,-99.804483,3.636803,2.818573,-0.144105,-0.308102,0.040181,0.034080
1.291116,56.606951,-282.004520,6.233660,6.935841,33.041547,-100.801688,3.768118,3.252964,-0.129324,-0.316751,0.039898,0.035080
1.291637,55.091589,-282.278938,6.411123,6.897928,33.929333,-100.061219,3.601239,2.837542,-0.115619,-0.326919,0.040093,0.033411
1.292159,53.203643,-282.490466,6.350626,6.908548,35.526700,-99.941438,3.616937,2.925909,-0.096533,-0.341544,0.039859,0.033433
1.292680,51.762941,-282.686864,6.178016,6.840324,36.662505,-99.600199,3.177876,2.542856,-0.082291,-0.352705,0.037831,0.029293
1.293201,49.755573,-283.354612,6.149717,6.722622,37.787004,-100.112420,3.651836,3.052912,-0.065223,-0.360913,0.038954,0.033480
1.293722,48.557025,-283.274099,6.565425,6.541235,39.725392,-100.522977,3.536237,3.186441,-0.048288,-0.376351,0.040755,0.032298
1.294244,46.734980,-283.585215,6.442923,6.977393,40.963470,-100.832805,3.598743,3.290387,-0.031571,-0.385884,0.040363,0.032679
1.294765,44.088322,-282.494918,6.407568,6.851319,40.838355,-99.836559,3.562857,2.822518,-0.017791,-0.388285,0.040132,0.032137
1.295286,43.317474,-282.591934,6.170595,6.978821,43.403352,-99.127060,3.738975,2.827771,0.000468,-0.412709,0.039326,0.033341
1.295807,41.400533,-282.665614,6.263996,6.937797,44.069701,-99.318104,3.697963,3.052654,0.014557,-0.417622,0.039670,0.033130
1.296329,39.786264,-282.746261,6.210738,6.917538,45.452362,-99.055478,3.690108,2.855358,0.030836,-0.430195,0.039311,0.032656
1.296850,38.558533,-282.312154,6.390252,6.874737,46.830582,-99.523312,3.482314,2.980365,0.045224,-0.439810,0.039775,0.030883
1.297371,36.841244,-281.835378,6.411595,6.905747,47.697782,-98.623702,3.729779,2.770816,0.059188,-0.450469,0.040416,0.032568
1.297892,34.957565,-281.831934,6.379571,6.828443,49.298262,-99.326376,3.706677,3.032171,0.078416,-0.460704,0.040306,0.032316
1.298414,33.610547,-281.473744,6.229596,6.806916,50.416470,-99.124903,3.913967,3.119637,0.091904,-0.470516,0.040182,0.033850
1.298935,32.193811,-281.206914,6.325424,6.844713,51.420815,-98.736210,3.579343,2.829519,0.104983,-0.480141,0.039620,0.030839
1.299456,31.109486,-280.948939,6.295867,6.756763,53.267068,-98.884234,3.683888,3.028597,0.121106,-0.494112,0.039781,0.031580
1.299977,29.219303,-280.304839,6.318159,6.564469,54.149725,-98.362666,4.027415,2.976780,0.136176,-0.503235,0.040772,0.033923
1.300499,28.049922,-280.574816,6.283236,6.693746,54.662917,-99.534864,3.635653,2.859226,0.145955,-0.502216,0.039674,0.030568
1.301020,26.998265,-280.245000,6.353474,6.788902,55.054871,-99.072386,3.784343,2.933334,0.153641,-0.507212,0.040337,0.031778
1.301541,25.549880,-279.798825,6.236453,6.660217,56.953494,-99.028573,3.790525,2.816084,0.172005,-0.521926,0.039766,0.031279
1.302062,24.535570,-278.988157,6.209227,6.965517,57.100304,-98.716252,3.805946,2.890164,0.178715,-0.524407,0.039801,0.031553
1.302584,23.300490,-278.706122,6.234567,6.889588,58.179166,-98.321698,3.329893,2.849141,0.191000,-0.534311,0.038549,0.028116
1.303105,22.805175,-278.194654,6.466934,6.806838,59.052223,-98.484954,3.766501,2.992849,0.199028,-0.540130,0.040812,0.031160
1.303626,21.392384,-278.051624,6.313959,6.823305,59.377802,-97.954772,3.627279,2.683812,0.207870,-0.544948,0.039573,0.029679
1.304147,20.995322,-277.718415,6.354920,6.675599,60.860918,-98.703840,3.687845,3.026880,0.219119,-0.552537,0.040058,0.030340
1.304669,20.248674,-276.921395,6.476190,6.817282,61.874343,-98.367434,4.074123,3.047759,0.229036,-0.561479,0.041680,0.032797
1.305190,19.264676,-276.596234,6.357197,6.790012,61.886093,-98.327446,4.063871,3.076974,0.234680,-0.561748,0.041138,0.032793
1.305711,18.693160,-276.190796,6.292597,6.811025,62.532065,-98.265732,3.458247,3.216569,0.241578,-0.566724,0.039296,0.029108
1.306232,18.370302,-276.027160,6.503381,6.670532,63.049273,-98.377963,3.724100,3.431908,0.246391,-0.569943,0.040914,0.031164
1.306753,17.319073,-275.957588,6.169564,6.726339,62.839235,-97.947015,3.603691,3.125882,0.250351,-0.570422,0.038979,0.029828
1.307275,17.069010,-275.872849,6.286503,6.764704,63.310250,-98.059623,3.735868,3.149421,0.254420,-0.573297,0.039854,0.030614
1.307796,16.819391,-275.808412,6.296108,6.869958,63.256920,-98.394949,3.686739,3.384728,0.256004,-0.571359,0.039914,0.030785
1.308317,16.737999,-276.057780,6.341469,6.733198,63.107559,-98.377154,3.583671,3.346279,0.255278,-0.570367,0.039749,0.030083
1.308838,16.677523,-275.919384,6.332565,6.818995,63.107559,-98.377154,3.583671,3.346279,0.255787,-0.570367,0.039764,0.030083
1.309360,16.461649,-275.945550,6.379953,6.782084,63.097550,-98.774767,3.751352,3.475532,0.257387,-0.568463,0.040477,0.031342
1.309881,16.507245,-276.088515,6.295727,6.734543,63.519992,-98.883670,4.087527,3.386170,0.259328,-0.570993,0.040954,0.033147
1.310402,16.452545,-276.319582,6.307728,6.769174,63.058565,-98.737346,3.773769,3.397723,0.256659,-0.568355,0.040115,0.031316
1.310923,16.083821,-275.332435,6.555761,6.733151,62.994392,-97.881946,3.721948,3.421342,0.258446,-0.571845,0.041077,0.031241
1.311445,16.485215,-275.524198,6.307812,6.790151,63.442601,-98.104959,4.118419,3.203186,0.258736,-0.574038,0.041038,0.033134
1.311966,16.711294,-275.345369,6.416140,6.863378,63.552270,-98.425200,4.053111,3.404944,0.258819,-0.573340,0.041493,0.033063
1.312487,17.008893,-275.312407,6.413245,6.725634,63.063900,-98.198256,3.715408,3.461547,0.254396,-0.570879,0.040554,0.031217
1.313008,17.128943,-276.017431,6.281763,6.935851,62.883879,-97.832263,3.749689,3.256631,0.251352,-0.571278,0.039886,0.031062
1.313530,17.993192,-276.081197,6.429207,6.875510,61.402015,-98.011492,3.617750,3.006005,0.239111,-0.559661,0.040289,0.029884
1.314051,18.790509,-276.849821,6.253643,6.688460,61.560758,-97.905534,4.152716,2.907282,0.234613,-0.561311,0.040740,0.033212
1.314572,19.153585,-277.068799,6.298876,6.632949,61.234620,-97.789471,3.694467,2.952007,0.230550,-0.559453,0.039642,0.030346
1.315093,20.004269,-277.376736,6.451897,6.728825,60.781138,-98.056972,3.651657,2.783813,0.223595,-0.554891,0.040279,0.029756
1.315615,20.900604,-277.605110,6.324237,6.867979,60.612960,-97.742094,3.538066,2.637476,0.217306,-0.555091,0.039370,0.028802
1.316136,21.790101,-278.894011,6.517949,6.877060,59.326727,-98.651061,3.627604,3.010572,0.205321,-0.541433,0.040527,0.030182
1.316657,22.904343,-279.322578,6.306047,6.810319,58.678426,-98.938718,3.698907,2.761375,0.195782,-0.535315,0.039763,0.030247
1.317178,23.803832,-279.624059,6.387548,6.745129,57.684702,-99.194265,4.104704,3.088985,0.185617,-0.526730,0.041327,0.033754
1.317700,25.129605,-280.008028,6.319722,6.751437,56.780269,-99.143670,3.746169,3.120037,0.173242,-0.520109,0.040026,0.031524
1.318221,26.012569,-280.348596,6.296170,6.694398,56.055984,-99.100153,3.730769,3.219484,0.164265,-0.514779,0.039851,0.031737
1.318742,27.449694,-280.538359,6.297399,6.761153,55.136388,-99.041764,3.676450,2.932699,0.151380,-0.507971,0.039727,0.031006
1.319263,28.590983,-280.870287,6.474132,6.733604,54.053548,-99.295838,3.855024,3.032365,0.139324,-0.498509,0.041080,0.032579
1.319785,29.671224,-281.408954,6.217548,6.781663,53.124721,-99.542749,3.845193,3.214654,0.128252,-0.490233,0.039885,0.032922
1.320306,31.382470,-281.508627,6.284316,6.761161,51.463705,-99.579791,4.013606,3.082805,0.109935,-0.477004,0.040738,0.034224
1.320827,32.540912,-282.046454,6.211307,6.801151,51.070770,-99.868403,3.673556,3.189032,0.101364,-0.472711,0.039425,0.031903
1.321348,33.914157,-282.513515,6.334534,6.811773,49.328799,-99.312783,3.695994,2.896094,0.083943,-0.461005,0.039894,0.032032
1.321869,35.625446,-282.448439,6.214362,6.874860,48.866907,-99.621196,3.734285,2.914229,0.072300,-0.456041,0.039558,0.032353
1.322391,37.082771,-282.740729,6.329275,6.733333,47.235654,-99.597694,3.627567,2.910936,0.055380,-0.442848,0.039773,0.031815
1.322912,38.219691,-282.848575,6.061184,6.982066,46.860478,-99.793762,3.684452,2.948385,0.047168,-0.439011,0.038712,0.032316
1.323433,40.386030,-283.235242,6.266834,7.040504,45.033405,-99.392485,3.725791,2.726005,0.025274,-0.425418,0.039646,0.032765
1.323954,41.514036,-283.187339,6.235372,7.106685,43.081527,-99.584517,3.687094,2.840094,0.008537,-0.408301,0.039453,0.032874
1.324476,43.293905,-283.291362,6.112852,7.206775,42.701927,-99.828561,3.853720,2.943825,-0.003227,-0.404200,0.039388,0.034330
1.324997,45.237050,-282.847846,6.155920,6.828436,41.366570,-100.264450,3.775600,2.968684,-0.021195,-0.391299,0.039544,0.033830
1.325518,46.922967,-283.541650,6.289184,6.848816,39.882197,-100.381709,3.561905,3.089519,-0.038422,-0.378181,0.039435,0.032415
1.326039,47.744938,-283.126106,6.217745,6.819125,39.022102,-100.398404,3.807894,2.931259,-0.047701,-0.370703,0.039858,0.034393
1.326561,49.470784,-283.206407,6.141179,6.942328,37.319737,-100.347414,3.748429,2.962624,-0.066353,-0.356055,0.039268,0.034204
1.327082,51.390666,-282.067469,6.186463,6.802847,36.488745,-99.641312,4.072897,2.910705,-0.081506,-0.351034,0.040467,0.037256
1.327603,53.095438,-282.043714,6.322982,6.769118,35.224954,-99.464480,3.654671,2.960508,-0.097567,-0.340364,0.039814,0.033966
1.328124,54.327563,-281.611995,6.237769,6.825851,33.554828,-99.864048,3.682275,2.975883,-0.113800,-0.324153,0.039612,0.034332
1.328646,55.927056,-281.335787,6.288137,6.725734,33.094359,-99.808387,3.691659,3.146425,-0.125124,-0.320171,0.039866,0.034629
1.329167,57.583635,-281.119712,6.090258,6.917677,31.358687,-99.497565,3.683164,2.959281,-0.143402,-0.305316,0.038832,0.034736
1.329688,58.742845,-280.615500,6.381595,6.735380,30.681367,-99.772491,3.548847,3.034765,-0.153943,-0.298335,0.039911,0.033601
1.330209,60.332358,-280.555869,6.321934,6.957959,29.717978,-99.967767,4.021263,2.951974,-0.167929,-0.288955,0.040916,0.037829
1.330731,61.598104,-279.776394,6.169623,6.945593,28.521534,-99.963212,3.974523,3.357928,-0.181916,-0.277935,0.040210,0.037820
1.331252,62.802793,-279.615081,6.281922,6.954670,27.386798,-99.844172,3.770822,3.079207,-0.194515,-0.267711,0.040046,0.035995
1.331773,64.170263,-279.041236,6.293362,6.797449,26.214747,-99.659365,4.045642,3.136374,-0.208515,-0.257217,0.040805,0.038749
1.332294,65.195673,-278.325826,6.365835,6.689054,26.145949,-99.443195,4.237042,3.002191,-0.214926,-0.257104,0.041688,0.040538
1.332816,66.395398,-278.244994,6.381808,6.846914,25.698178,-99.657672,3.631769,3.208490,-0.224058,-0.252367,0.040148,0.035046
1.333337,67.523449,-278.540099,6.484367,6.804264,24.533396,-100.801200,3.649457,3.286569,-0.237314,-0.238742,0.040726,0.034991
1.333858,68.704191,-277.758590,6.332661,6.877921,23.189918,-100.791745,3.724527,3.308659,-0.251735,-0.226142,0.040305,0.035820
1.334379,69.644709,-277.258337,6.664870,6.748721,22.170455,-100.761689,4.040036,3.140458,-0.262762,-0.216578,0.042516,0.038799
1.334901,70.168645,-276.684121,6.640069,6.706467,21.553718,-100.676679,3.738633,3.183387,-0.269490,-0.210905,0.041657,0.036093
1.335422,71.123565,-276.050141,6.314480,6.986528,21.416285,-100.260673,3.753834,3.030937,-0.275572,-0.210443,0.040323,0.036336
1.335943,71.736343,-275.675935,6.593535,6.801632,20.548780,-100.313702,4.019218,2.910541,-0.284006,-0.202050,0.042134,0.038874
1.336464,72.606798,-275.574351,6.375646,7.009079,20.205883,-100.622851,4.066224,3.195339,-0.291013,-0.198172,0.041470,0.039325
1.336986,73.002253,-274.997232,6.400720,6.936543,19.651603,-100.548428,3.990927,3.059426,-0.296791,-0.193011,0.041367,0.038658
1.337507,73.597669,-274.443108,6.491163,6.852798,19.324120,-100.323224,3.774641,3.232008,-0.302158,-0.190288,0.041204,0.036769
1.338028,73.794928,-274.318497,6.553252,6.744720,19.160736,-100.316422,3.666964,3.302195,-0.304238,-0.188730,0.041175,0.035785
1.338549,74.552411,-274.231340,6.414350,6.879895,18.701725,-100.122216,3.823886,3.435192,-0.310410,-0.184661,0.040956,0.037421
1.339070,74.454037,-274.206117,6.488929,6.862011,18.928727,-100.165359,3.655194,3.399107,-0.308828,-0.186772,0.040875,0.035773
1.339592,74.697459,-274.191008,6.455821,6.845289,18.533648,-100.102593,3.924354,3.419903,-0.312075,-0.183073,0.041352,0.038394
1.340113,74.650830,-274.131909,6.479053,6.912565,18.444972,-100.236297,3.907673,3.337859,-0.312618,-0.181979,0.041459,0.038171
1.340634,74.704655,-274.225566,6.484748,6.973434,18.060743,-100.276812,3.865449,3.407742,-0.314807,-0.178198,0.041380,0.037804
1.341155,75.004749,-274.435677,6.551634,6.869597,17.967044,-100.905524,4.018717,3.356954,-0.317566,-0.176211,0.042056,0.039027
1.341677,75.053889,-274.516114,6.551079,6.830508,18.093278,-101.270013,3.968243,3.586087,-0.317651,-0.176798,0.042028,0.038464
1.342198,75.078252,-274.473176,6.552014,6.853282,17.836747,-101.267003,3.683015,3.617610,-0.319182,-0.174348,0.041331,0.035799
1.342719,74.991593,-274.571211,6.568187,6.834327,17.876501,-101.338921,3.686982,3.580232,-0.318479,-0.174607,0.041394,0.035799
1.343240,74.691444,-273.795463,6.351978,7.051680,18.093921,-100.158143,3.777717,3.703949,-0.315093,-0.178726,0.040780,0.037094
1.343762,74.578381,-274.257118,6.345396,7.117060,18.705464,-100.391420,3.588001,3.605451,-0.310933,-0.184213,0.040284,0.035141
1.344283,73.854186,-274.480848,6.585030,6.825331,19.311707,-99.710332,3.763051,3.278437,-0.302503,-0.191309,0.041420,0.036890
1.344804,73.566550,-274.668023,6.667243,6.891428,19.407352,-99.984198,3.673570,3.190042,-0.300643,-0.191720,0.041614,0.035907
1.345325,72.718735,-275.253245,6.484748,6.973434,19.268222,-100.164229,3.637728,3.323979,-0.296290,-0.190045,0.040753,0.035559
1.345847,72.111567,-275.492268,6.581789,6.711449,20.055956,-99.419580,3.631784,2.943373,-0.287460,-0.199059,0.040861,0.035567
1.346368,71.422023,-275.812632,6.623956,6.784858,20.734369,-99.689145,3.885477,3.030814,-0.280223,-0.205067,0.041800,0.037848
1.346889,70.650791,-276.308283,6.426075,6.987536,21.817593,-99.581456,3.528140,3.084160,-0.269593,-0.215685,0.040104,0.034421
1.347410,69.972778,-276.591307,6.336227,6.852417,23.359149,-99.364741,3.371742,3.256875,-0.257192,-0.230892,0.039315,0.032975
1.347932,68.929164,-277.033232,6.452802,6.864197,23.389558,-99.689430,3.718654,3.199467,-0.251356,-0.230456,0.040718,0.036069
1.348453,68.193569,-277.546877,6.298296,6.904330,23.771292,-99.639978,3.627391,3.080714,-0.244691,-0.234194,0.039732,0.035144
1.348974,66.725816,-277.962201,6.374411,7.021493,25.153140,-99.243954,3.480700,2.653413,-0.228551,-0.248221,0.039651,0.033565
1.349495,65.975671,-279.377419,6.289062,7.063425,25.502411,-100.955201,3.712940,3.203648,-0.223065,-0.247435,0.040043,0.035384
1.350017,64.675789,-279.909561,6.386838,6.848669,25.893816,-100.485714,3.750621,3.180230,-0.212872,-0.252200,0.040384,0.035827
1.350538,63.259226,-279.959609,6.321296,6.918823,27.688288,-100.408244,3.535670,3.349812,-0.195578,-0.269070,0.039664,0.033823
1.351059,62.405996,-280.829400,6.456973,7.084440,28.423637,-100.441219,3.925655,3.118588,-0.186202,-0.275777,0.041202,0.037089
1.351580,60.636818,-281.023675,6.377703,6.778548,29.429124,-99.976802,3.673691,2.931242,-0.170696,-0.286274,0.040066,0.034736
1.352102,59.641249,-281.492381,6.194942,7.060996,30.411099,-99.801062,3.995897,2.872213,-0.159511,-0.295779,0.040093,0.037505
1.352623,57.876338,-281.795616,6.107962,7.033664,31.543369,-99.815642,3.734845,2.876740,-0.143705,-0.306085,0.038986,0.035013
1.353144,56.571961,-281.904971,6.400163,6.879365,31.921571,-99.666307,3.745871,2.681839,-0.134448,-0.309961,0.040322,0.034972
1.353665,55.152684,-282.065188,6.350781,6.837149,33.554462,-100.337059,3.793089,3.113549,-0.118294,-0.322726,0.040430,0.035259
1.354186,53.609770,-282.228335,6.065067,7.102117,34.326624,-99.546875,3.600392,2.700032,-0.105167,-0.332061,0.038430,0.033388
1.354708,52.058093,-282.383598,6.292461,6.976985,35.838122,-100.069456,3.683363,3.028871,-0.088734,-0.343901,0.039849,0.034009
1.355229,50.877810,-282.928777,6.411110,6.803130,37.470900,-100.329263,3.774825,3.188963,-0.073291,-0.357437,0.040637,0.034623
1.355750,49.010859,-283.177210,6.430649,6.937642,38.486402,-100.084763,4.127818,2.930434,-0.057418,-0.367106,0.041665,0.037245
1.356271,47.430670,-283.230455,6.160901,7.009303,39.467569,-99.985914,3.742552,2.912372,-0.043429,-0.375956,0.039305,0.033878
1.356793,45.813903,-283.026600,6.144132,6.977182,40.571081,-100.152988,3.650629,3.093428,-0.028661,-0.384888,0.039067,0.033106
1.357314,44.294197,-283.026461,6.316849,6.912706,41.724075,-99.954270,3.658469,2.851715,-0.014038,-0.395443,0.039870,0.032779
1.357835,42.874116,-283.569136,6.342951,6.926447,43.515805,-99.733336,3.716101,2.935426,0.003491,-0.411421,0.039988,0.033108
1.358356,41.356485,-283.804385,6.270796,6.950814,43.798591,-99.789384,3.697629,2.987038,0.013270,-0.413594,0.039558,0.032964
1.358878,39.737034,-283.735337,6.191361,6.905111,45.657070,-100.166434,3.757169,3.072155,0.032238,-0.427677,0.039433,0.033144
1.359399,38.498201,-283.343497,6.474277,6.847535,46.255562,-99.779154,3.957586,3.024794,0.042235,-0.434089,0.041300,0.034636
1.359920,36.705315,-282.958587,6.387411,6.894093,47.822856,-99.611279,3.782597,3.098314,0.060562,-0.447597,0.040417,0.033161
1.360441,35.140444,-281.741407,6.411937,6.867332,48.797232,-99.020396,3.807502,3.133697,0.074602,-0.457871,0.040701,0.033386
1.360963,33.601704,-281.448842,6.219274,6.788218,49.686013,-99.092187,3.705087,3.156874,0.087975,-0.464777,0.039555,0.032491
1.361484,31.925317,-281.424689,6.134105,6.938255,51.228325,-99.042192,3.787622,3.120377,0.105445,-0.477342,0.039333,0.032796
1.362005,31.045453,-281.183677,6.457109,6.740308,51.404938,-99.235410,3.753834,3.030937,0.111434,-0.477952,0.040790,0.032328
1.362526,29.566491,-280.912980,6.209379,6.734056,52.852634,-98.565742,3.734285,2.914229,0.127015,-0.492200,0.039424,0.031898
1.363048,28.502971,-280.641841,6.548860,6.602151,53.129530,-98.561896,3.676182,2.913422,0.134436,-0.494395,0.040846,0.031427
1.363569,27.294484,-279.927037,6.335898,6.794170,54.632437,-98.706152,3.949399,2.989534,0.149725,-0.505515,0.040732,0.033208
1.364090,25.885592,-279.396029,6.334318,6.822610,55.279447,-98.396317,3.730744,2.976571,0.160992,-0.511861,0.040103,0.031582
1.364611,25.172515,-279.159694,6.380209,6.697082,55.643218,-98.256923,3.721073,2.992152,0.166871,-0.515274,0.040254,0.031508
1.365133,24.140986,-279.594604,6.343719,6.778665,57.075631,-99.527700,3.769958,3.294192,0.180903,-0.520680,0.040341,0.031883
1.365654,23.351091,-279.126781,6.381606,6.853322,57.864756,-99.154737,4.035728,3.059661,0.189472,-0.528259,0.041195,0.033200
1.366175,22.347456,-278.976013,6.351323,6.809917,58.295851,-98.923482,4.005353,3.080261,0.197064,-0.532517,0.040889,0.032995
1.366696,21.555016,-278.646111,6.255340,6.793430,58.498998,-98.843798,4.034301,3.193739,0.202650,-0.534393,0.040565,0.033380
1.367218,21.140357,-278.237011,6.334207,6.785453,59.169424,-98.860463,3.670592,3.155706,0.208914,-0.539327,0.039964,0.030743
1.367739,20.767129,-277.829523,6.341131,6.760949,60.312915,-98.716651,3.921558,3.331659,0.217301,-0.548447,0.040668,0.032592
1.368260,19.934394,-277.434146,6.453578,6.730216,60.865223,-98.331901,3.765969,3.171854,0.224675,-0.554257,0.040662,0.031227
1.368781,19.292195,-277.233660,6.342640,6.854884,60.986312,-98.380639,3.670878,3.480088,0.229029,-0.554925,0.040007,0.031265
1.369303,19.045360,-276.826890,6.302077,6.949146,61.511721,-98.555960,4.019037,3.432594,0.233854,-0.557973,0.040869,0.033257
1.369824,18.800606,-276.549575,6.376545,6.880503,60.947357,-98.204435,3.612771,3.430306,0.232064,-0.555441,0.040098,0.030827
1.370345,18.459701,-276.645574,6.463264,6.785887,61.061441,-98.326617,3.632783,3.470619,0.234512,-0.555722,0.040502,0.031003
1.370866,18.165303,-276.674975,6.422192,6.839988,61.647459,-98.415728,4.067768,3.369353,0.239254,-0.559604,0.041438,0.033443
1.371387,17.887724,-276.531833,6.523455,6.740168,61.850666,-98.459323,4.149700,3.382408,0.242042,-0.560886,0.042093,0.033952
1.371909,17.797189,-276.525500,6.464410,6.764066,61.758854,-98.343593,4.204568,3.069030,0.241893,-0.560747,0.041932,0.033730
1.372430,17.629687,-276.604462,6.438506,6.763245,61.867804,-98.595650,4.069058,3.268726,0.243582,-0.560388,0.041491,0.033160
1.372951,17.629687,-276.604462,6.438506,6.763245,61.785925,-98.643981,4.111611,3.276897,0.243212,-0.559571,0.041625,0.033459
1.373472,17.655119,-276.845196,6.413601,6.646622,61.854241,-98.643032,4.165850,3.203535,0.243122,-0.560073,0.041571,0.033653
1.373994,17.928868,-277.010566,6.416570,6.919804,61.943401,-98.932297,4.125407,3.338943,0.242308,-0.559404,0.041603,0.033583
1.374515,18.032137,-277.164322,6.452890,6.863995,60.847465,-98.683933,3.573358,3.246911,0.235439,-0.552528,0.040253,0.030073
1.375036,18.103978,-277.536402,6.545721,6.790754,61.505111,-98.739443,4.021618,3.098723,0.238134,-0.557090,0.041690,0.032549
1.375557,18.614269,-277.720044,6.520554,6.716032,61.125747,-98.686396,3.742576,3.132990,0.233132,-0.554558,0.040827,0.030874
1.376079,19.211279,-277.217191,6.400947,6.714761,60.864419,-97.490310,3.811063,2.951008,0.227737,-0.558105,0.040348,0.031243
1.376600,19.811522,-277.543601,6.464216,6.750108,59.091891,-97.761221,3.729200,2.969691,0.215108,-0.543686,0.040532,0.031006
1.377121,20.708265,-277.827032,6.259473,6.790216,59.452495,-97.598891,4.179549,3.061073,0.211751,-0.547121,0.040810,0.034201
1.377642,21.252818,-278.042934,6.270601,6.758172,58.349417,-97.798250,3.624864,3.215831,0.202978,-0.537938,0.039413,0.030927
1.378164,22.248360,-278.340322,6.391025,6.784063,57.459846,-98.051300,3.744931,3.138451,0.192878,-0.530075,0.040338,0.031674
1.378685,23.036679,-278.734303,6.345814,6.916713,57.196232,-98.536186,3.833858,3.352523,0.187344,-0.525927,0.040476,0.032637
1.379206,23.617099,-279.307028,6.240073,6.713136,56.561144,-98.218052,3.705731,2.890101,0.179954,-0.522490,0.039439,0.031060
1.379727,25.245674,-279.664720,6.368011,6.859204,55.184460,-98.071772,3.743848,2.884455,0.163398,-0.512537,0.040145,0.031602
1.380249,26.086693,-279.920418,6.307861,6.825844,54.769650,-98.720253,3.589662,3.068091,0.156992,-0.506518,0.039592,0.030771
1.380770,27.284467,-280.198385,6.305811,6.825771,53.983370,-98.327391,3.861738,2.952802,0.145760,-0.502088,0.040231,0.032729
1.381291,28.408804,-280.406953,6.354798,6.548214,52.960184,-98.782821,3.703759,3.033952,0.134362,-0.492130,0.040119,0.031808
1.381812,29.508413,-281.795561,6.307807,6.855361,51.950325,-99.780411,3.982498,2.866831,0.122678,-0.480028,0.040674,0.033534
1.382334,30.868762,-282.141398,6.084293,6.881468,51.039051,-99.351302,3.711836,2.755836,0.109902,-0.474566,0.038775,0.031637
1.382855,31.890457,-282.397057,6.120037,6.978457,50.419069,-99.546126,4.071820,2.790334,0.100987,-0.468826,0.040006,0.034458
1.383376,33.451478,-282.783441,6.174637,6.930590,49.492939,-99.449543,3.842707,2.962531,0.087276,-0.461781,0.039529,0.033171
1.383897,35.145681,-282.988706,6.189323,6.922689,48.784116,-99.803482,3.589662,3.068091,0.074315,-0.454649,0.038964,0.031463
1.384419,36.191486,-282.815431,6.276011,6.835755,47.143996,-99.645125,3.676182,2.913422,0.059723,-0.441912,0.039641,0.032194
1.384940,37.628790,-282.888227,6.182044,6.756740,45.918497,-99.971577,3.761697,2.968698,0.045289,-0.430574,0.039523,0.033051
1.385461,39.373224,-283.055284,6.215909,6.766794,45.499111,-99.672177,3.816137,3.017953,0.033392,-0.428236,0.039752,0.033686
1.385982,40.654324,-283.077998,6.365236,6.922058,43.962387,-99.998895,3.975796,3.108816,0.018067,-0.414196,0.040986,0.035232
1.386503,41.823064,-283.111818,6.116236,6.912137,43.302585,-99.944014,3.853012,3.102848,0.008077,-0.408853,0.039464,0.034378
1.387025,43.605934,-282.872125,6.291459,6.704124,41.605785,-99.815606,3.781660,2.985185,-0.010926,-0.394927,0.040097,0.033981
1.387546,45.513432,-283.211318,6.217135,6.735501,39.819265,-99.999940,3.618967,2.917435,-0.031070,-0.378948,0.039246,0.032807
1.388067,46.830212,-283.128657,6.412328,6.821858,39.755346,-99.896727,3.675804,2.793050,-0.038592,-0.378750,0.040308,0.033186
1.388588,47.680056,-282.921701,6.253141,6.850787,37.676463,-99.902352,3.670427,2.920006,-0.054604,-0.360639,0.039562,0.033582
1.389110,49.495714,-283.059999,6.064768,6.862347,37.492926,-99.659473,3.854211,2.929156,-0.065353,-0.359831,0.039104,0.035236
1.389631,51.009609,-282.740303,6.382882,6.975715,35.489668,-100.101606,3.712750,3.072006,-0.084773,-0.340710,0.040295,0.034337
1.390152,52.502682,-282.542190,6.341439,6.822761,35.275277,-100.202701,3.764255,3.050490,-0.094200,-0.338490,0.040269,0.034758
1.390673,53.630379,-282.195787,6.100495,6.926397,33.703626,-100.745731,3.753505,3.335244,-0.109381,-0.322837,0.039275,0.034956
1.391195,55.353873,-282.327476,6.116083,7.018193,33.031652,-100.361202,3.649783,3.126522,-0.122062,-0.317961,0.038897,0.034091
1.391716,56.712367,-281.514757,6.303289,6.809664,31.618374,-100.735742,3.802082,3.331633,-0.137929,-0.304137,0.040356,0.035634
1.392237,57.866358,-281.696302,6.087104,7.097312,30.605742,-100.581824,4.133603,3.236408,-0.149394,-0.295385,0.040229,0.038667
1.392758,59.247227,-281.455996,6.322478,7.021655,29.651258,-100.318788,3.776769,3.326608,-0.161959,-0.287388,0.040185,0.035777
1.393280,60.472160,-281.123106,6.411659,6.942920,29.340881,-100.394230,3.954345,3.079242,-0.170580,-0.284338,0.041086,0.037216
1.393801,61.401924,-280.604461,6.370167,6.845111,28.143051,-100.262907,3.610482,3.150503,-0.182372,-0.273651,0.039967,0.034367
1.394322,62.821884,-280.219268,6.319770,7.012478,27.062386,-100.185600,4.051249,3.198554,-0.196075,-0.263826,0.040940,0.038535
1.394843,63.986957,-279.662579,6.354878,6.758135,25.930921,-101.023879,3.753182,3.729833,-0.209896,-0.251257,0.040490,0.035971
1.395365,64.837206,-279.468710,6.481877,6.833429,26.156655,-100.659762,3.989300,3.559250,-0.213041,-0.254230,0.041626,0.038109
1.395886,65.803645,-279.134472,6.160196,6.722608,24.638844,-100.638881,3.882592,3.543792,-0.226658,-0.240102,0.039841,0.037295
1.396407,66.726695,-278.554385,6.338865,6.838130,23.705773,-101.165358,3.644954,3.676984,-0.237929,-0.230174,0.040201,0.035096
1.396928,67.830052,-278.661032,6.510255,6.865996,23.447867,-100.564010,3.693626,4.117894,-0.244228,-0.229071,0.040952,0.035993
1.397450,68.591396,-278.080046,6.341930,6.839156,22.704584,-100.642174,4.051489,3.307848,-0.253064,-0.221883,0.041086,0.038951
1.397971,69.052837,-277.576021,6.422298,6.911573,21.830727,-101.116257,3.799407,3.435617,-0.261481,-0.212634,0.040945,0.036579
1.398492,69.934508,-277.222963,6.380531,6.885476,21.741107,-101.029733,3.690336,3.741890,-0.266995,-0.211963,0.040534,0.035732
1.399013,70.613118,-276.675611,6.354723,6.895597,21.379074,-100.503532,3.806096,3.257319,-0.272513,-0.209596,0.040582,0.036826
1.399535,70.829957,-276.511026,6.361956,6.907038,21.456282,-100.407761,3.815355,3.850377,-0.273350,-0.210525,0.040762,0.037175
1.400056,71.506585,-276.144068,6.438648,6.943187,21.027160,-100.252051,4.034656,3.843948,-0.279480,-0.206746,0.041666,0.039311
1.400577,71.684163,-275.737556,6.598525,6.813054,20.964198,-99.871657,4.104259,3.583912,-0.280782,-0.206907,0.042425,0.040017
1.401098,71.940974,-275.680669,6.609988,6.745880,20.490848,-99.945617,4.150180,3.392671,-0.284812,-0.202218,0.042516,0.040405
1.401619,72.340474,-275.720232,6.404253,6.901014,20.422426,-100.140570,4.217885,3.449508,-0.287503,-0.201179,0.041903,0.040996
1.402141,72.526737,-275.389369,6.385061,6.896797,20.422977,-100.109890,4.219558,3.657418,-0.288942,-0.201244,0.041922,0.041093
1.402662,72.714522,-275.489281,6.376858,7.031786,19.931718,-100.151089,4.039729,3.677400,-0.292405,-0.196450,0.041405,0.039431
1.403183,72.891784,-275.307027,6.510421,6.879167,19.949830,-100.498219,3.942320,3.964192,-0.294075,-0.195962,0.041824,0.038485
1.403704,72.828401,-275.437938,6.485415,6.829011,20.454608,-100.380860,4.158088,3.958786,-0.290705,-0.201018,0.042248,0.040513
1.404226,73.107687,-275.519511,6.575760,6.786480,20.454608,-100.380860,4.158088,3.958786,-0.292041,-0.201018,0.042577,0.040513
1.404747,72.730080,-275.477330,6.418357,6.883130,20.374199,-100.481128,4.130440,3.904188,-0.290707,-0.200054,0.041914,0.040202
1.405268,72.731204,-275.585123,6.396397,6.969171,20.063482,-100.411297,3.937901,4.021659,-0.292062,-0.197216,0.041314,0.038489
1.405789,72.757327,-275.796374,6.437426,6.889198,20.609112,-100.590016,4.209705,3.869310,-0.289289,-0.202086,0.042171,0.040870
1.406311,71.931163,-275.919885,6.611707,6.870443,20.872008,-100.695109,4.082598,3.806287,-0.283541,-0.204385,0.042612,0.039593
1.406832,71.738582,-276.490584,6.457949,7.164475,21.344212,-99.957297,3.853950,3.573872,-0.278071,-0.210374,0.041170,0.037591
1.407353,71.443871,-276.506698,6.467655,6.874766,21.776060,-100.148501,3.708133,3.220068,-0.274520,-0.214105,0.040746,0.035980
1.407874,70.701106,-277.236117,6.360950,6.996897,22.466811,-100.688904,4.106054,3.550573,-0.266700,-0.219535,0.041474,0.039562
1.408396,70.012182,-277.548544,6.470390,6.816280,22.694245,-100.888005,3.844494,3.464593,-0.261704,-0.221262,0.041197,0.037009
1.408917,69.181004,-276.901628,6.337100,6.917517,23.705581,-99.106239,3.642524,3.300549,-0.250406,-0.234782,0.039950,0.035572
1.409438,68.526856,-277.452004,6.405165,7.073278,23.698322,-99.992175,3.805296,3.249607,-0.247436,-0.232708,0.040816,0.036763
1.409959,67.868622,-277.633982,6.350163,6.993739,23.835708,-100.012357,3.719413,3.251847,-0.243004,-0.233963,0.040329,0.035947
1.410481,66.897928,-278.487952,6.362647,7.039197,24.943122,-99.878738,4.018165,3.631569,-0.230715,-0.244728,0.041131,0.038821
1.411002,65.846531,-278.839666,6.369430,6.980715,26.000009,-100.095184,3.590297,3.671460,-0.219338,-0.254137,0.040080,0.034767
1.411523,65.021690,-278.973251,6.474469,6.886771,26.447832,-99.999007,3.736387,3.471805,-0.212280,-0.258561,0.040888,0.035961
1.412044,63.709076,-279.254969,6.119775,7.070426,27.667218,-99.818840,3.524160,3.724352,-0.198224,-0.270387,0.038795,0.034164
1.412566,62.746464,-279.756278,6.371775,7.144619,28.167716,-100.227831,3.896340,3.559058,-0.190279,-0.273970,0.040954,0.037197
1.413087,61.317731,-280.434166,6.387015,7.176267,29.272643,-100.042465,3.905621,3.583780,-0.175808,-0.284656,0.040954,0.037234
1.413608,60.308345,-280.546804,6.425071,6.862538,30.110935,-99.736843,3.881617,3.305014,-0.165485,-0.293203,0.040966,0.036827
1.414129,59.077441,-280.507938,6.351644,6.901737,31.624019,-99.422176,3.526867,3.117790,-0.150459,-0.307959,0.039705,0.033464
1.414651,57.684093,-281.899290,6.214287,7.010833,31.779197,-100.840243,3.773712,3.196041,-0.142110,-0.305292,0.039799,0.035233
1.415172,56.617448,-282.202067,6.320020,6.822385,33.111690,-100.935146,3.935366,3.638402,-0.128955,-0.316987,0.040758,0.036784
1.415693,55.277876,-282.461496,6.363662,6.877933,33.841825,-100.873568,3.789169,3.452947,-0.117504,-0.323688,0.040528,0.035306
1.416214,53.817859,-282.642512,6.086476,6.947837,35.243755,-100.264296,3.787622,3.120377,-0.101494,-0.338018,0.039131,0.035003
1.416736,52.482789,-282.778010,6.407641,6.710610,36.506097,-100.309683,4.103041,3.043017,-0.087336,-0.349034,0.041530,0.037412
1.417257,51.069469,-282.933779,6.434263,6.796185,37.243562,-100.236521,3.787622,3.120377,-0.075533,-0.355749,0.040751,0.034724
1.417778,49.409274,-282.746587,6.207156,6.789651,38.716660,-100.123696,4.181107,3.102402,-0.058483,-0.368978,0.040910,0.037793
1.418299,48.482863,-283.005752,6.396482,6.766033,39.506502,-100.205091,3.865324,3.254321,-0.049065,-0.375545,0.040835,0.035176
1.418820,47.122885,-282.938646,6.356820,6.787703,40.797951,-99.856614,3.229112,3.092459,-0.034533,-0.387868,0.038923,0.029757
1.419342,45.558027,-283.475378,6.143634,6.817459,41.841689,-100.284609,3.683415,3.032608,-0.020284,-0.395271,0.039095,0.033078
1.419863,44.143795,-283.038022,6.442139,6.892703,43.598035,-99.773228,3.678062,3.078111,-0.002978,-0.411967,0.040478,0.032959
1.420384,42.788935,-282.932853,6.338059,6.885777,43.875852,-100.013187,3.731318,3.150713,0.005942,-0.413418,0.040207,0.033365
1.420905,41.343555,-282.873440,6.248156,6.931196,45.477120,-99.715460,4.033836,3.188481,0.022564,-0.427889,0.040595,0.035598
1.421427,39.680880,-282.814977,6.263794,7.030837,45.964542,-99.425247,3.773470,2.724778,0.034251,-0.433037,0.039853,0.032966
1.421948,38.738322,-282.877862,6.377324,6.876926,47.402123,-99.582308,4.030867,3.248164,0.047232,-0.444272,0.041115,0.035345
1.422469,37.242594,-282.695991,6.208116,6.940496,48.124195,-99.943878,4.327917,3.065069,0.059473,-0.448748,0.041337,0.037141
1.422990,35.615398,-282.420970,6.219274,6.788218,49.597232,-99.214860,3.828179,2.655779,0.076170,-0.463565,0.039746,0.032674
1.423512,34.692187,-282.321832,6.401249,6.887038,50.939434,-99.740515,3.821403,3.041105,0.088753,-0.472186,0.040674,0.032801
1.424033,33.244389,-282.055625,6.203500,6.808591,51.547445,-99.706838,3.792845,3.096007,0.100039,-0.477147,0.039687,0.032580
1.424554,31.840669,-282.119931,6.215110,6.778548,51.677958,-99.851094,3.825178,3.179113,0.108409,-0.477589,0.039816,0.032892
1.425075,31.297652,-281.904075,6.325450,6.660871,53.265589,-99.682975,3.805516,3.096183,0.119977,-0.490748,0.040217,0.032382
1.425597,29.503711,-281.315317,6.242927,6.944989,53.583069,-99.524029,3.833952,2.998742,0.131689,-0.493888,0.039974,0.032406
1.426118,29.092147,-281.218956,6.349842,6.661994,55.658874,-99.465551,3.636484,3.117006,0.145141,-0.510168,0.039841,0.030879
1.426639,27.685404,-281.042000,6.225789,7.102984,55.186174,-99.685818,3.874170,2.937567,0.150493,-0.505604,0.040020,0.032262
1.427160,27.321866,-279.753690,6.312309,6.889193,55.657979,-98.418503,4.176282,3.244186,0.155010,-0.514683,0.041245,0.035117
1.427682,26.045487,-279.481869,6.281171,6.783386,56.578254,-98.082181,4.212606,3.063351,0.166755,-0.523220,0.041096,0.034947
1.428203,25.261551,-279.040165,6.254804,6.714102,56.804176,-98.386771,4.078302,3.167373,0.172860,-0.523603,0.040710,0.034071
1.428724,24.570258,-279.026663,6.485186,6.689365,57.877893,-98.422388,4.031628,3.015944,0.182374,-0.531591,0.041528,0.033252
1.429245,23.888662,-278.655669,6.470644,6.789283,57.621907,-98.535704,4.040857,3.485828,0.185137,-0.529155,0.041630,0.034227
1.429767,23.247352,-278.538822,6.345369,6.861271,58.936442,-98.083328,3.815094,3.189245,0.195253,-0.541067,0.040283,0.031981
1.430288,22.545241,-277.938624,6.505729,6.785735,59.485011,-97.724174,3.834356,3.354643,0.202176,-0.546794,0.041054,0.032436
1.430809,22.077320,-278.877756,6.403994,6.667283,59.580234,-98.674535,3.789552,3.348104,0.205186,-0.543213,0.040432,0.031898
1.431330,21.848837,-278.451998,6.358066,6.798738,59.511018,-99.287948,3.801495,3.459675,0.207194,-0.539962,0.040514,0.032086
1.431852,21.694136,-278.477405,6.383639,6.766121,59.955050,-99.160404,4.177261,3.261060,0.210218,-0.543815,0.041580,0.034113
1.432373,21.516660,-278.425959,6.501737,6.658861,60.182322,-99.180051,4.143878,3.256976,0.212458,-0.545404,0.041976,0.033833
1.432894,21.180217,-278.425061,6.397265,6.804686,60.278206,-99.073657,4.128800,3.486828,0.214639,-0.546586,0.041486,0.034195
1.433415,21.095499,-278.432508,6.418940,6.838589,59.906965,-98.875067,3.834607,3.458424,0.212876,-0.544736,0.040748,0.032328
1.433936,21.065409,-278.448079,6.453786,6.815559,60.335664,-98.993089,4.127913,3.352294,0.215435,-0.547371,0.041687,0.033925
1.434458,21.026975,-278.427189,6.382346,6.804479,60.679665,-99.134108,4.199870,3.473353,0.217658,-0.549267,0.041608,0.034543
1.434979,21.065409,-278.448079,6.453786,6.815559,60.679665,-99.134108,4.199870,3.473353,0.217429,-0.549267,0.041918,0.034543
1.435500,20.970285,-278.348515,6.400815,6.842657,60.517970,-99.117099,4.207562,3.499953,0.217172,-0.548156,0.041740,0.034682
1.436021,21.095499,-278.432508,6.418940,6.838589,60.517970,-99.117099,4.207562,3.499953,0.216407,-0.548156,0.041805,0.034682
1.436543,21.222458,-278.291570,6.378613,6.790308,60.072850,-98.973028,4.208794,3.458817,0.213358,-0.545523,0.041645,0.034728
1.437064,21.515647,-278.297785,6.464260,6.739368,59.512162,-99.073115,3.742606,3.549699,0.208912,-0.540926,0.040806,0.031949
1.437585,21.819197,-278.436416,6.338122,6.679858,59.512162,-99.073115,3.742606,3.549699,0.207135,-0.540926,0.040208,0.031949
1.438106,22.215813,-278.777109,6.547566,6.589757,59.287904,-99.275965,3.807297,3.500930,0.203665,-0.538360,0.041298,0.032251
1.438628,23.213584,-279.043095,6.293641,6.752399,59.008147,-98.940237,4.189206,3.300431,0.196189,-0.537770,0.041164,0.034508
1.439149,23.631143,-279.538186,6.321760,6.855516,57.912106,-99.037156,3.590366,3.082819,0.187686,-0.529132,0.039618,0.030229
1.439670,24.201438,-279.429042,6.371524,6.754527,57.558911,-98.800406,3.819899,3.398829,0.182617,-0.527510,0.040468,0.032513
1.440191,24.971358,-279.912785,6.510131,6.741055,57.348981,-98.930153,3.829037,3.215496,0.177026,-0.525353,0.041065,0.032220
1.440713,25.749811,-280.216647,6.413196,6.615033,57.144896,-98.912067,3.696442,3.255892,0.171462,-0.523887,0.040224,0.031438
1.441234,26.445204,-280.665247,6.380886,6.916829,56.071222,-98.697125,3.925825,3.070836,0.161393,-0.516644,0.040647,0.032906
1.441755,27.382548,-280.913967,6.220845,6.949561,55.456222,-98.786900,3.925260,3.107911,0.152940,-0.511532,0.039949,0.033063
1.442276,28.517831,-281.151411,6.455447,6.669591,54.631259,-99.285654,3.707694,2.927124,0.142612,-0.503030,0.040501,0.031253
1.442798,29.532445,-281.678567,6.281069,6.732190,53.503266,-99.517890,3.834505,2.985222,0.130840,-0.493292,0.040054,0.032404
1.443319,30.647269,-281.918445,6.418864,6.866021,53.319005,-99.295790,3.780184,3.029188,0.123513,-0.492785,0.040484,0.032169
1.443840,31.700152,-282.229493,6.293301,6.799303,51.547445,-99.706838,3.792845,3.096007,0.108313,-0.477147,0.040029,0.032580
1.444361,33.047746,-282.649591,6.239270,6.889031,51.375458,-99.905096,3.829967,3.186985,0.099957,-0.474977,0.039876,0.032978
1.444883,33.702078,-282.788041,6.280049,6.941990,50.214482,-99.919319,3.455989,3.236428,0.090052,-0.465686,0.039062,0.030519
1.445404,35.268031,-282.879995,6.146317,6.875168,49.375651,-99.932871,3.829967,3.186985,0.076961,-0.458907,0.039479,0.033307
1.445925,36.645980,-282.976728,6.426653,6.977595,48.466319,-99.923100,3.949156,3.091269,0.064484,-0.451605,0.041123,0.034223
1.446446,37.700579,-283.202017,6.195783,7.054243,47.547831,-99.762388,3.792845,3.096007,0.053630,-0.444762,0.039552,0.033243
1.446968,38.893473,-282.974473,6.297637,6.877979,46.512813,-99.624264,3.461700,2.924870,0.041532,-0.436804,0.039164,0.030668
1.447489,40.401327,-283.591302,6.395727,6.592875,45.546891,-100.323203,3.760144,3.324275,0.028069,-0.426177,0.040466,0.033485
1.448010,41.645835,-283.194958,6.308400,6.864213,43.752742,-99.752948,3.708283,3.016744,0.011485,-0.413343,0.039888,0.033102
1.448531,43.013235,-283.409237,6.414518,6.622376,43.242984,-100.153196,3.787622,3.120377,0.001254,-0.407590,0.040650,0.033832
1.449053,44.576349,-283.671607,6.465005,6.735281,42.723103,-100.127945,4.166571,3.048699,-0.010097,-0.403297,0.041902,0.036879
1.449574,45.577231,-283.407982,6.210741,6.930071,41.376422,-100.043972,3.829967,3.186985,-0.022906,-0.392160,0.039784,0.034573
1.450095,47.196824,-283.172799,6.392117,6.706184,39.922910,-100.181320,3.735893,3.110020,-0.039729,-0.379218,0.040428,0.033905
1.450616,48.723552,-283.459626,6.441107,6.711552,39.296362,-100.234328,3.819270,3.298455,-0.051406,-0.373630,0.040815,0.034869
1.451137,49.633210,-282.910200,6.237245,6.871727,38.156669,-99.973815,4.029051,2.988396,-0.062653,-0.364603,0.040512,0.036559
1.451659,51.160362,-282.645784,6.345940,6.844027,37.137955,-99.618525,4.109457,2.757993,-0.076464,-0.356842,0.041181,0.037335
1.452180,52.560723,-282.354100,6.459054,6.892849,35.626456,-99.530339,3.887484,3.030050,-0.092363,-0.343736,0.041059,0.035945
1.452701,53.680720,-282.339040,6.188192,6.958327,35.429139,-99.883987,3.815179,3.049627,-0.099702,-0.340858,0.039664,0.035265
1.453222,55.123782,-282.011575,6.346146,6.829465,33.789729,-99.552420,3.840947,2.754079,-0.116397,-0.327215,0.040377,0.035606
1.453744,56.492127,-281.653367,6.427626,6.898797,33.464070,-99.859036,4.064886,3.313263,-0.126000,-0.323351,0.041506,0.037937
1.454265,57.459472,-281.607091,6.297727,7.124669,31.778812,-99.893461,3.700870,3.337430,-0.140395,-0.308003,0.039865,0.035000
1.454786,58.748961,-281.314642,6.434690,6.835970,31.119875,-100.256631,3.982739,3.187652,-0.151430,-0.300973,0.041315,0.037336
1.455307,60.129641,-281.266336,6.286848,7.096697,30.172333,-100.367630,4.028758,3.149872,-0.164113,-0.292024,0.040766,0.037816
1.455829,60.689545,-280.820781,6.435287,6.857272,29.896385,-100.284420,4.020159,3.240060,-0.168939,-0.289727,0.041430,0.037863
1.456350,61.776732,-280.784320,6.090066,7.081930,28.800596,-100.274159,4.166497,3.127545,-0.180691,-0.279690,0.040278,0.039267
1.456871,63.124283,-280.005124,6.444578,6.837248,27.508883,-100.129766,3.831808,3.383126,-0.195472,-0.268117,0.040916,0.036615
1.457392,63.708607,-279.733085,6.570605,6.954349,26.757824,-100.452715,4.112897,3.287495,-0.203260,-0.260328,0.042335,0.039088
1.457914,64.604000,-279.524785,6.449337,6.917599,26.368732,-100.666068,3.934433,3.377216,-0.210604,-0.256187,0.041340,0.037488
1.458435,65.286485,-279.043024,6.467581,6.870294,26.002007,-100.383671,4.111383,3.403970,-0.216440,-0.253456,0.041896,0.039254
1.458956,66.320882,-279.073439,6.380017,6.939745,25.449629,-100.331691,3.802295,3.329364,-0.224796,-0.248416,0.040581,0.036474
1.459477,67.238946,-278.901098,6.595847,6.860167,24.513265,-100.045370,3.935077,3.451993,-0.234489,-0.240288,0.041767,0.037953
1.459999,67.919157,-278.661052,6.567709,6.841524,23.827223,-100.429189,3.740267,3.536437,-0.242516,-0.232947,0.041210,0.036134
1.460520,68.403203,-278.268327,6.512431,6.822230,23.593716,-100.426102,3.773093,3.795308,-0.246824,-0.230751,0.041131,0.036586
1.461041,68.717964,-277.920327,6.509168,6.873386,23.679491,-100.107807,3.817533,3.589697,-0.248075,-0.232271,0.041208,0.036996
1.461562,69.093067,-277.715905,6.444369,6.822198,23.069121,-100.588770,4.003839,3.701375,-0.254214,-0.225442,0.041517,0.038656
1.462084,69.374775,-277.477844,6.604352,6.754760,22.532531,-100.665413,3.826203,3.743243,-0.258977,-0.220206,0.041761,0.037053
1.462605,69.985613,-277.360911,6.396446,6.801167,22.216907,-100.539351,3.802967,3.794175,-0.263854,-0.217482,0.040760,0.036931
1.463126,70.475293,-277.322860,6.373476,6.835287,22.246077,-100.521750,3.590360,3.695092,-0.266309,-0.217796,0.040094,0.034922
1.463647,70.704921,-276.963197,6.502268,6.728369,21.807387,-100.678745,3.805971,3.719570,-0.270576,-0.213308,0.041245,0.036909
1.464169,70.848722,-277.153060,6.451055,6.990319,21.822004,-100.549556,3.777997,3.814206,-0.270790,-0.213713,0.040985,0.036735
1.464690,70.848722,-277.153060,6.451055,6.990319,21.694908,-100.841401,3.768499,3.971083,-0.271886,-0.211909,0.041050,0.036624
1.465211,70.974735,-277.075572,6.471900,7.076053,21.634891,-100.520566,3.746911,3.801960,-0.272507,-0.211995,0.041020,0.036464
1.465732,71.130774,-276.741114,6.558994,7.098743,21.670310,-100.576357,3.730194,3.817372,-0.273716,-0.212217,0.041450,0.036294
1.466253,71.086749,-276.994679,6.594643,6.909923,21.634891,-100.520566,3.746911,3.801960,-0.273214,-0.211995,0.041508,0.036464
1.466775,71.086749,-276.994679,6.594643,6.909923,21.634891,-100.520566,3.746911,3.801960,-0.273214,-0.211995,0.041508,0.036464
1.467296,70.776323,-276.883288,6.424758,6.869351,21.874179,-100.591617,3.811027,3.785606,-0.270590,-0.214122,0.040981,0.037010
1.467817,70.733854,-277.172814,6.370720,7.063348,22.081926,-100.836639,3.888001,3.890613,-0.269207,-0.215584,0.041041,0.037666
1.468338,70.501807,-277.016222,6.412123,6.938295,22.336740,-100.522515,3.893840,3.745651,-0.266412,-0.218654,0.041154,0.037747
1.468860,69.998497,-277.268632,6.407440,6.963944,22.401728,-100.006569,3.832717,3.828055,-0.262323,-0.220365,0.040860,0.037396
1.469381,69.395276,-277.690584,6.663080,6.712784,23.432476,-99.828868,3.915575,3.626568,-0.252886,-0.230553,0.042036,0.038043
1.469902,68.964619,-277.949495,6.423749,6.896637,23.674834,-100.211540,3.787797,3.619327,-0.249503,-0.231995,0.040770,0.036701
1.470423,68.086768,-278.521806,6.560688,7.225030,23.947118,-100.309718,3.864977,3.409705,-0.242794,-0.234345,0.041595,0.037253
1.470945,67.694648,-278.661692,6.593589,6.919874,24.250151,-100.362102,3.809661,3.628994,-0.239003,-0.237082,0.041557,0.036803
1.471466,66.578466,-279.155546,6.339025,6.913397,25.785288,-99.868215,3.496571,3.503639,-0.223721,-0.252675,0.039514,0.033904
1.471987,65.731279,-279.708950,6.501386,6.977899,25.694643,-100.264380,3.770285,3.672361,-0.219519,-0.250870,0.040975,0.036369
1.472508,65.033541,-279.826552,6.474777,6.908987,26.603231,-100.606547,4.143606,3.593719,-0.211232,-0.258512,0.041963,0.039494
1.473030,64.337480,-280.318579,6.336322,7.124883,27.278434,-100.500668,3.842461,3.727769,-0.203246,-0.265040,0.040508,0.036824
1.473551,62.827580,-280.546211,6.448154,6.996053,27.526426,-100.566305,3.815016,3.337833,-0.193681,-0.267170,0.040903,0.036289
1.474072,62.199646,-280.978801,6.263715,7.143022,28.384955,-101.028372,3.912099,3.406016,-0.185745,-0.273899,0.040435,0.036948
1.474593,60.872867,-281.102390,6.439821,6.980379,29.372540,-100.797104,3.833884,3.537059,-0.172960,-0.283551,0.041001,0.036303
1.475115,60.061658,-281.585821,6.521127,6.993141,29.694597,-100.971298,3.708309,3.455446,-0.166574,-0.286026,0.041006,0.035049
1.475636,58.931552,-281.594081,6.482439,6.937640,31.216272,-100.745950,3.752155,3.260317,-0.152069,-0.300470,0.040960,0.035191
1.476157,57.732345,-282.073364,6.080897,7.136655,31.595580,-100.530137,3.758940,3.710601,-0.142987,-0.304514,0.039082,0.035630
1.476678,56.693076,-282.394429,6.360429,7.041367,33.095699,-100.419142,4.060539,3.297275,-0.128954,-0.318365,0.041144,0.037758
1.477200,55.276437,-282.916157,6.254553,6.879923,33.994382,-100.198859,3.895946,3.373482,-0.115953,-0.327083,0.040079,0.036342
1.477721,53.885180,-282.847020,6.156091,6.786026,34.733484,-101.119531,4.136891,3.649744,-0.104999,-0.330863,0.040607,0.038237
1.478242,52.564307,-282.749046,6.373343,6.786404,35.424713,-100.486637,3.815178,3.279161,-0.093762,-0.338928,0.040581,0.035286
1.478763,51.222120,-283.130373,6.341672,6.970921,36.554662,-100.503878,4.179572,3.175469,-0.080142,-0.348840,0.041457,0.038104
1.479285,50.291892,-283.643311,6.253093,6.878358,37.538490,-100.627200,3.857040,3.291293,-0.069572,-0.357056,0.040054,0.035311
1.479806,48.921550,-283.478806,6.376634,7.013838,38.685525,-100.385185,4.113513,3.344328,-0.055848,-0.367832,0.041383,0.037389
1.480327,47.569797,-283.489575,6.229718,7.108294,39.269008,-100.208390,3.834233,3.379529,-0.045259,-0.373481,0.039877,0.035092
1.480848,46.280725,-283.420990,6.228587,7.045591,40.401962,-100.579358,3.948137,3.149176,-0.032141,-0.381964,0.040314,0.035493
1.481370,45.105645,-283.518617,6.426525,7.021274,41.409077,-100.448963,3.822531,3.242302,-0.020189,-0.391013,0.040837,0.034458
1.481891,43.513896,-283.311036,6.201700,7.116097,42.756213,-100.246791,4.174693,3.331405,-0.004139,-0.403149,0.040837,0.037220
1.482412,42.173399,-283.152623,6.326139,6.817561,43.307412,-100.234587,3.986167,3.282501,0.006199,-0.407836,0.040877,0.035570
1.482933,41.057437,-282.841850,6.393123,6.879184,44.416990,-100.380816,4.262593,3.173218,0.018410,-0.416587,0.042105,0.037388
1.483454,39.680880,-282.814977,6.263794,7.030837,45.717517,-99.669417,4.213745,3.154784,0.032949,-0.430058,0.041198,0.036931
1.483976,38.427213,-282.559635,6.449165,6.825865,46.666525,-99.574345,4.326876,3.080856,0.044997,-0.438263,0.042396,0.037560
1.484497,37.031699,-282.595395,6.478588,6.897460,47.988855,-99.478942,3.977192,3.307086,0.059766,-0.449470,0.041441,0.034945
1.485018,35.998904,-282.461302,6.326087,6.830186,48.173875,-99.818451,3.991908,3.273353,0.066562,-0.449643,0.040867,0.034884
1.485539,34.737524,-282.483752,6.611463,6.867226,49.386022,-99.733361,3.916315,3.068458,0.079985,-0.459785,0.041908,0.033826
1.486061,33.543264,-282.248551,6.169247,6.672356,50.441120,-99.211035,4.134871,3.050208,0.092058,-0.470363,0.040399,0.035370
1.486582,32.379828,-282.223960,6.384322,6.731636,51.218714,-99.542373,4.028963,3.141030,0.102761,-0.475213,0.041100,0.034481
1.487103,31.327036,-282.119173,6.275320,6.890437,51.971128,-99.220205,3.826757,3.340350,0.112396,-0.482503,0.039954,0.033278
1.487624,30.349973,-281.610531,6.380360,6.756609,52.768536,-99.385541,4.131724,3.399442,0.122412,-0.488098,0.041399,0.035390
1.488146,29.603415,-281.250885,6.221495,6.995487,53.563811,-99.509802,3.749149,3.217762,0.131082,-0.493798,0.039667,0.032179
1.488667,28.772236,-281.008482,6.531146,6.758351,53.709297,-99.863644,4.052431,3.370434,0.136804,-0.493449,0.042021,0.034481
1.489188,27.727860,-280.807433,6.458299,6.901282,54.555596,-99.062653,4.082258,3.052311,0.146554,-0.503394,0.041577,0.034195
1.489709,26.913575,-280.794730,6.401901,6.876629,55.207200,-99.413637,3.891744,3.209290,0.154743,-0.506925,0.040824,0.032908
1.490231,26.308332,-280.476108,6.448204,6.822810,55.874364,-99.360053,4.095178,3.431982,0.161816,-0.512270,0.041625,0.034616
1.490752,25.782292,-280.435456,6.564021,6.823201,56.337685,-99.390732,3.909713,3.184784,0.167197,-0.515673,0.041595,0.032792
1.491273,25.104717,-280.530034,6.416402,6.890917,56.465990,-98.986689,3.900049,3.118330,0.171060,-0.518401,0.040765,0.032673
1.491794,24.652640,-280.031079,6.452352,6.572531,57.756787,-99.100181,3.690212,3.360527,0.180964,-0.527685,0.040403,0.031468
1.492316,23.949397,-280.154711,6.517359,6.658084,57.386551,-99.170967,3.765520,3.377179,0.182692,-0.524583,0.040886,0.032048
1.492837,23.659729,-279.915257,6.494964,6.621326,57.869622,-99.510981,4.084256,3.362627,0.187404,-0.526735,0.041738,0.034005
1.493358,23.208053,-279.929006,6.405232,6.564443,57.994021,-100.125420,4.107018,3.878824,0.191106,-0.524995,0.041550,0.035010
1.493879,22.701732,-280.049797,6.688962,6.682927,58.097979,-99.656150,4.130294,3.476957,0.193755,-0.527814,0.042699,0.034457
1.494401,22.520445,-279.662412,6.595025,6.794127,58.324712,-99.671962,4.303869,3.548202,0.196360,-0.529441,0.042869,0.035713
1.494922,22.446740,-279.594997,6.626141,6.816356,58.277917,-99.433458,4.354445,3.487297,0.196322,-0.530136,0.043109,0.036008
1.495443,22.383650,-279.521976,6.609809,6.786539,58.267744,-99.508992,4.333689,3.544347,0.196762,-0.529729,0.043009,0.035958
1.495964,22.243935,-279.433808,6.495079,6.850534,58.226505,-99.653854,4.365869,3.441954,0.197538,-0.528786,0.042651,0.035959
1.496486,22.243935,-279.433808,6.495079,6.850534,58.519963,-99.623842,4.251973,3.401438,0.199074,-0.531110,0.042297,0.035060
1.497007,22.130385,-279.195007,6.433623,6.977669,58.333986,-99.484252,4.375901,3.273838,0.198794,-0.530333,0.042428,0.035743
1.497528,22.262485,-279.177441,6.454138,6.968877,58.333986,-99.484252,4.375901,3.273838,0.198106,-0.530333,0.042525,0.035743
1.498049,22.310156,-279.084752,6.451668,6.911506,58.358595,-99.126238,4.379503,3.487158,0.197699,-0.532092,0.042475,0.036235
1.498570,22.291134,-279.265621,6.493230,6.803432,58.095488,-99.176118,4.320828,3.479576,0.196255,-0.529899,0.042445,0.035865
1.499092,22.622079,-279.428768,6.540433,6.839261,58.157839,-99.338459,4.283083,3.573300,0.194819,-0.529653,0.042570,0.035736
1.499613,23.403933,-279.440298,6.308683,6.986261,57.881758,-99.361910,4.130105,3.627116,0.189171,-0.527478,0.041191,0.034860
1.500134,23.588748,-279.605047,6.475078,6.828383,57.776542,-99.176980,4.104117,3.514187,0.187262,-0.527497,0.041749,0.034527
1.500655,24.107806,-279.704908,6.586829,6.827613,56.729810,-98.646396,3.973849,3.296060,0.178261,-0.521896,0.041795,0.033540
1.501177,24.707769,-279.913014,6.504862,6.897593,56.224614,-98.969614,4.055920,3.237015,0.172451,-0.516633,0.041730,0.034018
1.501698,25.497193,-280.241119,6.308443,6.682936,55.958628,-98.622956,4.073689,3.203441,0.166176,-0.516104,0.040763,0.034215
1.502219,25.853619,-280.443085,6.364774,6.804548,55.342053,-98.824664,3.935365,3.370949,0.160960,-0.510490,0.040686,0.033622
1.502740,27.119618,-280.845105,6.323398,6.916321,54.425818,-98.696428,4.175250,2.998103,0.148803,-0.503953,0.041136,0.034890
1.503262,27.505878,-280.577861,6.309413,6.784057,54.082664,-98.986417,4.137404,3.122213,0.145323,-0.500048,0.041103,0.034817
1.503783,28.527582,-281.039751,6.540568,6.683926,53.149036,-99.004236,3.836748,2.874556,0.134440,-0.492680,0.041251,0.032426
1.504304,29.464899,-281.371668,6.281130,6.901872,52.567842,-99.478176,3.531375,3.164241,0.126337,-0.486137,0.039334,0.030704
1.504825,30.305659,-281.854247,6.380628,6.877802,51.759067,-99.357220,4.161371,3.076818,0.117018,-0.480258,0.041450,0.035302
1.505347,31.594336,-282.238657,6.263778,6.944006,51.133624,-99.628670,3.751470,3.130518,0.106595,-0.474185,0.039776,0.032422
1.505868,32.158065,-282.334359,6.254300,6.957891,50.547372,-99.938401,4.078763,3.044177,0.100481,-0.468265,0.040738,0.034737
1.506389,33.266663,-282.782223,6.241116,6.898061,50.317062,-99.727327,4.173905,2.881542,0.092876,-0.467278,0.040838,0.035327
1.506910,34.654526,-283.064544,6.392776,6.926809,48.860498,-99.916931,4.209965,3.113547,0.077411,-0.454818,0.041667,0.036159
1.507432,35.636052,-283.129196,6.261851,6.897238,47.963233,-100.243281,4.038655,3.117574,0.067302,-0.446274,0.040653,0.034948
1.507953,36.902253,-283.130546,6.494151,6.739677,46.947283,-100.013503,4.014945,2.868965,0.054801,-0.438877,0.041627,0.034697
1.508474,37.782163,-283.029615,6.194997,6.959564,45.871302,-100.116691,3.771958,3.106944,0.044195,-0.429634,0.039618,0.033282
1.508995,39.167980,-283.731250,6.433180,6.950417,45.061639,-100.553147,4.163447,2.954531,0.032163,-0.421304,0.041811,0.036182
1.509517,40.285099,-283.786201,6.309446,6.801339,44.499356,-100.369535,4.036647,3.153224,0.022972,-0.417314,0.040827,0.035570
1.510038,41.527817,-283.399411,6.263748,6.767056,43.483092,-100.386726,3.865883,3.294621,0.010683,-0.408758,0.040217,0.034565
1.510559,43.149905,-283.975717,6.138240,6.984541,42.677893,-100.613469,4.142025,3.369261,-0.002574,-0.401173,0.040385,0.036909
1.511080,44.356642,-283.759683,6.470111,6.707850,41.918652,-100.810540,4.015812,2.976619,-0.013325,-0.394066,0.041620,0.035540
1.511602,45.683595,-283.396009,6.222380,6.710952,40.589839,-100.565943,3.996876,3.018536,-0.027853,-0.383618,0.040434,0.035729
1.512123,46.718747,-283.424925,6.457010,6.651400,39.795542,-100.509326,3.753191,3.246480,-0.037831,-0.377000,0.040801,0.034122
1.512644,47.920371,-283.803577,6.102463,6.952568,38.430948,-100.386712,4.285346,3.113685,-0.051691,-0.365617,0.040603,0.038645
1.513165,49.044560,-283.298621,6.420956,6.889769,37.697836,-100.369681,3.816620,3.216404,-0.061949,-0.359288,0.040758,0.034954
1.513687,50.825245,-283.052327,6.451931,6.844400,36.305677,-99.783749,3.925720,3.126749,-0.079060,-0.348954,0.041080,0.036172
1.514208,51.490615,-282.755484,6.141054,6.952291,35.679899,-100.528535,3.801208,3.242005,-0.086547,-0.341054,0.039504,0.035087
1.514729,53.051750,-282.697459,6.356657,6.984357,35.205518,-100.391506,3.892971,3.305915,-0.097581,-0.337282,0.040707,0.036030
1.515250,54.178531,-282.435256,6.387885,6.881452,33.701012,-100.491625,3.719792,3.409190,-0.112077,-0.323575,0.040393,0.034810
1.515771,55.575293,-282.297114,6.156697,6.835593,33.041705,-99.996109,4.063940,3.247058,-0.122983,-0.319135,0.040176,0.037896
1.516293,56.368673,-281.929182,6.308741,7.195951,31.892627,-100.179248,3.644562,3.034614,-0.133863,-0.308211,0.039781,0.034173
1.516814,57.223590,-281.755363,6.450324,6.992168,31.462061,-100.227770,3.786140,3.182768,-0.140974,-0.304165,0.040816,0.035564
1.517335,58.644931,-281.426593,6.498268,6.843244,30.743093,-100.247850,4.009819,3.167850,-0.152801,-0.297566,0.041642,0.037618
1.517856,59.308689,-280.912899,6.312736,6.934246,29.867789,-99.797531,3.685917,3.291958,-0.161144,-0.290800,0.039891,0.035088
1.518378,60.523104,-280.792901,6.431797,6.883374,29.273810,-100.324031,3.768698,3.326496,-0.171456,-0.283910,0.040732,0.035748
1.518899,61.172756,-280.452711,6.427371,6.759702,28.533891,-100.537979,4.063375,3.459891,-0.179461,-0.276540,0.041584,0.038480
1.519420,62.277128,-280.409864,6.508567,7.078791,27.674448,-100.155990,3.787797,3.619327,-0.189659,-0.269587,0.041112,0.036340
1.519941,63.120012,-279.905851,6.422282,6.906862,27.365554,-100.148861,3.723875,3.292414,-0.196342,-0.266737,0.040554,0.035595
1.520463,63.658036,-279.693564,6.527751,7.044782,26.499334,-100.726688,4.149715,3.543245,-0.204720,-0.257252,0.042353,0.039491
1.520984,64.535701,-279.280069,6.444407,6.873399,26.444276,-101.010167,4.044040,3.658557,-0.210507,-0.256052,0.041779,0.038505
1.521505,65.117983,-279.285199,6.510588,6.967336,25.685607,-100.143937,3.721520,3.632260,-0.216664,-0.251075,0.040975,0.035944
1.522026,65.539802,-279.151250,6.667472,6.888954,25.625045,-100.442197,3.738612,3.492292,-0.219744,-0.249794,0.041766,0.035926
1.522548,66.113898,-279.108472,6.554864,6.906536,24.947973,-100.142900,4.175348,3.518883,-0.226089,-0.244154,0.042315,0.040113
1.523069,66.639096,-278.824599,6.511533,6.749114,24.695808,-100.554121,3.770132,3.504439,-0.231076,-0.240831,0.041108,0.036270
1.523590,67.273718,-278.697588,6.681030,6.763484,23.964751,-100.254266,3.613520,3.374215,-0.238100,-0.234637,0.041354,0.034934
1.524111,67.560006,-278.517194,6.633700,6.933358,24.078080,-99.968714,3.976414,3.409376,-0.238880,-0.236354,0.042085,0.038389
1.524633,67.797251,-278.573848,6.577185,6.955239,23.599444,-100.713406,3.719115,3.921389,-0.243564,-0.230170,0.041368,0.036058
1.525154,68.046505,-278.557558,6.602356,6.944944,23.578063,-100.937238,3.821296,4.017798,-0.245314,-0.229477,0.041793,0.036966
1.525675,68.349983,-278.396616,6.493486,6.849129,23.578063,-100.937238,3.821296,4.017798,-0.247136,-0.229477,0.041303,0.036966
1.526196,68.485770,-278.175316,6.499219,6.804320,23.500298,-100.717483,3.964343,3.858596,-0.248270,-0.229228,0.041654,0.038279
1.526718,68.460562,-278.327575,6.547522,6.852715,23.491162,-100.871072,3.978368,3.755944,-0.248186,-0.228805,0.041902,0.038305
1.527239,68.588025,-278.110043,6.553464,6.769436,23.261734,-101.064464,4.078189,3.855104,-0.250632,-0.226227,0.042260,0.039219
1.527760,68.731197,-278.070116,6.492141,6.984459,23.261734,-101.064464,4.078189,3.855104,-0.251445,-0.226227,0.042059,0.039219
1.528281,68.662765,-278.065426,6.519392,6.775553,23.261734,-101.064464,4.078189,3.855104,-0.251088,-0.226227,0.042119,0.039219
1.528803,68.695022,-278.176746,6.506719,6.871804,23.237378,-101.037493,4.080950,3.863376,-0.251200,-0.226057,0.042068,0.039260
1.529324,68.460562,-278.327575,6.547522,6.852715,23.507969,-100.950599,3.853832,3.731366,-0.248204,-0.228789,0.041588,0.037121
1.529845,68.133956,-278.391130,6.686069,6.803469,23.503816,-100.641657,3.849235,3.676313,-0.245999,-0.229428,0.042103,0.037160
1.530366,68.046505,-278.557558,6.602356,6.944944,23.755799,-100.797450,3.815188,3.884003,-0.244188,-0.231455,0.041733,0.036876
1.530887,67.848033,-278.596099,6.649805,6.927437,24.392619,-100.772183,3.963001,3.559611,-0.239676,-0.237489,0.042303,0.038018
1.531409,67.119670,-279.040986,6.662979,7.121084,24.977869,-100.297929,4.196994,3.600003,-0.231539,-0.244072,0.042910,0.040291
1.531930,66.624717,-278.828730,6.495641,6.805240,25.896789,-100.463889,4.207029,3.396942,-0.224492,-0.252280,0.042264,0.040108
1.532451,66.136043,-278.978438,6.727980,6.744065,26.086288,-100.545819,3.975862,3.369622,-0.220794,-0.253850,0.042663,0.037934
1.532972,65.650444,-279.658592,6.519872,7.056520,26.050422,-100.343589,3.364484,3.134198,-0.217352,-0.254005,0.040053,0.032318
1.533494,64.932953,-279.616514,6.469172,7.022019,26.829341,-100.598165,4.045769,3.269092,-0.209718,-0.260632,0.041716,0.038408
1.534015,64.005203,-279.777015,6.441030,6.995596,27.092183,-100.280187,3.872995,3.163643,-0.202820,-0.263865,0.041049,0.036861
1.534536,63.180017,-279.947965,6.469165,6.924642,27.880331,-100.407746,3.756906,3.797632,-0.194135,-0.270848,0.040971,0.036081
1.535057,62.516930,-280.498861,6.378463,7.129254,28.560415,-100.443548,4.030289,3.352318,-0.186400,-0.277031,0.041242,0.038148
1.535579,61.267993,-280.340401,6.520151,6.802010,29.410609,-100.642638,3.706921,3.284573,-0.175460,-0.284311,0.041106,0.035054
1.536100,60.898236,-280.864549,6.427137,7.073986,29.835352,-99.814772,3.610575,2.835322,-0.169917,-0.290454,0.040170,0.034108
1.536621,59.481300,-281.171734,6.319309,7.096978,30.725451,-100.457200,3.990201,3.040857,-0.157800,-0.296821,0.040876,0.037296
1.537142,58.813399,-281.314280,6.432967,6.876917,31.376813,-100.271332,3.806096,3.257319,-0.150403,-0.303267,0.040837,0.035791
1.537664,57.771356,-282.112658,6.335405,6.854753,32.681339,-100.446958,4.221232,3.360811,-0.137243,-0.314557,0.041514,0.039256
1.538185,56.868950,-282.160621,6.444213,6.956873,33.704221,-100.514272,3.579899,3.286603,-0.126842,-0.323535,0.040286,0.033499
1.538706,55.214523,-282.232655,6.319992,6.838018,33.988519,-100.410314,3.689862,3.186177,-0.116214,-0.326390,0.039995,0.034350
1.539227,54.718174,-282.821412,6.375214,7.115697,35.453061,-100.371789,3.790568,3.359123,-0.105202,-0.339538,0.040455,0.035183
1.539749,53.203790,-282.942604,6.369798,7.019420,35.790046,-100.164863,3.741037,3.280892,-0.094986,-0.343173,0.040252,0.034708
1.540270,52.445773,-282.707747,6.436116,6.743754,36.640123,-100.166581,4.038509,3.438702,-0.086371,-0.350673,0.041468,0.037245
1.540791,50.951137,-283.150668,6.405645,6.748401,37.564148,-100.874987,3.728510,3.441832,-0.073312,-0.356474,0.040558,0.034325
1.541312,49.801734,-283.788481,6.121835,6.930063,38.745245,-100.347256,4.035528,3.115272,-0.060200,-0.368477,0.039904,0.036520
1.541834,48.685329,-283.744018,6.398313,7.029011,39.714003,-100.091087,3.721625,3.224253,-0.048811,-0.377726,0.040260,0.033970
1.542355,47.233219,-283.740726,6.166410,7.037771,40.506175,-100.291216,3.290361,3.273483,-0.036653,-0.383852,0.038080,0.030399
1.542876,46.424353,-283.780423,6.398907,6.848028,41.701863,-100.288897,3.579737,3.274985,-0.025731,-0.394067,0.039947,0.032560
1.543397,44.873923,-283.541361,6.342951,6.926447,42.786859,-100.510214,4.026523,3.177587,-0.011402,-0.402461,0.041045,0.035778
1.543919,43.414572,-283.724071,6.213728,7.218445,43.159170,-100.203660,3.744547,3.112875,-0.001392,-0.406701,0.039531,0.033481
1.544440,42.827909,-283.387253,6.438643,7.080371,43.723791,-100.310819,3.715766,3.141277,0.004893,-0.411052,0.040605,0.033174
1.544961,41.560276,-283.391205,6.247491,7.076019,45.348041,-100.049148,3.638038,2.940132,0.020657,-0.425560,0.039425,0.032125
1.545482,40.450112,-283.288793,6.406401,6.760665,46.105775,-99.888061,3.903635,3.011150,0.030828,-0.432437,0.040885,0.034197
1.546004,39.423345,-283.314638,6.203670,6.925635,47.302158,-100.329235,3.615683,3.273130,0.043030,-0.440564,0.039209,0.032057
1.546525,37.811317,-282.904553,6.246213,6.954347,47.384174,-100.290142,3.658754,3.267195,0.052373,-0.441383,0.039593,0.032370
1.547046,37.153778,-282.999579,6.176262,6.932558,48.166335,-99.902628,3.634014,3.011870,0.060074,-0.449252,0.039075,0.031784
1.547567,35.793253,-282.759226,6.365292,6.965594,49.453277,-100.093260,3.813762,3.298379,0.074643,-0.458894,0.040518,0.033305
1.548088,35.112571,-282.468304,6.478530,6.705100,49.547638,-99.734613,3.792845,3.096007,0.078831,-0.461080,0.040951,0.032914
1.548610,33.740901,-282.328016,6.232045,6.955837,50.652803,-100.154187,4.087872,3.114663,0.092569,-0.468236,0.040745,0.034832
1.549131,32.937140,-282.036936,6.445379,6.788057,51.541952,-99.621225,3.768237,3.159447,0.101640,-0.477454,0.040719,0.032525
1.549652,31.799508,-282.078689,6.282230,6.933278,51.743124,-98.933406,3.889507,2.712000,0.108468,-0.481885,0.040111,0.032859
1.550173,31.527751,-281.630267,6.305983,6.824466,53.012788,-99.261181,4.132212,3.242861,0.117270,-0.490534,0.041058,0.035121
1.550695,30.642468,-281.618074,6.552029,6.862319,53.637135,-99.508784,3.706176,3.190652,0.125604,-0.494374,0.041013,0.031816
1.551216,29.796603,-281.376493,6.481428,6.821095,53.630675,-99.093341,3.719077,3.193460,0.130015,-0.496072,0.040654,0.032010
1.551737,29.376266,-281.449461,6.297598,6.931720,54.358011,-99.231140,3.882619,3.059891,0.136248,-0.501146,0.040243,0.032781
1.552258,28.601919,-281.089586,6.482527,6.917227,55.137946,-99.421708,4.106504,3.119862,0.145043,-0.506358,0.041787,0.034278
1.552780,28.230147,-280.856300,6.458159,6.788267,55.450140,-99.416029,3.762231,3.249009,0.148911,-0.508780,0.040744,0.032038
1.553301,27.409059,-280.701312,6.278590,6.889653,55.470408,-99.415748,3.760997,3.248992,0.153572,-0.508937,0.039936,0.032026
1.553822,27.001909,-280.657345,6.541329,6.870867,55.437203,-99.257734,3.774304,3.198091,0.155490,-0.509359,0.041134,0.032066
1.554343,26.802929,-280.525317,6.615848,6.679857,55.801329,-99.021728,3.802110,3.273768,0.158429,-0.513169,0.041489,0.032392
1.554865,26.283799,-280.540441,6.554490,6.822320,56.163960,-99.323675,3.950077,3.361472,0.163416,-0.514638,0.041660,0.033442
1.555386,25.849632,-280.186240,6.416021,6.767276,57.321314,-99.395109,3.864844,3.426660,0.172351,-0.523112,0.040831,0.032772
1.555907,25.734950,-280.267555,6.434843,6.739645,57.244487,-98.684635,3.779901,3.198168,0.171816,-0.525640,0.040494,0.031925
1.556428,25.562450,-280.385813,6.500875,6.803819,57.333351,-99.273381,3.835838,3.511484,0.173654,-0.523734,0.041068,0.032775
1.556950,25.562450,-280.385813,6.500875,6.803819,57.607152,-99.217597,3.834986,3.501121,0.175067,-0.526043,0.041042,0.032717
1.557471,25.504824,-280.469556,6.513096,6.846336,57.333351,-99.273381,3.835838,3.511484,0.173884,-0.523734,0.041109,0.032775
1.557992,25.318398,-280.503486,6.380177,6.889668,57.384911,-99.214878,3.777080,3.343458,0.175070,-0.524378,0.040314,0.032048
1.558513,25.409863,-280.309700,6.377229,6.759932,57.510406,-99.359438,3.812924,3.426263,0.175573,-0.524694,0.040456,0.032400
1.559035,24.964911,-280.276255,6.617644,6.872709,57.184270,-99.268417,3.785703,3.439727,0.176155,-0.522628,0.041478,0.032319
1.559556,24.994951,-280.170245,6.629787,6.786585,57.487319,-99.073107,3.804014,3.418112,0.177531,-0.525772,0.041536,0.032395
1.560077,25.302708,-280.473167,6.400383,6.849755,57.158891,-99.343731,3.801424,3.396455,0.174095,-0.522108,0.040511,0.032325
1.560598,25.375476,-280.418716,6.368256,6.847523,57.312949,-99.432571,3.874870,3.404276,0.174665,-0.522886,0.040593,0.032788
1.561120,25.513693,-280.630024,6.460731,6.860137,55.729714,-100.011022,3.785814,3.499267,0.165757,-0.508381,0.040922,0.032491
1.561641,25.869129,-280.579814,6.417057,6.844161,55.958061,-99.604078,3.783852,3.265037,0.164752,-0.511861,0.040626,0.032089
1.562162,26.475157,-280.736808,6.598938,6.813765,55.777999,-99.668257,3.729800,3.300294,0.160442,-0.510212,0.041324,0.031800
1.562683,27.043157,-280.815746,6.452008,6.843958,55.550963,-99.202176,3.673569,3.370944,0.155699,-0.510471,0.040413,0.031695
1.563204,27.473991,-280.774664,6.276151,6.936243,55.042482,-99.135065,3.612997,3.333174,0.150626,-0.506848,0.039475,0.031299
1.563726,28.487983,-281.059073,6.482859,6.888603,55.067295,-99.126923,4.137586,3.308372,0.145068,-0.507074,0.041823,0.034902
1.564247,29.088323,-281.315909,6.426976,6.901239,54.306654,-99.586742,3.867476,3.229753,0.137888,-0.499243,0.040896,0.032892
1.564768,29.533640,-281.505605,6.312577,6.826068,53.677765,-99.823319,3.825178,3.179113,0.132118,-0.493372,0.040287,0.032558
1.565289,30.625356,-281.607286,6.481436,6.856965,52.880101,-99.049556,3.638995,3.015242,0.121307,-0.490379,0.040422,0.031263
1.565811,31.192511,-282.066872,6.513051,6.992606,51.973507,-99.596644,3.726718,3.104848,0.113398,-0.480967,0.040870,0.032069
1.566332,32.075380,-282.196071,6.413689,6.873690,51.496787,-99.668394,3.838762,3.340875,0.106004,-0.476903,0.040732,0.033332
1.566853,32.880225,-282.244858,6.500599,6.831874,51.186156,-99.582564,3.842054,3.299185,0.099884,-0.474790,0.041135,0.033359
1.567374,33.940996,-282.307636,6.316057,6.899478,49.904580,-99.661306,4.043575,3.051365,0.087180,-0.464241,0.040906,0.034678
1.567896,35.180239,-282.685871,6.221883,6.885775,49.800400,-99.626181,4.085679,3.190998,0.079696,-0.463546,0.040537,0.035223
1.568417,35.927984,-282.464672,6.301568,6.896567,48.462573,-99.607322,4.161932,3.009794,0.068441,-0.452819,0.041202,0.035816
1.568938,37.223439,-282.899514,6.176695,6.851003,47.791846,-99.554504,3.899266,2.993396,0.057578,-0.447566,0.039777,0.033924
1.569459,37.772904,-282.921206,6.168846,7.002125,46.869611,-99.785277,3.803241,2.997260,0.049631,-0.439119,0.039528,0.033296
1.569981,39.292301,-283.186649,6.173411,6.884972,45.966856,-100.079129,3.711514,3.113198,0.036435,-0.430565,0.039315,0.032819
1.570502,40.135833,-283.361301,6.151755,7.045367,45.704602,-99.981312,3.729972,3.110573,0.030358,-0.428769,0.039216,0.033025
1.571023,41.418139,-283.521979,6.187720,7.109830,44.495244,-99.792913,3.987827,2.975577,0.016746,-0.419419,0.040062,0.035130
1.571544,42.505944,-283.566728,6.421610,7.017372,43.740893,-99.999207,3.743093,3.025353,0.006727,-0.412337,0.040490,0.033325
1.572066,43.529110,-283.456975,6.155703,7.146812,42.688976,-100.369771,4.098412,3.182677,-0.004589,-0.402139,0.040392,0.036415
1.572587,44.791080,-283.623074,6.508576,6.828746,42.294976,-100.113726,4.105016,3.088396,-0.013601,-0.399725,0.041928,0.036509
1.573108,45.784592,-283.700734,6.079840,7.133907,40.855343,-100.463454,3.946909,3.271274,-0.026894,-0.386242,0.039547,0.035575
1.573629,46.920470,-283.721331,6.403476,7.010322,39.967434,-100.162454,3.711514,3.113198,-0.037861,-0.379667,0.040295,0.033708
1.574151,48.080007,-283.675689,6.319757,6.996908,38.947386,-100.499981,3.887185,3.281930,-0.049816,-0.369716,0.040459,0.035382
1.574672,49.158898,-283.378970,6.494670,6.934380,37.950947,-100.459113,3.633169,3.255855,-0.061196,-0.361201,0.040612,0.033413
1.575193,50.528799,-283.588715,6.374827,6.907163,37.138567,-100.650771,3.808380,3.245783,-0.073065,-0.353486,0.040490,0.034911
1.575714,51.544966,-283.376864,6.243126,7.036625,36.363302,-100.791223,4.049741,3.382584,-0.082957,-0.346245,0.040631,0.037131
1.576236,52.724861,-283.035476,6.419613,7.079255,35.298674,-100.477840,3.796115,3.369787,-0.095167,-0.337840,0.040687,0.035227
1.576757,53.455393,-282.835189,6.117465,6.977752,35.592954,-100.772653,3.797770,3.346500,-0.097799,-0.339523,0.039389,0.035092
1.577278,54.672001,-282.685509,6.493289,6.943815,34.790184,-99.762913,3.848282,2.906564,-0.108265,-0.335542,0.041020,0.035565
1.577799,55.474300,-282.313634,6.483567,6.941436,33.731561,-100.432795,3.703002,3.173575,-0.118979,-0.324025,0.040774,0.034478
1.578321,56.871968,-282.429649,6.413455,7.059829,32.506452,-100.036159,3.428154,3.057767,-0.132801,-0.314184,0.039561,0.032272
1.578842,57.407483,-281.947094,6.210402,6.978743,32.027118,-100.638117,4.064514,3.265856,-0.139080,-0.308106,0.040572,0.037853
1.579363,58.433024,-281.748145,6.419367,6.956413,31.247796,-100.582979,3.874223,3.243614,-0.148946,-0.301214,0.040950,0.036296
1.579884,59.246087,-281.636423,6.423187,6.914481,30.412171,-100.270886,4.052222,3.226366,-0.157663,-0.294482,0.041360,0.038072
1.580405,60.314280,-281.125299,6.391034,6.973264,29.138710,-100.349088,3.829921,3.072790,-0.170774,-0.282602,0.040643,0.036141
1.580927,61.018869,-281.185695,6.506164,7.021720,29.731787,-99.974149,3.626914,3.096774,-0.170969,-0.289065,0.040542,0.034388
1.581448,62.164189,-280.799482,6.374471,6.908762,29.282803,-100.226637,3.941753,3.069966,-0.180121,-0.284254,0.040845,0.037162
1.581969,62.417229,-280.758344,6.437768,7.129652,27.526720,-101.238020,3.791568,3.522367,-0.191961,-0.265483,0.040953,0.035969
1.582490,63.033734,-279.854327,6.474777,6.908987,27.558953,-100.702047,3.792845,3.096007,-0.195486,-0.267128,0.041102,0.035903
1.583012,63.391901,-280.006393,6.618774,6.810250,27.086916,-101.028592,3.907839,3.390142,-0.200131,-0.261951,0.042071,0.037050
1.583533,63.975696,-280.125162,6.447468,6.933755,26.985973,-100.820206,4.044756,3.486367,-0.203441,-0.261534,0.041606,0.038420
1.584054,64.688780,-279.880161,6.479678,6.941758,26.798704,-100.068693,4.043000,3.526006,-0.207683,-0.261663,0.041597,0.038713
1.584575,65.138791,-279.769368,6.624587,6.930888,25.738376,-100.903031,3.745807,3.344493,-0.216816,-0.249754,0.041573,0.035748
1.585097,65.413303,-279.673086,6.658320,6.984025,25.976561,-101.183781,4.020181,3.551887,-0.217454,-0.251299,0.042565,0.038222
1.585618,65.639555,-279.301885,6.561078,7.138011,25.453496,-101.033666,3.764306,3.973165,-0.221719,-0.246795,0.041559,0.036252
1.586139,65.831592,-279.008758,6.640421,6.948821,25.395009,-101.291975,3.796319,3.782095,-0.223725,-0.245648,0.042040,0.036346
1.586660,65.947003,-279.120077,6.609450,6.871668,25.494222,-101.183873,3.780799,3.882937,-0.223545,-0.246822,0.041804,0.036292
1.587182,66.369952,-279.159167,6.408282,6.886862,25.420321,-101.184045,3.654542,3.974584,-0.226150,-0.246135,0.040559,0.035219
1.587703,66.490793,-279.045353,6.422289,7.004760,25.480149,-101.061977,3.757831,3.965152,-0.226466,-0.246977,0.040914,0.036177
1.588224,66.686968,-279.174510,6.464663,7.006938,25.480149,-101.061977,3.757831,3.965152,-0.227353,-0.246977,0.041067,0.036177
1.588745,66.754452,-279.244685,6.488549,7.031240,25.461467,-101.160121,3.795090,3.885765,-0.227846,-0.246573,0.041268,0.036433
1.589267,66.943043,-279.279740,6.628514,6.991009,25.240028,-101.038433,3.927192,3.922653,-0.229835,-0.244796,0.042179,0.037707
1.589788,66.621085,-278.936178,6.427812,7.069979,25.143534,-101.011587,4.014465,3.904680,-0.229028,-0.243959,0.041626,0.038505
1.590309,66.633193,-279.088156,6.458318,6.958381,25.182540,-100.604619,4.102150,3.625374,-0.228193,-0.245272,0.041811,0.039298
1.590830,66.633193,-279.088156,6.458318,6.958381,25.715336,-100.711272,3.791815,3.916457,-0.225489,-0.249996,0.041062,0.036554
1.591352,66.538935,-278.967734,6.378273,7.086117,25.381744,-100.667961,3.843575,3.922520,-0.226858,-0.246985,0.040884,0.037068
1.591873,65.886121,-279.160429,6.609966,6.920581,26.097971,-100.631344,4.351131,3.791965,-0.219283,-0.253752,0.043259,0.041535
1.592394,65.557594,-279.663861,6.652969,6.990552,26.072572,-100.802824,4.302048,3.456951,-0.217273,-0.253102,0.043223,0.040857
1.592915,65.476491,-279.887495,6.657742,6.855424,25.660648,-101.589817,3.874510,3.604599,-0.219706,-0.247416,0.042176,0.036828
1.593437,64.972267,-279.994698,6.474726,7.014313,26.495352,-101.090689,4.047490,3.401740,-0.211843,-0.256329,0.041765,0.038363
1.593958,64.188506,-279.987570,6.489205,7.136805,26.786405,-100.791437,3.919398,3.546659,-0.205767,-0.259756,0.041504,0.037356
1.594479,63.883574,-279.978686,6.353014,7.075009,27.411268,-101.158871,3.765520,3.377179,-0.201201,-0.264618,0.040568,0.035687
1.595000,62.827580,-280.546211,6.448154,6.996053,27.672426,-101.259149,3.773778,3.397914,-0.193626,-0.266769,0.040957,0.035713
1.595521,62.462666,-280.689406,6.348215,7.236939,28.416931,-100.780366,3.946724,3.500359,-0.187027,-0.274834,0.040935,0.037395
1.596043,61.838363,-281.251702,6.374721,7.329115,29.037409,-100.810540,3.710108,3.334642,-0.179818,-0.280448,0.040340,0.035104
1.596564,60.860872,-281.144612,6.321690,6.947064,29.806780,-100.604541,3.574271,3.197577,-0.170340,-0.288037,0.039705,0.033789
1.597085,60.548698,-281.219797,6.438058,6.921733,30.282033,-100.683542,4.044155,3.501299,-0.166104,-0.292158,0.041556,0.038063
1.597606,59.415310,-281.509332,6.149891,6.843312,30.778994,-100.596519,3.961856,3.388892,-0.156985,-0.296920,0.039983,0.037225
1.598128,58.373469,-281.824226,6.392292,6.887296,31.276904,-100.650409,3.805516,3.096183,-0.148461,-0.301288,0.040624,0.035565
1.598649,57.305093,-281.904006,6.354271,6.838800,32.040577,-100.420306,3.650720,3.190411,-0.138322,-0.308854,0.040017,0.034254
1.599170,56.579558,-282.178130,6.424133,6.975086,32.642581,-100.576766,3.941874,3.193563,-0.131055,-0.313828,0.041160,0.036663
1.599691,55.607870,-282.221882,6.180000,7.205373,33.702634,-100.399997,3.579737,3.274985,-0.119898,-0.323864,0.039061,0.033521
1.600213,54.770657,-282.350824,6.460937,6.910021,34.631314,-100.117615,3.772332,3.334376,-0.110067,-0.333023,0.040819,0.035190
1.600734,53.511124,-282.715941,6.174298,7.046641,35.832998,-100.094125,3.544692,3.413129,-0.096501,-0.343778,0.038841,0.033203
1.601255,52.709235,-282.837463,6.449440,6.855312,35.989227,-100.201698,3.566242,3.207512,-0.091294,-0.344819,0.040193,0.033128
1.601776,51.471410,-282.714221,6.152334,7.042805,36.724168,-100.643773,4.047208,3.263086,-0.080821,-0.349880,0.040329,0.036992
1.602298,50.352544,-283.255138,6.264535,7.087238,37.405645,-100.536930,3.788466,3.308327,-0.070739,-0.356190,0.039981,0.034804
1.602819,49.074188,-283.405676,6.435055,6.917225,38.451575,-100.381523,3.513862,3.331549,-0.057974,-0.365813,0.039999,0.032477
1.603340,48.221828,-283.639482,6.365642,6.945555,39.326787,-100.454278,3.751000,3.292942,-0.048520,-0.373148,0.040290,0.034237
1.603861,46.848042,-283.695180,6.347709,7.088131,39.703047,-100.902429,3.848245,3.481741,-0.039068,-0.374873,0.040582,0.035056
1.604383,45.936605,-283.529225,6.155889,7.035664,41.243177,-100.180971,3.787622,3.120377,-0.025593,-0.390540,0.039410,0.034137
1.604904,44.692562,-283.568046,6.468636,6.884099,42.110851,-100.418944,3.673854,3.257511,-0.014095,-0.397077,0.040614,0.033195
1.605425,43.780367,-283.983773,6.106124,7.018255,42.237640,-100.922008,3.939527,3.324766,-0.008427,-0.396367,0.039694,0.035228
1.605946,42.504767,-283.442317,6.398907,6.985590,43.289526,-100.585023,3.874461,3.169263,0.004292,-0.406417,0.040908,0.034455
1.606468,41.643182,-283.767923,6.042562,7.036653,44.114013,-100.597117,4.009537,3.336757,0.013488,-0.413268,0.039587,0.035585
1.606989,40.703877,-283.575060,6.455325,6.916902,44.727494,-100.360994,4.192590,3.211826,0.021958,-0.419244,0.042003,0.036828
1.607510,39.338924,-283.344483,6.450048,7.022020,46.313441,-99.987350,4.005671,2.863202,0.038020,-0.433771,0.041379,0.034746
1.608031,38.539345,-283.678964,6.259006,7.053257,46.054408,-100.121395,3.670352,3.182987,0.040918,-0.431127,0.039500,0.032576
1.608553,37.480505,-283.466285,6.140036,7.072517,46.998072,-100.265614,4.116796,3.195669,0.051905,-0.438325,0.040303,0.035822
1.609074,36.362646,-282.992794,6.515870,6.816251,47.823395,-100.253880,3.728577,3.141455,0.062634,-0.445098,0.041001,0.032653
1.609595,35.602589,-283.002616,6.192086,6.916913,48.370135,-100.701092,4.127792,3.367266,0.069921,-0.447791,0.040729,0.035772
1.610116,34.592176,-282.787144,6.493003,6.762357,48.927012,-100.100569,4.008636,3.151780,0.078306,-0.454630,0.041636,0.034629
1.610638,33.706101,-282.624248,6.224424,6.886796,49.839461,-99.741234,3.761649,2.897564,0.087989,-0.463398,0.039622,0.032337
1.611159,33.328684,-282.472526,6.292373,6.766565,50.451718,-99.974119,4.137944,3.040174,0.093552,-0.467359,0.041081,0.035183
1.611680,32.037217,-282.382810,6.273393,6.879942,51.723963,-99.270179,3.792089,2.909208,0.107100,-0.480339,0.039812,0.032355
1.612201,31.447852,-282.175551,6.335268,6.911887,51.521083,-99.912403,3.835477,3.346787,0.109691,-0.476099,0.040407,0.033253
1.612722,30.839280,-282.027898,6.594213,6.800925,52.279857,-99.780601,4.143409,3.391005,0.117107,-0.482622,0.042426,0.035450
1.613244,30.095651,-281.929938,6.482288,6.783569,52.352656,-99.712977,4.087575,3.269178,0.121544,-0.483473,0.041736,0.034853
1.613765,29.608193,-281.766678,6.310174,6.912530,52.943698,-99.237138,4.069953,3.282767,0.127155,-0.490092,0.040818,0.034756
1.614286,29.262109,-281.783790,6.417356,6.736530,52.964011,-99.555174,4.060554,3.304177,0.129341,-0.488924,0.041317,0.034641
1.614807,28.659434,-281.152874,6.555384,6.662802,53.889082,-99.714607,4.061981,3.498027,0.138168,-0.495469,0.042080,0.034775
1.615329,28.231314,-281.227792,6.438557,6.808885,54.207715,-99.525402,4.083306,3.300309,0.141999,-0.498736,0.041531,0.034571
1.615850,27.774712,-280.881550,6.284897,6.851291,54.851818,-99.337137,4.082990,3.413365,0.148057,-0.504514,0.040851,0.034693
1.616371,27.424724,-280.731796,6.418970,6.879342,54.695525,-99.356571,3.875385,3.420876,0.149238,-0.503225,0.040903,0.033281
1.616892,27.025939,-280.729773,6.583699,6.892859,54.842473,-99.585802,4.026593,3.283375,0.152370,-0.503385,0.042100,0.034009
1.617414,26.918429,-280.781218,6.486189,6.890134,54.944081,-99.370139,4.018834,3.417995,0.153275,-0.505085,0.041576,0.034228
1.617935,26.820389,-280.772289,6.561874,6.867038,54.944081,-99.370139,4.018834,3.417995,0.153811,-0.505085,0.041914,0.034228
1.618456,26.690863,-280.768129,6.642529,6.847443,55.233668,-99.399102,3.795433,3.469304,0.156094,-0.507190,0.041672,0.032723
1.618977,26.690863,-280.768129,6.642529,6.847443,55.614531,-99.339295,4.045189,3.462978,0.158091,-0.510370,0.042319,0.034380
1.619499,26.528070,-280.722963,6.560203,6.799155,54.953721,-99.244860,4.123218,3.453638,0.155372,-0.505694,0.042166,0.035050
1.620020,26.528070,-280.722963,6.560203,6.799155,55.233668,-99.399102,3.795433,3.469304,0.157008,-0.507190,0.041291,0.032723
1.620541,26.528070,-280.722963,6.560203,6.799155,55.614531,-99.339295,4.045189,3.462978,0.159005,-0.510370,0.041944,0.034380
1.621062,26.528070,-280.722963,6.560203,6.799155,55.244967,-99.524673,3.827460,3.377233,0.157176,-0.506741,0.041399,0.032736
1.621584,26.528070,-280.722963,6.560203,6.799155,54.869064,-99.491674,4.125462,3.302370,0.155124,-0.503990,0.042223,0.034756
1.622105,26.690863,-280.768129,6.642529,6.847443,54.855163,-99.765866,3.610653,3.397703,0.154364,-0.502720,0.041284,0.031289
1.622626,26.798726,-280.869690,6.620242,6.882503,53.749585,-100.059000,3.760331,3.219974,0.147966,-0.492947,0.041646,0.032103
1.623147,27.415141,-280.951744,6.231199,6.964203,53.440474,-100.079471,3.794643,3.526256,0.142907,-0.490461,0.039984,0.032936
1.623669,27.611189,-281.075700,6.262611,7.087264,53.464005,-100.119943,3.811024,3.498372,0.141908,-0.490476,0.040171,0.032986
1.624190,28.314975,-281.283774,6.602812,6.934948,53.527945,-100.092635,3.802389,3.436860,0.138263,-0.491086,0.041663,0.032810
1.624711,28.672874,-281.473025,6.486979,6.844718,53.451325,-100.121813,3.790568,3.359123,0.135792,-0.490370,0.041059,0.032593
1.625232,29.324187,-281.613993,6.297052,6.791393,52.491964,-100.125974,4.222239,3.197700,0.126968,-0.482866,0.041432,0.035590
1.625754,29.578597,-282.275908,6.348199,6.865458,51.496374,-99.701653,3.760838,3.114800,0.119477,-0.476764,0.040139,0.032387
1.626275,30.523450,-282.317331,6.483364,6.881007,51.819587,-100.209093,4.053265,3.294860,0.116413,-0.477245,0.041701,0.034619
1.626796,31.186842,-282.532870,6.300638,6.938834,51.242212,-100.042095,3.787622,3.120377,0.109459,-0.473365,0.040060,0.032553
1.627317,31.913919,-282.510285,6.334610,6.817291,50.879911,-100.076542,4.037678,3.142285,0.103589,-0.470353,0.040956,0.034477
1.627838,32.722284,-282.514650,6.543679,6.862589,50.304713,-100.135769,4.103012,3.112288,0.096109,-0.465538,0.042145,0.035012
1.628360,33.686053,-282.708466,6.294187,7.046630,49.419019,-100.263088,3.753834,3.030937,0.086021,-0.457946,0.040034,0.032420
1.628881,34.115285,-282.670635,6.282105,6.916429,48.827332,-100.029578,4.090340,3.064347,0.080378,-0.454106,0.040914,0.035162
1.629402,35.235168,-282.686588,6.311970,6.924233,47.740508,-99.943657,3.743093,3.025353,0.068325,-0.445628,0.040069,0.032688
1.629923,35.863348,-282.819273,6.197493,7.065545,47.365992,-100.181125,3.775600,2.968684,0.062897,-0.441655,0.039665,0.032862
1.630445,37.024754,-282.913665,6.364770,6.868932,45.837157,-99.930580,3.683363,3.028871,0.048122,-0.430057,0.040144,0.032546
1.630966,38.043058,-282.981503,6.283483,6.926123,45.922332,-100.097995,3.735893,3.110020,0.043057,-0.430126,0.039938,0.033005
1.631487,39.093552,-283.076946,6.325682,6.976771,45.242791,-100.125420,3.787622,3.120377,0.033599,-0.424401,0.040279,0.033521
1.632008,39.784446,-283.180117,6.194863,6.949909,44.259090,-100.345770,3.984996,3.143243,0.024469,-0.415399,0.040276,0.035200
1.632530,41.063129,-283.162084,6.458494,7.005389,43.400651,-100.175484,3.772834,3.116845,0.012774,-0.408834,0.040873,0.033680
1.633051,41.778633,-283.291193,6.190629,7.151694,42.875332,-100.148367,4.062279,3.060773,0.005988,-0.404509,0.040429,0.036019
1.633572,43.223458,-283.366624,6.389706,7.011780,41.779873,-100.319364,3.761335,3.181539,-0.007886,-0.394622,0.040505,0.033876
1.634093,44.354566,-283.287995,6.385451,6.920050,41.593864,-100.032675,3.610394,2.974194,-0.015064,-0.394055,0.040024,0.032527
1.634615,45.274482,-283.236624,6.385868,7.013847,40.165015,-100.398667,3.926268,3.163032,-0.027938,-0.380554,0.040985,0.035419
1.635136,46.399890,-283.342887,6.409504,7.045271,39.414549,-100.010697,3.753834,3.030937,-0.038084,-0.375413,0.040488,0.034093
1.635657,47.234909,-283.285916,6.348806,6.924693,38.822358,-100.214593,4.102492,3.053918,-0.045920,-0.369591,0.041246,0.037046
1.636178,48.455487,-283.256457,6.411660,7.021291,38.582457,-100.240508,4.199931,3.039860,-0.053894,-0.367421,0.041819,0.037882
1.636700,49.089642,-283.271477,6.459534,6.890508,37.916988,-99.570583,3.682407,2.660042,-0.060745,-0.363850,0.040400,0.033499
1.637221,50.482480,-283.207014,6.340896,7.030935,36.619326,-100.409764,4.167890,3.118834,-0.075694,-0.349709,0.041395,0.037976
1.637742,51.240928,-283.091841,6.363928,7.021656,35.500675,-100.760776,3.801939,3.152087,-0.086114,-0.338746,0.040518,0.034968
1.638263,52.010747,-283.076417,6.131948,7.035506,35.317324,-101.003852,3.986417,3.300517,-0.091430,-0.336375,0.040024,0.036612
1.638785,52.898816,-282.746095,6.453712,7.170350,34.651991,-100.861461,4.107631,3.654294,-0.099986,-0.330926,0.041872,0.038089
1.639306,53.870985,-282.589340,6.364063,6.755943,33.648714,-101.482217,3.676217,3.618423,-0.111199,-0.320165,0.040352,0.034331
1.639827,54.993977,-282.485446,6.433847,7.037850,33.646326,-100.741072,3.833232,3.421994,-0.116924,-0.322340,0.040952,0.035721
1.640348,55.406569,-282.246108,6.396140,6.888828,31.837668,-100.682387,3.696183,3.304428,-0.129089,-0.306269,0.040372,0.034682
1.640870,56.734789,-282.367036,6.489734,7.099338,31.814919,-101.091994,3.710426,3.371456,-0.136614,-0.304899,0.040894,0.034734
1.641391,57.324585,-282.071334,6.353780,6.872184,31.253639,-101.003688,3.999776,3.631355,-0.143002,-0.300086,0.041071,0.037539
1.641912,58.028603,-281.896613,6.437489,6.973635,30.197164,-101.152648,3.847194,3.340999,-0.152783,-0.290108,0.041039,0.036076
1.642433,58.978209,-281.724909,6.422828,6.903092,29.771565,-100.761768,3.653375,3.166770,-0.160016,-0.287291,0.040340,0.034423
1.642955,59.900838,-281.676206,6.295551,7.083286,29.511758,-101.138855,3.737686,3.470733,-0.166762,-0.283912,0.040080,0.035284
1.643476,60.523813,-281.308540,6.434639,6.825172,29.609576,-101.115350,3.729772,3.659441,-0.169908,-0.284866,0.040730,0.035348
1.643997,60.880197,-281.094852,6.448894,6.969360,28.879439,-101.077759,3.913734,3.392459,-0.175927,-0.278300,0.041293,0.036879
1.644518,61.372292,-280.963973,6.375686,7.089736,28.551904,-100.985348,4.009281,3.377144,-0.180375,-0.275541,0.041226,0.037791
1.645039,62.128949,-280.729363,6.394097,7.130405,27.815305,-101.147544,3.710426,3.371456,-0.188800,-0.268364,0.040533,0.035153
1.645561,62.502476,-280.451623,6.424068,6.983682,27.509030,-100.944146,3.665017,3.439345,-0.192527,-0.266057,0.040520,0.034885
1.646082,62.964950,-280.015170,6.481812,7.004378,27.619977,-101.035851,3.751286,3.468653,-0.194972,-0.266848,0.041119,0.035633
1.646603,63.120012,-279.905851,6.422282,6.906862,28.159923,-100.405240,4.172418,3.746042,-0.192355,-0.273438,0.041920,0.039728
1.647124,63.338189,-279.904765,6.364233,6.921157,27.294562,-100.480426,4.260116,3.421692,-0.198246,-0.265240,0.041861,0.040413
1.647646,63.645286,-279.927935,6.565619,6.884388,27.037730,-100.384016,4.080103,3.581818,-0.201135,-0.263099,0.042193,0.038941
1.648167,63.827842,-279.761027,6.533784,7.004584,26.674927,-101.040947,4.029170,3.387029,-0.204964,-0.258112,0.042076,0.038185
1.648688,64.259578,-279.886067,6.314618,7.176983,26.586448,-101.070231,4.086933,3.378060,-0.207645,-0.257222,0.041259,0.038703
1.649209,64.239981,-279.938503,6.525289,7.157167,26.586448,-101.070231,4.086933,3.378060,-0.207480,-0.257222,0.042173,0.038703
1.649731,64.504125,-279.687512,6.441699,7.013996,26.513402,-101.132814,4.106442,3.601161,-0.209642,-0.256394,0.041906,0.038984
1.650252,64.528918,-279.654747,6.439853,7.006485,26.445908,-100.966299,4.032009,3.346572,-0.209984,-0.256173,0.041627,0.038243
1.650773,64.504125,-279.687512,6.441699,7.013996,26.438564,-100.956413,4.128044,3.448514,-0.209841,-0.256129,0.041907,0.039170
1.651294,64.662180,-279.617403,6.472015,6.935639,26.652925,-100.546612,4.070903,3.730420,-0.209154,-0.259121,0.041822,0.038930
1.651816,64.419971,-279.675654,6.428024,6.907884,26.716110,-100.859390,4.037461,3.529208,-0.207809,-0.258938,0.041576,0.038396
1.652337,64.419971,-279.675654,6.428024,6.907884,26.799415,-100.648650,4.022016,3.692872,-0.207125,-0.260229,0.041508,0.038414
1.652858,64.560293,-279.735685,6.380352,6.919429,26.798968,-100.869727,3.999366,3.506580,-0.208060,-0.259680,0.041245,0.038026
1.653379,64.172264,-280.114211,6.375083,7.097542,26.904200,-100.862523,4.073251,3.457100,-0.204989,-0.260672,0.041397,0.038656
1.653901,63.742508,-279.993909,6.569973,7.002385,27.124181,-101.380022,3.944239,3.644006,-0.202212,-0.261426,0.042080,0.037399
1.654422,63.422032,-279.940482,6.581682,6.871389,27.354499,-100.642645,3.944379,3.357654,-0.198511,-0.265387,0.041950,0.037460
1.654943,62.903578,-280.640317,6.441232,7.161233,28.631752,-100.788374,4.169235,3.530113,-0.188298,-0.276786,0.041968,0.039369
1.655464,62.784746,-280.702469,6.515021,7.116639,28.300658,-100.897365,3.933986,3.533347,-0.189485,-0.273463,0.041636,0.037276
1.655986,62.188920,-280.911191,6.470802,7.060490,28.586255,-101.042456,4.086933,3.378060,-0.184689,-0.275708,0.041859,0.038460
1.656507,61.217577,-281.294647,6.553035,6.870205,29.050591,-101.174091,4.107698,3.503322,-0.176723,-0.279612,0.042266,0.038616
1.657028,60.843892,-281.111606,6.448306,6.920411,30.381298,-100.792102,4.129878,3.514486,-0.167357,-0.292764,0.041889,0.038778
1.657549,60.045216,-281.709060,6.338172,6.956388,30.458156,-100.987452,4.076028,3.368577,-0.162277,-0.292927,0.041178,0.038128
1.658071,59.405340,-281.831166,6.359743,6.991823,30.870996,-100.884606,4.082835,3.402204,-0.156407,-0.296955,0.041286,0.038189
1.658592,58.737312,-281.820198,6.375276,6.955259,31.229976,-101.220130,3.736026,3.327118,-0.151149,-0.299269,0.040490,0.034951
1.659113,57.946414,-281.868012,6.383297,7.019853,31.847221,-101.070802,3.700746,3.646577,-0.143366,-0.305250,0.040454,0.034877
1.659634,57.088404,-282.377743,6.400511,7.032378,32.684707,-100.646025,3.719210,3.606326,-0.133486,-0.314005,0.040421,0.035046
1.660155,56.528680,-282.449369,6.552800,6.879432,33.258130,-100.658576,3.850387,3.555767,-0.127315,-0.319113,0.041482,0.036057
1.660677,55.719085,-282.777238,6.301532,6.918690,34.014494,-100.381379,3.596741,3.030058,-0.118440,-0.326710,0.039525,0.033424
1.661198,54.786558,-282.960327,6.449660,6.939338,35.114648,-100.732236,2.940643,3.518420,-0.107536,-0.335422,0.038719,0.028203
1.661719,53.588514,-282.823291,6.158669,7.064865,35.332299,-100.601608,3.938177,3.386053,-0.099854,-0.337752,0.039946,0.036402
1.662240,52.862632,-282.852036,6.536291,6.863568,35.655150,-100.292832,3.734122,3.260860,-0.093979,-0.341575,0.041056,0.034611
1.662762,52.081544,-283.386948,6.367516,7.143699,36.706933,-100.372191,4.119745,3.120220,-0.083811,-0.350600,0.041302,0.037566
1.663283,51.123546,-283.337539,6.345500,7.091585,38.205031,-100.497841,3.899188,3.065920,-0.070538,-0.363285,0.040640,0.035382
1.663804,49.958234,-283.309942,6.316990,7.108431,38.916924,-100.858912,3.788035,3.434063,-0.060443,-0.368253,0.040308,0.034633
1.664325,49.286052,-283.500487,6.168588,7.174603,39.462793,-100.335122,4.417067,3.190612,-0.053579,-0.374726,0.041366,0.039634
1.664847,48.076575,-283.584453,6.297843,6.912905,39.964133,-100.428169,4.275352,3.295683,-0.044264,-0.378727,0.041520,0.038442
1.665368,47.131395,-283.576143,6.449065,7.032464,40.677259,-100.581726,4.243971,3.272630,-0.035255,-0.384311,0.042162,0.037986
1.665889,46.703298,-283.491735,6.455325,6.916902,41.391840,-100.474115,4.122882,3.452802,-0.029013,-0.390778,0.041834,0.037110
1.666410,45.443466,-283.513396,6.260698,6.929627,42.403590,-100.277581,4.126939,3.512947,-0.016588,-0.400058,0.040918,0.037105
1.666932,44.519805,-283.205844,6.479342,7.066897,42.872742,-100.378359,3.963025,3.201871,-0.009009,-0.403658,0.041542,0.035322
1.667453,43.589752,-283.317559,6.274917,7.029712,43.701085,-100.052229,3.805330,3.252090,0.000607,-0.411808,0.040044,0.034093
1.667974,42.420147,-283.369792,6.353639,6.749825,44.111334,-99.729531,4.120845,2.941796,0.009209,-0.416440,0.041236,0.036241
1.668495,41.487843,-283.518783,6.255976,7.251817,44.936553,-100.232248,4.113344,3.199548,0.018814,-0.421460,0.040843,0.036188
1.669017,41.087652,-283.596571,6.159689,6.995626,45.788572,-99.941961,4.026881,2.972057,0.025591,-0.429612,0.040059,0.035154
1.669538,39.637598,-283.253997,6.185879,6.961388,46.160831,-99.902123,4.039686,3.115217,0.035563,-0.432838,0.040271,0.035374
1.670059,38.873113,-283.368255,6.448687,6.947812,46.847168,-100.050501,4.124991,3.088674,0.043471,-0.437914,0.041719,0.035833
1.670580,37.775919,-283.125553,6.235748,7.081910,47.387590,-100.284391,3.856642,3.265163,0.052520,-0.441433,0.040052,0.033860
1.671102,37.021810,-283.042401,6.344320,6.916404,47.700700,-99.996679,3.805330,3.252090,0.058274,-0.445097,0.040352,0.033477
1.671623,36.279933,-282.740476,6.335184,6.834927,49.022455,-99.876354,4.058516,2.971176,0.069571,-0.456286,0.041042,0.034796
1.672144,35.533631,-282.874034,6.192271,6.982892,49.014541,-99.750309,4.046386,2.899517,0.073484,-0.456722,0.040290,0.034642
1.672665,34.923193,-282.917941,6.413810,6.920347,50.157595,-99.717126,4.060232,3.071212,0.082966,-0.466044,0.041292,0.034768
1.673187,33.975421,-282.734868,6.298400,6.998820,50.404316,-100.429508,4.102631,3.449685,0.089875,-0.465156,0.041078,0.035418
1.673708,33.607929,-282.561566,6.138009,6.830343,50.930804,-100.323517,3.921560,3.421756,0.094772,-0.469761,0.039807,0.033992
1.674229,33.200790,-282.741034,6.204361,7.009249,51.530875,-100.252392,3.598059,3.301033,0.100109,-0.474794,0.039138,0.031388
1.674750,32.424530,-282.408135,6.449428,6.844770,51.799372,-100.437621,3.981340,3.210073,0.106073,-0.476158,0.041416,0.033911
1.675272,31.988881,-282.505234,6.380596,6.851164,52.348629,-100.496470,4.032315,3.415090,0.111398,-0.480228,0.041220,0.034495
1.675793,31.483593,-282.388766,6.302097,6.801133,52.565321,-100.548309,4.024475,3.368695,0.115420,-0.481710,0.040856,0.034312
1.676314,31.179852,-282.416246,6.506945,6.792429,52.542561,-100.585064,4.020578,3.383789,0.116950,-0.481383,0.041774,0.034304
1.676835,30.857794,-282.366931,6.570468,6.837316,52.739167,-100.268163,4.092971,3.212074,0.119589,-0.484216,0.042192,0.034591
1.677356,30.687282,-282.040506,6.550715,6.652956,53.401122,-100.064910,3.917063,3.415441,0.124176,-0.490215,0.041607,0.033605
1.677878,30.250155,-282.037945,6.371347,6.780252,53.326873,-100.009997,3.884498,3.398635,0.126103,-0.489866,0.040680,0.033372
1.678399,29.836700,-282.007493,6.275296,6.997495,53.852733,-100.079016,4.048537,3.357271,0.131249,-0.493663,0.040724,0.034352
1.678920,29.673501,-281.832547,6.240630,7.093283,53.924880,-100.004836,4.090665,3.310326,0.132593,-0.494531,0.040713,0.034576
1.679441,29.538217,-281.763291,6.323639,7.029594,53.943006,-100.167250,4.046596,3.414366,0.133590,-0.493994,0.041004,0.034398
1.679963,29.442581,-281.521255,6.373695,6.802864,54.069150,-100.130063,4.121539,3.396471,0.134940,-0.495125,0.041465,0.034882
1.680484,29.409023,-281.504026,6.370336,6.890267,54.099596,-100.069667,4.131209,3.426357,0.135255,-0.495613,0.041476,0.035011
1.681005,29.409023,-281.504026,6.370336,6.890267,53.924880,-100.004836,4.090665,3.310326,0.134262,-0.494531,0.041344,0.034576
1.681526,29.202723,-281.429572,6.540626,6.871601,54.105525,-100.075433,4.141344,3.421167,0.136462,-0.495634,0.042284,0.035071
1.682048,29.140229,-281.301462,6.533526,6.942547,54.069150,-100.130063,4.121539,3.396471,0.136740,-0.495125,0.042241,0.034882
1.682569,29.140229,-281.301462,6.533526,6.942547,54.034363,-99.804501,4.149220,3.308137,0.136310,-0.496218,0.042243,0.035017
1.683090,29.343250,-281.373139,6.366905,6.963315,54.101626,-99.794759,4.141266,3.415552,0.135515,-0.496780,0.041462,0.035132
1.683611,29.461391,-281.325023,6.240920,7.200885,53.700843,-99.815621,4.035060,3.198330,0.132758,-0.493584,0.040628,0.034082
1.684133,30.022319,-281.776823,6.484853,7.042141,53.265343,-99.847313,3.834175,3.375352,0.127070,-0.490062,0.041100,0.033026
1.684654,30.269044,-281.862346,6.430571,6.918721,53.265343,-99.847313,3.834175,3.375352,0.125677,-0.490062,0.040827,0.033026
1.685175,30.886485,-281.991587,6.534009,6.897475,53.028244,-99.983953,3.710551,3.366531,0.121058,-0.487645,0.040995,0.032143
1.685696,31.235349,-282.031408,6.322132,6.951482,52.046212,-100.092225,4.089451,3.133577,0.113889,-0.479506,0.041123,0.034620
1.686218,31.706814,-282.164291,6.226716,6.892428,51.548510,-100.093402,3.738736,3.190768,0.108549,-0.475579,0.039678,0.032248
1.686739,32.025796,-282.334236,6.299998,6.930783,51.517410,-100.112474,3.793751,3.388613,0.106561,-0.475256,0.040152,0.032974
1.687260,32.613717,-282.446643,6.546471,6.866584,51.242212,-100.042095,3.787622,3.120377,0.101775,-0.473365,0.041248,0.032553
1.687781,33.305791,-282.511910,6.264635,6.802998,50.820031,-100.247978,4.132477,3.220339,0.095799,-0.469187,0.040988,0.035261
1.688303,33.777105,-282.693234,6.261288,7.136248,50.068541,-100.145905,3.997006,3.312998,0.089009,-0.463612,0.040551,0.034564
1.688824,34.717281,-282.710254,6.439213,6.944569,49.405445,-100.287627,3.812039,3.250186,0.080344,-0.457740,0.040894,0.033176
1.689345,35.256758,-283.024983,6.215726,6.914243,49.256069,-100.356805,3.898864,3.282093,0.076488,-0.456268,0.040060,0.033875
1.689866,36.316388,-283.104069,6.549646,6.853933,48.549787,-100.126161,4.078787,3.045961,0.066758,-0.451484,0.042069,0.035078
1.690388,36.728426,-283.123949,6.479801,7.068091,47.966663,-100.051353,3.711514,3.113198,0.061310,-0.447049,0.040718,0.032511
1.690909,37.509362,-283.196570,6.227895,7.204354,47.516974,-100.350804,3.783649,3.138922,0.054678,-0.442231,0.039804,0.033090
1.691430,38.017366,-283.347279,6.065426,7.168526,47.244456,-100.231435,3.646939,3.230835,0.050347,-0.440469,0.038612,0.032262
1.691951,39.112785,-283.720794,6.327584,7.122528,45.747372,-100.451778,3.673615,3.101828,0.036186,-0.427349,0.039900,0.032451
1.692472,39.715441,-283.666852,6.175704,7.166369,45.505429,-99.974700,3.703632,3.024805,0.031510,-0.427145,0.039186,0.032740
1.692994,41.027715,-283.745783,6.337241,7.175589,44.605388,-100.390708,4.054836,3.173542,0.019510,-0.418119,0.041025,0.035713
1.693515,41.625763,-283.651997,6.239599,7.141996,44.085193,-100.264698,3.591700,3.234535,0.013410,-0.414246,0.039256,0.032286
1.694036,42.811508,-283.759291,6.339663,7.104505,42.978020,-100.833770,4.065677,3.353584,0.000910,-0.402909,0.041172,0.036169
1.694557,43.561231,-283.571044,6.220426,7.028166,42.744859,-100.291706,4.035528,3.115272,-0.004454,-0.402891,0.040456,0.035848
1.695079,44.625974,-283.692279,6.439972,7.031214,42.104836,-100.536171,3.878201,3.080225,-0.013764,-0.396610,0.041041,0.034587
1.695600,45.480802,-283.432100,6.241930,6.960186,41.773074,-100.079852,3.632138,2.936644,-0.020219,-0.395414,0.039380,0.032620
1.696121,46.252965,-283.469377,6.317059,6.983499,40.506068,-100.652791,3.960788,3.278354,-0.031425,-0.382603,0.040766,0.035696
1.696642,46.960148,-283.329764,6.399595,6.979925,39.654540,-100.495920,3.729597,3.099328,-0.039936,-0.375833,0.040482,0.033794
1.697164,48.202217,-283.538339,6.242896,7.193203,39.008286,-100.810753,3.611561,3.480371,-0.050273,-0.369202,0.039432,0.033256
1.697685,48.996188,-283.203732,6.440934,6.958220,38.382431,-100.534836,4.186354,3.067521,-0.058039,-0.364704,0.041981,0.037739
1.698206,49.760355,-283.104328,6.130686,6.799263,37.476130,-100.247377,3.710132,3.156137,-0.067079,-0.357750,0.039109,0.034074
1.698727,51.027062,-283.191098,6.367625,6.931473,37.191341,-100.422195,3.792092,3.178654,-0.075557,-0.354688,0.040441,0.034770
1.699249,51.466189,-283.068263,6.160861,7.025864,36.536028,-100.456894,4.029974,3.115082,-0.081578,-0.348826,0.040192,0.036803
1.699770,52.825341,-282.785853,6.408066,6.916204,35.987154,-100.052459,3.627807,3.106253,-0.091887,-0.345275,0.040138,0.033594
1.700291,53.030170,-282.847162,6.376146,7.082488,35.465481,-100.446166,3.786081,3.178570,-0.096001,-0.339416,0.040486,0.034956
1.700812,54.089815,-282.244648,6.380397,6.917450,34.507307,-100.186281,3.860739,3.019417,-0.107150,-0.331705,0.040733,0.035677
1.701334,54.739149,-282.481495,6.434617,7.021915,34.157471,-100.779431,3.876091,3.281935,-0.112791,-0.326782,0.041096,0.035891
1.701855,55.479513,-282.308374,6.459016,6.916966,34.659525,-100.321435,3.898143,3.298996,-0.113909,-0.332647,0.041194,0.036167
1.702376,56.418286,-282.112770,6.426194,7.070866,32.763642,-100.835379,4.083143,3.340778,-0.129756,-0.314161,0.041666,0.037899
1.702897,57.164047,-281.862295,6.355456,6.983017,32.439965,-100.739988,4.018661,3.266186,-0.135666,-0.311531,0.041153,0.037361
1.703419,57.360621,-281.885983,6.390027,6.949892,31.910281,-100.277258,3.779173,3.367484,-0.139232,-0.308088,0.040515,0.035571
1.703940,58.269842,-281.725378,6.329357,6.974568,31.221784,-101.083967,3.982960,3.777749,-0.148629,-0.299574,0.040998,0.037483
1.704461,58.862374,-281.567412,6.486283,6.814556,31.322837,-100.652119,3.781324,3.551506,-0.151064,-0.301699,0.041050,0.035684
1.704982,59.196627,-281.637332,6.448575,7.044827,29.886205,-100.694905,3.661161,3.310274,-0.160593,-0.288518,0.040507,0.034598
1.705504,59.623959,-281.509127,6.504716,7.078322,29.858990,-100.851792,3.670020,3.634338,-0.163292,-0.287846,0.040864,0.034866
1.706025,60.483437,-281.393652,6.404945,6.949649,29.766387,-101.053854,3.885546,3.605274,-0.168710,-0.286458,0.041004,0.036678
1.706546,60.728562,-281.402012,6.458964,7.078143,29.405643,-100.883894,3.904856,3.371608,-0.171806,-0.283622,0.041243,0.036788
1.707067,61.013719,-281.474799,6.446948,7.158894,28.958061,-101.010752,4.063471,3.600210,-0.175795,-0.279195,0.041645,0.038353
1.707589,61.553218,-281.402002,6.525496,7.180460,28.556822,-101.088879,4.075702,3.604673,-0.180992,-0.275318,0.042033,0.038486
1.708110,61.755214,-281.450220,6.567207,7.047902,28.674008,-100.951105,4.083194,3.612110,-0.181265,-0.276750,0.042174,0.038591
1.708631,62.160365,-281.075837,6.446014,7.023111,28.381427,-100.906718,4.021234,3.542318,-0.185333,-0.274180,0.041497,0.038046
1.709152,62.323887,-280.948079,6.537567,6.975679,28.382062,-101.322118,3.989387,3.585426,-0.186756,-0.273117,0.041931,0.037648
1.709673,62.543635,-281.054288,6.438864,6.966437,27.609910,-101.161537,3.707630,3.558705,-0.191805,-0.266440,0.040625,0.035261
1.710195,62.543635,-281.054288,6.438864,6.966437,28.185915,-101.407366,4.103958,3.574903,-0.188969,-0.271104,0.041784,0.038653
1.710716,62.626570,-281.022265,6.488140,6.950915,28.168917,-101.061489,4.125193,3.591837,-0.189183,-0.271831,0.041987,0.038976
1.711237,62.548784,-280.885661,6.430361,7.016772,28.090731,-101.026629,4.167513,3.588638,-0.189290,-0.271202,0.041886,0.039373
1.711758,62.631681,-280.854892,6.479665,7.000263,28.149750,-101.168784,4.084037,3.468595,-0.189596,-0.271381,0.041892,0.038500
1.712280,62.527276,-280.917522,6.522918,6.987540,28.185915,-101.407366,4.103958,3.574903,-0.189022,-0.271104,0.042194,0.038653
1.712801,62.631681,-280.854892,6.479665,7.000263,28.263950,-101.366890,4.149284,3.575603,-0.189187,-0.271922,0.042136,0.039062
1.713322,62.686115,-280.705737,6.470838,7.104544,28.428241,-101.180874,4.107358,3.485120,-0.188558,-0.273903,0.041984,0.038679
1.713843,62.417947,-280.991702,6.469270,6.980339,28.358643,-101.135859,4.042201,3.554521,-0.187154,-0.273381,0.041712,0.038164
1.714365,62.323887,-280.948079,6.537567,6.975679,28.629907,-100.962359,4.114902,3.605444,-0.185062,-0.276316,0.042210,0.038870
1.714886,62.230607,-281.014353,6.476022,7.033327,28.752165,-100.914950,4.099003,3.673860,-0.183791,-0.277560,0.041889,0.038774
1.715407,61.493555,-280.911871,6.692739,7.124595,29.079354,-100.598600,4.074726,3.858944,-0.177866,-0.281393,0.042816,0.038757
1.715928,61.009135,-280.949265,6.432019,7.225353,29.024944,-100.838811,4.138281,3.399925,-0.175749,-0.280259,0.041868,0.038944
1.716450,60.721951,-280.926044,6.456361,7.057741,29.378129,-101.199504,3.834439,3.576964,-0.172661,-0.282533,0.041227,0.036204
1.716971,60.474168,-281.114184,6.427176,6.980390,29.638210,-100.756664,3.801718,3.322426,-0.169334,-0.286087,0.040853,0.035856
1.717492,59.532727,-281.614760,6.531981,7.092058,30.604156,-100.531135,4.183127,3.340512,-0.158414,-0.295511,0.042309,0.039190
1.718013,59.351980,-281.553592,6.404711,7.120428,30.667570,-100.982203,4.058129,3.564384,-0.157537,-0.294841,0.041522,0.038080
1.718535,58.673964,-281.343163,6.489567,6.861206,31.332805,-101.084584,4.100970,3.519864,-0.150530,-0.300575,0.042110,0.038301
1.719056,58.277101,-281.838355,6.335126,6.959582,32.006874,-100.530053,4.055908,3.198126,-0.143891,-0.308234,0.041075,0.037769
1.719577,57.538159,-281.857379,6.485631,7.006100,32.662931,-100.853448,4.127519,3.379692,-0.136574,-0.313205,0.042086,0.038321
1.720098,56.669181,-282.175469,6.494648,7.030726,32.921534,-101.080575,4.084943,3.298013,-0.130390,-0.314861,0.042016,0.037779
1.720620,55.976837,-282.136489,6.359426,6.932398,33.591600,-100.360583,4.344024,2.926202,-0.122531,-0.322988,0.042036,0.039901
1.721141,55.232726,-282.621708,6.317179,7.001179,33.453890,-101.184303,3.795365,3.578238,-0.119463,-0.319310,0.040368,0.035418
1.721662,54.807177,-282.594750,6.437812,7.037608,35.089202,-100.684722,3.653362,3.601608,-0.107973,-0.335343,0.040488,0.034212
1.722183,54.071943,-282.903331,6.435429,6.918223,35.757509,-100.806596,3.769284,3.675301,-0.100238,-0.340868,0.040772,0.035143
1.722705,52.917312,-283.000077,6.415177,6.797048,35.637968,-101.303225,3.738612,3.492292,-0.094815,-0.338273,0.040692,0.034569
1.723226,52.373176,-283.503491,6.365515,7.053516,35.673935,-101.306615,3.756577,3.665953,-0.091400,-0.338578,0.040425,0.034884
1.723747,51.224606,-283.241655,6.403837,6.982079,36.217493,-100.512386,3.845373,3.272259,-0.081944,-0.345847,0.040750,0.035417
1.724268,50.652611,-283.515932,6.397351,7.001432,37.178794,-100.836893,3.798428,3.724981,-0.073623,-0.353238,0.040632,0.035262
1.724789,49.695384,-283.475384,6.105861,6.959926,37.667711,-100.772349,3.697987,3.219029,-0.065737,-0.357710,0.039000,0.033859
1.725311,48.776092,-283.582932,6.466727,6.978225,38.913207,-100.110582,3.779715,3.298219,-0.053705,-0.370729,0.040770,0.034635
1.725832,47.745887,-283.697509,6.147456,7.039196,39.474716,-101.059273,3.778085,3.576181,-0.045256,-0.372385,0.039475,0.034582
1.726353,47.078194,-283.632334,6.471186,7.071015,40.172803,-100.472891,3.914217,3.163650,-0.037684,-0.380366,0.041263,0.035299
1.726874,46.475505,-283.640869,6.522225,6.865456,40.884664,-99.847456,4.082649,2.715615,-0.030410,-0.388645,0.041845,0.036293
1.727396,45.221698,-283.641528,6.424039,6.968659,41.881222,-99.974907,4.239611,2.800530,-0.018186,-0.396707,0.041900,0.037432
1.727917,44.704137,-283.612860,6.477708,6.857425,42.437373,-100.167570,3.987182,3.355887,-0.012356,-0.400738,0.041461,0.035829
1.728438,43.566564,-283.527924,6.271780,6.960106,43.676618,-100.067455,3.469012,3.424046,0.000600,-0.411547,0.039067,0.031707
1.728959,43.062857,-283.469672,6.414852,7.029121,43.624193,-100.201365,3.857290,3.444495,0.003063,-0.410617,0.040843,0.034721
1.729481,41.926573,-283.351935,6.061703,7.098107,43.932492,-100.702114,3.724712,3.462408,0.010982,-0.411371,0.038950,0.033531
1.730002,41.042695,-283.359315,6.372980,6.986955,44.463051,-100.684207,4.053835,3.410208,0.018722,-0.415854,0.041340,0.035942
1.730523,40.703653,-283.512835,6.412361,6.998059,44.757536,-100.307024,4.213044,3.207992,0.022124,-0.419694,0.041869,0.036994
1.731044,39.548374,-283.507901,6.212871,7.162958,46.091534,-100.305959,4.068610,3.223167,0.035700,-0.430734,0.040515,0.035640
1.731566,38.771853,-283.101753,6.331722,6.906654,46.491596,-100.459300,4.208045,3.306387,0.042242,-0.433439,0.041589,0.036709
1.732087,37.873844,-282.983853,6.212083,7.014480,46.719807,-100.629053,4.101764,3.381614,0.048472,-0.434663,0.040779,0.035906
1.732608,37.570996,-282.896876,6.229393,6.866431,47.397383,-100.304376,3.893943,3.368419,0.053764,-0.441436,0.040180,0.034284
1.733129,36.857236,-282.986782,6.413404,6.863400,47.602038,-100.063988,3.875848,3.386846,0.058672,-0.444032,0.040898,0.034206
1.733651,36.007763,-282.779192,6.149843,6.902962,48.072803,-100.159292,4.239586,3.185474,0.065971,-0.447490,0.040817,0.036572
1.734172,35.605203,-282.944832,6.223123,7.005636,48.619896,-100.253533,4.155056,3.178404,0.071119,-0.451551,0.040861,0.035788
1.734693,35.027860,-282.807887,6.411309,6.769239,48.921603,-100.014320,4.033405,3.080548,0.075862,-0.454927,0.041314,0.034739
1.735214,33.887125,-282.769608,6.099410,7.067878,49.227552,-100.192605,3.940221,3.160627,0.083825,-0.456687,0.039651,0.034051
1.735736,33.686160,-282.791991,6.197089,7.022519,49.850793,-100.171494,3.909389,3.393409,0.088285,-0.461769,0.039987,0.034074
1.736257,33.405862,-282.757031,6.206119,6.931482,50.203076,-99.931516,3.901751,3.445756,0.091618,-0.465546,0.039948,0.034107
1.736778,33.129561,-282.792175,6.236133,7.007000,50.499415,-99.961799,4.048870,3.040824,0.094721,-0.467789,0.040495,0.034513
1.737299,32.203495,-282.625631,6.341536,6.913214,50.915679,-100.230192,4.067748,3.235992,0.102234,-0.470017,0.041096,0.034794
1.737821,31.875806,-282.442810,6.142046,6.945344,51.318937,-100.232406,4.224075,3.202975,0.106305,-0.473201,0.040692,0.035818
1.738342,31.772837,-282.399874,6.440742,6.905593,51.406548,-100.286963,4.225910,3.452157,0.107396,-0.473672,0.042057,0.036178
1.738863,31.504147,-282.366358,6.367610,6.854949,52.099134,-100.573257,4.196385,3.664025,0.112807,-0.477961,0.041693,0.036105
1.739384,31.464205,-282.334343,6.347024,6.847228,52.014977,-100.475850,4.061841,3.677401,0.112527,-0.477696,0.041190,0.035210
1.739905,31.046535,-282.324875,6.494588,6.767804,52.082104,-100.376617,4.167495,3.639229,0.115102,-0.478627,0.042129,0.035913
1.740427,30.848506,-282.061258,6.475842,6.758859,52.010114,-100.400037,4.039156,3.627961,0.115967,-0.477966,0.041734,0.034984
1.740948,30.706314,-281.981198,6.575486,6.766779,52.555151,-100.378545,4.042755,3.545464,0.119736,-0.482325,0.042194,0.034783
1.741469,30.792230,-282.202922,6.580620,6.887075,52.200045,-100.387650,4.205812,3.376394,0.117205,-0.479507,0.042650,0.035737
1.741990,30.816505,-281.991594,6.510097,6.787103,52.268536,-100.174196,4.103366,3.337074,0.117444,-0.480917,0.042023,0.034975
1.742512,30.798056,-282.040535,6.505979,6.820786,52.232707,-99.989873,4.061799,3.457483,0.117200,-0.481391,0.041839,0.034926
1.743033,30.698003,-281.928278,6.602534,6.705359,52.095815,-100.108282,4.120157,3.503767,0.117148,-0.479830,0.042495,0.035416
1.743554,30.781988,-281.982881,6.648320,6.712285,51.778735,-100.049796,3.894681,3.520000,0.114901,-0.477573,0.042063,0.033897
1.744075,30.781988,-281.982881,6.648320,6.712285,52.017521,-99.996841,4.144100,3.471624,0.116162,-0.479670,0.042738,0.035579
1.744597,30.959706,-282.107245,6.581937,6.797433,51.532094,-100.092291,3.885261,3.573119,0.112548,-0.475454,0.041728,0.033949
1.745118,30.959706,-282.107245,6.581937,6.797433,51.403989,-100.285213,3.861013,3.452093,0.111971,-0.473659,0.041705,0.033539
1.745639,31.420491,-282.247393,6.316554,6.770548,51.306104,-100.339979,3.811153,3.442245,0.108885,-0.472665,0.040329,0.033166
1.746160,31.441878,-282.388504,6.320216,6.865383,51.194852,-100.324831,3.772982,3.408962,0.108072,-0.471846,0.040213,0.032857
1.746682,31.656547,-282.498354,6.204208,6.897872,51.229696,-100.287516,3.773896,3.429721,0.107010,-0.472273,0.039654,0.032902
1.747203,32.488243,-282.239960,6.510050,6.704992,50.552622,-100.259767,4.053392,3.311767,0.098942,-0.467015,0.041925,0.034862
1.747724,32.899823,-282.535013,6.511982,6.985476,49.907777,-100.123926,3.997834,3.265404,0.092971,-0.462415,0.041713,0.034532
1.748245,33.382100,-282.610823,6.293631,6.856660,49.517025,-100.311178,3.829185,3.317283,0.088278,-0.458542,0.040265,0.033383
1.748767,33.603647,-282.532277,6.273734,6.848818,48.921603,-100.014320,4.033405,3.080548,0.083730,-0.454927,0.040723,0.034739
1.749288,34.479813,-282.645973,6.540422,6.977319,48.610873,-100.173587,4.179135,3.115739,0.077288,-0.451791,0.042405,0.035909
1.749809,34.883502,-282.879502,6.532370,6.935396,48.257222,-100.183563,3.984588,3.113868,0.073072,-0.448891,0.041769,0.034494
1.750330,35.556382,-283.029459,6.275997,7.088932,48.076122,-100.261410,4.090540,3.111440,0.068394,-0.447120,0.040899,0.035309
1.750852,36.011842,-282.733490,6.361986,6.974045,47.227469,-100.200514,3.940320,3.167733,0.061367,-0.440449,0.040924,0.034409
1.751373,36.690341,-282.873757,6.511045,6.880319,46.390329,-100.151970,4.059141,3.112654,0.053036,-0.433776,0.041930,0.035413
1.751894,37.573842,-282.871684,6.271311,6.970788,45.951979,-100.077105,4.023748,2.946486,0.045802,-0.430450,0.040721,0.035032
1.752415,38.014321,-283.086734,6.454258,6.915621,45.687858,-100.605587,3.825398,3.194915,0.042026,-0.426282,0.041080,0.033714
1.752937,38.863080,-283.434704,6.406098,6.966597,45.602581,-100.161168,3.849442,3.013496,0.036756,-0.427246,0.040752,0.033795
1.753458,39.570569,-283.600675,6.229718,7.108294,44.458144,-100.068744,4.029259,3.037394,0.026624,-0.418084,0.040411,0.035463
1.753979,40.572137,-283.587676,6.442635,6.928376,43.783923,-100.597115,3.761608,3.201135,0.017550,-0.410512,0.040763,0.033525
1.754500,41.160272,-283.502831,6.349412,7.001736,43.576864,-100.190229,3.773690,3.187043,0.013182,-0.410261,0.040290,0.033743
1.755022,41.822277,-283.639839,6.240778,6.911333,42.723103,-100.127945,4.166571,3.048699,0.004909,-0.403297,0.040890,0.036879
1.755543,43.026358,-283.757852,6.478531,7.092401,42.102816,-100.869099,4.023125,3.304552,-0.005050,-0.395416,0.041697,0.035908
1.756064,43.683208,-283.739005,6.216832,6.901627,41.881651,-99.773759,3.645138,2.709633,-0.009793,-0.397429,0.039172,0.032538
1.756585,44.710992,-283.812174,6.464099,6.881787,41.473874,-101.158124,3.791133,3.334375,-0.017721,-0.389089,0.041021,0.034106
1.757106,45.348670,-283.705564,6.399656,7.035643,40.466955,-100.938490,3.856949,3.254593,-0.026704,-0.381288,0.040869,0.034753
1.757628,45.920564,-283.831352,6.102463,6.952568,39.727241,-100.938938,3.762616,3.371366,-0.033850,-0.374957,0.039180,0.034225
1.758149,46.852821,-283.787439,6.453086,7.019966,39.579298,-101.041999,3.697129,3.355904,-0.039780,-0.373341,0.040668,0.033668
1.758670,47.582364,-283.472680,6.221334,7.007362,38.178539,-100.541084,3.564331,3.257185,-0.051361,-0.362912,0.039152,0.032796
1.759191,48.718949,-283.564647,6.412220,6.918684,37.881767,-100.748397,3.689631,3.286886,-0.059210,-0.359650,0.040401,0.033838
1.759713,49.480416,-283.376550,6.241930,6.960186,37.654541,-101.024223,3.731109,3.356510,-0.064761,-0.356777,0.039806,0.034202
1.760234,50.317217,-283.284734,6.418226,6.881258,36.754522,-100.561526,3.985521,3.219702,-0.074089,-0.350410,0.041235,0.036454
1.760755,50.859372,-283.124769,6.414495,7.000209,36.734221,-100.473177,4.053962,3.291730,-0.077180,-0.350515,0.041426,0.037126
1.761276,51.707551,-283.057099,6.222457,7.079898,35.939590,-100.581824,3.763739,3.630293,-0.086197,-0.343178,0.039734,0.035099
1.761798,52.426862,-282.773749,6.488698,6.928246,35.440238,-101.076460,3.836142,3.520780,-0.093218,-0.337234,0.041317,0.035505
1.762319,53.031426,-282.602017,6.372616,7.050364,34.819706,-101.184067,4.015791,3.592891,-0.100050,-0.331429,0.041333,0.037130
1.762840,53.610838,-282.722220,6.174230,7.056324,34.961408,-100.218917,4.034518,3.061210,-0.101833,-0.335650,0.040222,0.037125
1.763361,54.002321,-282.704646,6.130182,6.871253,33.886096,-100.609271,3.609153,3.215869,-0.110025,-0.324875,0.038862,0.033638
1.763883,54.911043,-282.431810,6.482831,7.042454,33.515225,-100.849168,3.768130,3.239707,-0.117289,-0.320847,0.041030,0.034994
1.764404,55.290327,-282.254407,6.321734,6.950354,32.854364,-100.642236,4.049999,3.280911,-0.122915,-0.315540,0.041043,0.037616
1.764925,55.746980,-281.965714,6.586705,6.912381,32.457963,-100.959677,4.076028,3.368577,-0.127961,-0.311058,0.042439,0.037860
1.765446,56.512127,-281.789019,6.505277,6.945687,32.460845,-100.802996,4.119957,3.253518,-0.132116,-0.311537,0.042172,0.038210
1.765968,57.077974,-281.811913,6.409040,6.983616,31.583507,-101.055710,3.770633,3.483228,-0.140119,-0.302917,0.040775,0.035380
1.766489,57.267215,-281.684118,6.372873,7.082595,31.352266,-100.623569,3.794937,3.362648,-0.142163,-0.302046,0.040600,0.035663
1.767010,58.047440,-281.913141,6.344007,6.952500,31.322200,-100.865795,3.853510,3.236737,-0.146556,-0.301092,0.040588,0.036010
1.767531,58.162545,-281.583797,6.401017,6.916801,31.160668,-100.693382,3.879485,3.121597,-0.148178,-0.300114,0.040937,0.036234
1.768053,58.607985,-281.483715,6.548049,6.767849,30.712642,-100.722328,4.052471,3.318695,-0.153114,-0.295968,0.042082,0.037942
1.768574,58.922765,-281.665400,6.561652,7.009844,30.538521,-100.948754,4.119521,3.367152,-0.155792,-0.293763,0.042356,0.038513
1.769095,58.922765,-281.665400,6.561652,7.009844,30.385037,-100.928221,4.007874,3.450692,-0.156603,-0.292425,0.042038,0.037613
1.769616,59.196627,-281.637332,6.448575,7.044827,29.944053,-100.876416,3.717129,3.527439,-0.160439,-0.288554,0.040711,0.035182
1.770138,59.528226,-281.627330,6.654561,7.028360,30.148803,-100.926580,3.929082,3.483742,-0.161176,-0.290282,0.042229,0.036973
1.770659,59.742033,-281.519569,6.640384,7.114541,30.148803,-100.926580,3.929082,3.483742,-0.162423,-0.290282,0.042192,0.036973
1.771180,60.016146,-281.655473,6.520456,7.014139,30.240561,-100.916194,4.073940,3.482858,-0.163277,-0.291145,0.041994,0.038239
1.771701,59.926577,-281.626502,6.574236,6.930338,30.188487,-101.106259,4.052754,3.544512,-0.163269,-0.290155,0.042222,0.038037
1.772222,60.061998,-281.530396,6.522920,6.935193,30.356196,-101.113153,4.134824,3.555978,-0.163186,-0.291659,0.042248,0.038742
1.772744,60.260853,-281.470975,6.630955,6.929894,30.356196,-101.113153,4.134824,3.555978,-0.164312,-0.291659,0.042740,0.038742
1.773265,60.251419,-281.576304,6.610268,7.014720,30.356196,-101.113153,4.134824,3.555978,-0.164167,-0.291659,0.042634,0.038742
1.773786,60.646861,-281.662336,6.551898,6.871448,30.356196,-101.113153,4.134824,3.555978,-0.166222,-0.291659,0.042318,0.038742
1.774307,60.475464,-281.744824,6.445325,6.956147,30.198504,-101.179278,4.043315,3.568097,-0.166133,-0.290048,0.041589,0.037945
1.774829,60.189292,-281.787221,6.614328,6.895552,30.197706,-101.121812,4.021093,3.629656,-0.164506,-0.290197,0.042275,0.037812
1.775350,60.037126,-281.715864,6.545311,7.023140,29.955486,-101.388407,4.037305,3.674609,-0.165295,-0.287280,0.042101,0.037924
1.775871,59.878443,-281.925101,6.670993,6.888185,30.318718,-100.981571,4.033016,3.464817,-0.161934,-0.291677,0.042506,0.037835
1.776392,59.636630,-281.824866,6.649632,6.953423,30.486392,-100.801680,4.079626,3.558403,-0.159660,-0.293693,0.042549,0.038349
1.776914,59.511538,-281.787847,6.605795,6.983035,30.467200,-101.019728,4.031868,3.392861,-0.159310,-0.292921,0.042273,0.037744
1.777435,59.337358,-282.018118,6.558462,6.876310,31.063463,-101.567442,3.807971,3.345522,-0.155421,-0.296807,0.041529,0.035501
1.777956,58.740281,-281.955508,6.545431,7.036164,31.251907,-100.879003,3.804710,3.355063,-0.150655,-0.300420,0.041365,0.035674
1.778477,58.131644,-281.963962,6.705472,6.898288,32.439615,-100.935171,4.134673,3.657998,-0.140981,-0.310964,0.043077,0.038600
1.778999,57.746787,-281.937939,6.586705,6.912381,31.975672,-100.621404,4.079832,3.211388,-0.141188,-0.307690,0.042293,0.037962
1.779520,57.218108,-282.043820,6.452942,6.976891,32.556775,-100.770410,4.052693,3.259697,-0.135215,-0.312493,0.041660,0.037625
1.780041,56.917902,-282.459047,6.449368,7.090371,32.684216,-101.374661,3.998487,3.615571,-0.133035,-0.311888,0.041571,0.037216
1.780562,56.473139,-282.563139,6.598123,6.990968,34.668984,-100.284780,3.887276,3.495354,-0.119054,-0.332844,0.041728,0.036259
1.781084,55.626460,-282.361754,6.632107,6.905681,34.053394,-100.966609,3.519701,3.378699,-0.118373,-0.325293,0.041116,0.032899
1.781605,55.058818,-282.604076,6.414914,6.964162,34.762189,-100.689264,3.873556,3.474840,-0.111113,-0.332430,0.040959,0.035984
1.782126,54.621178,-282.917300,6.495046,6.839678,34.756664,-100.771109,4.024463,3.500159,-0.108629,-0.332130,0.041704,0.037262
1.782647,53.991056,-282.828941,6.286274,6.842025,35.299501,-100.728355,3.621194,3.236962,-0.102286,-0.337069,0.039649,0.033552
1.783169,53.099413,-282.660780,6.437004,6.968515,35.672778,-100.484285,3.451781,3.277486,-0.095368,-0.341130,0.039932,0.032193
1.783690,52.779501,-283.275258,6.392247,6.967509,36.365818,-101.045085,4.075592,3.285335,-0.089829,-0.345464,0.041439,0.037182
1.784211,52.016057,-283.219511,6.199842,7.052457,36.633222,-100.604007,4.027340,3.212124,-0.084038,-0.349209,0.040356,0.036806
1.784732,51.066797,-283.206390,6.424160,6.947863,37.543407,-100.104245,3.572597,2.848255,-0.073723,-0.358808,0.040041,0.032657
1.785254,50.707184,-283.364999,6.389478,7.108704,37.814341,-101.008669,3.710426,3.371456,-0.070584,-0.358216,0.040430,0.034031
1.785775,49.865714,-283.506934,6.267726,7.025710,38.190465,-100.963947,3.971995,3.304212,-0.063872,-0.361624,0.040575,0.036080
1.786296,48.735815,-283.572624,6.404344,7.120030,38.784841,-100.218563,4.081247,2.985175,-0.054219,-0.369252,0.041360,0.036810
1.786817,48.307983,-283.864723,6.238574,7.091223,40.408827,-100.745244,3.878858,3.317147,-0.043110,-0.381454,0.040084,0.035063
1.787339,47.221239,-283.642258,6.350234,7.023940,40.354131,-101.059681,4.052639,3.490680,-0.037593,-0.379911,0.041233,0.036575
1.787860,46.803237,-283.951107,6.480684,6.979143,40.663537,-99.593726,3.864812,2.729755,-0.033291,-0.387636,0.040906,0.034616
1.788381,46.075913,-284.016490,6.329904,7.057739,42.022922,-100.411341,4.203919,3.347896,-0.022071,-0.396359,0.041377,0.037554
1.788902,45.267851,-283.842038,6.450532,6.965275,42.381705,-100.604959,3.984140,3.498731,-0.015750,-0.398706,0.041372,0.035861
1.789423,44.852705,-283.792994,6.523680,6.932214,42.646787,-100.649402,4.067680,3.365739,-0.012044,-0.400783,0.041975,0.036308
1.789945,43.748592,-283.907138,6.211612,7.007365,43.329974,-100.415902,3.690321,3.214781,-0.002281,-0.407368,0.039376,0.033098
1.790466,43.274999,-283.849855,6.339355,6.903925,44.006799,-100.703617,4.023869,3.383835,0.003996,-0.411985,0.040997,0.035744
1.790987,42.378270,-283.825225,6.376281,6.839307,44.063811,-100.510252,3.610365,3.537243,0.009195,-0.413167,0.039970,0.032791
1.791508,41.690192,-284.046106,6.220155,7.064548,44.780816,-100.644232,3.981046,3.374654,0.016850,-0.418639,0.040262,0.035289
1.792030,41.102422,-283.869813,6.462325,6.912488,45.409850,-100.293705,4.337542,3.256333,0.023460,-0.425154,0.042385,0.037908
1.792551,40.590306,-283.704004,6.536098,6.861514,45.947691,-100.296629,4.061797,3.303325,0.029202,-0.429584,0.041940,0.035721
1.793072,39.931867,-283.862489,6.250347,7.070398,45.859306,-100.350214,3.782281,3.318933,0.032289,-0.428654,0.039792,0.033593
1.793593,39.279096,-283.622884,6.482997,6.851316,46.285529,-100.390186,3.912989,3.307268,0.038219,-0.432010,0.041297,0.034499
1.794115,39.034874,-283.688137,6.495788,6.912016,47.137893,-100.138577,4.123802,3.119071,0.044118,-0.439956,0.041877,0.035784
1.794636,38.654680,-283.426605,6.560146,6.737913,47.851143,-99.908620,3.739270,3.251817,0.050070,-0.446666,0.041093,0.032979
1.795157,37.528949,-283.558666,6.309459,6.972914,47.851143,-99.908620,3.739270,3.251817,0.056147,-0.446666,0.039879,0.032979
1.795678,37.183000,-283.202375,6.387847,7.042466,48.465643,-100.122598,4.077232,3.154615,0.061549,-0.450817,0.041317,0.035230
1.796200,36.666089,-282.739752,6.478748,6.930001,48.739553,-100.323714,4.092971,3.212074,0.066090,-0.452242,0.041918,0.035325
1.796721,36.377974,-282.952729,6.485279,6.899165,49.004737,-100.090414,3.854755,3.092857,0.068941,-0.455297,0.041160,0.033377
1.797242,35.610821,-282.799702,6.234564,7.007794,49.158591,-100.120335,3.744547,3.112875,0.074026,-0.456418,0.039714,0.032549
1.797763,35.681266,-282.870527,6.263794,7.030837,49.505538,-100.066216,3.865324,3.254321,0.075480,-0.459421,0.040162,0.033617
1.798285,35.420159,-282.813802,6.227376,6.990263,49.505538,-100.066216,3.865324,3.254321,0.076924,-0.459421,0.040001,0.033617
1.798806,35.011100,-282.669876,6.467097,6.991146,49.798522,-100.005179,4.073792,3.212924,0.080778,-0.462014,0.041708,0.035069
1.799327,34.656518,-282.538177,6.565527,6.863054,50.266022,-100.178307,4.149369,3.150001,0.085389,-0.465059,0.042427,0.035408
1.799848,34.314079,-282.624338,6.432522,6.837059,50.354095,-100.103818,4.184350,3.178333,0.087655,-0.466060,0.041876,0.035711
1.800370,33.929686,-282.685633,6.310955,6.964816,50.350509,-100.098788,4.096251,3.185259,0.089693,-0.466051,0.041047,0.035068
1.800891,33.686160,-282.791991,6.197089,7.022519,50.586090,-100.433232,4.081075,3.261686,0.092410,-0.466586,0.040532,0.034940
1.801412,33.611014,-282.827477,6.234564,7.007794,50.526291,-100.193078,4.135894,3.107304,0.092355,-0.467073,0.040799,0.035193
1.801933,33.441885,-282.651015,6.319118,6.974516,50.526291,-100.193078,4.135894,3.107304,0.093363,-0.467073,0.041216,0.035193
1.802455,33.441885,-282.651015,6.319118,6.974516,50.669111,-100.216738,4.120230,3.185944,0.094151,-0.468114,0.041173,0.035156
1.802976,33.511362,-282.508937,6.323822,7.062017,50.660660,-100.136168,4.144325,3.122915,0.093759,-0.468371,0.041284,0.035266
1.803497,33.511362,-282.508937,6.323822,7.062017,50.615581,-100.159783,4.117892,3.118847,0.093526,-0.467917,0.041212,0.035067
1.804018,33.457627,-282.602139,6.313545,7.006492,50.840135,-100.238174,4.190153,3.334065,0.095031,-0.469386,0.041373,0.035854
1.804539,33.370085,-282.623692,6.371621,6.985331,50.615581,-100.159783,4.117892,3.118847,0.094235,-0.467917,0.041397,0.035067
1.805061,33.457627,-282.602139,6.313545,7.006492,50.489698,-100.219229,4.054443,3.119021,0.093116,-0.466677,0.040970,0.034605
1.805582,33.570039,-282.739752,6.239870,6.960466,50.534678,-100.262469,4.029974,3.115082,0.092702,-0.466862,0.040542,0.034398
1.806103,33.793446,-282.787001,6.365292,6.965594,50.106787,-100.340205,3.703556,3.296673,0.089177,-0.463143,0.040219,0.032330
1.806624,33.949796,-282.859134,6.449727,6.964565,50.137416,-100.372039,3.804377,3.326121,0.088474,-0.463260,0.040883,0.033101
1.807146,34.442300,-282.759815,6.424125,7.044832,49.559713,-100.384849,3.810970,3.362700,0.082703,-0.458593,0.040829,0.033294
1.807667,34.481144,-282.899511,6.473897,6.984065,49.526744,-100.232604,3.823749,3.375207,0.082181,-0.458931,0.041031,0.033452
1.808188,34.785851,-283.050275,6.503817,6.973908,49.228299,-100.186430,4.012684,3.285543,0.078816,-0.456717,0.041664,0.034776
1.808709,35.215825,-283.106943,6.444208,6.949906,48.785664,-99.977478,4.182146,3.133424,0.073965,-0.453975,0.041834,0.035973
1.809231,35.652171,-282.992976,6.213127,7.037314,48.610873,-100.173587,4.179135,3.115739,0.070764,-0.451791,0.040861,0.035909
1.809752,36.165129,-283.161225,6.516628,7.112654,47.572533,-99.850615,3.669779,3.016134,0.062150,-0.444620,0.040725,0.032168
1.810273,36.607554,-282.917106,6.462368,6.887467,47.563305,-100.096640,3.717799,3.224151,0.059855,-0.443590,0.040710,0.032772
1.810794,37.159847,-282.991263,6.449466,6.923868,47.498918,-99.644402,3.816137,3.017953,0.056331,-0.444822,0.040809,0.033350
1.811316,37.518626,-283.367220,6.287606,6.934483,47.187885,-99.988466,3.806510,3.057368,0.052680,-0.440943,0.040029,0.033297
1.811837,37.877743,-283.264595,6.235206,7.052892,46.840575,-100.609338,4.007769,3.402235,0.049030,-0.435725,0.040537,0.035203
1.812358,38.698491,-283.446670,6.509420,6.930702,46.549980,-100.153936,4.078787,3.045961,0.042810,-0.435080,0.041870,0.035450
1.812879,39.343439,-283.491069,6.443566,6.949351,45.363571,-100.093437,3.820148,2.897857,0.032814,-0.425522,0.040823,0.033481
1.813401,40.348301,-283.390033,6.438568,7.030269,45.188078,-100.016241,3.806510,3.057368,0.026387,-0.424356,0.040775,0.033624
1.813922,40.712932,-283.563162,6.537800,6.984532,44.637541,-99.948877,4.066855,2.964659,0.021371,-0.420026,0.041923,0.035676
1.814443,41.154520,-283.658697,6.425099,6.976564,43.835027,-100.926298,3.707597,3.586309,0.014668,-0.409744,0.040592,0.033522
1.814964,41.655874,-283.398334,6.252773,6.942666,43.657626,-100.550073,3.724434,3.453892,0.010947,-0.409627,0.039801,0.033597
1.815486,42.713128,-283.280404,6.472519,7.040707,43.423775,-99.767436,3.787420,2.986732,0.003872,-0.410520,0.040864,0.033744
1.816007,43.499797,-283.705792,6.208627,7.037253,42.906721,-99.860634,4.121970,2.888710,-0.003226,-0.405816,0.040536,0.036390
1.816528,44.048299,-283.585483,6.294385,6.871701,41.986756,-100.227791,3.689891,3.188291,-0.011243,-0.396704,0.039790,0.033308
1.817049,44.700573,-283.368013,6.520474,7.059488,41.942725,-100.245730,3.714443,3.184199,-0.015059,-0.396266,0.040975,0.033500
1.817571,45.277353,-283.582255,6.380976,7.027617,41.543129,-100.459727,3.753957,3.335757,-0.020389,-0.392116,0.040421,0.033997
1.818092,45.798894,-283.611770,6.124678,6.946728,39.808554,-100.334712,3.665389,3.231092,-0.032673,-0.377708,0.038927,0.033438
1.818613,46.919687,-283.801327,6.498207,6.995606,41.322371,-100.414070,3.837118,3.407684,-0.030512,-0.390398,0.041133,0.034793
1.819134,47.220148,-283.641973,6.418552,6.992746,39.609947,-100.417961,3.778808,3.369546,-0.041511,-0.375713,0.040619,0.034520
1.819656,48.316200,-283.770903,6.405890,6.897011,39.101089,-100.283977,3.951141,3.290286,-0.050180,-0.371772,0.040969,0.035958
1.820177,48.621754,-283.581481,6.466251,7.077259,38.803854,-100.566736,4.087646,3.272739,-0.053594,-0.368250,0.041742,0.037029
1.820698,49.321128,-283.410212,6.414645,6.875075,37.881001,-101.127754,3.651065,3.632967,-0.062678,-0.358407,0.040421,0.033789
1.821219,50.192047,-283.655156,6.359207,6.861686,38.016636,-100.507862,4.026402,3.215856,-0.066381,-0.361613,0.041007,0.036611
1.821740,50.761251,-283.615720,6.414512,6.915742,37.550637,-100.560313,3.777349,3.452825,-0.072042,-0.357380,0.040568,0.034834
1.822262,51.365262,-283.058036,6.412980,6.778705,35.769666,-100.464704,3.572085,3.024154,-0.085205,-0.342047,0.040060,0.032958
1.822783,51.974235,-283.518972,6.360359,6.905809,36.165213,-100.440705,3.925733,3.124535,-0.086137,-0.345613,0.040679,0.035992
1.823304,52.607883,-283.148335,6.433108,6.855569,35.832746,-100.743504,3.740146,3.527785,-0.091709,-0.341729,0.040637,0.034761
1.823825,52.966219,-282.962759,6.524494,6.818705,35.628423,-100.901872,3.929653,3.439461,-0.094944,-0.339434,0.041648,0.036244
1.824347,53.359801,-283.056851,6.353526,7.017670,34.702592,-100.577036,4.030333,3.163670,-0.101889,-0.332245,0.041028,0.037099
1.824868,54.260405,-282.702005,6.584166,6.728433,34.135626,-100.970836,3.831276,3.419623,-0.110290,-0.326011,0.041658,0.035569
1.825389,54.605297,-282.758364,6.467984,6.917654,33.793283,-101.157196,3.738262,3.576882,-0.114105,-0.322411,0.040893,0.034902
1.825910,55.044126,-282.480475,6.341242,7.032982,33.728793,-100.656995,3.776016,3.271553,-0.116698,-0.323328,0.040343,0.035119
1.826432,55.123938,-282.438361,6.386251,7.023751,33.638161,-101.331000,3.738612,3.492292,-0.118084,-0.320517,0.040611,0.034794
1.826953,55.590529,-282.100769,6.526733,6.844299,33.278119,-100.857440,3.672073,3.430834,-0.122491,-0.318704,0.041023,0.034359
1.827474,56.037708,-282.425670,6.485685,6.891059,32.815778,-100.880877,3.998877,3.266773,-0.127222,-0.314496,0.041631,0.037091
1.827995,56.951578,-282.388479,6.458752,7.050486,32.660024,-100.961736,3.963748,3.367722,-0.133100,-0.312865,0.041423,0.036859
1.828517,56.963265,-282.069087,6.485143,7.008080,32.393194,-101.148998,4.032309,3.489139,-0.134980,-0.309932,0.041845,0.037519
1.829038,57.167054,-282.026982,6.415116,6.864642,32.372279,-100.654861,4.004073,3.185580,-0.135864,-0.311169,0.041311,0.037213
1.829559,57.351735,-281.902817,6.388287,6.964080,31.790072,-100.704193,3.729852,3.304000,-0.140145,-0.305777,0.040459,0.034973
1.830080,57.657305,-281.931513,6.527401,6.936150,31.928148,-100.940277,3.736391,3.455836,-0.141211,-0.306350,0.041167,0.035060
1.830602,57.657305,-281.931513,6.527401,6.936150,31.656422,-100.969022,3.727392,3.458823,-0.142704,-0.303819,0.041141,0.035006
1.831123,58.222100,-281.908797,6.451782,6.930655,31.446406,-100.713849,3.688468,3.497856,-0.146711,-0.302644,0.040614,0.034802
1.831644,58.194779,-282.035034,6.723035,6.926575,31.331070,-101.109854,3.758244,3.559408,-0.147403,-0.300489,0.042120,0.035344
1.832165,58.343379,-281.932649,6.795026,6.934659,30.920169,-101.069816,3.832368,3.527096,-0.150478,-0.296887,0.042643,0.036021
1.832687,58.647973,-282.028740,6.549186,7.078155,31.116754,-100.967132,3.848590,3.601655,-0.150899,-0.298951,0.041521,0.036230
1.833208,58.631402,-282.015420,6.481256,7.089443,31.267977,-101.404415,3.872113,3.642460,-0.150361,-0.299099,0.041383,0.036307
1.833729,58.631402,-282.015420,6.481256,7.089443,30.958246,-101.070802,3.812879,3.532161,-0.151761,-0.297229,0.041131,0.035851
1.834250,58.631402,-282.015420,6.481256,7.089443,31.128558,-101.112667,3.701846,3.558625,-0.150876,-0.298652,0.040850,0.034875
1.834772,58.631402,-282.015420,6.481256,7.089443,31.267977,-101.404415,3.872113,3.642460,-0.150361,-0.299099,0.041383,0.036307
1.835293,58.631402,-282.015420,6.481256,7.089443,31.411002,-101.205493,3.847161,3.548892,-0.149425,-0.300942,0.041269,0.036066
1.835814,58.631070,-282.217050,6.452505,7.151480,31.120121,-101.209533,3.847857,3.548902,-0.150834,-0.298307,0.041094,0.036104
1.836335,58.362470,-282.099455,6.500861,7.032592,30.983029,-101.219786,3.861471,3.441532,-0.150228,-0.297041,0.041365,0.036156
1.836856,58.063975,-282.093485,6.745894,6.971635,31.592652,-101.410349,3.810070,3.670996,-0.145472,-0.302003,0.042441,0.035757
1.837378,57.657305,-281.931513,6.527401,6.936150,31.592652,-101.410349,3.810070,3.670996,-0.143395,-0.302003,0.041471,0.035757
1.837899,57.597691,-282.014453,6.512172,6.895132,32.311195,-101.186614,4.082317,3.486964,-0.138936,-0.309089,0.042099,0.037949
1.838420,57.202286,-282.052634,6.430845,6.906570,32.100066,-101.217685,3.909564,3.531404,-0.137931,-0.307105,0.041247,0.036507
1.838941,56.951578,-282.388479,6.458752,7.050486,32.393194,-101.148998,4.032309,3.489139,-0.134682,-0.309932,0.041656,0.037519
1.839463,56.566364,-282.602550,6.530367,6.998511,32.635039,-100.899351,3.960706,3.385916,-0.130952,-0.312822,0.041686,0.036870
1.839984,56.379750,-282.622413,6.529235,7.076757,33.135506,-100.919352,4.180806,3.525479,-0.127233,-0.317247,0.042338,0.038803
1.840505,55.813024,-282.952861,6.312583,7.023056,33.923446,-101.211295,4.046905,3.496161,-0.119866,-0.323407,0.040990,0.037423
1.841026,55.182294,-282.600571,6.448526,7.063742,34.103984,-100.494432,3.570385,3.300649,-0.115235,-0.327166,0.040239,0.033390
1.841548,54.761926,-282.802975,6.420609,6.927048,34.268112,-101.135954,3.801881,3.555963,-0.112335,-0.326691,0.040838,0.035373
1.842069,54.429561,-282.605324,6.522380,6.821600,34.819706,-101.184067,4.015791,3.592891,-0.107672,-0.331429,0.041978,0.037130
1.842590,53.732488,-283.103523,6.313611,7.090286,35.368127,-101.336637,3.785402,3.670451,-0.100691,-0.335798,0.040330,0.035154
1.843111,53.061662,-282.973130,6.419134,7.040048,35.608111,-100.495369,3.733973,3.208799,-0.095357,-0.340523,0.040527,0.034508
1.843633,52.751465,-282.880873,6.429201,6.891203,35.885631,-100.816411,3.916443,3.490457,-0.092373,-0.341966,0.041182,0.036172
1.844154,52.349540,-283.014951,6.538431,6.892758,35.990834,-100.510355,3.960994,3.293204,-0.089396,-0.343856,0.041720,0.036445
1.844675,51.120709,-283.131250,6.425568,6.946205,36.406769,-100.787930,3.856600,3.299387,-0.080519,-0.346637,0.040973,0.035427
1.845196,50.900771,-283.118799,6.491637,6.861128,37.698802,-99.702110,3.581552,2.593777,-0.071854,-0.361498,0.040316,0.032586
1.845718,50.365361,-283.713249,6.437581,6.937017,37.224860,-100.203931,3.819954,3.046224,-0.071485,-0.355691,0.040690,0.034938
1.846239,49.329907,-283.409644,6.430852,6.961246,37.354076,-100.587133,3.746173,3.132082,-0.065412,-0.355576,0.040626,0.034271
1.846760,48.843267,-283.619040,6.441798,7.042024,38.297082,-100.892839,3.857853,3.426355,-0.057652,-0.362782,0.041030,0.035270
1.847281,48.331233,-283.699864,6.345038,7.160879,39.084132,-100.906970,3.623939,3.377503,-0.050545,-0.369535,0.039932,0.033201
1.847803,47.807658,-283.666324,6.106586,6.960499,39.905930,-100.624958,3.507325,3.206834,-0.043142,-0.377555,0.038444,0.032037
1.848324,46.836156,-283.654325,6.430290,7.050346,39.814148,-100.980893,3.710426,3.371456,-0.038421,-0.375561,0.040614,0.033780
1.848845,46.508633,-283.732558,6.510644,6.924400,39.902830,-100.371032,3.604170,3.237155,-0.036011,-0.378395,0.040560,0.032925
1.849366,45.802120,-283.844031,6.121835,6.930063,39.952334,-100.737711,3.544100,3.048105,-0.031937,-0.377570,0.038615,0.032120
1.849888,45.026088,-283.679588,6.426097,7.072797,41.434790,-100.587440,3.432320,2.984184,-0.019612,-0.390747,0.039784,0.030987
1.850409,44.689038,-283.743411,6.513499,6.903696,41.898174,-100.486972,3.822832,3.255342,-0.015228,-0.395034,0.041208,0.034391
1.850930,43.780367,-283.983773,6.106124,7.018255,41.962162,-99.521799,3.665355,2.629541,-0.009856,-0.399019,0.038607,0.032670
1.851451,43.109869,-283.654222,6.419840,7.032153,43.159932,-99.559803,4.235657,2.603531,0.000272,-0.409055,0.041779,0.037063
1.851973,42.688179,-283.455529,6.435294,6.973777,43.073761,-100.859317,3.996910,3.363986,0.002112,-0.403621,0.041488,0.035615
1.852494,41.889963,-283.562750,6.190799,7.032357,43.409725,-100.936670,3.765520,3.377179,0.008322,-0.406156,0.039676,0.033744
1.853015,41.493259,-283.637938,6.187167,7.095928,43.818353,-100.575801,3.637681,3.269868,0.012700,-0.410878,0.039204,0.032646
1.853536,40.822405,-283.756756,6.537032,6.873708,43.969573,-100.462579,3.612719,3.316605,0.017168,-0.412554,0.040742,0.032525
1.854057,40.425795,-283.879210,6.379618,7.006496,44.363840,-100.576860,3.932603,3.179947,0.021481,-0.415423,0.040876,0.034752
1.854579,39.817749,-283.935217,6.190946,7.137958,44.986208,-100.635093,4.020098,3.402406,0.028189,-0.420376,0.040257,0.035597
1.855100,39.307021,-283.717983,6.467638,6.913603,45.915321,-101.128372,3.943188,3.447624,0.036176,-0.426200,0.041460,0.034782
1.855621,38.969183,-283.619975,6.399371,6.897716,45.303877,-100.144844,3.776745,3.225479,0.034512,-0.424834,0.040477,0.033561
1.856142,38.624614,-283.492827,6.359830,6.755179,46.542720,-100.204778,4.108651,3.110918,0.043173,-0.434827,0.041270,0.035751
1.856664,37.766943,-283.582812,6.226605,7.078441,46.107053,-100.702515,3.576780,3.428578,0.045573,-0.429366,0.039232,0.032066
1.857185,37.642456,-283.494808,6.232571,7.028629,46.187938,-100.283738,3.667796,3.238039,0.046609,-0.431611,0.039435,0.032572
1.857706,37.010736,-283.674111,6.422515,6.899143,47.073922,-100.454189,3.607489,3.306565,0.054869,-0.438222,0.040149,0.032047
1.858227,36.855915,-283.298304,6.363061,7.093289,47.250757,-100.685089,3.795433,3.469304,0.056861,-0.438781,0.040516,0.033615
1.858749,36.539666,-283.120297,6.554467,7.032715,47.872563,-100.450773,4.055829,3.120634,0.061961,-0.444735,0.042114,0.035045
1.859270,36.457898,-283.164340,6.505678,7.039109,47.952005,-100.375491,3.890608,3.148008,0.062799,-0.445670,0.041391,0.033834
1.859791,36.132584,-282.923125,6.519761,6.794500,47.631545,-100.482692,3.679211,3.266403,0.062945,-0.442654,0.040954,0.032437
1.860312,35.750864,-282.997098,6.262811,6.966895,47.969620,-100.542137,3.676992,3.507305,0.066869,-0.445168,0.039729,0.032730
1.860834,35.605203,-282.944832,6.223123,7.005636,48.012992,-100.613312,3.679514,3.472078,0.067946,-0.445244,0.039574,0.032668
1.861355,35.531449,-282.993831,6.259110,7.001833,48.012992,-100.613312,3.679514,3.472078,0.068330,-0.445244,0.039732,0.032668
1.861876,35.289729,-282.922536,6.450763,6.971837,48.012992,-100.613312,3.679514,3.472078,0.069676,-0.445244,0.040646,0.032668
1.862397,35.067636,-282.918902,6.575075,7.026963,48.012992,-100.613312,3.679514,3.472078,0.070890,-0.445244,0.041234,0.032668
1.862919,34.908661,-282.993844,6.579802,6.998981,48.012992,-100.613312,3.679514,3.472078,0.071728,-0.445244,0.041237,0.032668
1.863440,34.830076,-282.873982,6.589879,7.059107,48.075758,-100.559453,3.660914,3.463452,0.072525,-0.445961,0.041250,0.032523
1.863961,34.749892,-282.814121,6.545575,7.046539,48.330948,-100.601329,3.867530,3.492328,0.074396,-0.447862,0.041617,0.034047
1.864482,34.692460,-282.899054,6.531022,7.001279,48.378538,-100.594496,3.831907,3.501746,0.074932,-0.448273,0.041427,0.033793
1.865004,34.692460,-282.899054,6.531022,7.001279,48.378538,-100.594496,3.831907,3.501746,0.074932,-0.448273,0.041427,0.033793
1.865525,34.787968,-282.938978,6.458303,7.008684,48.336751,-100.678048,3.834146,3.443499,0.074201,-0.447611,0.041104,0.033704
1.866046,34.830076,-282.873982,6.589879,7.059107,48.515609,-100.713784,3.825637,3.425141,0.074988,-0.448915,0.041720,0.033576
1.866567,34.773642,-282.958733,6.576552,7.013617,48.041977,-100.728497,3.597969,3.436190,0.072683,-0.445034,0.041038,0.031977
1.867089,34.865406,-283.150176,6.494015,7.230547,47.950863,-100.687866,3.659584,3.433633,0.071593,-0.444454,0.040765,0.032450
1.867610,35.289574,-283.317809,6.327684,7.199639,47.528064,-100.649290,3.582003,3.356565,0.066898,-0.441173,0.039734,0.031822
1.868131,35.472797,-283.254598,6.229624,7.195139,47.704171,-100.733188,3.561793,3.435687,0.066913,-0.442281,0.039248,0.031752
1.868652,35.586935,-283.116786,6.196126,7.150659,47.804359,-100.484247,3.578574,3.276526,0.066797,-0.444052,0.039109,0.031676
1.869173,35.686840,-283.140091,6.221672,7.240148,47.404619,-100.685195,3.715274,3.451921,0.064135,-0.440032,0.039654,0.032968
1.869695,36.285664,-283.292125,6.583977,7.177081,47.408873,-100.392662,3.706921,3.284573,0.060741,-0.441189,0.041242,0.032728
1.870216,36.546146,-283.212250,6.573178,7.160694,47.142957,-100.654297,3.840203,3.488440,0.057981,-0.438021,0.041637,0.034003
1.870737,37.006861,-283.330994,6.439134,7.070198,46.784836,-100.407830,4.021510,3.244033,0.053403,-0.436037,0.041446,0.035155
1.871258,37.331759,-283.379823,6.410828,7.034778,46.370478,-100.895548,3.857649,3.331278,0.049491,-0.430799,0.040955,0.033962
1.871780,37.567142,-283.611250,6.271780,6.960106,45.617266,-100.718869,3.526435,3.358928,0.043987,-0.425277,0.039309,0.031641
1.872301,38.337102,-283.163217,6.471651,6.832315,45.607033,-100.407154,3.611152,3.108509,0.039758,-0.426359,0.040520,0.032012
1.872822,38.936600,-283.394851,6.441049,6.971305,45.198876,-100.855830,3.681167,3.332182,0.034293,-0.421317,0.040620,0.032801
1.873343,39.114781,-283.502282,6.445394,7.048034,44.800275,-100.711869,3.950332,3.387195,0.031094,-0.418551,0.041338,0.035046
1.873865,39.576021,-283.815465,6.252310,7.153916,43.903327,-100.538428,3.589557,3.276679,0.023606,-0.411724,0.039328,0.032280
1.874386,40.450289,-283.643740,6.574367,6.966265,43.900953,-100.819798,3.654178,3.392216,0.018872,-0.410680,0.041135,0.032863
1.874907,41.082184,-283.808322,6.493171,7.013144,43.633384,-100.547092,3.581790,3.209506,0.013920,-0.409435,0.040461,0.032164
1.875428,41.491322,-283.830894,6.229560,6.975779,43.186355,-100.772054,3.861863,3.433972,0.009259,-0.404878,0.040037,0.034648
1.875950,41.713624,-283.584844,6.314301,6.962567,42.657392,-100.661377,3.995502,3.358108,0.005159,-0.400829,0.040849,0.035720
1.876471,42.954869,-283.607724,6.576210,6.847679,42.316035,-100.744048,3.791304,3.412136,-0.003493,-0.397658,0.041511,0.034199
1.876992,43.291380,-283.655068,6.388761,7.001785,41.770602,-100.586729,3.546209,3.218574,-0.008307,-0.393600,0.039913,0.032135
1.877513,43.588189,-283.308922,6.249096,6.756842,41.513877,-100.284914,3.631882,2.965065,-0.011333,-0.392482,0.039489,0.032635
1.878035,44.622384,-283.704570,6.501593,6.828615,41.078974,-100.532206,3.777982,3.054991,-0.019342,-0.387911,0.041044,0.033915
1.878556,45.103179,-283.728399,6.411731,6.914541,40.675002,-100.676409,4.040543,3.278126,-0.024186,-0.383965,0.041390,0.036308
1.879077,45.265032,-283.639050,6.450161,6.938594,40.407609,-100.559278,3.285186,3.390857,-0.026526,-0.382082,0.039526,0.030451
1.879598,45.812207,-283.481938,6.227509,7.023704,39.699722,-100.981394,3.598709,3.374417,-0.033480,-0.374578,0.039393,0.032897
1.880120,46.753715,-283.625893,6.424929,6.928362,39.659225,-100.433151,3.443478,3.076991,-0.038708,-0.376086,0.039764,0.031454
1.880641,47.218387,-283.436955,6.499149,6.850596,39.032144,-101.027887,3.869803,3.346493,-0.044848,-0.368684,0.041426,0.035140
1.881162,47.682325,-283.617019,6.177594,6.949956,38.267726,-101.080404,3.801881,3.555963,-0.051531,-0.361912,0.039694,0.034899
1.881683,48.180164,-283.568610,6.385383,7.028031,37.861073,-100.637075,3.614086,3.270498,-0.056350,-0.359835,0.040053,0.033233
1.882205,48.789903,-283.510511,6.433237,6.880365,37.233438,-100.332090,3.698498,3.005077,-0.063005,-0.355349,0.040432,0.033841
1.882726,49.249666,-283.484796,6.444675,6.857038,37.667711,-100.772349,3.697987,3.219029,-0.063304,-0.357710,0.040588,0.033859
1.883247,49.592344,-283.398376,6.217660,6.903715,36.845928,-100.934163,3.723452,3.347790,-0.069744,-0.350018,0.039634,0.034261
1.883768,50.619185,-283.432584,6.494368,6.817269,36.726251,-100.793759,3.972748,3.347778,-0.075922,-0.349419,0.041563,0.036398
1.884290,50.898136,-283.288683,6.394419,6.843190,35.813050,-100.811237,3.584953,3.391739,-0.082481,-0.341343,0.040049,0.033312
1.884811,51.310304,-282.908594,6.484778,6.861971,35.865315,-100.959678,3.716215,3.415198,-0.084683,-0.341339,0.040939,0.034382
1.885332,51.823812,-283.254289,6.619566,6.902979,35.681478,-101.280608,3.709154,3.491721,-0.088475,-0.338725,0.041541,0.034324
1.885853,52.363787,-282.894899,6.629955,6.748399,35.361799,-100.978942,3.680174,3.347457,-0.093190,-0.336844,0.041500,0.034071
1.886374,52.891266,-282.841005,6.422074,6.859935,35.279770,-100.937194,3.723636,3.346714,-0.096517,-0.336249,0.040631,0.034458
1.886896,53.097686,-283.057962,6.492183,7.021050,35.221535,-101.364711,3.860917,3.438645,-0.098071,-0.334422,0.041387,0.035576
1.887417,53.334818,-282.831777,6.345641,7.146797,34.694353,-101.089573,3.622260,3.414573,-0.102208,-0.330608,0.040030,0.033692
1.887938,53.987823,-283.108086,6.357449,7.068132,33.999277,-101.337238,3.895426,3.445197,-0.109526,-0.323705,0.040800,0.036040
1.888459,54.090454,-282.664638,6.464095,6.811751,33.719330,-101.285565,3.689927,3.491146,-0.111844,-0.321373,0.040795,0.034385
1.888981,54.333576,-282.764017,6.556189,6.906806,33.681671,-101.308383,3.709154,3.491721,-0.113325,-0.320970,0.041261,0.034545
1.889502,54.566557,-282.630325,6.530367,6.998511,33.681671,-101.308383,3.709154,3.491721,-0.114676,-0.320970,0.041170,0.034545
1.890023,55.028576,-282.518220,6.420460,7.028977,33.485541,-101.441266,3.767991,3.582694,-0.118415,-0.318836,0.040859,0.035106
1.890544,55.119916,-282.699997,6.386970,7.184792,33.050448,-101.241516,3.612525,3.448282,-0.121028,-0.315544,0.040195,0.033775
1.891066,55.719085,-282.777238,6.301532,6.918690,32.824597,-101.089111,3.678618,3.558302,-0.125349,-0.313969,0.039888,0.034505
1.891587,55.603209,-282.727090,6.569775,6.963621,32.863633,-101.115903,3.657517,3.552356,-0.124562,-0.314241,0.041108,0.034307
1.892108,56.127888,-282.288868,6.514703,6.950295,32.847702,-101.219741,3.639398,3.503855,-0.127869,-0.313797,0.040905,0.034080
1.892629,56.056933,-282.344112,6.484028,6.946180,32.847702,-101.219741,3.639398,3.503855,-0.127445,-0.313797,0.040751,0.034080
1.893151,56.143386,-282.243453,6.520642,6.922699,32.810510,-101.298187,3.644850,3.458217,-0.128242,-0.313237,0.040970,0.034068
1.893672,56.213065,-282.278182,6.567582,6.926884,32.781868,-101.258704,3.821855,3.507752,-0.128724,-0.313095,0.041645,0.035639
1.894193,56.312688,-282.208224,6.623943,6.880797,32.642722,-101.158995,3.762011,3.488534,-0.130000,-0.312139,0.041729,0.035157
1.894714,56.386729,-282.325868,6.620156,6.822871,32.237368,-101.209985,3.708748,3.508646,-0.132555,-0.308360,0.041538,0.034746
1.895236,56.386729,-282.325868,6.620156,6.822871,32.327157,-101.209799,3.962349,3.400408,-0.132067,-0.309165,0.042219,0.036836
1.895757,56.386729,-282.325868,6.620156,6.822871,32.604104,-101.234169,3.766521,3.445357,-0.130582,-0.311576,0.041704,0.035142
1.896278,56.312688,-282.208224,6.623943,6.880797,32.151356,-101.297664,3.732114,3.455529,-0.132768,-0.307338,0.041666,0.034887
1.896799,56.314690,-282.112397,6.601996,6.948221,32.938602,-101.218479,3.648589,3.503983,-0.128513,-0.314612,0.041377,0.034150
1.897321,56.314690,-282.112397,6.601996,6.948221,32.625068,-101.367648,3.744491,3.474937,-0.130324,-0.311379,0.041653,0.034934
1.897842,56.228762,-282.233061,6.573404,6.899242,32.761945,-101.138469,3.741209,3.516567,-0.128865,-0.313265,0.041436,0.034996
1.898363,55.903545,-282.335245,6.408634,6.848971,32.842029,-101.095867,3.788390,3.515438,-0.126563,-0.314105,0.040770,0.035403
1.898884,55.486206,-282.552996,6.498760,6.929025,32.968390,-101.295995,3.660981,3.458441,-0.123598,-0.314653,0.040862,0.034189
1.899406,55.130907,-282.591197,6.447560,6.989154,33.410170,-101.592357,3.744424,3.566105,-0.119434,-0.317724,0.040931,0.034853
1.899927,55.099220,-282.633005,6.437004,6.968515,33.610535,-101.367729,3.676468,3.474596,-0.117998,-0.320163,0.040640,0.034243
1.900448,54.872939,-282.564422,6.503202,6.977198,33.634883,-101.436752,3.689949,3.575495,-0.116722,-0.320176,0.041028,0.034424
1.900969,54.419002,-282.537717,6.639546,6.797618,34.081659,-101.490429,3.785993,3.548805,-0.111863,-0.323979,0.041954,0.035145
1.901490,54.269284,-282.525117,6.582997,6.793796,35.139116,-101.231120,3.596040,3.302022,-0.105131,-0.334105,0.041150,0.033275
1.902012,53.474847,-282.987513,6.647865,7.075517,35.420711,-101.309710,3.679894,3.520537,-0.099049,-0.336343,0.041635,0.034129
1.902533,53.068425,-282.924705,6.409544,7.051071,35.422376,-101.418368,3.699810,3.609464,-0.096915,-0.336024,0.040610,0.034350
1.903054,52.773741,-283.122125,6.415400,7.006544,35.634690,-101.408977,3.689949,3.575495,-0.094041,-0.337918,0.040572,0.034214
1.903575,52.541352,-283.327961,6.449610,7.155625,35.677719,-101.393598,3.660291,3.581205,-0.092427,-0.338343,0.040616,0.033973
1.904097,51.948128,-283.103849,6.405355,7.049533,35.989354,-101.111166,3.535311,3.613194,-0.087465,-0.341955,0.040073,0.033023
1.904618,51.225022,-283.271614,6.403704,6.972528,36.481818,-101.185788,3.924157,3.597771,-0.080792,-0.346036,0.041124,0.036147
1.905139,51.133838,-283.190892,6.476057,6.994992,37.571363,-101.394418,3.571980,3.589114,-0.074465,-0.354861,0.040584,0.033053
1.905660,50.815534,-283.522394,6.521924,7.125704,37.258938,-101.343557,3.773831,3.656981,-0.074277,-0.352311,0.041262,0.034824
1.906182,50.216831,-283.577837,6.253341,7.063071,38.125422,-100.851094,3.549838,3.392153,-0.066076,-0.361430,0.039282,0.032745
1.906703,49.703701,-283.533913,6.131538,6.921423,37.944703,-101.155444,3.575246,3.559028,-0.064387,-0.358870,0.038853,0.033074
1.907224,49.078001,-283.604559,6.471186,7.071015,38.581081,-101.074087,3.212155,3.399173,-0.057445,-0.364641,0.039526,0.029916
1.907745,48.818785,-283.517905,6.598369,7.023398,39.333977,-101.463706,3.783735,3.569990,-0.052052,-0.369828,0.041728,0.034520
1.908267,48.287096,-283.578612,6.407847,7.035973,39.333977,-101.463706,3.783735,3.569990,-0.049122,-0.369828,0.040819,0.034520
1.908788,47.482768,-283.390612,6.414118,6.904569,39.948786,-101.147758,3.799018,3.454823,-0.041317,-0.376149,0.040873,0.034523
1.909309,47.116170,-283.546722,6.477664,7.026223,40.374590,-100.990580,3.959366,3.304191,-0.036912,-0.380322,0.041560,0.035634
1.909830,46.868918,-283.507315,6.478026,6.873289,40.923427,-100.967745,2.997908,3.478010,-0.032559,-0.385077,0.039087,0.028181
1.910352,46.485315,-283.462882,6.502793,6.922575,41.344808,-100.952361,3.228623,3.475191,-0.028158,-0.388710,0.039766,0.029931
1.910873,45.667771,-283.400351,6.197204,7.196980,41.785934,-100.977307,3.944868,3.331516,-0.021276,-0.392359,0.040263,0.035333
1.911394,45.303176,-283.690432,6.214190,7.208118,42.012108,-100.591384,4.123911,3.059753,-0.017972,-0.395630,0.040727,0.036545
1.911915,44.816384,-283.923715,6.504380,7.287771,42.414109,-100.785787,4.088072,3.170156,-0.013117,-0.398337,0.041945,0.036248
1.912437,44.481850,-283.250718,6.467519,7.019111,42.974426,-100.593587,3.672973,3.192757,-0.008253,-0.403740,0.040718,0.032938
1.912958,43.578047,-283.337850,6.237802,7.173862,42.523609,-100.563225,4.065898,3.263346,-0.005769,-0.400052,0.040738,0.036220
1.913479,43.346148,-283.537869,6.221547,7.101115,43.563570,-100.791662,3.728510,3.441832,0.001190,-0.407965,0.039690,0.033559
1.914000,43.013376,-283.640746,6.356395,7.081152,43.908092,-100.644006,4.008961,3.299991,0.004889,-0.411379,0.041066,0.035556
1.914522,42.559946,-283.572456,6.441968,7.180015,43.710281,-100.714328,3.805296,3.249607,0.006291,-0.409471,0.040916,0.033908
1.915043,42.105634,-283.524910,6.236688,7.293823,44.498614,-100.660347,4.137086,3.259198,0.013085,-0.416237,0.040924,0.036406
1.915564,41.432329,-283.801315,6.286468,7.079661,44.181071,-100.957318,3.857855,3.554756,0.015032,-0.412512,0.040336,0.034580
1.916085,41.105619,-283.696929,6.381686,7.172346,44.771594,-100.877435,3.816463,3.526875,0.020050,-0.417704,0.040666,0.034162
1.916607,40.884466,-283.440662,6.447661,6.997643,45.206615,-100.290274,3.693503,3.179199,0.023595,-0.423484,0.040561,0.032832
1.917128,40.479237,-283.651926,6.432439,7.214157,45.418171,-100.408726,3.728760,3.102335,0.026946,-0.424792,0.040562,0.032939
1.917649,40.015294,-283.507673,6.303531,7.288755,46.126307,-101.141658,4.104968,3.529821,0.033497,-0.427879,0.041229,0.036089
1.918170,39.613534,-283.581583,6.231503,7.293192,46.205821,-101.181114,4.060063,3.528328,0.036126,-0.428382,0.040754,0.035722
1.918691,39.374161,-283.732090,6.181318,7.218416,45.633725,-101.270102,3.689949,3.575495,0.034293,-0.423364,0.039437,0.033048
1.919213,39.091934,-283.618242,6.401172,7.088111,45.804951,-100.651911,3.741227,3.257223,0.036673,-0.427073,0.040498,0.033122
1.919734,38.994400,-283.581188,6.449355,6.985682,46.555425,-100.575985,4.052693,3.259697,0.041292,-0.433520,0.041587,0.035410
1.920255,38.815153,-283.524192,6.480152,6.954328,46.377653,-100.596885,3.967738,3.326005,0.041318,-0.431984,0.041503,0.034873
1.920776,38.688605,-283.408110,6.410629,7.109727,46.885586,-100.736811,3.980843,3.403009,0.044843,-0.435608,0.041272,0.034958
1.921298,38.606105,-283.366255,6.361173,7.116850,46.844488,-100.579411,4.121448,3.390716,0.045041,-0.435871,0.041428,0.036060
1.921819,38.221409,-283.417077,6.319180,7.237294,46.961921,-100.494663,3.881185,3.388646,0.047746,-0.437153,0.040502,0.034235
1.922340,38.078640,-283.352072,6.439067,7.108540,47.472589,-100.850621,3.778202,3.584609,0.051428,-0.439952,0.040861,0.033587
1.922861,38.195102,-283.555670,6.608178,7.209372,47.360985,-100.620743,3.951601,3.427645,0.050063,-0.439924,0.042040,0.034726
1.923383,37.821121,-283.187320,6.423153,7.071168,47.196517,-100.520404,3.712877,3.426465,0.051280,-0.438969,0.040568,0.032984
1.923904,37.805407,-283.143469,6.429509,7.172678,47.472589,-100.850621,3.778202,3.584609,0.052981,-0.439952,0.040861,0.033587
1.924425,37.681071,-283.136362,6.387028,7.109101,47.243835,-100.186678,3.763332,3.191187,0.052222,-0.440636,0.040471,0.033096
1.924946,37.501721,-283.181805,6.257031,7.149084,47.120993,-100.573739,3.750810,3.436507,0.052629,-0.438149,0.039904,0.033280
1.925468,37.501721,-283.181805,6.257031,7.149084,47.243835,-100.186678,3.763332,3.191187,0.053187,-0.440636,0.039852,0.033096
1.925989,37.501721,-283.181805,6.257031,7.149084,47.112333,-100.319476,3.805996,3.250102,0.052508,-0.439052,0.040003,0.033490
1.926510,37.791096,-283.141390,6.311663,7.174075,47.243835,-100.186678,3.763332,3.191187,0.051621,-0.440636,0.040119,0.033096
1.927031,37.841845,-283.011756,6.290621,7.125645,47.398289,-100.896765,3.817688,3.587483,0.052427,-0.439173,0.040360,0.033883
1.927553,37.615949,-283.063374,6.191162,7.155253,47.120993,-100.573739,3.750810,3.436507,0.052038,-0.438149,0.039624,0.033280
1.928074,37.662087,-283.014253,6.237009,7.175772,47.112333,-100.319476,3.805996,3.250102,0.051681,-0.439052,0.039949,0.033490
1.928595,38.279970,-283.382647,6.544542,7.154940,47.112333,-100.319476,3.805996,3.250102,0.048210,-0.439052,0.041312,0.033490
1.929116,38.350440,-283.246044,6.526977,7.083188,47.120993,-100.573739,3.750810,3.436507,0.047976,-0.438149,0.041167,0.033280
1.929638,38.538929,-283.250673,6.519001,7.088760,46.658303,-100.272443,3.990076,3.119748,0.044344,-0.435517,0.041731,0.034808
1.930159,38.780417,-283.422625,6.475720,7.076604,45.738477,-100.325699,3.639920,3.192656,0.037984,-0.427749,0.040545,0.032350
1.930680,38.925172,-283.333014,6.497088,7.078729,46.013184,-100.641087,3.679514,3.472078,0.038778,-0.428826,0.040843,0.032934
1.931201,39.207519,-283.245414,6.426363,7.096060,45.863238,-100.322705,3.662045,3.108518,0.036369,-0.428790,0.040411,0.032386
1.931723,39.548585,-283.393815,6.241573,7.173915,45.666557,-100.211093,3.722265,3.179837,0.033386,-0.427587,0.039654,0.033006
1.932244,39.804284,-283.549519,6.325413,7.194258,45.275683,-100.598693,3.671891,3.417726,0.029897,-0.422906,0.039963,0.032908
1.932765,40.471440,-283.572337,6.320190,7.166726,44.940320,-101.184009,4.016007,3.602978,0.024497,-0.417974,0.041046,0.035686
1.933286,40.707446,-283.675572,6.395624,6.866314,44.725480,-100.682658,3.972748,3.347778,0.021954,-0.418039,0.041134,0.035188
1.933807,40.938240,-283.883733,6.447913,7.061960,44.575321,-100.672243,3.949954,3.360880,0.019849,-0.416831,0.041265,0.035055
1.934329,41.241073,-283.865380,6.404556,6.986853,43.842789,-100.743514,3.527802,3.358947,0.014207,-0.410472,0.039926,0.031869
1.934850,41.635698,-283.955599,6.247567,7.070042,43.718365,-101.146689,3.689927,3.491146,0.011392,-0.407976,0.039689,0.033209
1.935371,41.889222,-283.879437,6.190371,6.847353,43.494086,-100.717330,3.606876,3.411599,0.008762,-0.407653,0.039114,0.032604
1.935892,42.770496,-283.767017,6.477314,6.927250,42.739145,-100.786040,3.921090,3.370584,-0.000171,-0.401073,0.041380,0.035098
1.936414,43.225573,-283.753233,6.444688,6.984462,42.794803,-100.697447,4.024145,3.266661,-0.002353,-0.401857,0.041506,0.035807
1.936935,43.604459,-283.987743,6.192576,7.066990,42.798491,-100.837066,3.755819,3.342152,-0.004401,-0.401390,0.039544,0.033737
1.937456,44.378607,-283.927874,6.505837,6.759364,42.354875,-101.015612,3.821191,3.505694,-0.011063,-0.397025,0.041247,0.034470
1.937977,44.540508,-283.860585,6.413287,6.777770,42.256968,-101.166987,3.848146,3.450992,-0.012499,-0.395667,0.040935,0.034585
1.938499,44.934881,-283.766809,6.476105,6.950736,41.451033,-101.408466,3.672438,3.419731,-0.019102,-0.388029,0.040819,0.033202
1.939020,45.308394,-283.791475,6.395027,7.079338,40.717186,-101.013356,3.770736,3.511049,-0.025114,-0.383165,0.040606,0.034299
1.939541,46.016783,-283.926290,6.292875,6.962847,40.515368,-100.949430,3.836643,3.283950,-0.030057,-0.381664,0.040263,0.034611
1.940062,46.584524,-283.795602,6.388731,6.894078,40.580506,-101.051703,3.935877,3.495364,-0.032843,-0.381869,0.041041,0.035609
1.940584,47.091834,-283.443178,6.426923,6.947347,40.400500,-101.228489,3.902142,3.590210,-0.036706,-0.379732,0.041238,0.035422
1.941105,47.321321,-283.437988,6.414645,6.875075,40.183094,-101.005296,3.964234,3.507754,-0.039108,-0.378636,0.041304,0.035923
1.941626,47.379229,-283.518379,6.425164,6.912798,39.685291,-101.166987,3.959839,3.519631,-0.042168,-0.373829,0.041355,0.035925
1.942147,48.448587,-283.654569,6.461241,6.938011,39.002545,-100.751878,3.636856,3.426278,-0.051599,-0.369349,0.040489,0.033415
1.942669,48.870598,-283.319978,6.477091,6.819992,38.780451,-100.881906,3.458744,3.474874,-0.055251,-0.366999,0.040192,0.032021
1.943190,49.140985,-283.358471,6.487027,6.975330,37.998327,-100.698497,3.545536,3.435755,-0.060927,-0.360827,0.040405,0.032817
1.943711,49.253317,-283.309194,6.413129,6.965022,37.950930,-100.958059,3.617681,3.385472,-0.061902,-0.359566,0.040310,0.033283
1.944232,49.636744,-283.263708,6.551386,6.914267,38.021539,-100.824458,3.667154,3.465774,-0.063580,-0.360616,0.041075,0.033805
1.944754,50.465753,-283.264577,6.430216,6.988239,37.380189,-100.945959,3.425890,3.452951,-0.071650,-0.354643,0.039875,0.031856
1.945275,50.879674,-283.463315,6.356682,7.038924,37.247177,-100.989968,3.482523,3.507139,-0.074571,-0.353342,0.039631,0.032381
1.945796,50.980907,-283.172407,6.398968,6.982268,36.507658,-101.138985,3.576717,3.567488,-0.079342,-0.346410,0.040163,0.033254
1.946317,51.324223,-283.236653,6.382815,6.971983,36.714945,-100.949059,3.823357,3.397085,-0.079973,-0.348825,0.040697,0.035153
1.946839,51.923799,-283.384897,6.390530,6.991243,36.363256,-100.808012,3.881924,3.297879,-0.085022,-0.346191,0.040816,0.035638
1.947360,52.186462,-283.024240,6.561728,6.806530,35.830504,-101.106229,3.718668,3.575894,-0.089667,-0.340576,0.041299,0.034521
1.947881,52.227702,-282.826339,6.595073,6.660771,35.630231,-101.087956,3.578291,3.512373,-0.091074,-0.338871,0.041116,0.033317
1.948402,52.672971,-282.943637,6.441512,6.836320,35.415005,-101.372414,3.581718,3.546993,-0.094763,-0.336100,0.040426,0.033320
1.948924,52.725918,-282.921149,6.457459,6.876961,35.286084,-101.339154,3.437713,3.611834,-0.095750,-0.335069,0.040126,0.032216
1.949445,53.007425,-283.112594,6.397585,6.979204,35.368645,-101.142928,3.439008,3.463248,-0.096631,-0.336398,0.039757,0.032120
1.949966,53.303678,-283.117588,6.364474,7.026115,35.050255,-101.213741,3.612525,3.448282,-0.100012,-0.333374,0.040059,0.033566
1.950487,53.359801,-283.056851,6.353526,7.017670,35.009644,-101.290825,3.637289,3.457420,-0.100614,-0.332781,0.040102,0.033764
1.951008,53.372248,-283.200675,6.381418,6.925146,34.419109,-101.039296,3.966489,3.482063,-0.103673,-0.328322,0.041040,0.036714
1.951530,53.876140,-283.212319,6.358631,7.027255,34.749158,-101.524298,3.928767,3.539220,-0.104887,-0.329776,0.040937,0.036249
1.952051,54.033279,-283.063109,6.406683,7.144465,34.621189,-101.013520,3.891527,3.410349,-0.106229,-0.330191,0.040970,0.035997
1.952572,54.033279,-283.063109,6.406683,7.144465,34.500941,-101.225924,3.888609,3.524675,-0.107006,-0.328483,0.041010,0.036022
1.953093,54.102561,-283.136265,6.433802,7.064923,34.830968,-101.040692,3.914625,3.625741,-0.105440,-0.331965,0.041154,0.036350
1.953615,54.143464,-283.083558,6.400717,7.179930,34.376891,-101.242687,3.861472,3.536649,-0.108277,-0.327335,0.040903,0.035813
1.954136,54.619116,-283.129091,6.474326,6.999618,34.465061,-101.222407,3.800531,3.524658,-0.110343,-0.328176,0.041042,0.035283
1.954657,54.592342,-283.223858,6.460901,7.061278,34.336068,-101.209919,3.884221,3.510232,-0.110834,-0.327071,0.041187,0.035998
1.955178,54.592342,-283.223858,6.460901,7.061278,34.204873,-101.226669,3.862792,3.522328,-0.111556,-0.325858,0.041129,0.035838
1.955700,54.626598,-283.136368,6.470068,7.012761,34.112336,-101.372930,3.869912,3.604150,-0.112387,-0.324601,0.041240,0.035937
1.956221,54.621230,-282.921045,6.509010,6.835486,34.318528,-101.233379,3.908655,3.677733,-0.111283,-0.326846,0.041541,0.036350
1.956742,54.528309,-282.967975,6.532597,6.928287,34.240959,-101.355709,3.893966,3.592794,-0.111246,-0.325792,0.041630,0.036120
1.957263,54.434339,-282.925657,6.600452,6.923155,34.330628,-101.136343,3.915034,3.564201,-0.110140,-0.327244,0.041967,0.036331
1.957785,54.406579,-282.839415,6.585570,6.972972,34.316134,-101.144733,3.869144,3.586191,-0.110125,-0.327091,0.041797,0.035961
1.958306,54.367268,-282.689104,6.607461,6.858272,34.417618,-101.232652,3.837604,3.544960,-0.109502,-0.327725,0.041863,0.035617
1.958827,54.110409,-282.730407,6.448923,6.922434,34.330101,-100.803352,3.894543,3.285288,-0.108301,-0.328245,0.041176,0.036020
1.959348,54.058702,-282.645591,6.444902,6.876821,34.806388,-101.036678,3.917333,3.298929,-0.105615,-0.331760,0.041303,0.036087
1.959870,53.764036,-282.725463,6.302773,6.885401,35.149658,-101.336219,3.666830,3.519780,-0.102263,-0.333876,0.040016,0.034042
1.960391,53.120766,-282.757112,6.421941,6.899593,35.959793,-100.231961,3.563375,3.165028,-0.093744,-0.344462,0.040073,0.033058
1.960912,53.120766,-282.757112,6.421941,6.899593,35.427836,-101.027119,3.711120,3.277467,-0.097052,-0.337277,0.040633,0.034244
1.961433,52.866049,-282.808545,6.492611,6.884006,35.984084,-100.621696,3.542095,3.219400,-0.092399,-0.343445,0.040432,0.032818
1.961955,52.937035,-283.101268,6.471454,6.958474,36.054788,-101.053109,3.817679,3.539134,-0.092471,-0.342711,0.041110,0.035298
1.962476,52.676576,-283.093785,6.529655,7.100134,36.023598,-100.935921,3.885413,3.419222,-0.091167,-0.342805,0.041552,0.035789
1.962997,52.285546,-283.043462,6.566563,7.081174,36.156045,-100.295747,3.600521,3.190070,-0.088033,-0.345993,0.040833,0.033351
1.963518,52.027727,-283.140755,6.416814,7.109560,36.507344,-100.772438,3.948087,3.307981,-0.084900,-0.347568,0.041176,0.036193
1.964040,51.295221,-283.196758,6.373839,6.988872,36.447621,-100.534270,3.857950,3.274631,-0.081106,-0.347802,0.040664,0.035486
1.964561,50.942507,-283.365407,6.475461,7.049287,37.849434,-100.426538,3.525239,3.022249,-0.071449,-0.360424,0.040208,0.032301
1.965082,50.785896,-283.473871,6.398736,7.097824,37.258874,-101.338979,3.718819,3.475081,-0.074133,-0.352325,0.040538,0.034182
1.965603,50.557853,-283.528704,6.469641,6.978295,37.814341,-101.008669,3.710426,3.371456,-0.069707,-0.358216,0.040771,0.034031
1.966124,49.585008,-283.424304,6.298223,7.011862,37.814341,-101.008669,3.710426,3.371456,-0.064437,-0.358216,0.040001,0.034031
1.966646,49.131202,-283.548368,6.449065,7.032464,37.819896,-100.190051,3.697997,2.978243,-0.061612,-0.360944,0.040471,0.033766
1.967167,48.916151,-283.465221,6.515047,6.879013,38.335919,-101.218301,3.798640,3.530121,-0.057989,-0.362050,0.041315,0.034795
1.967688,48.735978,-283.673261,6.393026,7.007244,38.666787,-101.165947,3.995479,3.464001,-0.055116,-0.365078,0.041249,0.036303
1.968209,48.453693,-283.670773,6.458412,6.779689,39.385504,-100.890511,3.605508,3.409580,-0.049572,-0.372185,0.040420,0.033057
1.968731,48.165337,-284.019861,6.327755,7.034311,39.801306,-101.103681,3.637750,3.518342,-0.045694,-0.375036,0.039868,0.033334
1.969252,47.394339,-283.839673,6.370771,6.997894,40.415178,-100.895241,3.755493,3.351408,-0.038131,-0.380994,0.040397,0.034063
1.969773,47.194720,-283.814529,6.439667,6.996827,40.596262,-101.042979,4.000809,3.510868,-0.036087,-0.382033,0.041454,0.036149
1.970294,46.644853,-283.816391,6.477266,7.137561,40.514629,-100.783252,3.763509,3.462479,-0.033480,-0.382227,0.040908,0.034276
1.970816,46.213054,-283.905788,6.332062,7.083140,40.885987,-100.956446,3.929213,3.357294,-0.029109,-0.384798,0.040718,0.035381
1.971337,45.809955,-283.863062,6.181757,7.033073,41.335885,-101.017602,3.643631,3.355161,-0.024464,-0.388408,0.039235,0.033017
1.971858,45.336216,-283.596362,6.420247,6.947108,41.885325,-100.498170,3.609153,3.215869,-0.018845,-0.394885,0.040219,0.032639
1.972379,45.018276,-283.615931,6.459652,6.843164,41.874526,-100.772260,3.537007,3.091143,-0.017192,-0.393828,0.040272,0.031843
1.972901,44.787093,-283.873350,6.500234,6.894961,41.983506,-100.538371,3.542095,3.219400,-0.015291,-0.395575,0.040373,0.032088
1.973422,44.451226,-284.048202,6.579930,6.820667,41.969766,-100.490354,3.612719,3.316605,-0.013518,-0.395628,0.040891,0.032784
1.973943,43.692654,-283.828088,6.202319,6.974378,42.250024,-100.667035,3.279565,3.310591,-0.007876,-0.397374,0.038304,0.030083
1.974464,43.244693,-283.617018,6.443769,6.805281,42.853114,-100.885347,3.570582,3.514896,-0.002143,-0.401676,0.040315,0.032498
1.974986,43.083070,-283.702968,6.484811,6.932237,43.486117,-100.439702,3.599854,3.262385,0.002199,-0.408591,0.040472,0.032423
1.975507,42.813580,-283.383149,6.525196,6.857228,43.618625,-100.855364,3.981094,3.421078,0.004411,-0.408195,0.041877,0.035476
1.976028,42.639495,-283.162497,6.454596,6.908584,43.836919,-101.052011,4.042455,3.513797,0.006575,-0.409305,0.041820,0.035982
1.976549,42.323051,-283.649959,6.521733,6.819604,44.004905,-101.006333,4.148953,3.488374,0.009208,-0.410869,0.042319,0.036767
1.977071,41.610145,-283.163217,6.259666,7.031086,44.098639,-100.468724,4.169583,3.313824,0.013620,-0.413609,0.041165,0.036854
1.977592,41.258308,-283.437239,6.471773,6.930408,43.908742,-100.894021,3.641565,3.382243,0.014518,-0.410476,0.040677,0.032731
1.978113,41.125858,-283.573420,6.438238,6.943550,44.337252,-100.471363,3.971078,3.254455,0.017537,-0.415589,0.041306,0.035179
1.978634,41.125858,-283.573420,6.438238,6.943550,44.714048,-100.693794,4.004307,3.383563,0.019618,-0.417903,0.041451,0.035478
1.979156,40.912014,-283.323003,6.352126,6.888732,45.175726,-100.765654,3.756850,3.459055,0.023351,-0.421460,0.040415,0.033584
1.979677,40.662913,-283.389716,6.523049,6.775562,45.037367,-100.764981,3.856351,3.430437,0.023949,-0.420318,0.041481,0.034327
1.980198,40.486407,-283.606605,6.564782,6.959290,45.098396,-100.806979,3.715408,3.461547,0.025224,-0.420668,0.041253,0.033271
1.980719,40.398024,-283.457594,6.536760,6.875213,45.175726,-100.765654,3.756850,3.459055,0.026146,-0.421460,0.041255,0.033584
1.981241,39.732663,-283.359148,6.233830,6.946319,45.274305,-100.548100,3.833858,3.352523,0.030304,-0.423083,0.040016,0.034071
1.981762,39.678874,-283.454744,6.224293,6.888069,45.274305,-100.548100,3.833858,3.352523,0.030582,-0.423083,0.039950,0.034071
1.982283,39.375566,-283.423052,6.469529,6.828230,45.274305,-100.548100,3.833858,3.352523,0.032244,-0.423083,0.041101,0.034071
1.982804,39.184453,-283.621191,6.451739,6.859087,45.568634,-100.472781,4.057102,3.318029,0.034844,-0.425796,0.041588,0.035721
1.983325,39.184453,-283.621191,6.451739,6.859087,45.274305,-100.548100,3.833858,3.352523,0.033252,-0.423083,0.040972,0.034071
1.983847,39.129868,-283.694182,6.460412,6.884680,45.274305,-100.548100,3.833858,3.352523,0.033537,-0.423083,0.040996,0.034071
1.984368,39.129868,-283.694182,6.460412,6.884680,45.703064,-100.690511,4.058497,3.459812,0.035903,-0.426089,0.041664,0.035836
1.984889,39.042463,-283.629224,6.488895,6.926030,45.781477,-100.738480,4.018695,3.450073,0.036831,-0.426556,0.041705,0.035491
1.985410,39.012496,-283.574918,6.536616,6.761429,45.781477,-100.738480,4.018695,3.450073,0.037005,-0.426556,0.041938,0.035491
1.985932,39.001063,-283.737272,6.506167,6.896528,45.781477,-100.738480,4.018695,3.450073,0.037035,-0.426556,0.041760,0.035491
1.986453,39.030427,-283.829411,6.492183,6.955254,45.781477,-100.738480,4.018695,3.450073,0.036856,-0.426556,0.041675,0.035491
1.986974,39.001063,-283.737272,6.506167,6.896528,45.781477,-100.738480,4.018695,3.450073,0.037035,-0.426556,0.041760,0.035491
1.987495,39.084968,-283.709845,6.455977,6.914470,45.502488,-100.821881,3.813891,3.481264,0.035076,-0.423947,0.040976,0.033989
1.988017,39.084968,-283.709845,6.455977,6.914470,45.616400,-100.681261,3.844142,3.552718,0.035670,-0.425410,0.041028,0.034343
1.988538,39.084968,-283.709845,6.455977,6.914470,45.502488,-100.821881,3.813891,3.481264,0.035076,-0.423947,0.040976,0.033989
1.989059,39.113925,-283.802875,6.441780,6.973681,45.754965,-100.577415,4.045720,3.533365,0.036229,-0.426940,0.041491,0.035862
1.989580,39.225958,-283.808783,6.444688,6.984462,45.502488,-100.821881,3.813891,3.481264,0.034287,-0.423947,0.040902,0.033989
1.990102,39.296309,-283.767066,6.415401,6.993717,45.316872,-100.820778,3.797870,3.531497,0.032897,-0.422421,0.040731,0.033965
1.990623,39.506067,-284.024351,6.238084,7.052155,44.939173,-100.793444,4.086244,3.464918,0.029643,-0.419401,0.040683,0.036154
1.991144,39.569834,-283.791147,6.272213,6.991288,44.020961,-100.741132,3.667154,3.465774,0.024312,-0.411966,0.039682,0.033069
1.991665,40.323637,-283.960520,6.473263,6.898461,44.197096,-100.734596,3.550895,3.489602,0.021137,-0.413457,0.040288,0.032190
1.992187,40.622736,-283.666083,6.479152,6.889801,44.020961,-100.741132,3.667154,3.465774,0.018575,-0.411966,0.040693,0.033069
1.992708,40.769560,-283.701542,6.455190,6.986665,44.380635,-100.606190,3.912568,3.439772,0.019720,-0.415455,0.041219,0.034917
1.993229,40.950605,-283.852000,6.447711,6.956277,43.783395,-100.659073,3.678594,3.422527,0.015462,-0.410283,0.040517,0.033152
1.993750,41.181408,-283.811477,6.412986,7.037480,43.473301,-100.370797,3.763608,3.378679,0.012493,-0.408734,0.040532,0.033877
1.994272,41.251426,-283.769989,6.383816,7.047238,43.905920,-100.252694,3.976468,3.360907,0.014464,-0.412790,0.040979,0.035488
1.994793,41.633396,-283.746284,6.260820,7.084730,43.557257,-100.337160,3.728112,3.413164,0.010489,-0.409561,0.039728,0.033643
1.995314,42.319098,-283.904720,6.464205,6.930048,43.547360,-100.201120,4.070972,3.338104,0.006686,-0.409973,0.041584,0.036279
1.995835,42.661687,-283.903323,6.478213,6.800420,42.955473,-100.349515,3.690608,3.235158,0.001601,-0.404458,0.040619,0.033198
1.996357,42.970558,-283.565644,6.432030,6.933086,42.421685,-100.721618,3.806752,3.496268,-0.003002,-0.398629,0.040877,0.034418
1.996878,43.083070,-283.702968,6.484811,6.932237,41.961620,-100.616241,3.560356,3.440200,-0.006125,-0.395114,0.040406,0.032498
1.997399,43.220534,-283.697523,6.418552,6.992746,41.673982,-100.800796,3.759486,3.676063,-0.008456,-0.392029,0.040669,0.034356
1.997920,43.491130,-283.803119,6.229560,6.975779,41.640021,-100.704580,3.856123,3.722657,-0.010110,-0.392079,0.040012,0.035210
1.998441,44.301120,-283.803939,6.512579,6.781241,41.218751,-100.963738,3.948673,3.553786,-0.016857,-0.387601,0.041649,0.035714
1.998963,44.822019,-283.701206,6.537032,6.873708,40.806931,-100.908576,3.536739,3.525454,-0.021962,-0.384289,0.040652,0.032478
1.999484,44.852705,-283.792994,6.523680,6.932214,40.491000,-100.790067,3.312995,3.554161,-0.023830,-0.382002,0.039972,0.030819
2.000005,45.135422,-283.696853,6.471112,6.974294,40.044592,-100.988016,3.572280,3.611779,-0.027856,-0.377510,0.040442,0.032932
2.000526,45.277924,-283.747118,6.429721,7.026012,39.958313,-101.004626,3.631802,3.592891,-0.029102,-0.376715,0.040395,0.033387
2.001048,45.802986,-283.904138,6.205195,6.836692,39.830119,-101.050678,3.718668,3.575894,-0.032653,-0.375462,0.039544,0.034063
2.001569,46.378839,-283.863318,6.458218,6.874517,39.749579,-101.096863,3.767930,3.577857,-0.036256,-0.374616,0.040885,0.034457
2.002090,46.721711,-283.988285,6.433233,6.991322,39.830119,-101.050678,3.718668,3.575894,-0.037654,-0.375462,0.040593,0.034063
2.002611,46.854576,-283.881952,6.475173,6.958745,39.521711,-101.188635,3.725751,3.399965,-0.040116,-0.372355,0.040861,0.033915
2.003133,46.998953,-283.751093,6.542029,6.994540,38.737781,-101.080557,4.021576,3.498001,-0.045194,-0.365972,0.041998,0.036567
2.003654,47.117943,-283.495292,6.565750,6.921680,38.361510,-100.913832,3.812060,3.670651,-0.047922,-0.363270,0.041538,0.035147
2.004175,48.095556,-283.839040,6.323466,6.843287,37.881036,-101.073661,3.675648,3.589538,-0.055831,-0.358583,0.039964,0.033956
2.004696,48.372480,-283.846822,6.408852,6.852808,37.881036,-101.073661,3.675648,3.589538,-0.057339,-0.358583,0.040362,0.033956
2.005218,48.685329,-283.744018,6.398313,7.029011,37.562633,-101.429736,3.725147,3.580291,-0.060933,-0.354672,0.040544,0.034282
2.005739,48.873393,-283.566375,6.480672,6.887206,37.670012,-101.084339,3.813642,3.576675,-0.061317,-0.356717,0.041134,0.035092
2.006260,48.978977,-283.572775,6.497004,7.014014,37.749772,-101.124638,3.767930,3.577857,-0.061470,-0.357279,0.041095,0.034697
2.006781,49.139602,-283.473461,6.526216,7.147481,37.440143,-101.147672,3.842605,3.743085,-0.064080,-0.354515,0.041464,0.035518
2.007303,49.660682,-283.438349,6.211351,7.138345,36.866917,-101.518273,3.709782,3.629197,-0.070211,-0.348346,0.039693,0.034262
2.007824,50.182253,-283.719567,6.321652,6.975475,36.830603,-101.247971,4.074163,3.606547,-0.073041,-0.348886,0.041116,0.037334
2.008345,50.473638,-283.649127,6.427105,6.946854,36.707186,-100.989656,4.028300,3.512024,-0.075225,-0.348628,0.041415,0.036960
2.008866,50.523073,-283.577329,6.423721,6.923323,36.435364,-101.209827,3.978420,3.555707,-0.077096,-0.345554,0.041317,0.036556
2.009388,50.685726,-283.519010,6.467849,6.978338,36.432359,-100.993473,3.963966,3.588065,-0.077932,-0.346210,0.041443,0.036535
2.009909,50.776555,-283.085298,6.431319,6.788588,36.242924,-101.044613,3.856242,3.701269,-0.079668,-0.344389,0.041071,0.035761
2.010430,50.835669,-283.205251,6.475809,6.734006,36.190341,-101.126233,3.844334,3.645813,-0.080261,-0.343671,0.041232,0.035587
2.010951,51.068882,-283.048843,6.494346,6.779073,36.177348,-101.160774,3.872225,3.708485,-0.081690,-0.343449,0.041438,0.035873
2.011473,51.324223,-283.236653,6.382815,6.971983,36.053958,-101.291605,3.883899,3.618029,-0.083732,-0.341959,0.040936,0.035854
2.011994,51.363911,-283.137009,6.378571,7.039926,35.876141,-101.117042,3.720779,3.747166,-0.084884,-0.340943,0.040448,0.034706
2.012515,51.363911,-283.137009,6.378571,7.039926,35.745401,-101.257425,3.720671,3.660408,-0.085663,-0.339358,0.040475,0.034587
2.013036,51.363911,-283.137009,6.378571,7.039926,35.745401,-101.257425,3.720671,3.660408,-0.085663,-0.339358,0.040475,0.034587
2.013558,51.548510,-283.177725,6.509572,7.000415,35.666656,-101.216346,3.766892,3.659502,-0.087061,-0.338794,0.041192,0.034992
2.014079,51.779147,-283.237088,6.634111,6.991513,36.259350,-101.181219,4.114836,3.655055,-0.085042,-0.344103,0.042729,0.037822
2.014600,51.993988,-283.160825,6.705960,6.988135,35.939182,-101.353580,3.948598,3.618267,-0.088078,-0.340760,0.042642,0.036388
2.015121,51.993988,-283.160825,6.705960,6.988135,36.173301,-101.257507,3.812256,3.640290,-0.086755,-0.343111,0.042254,0.035277
2.015642,51.988204,-283.210049,6.716431,6.951981,36.035109,-101.190895,3.962654,3.733856,-0.087422,-0.342108,0.042683,0.036657
2.016164,51.901820,-283.168777,6.663264,6.957848,35.953971,-101.237673,4.015602,3.739209,-0.087435,-0.341250,0.042604,0.037099
2.016685,51.988204,-283.210049,6.716431,6.951981,36.137777,-100.935377,3.993546,3.585635,-0.086741,-0.343809,0.042709,0.036837
2.017206,51.906615,-283.180423,6.712103,7.011589,35.923253,-101.183519,4.046905,3.496161,-0.087597,-0.341149,0.042900,0.037152
2.017727,52.146170,-283.386639,6.591637,6.956637,35.923253,-101.183519,4.046905,3.496161,-0.088803,-0.341149,0.042286,0.037152
2.018249,52.113401,-283.485187,6.601531,6.885573,35.592267,-101.354799,3.810070,3.670996,-0.090463,-0.337712,0.041687,0.035328
2.018770,51.875727,-283.668430,6.478756,6.854520,35.767159,-101.040121,3.792671,3.510566,-0.087976,-0.340225,0.040956,0.035101
2.019291,51.656748,-283.539164,6.616628,6.864573,35.673935,-101.306615,3.756577,3.665953,-0.087482,-0.338578,0.041600,0.034884
2.019812,51.746238,-283.534341,6.674757,6.840607,36.257546,-101.250312,4.068236,3.568450,-0.084766,-0.343871,0.042725,0.037329
2.020334,51.550588,-283.454754,6.548062,6.898286,36.177493,-101.280162,4.019971,3.577610,-0.084187,-0.343077,0.042031,0.036936
2.020855,51.320935,-283.382437,6.414645,6.875075,36.257546,-101.250312,4.068236,3.568450,-0.082518,-0.343871,0.041569,0.037329
2.021376,51.151632,-283.210271,6.483626,6.954875,36.300201,-101.235432,4.039480,3.572970,-0.081432,-0.344291,0.041846,0.037092
2.021897,51.041407,-283.271041,6.535064,6.940929,37.370541,-100.894056,3.731243,3.460283,-0.074819,-0.354726,0.041154,0.034385
2.022419,51.041407,-283.271041,6.535064,6.940929,37.385005,-101.037664,3.800847,3.614911,-0.074799,-0.354389,0.041377,0.035077
2.022940,50.936686,-283.475793,6.464351,7.067219,37.401616,-101.329669,3.771278,3.670458,-0.074173,-0.353595,0.040990,0.034805
2.023461,50.700802,-283.434947,6.483475,7.038290,37.401616,-101.329669,3.771278,3.670458,-0.072901,-0.353595,0.041092,0.034805
2.023982,50.575686,-283.634991,6.451016,7.063942,38.125422,-100.851094,3.549838,3.392153,-0.068010,-0.361430,0.040203,0.032745
2.024504,50.255849,-283.619925,6.693823,7.032142,38.402016,-101.021791,3.778270,3.479162,-0.064827,-0.363266,0.042011,0.034623
2.025025,49.592257,-283.349604,6.431916,6.999659,38.184609,-101.128300,3.964289,3.511691,-0.062522,-0.361036,0.041388,0.036177
2.025546,49.302090,-283.440658,6.433469,6.963285,38.880210,-101.063872,3.689949,3.575495,-0.057083,-0.367256,0.040607,0.033942
2.026067,49.224799,-283.269430,6.403837,6.982079,38.564698,-101.063491,3.910347,3.551577,-0.058439,-0.364535,0.041116,0.035745
2.026589,49.015440,-283.455671,6.508056,7.063825,38.952171,-101.117941,3.656552,3.562923,-0.055134,-0.367696,0.040886,0.033634
2.027110,48.776513,-283.597689,6.428088,7.120273,39.244214,-100.756084,3.715951,3.279211,-0.052087,-0.371420,0.040559,0.033861
2.027631,48.729080,-283.398382,6.459451,6.975337,39.317332,-100.656149,3.809446,3.347688,-0.051457,-0.372386,0.040986,0.034717
2.028152,48.461602,-283.520914,6.501629,6.924673,39.609947,-100.417961,3.778808,3.369546,-0.048305,-0.375713,0.041024,0.034520
2.028674,48.117646,-283.568966,6.282018,7.008699,39.749571,-100.651759,3.789500,3.522579,-0.045716,-0.376121,0.040072,0.034695
2.029195,47.549071,-283.633816,6.198198,7.129319,40.348237,-101.053948,4.062851,3.485511,-0.039419,-0.379881,0.040564,0.036655
2.029716,47.285931,-283.505708,6.366763,7.059462,40.422184,-100.938159,4.071706,3.565875,-0.037578,-0.380907,0.041369,0.036840
2.030237,46.866418,-283.777517,6.482152,7.075550,40.491000,-100.790067,3.312995,3.554161,-0.034827,-0.382002,0.039763,0.030819
2.030758,46.852942,-283.888897,6.463439,7.170605,40.829931,-101.219704,3.557843,3.548247,-0.032960,-0.383416,0.040372,0.032585
2.031280,46.788769,-283.968395,6.439831,7.135740,41.132122,-100.891732,3.649668,3.446464,-0.030888,-0.387114,0.040415,0.033238
2.031801,46.543217,-283.764776,6.523630,6.933195,41.356770,-100.974341,3.745160,3.470837,-0.028366,-0.388735,0.041137,0.033973
2.032322,46.077306,-284.040658,6.268425,7.058972,41.574896,-100.821995,3.779454,3.467450,-0.024569,-0.391115,0.039940,0.034255
2.032843,45.644078,-283.983586,6.182294,7.098084,41.841054,-100.762467,3.789169,3.452947,-0.020753,-0.393579,0.039569,0.034294
2.033365,45.233907,-283.738839,6.402815,7.127089,41.861618,-100.858345,3.760533,3.470276,-0.018438,-0.393416,0.040597,0.034059
2.033886,45.044281,-283.851778,6.472296,7.039519,41.799130,-100.933063,3.739905,3.429287,-0.017739,-0.392625,0.040860,0.033833
2.034407,44.853134,-283.916672,6.463439,7.170605,42.288429,-100.765276,3.979192,3.386172,-0.014002,-0.397350,0.041438,0.035653
2.034928,44.790220,-284.090623,6.461532,7.074858,42.468533,-100.904530,3.863634,3.425005,-0.012673,-0.398374,0.041095,0.034718
2.035450,44.678767,-283.719140,6.476648,6.821788,42.670808,-100.922362,3.851813,3.397164,-0.010984,-0.400013,0.041221,0.034556
2.035971,44.343252,-284.061555,6.501606,6.976810,43.403719,-101.058458,3.744393,3.563850,-0.005134,-0.405669,0.040997,0.033794
2.036492,43.994069,-284.062015,6.277601,7.046496,43.403719,-101.058458,3.744393,3.563850,-0.003226,-0.405669,0.039942,0.033794
2.037013,43.605935,-283.989077,6.157615,7.110739,43.403719,-101.058458,3.744393,3.563850,-0.001105,-0.405669,0.039396,0.033794
2.037535,43.379040,-283.740439,6.219154,7.130812,43.463848,-101.072577,3.834746,3.497739,0.000464,-0.406120,0.039998,0.034394
2.038056,43.123714,-283.760794,6.400094,7.116699,43.615054,-100.796900,3.859167,3.667404,0.002685,-0.408376,0.040847,0.034869
2.038577,43.081101,-283.561191,6.433801,6.973065,43.695701,-100.745731,3.800271,3.556984,0.003362,-0.409236,0.040873,0.034265
2.039098,42.997843,-283.589105,6.483947,6.955339,43.727970,-100.857708,3.786457,3.548533,0.003996,-0.409099,0.041091,0.034111
2.039620,42.865981,-283.408446,6.407698,6.994439,43.831974,-100.632404,3.740146,3.527785,0.005285,-0.410785,0.040592,0.033773
2.040141,42.688179,-283.455529,6.435294,6.973777,43.831974,-100.632404,3.740146,3.527785,0.006256,-0.410785,0.040712,0.033773
2.040662,42.568576,-283.384611,6.446404,7.052775,43.831974,-100.632404,3.740146,3.527785,0.006913,-0.410785,0.040780,0.033773
2.041183,42.604443,-283.413819,6.385476,6.980787,44.116271,-100.801624,3.977424,3.415107,0.008279,-0.412540,0.041195,0.035376
2.041705,42.417652,-283.419368,6.367586,7.029673,43.840861,-100.734692,3.789169,3.452947,0.007790,-0.410488,0.040559,0.034022
2.042226,42.239357,-283.568879,6.450598,7.123254,43.963785,-100.582824,3.744653,3.336634,0.009424,-0.412067,0.040760,0.033545
2.042747,41.698922,-283.604544,6.135238,7.139373,44.589522,-100.579322,4.130362,3.252013,0.015792,-0.417291,0.040405,0.036351
2.043268,41.622200,-283.670325,6.092618,7.126909,44.680259,-100.546317,4.072125,3.257710,0.016698,-0.418166,0.040013,0.035895
2.043790,41.538738,-283.614403,6.144458,7.130935,44.478670,-100.585762,3.995266,3.308571,0.016061,-0.416346,0.040039,0.035381
2.044311,41.538738,-283.614403,6.144458,7.130935,44.556960,-100.596529,3.957094,3.278303,0.016490,-0.416957,0.039928,0.035029
2.044832,41.538738,-283.614403,6.144458,7.130935,44.097639,-100.531774,3.659750,3.350193,0.013976,-0.413370,0.039060,0.032899
2.045353,41.538738,-283.614403,6.144458,7.130935,44.470228,-100.610222,3.906733,3.296593,0.016017,-0.416185,0.039783,0.034670
2.045875,41.496414,-283.702728,6.142870,7.175725,44.641319,-100.570525,4.003798,3.265980,0.017171,-0.417754,0.040034,0.035371
2.046396,41.538738,-283.614403,6.144458,7.130935,44.381032,-100.611119,3.852310,3.317097,0.015530,-0.415440,0.039625,0.034287
2.046917,41.471480,-283.543968,6.170141,7.152024,44.381032,-100.611119,3.852310,3.317097,0.015904,-0.415440,0.039759,0.034287
2.047438,41.471480,-283.543968,6.170141,7.152024,44.478976,-100.936106,3.816270,3.539114,0.016468,-0.415064,0.039726,0.034202
2.047959,41.429980,-283.632158,6.167927,7.197058,44.478976,-100.936106,3.816270,3.539114,0.016687,-0.415064,0.039696,0.034202
2.048481,41.465483,-283.657698,6.180530,7.121479,44.131698,-100.903746,3.688328,3.571412,0.014588,-0.412297,0.039380,0.033322
2.049002,41.509621,-283.794594,6.198710,7.043021,44.168161,-100.719872,3.705299,3.469398,0.014521,-0.413270,0.039443,0.033354
2.049523,41.584065,-283.751855,6.161959,7.052923,44.038705,-100.933359,3.757899,3.559403,0.013426,-0.411415,0.039476,0.033843
2.050044,42.157974,-283.827240,6.406938,7.004617,43.926991,-100.773626,3.736391,3.455836,0.009664,-0.411065,0.040516,0.033594
2.050566,42.455004,-283.790939,6.496173,7.051680,44.296504,-100.809514,3.857853,3.426355,0.010064,-0.414011,0.041288,0.034432
2.051087,42.455004,-283.790939,6.496173,7.051680,43.926991,-100.773626,3.736391,3.455836,0.008043,-0.411065,0.040946,0.033594
2.051608,42.537602,-283.843161,6.545052,7.055464,43.813762,-100.925343,3.710426,3.371456,0.006977,-0.409570,0.041130,0.033254
2.052129,42.645819,-283.613964,6.587787,6.973857,43.726855,-100.883388,3.762616,3.371366,0.005916,-0.408997,0.041517,0.033683
2.052651,42.834872,-283.636412,6.482049,7.048948,43.558837,-100.738609,3.788730,3.452941,0.003958,-0.408117,0.041050,0.034057
2.053172,42.930820,-283.638461,6.406621,7.073194,43.539224,-100.661179,3.885082,3.560231,0.003325,-0.408233,0.040948,0.034974
2.053693,43.123714,-283.760794,6.400094,7.116699,43.275769,-100.690767,3.784767,3.462073,0.000831,-0.405920,0.040615,0.034091
2.054214,43.414572,-283.724071,6.213728,7.218445,43.112705,-101.059854,3.771278,3.670458,-0.001653,-0.403230,0.039792,0.034185
2.054736,43.467165,-283.854109,6.196478,7.086988,42.846101,-100.640682,4.031893,3.440802,-0.003390,-0.402492,0.040350,0.036084
2.055257,43.888807,-283.601540,6.363053,6.965129,42.527285,-101.145583,3.911306,3.603315,-0.007462,-0.398016,0.040935,0.035240
2.055778,44.297915,-283.847989,6.470811,6.848934,42.267341,-101.024854,3.801881,3.555963,-0.011106,-0.396255,0.041048,0.034392
2.056299,44.694958,-283.688044,6.471534,6.898140,42.594925,-100.932859,4.000747,3.506381,-0.011490,-0.399337,0.041629,0.035873
2.056821,44.662934,-283.531757,6.434080,6.942538,41.874187,-101.005620,3.686982,3.580232,-0.015277,-0.393006,0.040623,0.033578
2.057342,44.804312,-283.516843,6.494903,6.990691,41.973816,-100.781993,3.702437,3.458531,-0.015488,-0.394633,0.040908,0.033593
2.057863,44.834679,-283.608637,6.482049,7.048948,41.846224,-100.717233,3.778432,3.488532,-0.016339,-0.393781,0.041019,0.034266
2.058384,45.122958,-283.515982,6.372775,6.964136,41.608567,-101.137527,3.792998,3.700407,-0.019267,-0.390300,0.040657,0.034562
2.058906,45.360782,-283.534189,6.368210,6.926456,41.366271,-100.970246,3.856841,3.565330,-0.021877,-0.388830,0.040772,0.034975
2.059427,45.717282,-283.508002,6.170383,6.721837,41.069325,-100.553791,4.013117,3.408665,-0.025400,-0.387754,0.040220,0.036204
2.059948,46.037960,-283.666693,6.318048,6.871714,40.695790,-100.676572,4.104054,3.350782,-0.029185,-0.384142,0.041155,0.036898
2.060469,46.668623,-283.759177,6.439480,6.881228,40.435607,-101.029617,3.908330,3.518345,-0.034097,-0.380709,0.041201,0.035442
2.060991,46.850785,-283.672261,6.501554,6.991860,40.267533,-101.052629,3.801881,3.555963,-0.036033,-0.379196,0.041217,0.034649
2.061512,46.866418,-283.777517,6.482152,7.075550,40.659591,-101.366967,4.052808,3.675640,-0.034014,-0.381465,0.041888,0.036648
2.062033,46.866418,-283.777517,6.482152,7.075550,40.419290,-101.145994,3.968345,3.593429,-0.035287,-0.380173,0.041592,0.035978
2.062554,46.999515,-283.681688,6.427371,7.073459,40.184582,-101.112428,3.793015,3.710299,-0.037311,-0.378284,0.040854,0.034758
2.063075,47.396729,-283.575320,6.236165,7.044338,39.535806,-100.986369,3.779257,3.798589,-0.043026,-0.373154,0.039907,0.034872
2.063597,47.589814,-283.568046,6.242928,6.948125,39.673549,-101.251065,3.756577,3.665953,-0.043393,-0.373446,0.039932,0.034435
2.064118,47.867564,-283.591336,6.311009,6.902928,39.106676,-101.270746,4.058621,3.598644,-0.048015,-0.368518,0.041111,0.036864
2.064639,48.442666,-283.779825,6.437980,6.870147,39.011557,-101.214887,4.050166,3.616032,-0.051613,-0.367886,0.041609,0.036845
2.065160,48.507527,-283.791102,6.420855,7.018581,38.965228,-101.218324,4.086188,3.606714,-0.052218,-0.367476,0.041634,0.037134
2.065682,48.706873,-283.839555,6.531241,7.017073,38.871918,-100.572763,4.037438,3.499266,-0.053613,-0.368819,0.041840,0.036834
2.066203,48.866225,-283.749742,6.482152,7.075550,38.759880,-100.996435,4.016650,3.668040,-0.055244,-0.366441,0.041669,0.036732
2.066724,48.866225,-283.749742,6.482152,7.075550,38.737967,-100.984657,4.028556,3.839773,-0.055360,-0.366291,0.041702,0.037027
2.067245,48.917273,-283.680328,6.476181,7.054733,38.374348,-100.854598,3.888912,3.700133,-0.057603,-0.363577,0.041258,0.035822
2.067767,48.975805,-283.755520,6.489244,7.085916,38.678519,-100.772510,4.073120,3.641229,-0.056215,-0.366481,0.041810,0.037245
2.068288,49.253127,-283.506529,6.389736,7.139610,38.034916,-101.163120,3.962654,3.733856,-0.061445,-0.359626,0.041168,0.036410
2.068809,49.352647,-283.305111,6.384803,7.026738,37.862004,-100.913895,3.760533,3.470276,-0.062917,-0.358938,0.040556,0.034569
2.069330,49.559627,-283.351201,6.204389,7.063986,37.691353,-101.188727,3.739836,3.736198,-0.065060,-0.356565,0.039703,0.034630
2.069852,49.714449,-283.588675,6.151029,7.070531,37.704461,-101.086890,3.771353,3.469240,-0.065713,-0.357008,0.039466,0.034626
2.070373,50.434831,-283.533966,6.440760,6.996824,37.708966,-100.834410,3.733983,3.646342,-0.069542,-0.357867,0.040663,0.034586
2.070894,50.294721,-283.580361,6.507145,6.936479,37.530851,-101.401318,3.787198,3.629254,-0.069948,-0.354487,0.041235,0.034854
2.071415,50.484238,-283.584762,6.565355,7.066682,37.688821,-100.736558,3.808949,3.538193,-0.069864,-0.358010,0.041418,0.035114
2.071937,50.525732,-283.730932,6.510173,7.003102,37.703240,-100.930204,3.848245,3.481741,-0.070030,-0.357505,0.041276,0.035318
2.072458,50.525732,-283.730932,6.510173,7.003102,37.405265,-100.884038,4.088503,3.461727,-0.071634,-0.355061,0.041939,0.037343
2.072979,50.667371,-283.741868,6.403116,7.028697,37.405265,-100.884038,4.088503,3.461727,-0.072400,-0.355061,0.041444,0.037343
2.073500,50.776321,-283.569914,6.428088,7.120273,37.578673,-101.016791,3.889222,3.574028,-0.072169,-0.356142,0.041062,0.035742
2.074022,50.659090,-283.679014,6.391417,7.043413,37.709140,-100.885397,3.837818,3.517404,-0.070726,-0.357702,0.040694,0.035282
2.074543,50.776321,-283.569914,6.428088,7.120273,37.578673,-101.016791,3.889222,3.574028,-0.072169,-0.356142,0.041062,0.035742
2.075064,50.731718,-283.512133,6.495995,7.075201,37.709140,-100.885397,3.837818,3.517404,-0.071187,-0.357702,0.041219,0.035282
2.075585,50.826709,-283.499381,6.422370,7.098404,37.703240,-100.930204,3.848245,3.481741,-0.071759,-0.357505,0.040916,0.035318
2.076107,50.826709,-283.499381,6.422370,7.098404,37.691479,-100.927898,3.828674,3.544378,-0.071822,-0.357411,0.040862,0.035225
2.076628,50.826709,-283.499381,6.422370,7.098404,37.405265,-100.884038,4.088503,3.461727,-0.073364,-0.355061,0.041587,0.037343
2.077149,50.682383,-283.582063,6.500333,7.097033,37.510775,-100.838750,3.874835,3.673051,-0.071953,-0.356127,0.041316,0.035792
2.077670,50.641639,-283.557224,6.476699,7.096743,37.510775,-100.838750,3.874835,3.673051,-0.071741,-0.356127,0.041212,0.035792
2.078191,50.656468,-283.648522,6.496546,7.040233,37.457084,-101.208649,3.869181,3.454868,-0.072223,-0.354466,0.041346,0.035413
2.078713,50.590138,-283.727536,6.471026,7.005464,37.629794,-100.665330,3.816401,3.645269,-0.070680,-0.357728,0.040947,0.035320
2.079234,50.320211,-283.842698,6.636852,6.920794,37.797187,-100.923867,3.793408,3.520280,-0.068356,-0.358343,0.041697,0.034897
2.079755,50.545331,-283.822284,6.470543,6.944030,37.761449,-101.079103,3.760316,3.614013,-0.069842,-0.357528,0.040862,0.034686
2.080276,50.289595,-283.888644,6.310083,7.001979,37.703240,-100.930204,3.848245,3.481741,-0.068685,-0.357505,0.040313,0.035318
2.080798,50.226246,-283.943751,6.330258,7.004245,37.723464,-101.036183,3.821654,3.512563,-0.068250,-0.357337,0.040344,0.035097
2.081319,49.958278,-283.978399,6.535173,7.067528,37.673742,-101.278840,3.756577,3.665953,-0.067138,-0.356121,0.041176,0.034663
2.081840,49.794050,-283.802150,6.546199,7.002317,38.292560,-101.020274,4.134924,3.422774,-0.062842,-0.362324,0.042278,0.037510
2.082361,49.334449,-283.736680,6.517116,6.894665,38.119850,-101.023828,4.026196,3.443039,-0.061301,-0.360816,0.041849,0.036658
2.082883,49.205970,-283.531889,6.537813,6.880593,37.766966,-101.012346,3.792671,3.510566,-0.062591,-0.357792,0.041333,0.034859
2.083404,49.205970,-283.531889,6.537813,6.880593,38.657024,-101.112325,4.061633,3.512050,-0.057764,-0.365171,0.042123,0.036912
2.083925,48.995977,-283.631141,6.520005,7.052619,38.634461,-100.816026,3.960706,3.385916,-0.056617,-0.365955,0.041666,0.036047
2.084446,48.917273,-283.680328,6.476181,7.054733,38.861380,-100.613498,4.046180,3.468800,-0.054875,-0.368592,0.041654,0.036863
2.084968,48.726817,-283.768820,6.422779,7.028970,38.985864,-101.188320,4.019134,3.457001,-0.053301,-0.367753,0.041443,0.036435
2.085489,48.590331,-283.755312,6.471026,7.005464,38.884172,-101.455031,4.037533,3.506090,-0.053192,-0.365997,0.041783,0.036571
2.086010,48.515581,-283.921330,6.472408,7.104778,39.029390,-101.355506,4.106504,3.526686,-0.051914,-0.367573,0.041933,0.037163
2.086531,48.508441,-283.704783,6.510644,6.924400,39.557228,-101.204483,3.783754,3.493939,-0.049008,-0.372606,0.041215,0.034480
2.087053,48.217974,-283.674047,6.361558,6.924435,39.785248,-100.941797,3.801487,3.483656,-0.046115,-0.375445,0.040517,0.034657
2.087574,48.047916,-283.815717,6.357963,6.841794,39.745015,-101.201875,3.720671,3.660408,-0.045436,-0.374223,0.040303,0.034147
2.088095,47.589814,-283.568046,6.242928,6.948125,40.087155,-101.090371,4.022396,3.651385,-0.041092,-0.377527,0.040668,0.036543
2.088616,47.568101,-283.610822,6.241950,6.968909,40.267372,-101.082844,4.015267,3.495340,-0.039977,-0.379092,0.040632,0.036285
2.089138,47.090950,-283.650299,6.538821,7.041383,40.338319,-100.846467,3.833947,3.429162,-0.036922,-0.380504,0.041438,0.034808
2.089659,46.969476,-283.652473,6.505930,6.974398,40.792501,-100.699328,4.045000,3.393543,-0.033750,-0.384888,0.041850,0.036445
2.090180,46.719142,-283.592422,6.412220,6.918684,40.818210,-100.759554,4.061601,3.655537,-0.032264,-0.384900,0.041495,0.036857
2.090701,46.685521,-283.771794,6.398313,7.029011,40.824756,-100.799201,4.074440,3.626469,-0.032020,-0.384818,0.041438,0.036913
2.091223,46.508633,-283.732558,6.510644,6.924400,41.037839,-100.826742,3.710941,3.754209,-0.029902,-0.386538,0.040955,0.034146
2.091744,46.473673,-283.852460,6.387434,6.898059,41.219880,-100.847039,3.787159,3.691691,-0.028701,-0.388015,0.040562,0.034638
2.092265,45.817258,-283.793258,6.127901,6.896192,41.215189,-101.037270,3.746607,3.610632,-0.025176,-0.387316,0.039291,0.034160
2.092786,45.769588,-283.769673,6.162944,6.894181,41.327996,-100.819095,3.756850,3.459055,-0.024273,-0.389031,0.039442,0.034099
2.093308,45.672704,-283.597773,6.146443,6.907853,41.878936,-100.741963,3.918924,3.648576,-0.020744,-0.393971,0.039857,0.035566
2.093829,45.156943,-283.805375,6.425482,7.004103,41.603118,-100.447239,3.670385,3.452216,-0.019379,-0.392669,0.040351,0.033473
2.094350,44.895009,-283.878454,6.509715,6.961601,42.003797,-100.388219,3.912598,3.493473,-0.015755,-0.396279,0.041387,0.035407
2.094871,44.778126,-284.028791,6.491664,6.943921,41.756792,-100.693242,3.658888,3.529653,-0.016478,-0.393108,0.040641,0.033394
2.095392,44.684957,-283.862207,6.474842,6.846382,41.787892,-100.226869,3.733149,3.568349,-0.015775,-0.395018,0.040695,0.034158
2.095914,44.716484,-283.873498,6.435908,6.995338,42.008088,-100.301938,3.651208,3.528369,-0.014753,-0.396621,0.040305,0.033410
2.096435,44.635854,-284.181229,6.467329,7.002987,42.114749,-100.705954,3.613480,3.775705,-0.013740,-0.396093,0.040375,0.033329
2.096956,44.489000,-284.070921,6.576753,6.730228,42.083836,-100.702680,3.821284,3.300552,-0.013116,-0.395843,0.041477,0.034345
2.097477,44.324909,-283.993064,6.510582,6.681306,42.272992,-100.474390,3.865325,3.434626,-0.011181,-0.398252,0.041255,0.034894
2.097999,44.253576,-284.027680,6.504859,6.869137,42.959813,-100.840121,3.688533,3.689823,-0.007062,-0.402733,0.040820,0.033653
2.098520,43.748592,-283.907138,6.211612,7.007365,42.721498,-100.888357,3.539545,3.745333,-0.005612,-0.400560,0.039063,0.032599
2.099041,43.748592,-283.907138,6.211612,7.007365,42.959813,-100.840121,3.688533,3.689823,-0.004309,-0.402733,0.039462,0.033653
2.099562,43.548403,-283.882057,6.240375,7.008968,42.712568,-100.880285,3.984078,3.618458,-0.004567,-0.400513,0.040457,0.035880
2.100084,43.548403,-283.882057,6.240375,7.008968,43.030984,-100.890779,3.654360,3.681769,-0.002828,-0.403149,0.039519,0.033356
2.100605,43.441586,-283.912519,6.251909,7.102801,43.181307,-100.795290,3.808875,3.695223,-0.001421,-0.404752,0.039979,0.034576
2.101126,43.384805,-283.835606,6.240489,7.071834,43.219687,-100.819264,3.787159,3.691691,-0.000902,-0.404988,0.039886,0.034392
2.101647,43.384805,-283.835606,6.240489,7.071834,43.252573,-100.843605,3.774263,3.688073,-0.000723,-0.405176,0.039855,0.034276
2.102169,43.306061,-283.887596,6.195833,7.073281,43.252573,-100.843605,3.774263,3.688073,-0.000292,-0.405176,0.039635,0.034276
2.102690,43.306061,-283.887596,6.195833,7.073281,43.180992,-100.895092,3.737072,3.680021,-0.000683,-0.404391,0.039540,0.033972
2.103211,43.306061,-283.887596,6.195833,7.073281,43.180992,-100.895092,3.737072,3.680021,-0.000683,-0.404391,0.039540,0.033972
2.103732,43.236459,-283.912517,6.200514,7.120522,43.180992,-100.895092,3.737072,3.680021,-0.000303,-0.404391,0.039557,0.033972
2.104254,43.236459,-283.912517,6.200514,7.120522,43.180992,-100.895092,3.737072,3.680021,-0.000303,-0.404391,0.039557,0.033972
2.104775,43.151102,-283.938113,6.256982,7.100671,43.350523,-100.510711,3.744879,3.450593,0.001087,-0.407197,0.039754,0.033805
2.105296,43.236459,-283.912517,6.200514,7.120522,43.520935,-100.811249,4.004544,3.613725,0.001554,-0.407538,0.040312,0.035934
2.105817,43.035832,-283.859662,6.369385,7.086360,43.350523,-100.510711,3.744879,3.450593,0.001716,-0.407197,0.040299,0.033805
2.106339,43.035832,-283.859662,6.369385,7.086360,43.376012,-100.256621,3.754854,3.356210,0.001853,-0.408332,0.040270,0.033824
2.106860,43.114537,-283.809222,6.413776,7.084669,43.272605,-100.462941,3.784696,3.456996,0.000862,-0.406716,0.040618,0.034148
2.107381,43.274323,-283.659050,6.279654,6.975721,43.248213,-100.529702,3.747439,3.569527,-0.000143,-0.406270,0.039933,0.033994
2.107902,43.274323,-283.659050,6.279654,6.975721,42.900302,-100.535184,4.097989,3.476215,-0.002042,-0.403326,0.040948,0.036672
2.108424,43.125569,-283.536662,6.439427,6.915569,42.995679,-100.810540,3.792114,3.418489,-0.000711,-0.403140,0.040897,0.034098
2.108945,43.125569,-283.536662,6.439427,6.915569,42.691683,-100.590830,3.965937,3.274537,-0.002372,-0.401370,0.041339,0.035401
2.109466,43.125569,-283.536662,6.439427,6.915569,42.431666,-100.631396,3.813873,3.326280,-0.003794,-0.399033,0.040918,0.034285
2.109987,43.025646,-283.535322,6.519132,6.891272,42.521512,-100.682874,3.868975,3.337670,-0.002757,-0.399608,0.041458,0.034708
2.110508,43.081991,-283.780547,6.493171,7.013144,42.325734,-100.775671,3.828879,3.401871,-0.004132,-0.397628,0.041190,0.034472
2.111030,43.426278,-283.748508,6.243601,7.027582,42.516202,-100.972892,3.956121,3.507641,-0.004979,-0.398533,0.040440,0.035523
2.111551,43.384805,-283.835606,6.240489,7.071834,42.355396,-101.053109,3.741710,3.566963,-0.005632,-0.396897,0.039808,0.033915
2.112072,43.556567,-283.784870,6.219478,7.070533,41.997734,-100.965439,3.608684,3.601300,-0.008526,-0.394190,0.039331,0.032991
2.112593,43.582202,-283.720662,6.264232,6.886053,41.878675,-100.562593,3.643933,3.349973,-0.009301,-0.394601,0.039565,0.033066
2.113115,44.040218,-283.768445,6.575615,6.790569,41.670041,-100.912293,3.680065,3.532868,-0.012961,-0.391606,0.041206,0.033514
2.113636,44.222683,-283.845274,6.602874,6.728305,41.626146,-100.924131,3.709937,3.525007,-0.014194,-0.391193,0.041400,0.033742
2.114157,44.294492,-283.872219,6.525686,6.748939,41.503343,-101.144983,3.648687,3.497187,-0.015274,-0.389384,0.040911,0.033177
2.114678,44.380458,-283.835564,6.577948,6.737219,41.503343,-101.144983,3.648687,3.497187,-0.015747,-0.389384,0.041169,0.033177
2.115200,44.598923,-284.189150,6.436086,7.010545,41.503343,-101.144983,3.648687,3.497187,-0.016910,-0.389384,0.040414,0.033177
2.115721,44.663867,-284.136280,6.413638,7.009605,41.409917,-100.964445,3.765520,3.377179,-0.017763,-0.389220,0.040597,0.034017
2.116242,44.790220,-284.090623,6.461532,7.074858,41.104657,-101.285565,3.715595,3.475036,-0.020158,-0.385522,0.040767,0.033689
2.116763,44.868440,-283.898342,6.504036,7.016267,40.707841,-101.089690,3.944169,3.507599,-0.022755,-0.382823,0.041599,0.035660
2.117285,44.803430,-283.978882,6.480684,6.979143,41.145919,-101.308236,3.691693,3.473446,-0.020020,-0.385793,0.040822,0.033486
2.117806,44.947503,-283.847969,6.548111,7.015554,40.664117,-101.118551,3.907774,3.463790,-0.023437,-0.382352,0.041720,0.035316
2.118327,45.154666,-283.857598,6.476385,7.049921,40.736281,-100.958673,4.021696,3.506672,-0.024153,-0.383515,0.041670,0.036316
2.118848,45.513914,-283.843918,6.217432,7.113737,40.493623,-101.188483,3.827932,3.629964,-0.027478,-0.380662,0.039961,0.034877
2.119370,45.698075,-283.905477,6.351268,7.083697,40.267533,-101.052629,3.801881,3.555963,-0.029690,-0.379196,0.040467,0.034649
2.119891,45.770066,-283.758412,6.397703,6.859073,40.267533,-101.052629,3.801881,3.555963,-0.030108,-0.379196,0.040716,0.034649
2.120412,45.935675,-283.701426,6.494020,6.851841,39.874380,-101.033395,3.686982,3.580232,-0.033170,-0.375899,0.040860,0.033814
2.120933,46.117760,-283.873297,6.413998,6.793551,40.549526,-100.894161,3.986972,3.579907,-0.030422,-0.382145,0.041255,0.036169
2.121455,46.414475,-283.899259,6.566405,6.796661,39.978021,-100.898610,3.916005,3.416450,-0.035157,-0.377243,0.041752,0.035493
2.121976,46.526708,-283.866819,6.511870,6.793202,39.693633,-100.832423,3.708309,3.455446,-0.037315,-0.375028,0.040914,0.033917
2.122497,46.751640,-283.692279,6.423835,7.063616,39.829349,-100.790484,3.750419,3.721310,-0.037829,-0.376335,0.040645,0.034570
2.123018,46.752636,-283.785733,6.445756,7.004665,40.027568,-100.923731,4.114609,3.775041,-0.036760,-0.377582,0.041793,0.037488
2.123540,46.868247,-283.870567,6.504036,7.016267,39.512400,-101.158590,3.804803,3.745444,-0.040238,-0.372376,0.041211,0.034963
2.124061,47.081605,-283.724997,6.493171,7.013144,39.328574,-101.260605,3.808530,3.670448,-0.042465,-0.370458,0.041222,0.034896
2.124582,46.998953,-283.751093,6.542029,6.994540,39.258745,-101.315782,3.773831,3.656981,-0.042402,-0.369675,0.041364,0.034593
2.125103,47.081605,-283.724997,6.493171,7.013144,39.226326,-101.381823,3.713677,3.655522,-0.043053,-0.369177,0.040989,0.034093
2.125625,47.189449,-283.597283,6.472375,6.977172,39.121265,-101.312887,3.880096,3.624152,-0.044233,-0.368504,0.041362,0.035430
2.126146,47.189449,-283.597283,6.472375,6.977172,38.868446,-101.309434,3.979588,3.602164,-0.045616,-0.366342,0.041641,0.036247
2.126667,47.189449,-283.597283,6.472375,6.977172,38.821874,-101.312407,4.015786,3.592592,-0.045872,-0.365931,0.041745,0.036537
2.127188,47.321321,-283.437988,6.414645,6.875075,38.886962,-101.194016,4.017287,3.675296,-0.046248,-0.366883,0.041489,0.036666
2.127709,47.379229,-283.518379,6.425164,6.912798,38.580699,-101.079478,3.935877,3.495364,-0.048190,-0.364620,0.041255,0.035886
2.128231,47.776318,-283.634549,6.375948,6.921628,38.414863,-101.169711,3.729808,3.548616,-0.051261,-0.362891,0.040436,0.034259
2.128752,47.870048,-283.748950,6.349573,6.874148,38.623985,-100.935065,3.949726,3.582665,-0.050533,-0.365471,0.040856,0.036131
2.129273,47.970573,-283.786019,6.324903,6.929309,38.664912,-100.916847,3.935411,3.610892,-0.050843,-0.365885,0.040688,0.036045
2.129794,47.864254,-283.847042,6.371552,6.808346,38.493736,-101.004081,3.849960,3.607731,-0.051204,-0.364117,0.040665,0.035342
2.130316,48.155773,-283.881118,6.326410,6.770780,38.424794,-100.989650,3.879880,3.604762,-0.053156,-0.363569,0.040525,0.035595
2.130837,48.380093,-284.165637,6.392274,6.971033,38.199083,-101.027421,3.887691,3.693349,-0.055535,-0.361491,0.040797,0.035774
2.131358,48.544985,-283.945603,6.492716,6.880090,38.522973,-100.896978,4.001859,3.608309,-0.054696,-0.364723,0.041606,0.036610
2.131879,48.544985,-283.945603,6.492716,6.880090,38.283227,-100.942389,3.857485,3.658787,-0.056016,-0.362499,0.041208,0.035505
2.132401,48.544985,-283.945603,6.492716,6.880090,38.283227,-100.942389,3.857485,3.658787,-0.056016,-0.362499,0.041208,0.035505
2.132922,48.544985,-283.945603,6.492716,6.880090,38.478721,-100.908004,4.033717,3.601245,-0.054940,-0.364304,0.041699,0.036867
2.133443,48.545524,-283.850059,6.470543,6.944030,38.188678,-101.107626,3.846594,3.543517,-0.056614,-0.361139,0.041131,0.035253
2.133964,48.544985,-283.945603,6.492716,6.880090,38.188678,-101.107626,3.846594,3.543517,-0.056582,-0.361139,0.041212,0.035253
2.134486,48.544985,-283.945603,6.492716,6.880090,38.143770,-101.118044,3.878636,3.535628,-0.056830,-0.360716,0.041303,0.035509
2.135007,48.544985,-283.945603,6.492716,6.880090,38.143770,-101.118044,3.878636,3.535628,-0.056830,-0.360716,0.041303,0.035509
2.135528,48.544985,-283.945603,6.492716,6.880090,38.143770,-101.118044,3.878636,3.535628,-0.056830,-0.360716,0.041303,0.035509
2.136049,48.544985,-283.945603,6.492716,6.880090,37.958506,-101.032401,3.631802,3.592891,-0.057813,-0.359390,0.040610,0.033606
2.136571,48.544985,-283.945603,6.492716,6.880090,38.019966,-101.087111,3.613912,3.581298,-0.057495,-0.359744,0.040575,0.033425
2.137092,48.544985,-283.945603,6.492716,6.880090,38.518031,-100.930653,3.921068,3.619919,-0.054733,-0.364569,0.041385,0.035953
2.137613,48.445646,-283.628712,6.536221,6.795296,37.772112,-100.867399,3.666065,3.452814,-0.058335,-0.358309,0.040938,0.033800
2.138134,48.445646,-283.628712,6.536221,6.795296,38.330198,-100.429523,3.946834,3.435631,-0.055160,-0.364599,0.041615,0.036146
2.138656,48.360178,-283.664221,6.484219,6.808139,38.445275,-100.624933,4.032139,3.228924,-0.054115,-0.364950,0.041653,0.036567
2.139177,48.394795,-283.757250,6.473222,6.868436,38.458976,-101.119727,3.912181,3.497790,-0.054348,-0.363436,0.041354,0.035700
2.139698,48.329221,-283.908552,6.514788,6.808144,38.691178,-101.059520,4.023605,3.551350,-0.052662,-0.365640,0.041819,0.036653
2.140219,48.329221,-283.908552,6.514788,6.808144,39.007153,-101.092479,3.854756,3.501037,-0.050947,-0.368254,0.041354,0.035169
2.140741,48.331372,-283.812928,6.492542,6.872983,39.252117,-100.838555,3.667448,3.464397,-0.049580,-0.371211,0.040706,0.033651
2.141262,47.956151,-283.855457,6.433412,6.784358,39.301882,-101.061349,3.634376,3.406363,-0.047309,-0.370893,0.040380,0.033248
2.141783,47.961199,-283.758049,6.411261,6.850228,39.479634,-100.813118,3.725575,3.506771,-0.046328,-0.373255,0.040492,0.034149
2.142304,47.682823,-283.683455,6.216832,6.901627,39.600540,-101.172628,3.731708,3.536366,-0.044255,-0.373084,0.039695,0.034114
2.142825,47.776318,-283.634549,6.375948,6.921628,39.734872,-100.894757,3.734053,3.679539,-0.043977,-0.375172,0.040400,0.034368
2.143347,47.379229,-283.518379,6.425164,6.912798,39.755122,-101.051413,3.757841,3.613979,-0.041759,-0.374817,0.040761,0.034431
2.143868,47.276636,-283.516748,6.509732,6.888404,39.755122,-101.051413,3.757841,3.613979,-0.041198,-0.374817,0.041162,0.034431
2.144389,47.206163,-283.559664,6.537813,6.880593,39.843797,-100.929392,3.786750,3.693085,-0.040291,-0.375989,0.041338,0.034783
2.144910,47.005201,-283.894029,6.560162,7.045766,39.897088,-100.862381,3.749006,3.723281,-0.038816,-0.376673,0.041254,0.034532
2.145432,47.005201,-283.894029,6.560162,7.045766,39.792704,-101.073871,3.738262,3.576882,-0.039431,-0.375063,0.041271,0.034219
2.145953,46.947310,-283.820194,6.548111,7.015554,39.792704,-101.073871,3.738262,3.576882,-0.039130,-0.375063,0.041231,0.034219
2.146474,46.947310,-283.820194,6.548111,7.015554,39.830119,-101.050678,3.718668,3.575894,-0.038921,-0.375462,0.041173,0.034063
2.146995,46.803237,-283.951107,6.480684,6.979143,39.830119,-101.050678,3.718668,3.575894,-0.038107,-0.375462,0.040825,0.034063
2.147517,46.883360,-283.899771,6.526237,6.979276,39.919289,-101.022222,3.654103,3.588427,-0.038062,-0.376321,0.040873,0.033559
2.148038,46.759850,-284.047462,6.481743,6.914662,40.475847,-100.494126,4.074005,3.306169,-0.034222,-0.382891,0.041684,0.036697
2.148559,46.676132,-283.995427,6.433160,6.911744,40.466033,-100.921720,4.040963,3.569286,-0.033908,-0.381338,0.041474,0.036594
2.149080,46.462061,-283.922093,6.532152,6.797720,40.788946,-101.141917,3.554753,3.592302,-0.031028,-0.383334,0.040669,0.032644
2.149602,46.462061,-283.922093,6.532152,6.797720,40.539776,-101.062082,3.959702,3.487705,-0.032376,-0.381486,0.041751,0.035795
2.150123,46.292978,-283.885161,6.404307,6.895007,41.223518,-101.103411,3.626368,3.503674,-0.027728,-0.387158,0.040251,0.033055
2.150644,46.290509,-283.982213,6.426432,6.829182,41.153336,-101.268743,3.697724,3.605268,-0.028109,-0.385992,0.040564,0.033709
2.151165,46.290509,-283.982213,6.426432,6.829182,41.264601,-101.284438,3.689715,3.651726,-0.027502,-0.386881,0.040547,0.033688
2.151687,46.034960,-283.719246,6.445129,6.866811,41.150496,-101.053599,3.961250,3.506850,-0.026734,-0.386710,0.041401,0.035742
2.152208,45.760452,-283.643681,6.257527,6.917364,41.528311,-101.113810,3.698573,3.520734,-0.023182,-0.389704,0.039814,0.033606
2.152729,45.683015,-283.711230,6.216832,6.901627,41.609327,-101.156749,3.651275,3.520227,-0.022311,-0.390240,0.039485,0.033211
2.153250,45.515514,-283.639330,6.278674,6.939478,41.647449,-101.233899,3.657371,3.474292,-0.021203,-0.390294,0.039828,0.033174
2.153772,45.277924,-283.747118,6.429721,7.026012,41.647449,-101.233899,3.657371,3.474292,-0.019889,-0.390294,0.040522,0.033174
2.154293,45.267851,-283.842038,6.450532,6.965275,41.942955,-100.782422,4.004651,3.373145,-0.018161,-0.394371,0.041469,0.035890
2.154814,45.267851,-283.842038,6.450532,6.965275,42.106189,-100.597597,4.033809,3.452470,-0.017252,-0.396404,0.041512,0.036244
2.155335,45.120083,-283.667213,6.499832,6.968352,42.288429,-100.765276,3.979192,3.386172,-0.015481,-0.397350,0.041663,0.035653
2.155857,45.220341,-283.669748,6.418552,6.992746,42.288429,-100.765276,3.979192,3.386172,-0.016028,-0.397350,0.041284,0.035653
2.156378,45.067538,-283.645552,6.513343,6.926155,42.502175,-100.603286,4.013961,3.435615,-0.014014,-0.399728,0.041794,0.036002
2.156899,45.014624,-283.716664,6.520353,6.949539,42.098098,-101.006527,3.909383,3.518360,-0.015961,-0.394893,0.041605,0.035220
2.157420,44.932465,-283.743026,6.567954,6.931346,42.024556,-100.670166,3.859710,3.318648,-0.015883,-0.395457,0.041607,0.034690
2.157942,44.932465,-283.743026,6.567954,6.931346,42.042798,-100.928974,3.824816,3.635734,-0.015805,-0.394699,0.041570,0.034732
2.158463,44.852705,-283.792994,6.523680,6.932214,42.042798,-100.928974,3.824816,3.635734,-0.015365,-0.394699,0.041350,0.034732
2.158984,44.852705,-283.792994,6.523680,6.932214,42.435898,-100.828311,4.053675,3.628748,-0.013208,-0.398370,0.041975,0.036497
2.159505,44.852705,-283.792994,6.523680,6.932214,42.421992,-100.910384,4.071706,3.565875,-0.013290,-0.397962,0.042046,0.036540
2.160026,44.868440,-283.898342,6.504036,7.016267,42.465840,-100.893945,4.040963,3.569286,-0.013128,-0.398389,0.041838,0.036299
2.160548,44.868440,-283.898342,6.504036,7.016267,42.577704,-100.686296,4.049752,3.451607,-0.012503,-0.400069,0.041816,0.036268
2.161069,44.787093,-283.873350,6.500234,6.894961,42.577704,-100.686296,4.049752,3.451607,-0.012060,-0.400069,0.041804,0.036268
2.161590,44.787093,-283.873350,6.500234,6.894961,42.636478,-100.631903,4.007586,3.490171,-0.011736,-0.400758,0.041671,0.035988
2.162111,44.787093,-283.873350,6.500234,6.894961,42.636478,-100.631903,4.007586,3.490171,-0.011736,-0.400758,0.041671,0.035988
2.162633,44.787093,-283.873350,6.500234,6.894961,42.636575,-100.590653,3.996297,3.521290,-0.011733,-0.400907,0.041629,0.035950
2.163154,44.787093,-283.873350,6.500234,6.894961,42.636575,-100.590653,3.996297,3.521290,-0.011733,-0.400907,0.041629,0.035950
2.163675,44.852705,-283.792994,6.523680,6.932214,42.544113,-100.662950,4.074892,3.482144,-0.012606,-0.399869,0.041998,0.036517
2.164196,44.839534,-283.887548,6.543835,6.869801,42.434665,-100.869036,4.064532,3.597894,-0.013139,-0.398215,0.042087,0.036533
2.164718,44.839534,-283.887548,6.543835,6.869801,42.180093,-100.957975,3.926889,3.614303,-0.014537,-0.395755,0.041715,0.035480
2.165239,44.852705,-283.792994,6.523680,6.932214,42.180093,-100.957975,3.926889,3.614303,-0.014617,-0.395755,0.041642,0.035480
2.165760,44.852705,-283.792994,6.523680,6.932214,42.180093,-100.957975,3.926889,3.614303,-0.014617,-0.395755,0.041642,0.035480
2.166281,44.852705,-283.792994,6.523680,6.932214,42.180093,-100.957975,3.926889,3.614303,-0.014617,-0.395755,0.041642,0.035480
2.166803,44.839534,-283.887548,6.543835,6.869801,42.180093,-100.957975,3.926889,3.614303,-0.014537,-0.395755,0.041715,0.035480
2.167324,44.919983,-283.836509,6.588328,6.870061,41.967076,-100.836625,3.705224,3.694486,-0.016135,-0.394384,0.041300,0.033910
2.167845,44.919983,-283.836509,6.588328,6.870061,41.923328,-100.854517,3.737032,3.690497,-0.016375,-0.393951,0.041389,0.034153
2.168366,45.094552,-283.652754,6.541263,6.817401,41.923328,-100.854517,3.737032,3.690497,-0.017346,-0.393951,0.041206,0.034153
2.168888,45.175983,-283.515246,6.492945,6.886057,41.829926,-101.022903,3.718668,3.575894,-0.018333,-0.392571,0.040995,0.033822
2.169409,45.164978,-283.609845,6.514171,6.825314,41.749386,-101.069088,3.767930,3.577857,-0.018709,-0.391729,0.041219,0.034209
2.169930,45.079079,-283.592953,6.523945,6.888419,41.749386,-101.069088,3.767930,3.577857,-0.018240,-0.391729,0.041270,0.034209
2.170451,45.237152,-283.797347,6.504309,6.950770,41.749386,-101.069088,3.767930,3.577857,-0.019085,-0.391729,0.041130,0.034209
2.170973,45.339057,-283.800887,6.420637,6.975171,41.663233,-100.928221,3.766778,3.651286,-0.020098,-0.391492,0.040699,0.034346
2.171494,45.339057,-283.800887,6.420637,6.975171,42.012978,-100.980702,4.013603,3.588826,-0.018191,-0.394265,0.041411,0.036150
2.172015,45.671171,-283.948483,6.170176,6.990273,42.253180,-100.894286,4.068089,3.557848,-0.018670,-0.396596,0.040367,0.036532
2.172536,45.671171,-283.948483,6.170176,6.990273,41.586398,-100.890558,3.809747,3.647742,-0.022310,-0.390973,0.039605,0.034700
2.173058,45.726268,-284.032520,6.161876,6.950108,41.474523,-101.031498,3.778085,3.576181,-0.023229,-0.389534,0.039488,0.034333
2.173579,45.726268,-284.032520,6.161876,6.950108,41.474523,-101.031498,3.778085,3.576181,-0.023229,-0.389534,0.039488,0.034333
2.174100,45.880393,-283.834282,6.245062,6.855187,41.474523,-101.031498,3.778085,3.576181,-0.024097,-0.389534,0.039918,0.034333
2.174621,46.329413,-283.936327,6.514788,6.808144,41.521442,-101.103121,3.775719,3.536507,-0.026291,-0.389683,0.041171,0.034238
2.175142,46.242011,-283.898206,6.460749,6.817386,41.374845,-101.002006,3.706672,3.516898,-0.026605,-0.388792,0.040712,0.033716
2.175664,46.574470,-283.832976,6.476162,6.815246,40.808852,-100.961468,3.903427,3.493168,-0.031518,-0.384124,0.041329,0.035340
2.176185,46.544450,-283.920948,6.510697,6.828603,40.752178,-100.832506,3.898512,3.383690,-0.031626,-0.384085,0.041427,0.035220
2.176706,46.658585,-283.888632,6.452482,6.825575,40.718043,-100.977497,3.967886,3.476336,-0.032466,-0.383295,0.041392,0.035846
2.177227,46.658585,-283.888632,6.452482,6.825575,40.659253,-100.850635,3.963748,3.367722,-0.032765,-0.383230,0.041350,0.035736
2.177749,46.658585,-283.888632,6.452482,6.825575,40.592208,-100.800500,3.985411,3.379341,-0.033122,-0.382830,0.041400,0.035949
2.178270,46.658585,-283.888632,6.452482,6.825575,40.787920,-101.336830,4.054510,3.550466,-0.032148,-0.382658,0.041724,0.036508
2.178791,46.759850,-284.047462,6.481743,6.914662,40.495831,-100.838849,3.883296,3.351784,-0.034177,-0.381876,0.041219,0.035097
2.179312,46.885045,-283.926309,6.433140,6.998543,40.502867,-100.772054,3.927775,3.387910,-0.034832,-0.382165,0.041130,0.035515
2.179834,46.885045,-283.926309,6.433140,6.998543,40.335181,-100.774383,3.946175,3.388165,-0.035747,-0.380724,0.041182,0.035689
2.180355,46.803237,-283.951107,6.480684,6.979143,40.525762,-100.626271,4.061567,3.485637,-0.034229,-0.382862,0.041696,0.036746
2.180876,47.028975,-283.794798,6.500389,7.034371,40.277751,-100.804265,3.961254,3.649827,-0.036877,-0.380130,0.041573,0.036110
2.181397,47.028975,-283.794798,6.500389,7.034371,40.028016,-100.820607,3.993899,3.390079,-0.038243,-0.377937,0.041667,0.036111
2.181919,46.947310,-283.820194,6.548111,7.015554,40.028016,-100.820607,3.993899,3.390079,-0.037792,-0.377937,0.041884,0.036111
2.182440,47.081605,-283.724997,6.493171,7.013144,40.229427,-100.707076,4.033137,3.458073,-0.037422,-0.380049,0.041737,0.036507
2.182961,47.081605,-283.724997,6.493171,7.013144,39.976979,-100.823617,3.915745,3.397723,-0.038825,-0.377489,0.041427,0.035492
2.183482,47.290994,-283.599518,6.388761,7.001785,39.830760,-100.993658,3.916361,3.317344,-0.040832,-0.375660,0.041005,0.035382
2.184004,47.290994,-283.599518,6.388761,7.001785,39.869378,-100.969356,3.897919,3.313968,-0.040615,-0.376073,0.040948,0.035229
2.184525,47.277732,-283.719343,6.429721,7.026012,39.574171,-100.984226,3.673569,3.370944,-0.042132,-0.373491,0.040492,0.033512
2.185046,47.379229,-283.518379,6.425164,6.912798,39.574171,-100.984226,3.673569,3.370944,-0.042733,-0.373491,0.040513,0.033512
2.185567,47.379229,-283.518379,6.425164,6.912798,39.574171,-100.984226,3.673569,3.370944,-0.042733,-0.373491,0.040513,0.033512
2.186089,47.379229,-283.518379,6.425164,6.912798,39.574171,-100.984226,3.673569,3.370944,-0.042733,-0.373491,0.040513,0.033512
2.186610,47.379229,-283.518379,6.425164,6.912798,39.535974,-101.009395,3.692257,3.373913,-0.042948,-0.373078,0.040569,0.033664
2.187131,47.379229,-283.518379,6.425164,6.912798,39.962446,-100.939336,3.961701,3.304069,-0.040600,-0.376972,0.041310,0.035732
2.187652,47.369741,-283.613577,6.446558,6.851807,39.923728,-100.963521,3.980140,3.307692,-0.040744,-0.376558,0.041445,0.035885
2.188174,47.769447,-283.699989,6.397490,6.843702,39.945953,-100.826321,4.039748,3.393012,-0.042755,-0.377214,0.041337,0.036498
2.188695,47.581816,-283.665112,6.264232,6.886053,40.109913,-100.673899,4.192678,3.437793,-0.040809,-0.379139,0.041160,0.037810
2.189216,47.623380,-283.760648,6.258887,6.946826,40.119066,-100.838657,4.145898,3.371099,-0.041002,-0.378655,0.041009,0.037307
2.189737,47.769873,-283.730637,6.397703,6.859073,39.887834,-100.864565,4.160137,3.374675,-0.043076,-0.376586,0.041693,0.037457
2.190259,47.809374,-283.824222,6.390410,6.918445,39.949828,-100.502431,4.046718,3.555248,-0.042847,-0.378350,0.041225,0.036830
2.190780,47.973151,-283.766261,6.485297,6.911192,39.831716,-100.823334,3.977851,3.389856,-0.044473,-0.376244,0.041547,0.036009
2.191301,47.809374,-283.824222,6.390410,6.918445,39.923728,-100.963521,3.980140,3.307692,-0.043097,-0.376558,0.041134,0.035885
2.191822,47.815473,-283.728153,6.368810,6.980849,40.186127,-100.632476,4.113797,3.517170,-0.041645,-0.379933,0.041376,0.037255
2.192343,47.815473,-283.728153,6.368810,6.980849,40.310423,-101.075513,4.082317,3.486964,-0.041066,-0.379484,0.041384,0.036813
2.192865,47.809374,-283.824222,6.390410,6.918445,39.923728,-100.963521,3.980140,3.307692,-0.043097,-0.376558,0.041134,0.035885
2.193386,47.809374,-283.824222,6.390410,6.918445,39.879246,-100.987490,4.008348,3.311237,-0.043346,-0.376096,0.041221,0.036118
2.193907,47.589814,-283.568046,6.242928,6.948125,39.879246,-100.987490,4.008348,3.311237,-0.042206,-0.376096,0.040600,0.036118
2.194428,47.589814,-283.568046,6.242928,6.948125,39.879246,-100.987490,4.008348,3.311237,-0.042206,-0.376096,0.040600,0.036118
2.194950,47.485417,-283.750446,6.298340,6.897547,39.879246,-100.987490,4.008348,3.311237,-0.041594,-0.376096,0.040815,0.036118
2.195471,47.494058,-283.653839,6.277306,6.959903,40.004089,-101.192252,4.001699,3.428398,-0.041027,-0.376472,0.040768,0.036109
2.195992,47.515321,-283.611555,6.278674,6.939478,39.566344,-101.306930,3.705905,3.474901,-0.043575,-0.372341,0.039959,0.033801
2.196513,47.556758,-283.706046,6.273742,6.999226,39.916069,-101.223892,3.943038,3.436762,-0.041846,-0.375613,0.040575,0.035647
2.197035,47.556758,-283.706046,6.273742,6.999226,39.830760,-100.993658,3.916361,3.317344,-0.042260,-0.375660,0.040445,0.035382
2.197556,47.181878,-283.889936,6.500854,7.098283,39.491701,-101.034324,3.721390,3.376809,-0.042031,-0.372615,0.040932,0.033902
2.198077,47.177790,-283.716253,6.511066,7.001730,39.611746,-100.883182,3.756751,3.462121,-0.041359,-0.374154,0.041082,0.034312
2.198598,47.177790,-283.716253,6.511066,7.001730,39.655651,-100.857921,3.727392,3.458823,-0.041113,-0.374616,0.040997,0.034072
2.199120,47.139360,-283.800618,6.504715,7.044815,40.098290,-101.034302,3.909383,3.518360,-0.038506,-0.377812,0.041495,0.035497
2.199641,47.056890,-283.825972,6.553771,7.025945,40.240345,-100.851589,4.081211,3.368649,-0.037237,-0.379649,0.042166,0.036754
2.200162,46.978633,-283.876387,6.511139,7.026700,40.165912,-100.625461,3.982440,3.241125,-0.037160,-0.379784,0.041622,0.035894
2.200683,46.978633,-283.876387,6.511139,7.026700,40.201958,-100.820492,3.925181,3.397854,-0.037003,-0.379426,0.041506,0.035536
2.201205,46.978633,-283.876387,6.511139,7.026700,40.260755,-101.029990,4.004908,3.496488,-0.036724,-0.379215,0.041780,0.036220
2.201726,46.927138,-283.944573,6.517278,7.046169,40.502867,-100.772054,3.927775,3.387910,-0.035058,-0.382165,0.041518,0.035515
2.202247,46.868247,-283.870567,6.504036,7.016267,40.544893,-100.759474,3.902999,3.394502,-0.034519,-0.382567,0.041401,0.035320
2.202768,46.868247,-283.870567,6.504036,7.016267,40.743797,-100.652657,4.085397,3.440667,-0.033415,-0.384634,0.041898,0.036845
2.203290,46.868247,-283.870567,6.504036,7.016267,40.605318,-101.143410,3.956185,3.593260,-0.034261,-0.381767,0.041639,0.035855
2.203811,46.786572,-283.817992,6.457916,7.012844,40.605318,-101.143410,3.956185,3.593260,-0.033825,-0.381767,0.041437,0.035855
2.204332,46.786572,-283.817992,6.457916,7.012844,40.639880,-101.168976,3.941751,3.586924,-0.033640,-0.381974,0.041401,0.035720
2.204853,46.786572,-283.817992,6.457916,7.012844,40.569471,-101.334116,3.951250,3.654530,-0.034056,-0.380811,0.041466,0.035836
2.205375,46.668623,-283.759177,6.439480,6.881228,40.580506,-101.051703,3.935877,3.495364,-0.033309,-0.381869,0.041285,0.035609
2.205896,46.586990,-283.643390,6.488565,6.818616,40.580506,-101.051703,3.935877,3.495364,-0.032884,-0.381869,0.041541,0.035609
2.206417,46.540959,-283.739603,6.488187,6.754314,40.580506,-101.051703,3.935877,3.495364,-0.032615,-0.381869,0.041517,0.035609
2.206938,46.475469,-283.796469,6.509127,6.760252,40.951978,-101.090166,3.656552,3.562923,-0.030222,-0.384898,0.040845,0.033405
2.207459,46.389574,-283.833317,6.456663,6.772255,40.659404,-101.010586,3.980227,3.494803,-0.031333,-0.382682,0.041468,0.035965
2.207981,46.294299,-283.844444,6.525686,6.748939,40.580506,-101.051703,3.935877,3.495364,-0.031248,-0.381869,0.041670,0.035609
2.208502,46.117760,-283.873297,6.413998,6.793551,41.072659,-101.120138,3.704099,3.520811,-0.027599,-0.385820,0.040514,0.033705
2.209023,46.117760,-283.873297,6.413998,6.793551,40.994002,-101.165295,3.658929,3.520333,-0.028036,-0.384997,0.040401,0.033344
2.209544,46.027115,-283.864805,6.354161,6.817594,41.072659,-101.120138,3.704099,3.520811,-0.027105,-0.385820,0.040234,0.033705
2.210066,46.027115,-283.864805,6.354161,6.817594,41.225174,-101.107236,3.785029,3.536637,-0.026269,-0.387158,0.040456,0.034350
2.210587,45.726268,-284.032520,6.161876,6.950108,41.221523,-100.990560,3.677122,3.406621,-0.024605,-0.387531,0.039192,0.033368
2.211108,45.726268,-284.032520,6.161876,6.950108,40.873322,-100.950332,3.948889,3.349502,-0.026501,-0.384711,0.039962,0.035534
2.211629,45.726268,-284.032520,6.161876,6.950108,40.855535,-100.841256,4.006636,3.223412,-0.026582,-0.384936,0.040109,0.035897
2.212151,45.640369,-283.972259,6.214964,6.959317,40.735767,-100.984391,4.041197,3.330394,-0.026796,-0.383423,0.040499,0.036270
2.212672,45.688560,-284.019203,6.140443,7.058998,41.107751,-100.882919,3.747708,3.415791,-0.025008,-0.386938,0.039271,0.033985
2.213193,45.688560,-284.019203,6.140443,7.058998,40.897649,-101.145985,3.797668,3.535698,-0.026192,-0.384245,0.039470,0.034481
2.213714,45.674672,-283.019300,6.140443,7.058998,41.172986,-100.332562,3.736741,3.656186,-0.024637,-0.389410,0.039337,0.034349
2.214236,45.317352,-284.027888,6.419106,6.995129,41.031392,-101.134004,3.702127,3.564303,-0.023430,-0.385422,0.040506,0.033745
2.214757,45.267752,-283.947634,6.421664,7.032801,41.181868,-101.035563,3.783822,3.576261,-0.022334,-0.387039,0.040740,0.034416
2.215278,45.168254,-283.943075,6.502678,7.008733,41.031392,-101.134004,3.702127,3.564303,-0.022626,-0.385422,0.040922,0.033745
2.215799,45.168254,-283.943075,6.502678,7.008733,41.107644,-101.090348,3.744393,3.563850,-0.022203,-0.386220,0.041028,0.034082
2.216321,45.168254,-283.943075,6.502678,7.008733,40.985290,-101.209968,3.698580,3.521219,-0.022887,-0.384769,0.040929,0.033648
2.216842,45.057083,-283.853747,6.553771,7.025945,41.031392,-101.134004,3.702127,3.564303,-0.022028,-0.385422,0.041186,0.033745
2.217363,45.057083,-283.853747,6.553771,7.025945,41.031392,-101.134004,3.702127,3.564303,-0.022028,-0.385422,0.041186,0.033745
2.217884,45.141052,-283.751949,6.496510,6.965977,41.328381,-101.232830,3.808530,3.670448,-0.020886,-0.387599,0.041251,0.034653
2.218406,45.057083,-283.853747,6.553771,7.025945,41.048626,-101.049026,3.878894,3.548555,-0.021924,-0.385861,0.041651,0.035151
2.218927,44.984380,-283.672636,6.562084,6.908209,41.181868,-101.035563,3.783822,3.576261,-0.020817,-0.387039,0.041466,0.034416
2.219448,45.082877,-283.675193,6.484811,6.932237,41.109739,-100.984106,3.817688,3.587483,-0.021744,-0.386604,0.041181,0.034722
2.219969,45.098590,-283.566166,6.503692,6.841637,41.109739,-100.984106,3.817688,3.587483,-0.021843,-0.386604,0.041295,0.034722
2.220491,45.098590,-283.566166,6.503692,6.841637,41.244382,-100.914558,3.783135,3.656132,-0.021098,-0.387989,0.041184,0.034538
2.221012,45.098590,-283.566166,6.503692,6.841637,41.181500,-100.823066,3.808875,3.695223,-0.021432,-0.387772,0.041235,0.034826
2.221533,45.098590,-283.566166,6.503692,6.841637,41.109739,-100.984106,3.817688,3.587483,-0.021843,-0.386604,0.041295,0.034722
2.222054,45.098590,-283.566166,6.503692,6.841637,41.109739,-100.984106,3.817688,3.587483,-0.021843,-0.386604,0.041295,0.034722
2.222576,45.098590,-283.566166,6.503692,6.841637,40.979108,-100.980573,3.907874,3.559138,-0.022558,-0.385506,0.041545,0.035424
2.223097,45.183874,-283.537866,6.451739,6.859087,41.035541,-101.037595,3.778085,3.576181,-0.022727,-0.385789,0.040958,0.034388
2.223618,45.183874,-283.537866,6.451739,6.859087,40.959339,-101.080061,3.735665,3.577409,-0.023149,-0.384996,0.040850,0.034051
2.224139,45.254982,-283.494080,6.422524,6.866529,41.109922,-100.873364,3.771522,3.688035,-0.022694,-0.386989,0.040775,0.034516
2.224660,45.183874,-283.537866,6.451739,6.859087,40.719389,-100.998265,4.007907,3.519248,-0.024453,-0.383235,0.041597,0.036210
2.225182,45.254982,-283.494080,6.422524,6.866529,40.717942,-101.137075,3.588316,3.628114,-0.024875,-0.382747,0.040333,0.032964
2.225703,45.254982,-283.494080,6.422524,6.866529,40.791484,-100.962319,3.589882,3.746678,-0.024448,-0.383973,0.040299,0.033173
2.226224,45.254982,-283.494080,6.422524,6.866529,40.570727,-101.032497,3.512157,3.611280,-0.025667,-0.381851,0.040107,0.032387
2.226745,45.208280,-283.726003,6.410863,7.036873,40.570727,-101.032497,3.512157,3.611280,-0.025379,-0.381851,0.040001,0.032387
2.227267,45.367805,-283.804896,6.324107,7.031560,40.570727,-101.032497,3.512157,3.611280,-0.026240,-0.381851,0.039568,0.032387
2.227788,45.367805,-283.804896,6.324107,7.031560,40.570727,-101.032497,3.512157,3.611280,-0.026240,-0.381851,0.039568,0.032387
2.228309,45.437320,-283.747834,6.518010,7.004929,40.823825,-100.978010,3.678618,3.558302,-0.025237,-0.384194,0.040938,0.033621
2.228830,45.606566,-283.917338,6.454013,6.951102,40.959919,-100.891869,3.963929,3.624777,-0.025383,-0.385650,0.041370,0.035979
2.229352,45.524559,-283.738831,6.560444,6.715344,40.717942,-101.137075,3.588316,3.628114,-0.026317,-0.382747,0.040937,0.032964
2.229873,45.618846,-283.906120,6.493341,6.798226,40.632395,-101.092138,3.530916,3.627382,-0.027269,-0.382173,0.040417,0.032532
2.230394,45.535723,-283.848195,6.538764,6.807412,40.751223,-101.219548,3.573015,3.676301,-0.026192,-0.382748,0.040787,0.032879
2.230915,45.765880,-283.975509,6.561766,6.807636,40.807108,-100.947100,3.510241,3.562335,-0.027086,-0.384158,0.040645,0.032306
2.231437,45.694032,-284.179975,6.476058,6.970123,40.766121,-100.863337,3.513764,3.509397,-0.026875,-0.384098,0.040179,0.032293
2.231958,45.952752,-284.263089,6.254720,7.000691,40.766121,-100.863337,3.513764,3.509397,-0.028273,-0.384098,0.039105,0.032293
2.232479,45.874994,-284.140134,6.282095,6.955501,40.724120,-101.253254,4.050149,3.602726,-0.028157,-0.382402,0.040855,0.036568
2.233000,45.960422,-284.086683,6.261584,6.906056,40.843077,-101.060881,4.051734,3.509272,-0.027952,-0.384073,0.040735,0.036513
2.233522,46.176379,-284.006157,6.311349,6.848725,40.501431,-101.124484,3.623338,3.602843,-0.031021,-0.380947,0.039777,0.033236
2.234043,46.138972,-283.911948,6.320502,6.789316,40.450698,-101.314179,3.957241,3.637184,-0.031142,-0.379868,0.040821,0.035886
2.234564,46.229374,-283.792856,6.359791,6.773725,40.501431,-101.124484,3.623338,3.602843,-0.031347,-0.380947,0.040052,0.033236
2.235085,46.441529,-283.904062,6.460325,6.804976,40.579439,-100.996517,3.639314,3.687826,-0.032039,-0.382049,0.040520,0.033498
2.235607,46.393301,-283.880951,6.495603,6.803813,40.318482,-100.934145,3.452445,3.736207,-0.033193,-0.380035,0.040189,0.032136
2.236128,46.526708,-283.866819,6.511870,6.793202,40.318482,-100.934145,3.452445,3.736207,-0.033924,-0.380035,0.040270,0.032136
2.236649,46.526708,-283.866819,6.511870,6.793202,40.501431,-101.124484,3.623338,3.602843,-0.032959,-0.380947,0.040758,0.033236
2.237170,46.572329,-283.770734,6.512206,6.857913,40.318482,-100.934145,3.452445,3.736207,-0.034191,-0.380035,0.040293,0.032136
2.237692,46.572666,-283.676697,6.489915,6.919445,40.046473,-101.123487,3.572506,3.628001,-0.035734,-0.377067,0.040558,0.032916
2.238213,46.572666,-283.676697,6.489915,6.919445,40.573665,-100.852344,4.153390,3.572238,-0.032801,-0.382494,0.042123,0.037508
2.238734,46.538373,-283.758217,6.532438,6.702070,40.097287,-100.962020,3.909758,3.545398,-0.035222,-0.378049,0.041622,0.035552
2.239255,46.538373,-283.758217,6.532438,6.702070,40.427084,-101.014224,4.107358,3.485120,-0.033429,-0.380689,0.042201,0.037013
2.239776,46.635882,-283.746387,6.459528,6.725109,40.584067,-100.526316,4.172930,3.513098,-0.033018,-0.383706,0.041949,0.037699
2.240298,46.635882,-283.746387,6.459528,6.725109,40.503980,-100.964039,4.149070,3.496792,-0.033535,-0.381517,0.041978,0.037366
2.240819,46.623388,-283.855905,6.439315,6.816589,40.686029,-100.648291,4.162382,3.454138,-0.032396,-0.384156,0.041829,0.037494
2.241340,46.635882,-283.746387,6.459528,6.725109,40.427084,-101.014224,4.107358,3.485120,-0.033965,-0.380689,0.041866,0.037013
2.241861,46.635882,-283.746387,6.459528,6.725109,40.422017,-100.928402,4.197238,3.495429,-0.033976,-0.380939,0.042112,0.037779
2.242383,46.635882,-283.746387,6.459528,6.725109,39.830119,-101.050678,3.718668,3.575894,-0.037235,-0.375462,0.040770,0.034063
2.242904,46.623388,-283.855905,6.439315,6.816589,39.830119,-101.050678,3.718668,3.575894,-0.037144,-0.375462,0.040651,0.034063
2.243425,46.572329,-283.770734,6.512206,6.857913,39.748379,-101.010452,3.767880,3.574225,-0.037321,-0.374897,0.041140,0.034477
2.243946,46.572329,-283.770734,6.512206,6.857913,39.751005,-100.755003,3.796918,3.715443,-0.037255,-0.375783,0.041163,0.034955
2.244468,46.572329,-283.770734,6.512206,6.857913,39.740950,-100.909220,3.720506,3.648524,-0.037341,-0.375175,0.040988,0.034217
2.244989,46.614549,-283.795724,6.536717,6.858522,39.830119,-101.050678,3.718668,3.575894,-0.037108,-0.375462,0.041126,0.034063
2.245510,46.572329,-283.770734,6.512206,6.857913,39.749579,-101.096863,3.767930,3.577857,-0.037332,-0.374616,0.041159,0.034457
2.246031,46.614549,-283.795724,6.536717,6.858522,39.591212,-101.109884,3.754117,3.739684,-0.038426,-0.373215,0.041234,0.034555
2.246553,46.526708,-283.866819,6.511870,6.793202,39.673549,-101.251065,3.756577,3.665953,-0.037510,-0.373446,0.041140,0.034435
2.247074,46.572329,-283.770734,6.512206,6.857913,40.310423,-101.075513,4.082317,3.486964,-0.034262,-0.379484,0.042045,0.036813
2.247595,46.569417,-283.891636,6.536866,6.793704,40.341781,-100.981702,4.120409,3.569146,-0.034034,-0.380072,0.042221,0.037235
2.248116,46.569417,-283.891636,6.536866,6.793704,40.177592,-101.171274,4.167197,3.661355,-0.034967,-0.378025,0.042400,0.037682
2.248638,46.587500,-283.997612,6.517560,6.879872,40.177592,-101.171274,4.167197,3.661355,-0.035046,-0.378025,0.042287,0.037682
2.249159,46.683546,-283.987805,6.445031,6.903498,40.120779,-101.122063,4.154429,3.649351,-0.035873,-0.377707,0.041906,0.037590
2.249680,46.759850,-284.047462,6.481743,6.914662,40.177592,-101.171274,4.167197,3.661355,-0.035977,-0.378025,0.042110,0.037682
2.250201,46.666054,-283.880951,6.464419,6.817037,40.365572,-100.883978,4.060423,3.548321,-0.034416,-0.380609,0.041691,0.036754
2.250723,46.666054,-283.880951,6.464419,6.817037,40.384595,-100.960015,4.091467,3.567518,-0.034326,-0.380511,0.041799,0.037000
2.251244,46.666054,-283.880951,6.464419,6.817037,40.384595,-100.960015,4.091467,3.567518,-0.034326,-0.380511,0.041799,0.037000
2.251765,46.614549,-283.795724,6.536717,6.858522,40.384595,-100.960015,4.091467,3.567518,-0.034061,-0.380511,0.042153,0.037000
2.252286,46.572329,-283.770734,6.512206,6.857913,40.422184,-100.938159,4.071706,3.565875,-0.033625,-0.380907,0.041984,0.036840
2.252808,46.614549,-283.795724,6.536717,6.858522,40.410382,-100.753031,4.138265,3.639316,-0.033882,-0.381440,0.042242,0.037518
2.253329,46.590322,-283.877215,6.493077,6.944343,40.451341,-100.774377,4.171293,3.365475,-0.033515,-0.381717,0.042125,0.037471
2.253850,46.572329,-283.770734,6.512206,6.857913,40.537557,-100.809878,4.119521,3.367152,-0.032972,-0.382332,0.042094,0.037028
2.254371,46.572329,-283.770734,6.512206,6.857913,40.531830,-100.732323,4.082751,3.449687,-0.032989,-0.382549,0.041969,0.036844
2.254893,46.572329,-283.770734,6.512206,6.857913,40.531830,-100.732323,4.082751,3.449687,-0.032989,-0.382549,0.041969,0.036844
2.255414,46.572329,-283.770734,6.512206,6.857913,40.577897,-100.714071,4.049752,3.451607,-0.032735,-0.383006,0.041870,0.036577
2.255935,46.639780,-283.690637,6.537823,6.894909,40.567600,-100.596826,4.025495,3.534587,-0.033152,-0.383321,0.041911,0.036513
2.256456,46.572329,-283.770734,6.512206,6.857913,40.613417,-100.583873,3.991673,3.540618,-0.032518,-0.383758,0.041675,0.036244
2.256977,46.572329,-283.770734,6.512206,6.857913,40.613417,-100.583873,3.991673,3.540618,-0.032518,-0.383758,0.041675,0.036244
2.257499,46.572329,-283.770734,6.512206,6.857913,40.613417,-100.583873,3.991673,3.540618,-0.032518,-0.383758,0.041675,0.036244
2.258020,46.639780,-283.690637,6.537823,6.894909,40.613417,-100.583873,3.991673,3.540618,-0.032900,-0.383758,0.041812,0.036244
2.258541,46.572329,-283.770734,6.512206,6.857913,40.328054,-100.909319,3.824036,3.668594,-0.034134,-0.380202,0.041276,0.034996
2.259062,46.572329,-283.770734,6.512206,6.857913,40.439640,-100.692179,3.829914,3.551959,-0.033485,-0.381899,0.041244,0.034951
2.259584,46.572329,-283.770734,6.512206,6.857913,40.855422,-100.686404,3.519475,3.627761,-0.031215,-0.385470,0.040414,0.032533
2.260105,46.569417,-283.891636,6.536866,6.793704,40.855422,-100.686404,3.519475,3.627761,-0.031179,-0.385470,0.040505,0.032533
2.260626,46.569417,-283.891636,6.536866,6.793704,40.855422,-100.686404,3.519475,3.627761,-0.031179,-0.385470,0.040505,0.032533
2.261147,46.569417,-283.891636,6.536866,6.793704,40.855422,-100.686404,3.519475,3.627761,-0.031179,-0.385470,0.040505,0.032533
2.261669,46.526708,-283.866819,6.511870,6.793202,40.299501,-100.730714,3.933986,3.533347,-0.033990,-0.380568,0.041519,0.035773
2.262190,46.569417,-283.891636,6.536866,6.793704,40.830245,-100.558087,4.062573,3.493410,-0.031294,-0.385699,0.041960,0.036736
2.262711,46.526708,-283.866819,6.511870,6.793202,40.528057,-100.490932,3.819765,3.443521,-0.032701,-0.383349,0.041148,0.034787
2.263232,46.526708,-283.866819,6.511870,6.793202,40.528057,-100.490932,3.819765,3.443521,-0.032701,-0.383349,0.041148,0.034787
2.263754,46.526708,-283.866819,6.511870,6.793202,40.739160,-100.773393,3.954499,3.581499,-0.031599,-0.384178,0.041590,0.035919
2.264275,46.462061,-283.922093,6.532152,6.797720,40.514261,-100.535283,3.827272,3.409924,-0.032422,-0.383077,0.041262,0.034797
2.264796,46.462061,-283.922093,6.532152,6.797720,40.777944,-100.687480,3.553887,3.390049,-0.031011,-0.384805,0.040565,0.032507
2.265317,46.462061,-283.922093,6.532152,6.797720,40.777944,-100.687480,3.553887,3.390049,-0.031011,-0.384805,0.040565,0.032507
2.265839,46.462061,-283.922093,6.532152,6.797720,40.873810,-100.425518,4.087796,3.349336,-0.030445,-0.386532,0.041974,0.036811
2.266360,46.428080,-283.830449,6.543794,6.738404,41.248406,-100.557478,3.747439,3.569527,-0.028255,-0.389266,0.041129,0.034248
2.266881,46.526708,-283.866819,6.511870,6.793202,40.939184,-100.737194,3.572602,3.633892,-0.030502,-0.386008,0.040541,0.032936
2.267402,46.526708,-283.866819,6.511870,6.793202,40.855422,-100.686404,3.519475,3.627761,-0.030950,-0.385470,0.040391,0.032533
2.267924,46.526708,-283.866819,6.511870,6.793202,40.855422,-100.686404,3.519475,3.627761,-0.030950,-0.385470,0.040391,0.032533
2.268445,46.526708,-283.866819,6.511870,6.793202,40.483696,-100.703690,3.906924,3.581462,-0.032981,-0.382236,0.041438,0.035594
2.268966,46.526708,-283.866819,6.511870,6.793202,40.913040,-100.565339,3.540354,3.746130,-0.030616,-0.386381,0.040419,0.032885
2.269487,46.526708,-283.866819,6.511870,6.793202,40.909965,-100.653592,3.561152,3.686560,-0.030647,-0.386048,0.040493,0.032943
2.270009,46.572329,-283.770734,6.512206,6.857913,40.917605,-100.515713,3.530556,3.786597,-0.030847,-0.386592,0.040406,0.032878
2.270530,46.572329,-283.770734,6.512206,6.857913,40.917605,-100.515713,3.530556,3.786597,-0.030847,-0.386592,0.040406,0.032878
2.271051,46.572329,-283.770734,6.512206,6.857913,40.836236,-100.463719,3.477474,3.779670,-0.031282,-0.386078,0.040257,0.032476
2.271572,46.572329,-283.770734,6.512206,6.857913,40.917605,-100.515713,3.530556,3.786597,-0.030847,-0.386592,0.040406,0.032878
2.272093,46.539181,-283.677948,6.524284,6.797514,40.594220,-100.472364,3.881510,3.660821,-0.032438,-0.383979,0.041417,0.035541
2.272615,46.539181,-283.677948,6.524284,6.797514,40.530762,-100.697012,3.871116,3.590857,-0.032825,-0.382662,0.041438,0.035314
2.273136,46.539768,-283.583902,6.501781,6.859218,40.581443,-100.540770,3.994750,3.653703,-0.032540,-0.383633,0.041668,0.036420
2.273657,46.539181,-283.677948,6.524284,6.797514,40.932691,-100.737284,3.570178,3.633858,-0.030637,-0.385952,0.040636,0.032917
2.274178,46.539181,-283.677948,6.524284,6.797514,40.574879,-100.626341,4.015643,3.585593,-0.032571,-0.383282,0.041830,0.036483
2.274700,46.607386,-283.597946,6.550278,6.834481,40.946613,-100.597920,4.060138,3.510832,-0.030923,-0.386554,0.042092,0.036706
2.275221,46.681438,-283.715739,6.561533,6.895665,41.316171,-100.606827,3.782324,3.577653,-0.029293,-0.389670,0.041344,0.034512
2.275742,46.581843,-283.703475,6.549097,6.798719,41.316171,-100.606827,3.782324,3.577653,-0.028751,-0.389670,0.041289,0.034512
2.276263,46.581843,-283.703475,6.549097,6.798719,41.316171,-100.606827,3.782324,3.577653,-0.028751,-0.389670,0.041289,0.034512
2.276785,46.539181,-283.677948,6.524284,6.797514,41.280390,-100.488867,3.762069,3.654158,-0.028699,-0.389778,0.041096,0.034488
2.277306,46.572329,-283.770734,6.512206,6.857913,40.875006,-100.283920,4.101468,3.750956,-0.031040,-0.387035,0.041924,0.037429
2.277827,46.539181,-283.677948,6.524284,6.797514,40.981831,-100.750589,4.128812,3.664296,-0.030371,-0.386325,0.042188,0.037384
2.278348,46.526708,-283.866819,6.511870,6.793202,40.761676,-100.693421,4.198291,3.462358,-0.031463,-0.384646,0.042277,0.037767
2.278870,46.539181,-283.677948,6.524284,6.797514,40.833494,-100.550332,4.105736,3.548479,-0.031147,-0.385754,0.042074,0.037148
2.279391,46.539181,-283.677948,6.524284,6.797514,41.019263,-100.891941,3.670792,3.473888,-0.030190,-0.386154,0.040937,0.033454
2.279912,46.539181,-283.677948,6.524284,6.797514,40.962165,-100.834107,4.176753,3.610031,-0.030492,-0.385868,0.042348,0.037683
2.280433,46.539181,-283.677948,6.524284,6.797514,40.911039,-100.616261,4.087449,3.509150,-0.030735,-0.386187,0.042036,0.036924
2.280955,46.572329,-283.770734,6.512206,6.857913,40.766739,-100.653542,4.187578,3.493103,-0.031694,-0.384827,0.042260,0.037726
2.281476,46.572329,-283.770734,6.512206,6.857913,40.693650,-100.804941,4.198030,3.385932,-0.032119,-0.383681,0.042325,0.037660
2.281997,46.681438,-283.715739,6.561533,6.895665,40.615868,-100.760326,4.160183,3.378011,-0.033141,-0.383171,0.042441,0.037371
2.282518,46.572329,-283.770734,6.512206,6.857913,40.451711,-100.757886,4.038708,3.461930,-0.033431,-0.381777,0.041848,0.036506
2.283040,46.639780,-283.690637,6.537823,6.894909,40.807475,-100.675575,4.165441,3.464075,-0.031857,-0.385098,0.042336,0.037501
2.283561,46.572329,-283.770734,6.512206,6.857913,41.314105,-100.649356,3.793169,3.546494,-0.028707,-0.389504,0.041139,0.034546
2.284082,46.572329,-283.770734,6.512206,6.857913,41.314105,-100.649356,3.793169,3.546494,-0.028707,-0.389504,0.041139,0.034546
2.284603,46.632163,-283.901626,6.517445,6.944236,41.314105,-100.649356,3.793169,3.546494,-0.029012,-0.389504,0.041134,0.034546
2.285125,46.590322,-283.877215,6.493077,6.944343,41.314105,-100.649356,3.793169,3.546494,-0.028788,-0.389504,0.041025,0.034546
2.285646,46.590322,-283.877215,6.493077,6.944343,41.405259,-100.481380,3.788466,3.308327,-0.028265,-0.390867,0.040975,0.034254
2.286167,46.590322,-283.877215,6.493077,6.944343,41.405259,-100.481380,3.788466,3.308327,-0.028265,-0.390867,0.040975,0.034254
2.286688,46.632163,-283.901626,6.517445,6.944236,41.251336,-100.768414,3.795433,3.469304,-0.029374,-0.388556,0.041167,0.034443
2.287210,46.632163,-283.901626,6.517445,6.944236,41.314105,-100.649356,3.793169,3.546494,-0.029012,-0.389504,0.041134,0.034546
2.287731,46.572329,-283.770734,6.512206,6.857913,41.262593,-100.432318,3.794180,3.418205,-0.028953,-0.389824,0.041092,0.034466
2.288252,46.572329,-283.770734,6.512206,6.857913,41.196374,-100.551786,3.795705,3.340277,-0.029333,-0.388843,0.041123,0.034360
2.288773,46.572329,-283.770734,6.512206,6.857913,41.196374,-100.551786,3.795705,3.340277,-0.029333,-0.388843,0.041123,0.034360
2.289294,46.639780,-283.690637,6.537823,6.894909,41.316171,-100.606827,3.782324,3.577653,-0.029069,-0.389670,0.041238,0.034512
2.289816,46.572329,-283.770734,6.512206,6.857913,41.220258,-100.403854,3.860556,3.727720,-0.029179,-0.389563,0.041270,0.035395
2.290337,46.572329,-283.770734,6.512206,6.857913,41.383623,-100.434997,3.770363,3.703603,-0.028294,-0.390846,0.041029,0.034621
2.290858,46.572329,-283.770734,6.512206,6.857913,40.992889,-100.364239,4.036612,3.675144,-0.030412,-0.387762,0.041756,0.036775
2.291379,46.614549,-283.795724,6.536717,6.858522,41.383623,-100.434997,3.770363,3.703603,-0.028520,-0.390846,0.041139,0.034621
2.291901,46.614549,-283.795724,6.536717,6.858522,41.177922,-100.687950,3.893273,3.528449,-0.029682,-0.388211,0.041533,0.035328
2.292422,46.614549,-283.795724,6.536717,6.858522,41.314105,-100.649356,3.793169,3.546494,-0.028933,-0.389504,0.041249,0.034546
2.292943,46.614549,-283.795724,6.536717,6.858522,41.314105,-100.649356,3.793169,3.546494,-0.028933,-0.389504,0.041249,0.034546
2.293464,46.698431,-283.821450,6.542142,6.981235,41.177922,-100.687950,3.893273,3.528449,-0.030136,-0.388211,0.041553,0.035328
2.293986,46.681438,-283.715739,6.561533,6.895665,41.177922,-100.687950,3.893273,3.528449,-0.030060,-0.388211,0.041667,0.035328
2.294507,46.681438,-283.715739,6.561533,6.895665,40.899319,-100.604862,4.096373,3.502322,-0.031567,-0.386127,0.042222,0.036993
2.295028,46.639780,-283.690637,6.537823,6.894909,41.045742,-100.767102,4.107006,3.649012,-0.030572,-0.386812,0.042188,0.037176
2.295549,46.639780,-283.690637,6.537823,6.894909,40.899319,-100.604862,4.096373,3.502322,-0.031344,-0.386127,0.042119,0.036993
2.296071,46.681438,-283.715739,6.561533,6.895665,41.088866,-100.765973,3.675149,3.557912,-0.030559,-0.387183,0.041090,0.033621
2.296592,46.698431,-283.821450,6.542142,6.981235,41.088866,-100.765973,3.675149,3.557912,-0.030634,-0.387183,0.040974,0.033621
2.297113,46.698431,-283.821450,6.542142,6.981235,41.088866,-100.765973,3.675149,3.557912,-0.030634,-0.387183,0.040974,0.033621
2.297634,46.698431,-283.821450,6.542142,6.981235,41.098261,-100.612019,3.944880,3.535899,-0.030558,-0.387798,0.041680,0.035783
2.298156,46.634181,-283.875642,6.563316,6.984528,40.416359,-100.802269,3.958627,3.509292,-0.033951,-0.381322,0.041844,0.035906
2.298677,46.681438,-283.715739,6.561533,6.895665,40.939184,-100.737194,3.572602,3.633892,-0.031372,-0.386008,0.040812,0.032936
2.299198,46.698431,-283.821450,6.542142,6.981235,40.939184,-100.737194,3.572602,3.633892,-0.031446,-0.386008,0.040696,0.032936
2.299719,46.681438,-283.715739,6.561533,6.895665,40.939184,-100.737194,3.572602,3.633892,-0.031372,-0.386008,0.040812,0.032936
2.300241,46.616841,-283.771107,6.582507,6.900484,40.855422,-100.686404,3.519475,3.627761,-0.031458,-0.385470,0.040751,0.032533
2.300762,46.698431,-283.821450,6.542142,6.981235,41.019195,-100.671308,3.620988,3.584779,-0.030999,-0.386918,0.040809,0.033262
2.301283,46.614549,-283.795724,6.536717,6.858522,41.037056,-100.499653,3.659278,3.466938,-0.030419,-0.387667,0.040852,0.033461
2.301804,46.614549,-283.795724,6.536717,6.858522,40.895259,-100.393005,4.125857,3.680514,-0.031174,-0.386828,0.042127,0.037503
2.302326,46.614549,-283.795724,6.536717,6.858522,40.980283,-100.360617,4.066877,3.687389,-0.030706,-0.387667,0.041950,0.037036
2.302847,46.614549,-283.795724,6.536717,6.858522,40.850739,-100.411718,4.159011,3.679191,-0.031420,-0.386382,0.042228,0.037769
2.303368,46.614549,-283.795724,6.536717,6.858522,40.557339,-100.460637,4.010244,3.692572,-0.033027,-0.383704,0.041807,0.036619
2.303889,46.614549,-283.795724,6.536717,6.858522,40.779024,-100.365212,4.125337,3.670506,-0.031803,-0.385931,0.042118,0.037514
2.304410,46.632056,-283.807664,6.495378,7.005478,40.472908,-100.632888,4.009843,3.557125,-0.033612,-0.382387,0.041651,0.036416
2.304932,46.590524,-283.783087,6.471026,7.005464,40.472908,-100.632888,4.009843,3.557125,-0.033390,-0.382387,0.041544,0.036416
2.305453,46.632163,-283.901626,6.517445,6.944236,40.602222,-100.441342,3.976804,3.694285,-0.032856,-0.384155,0.041595,0.036353
2.305974,46.590322,-283.877215,6.493077,6.944343,40.545916,-100.719946,4.063848,3.533734,-0.032989,-0.382712,0.041800,0.036787
2.306495,46.590322,-283.877215,6.493077,6.944343,40.476567,-100.746550,3.916950,3.549474,-0.033372,-0.382028,0.041386,0.035625
2.307017,46.686030,-283.866542,6.420272,6.967967,40.802358,-100.776322,3.674579,3.612685,-0.032124,-0.384707,0.040385,0.033718
2.307538,46.727826,-283.891175,6.444750,6.967801,40.517574,-100.727910,3.892701,3.552202,-0.033893,-0.382443,0.041084,0.035434
2.308059,46.686030,-283.866542,6.420272,6.967967,40.802358,-100.776322,3.674579,3.612685,-0.032124,-0.384707,0.040385,0.033718
2.308580,46.686030,-283.866542,6.420272,6.967967,40.802358,-100.776322,3.674579,3.612685,-0.032124,-0.384707,0.040385,0.033718
2.309102,46.686030,-283.866542,6.420272,6.967967,40.383905,-100.777299,3.984713,3.539950,-0.034407,-0.381131,0.041248,0.036163
2.309623,46.632163,-283.901626,6.517445,6.944236,40.370155,-100.820429,3.991829,3.506564,-0.034190,-0.380865,0.041722,0.036172
2.310144,46.590322,-283.877215,6.493077,6.944343,40.371403,-101.173620,4.130235,3.569040,-0.034025,-0.379671,0.042096,0.037251
2.310665,46.590322,-283.877215,6.493077,6.944343,40.824905,-101.074149,3.872528,3.715578,-0.031529,-0.383873,0.041338,0.035327
2.311187,46.567929,-283.955628,6.538348,6.947221,40.455272,-101.178042,4.127089,3.573789,-0.033431,-0.380371,0.042279,0.037216
2.311708,46.567929,-283.955628,6.538348,6.947221,40.494155,-101.039282,4.154168,3.678547,-0.033193,-0.381175,0.042327,0.037589
2.312229,46.526159,-283.931596,6.513901,6.947526,40.482359,-101.079601,4.161520,3.647469,-0.033041,-0.380937,0.042251,0.037602
2.312750,46.634181,-283.875642,6.563316,6.984528,40.790496,-100.821934,3.682333,3.578554,-0.031913,-0.384448,0.041093,0.033725
2.313272,46.632163,-283.901626,6.517445,6.944236,40.627296,-100.901514,3.615671,3.487629,-0.032802,-0.382783,0.040708,0.033079
2.313793,46.590322,-283.877215,6.493077,6.944343,40.627296,-100.901514,3.615671,3.487629,-0.032578,-0.382783,0.040597,0.033079
2.314314,46.632163,-283.901626,6.517445,6.944236,40.398063,-101.276664,3.645424,3.684399,-0.034123,-0.379548,0.040870,0.033482
2.314835,46.549969,-283.850911,6.557414,6.863036,41.112592,-100.597976,3.847901,3.552051,-0.029663,-0.387968,0.041472,0.035031
2.315357,46.614549,-283.795724,6.536717,6.858522,40.627296,-100.901514,3.615671,3.487629,-0.032724,-0.382783,0.040823,0.033079
2.315878,46.614549,-283.795724,6.536717,6.858522,40.961328,-100.684933,3.767274,3.551089,-0.030863,-0.386378,0.041184,0.034383
2.316399,46.632163,-283.901626,6.517445,6.944236,40.615868,-100.760326,4.160183,3.378011,-0.032839,-0.383171,0.042196,0.037371
2.316920,46.632163,-283.901626,6.517445,6.944236,40.537557,-100.809878,4.119521,3.367152,-0.033275,-0.382332,0.042088,0.037028
2.317442,46.632163,-283.901626,6.517445,6.944236,40.457192,-100.848577,4.076028,3.368577,-0.033720,-0.381513,0.041970,0.036678
2.317963,46.698431,-283.821450,6.542142,6.981235,40.888869,-101.163973,3.722995,3.604111,-0.031795,-0.384108,0.041191,0.033969
2.318484,46.520827,-283.933090,6.572692,6.945801,41.037973,-100.647056,3.808990,3.545777,-0.029905,-0.387162,0.041429,0.034709
2.319005,46.460420,-283.804002,6.567156,6.861052,40.666934,-100.813217,3.612703,3.549528,-0.031649,-0.383424,0.040941,0.033153
2.319527,46.507823,-283.826311,6.532820,6.862647,40.666934,-100.813217,3.612703,3.549528,-0.031904,-0.383424,0.040771,0.033153
2.320048,46.507823,-283.826311,6.532820,6.862647,40.666934,-100.813217,3.612703,3.549528,-0.031904,-0.383424,0.040771,0.033153
2.320569,46.507823,-283.826311,6.532820,6.862647,41.037973,-100.647056,3.808990,3.545777,-0.029852,-0.387162,0.041265,0.034709
2.321090,46.567929,-283.955628,6.538348,6.947221,41.174086,-100.606971,3.708273,3.563944,-0.029410,-0.388461,0.040981,0.033925
2.321611,46.567929,-283.955628,6.538348,6.947221,41.174086,-100.606971,3.708273,3.563944,-0.029410,-0.388461,0.040981,0.033925
2.322133,46.567929,-283.955628,6.538348,6.947221,41.174086,-100.606971,3.708273,3.563944,-0.029410,-0.388461,0.040981,0.033925
2.322654,46.634181,-283.875642,6.563316,6.984528,41.249778,-100.656233,3.747468,3.571605,-0.029379,-0.388933,0.041234,0.034222
2.323175,46.662407,-283.945655,6.467569,6.970710,41.113938,-100.694936,3.847915,3.553059,-0.030269,-0.387643,0.041050,0.035004
2.323696,46.567929,-283.955628,6.538348,6.947221,41.113938,-100.694936,3.847915,3.553059,-0.029752,-0.387643,0.041381,0.035004
2.324218,46.552747,-284.050891,6.557690,6.882907,41.249778,-100.656233,3.747468,3.571605,-0.028908,-0.388933,0.041168,0.034222
2.324739,46.567929,-283.955628,6.538348,6.947221,41.249778,-100.656233,3.747468,3.571605,-0.029005,-0.388933,0.041098,0.034222
2.325260,46.567929,-283.955628,6.538348,6.947221,41.038481,-100.749736,3.889748,3.567116,-0.030172,-0.386810,0.041509,0.035349
2.325781,46.630272,-284.166971,6.550614,6.829332,41.111327,-100.700603,3.926072,3.574325,-0.030072,-0.387601,0.041608,0.035651
2.326303,46.630272,-284.166971,6.550614,6.829332,41.325582,-100.908812,3.737244,3.692398,-0.028938,-0.388698,0.041137,0.034214
2.326824,46.630272,-284.166971,6.550614,6.829332,41.097709,-100.645061,3.666227,3.569981,-0.030137,-0.387678,0.040886,0.033599
2.327345,46.710580,-284.016029,6.508936,6.894386,41.175301,-100.694463,3.708456,3.577148,-0.030185,-0.388167,0.040847,0.033919
2.327866,46.632163,-283.901626,6.517445,6.944236,41.097709,-100.645061,3.666227,3.569981,-0.030191,-0.387678,0.040788,0.033599
2.328388,46.567929,-283.955628,6.538348,6.947221,41.097709,-100.645061,3.666227,3.569981,-0.029832,-0.387678,0.040876,0.033599
2.328909,46.567929,-283.955628,6.538348,6.947221,41.097709,-100.645061,3.666227,3.569981,-0.029832,-0.387678,0.040876,0.033599
2.329430,46.567929,-283.955628,6.538348,6.947221,40.929850,-100.734758,3.778510,3.575281,-0.030762,-0.385937,0.041198,0.034492
2.329951,46.567929,-283.955628,6.538348,6.947221,40.929850,-100.734758,3.778510,3.575281,-0.030762,-0.385937,0.041198,0.034492
2.330473,46.567929,-283.955628,6.538348,6.947221,40.885892,-100.741201,3.808926,3.565664,-0.031003,-0.385540,0.041282,0.034726
2.330994,46.567929,-283.955628,6.538348,6.947221,41.111327,-100.700603,3.926072,3.574325,-0.029767,-0.387601,0.041600,0.035651
2.331515,46.567929,-283.955628,6.538348,6.947221,41.039166,-100.732937,3.809158,3.557895,-0.030166,-0.386874,0.041282,0.034700
2.332036,46.520827,-283.933090,6.572692,6.945801,41.036811,-100.689983,3.798189,3.589844,-0.029919,-0.387003,0.041410,0.034665
2.332558,46.520827,-283.933090,6.572692,6.945801,41.249778,-100.656233,3.747468,3.571605,-0.028752,-0.388933,0.041266,0.034222
2.333079,46.520827,-283.933090,6.572692,6.945801,41.320227,-100.523307,3.762511,3.636605,-0.028347,-0.389997,0.041277,0.034454
2.333600,46.479038,-283.909064,6.548289,6.946014,41.186353,-100.563453,3.862559,3.619087,-0.028859,-0.388717,0.041450,0.035231
2.334121,46.479038,-283.909064,6.548289,6.946014,41.186353,-100.563453,3.862559,3.619087,-0.028859,-0.388717,0.041450,0.035231
2.334643,46.545940,-283.829418,6.574054,6.982807,41.320227,-100.523307,3.762511,3.636605,-0.028500,-0.389997,0.041307,0.034454
2.335164,46.479038,-283.909064,6.548289,6.946014,41.186353,-100.563453,3.862559,3.619087,-0.028859,-0.388717,0.041450,0.035231
2.335685,46.590322,-283.877215,6.493077,6.944343,40.836255,-100.569700,4.051612,3.500470,-0.031380,-0.385710,0.041732,0.036651
2.336206,46.590322,-283.877215,6.493077,6.944343,40.718451,-100.727020,3.622114,3.606885,-0.032049,-0.384161,0.040577,0.033319
2.336727,46.590322,-283.877215,6.493077,6.944343,40.718451,-100.727020,3.622114,3.606885,-0.032049,-0.384161,0.040577,0.033319
2.337249,46.681367,-283.649757,6.459430,6.790256,40.555743,-100.690567,3.580182,3.390414,-0.033468,-0.382897,0.040344,0.032743
2.337770,46.556894,-283.866400,6.513059,6.793219,40.269115,-100.688218,4.012075,3.271633,-0.034313,-0.380454,0.041735,0.036133
2.338291,46.580141,-284.005178,6.505802,6.888078,40.327857,-100.727292,3.729619,3.351071,-0.034100,-0.380822,0.040893,0.033914
2.338812,46.545178,-283.973378,6.492716,6.880090,40.398089,-100.699046,4.041274,3.265829,-0.033528,-0.381520,0.041704,0.036340
2.339334,46.580141,-284.005178,6.505802,6.888078,40.082304,-100.762083,3.909594,3.314054,-0.035445,-0.378601,0.041396,0.035353
2.339855,46.610611,-284.049535,6.455710,6.914300,40.623842,-100.701670,4.017094,3.471609,-0.032641,-0.383441,0.041449,0.036333
2.340376,46.515816,-284.058812,6.526430,6.890719,40.547447,-100.586776,4.006390,3.198826,-0.032519,-0.383184,0.041717,0.035994
2.340897,46.580141,-284.005178,6.505802,6.888078,40.410410,-100.533334,4.088049,3.168436,-0.033615,-0.382195,0.041855,0.036667
2.341419,46.545178,-283.973378,6.492716,6.880090,41.192045,-100.240128,3.795987,3.360523,-0.029127,-0.389896,0.040917,0.034475
2.341940,46.545178,-283.973378,6.492716,6.880090,41.192045,-100.240128,3.795987,3.360523,-0.029127,-0.389896,0.040917,0.034475
2.342461,46.560679,-283.963082,6.526778,6.955271,41.271391,-100.389460,3.784597,3.449837,-0.028805,-0.390050,0.041083,0.034439
2.342982,46.580141,-284.005178,6.505802,6.888078,40.918463,-100.448820,4.139479,3.388757,-0.030835,-0.386832,0.041989,0.037258
2.343504,46.580141,-284.005178,6.505802,6.888078,41.271391,-100.389460,3.784597,3.449837,-0.028904,-0.390050,0.040974,0.034439
2.344025,46.580141,-284.005178,6.505802,6.888078,40.719616,-100.288252,4.047532,3.286380,-0.031889,-0.385690,0.041685,0.036481
2.344546,46.624859,-283.909136,6.505826,6.952407,40.719616,-100.288252,4.047532,3.286380,-0.032149,-0.385690,0.041707,0.036481
2.345067,46.624859,-283.909136,6.505826,6.952407,40.885865,-100.481142,4.078742,3.387746,-0.031277,-0.386441,0.041842,0.036761
2.345589,46.624859,-283.909136,6.505826,6.952407,40.714010,-100.279792,4.137059,3.289008,-0.032178,-0.385672,0.041964,0.037216
2.346110,46.707723,-283.961040,6.553282,6.955639,40.808767,-100.516304,4.040929,3.393059,-0.032146,-0.385661,0.041948,0.036463
2.346631,46.707723,-283.961040,6.553282,6.955639,40.637486,-100.322307,4.004171,3.292809,-0.033043,-0.384869,0.041797,0.036139
2.347152,46.707723,-283.961040,6.553282,6.955639,40.333905,-100.366819,3.877632,3.342480,-0.034703,-0.382113,0.041451,0.035202
2.347674,46.663950,-284.056755,6.554175,6.891104,40.728566,-100.465923,3.999977,3.380511,-0.032318,-0.385150,0.041801,0.036146
2.348195,46.707723,-283.961040,6.553282,6.955639,40.933737,-100.376196,4.040732,3.388402,-0.031441,-0.387215,0.041916,0.036478
2.348716,46.707723,-283.961040,6.553282,6.955639,40.778030,-100.457643,3.961856,3.388892,-0.032303,-0.385602,0.041710,0.035842
2.349237,46.737745,-284.004745,6.503704,6.981489,40.841976,-100.399138,4.104016,3.375555,-0.032100,-0.386351,0.041864,0.036984
2.349759,46.786572,-283.817992,6.457916,7.012844,40.661091,-100.665432,4.081984,3.459419,-0.033432,-0.383884,0.041691,0.036848
2.350280,46.686030,-283.866542,6.420272,6.967967,40.661091,-100.665432,4.081984,3.459419,-0.032875,-0.383884,0.041507,0.036848
2.350801,46.686030,-283.866542,6.420272,6.967967,40.661091,-100.665432,4.081984,3.459419,-0.032875,-0.383884,0.041507,0.036848
2.351322,46.686030,-283.866542,6.420272,6.967967,40.594349,-100.337795,4.029063,3.288377,-0.033180,-0.384446,0.041278,0.036339
2.351844,46.686030,-283.866542,6.420272,6.967967,40.594349,-100.337795,4.029063,3.288377,-0.033180,-0.384446,0.041278,0.036339
2.352365,46.686030,-283.866542,6.420272,6.967967,40.755842,-100.218230,4.100899,3.317809,-0.032280,-0.386244,0.041462,0.036964
2.352886,46.686030,-283.866542,6.420272,6.967967,40.755842,-100.218230,4.100899,3.317809,-0.032280,-0.386244,0.041462,0.036964
2.353407,46.752636,-283.785733,6.445756,7.004665,40.656345,-100.361757,4.116680,3.405864,-0.033224,-0.384893,0.041675,0.037162
2.353928,46.752636,-283.785733,6.445756,7.004665,40.594349,-100.337795,4.029063,3.288377,-0.033557,-0.384446,0.041414,0.036339
2.354450,46.752636,-283.785733,6.445756,7.004665,41.192045,-100.240128,3.795987,3.360523,-0.030286,-0.389896,0.040738,0.034475
2.354971,46.752636,-283.785733,6.445756,7.004665,40.643903,-100.328548,3.992383,3.296285,-0.033286,-0.384902,0.041307,0.036045
2.355492,46.752636,-283.785733,6.445756,7.004665,40.594349,-100.337795,4.029063,3.288377,-0.033557,-0.384446,0.041414,0.036339
2.356013,46.786572,-283.817992,6.457916,7.012844,40.756473,-100.258289,4.112897,3.287495,-0.032839,-0.386110,0.041689,0.037017
2.356535,46.786572,-283.817992,6.457916,7.012844,40.761279,-100.178572,4.089725,3.347010,-0.032799,-0.386429,0.041603,0.036916
2.357056,46.786572,-283.817992,6.457916,7.012844,40.755842,-100.218230,4.100899,3.317809,-0.032835,-0.386244,0.041645,0.036964
2.357577,46.786572,-283.817992,6.457916,7.012844,40.665839,-100.255261,4.159175,3.315520,-0.033332,-0.385344,0.041823,0.037441
2.358098,46.752636,-283.785733,6.445756,7.004665,40.650393,-100.361839,4.115814,3.405852,-0.033256,-0.384842,0.041672,0.037156
2.358620,46.657143,-283.796923,6.518566,6.981195,41.033402,-100.236521,3.687745,3.427389,-0.030627,-0.388554,0.040783,0.033714
2.359141,46.657143,-283.796923,6.518566,6.981195,41.033402,-100.236521,3.687745,3.427389,-0.030627,-0.388554,0.040783,0.033714
2.359662,46.691181,-283.828904,6.530729,6.989388,40.601287,-100.255109,4.006164,3.351180,-0.033162,-0.384792,0.041713,0.036246
2.360183,46.691181,-283.828904,6.530729,6.989388,41.029401,-100.150603,3.710551,3.366531,-0.030815,-0.388821,0.040875,0.033846
2.360705,46.496325,-284.043042,6.455418,6.899520,40.778515,-100.262774,3.532069,3.488027,-0.031102,-0.386283,0.040022,0.032575
2.361226,46.641267,-283.963350,6.420074,6.903777,41.033402,-100.236521,3.687745,3.427389,-0.030513,-0.388554,0.040281,0.033714
2.361747,46.641267,-283.963350,6.420074,6.903777,41.033402,-100.236521,3.687745,3.427389,-0.030513,-0.388554,0.040281,0.033714
2.362268,46.641090,-283.867167,6.397988,6.967657,41.145364,-100.250237,3.850841,3.527036,-0.029921,-0.389462,0.040652,0.035121
2.362790,46.641090,-283.867167,6.397988,6.967657,40.497668,-100.400436,4.019847,3.437550,-0.033473,-0.383401,0.041163,0.036426
2.363311,46.579157,-283.934289,6.505925,6.896883,41.145364,-100.250237,3.850841,3.527036,-0.029574,-0.389462,0.041141,0.035121
2.363832,46.531313,-283.911495,6.541150,6.895546,41.145364,-100.250237,3.850841,3.527036,-0.029317,-0.389462,0.041312,0.035121
2.364353,46.497282,-283.950353,6.527939,6.878937,40.863418,-100.269586,4.060146,3.471779,-0.030662,-0.386986,0.041833,0.036773
2.364875,46.497282,-283.950353,6.527939,6.878937,41.112911,-100.402801,3.805996,3.250102,-0.029327,-0.388652,0.041151,0.034391
2.365396,46.497282,-283.950353,6.527939,6.878937,41.112911,-100.402801,3.805996,3.250102,-0.029327,-0.388652,0.041151,0.034391
2.365917,46.497282,-283.950353,6.527939,6.878937,40.946116,-100.493345,3.714749,3.245946,-0.030249,-0.386913,0.040923,0.033651
2.366438,46.637609,-283.843916,6.457236,6.966173,41.022845,-100.472520,3.833006,3.397777,-0.030610,-0.387640,0.040933,0.034775
2.366960,46.720468,-283.898741,6.433021,6.976012,41.112911,-100.402801,3.805996,3.250102,-0.030550,-0.388652,0.040716,0.034391
2.367481,46.686030,-283.866542,6.420272,6.967967,40.880678,-100.107685,4.102286,3.367628,-0.031582,-0.387698,0.041442,0.037043
2.368002,46.620679,-283.921407,6.443018,6.971075,41.267348,-100.098348,3.811406,3.436986,-0.029114,-0.391037,0.040708,0.034721
2.368523,46.686030,-283.866542,6.420272,6.967967,41.267348,-100.098348,3.811406,3.436986,-0.029478,-0.391037,0.040613,0.034721
2.369044,46.686030,-283.866542,6.420272,6.967967,41.191543,-100.156044,3.773145,3.420689,-0.029899,-0.390187,0.040520,0.034389
2.369566,46.686030,-283.866542,6.420272,6.967967,41.112911,-100.402801,3.805996,3.250102,-0.030368,-0.388652,0.040664,0.034391
2.370087,46.526159,-283.931596,6.513901,6.947526,40.946116,-100.493345,3.714749,3.245946,-0.030410,-0.386913,0.040860,0.033651
2.370608,46.655103,-283.953164,6.455891,6.978799,40.867620,-100.802100,3.828819,3.622687,-0.031589,-0.385174,0.040964,0.034939
2.371129,46.542666,-283.858420,6.545779,6.871363,40.684816,-100.688774,3.841572,3.318397,-0.031970,-0.384006,0.041415,0.034738
2.371651,46.637661,-283.847647,6.474976,6.894610,40.684816,-100.688774,3.841572,3.318397,-0.032490,-0.384006,0.041084,0.034738
2.372172,46.554232,-283.751782,6.566088,6.783455,41.119859,-100.416883,3.888833,3.408403,-0.029633,-0.388662,0.041606,0.035237
2.372693,46.554232,-283.751782,6.566088,6.783455,40.801804,-100.539484,3.815444,3.232077,-0.031387,-0.385521,0.041429,0.034455
2.373214,46.584250,-283.662226,6.532517,6.767296,41.047872,-100.246980,3.885514,3.379980,-0.030176,-0.388641,0.041421,0.035237
2.373736,46.590322,-283.877215,6.493077,6.944343,40.828187,-100.801443,3.898753,3.355323,-0.031464,-0.384840,0.041349,0.035187
2.374257,46.572329,-283.770734,6.512206,6.857913,40.909361,-100.593054,3.881986,3.505963,-0.030905,-0.386253,0.041369,0.035277
2.374778,46.572329,-283.770734,6.512206,6.857913,40.801090,-100.589110,3.649326,3.580600,-0.031495,-0.385343,0.040733,0.033530
2.375299,46.462061,-283.922093,6.532152,6.797720,40.763879,-100.757746,3.613956,3.687428,-0.031100,-0.384443,0.040739,0.033346
2.375821,46.462061,-283.922093,6.532152,6.797720,41.291623,-100.358476,3.847596,3.801666,-0.028160,-0.390331,0.041284,0.035394
2.376342,46.572329,-283.770734,6.512206,6.857913,41.401861,-100.341359,3.838817,3.511492,-0.028180,-0.391330,0.041196,0.034943
2.376863,46.441529,-283.904062,6.460325,6.804976,41.394140,-100.382597,3.848618,3.482338,-0.027496,-0.391119,0.040960,0.034974
2.377384,46.542666,-283.858420,6.545779,6.871363,41.089210,-100.616484,3.769958,3.294192,-0.029752,-0.387705,0.041205,0.034096
2.377906,46.572329,-283.770734,6.512206,6.857913,41.089210,-100.616484,3.769958,3.294192,-0.029928,-0.387705,0.041066,0.034096
2.378427,46.590322,-283.877215,6.493077,6.944343,40.597071,-100.509252,4.172013,3.332112,-0.032673,-0.383876,0.042067,0.037498
2.378948,46.545178,-283.973378,6.492716,6.880090,40.650721,-100.562798,4.257065,3.410303,-0.032127,-0.384149,0.042308,0.038247
2.379469,46.545178,-283.973378,6.492716,6.880090,40.719448,-100.657987,4.036627,3.438511,-0.031769,-0.384408,0.041685,0.036451
2.379991,46.545178,-283.973378,6.492716,6.880090,40.558315,-100.653490,3.937268,3.503304,-0.032646,-0.383047,0.041399,0.035751
2.380512,46.480874,-284.027448,6.513214,6.883048,40.659989,-100.657064,3.754344,3.547320,-0.031733,-0.383903,0.040978,0.034322
2.381033,46.590322,-283.877215,6.493077,6.944343,40.621996,-100.632316,3.772365,3.550685,-0.032559,-0.383664,0.040960,0.034482
2.381554,46.480874,-284.027448,6.513214,6.883048,40.715364,-100.404372,3.764852,3.723729,-0.031388,-0.385251,0.040951,0.034695
2.382076,46.545178,-283.973378,6.492716,6.880090,40.804663,-100.400532,4.009317,3.640649,-0.031261,-0.386028,0.041549,0.036532
2.382597,46.641267,-283.963350,6.420074,6.903777,40.967206,-100.620743,3.757086,3.505424,-0.030938,-0.386650,0.040554,0.034263
2.383118,46.545178,-283.973378,6.492716,6.880090,40.835564,-100.574868,3.828526,3.551929,-0.031122,-0.385687,0.041080,0.034921
2.383639,46.526159,-283.931596,6.513901,6.947526,41.046378,-100.595136,3.800051,3.490910,-0.029880,-0.387414,0.041116,0.034584
2.384161,46.590322,-283.877215,6.493077,6.944343,40.549327,-100.544443,4.127527,3.470572,-0.032939,-0.383346,0.041945,0.037284
2.384682,46.590322,-283.877215,6.493077,6.944343,40.724639,-100.574437,4.014352,3.502258,-0.031989,-0.384741,0.041625,0.036369
2.385203,46.590322,-283.877215,6.493077,6.944343,40.618034,-100.438215,4.189317,3.418662,-0.032546,-0.384301,0.042102,0.037749
2.385724,46.526708,-283.866819,6.511870,6.793202,41.069930,-100.308389,3.811886,3.510175,-0.029719,-0.388615,0.041089,0.034782
2.386245,46.526708,-283.866819,6.511870,6.793202,40.988037,-100.274266,3.792606,3.453937,-0.030159,-0.388035,0.041028,0.034580
2.386767,46.526708,-283.866819,6.511870,6.793202,40.992410,-100.355356,3.770105,3.507128,-0.030149,-0.387789,0.040985,0.034442
2.387288,46.572329,-283.770734,6.512206,6.857913,41.069930,-100.308389,3.811886,3.510175,-0.029983,-0.388615,0.041112,0.034782
2.387809,46.572329,-283.770734,6.512206,6.857913,41.078759,-100.765182,3.837467,3.752120,-0.030010,-0.387099,0.041286,0.035155
2.388330,46.572329,-283.770734,6.512206,6.857913,41.144948,-100.133550,3.803698,3.640909,-0.029546,-0.389868,0.041052,0.034923
2.388852,46.572329,-283.770734,6.512206,6.857913,41.144948,-100.133550,3.803698,3.640909,-0.029546,-0.389868,0.041052,0.034923
2.389373,46.572329,-283.770734,6.512206,6.857913,41.144948,-100.133550,3.803698,3.640909,-0.029546,-0.389868,0.041052,0.034923
2.389894,46.668623,-283.759177,6.439480,6.881228,40.950222,-100.502063,3.725712,3.449028,-0.031194,-0.386918,0.040578,0.033979
2.390415,46.686030,-283.866542,6.420272,6.967967,41.109476,-100.415334,3.812473,3.448074,-0.030389,-0.388579,0.040685,0.034674
2.390937,46.686030,-283.866542,6.420272,6.967967,41.064831,-100.604541,3.808619,3.331724,-0.030663,-0.387539,0.040716,0.034457
2.391458,46.623388,-283.855905,6.439315,6.816589,40.773079,-100.502817,3.840472,3.426717,-0.031897,-0.385403,0.040872,0.034896
2.391979,46.623388,-283.855905,6.439315,6.816589,40.634292,-100.600295,3.891251,3.359858,-0.032670,-0.383880,0.041035,0.035219
2.392500,46.526708,-283.866819,6.511870,6.793202,41.000056,-100.677985,3.797897,3.434412,-0.030160,-0.386732,0.041133,0.034481
2.393022,46.623388,-283.855905,6.439315,6.816589,40.860264,-100.561325,3.742733,3.395910,-0.031432,-0.385944,0.040615,0.034046
2.393543,46.545178,-283.973378,6.492716,6.880090,40.909605,-100.477840,3.747474,3.452125,-0.030703,-0.386655,0.040836,0.034169
2.394064,46.623388,-283.855905,6.439315,6.816589,40.910695,-100.617307,3.893283,3.465020,-0.031166,-0.386180,0.041046,0.035312
2.394585,46.641267,-283.963350,6.420074,6.903777,40.546086,-100.891869,4.035202,3.625291,-0.033282,-0.382123,0.041399,0.036610
2.395107,46.641267,-283.963350,6.420074,6.903777,40.828920,-100.752647,3.874432,3.600809,-0.031714,-0.385015,0.040910,0.035296
2.395628,46.641267,-283.963350,6.420074,6.903777,40.650721,-100.562798,4.257065,3.410303,-0.032652,-0.384149,0.041980,0.038247
2.396149,46.641267,-283.963350,6.420074,6.903777,40.805543,-100.573162,3.962049,3.307079,-0.031811,-0.385436,0.041117,0.035713
2.396670,46.641267,-283.963350,6.420074,6.903777,40.749750,-100.657749,4.146018,3.317257,-0.032129,-0.384667,0.041671,0.037199
2.397192,46.545178,-283.973378,6.492716,6.880090,41.045546,-100.722229,3.848917,3.370831,-0.030002,-0.386966,0.041170,0.034796
2.397713,46.632163,-283.901626,6.517445,6.944236,40.965175,-100.986114,3.885473,3.588425,-0.030972,-0.385369,0.041464,0.035281
2.398234,46.756636,-283.776519,6.596237,6.909141,40.793178,-100.729697,4.122138,3.330356,-0.032567,-0.384789,0.042470,0.036991
2.398755,46.668623,-283.759177,6.439480,6.881228,41.000056,-100.677985,3.797897,3.434412,-0.030952,-0.386732,0.040816,0.034481
2.399277,46.572329,-283.770734,6.512206,6.857913,40.493828,-100.661662,4.134157,3.386380,-0.033184,-0.382467,0.042102,0.037219
2.399798,46.668623,-283.759177,6.439480,6.881228,40.581283,-100.529277,4.197917,3.464119,-0.033210,-0.383672,0.041930,0.037847
2.400319,46.668623,-283.759177,6.439480,6.881228,40.431088,-100.566537,4.204689,3.296777,-0.034036,-0.382258,0.041957,0.037738
2.400840,46.668623,-283.759177,6.439480,6.881228,40.703298,-100.313481,4.070913,3.442664,-0.032507,-0.385463,0.041508,0.036839
2.401361,46.619903,-283.736785,6.476402,6.879349,40.703298,-100.313481,4.070913,3.442664,-0.032245,-0.385463,0.041683,0.036839
2.401883,46.668623,-283.759177,6.439480,6.881228,40.848139,-100.322834,3.960698,3.468946,-0.031720,-0.386669,0.041193,0.035954
2.402404,46.668623,-283.759177,6.439480,6.881228,40.848139,-100.322834,3.960698,3.468946,-0.031720,-0.386669,0.041193,0.035954
2.402925,46.686030,-283.866542,6.420272,6.967967,40.738636,-100.278630,4.132937,3.460358,-0.032384,-0.385886,0.041570,0.037366
2.403446,46.686030,-283.866542,6.420272,6.967967,41.024492,-100.386559,3.810361,3.461730,-0.030847,-0.387954,0.040673,0.034694
2.403968,46.668623,-283.759177,6.439480,6.881228,41.024492,-100.386559,3.810361,3.461730,-0.030770,-0.387954,0.040786,0.034694
2.404489,46.668623,-283.759177,6.439480,6.881228,41.051677,-100.205645,3.874232,3.409679,-0.030592,-0.388818,0.040924,0.035193
2.405010,46.668623,-283.759177,6.439480,6.881228,41.146505,-100.234266,3.772667,3.372058,-0.030080,-0.389528,0.040649,0.034310
2.405531,46.668623,-283.759177,6.439480,6.881228,41.191543,-100.156044,3.773145,3.420689,-0.029822,-0.390187,0.040633,0.034389
2.406053,46.703385,-283.792021,6.452304,6.890286,40.935734,-100.353969,3.904635,3.496117,-0.031432,-0.387310,0.041094,0.035513
2.406574,46.668623,-283.759177,6.439480,6.881228,40.988602,-100.554672,3.842184,3.340923,-0.030994,-0.387062,0.040911,0.034763
2.407095,46.772956,-283.881015,6.576656,6.992904,41.123375,-100.670023,3.888454,3.381074,-0.030827,-0.387810,0.041682,0.035128
2.407616,46.590322,-283.877215,6.493077,6.944343,40.988602,-100.554672,3.842184,3.340923,-0.030547,-0.387062,0.041137,0.034763
2.408138,46.590322,-283.877215,6.493077,6.944343,40.988602,-100.554672,3.842184,3.340923,-0.030547,-0.387062,0.041137,0.034763
2.408659,46.590322,-283.877215,6.493077,6.944343,40.988602,-100.554672,3.842184,3.340923,-0.030547,-0.387062,0.041137,0.034763
2.409180,46.590322,-283.877215,6.493077,6.944343,40.988602,-100.554672,3.842184,3.340923,-0.030547,-0.387062,0.041137,0.034763
2.409701,46.526159,-283.931596,6.513901,6.947526,41.079355,-100.831457,3.854199,3.491998,-0.029739,-0.386875,0.041319,0.034945
2.410223,46.526159,-283.931596,6.513901,6.947526,40.988602,-100.554672,3.842184,3.340923,-0.030189,-0.387062,0.041223,0.034763
2.410744,46.590322,-283.877215,6.493077,6.944343,40.822939,-100.646852,3.749476,3.335188,-0.031466,-0.385330,0.040902,0.034009
2.411265,46.590322,-283.877215,6.493077,6.944343,40.924378,-100.925976,3.770633,3.483228,-0.030960,-0.385229,0.041023,0.034262
2.411786,46.590322,-283.877215,6.493077,6.944343,40.822939,-100.646852,3.749476,3.335188,-0.031466,-0.385330,0.040902,0.034009
2.412308,46.590322,-283.877215,6.493077,6.944343,40.965516,-100.762805,3.806403,3.373485,-0.030708,-0.386144,0.041085,0.034458
2.412829,46.590322,-283.877215,6.493077,6.944343,40.959339,-101.080061,3.735665,3.577409,-0.030795,-0.384996,0.040962,0.034051
2.413350,46.572329,-283.770734,6.512206,6.857913,41.089210,-100.616484,3.769958,3.294192,-0.029928,-0.387705,0.041066,0.034096
2.413871,46.572329,-283.770734,6.512206,6.857913,41.089210,-100.616484,3.769958,3.294192,-0.029928,-0.387705,0.041066,0.034096
2.414393,46.572329,-283.770734,6.512206,6.857913,41.247956,-100.525093,3.850489,3.300176,-0.029048,-0.389375,0.041268,0.034752
2.414914,46.635955,-283.665598,6.451729,6.820627,41.247956,-100.525093,3.850489,3.300176,-0.029412,-0.389375,0.041008,0.034752
2.415435,46.668623,-283.759177,6.439480,6.881228,41.247956,-100.525093,3.850489,3.300176,-0.029575,-0.389375,0.040930,0.034752
2.415956,46.668623,-283.759177,6.439480,6.881228,41.247956,-100.525093,3.850489,3.300176,-0.029575,-0.389375,0.040930,0.034752
2.416478,46.762099,-283.640401,6.415489,7.102527,41.247956,-100.525093,3.850489,3.300176,-0.030104,-0.389375,0.040844,0.034752
2.416999,46.762099,-283.640401,6.415489,7.102527,41.112911,-100.402801,3.805996,3.250102,-0.030820,-0.388652,0.040692,0.034391
2.417520,46.762099,-283.640401,6.415489,7.102527,41.112911,-100.402801,3.805996,3.250102,-0.030820,-0.388652,0.040692,0.034391
2.418041,46.762099,-283.640401,6.415489,7.102527,41.146505,-100.234266,3.772667,3.372058,-0.030609,-0.389528,0.040563,0.034310
2.418562,46.762099,-283.640401,6.415489,7.102527,41.146505,-100.234266,3.772667,3.372058,-0.030609,-0.389528,0.040563,0.034310
2.419084,46.714094,-283.439830,6.446856,6.956268,41.146505,-100.234266,3.772667,3.372058,-0.030380,-0.389528,0.040754,0.034310
2.419605,46.762099,-283.640401,6.415489,7.102527,41.113438,-100.314364,3.782608,3.319626,-0.030802,-0.388965,0.040608,0.034309
2.420126,46.620461,-283.631257,6.523558,7.076361,41.113438,-100.314364,3.782608,3.319626,-0.030032,-0.388965,0.041119,0.034309
2.420647,46.667583,-283.652529,6.488267,7.079162,40.922505,-100.531095,3.684678,3.340896,-0.031363,-0.386580,0.040728,0.033515
2.421169,46.590322,-283.877215,6.493077,6.944343,40.922505,-100.531095,3.684678,3.340896,-0.030903,-0.386580,0.040701,0.033515
2.421690,46.590322,-283.877215,6.493077,6.944343,40.922505,-100.531095,3.684678,3.340896,-0.030903,-0.386580,0.040701,0.033515
2.422211,46.590322,-283.877215,6.493077,6.944343,40.924326,-100.577329,3.696401,3.303536,-0.030901,-0.386435,0.040743,0.033552
2.422732,46.632163,-283.901626,6.517445,6.944236,40.924326,-100.577329,3.696401,3.303536,-0.031125,-0.386435,0.040853,0.033552
2.423254,46.590322,-283.877215,6.493077,6.944343,40.924326,-100.577329,3.696401,3.303536,-0.030901,-0.386435,0.040743,0.033552
2.423775,46.590322,-283.877215,6.493077,6.944343,40.924326,-100.577329,3.696401,3.303536,-0.030901,-0.386435,0.040743,0.033552
2.424296,46.590322,-283.877215,6.493077,6.944343,40.838060,-100.604446,3.644732,3.317424,-0.031376,-0.385605,0.040610,0.033158
2.424817,46.632163,-283.901626,6.517445,6.944236,40.838060,-100.604446,3.644732,3.317424,-0.031600,-0.385605,0.040720,0.033158
2.425339,46.587500,-283.997612,6.517560,6.879872,40.597206,-100.553287,3.459162,3.343483,-0.032643,-0.383725,0.040203,0.031752
2.425860,46.632163,-283.901626,6.517445,6.944236,40.503989,-100.576166,3.404251,3.377183,-0.033415,-0.382849,0.040089,0.031362
2.426381,46.632163,-283.901626,6.517445,6.944236,40.503989,-100.576166,3.404251,3.377183,-0.033415,-0.382849,0.040089,0.031362
2.426902,46.632163,-283.901626,6.517445,6.944236,40.503989,-100.576166,3.404251,3.377183,-0.033415,-0.382849,0.040089,0.031362
2.427424,46.590322,-283.877215,6.493077,6.944343,40.503989,-100.576166,3.404251,3.377183,-0.033192,-0.382849,0.039977,0.031362
2.427945,46.590322,-283.877215,6.493077,6.944343,40.838060,-100.604446,3.644732,3.317424,-0.031376,-0.385605,0.040610,0.033158
2.428466,46.590322,-283.877215,6.493077,6.944343,40.838060,-100.604446,3.644732,3.317424,-0.031376,-0.385605,0.040610,0.033158
2.428987,46.590322,-283.877215,6.493077,6.944343,40.699735,-100.846477,3.659584,3.468259,-0.032172,-0.383590,0.040703,0.033411
2.429509,46.614549,-283.795724,6.536717,6.858522,40.945031,-100.678870,3.794980,3.496691,-0.030951,-0.386260,0.041258,0.034541
2.430030,46.614549,-283.795724,6.536717,6.858522,40.946880,-100.723112,3.806308,3.462373,-0.030949,-0.386122,0.041299,0.034577
2.430551,46.632163,-283.901626,6.517445,6.944236,40.829036,-100.587996,3.835455,3.529190,-0.031646,-0.385585,0.041234,0.034946
2.431072,46.632163,-283.901626,6.517445,6.944236,40.895554,-100.804608,3.814130,3.516744,-0.031321,-0.385403,0.041224,0.034688
2.431594,46.632163,-283.901626,6.517445,6.944236,40.985678,-100.928666,3.766324,3.695392,-0.030850,-0.385742,0.041122,0.034483
2.432115,46.632163,-283.901626,6.517445,6.944236,41.060024,-100.971826,3.806114,3.697012,-0.030451,-0.386225,0.041241,0.034778
2.432636,46.698431,-283.821450,6.542142,6.981235,41.060024,-100.971826,3.806114,3.697012,-0.030827,-0.386225,0.041375,0.034778
2.433157,46.698431,-283.821450,6.542142,6.981235,41.090323,-100.397400,3.765520,3.377179,-0.030565,-0.388478,0.041135,0.034221
2.433678,46.698431,-283.821450,6.542142,6.981235,41.090323,-100.397400,3.765520,3.377179,-0.030565,-0.388478,0.041135,0.034221
2.434200,46.698431,-283.821450,6.542142,6.981235,41.110253,-100.897171,3.796549,3.654172,-0.030540,-0.386910,0.041333,0.034663
2.434721,46.681438,-283.715739,6.561533,6.895665,41.090323,-100.397400,3.765520,3.377179,-0.030490,-0.388478,0.041250,0.034221
2.435242,46.698431,-283.821450,6.542142,6.981235,41.090323,-100.397400,3.765520,3.377179,-0.030565,-0.388478,0.041135,0.034221
2.435763,46.698431,-283.821450,6.542142,6.981235,41.090323,-100.397400,3.765520,3.377179,-0.030565,-0.388478,0.041135,0.034221
2.436285,46.698431,-283.821450,6.542142,6.981235,41.090323,-100.397400,3.765520,3.377179,-0.030565,-0.388478,0.041135,0.034221
2.436806,46.698431,-283.821450,6.542142,6.981235,41.086647,-100.441339,3.776805,3.343454,-0.030592,-0.388293,0.041175,0.034259
2.437327,46.698431,-283.821450,6.542142,6.981235,41.090323,-100.397400,3.765520,3.377179,-0.030565,-0.388478,0.041135,0.034221
2.437848,46.632163,-283.901626,6.517445,6.944236,40.838060,-100.604446,3.644732,3.317424,-0.031600,-0.385605,0.040720,0.033158
2.438370,46.632163,-283.901626,6.517445,6.944236,40.984035,-100.724622,3.706951,3.358861,-0.030824,-0.386434,0.040914,0.033653
2.438891,46.698431,-283.821450,6.542142,6.981235,41.123263,-100.317264,3.756112,3.429262,-0.030372,-0.389039,0.041092,0.034227
2.439412,46.698431,-283.821450,6.542142,6.981235,41.018180,-100.814026,3.670529,3.454921,-0.031028,-0.386415,0.040972,0.033450
2.439933,46.632163,-283.901626,6.517445,6.944236,40.924326,-100.577329,3.696401,3.303536,-0.031125,-0.386435,0.040853,0.033552
2.440455,46.632163,-283.901626,6.517445,6.944236,40.924326,-100.577329,3.696401,3.303536,-0.031125,-0.386435,0.040853,0.033552
2.440976,46.632163,-283.901626,6.517445,6.944236,41.168026,-100.238982,3.757108,3.477621,-0.029742,-0.389695,0.040943,0.034311
2.441497,46.632163,-283.901626,6.517445,6.944236,41.079355,-100.831457,3.854199,3.491998,-0.030322,-0.386875,0.041342,0.034945
2.442018,46.632163,-283.901626,6.517445,6.944236,41.079355,-100.831457,3.854199,3.491998,-0.030322,-0.386875,0.041342,0.034945
2.442540,46.632163,-283.901626,6.517445,6.944236,41.109739,-100.984106,3.817688,3.587483,-0.030182,-0.386604,0.041276,0.034722
2.443061,46.632163,-283.901626,6.517445,6.944236,41.169736,-100.823229,3.807070,3.695198,-0.029828,-0.387672,0.041211,0.034813
2.443582,46.632163,-283.901626,6.517445,6.944236,41.109739,-100.984106,3.817688,3.587483,-0.030182,-0.386604,0.041276,0.034722
2.444103,46.632163,-283.901626,6.517445,6.944236,41.080252,-100.744263,3.832311,3.559513,-0.030303,-0.387185,0.041262,0.034878
2.444625,46.632163,-283.901626,6.517445,6.944236,41.111329,-100.664776,3.823036,3.611330,-0.030120,-0.387725,0.041219,0.034887
2.445146,46.632163,-283.901626,6.517445,6.944236,41.119008,-100.856673,3.833035,3.486750,-0.030110,-0.387124,0.041289,0.034757
2.445667,46.632163,-283.901626,6.517445,6.944236,41.119008,-100.856673,3.833035,3.486750,-0.030110,-0.387124,0.041289,0.034757
2.446188,46.632163,-283.901626,6.517445,6.944236,41.119008,-100.856673,3.833035,3.486750,-0.030110,-0.387124,0.041289,0.034757
2.446710,46.632163,-283.901626,6.517445,6.944236,41.119008,-100.856673,3.833035,3.486750,-0.030110,-0.387124,0.041289,0.034757
2.447231,46.632163,-283.901626,6.517445,6.944236,41.034822,-101.157331,3.830742,3.665195,-0.030620,-0.385371,0.041351,0.034882
2.447752,46.632163,-283.901626,6.517445,6.944236,41.119008,-100.856673,3.833035,3.486750,-0.030110,-0.387124,0.041289,0.034757
2.448273,46.632163,-283.901626,6.517445,6.944236,40.706914,-101.242661,3.575547,3.662803,-0.032427,-0.382292,0.040679,0.032880
2.448794,46.632163,-283.901626,6.517445,6.944236,40.706914,-101.242661,3.575547,3.662803,-0.032427,-0.382292,0.040679,0.032880
2.449316,46.698431,-283.821450,6.542142,6.981235,40.749058,-101.019342,4.049191,3.573968,-0.032534,-0.383416,0.042067,0.036594
2.449837,46.698431,-283.821450,6.542142,6.981235,40.842314,-100.510894,3.622153,3.391771,-0.031936,-0.385966,0.040775,0.033094
2.450358,46.698431,-283.821450,6.542142,6.981235,40.842314,-100.510894,3.622153,3.391771,-0.031936,-0.385966,0.040775,0.033094
2.450879,46.698431,-283.821450,6.542142,6.981235,40.754734,-100.523403,3.566371,3.412403,-0.032415,-0.385175,0.040631,0.032682
2.451401,46.698431,-283.821450,6.542142,6.981235,40.842314,-100.510894,3.622153,3.391771,-0.031936,-0.385966,0.040775,0.033094
2.451922,46.698431,-283.821450,6.542142,6.981235,41.123263,-100.317264,3.756112,3.429262,-0.030372,-0.389039,0.041092,0.034227
2.452443,46.649475,-283.623581,6.574272,6.835832,41.252985,-100.437109,3.800486,3.473685,-0.029450,-0.389726,0.041436,0.034584
2.452964,46.649475,-283.623581,6.574272,6.835832,41.123263,-100.317264,3.756112,3.429262,-0.030138,-0.389039,0.041287,0.034227
2.453486,46.649475,-283.623581,6.574272,6.835832,41.123263,-100.317264,3.756112,3.429262,-0.030138,-0.389039,0.041287,0.034227
2.454007,46.649475,-283.623581,6.574272,6.835832,40.503989,-100.576166,3.404251,3.377183,-0.033561,-0.382849,0.040424,0.031362
2.454528,46.649475,-283.623581,6.574272,6.835832,40.699937,-100.646007,3.504212,3.354427,-0.032504,-0.384283,0.040694,0.032088
2.455049,46.649475,-283.623581,6.574272,6.835832,40.699937,-100.646007,3.504212,3.354427,-0.032504,-0.384283,0.040694,0.032088
2.455571,46.649475,-283.623581,6.574272,6.835832,40.502254,-100.491290,3.874278,3.328185,-0.033555,-0.383126,0.041645,0.035097
2.456092,46.649475,-283.623581,6.574272,6.835832,40.699937,-100.646007,3.504212,3.354427,-0.032504,-0.384283,0.040694,0.032088
2.456613,46.581843,-283.703475,6.549097,6.798719,40.505053,-100.526969,3.392833,3.415359,-0.033162,-0.383027,0.040245,0.031334
2.457134,46.581843,-283.703475,6.549097,6.798719,40.836801,-100.557399,3.633005,3.355386,-0.031358,-0.385758,0.040873,0.033124
2.457656,46.632163,-283.901626,6.517445,6.944236,40.559006,-100.804990,3.987706,3.466659,-0.033157,-0.382532,0.041708,0.036070
2.458177,46.632163,-283.901626,6.517445,6.944236,40.853307,-100.913122,3.570582,3.514896,-0.031570,-0.384669,0.040593,0.032726
2.458698,46.507823,-283.826311,6.532820,6.862647,40.455013,-100.945237,3.774471,3.425453,-0.033085,-0.381163,0.041234,0.034282
2.459219,46.507823,-283.826311,6.532820,6.862647,40.842435,-100.919484,3.475755,3.497591,-0.030964,-0.384554,0.040439,0.031954
2.459741,46.507823,-283.826311,6.532820,6.862647,40.842435,-100.919484,3.475755,3.497591,-0.030964,-0.384554,0.040439,0.031954
2.460262,46.619329,-283.695435,6.545259,6.777431,40.608576,-100.928986,3.276980,3.501400,-0.032876,-0.382529,0.040030,0.030417
2.460783,46.702835,-283.656176,6.570341,6.846107,41.374841,-100.890749,3.755978,3.419615,-0.029144,-0.389179,0.041392,0.034017
2.461304,46.626072,-283.817355,6.571499,6.937686,40.608576,-100.928986,3.276980,3.501400,-0.032891,-0.382529,0.040132,0.030417
2.461826,46.543217,-283.764776,6.523630,6.933195,40.314738,-101.091468,3.766435,3.558662,-0.034083,-0.379467,0.041214,0.034352
2.462347,46.626072,-283.817355,6.571499,6.937686,40.324654,-101.253830,3.328186,3.751867,-0.034503,-0.379000,0.040328,0.031098
2.462868,46.626072,-283.817355,6.571499,6.937686,40.618789,-101.047680,4.012827,3.640059,-0.032856,-0.382209,0.042107,0.036390
2.463389,46.626134,-283.910698,6.593677,6.875639,40.618594,-101.089732,4.023658,3.606918,-0.032848,-0.382063,0.042229,0.036425
2.463911,46.626134,-283.910698,6.593677,6.875639,40.425332,-101.159878,3.853537,3.649053,-0.033917,-0.380177,0.041767,0.035121
2.464432,46.690799,-283.856363,6.572763,6.871738,40.583785,-101.170993,3.538344,3.670446,-0.033417,-0.381489,0.040840,0.032630
2.464953,46.626134,-283.910698,6.593677,6.875639,40.644694,-100.841244,3.849290,3.409285,-0.032661,-0.383138,0.041684,0.034867
2.465474,46.626134,-283.910698,6.593677,6.875639,40.599005,-100.714210,3.963490,3.449163,-0.032888,-0.383185,0.041972,0.035875
2.465995,46.643219,-283.920798,6.552455,7.019724,40.592579,-100.757135,3.973899,3.414917,-0.033022,-0.382983,0.041817,0.035909
2.466517,46.626072,-283.817355,6.571499,6.937686,40.936554,-100.843187,3.622301,3.467741,-0.031085,-0.385619,0.040991,0.033085
2.467038,46.690262,-283.762734,6.550482,6.933568,40.936554,-100.843187,3.622301,3.467741,-0.031444,-0.385619,0.040903,0.033085
2.467559,46.690262,-283.762734,6.550482,6.933568,40.552792,-100.878126,3.914235,3.422713,-0.033547,-0.382227,0.041702,0.035407
2.468080,46.707066,-283.867330,6.531241,7.017073,40.635405,-100.818307,3.949461,3.441232,-0.033157,-0.383138,0.041675,0.035717
2.468602,46.755622,-283.684156,6.574004,6.968870,40.436909,-100.985658,3.897330,3.553863,-0.034572,-0.380870,0.041807,0.035408
2.469123,46.660233,-283.648981,6.607993,6.916334,40.874995,-100.465181,4.015552,3.556921,-0.031571,-0.386404,0.042190,0.036452
2.469644,46.658601,-283.671607,6.563122,6.875445,40.620521,-100.827838,3.615922,3.503908,-0.033011,-0.382978,0.040961,0.033122
2.470165,46.690799,-283.856363,6.572763,6.871738,40.433831,-100.625139,3.445173,3.626519,-0.034135,-0.382080,0.040479,0.032007
2.470687,46.626072,-283.817355,6.571499,6.937686,40.491000,-100.790067,3.312995,3.554161,-0.033507,-0.382002,0.040189,0.030819
2.471208,46.707066,-283.867330,6.531241,7.017073,40.491000,-100.790067,3.312995,3.554161,-0.033940,-0.382002,0.039983,0.030819
2.471729,46.626072,-283.817355,6.571499,6.937686,40.491000,-100.790067,3.312995,3.554161,-0.033507,-0.382002,0.040189,0.030819
2.472250,46.579101,-283.795484,6.605722,6.935857,40.918126,-100.497280,3.988763,3.537103,-0.030874,-0.386661,0.042079,0.036197
2.472772,46.579101,-283.795484,6.605722,6.935857,40.578584,-100.650772,3.647290,3.504025,-0.032752,-0.383229,0.041180,0.033427
2.473293,46.584895,-284.101058,6.588945,7.050737,40.860119,-100.807370,3.566911,3.720286,-0.031223,-0.385092,0.040860,0.032995
2.473814,46.502644,-284.051116,6.541306,7.049303,40.518927,-100.952848,3.322758,3.753214,-0.032669,-0.381682,0.040053,0.031125
2.474335,46.502644,-284.051116,6.541306,7.049303,40.652567,-100.710203,3.299694,3.630834,-0.031897,-0.383657,0.039944,0.030828
2.474857,46.631546,-284.123878,6.554788,7.051918,41.315715,-100.648562,3.717564,3.531790,-0.028965,-0.389521,0.041056,0.033928
2.475378,46.631546,-284.123878,6.554788,7.051918,40.842435,-100.919484,3.475755,3.497591,-0.031589,-0.384554,0.040480,0.031954
2.475899,46.584895,-284.101058,6.588945,7.050737,40.566655,-100.847573,3.274489,3.544000,-0.032829,-0.382451,0.040132,0.030481
2.476420,46.584895,-284.101058,6.588945,7.050737,40.566655,-100.847573,3.274489,3.544000,-0.032829,-0.382451,0.040132,0.030481
2.476942,46.584895,-284.101058,6.588945,7.050737,40.991229,-100.709212,3.887145,3.426750,-0.030492,-0.386548,0.041696,0.035179
2.477463,46.578819,-283.888324,6.627941,6.874315,40.551924,-100.815632,3.913887,3.397697,-0.032909,-0.382435,0.042022,0.035394
2.477984,46.579101,-283.795484,6.605722,6.935857,40.551924,-100.815632,3.913887,3.397697,-0.032927,-0.382435,0.041939,0.035394
2.478505,46.584895,-284.101058,6.588945,7.050737,41.174706,-100.719948,3.756887,3.461686,-0.029494,-0.388073,0.041344,0.034151
2.479027,46.649839,-284.021464,6.612795,7.087730,41.034186,-100.940044,3.778202,3.584609,-0.030663,-0.386115,0.041581,0.034428
2.479548,46.649610,-283.929658,6.591082,7.146382,41.027750,-100.476674,3.778818,3.628945,-0.030635,-0.387668,0.041397,0.034624
2.480069,46.712357,-283.877212,6.570590,7.144790,40.665713,-100.468088,4.043059,3.557303,-0.032956,-0.384605,0.042042,0.036705
2.480590,46.712357,-283.877212,6.570590,7.144790,41.109121,-100.694647,3.750863,3.749973,-0.030579,-0.387603,0.041285,0.034485
2.481111,46.638894,-283.911028,6.557775,7.076399,41.247241,-100.473625,3.726051,3.628212,-0.029384,-0.389549,0.041101,0.034178
2.481633,46.638894,-283.911028,6.557775,7.076399,41.247241,-100.473625,3.726051,3.628212,-0.029384,-0.389549,0.041101,0.034178
2.482154,46.575770,-283.963988,6.577959,7.078268,40.874995,-100.465181,4.015552,3.556921,-0.031057,-0.386404,0.041980,0.036452
2.482675,46.575770,-283.963988,6.577959,7.078268,41.181167,-100.740025,3.788173,3.753693,-0.029434,-0.388058,0.041413,0.034762
2.483196,46.575770,-283.963988,6.577959,7.078268,40.964527,-100.449572,3.950958,3.574040,-0.030567,-0.387223,0.041795,0.035946
2.483718,46.597841,-283.887097,6.534188,7.077011,40.723448,-101.042702,3.567833,3.701267,-0.032117,-0.383117,0.040699,0.032924
2.484239,46.597841,-283.887097,6.534188,7.077011,40.664529,-100.522373,3.505791,3.434778,-0.032347,-0.384407,0.040421,0.032239
2.484760,46.559258,-283.576322,6.585448,6.832218,40.786142,-100.241540,4.045188,3.407080,-0.031479,-0.386422,0.042134,0.036599
2.485281,46.559258,-283.576322,6.585448,6.832218,40.553613,-100.672189,3.853613,3.591020,-0.032823,-0.382942,0.041694,0.035178
2.485803,46.676998,-283.571912,6.622029,6.908226,40.711088,-100.643533,3.608184,3.628476,-0.032602,-0.384386,0.041205,0.033261
2.486324,46.676998,-283.571912,6.622029,6.908226,40.438716,-100.736782,3.749831,3.517650,-0.034106,-0.381738,0.041599,0.034256
2.486845,46.677436,-283.663787,6.644530,6.848830,40.601692,-100.665235,3.815604,3.600486,-0.033189,-0.383377,0.041847,0.034882
2.487366,46.559258,-283.576322,6.585448,6.832218,40.930886,-100.691808,3.559288,3.666437,-0.030766,-0.386094,0.040914,0.032888
2.487888,46.601370,-283.601942,6.609400,6.833662,40.986580,-100.545034,4.022752,3.546255,-0.030663,-0.387079,0.042247,0.036456
2.488409,46.601370,-283.601942,6.609400,6.833662,40.783651,-100.632601,3.532178,3.495873,-0.031785,-0.385044,0.040938,0.032483
2.488930,46.559258,-283.576322,6.585448,6.832218,40.963220,-100.355464,4.091350,3.452685,-0.030533,-0.387539,0.042294,0.036961
2.489451,46.597841,-283.887097,6.534188,7.077011,40.247439,-100.727110,3.680198,3.540957,-0.034657,-0.380135,0.040922,0.033754
2.489973,46.648085,-284.049096,6.568818,7.049685,40.391978,-100.614911,3.830654,3.420400,-0.034092,-0.381757,0.041432,0.034831
2.490494,46.648085,-284.049096,6.568818,7.049685,40.441829,-100.607173,3.792191,3.429721,-0.033819,-0.382210,0.041325,0.034528
2.491015,46.642897,-283.834025,6.607938,6.870244,40.389004,-100.826653,3.799635,3.499465,-0.034160,-0.381005,0.041627,0.034614
2.491536,46.578819,-283.888324,6.627941,6.874315,40.118285,-100.670324,3.598041,3.546982,-0.035247,-0.379223,0.041138,0.033137
2.492058,46.642897,-283.834025,6.607938,6.870244,40.340035,-100.615633,3.818513,3.420232,-0.034387,-0.381310,0.041630,0.034740
2.492579,46.642897,-283.834025,6.607938,6.870244,40.640593,-100.701584,3.938718,3.455635,-0.032764,-0.383584,0.041984,0.035681
2.493100,46.578819,-283.888324,6.627941,6.874315,40.720888,-100.748520,3.982325,3.463558,-0.031975,-0.384108,0.042199,0.036015
2.493621,46.648085,-284.049096,6.568818,7.049685,40.790845,-100.634042,3.985908,3.537635,-0.031923,-0.385100,0.041871,0.036153
2.494143,46.610766,-283.743089,6.620705,6.811830,40.539958,-101.206363,3.684550,3.639467,-0.033246,-0.380995,0.041487,0.033739
2.494664,46.565694,-283.998407,6.521342,7.047859,40.473319,-100.860559,3.743959,3.448504,-0.033254,-0.381609,0.041039,0.034086
2.495185,46.648085,-284.049096,6.568818,7.049685,40.640593,-100.701584,3.938718,3.455635,-0.032754,-0.383584,0.041753,0.035681
2.495706,46.648085,-284.049096,6.568818,7.049685,40.714061,-100.706551,3.992780,3.418233,-0.032354,-0.384194,0.041906,0.036061
2.496228,46.610766,-283.743089,6.620705,6.811830,40.468487,-100.786127,3.852058,3.452096,-0.033560,-0.381823,0.041843,0.034980
2.496749,46.610766,-283.743089,6.620705,6.811830,40.475890,-100.741680,3.841985,3.487116,-0.033511,-0.382039,0.041805,0.034952
2.497270,46.610766,-283.743089,6.620705,6.811830,40.364564,-100.511386,3.857752,3.338677,-0.034076,-0.381878,0.041795,0.034990
2.497791,46.610766,-283.743089,6.620705,6.811830,40.398746,-100.851299,3.918714,3.515658,-0.033952,-0.381004,0.042041,0.035580
2.498312,46.594039,-283.609480,6.597884,6.842334,40.398746,-100.851299,3.918714,3.515658,-0.033886,-0.381004,0.041965,0.035580
2.498834,46.559243,-283.780983,6.560295,6.865300,40.398746,-100.851299,3.918714,3.515658,-0.033664,-0.381004,0.041750,0.035580
2.499355,46.526245,-283.688969,6.572484,6.805613,40.356305,-100.876786,4.043073,3.480886,-0.033737,-0.380554,0.042185,0.036542
2.499876,46.526245,-283.688969,6.572484,6.805613,40.446176,-100.888426,3.883891,3.520332,-0.033248,-0.381282,0.041740,0.035288
2.500397,46.689775,-283.596801,6.526962,6.865170,40.358624,-100.863018,3.941181,3.508423,-0.034633,-0.380621,0.041701,0.035755
2.500919,46.689775,-283.596801,6.526962,6.865170,40.481118,-100.836195,3.967429,3.497741,-0.033958,-0.381759,0.041770,0.035944
2.501440,46.622191,-283.676795,6.501593,6.828615,40.569631,-100.861122,3.908400,3.509649,-0.033095,-0.382430,0.041473,0.035463
2.501961,46.622191,-283.676795,6.501593,6.828615,40.398746,-100.851299,3.918714,3.515658,-0.034027,-0.381004,0.041498,0.035580
2.502482,46.622191,-283.676795,6.501593,6.828615,40.250911,-100.744805,3.848649,3.487209,-0.034815,-0.380104,0.041277,0.035036
2.503004,46.622191,-283.676795,6.501593,6.828615,40.285853,-100.769794,3.835340,3.482712,-0.034629,-0.380318,0.041246,0.034911
2.503525,46.622191,-283.676795,6.501593,6.828615,40.250911,-100.744805,3.848649,3.487209,-0.034815,-0.380104,0.041277,0.035036
2.504046,46.682158,-283.767585,6.496462,7.016793,40.250911,-100.744805,3.848649,3.487209,-0.035125,-0.380104,0.041233,0.035036
2.504567,46.594039,-283.609480,6.597884,6.842334,40.332094,-100.626182,3.864418,3.562728,-0.034208,-0.381205,0.041763,0.035275
2.505089,46.594039,-283.609480,6.597884,6.842334,40.341155,-100.735720,3.998358,3.447230,-0.034179,-0.380907,0.042162,0.036187
2.505610,46.587535,-283.778868,6.567049,6.993365,40.380844,-100.717240,3.976801,3.449348,-0.033892,-0.381310,0.041915,0.036015
2.506131,46.689775,-283.596801,6.526962,6.865170,40.524864,-100.985141,3.935420,3.591077,-0.033747,-0.381623,0.041714,0.035745
2.506652,46.682158,-283.767585,6.496462,7.016793,40.444973,-101.001659,3.887957,3.608571,-0.034113,-0.380885,0.041403,0.035392
2.507174,46.524095,-283.833372,6.586877,6.996888,40.278839,-100.999320,3.782208,3.649216,-0.034145,-0.379474,0.041521,0.034619
2.507695,46.628390,-283.678425,6.488016,7.117414,40.278839,-100.999320,3.782208,3.649216,-0.034744,-0.379474,0.041089,0.034619
2.508216,46.617556,-283.822573,6.518127,7.020250,40.278839,-100.999320,3.782208,3.649216,-0.034657,-0.379474,0.041198,0.034619
2.508737,46.594039,-283.609480,6.597884,6.842334,40.627264,-100.839588,3.869512,3.484587,-0.032635,-0.382995,0.041828,0.035120
2.509259,46.594039,-283.609480,6.597884,6.842334,40.508224,-101.052707,3.867710,3.597851,-0.033324,-0.381250,0.041871,0.035193
2.509780,46.587535,-283.778868,6.567049,6.993365,40.627264,-100.839588,3.869512,3.484587,-0.032569,-0.382995,0.041645,0.035120
2.510301,46.605251,-283.466092,6.566981,6.940643,40.788275,-100.797104,3.958817,3.454165,-0.031834,-0.384515,0.041957,0.035791
2.510822,46.565694,-283.998407,6.521342,7.047859,40.754963,-101.033071,3.896926,3.580189,-0.031748,-0.383419,0.041502,0.035378
2.511344,46.526245,-283.688969,6.572484,6.805613,40.788275,-100.797104,3.958817,3.454165,-0.031363,-0.384515,0.041931,0.035791
2.511865,46.659808,-283.988786,6.450533,7.071694,40.666353,-101.006708,3.958969,3.569353,-0.032743,-0.382755,0.041342,0.035881
2.512386,46.565694,-283.998407,6.521342,7.047859,40.444973,-101.001659,3.887957,3.608571,-0.033435,-0.380885,0.041468,0.035392
2.512907,46.622191,-283.676795,6.501593,6.828615,40.602735,-100.957382,3.979724,3.579658,-0.032932,-0.382382,0.041697,0.036083
2.513428,46.622191,-283.676795,6.501593,6.828615,40.602735,-100.957382,3.979724,3.579658,-0.032932,-0.382382,0.041697,0.036083
2.513950,46.586990,-283.643390,6.488565,6.818616,40.742417,-100.967071,4.000132,3.567478,-0.031983,-0.383539,0.041706,0.036210
2.514471,46.379238,-283.450195,6.658004,6.885745,40.524864,-100.985141,3.935420,3.591077,-0.032074,-0.381623,0.042365,0.035745
2.514992,46.340484,-283.660367,6.690999,7.009931,40.524864,-100.985141,3.935420,3.591077,-0.031825,-0.381623,0.042473,0.035745
2.515513,46.465952,-283.680483,6.639972,7.041434,40.524864,-100.985141,3.935420,3.591077,-0.032508,-0.381623,0.042227,0.035745
2.516035,46.665339,-283.623361,6.458680,6.989666,40.523883,-100.914560,3.935214,3.576258,-0.033601,-0.381856,0.041373,0.035747
2.516556,46.412830,-283.542610,6.646263,6.946531,40.596603,-100.869207,3.943454,3.666040,-0.031829,-0.382632,0.042285,0.035923
2.517077,46.715936,-283.454759,6.463875,7.077913,40.507388,-100.992472,3.867433,3.577939,-0.034013,-0.381448,0.041261,0.035185
2.517598,46.630952,-283.590378,6.445881,6.980419,40.626396,-100.777094,3.869162,3.459341,-0.032833,-0.383203,0.041103,0.035106
2.518120,46.715936,-283.454759,6.463875,7.077913,40.626396,-100.777094,3.869162,3.459341,-0.033323,-0.383203,0.041218,0.035106
2.518641,46.697473,-283.512203,6.471387,7.013597,40.588313,-101.035386,3.914927,3.580439,-0.033467,-0.381991,0.041427,0.035544
2.519162,46.697473,-283.512203,6.471387,7.013597,40.626396,-100.777094,3.869162,3.459341,-0.033211,-0.383203,0.041240,0.035106
2.519683,46.682238,-283.421641,6.451560,7.068438,40.626396,-100.777094,3.869162,3.459341,-0.033144,-0.383203,0.041168,0.035106
2.520205,46.682238,-283.421641,6.451560,7.068438,40.801379,-100.774663,3.847929,3.459046,-0.032187,-0.384704,0.041109,0.034911
2.520726,46.682238,-283.421641,6.451560,7.068438,40.588313,-101.035386,3.914927,3.580439,-0.033400,-0.381991,0.041356,0.035544
2.521247,46.697473,-283.512203,6.471387,7.013597,40.401418,-100.780218,3.884582,3.459555,-0.034442,-0.381270,0.041282,0.035261
2.521768,46.697473,-283.512203,6.471387,7.013597,40.588313,-101.035386,3.914927,3.580439,-0.033467,-0.381991,0.041427,0.035544
2.522290,46.697473,-283.512203,6.471387,7.013597,40.670126,-101.034466,3.862590,3.542284,-0.033019,-0.382692,0.041280,0.035070
2.522811,46.603084,-283.525315,6.542455,6.990675,40.541442,-101.089613,3.948764,3.537027,-0.033214,-0.381407,0.041865,0.035755
2.523332,46.667583,-283.652529,6.488267,7.079162,40.500362,-101.142599,3.888609,3.524675,-0.033778,-0.380876,0.041425,0.035249
2.523853,46.667583,-283.652529,6.488267,7.079162,40.500362,-101.142599,3.888609,3.524675,-0.033778,-0.380876,0.041425,0.035249
2.524375,46.680510,-283.590059,6.457535,7.021906,40.500362,-101.142599,3.888609,3.524675,-0.033861,-0.380876,0.041294,0.035249
2.524896,46.680510,-283.590059,6.457535,7.021906,40.500362,-101.142599,3.888609,3.524675,-0.033861,-0.380876,0.041294,0.035249
2.525417,46.745578,-283.533349,6.434496,7.016600,40.593231,-100.874113,3.985672,3.398167,-0.033669,-0.382586,0.041415,0.035950
2.525938,46.745578,-283.533349,6.434496,7.016600,40.593231,-100.874113,3.985672,3.398167,-0.033669,-0.382586,0.041415,0.035950
2.526460,46.650488,-283.546354,6.507207,6.993562,40.540774,-101.133931,3.959874,3.500087,-0.033481,-0.381249,0.041737,0.035789
2.526981,46.650488,-283.546354,6.507207,6.993562,40.706981,-101.324365,4.001172,3.592989,-0.032605,-0.382013,0.041900,0.036146
2.527502,46.542666,-283.858420,6.545779,6.871363,40.660288,-100.925162,3.963998,3.385694,-0.032145,-0.382983,0.041811,0.035736
2.528023,46.572329,-283.770734,6.512206,6.857913,40.660288,-100.925162,3.963998,3.385694,-0.032322,-0.382983,0.041674,0.035736
2.528545,46.572329,-283.770734,6.512206,6.857913,40.703298,-100.913539,3.937975,3.392796,-0.032085,-0.383389,0.041598,0.035532
2.529066,46.639780,-283.690637,6.537823,6.894909,40.703298,-100.913539,3.937975,3.392796,-0.032468,-0.383389,0.041735,0.035532
2.529587,46.591889,-283.668830,6.573084,6.892773,40.703298,-100.913539,3.937975,3.392796,-0.032210,-0.383389,0.041906,0.035532
2.530108,46.591889,-283.668830,6.573084,6.892773,40.703298,-100.913539,3.937975,3.392796,-0.032210,-0.383389,0.041906,0.035532
2.530629,46.591889,-283.668830,6.573084,6.892773,40.703298,-100.913539,3.937975,3.392796,-0.032210,-0.383389,0.041906,0.035532
2.531151,46.603084,-283.525315,6.542455,6.990675,40.745792,-100.809151,3.984895,3.447383,-0.032046,-0.384111,0.041905,0.035995
2.531672,46.591889,-283.668830,6.573084,6.892773,40.787089,-100.711746,3.958665,3.443280,-0.031717,-0.384799,0.041918,0.035802
2.532193,46.562337,-283.756672,6.605436,6.906914,40.787089,-100.711746,3.958665,3.443280,-0.031541,-0.384799,0.042050,0.035802
2.532714,46.562337,-283.756672,6.605436,6.906914,40.787089,-100.711746,3.958665,3.443280,-0.031541,-0.384799,0.042050,0.035802
2.533236,46.626293,-283.701401,6.585328,6.902052,40.690399,-100.486145,3.986013,3.293348,-0.032387,-0.384754,0.041992,0.035936
2.533757,46.626293,-283.701401,6.585328,6.902052,40.690399,-100.486145,3.986013,3.293348,-0.032387,-0.384754,0.041992,0.035936
2.534278,46.626293,-283.701401,6.585328,6.902052,40.787089,-100.711746,3.958665,3.443280,-0.031899,-0.384799,0.041968,0.035802
2.534799,46.591889,-283.668830,6.573084,6.892773,40.787089,-100.711746,3.958665,3.443280,-0.031717,-0.384799,0.041918,0.035802
2.535321,46.591889,-283.668830,6.573084,6.892773,40.787089,-100.711746,3.958665,3.443280,-0.031717,-0.384799,0.041918,0.035802
2.535842,46.637071,-283.558053,6.554677,7.000051,40.742417,-100.967071,4.000132,3.567478,-0.032272,-0.383539,0.042034,0.036210
2.536363,46.603084,-283.525315,6.542455,6.990675,40.588313,-101.035386,3.914927,3.580439,-0.032948,-0.381991,0.041758,0.035544
2.536884,46.731363,-283.545230,6.483601,7.022977,40.587321,-100.963964,3.914733,3.566430,-0.033638,-0.382228,0.041460,0.035547
2.537406,46.603084,-283.525315,6.542455,6.990675,40.665210,-100.924363,3.958896,3.564113,-0.032507,-0.383028,0.041857,0.035899
2.537927,46.525023,-283.654942,6.525126,6.917176,40.702164,-100.977578,4.024039,3.560073,-0.031864,-0.383160,0.041945,0.036396
2.538448,46.591889,-283.668830,6.573084,6.892773,40.742417,-100.967071,4.000132,3.567478,-0.032006,-0.383539,0.042094,0.036210
2.538969,46.626230,-283.609250,6.563057,6.961081,40.857390,-101.166870,4.055312,3.654384,-0.031610,-0.383831,0.042266,0.036676
2.539491,46.626230,-283.609250,6.563057,6.961081,40.823182,-100.770693,4.025029,3.444609,-0.031728,-0.384903,0.042087,0.036315
2.540012,46.626230,-283.609250,6.563057,6.961081,40.744614,-100.724310,3.984748,3.436835,-0.032149,-0.384394,0.041962,0.036008
2.540533,46.568308,-283.513983,6.674684,7.007444,40.665210,-100.924363,3.958896,3.564113,-0.032319,-0.383028,0.042480,0.035899
2.541054,46.568308,-283.513983,6.674684,7.007444,40.624937,-100.935243,3.982791,3.556754,-0.032541,-0.382647,0.042549,0.036085
2.541576,46.626230,-283.609250,6.563057,6.961081,40.507388,-100.992472,3.867433,3.577939,-0.033494,-0.381448,0.041693,0.035185
2.542097,46.706766,-283.560961,6.609039,6.958958,40.702164,-100.977578,4.024039,3.560073,-0.032875,-0.383160,0.042357,0.036396
2.542618,46.706766,-283.560961,6.609039,6.958958,40.677050,-101.062412,3.852694,3.591292,-0.033028,-0.382655,0.041896,0.035040
2.543139,46.706766,-283.560961,6.609039,6.958958,40.677050,-101.062412,3.852694,3.591292,-0.033028,-0.382655,0.041896,0.035040
2.543661,46.622100,-283.620284,6.501723,6.980064,40.702164,-100.977578,4.024039,3.560073,-0.032401,-0.383160,0.041844,0.036396
2.544182,46.528606,-283.632560,6.570869,6.957159,40.548019,-101.045738,3.938818,3.572612,-0.032743,-0.381613,0.041936,0.035729
2.544703,46.528606,-283.632560,6.570869,6.957159,40.548019,-101.045738,3.938818,3.572612,-0.032743,-0.381613,0.041936,0.035729
2.545224,46.528606,-283.632560,6.570869,6.957159,40.715052,-100.911305,3.812182,3.459706,-0.031806,-0.383497,0.041555,0.034598
2.545745,46.539762,-283.581464,6.562681,6.996189,40.624220,-100.677036,3.976746,3.347092,-0.032331,-0.383529,0.041932,0.035875
2.546267,46.528606,-283.632560,6.570869,6.957159,40.667547,-100.663695,3.950916,3.353228,-0.032022,-0.383945,0.041883,0.035670
2.546788,46.528606,-283.632560,6.570869,6.957159,40.666332,-100.836284,3.941857,3.459339,-0.032059,-0.383340,0.041898,0.035667
2.547309,46.539762,-283.581464,6.562681,6.996189,40.666332,-100.836284,3.941857,3.459339,-0.032129,-0.383340,0.041871,0.035667
2.547830,46.622100,-283.620284,6.501723,6.980064,40.865619,-100.758559,3.998932,3.451166,-0.031470,-0.385307,0.041723,0.036109
2.548352,46.562739,-283.664789,6.583275,6.966167,40.744614,-100.724310,3.984748,3.436835,-0.031793,-0.384394,0.042044,0.036008
2.548873,46.562337,-283.756672,6.605436,6.906914,40.744614,-100.724310,3.984748,3.436835,-0.031775,-0.384394,0.042126,0.036008
2.549394,46.562337,-283.756672,6.605436,6.906914,40.542734,-100.792023,3.819285,3.477924,-0.032888,-0.382437,0.041681,0.034735
2.549915,46.562337,-283.756672,6.605436,6.906914,40.744614,-100.724310,3.984748,3.436835,-0.031775,-0.384394,0.042126,0.036008
2.550437,46.479936,-283.792003,6.557326,6.919550,40.787089,-100.711746,3.958665,3.443280,-0.031085,-0.384799,0.041818,0.035802
2.550958,46.479936,-283.792003,6.557326,6.919550,40.773257,-100.550032,4.004120,3.324773,-0.031133,-0.385241,0.041909,0.036085
2.551479,46.479936,-283.792003,6.557326,6.919550,40.784888,-100.553225,4.067935,3.345451,-0.031070,-0.385329,0.042092,0.036622
2.552000,46.574433,-283.687360,6.465869,7.002661,40.834658,-100.734602,4.006849,3.455632,-0.031363,-0.385126,0.041558,0.036190
2.552522,46.499210,-283.803867,6.516628,7.062799,40.596629,-100.814234,3.876891,3.489515,-0.032245,-0.382821,0.041418,0.035196
2.553043,46.480945,-283.699189,6.535214,6.979478,40.508224,-101.052707,3.867710,3.597851,-0.032689,-0.381250,0.041557,0.035193
2.553564,46.562337,-283.756672,6.605436,6.906914,40.512246,-100.766650,3.826496,3.482589,-0.033050,-0.382264,0.041694,0.034810
2.554085,46.666873,-283.601439,6.505798,7.028099,40.475890,-100.741680,3.841985,3.487116,-0.033844,-0.382039,0.041297,0.034952
2.554607,46.479936,-283.792003,6.557326,6.919550,40.512246,-100.766650,3.826496,3.482589,-0.032594,-0.382264,0.041460,0.034810
2.555128,46.479936,-283.792003,6.557326,6.919550,40.479403,-101.026988,3.873951,3.603287,-0.032820,-0.381092,0.041651,0.035261
2.555649,46.562337,-283.756672,6.605436,6.906914,40.542734,-100.792023,3.819285,3.477924,-0.032888,-0.382437,0.041681,0.034735
2.556170,46.479936,-283.792003,6.557326,6.919550,40.757407,-100.772622,3.966549,3.458926,-0.031257,-0.384336,0.041854,0.035870
2.556692,46.562337,-283.756672,6.605436,6.906914,40.576795,-100.588353,3.921099,3.346396,-0.032666,-0.383429,0.041915,0.035457
2.557213,46.479936,-283.792003,6.557326,6.919550,40.576795,-100.588353,3.921099,3.346396,-0.032211,-0.383429,0.041682,0.035457
2.557734,46.562337,-283.756672,6.605436,6.906914,40.533769,-100.602256,3.946488,3.340543,-0.032903,-0.383013,0.041989,0.035659
2.558255,46.479936,-283.792003,6.557326,6.919550,40.776031,-100.394065,4.083748,3.386453,-0.031091,-0.385805,0.042101,0.036844
2.558777,46.479936,-283.792003,6.557326,6.919550,40.660380,-100.563315,3.967973,3.333106,-0.031750,-0.384230,0.041809,0.035816
2.559298,46.562337,-283.756672,6.605436,6.906914,40.660380,-100.563315,3.967973,3.333106,-0.032206,-0.384230,0.042041,0.035816
2.559819,46.562337,-283.756672,6.605436,6.906914,40.635004,-100.738251,3.948557,3.444674,-0.032375,-0.383410,0.042027,0.035737
2.560340,46.479936,-283.792003,6.557326,6.919550,40.679317,-100.760713,4.007103,3.456974,-0.031681,-0.383711,0.041965,0.036210
2.560862,46.479936,-283.792003,6.557326,6.919550,40.627264,-100.839588,3.869512,3.484587,-0.031979,-0.382995,0.041596,0.035120
2.561383,46.479936,-283.792003,6.557326,6.919550,40.627264,-100.839588,3.869512,3.484587,-0.031979,-0.382995,0.041596,0.035120
2.561904,46.479936,-283.792003,6.557326,6.919550,40.627264,-100.839588,3.869512,3.484587,-0.031979,-0.382995,0.041596,0.035120
2.562425,46.479936,-283.792003,6.557326,6.919550,40.840719,-100.964092,4.041017,3.572761,-0.030835,-0.384386,0.042110,0.036530
2.562946,46.562337,-283.756672,6.605436,6.906914,40.600015,-100.786931,3.963768,3.469225,-0.032575,-0.382944,0.042080,0.035879
2.563468,46.562337,-283.756672,6.605436,6.906914,40.679317,-100.760713,4.007103,3.456974,-0.032137,-0.383711,0.042197,0.036210
2.563989,46.562337,-283.756672,6.605436,6.906914,40.715366,-100.784744,3.992051,3.452245,-0.031945,-0.383936,0.042160,0.036070
2.564510,46.562337,-283.756672,6.605436,6.906914,40.715366,-100.784744,3.992051,3.452245,-0.031945,-0.383936,0.042160,0.036070
2.565031,46.562337,-283.756672,6.605436,6.906914,40.702986,-100.868663,3.926396,3.430291,-0.032027,-0.383541,0.041995,0.035494
2.565553,46.562337,-283.756672,6.605436,6.906914,40.826591,-100.651298,3.979609,3.555558,-0.031315,-0.385345,0.042095,0.036113
2.566074,46.562337,-283.756672,6.605436,6.906914,40.973975,-100.569140,4.052708,3.555636,-0.030497,-0.386887,0.042285,0.036702
2.566595,46.562337,-283.756672,6.605436,6.906914,40.791999,-100.663186,3.912737,3.575974,-0.031505,-0.385009,0.041911,0.035603
2.567116,46.562337,-283.756672,6.605436,6.906914,40.724378,-100.545353,3.936558,3.559244,-0.031854,-0.384839,0.041950,0.035819
2.567638,46.562337,-283.756672,6.605436,6.906914,40.724378,-100.545353,3.936558,3.559244,-0.031854,-0.384839,0.041950,0.035819
2.568159,46.562337,-283.756672,6.605436,6.906914,40.760480,-100.567951,3.920470,3.556733,-0.031661,-0.385069,0.041910,0.035675
2.568680,46.562337,-283.756672,6.605436,6.906914,40.873359,-100.662624,4.060518,3.468106,-0.031061,-0.385705,0.042328,0.036652
2.569201,46.562337,-283.756672,6.605436,6.906914,40.792658,-100.746806,4.032372,3.449175,-0.031516,-0.384726,0.042266,0.036391
2.569723,46.562337,-283.756672,6.605436,6.906914,40.756578,-100.723284,4.047545,3.453620,-0.031709,-0.384499,0.042304,0.036531
2.570244,46.562337,-283.756672,6.605436,6.906914,40.792658,-100.746806,4.032372,3.449175,-0.031516,-0.384726,0.042266,0.036391
2.570765,46.562337,-283.756672,6.605436,6.906914,40.600015,-100.786931,3.963768,3.469225,-0.032575,-0.382944,0.042080,0.035879
2.571286,46.562337,-283.756672,6.605436,6.906914,40.599005,-100.714210,3.963490,3.449163,-0.032567,-0.383185,0.042063,0.035875
2.571808,46.562337,-283.756672,6.605436,6.906914,40.715366,-100.784744,3.992051,3.452245,-0.031945,-0.383936,0.042160,0.036070
2.572329,46.562337,-283.756672,6.605436,6.906914,40.554227,-101.064187,3.989609,3.609142,-0.032875,-0.381602,0.042217,0.036172
2.572850,46.562337,-283.756672,6.605436,6.906914,40.520746,-101.039658,4.002641,3.614448,-0.033053,-0.381401,0.042248,0.036295
2.573371,46.562337,-283.756672,6.605436,6.906914,40.638324,-100.778714,4.031062,3.454636,-0.032364,-0.383299,0.042269,0.036401
2.573893,46.348355,-283.707193,6.793849,6.875326,40.629012,-100.655063,4.094198,3.551164,-0.031234,-0.383646,0.043311,0.037058
2.574414,46.562337,-283.756672,6.605436,6.906914,40.605805,-100.641962,3.918341,3.594107,-0.032518,-0.383492,0.041920,0.035702
2.574935,46.562337,-283.756672,6.605436,6.906914,40.679317,-100.760713,4.007103,3.456974,-0.032137,-0.383711,0.042197,0.036210
2.575456,46.348355,-283.707193,6.793849,6.875326,40.720214,-100.624323,4.027046,3.559314,-0.030731,-0.384531,0.043116,0.036522
2.575978,46.348355,-283.707193,6.793849,6.875326,41.208533,-100.426041,4.329921,3.539663,-0.028036,-0.389386,0.043938,0.038923
2.576499,46.562337,-283.756672,6.605436,6.906914,40.679317,-100.760713,4.007103,3.456974,-0.032137,-0.383711,0.042197,0.036210
2.577020,46.562337,-283.756672,6.605436,6.906914,41.081734,-100.688696,4.152580,3.692939,-0.029929,-0.387390,0.042601,0.037612
2.577541,46.562337,-283.756672,6.605436,6.906914,40.840719,-100.964092,4.041017,3.572761,-0.031291,-0.384386,0.042342,0.036530
2.578062,46.562337,-283.756672,6.605436,6.906914,40.680271,-101.224800,4.041214,3.701775,-0.032214,-0.382126,0.042402,0.036627
2.578584,46.562337,-283.756672,6.605436,6.906914,40.840719,-100.964092,4.041017,3.572761,-0.031291,-0.384386,0.042342,0.036530
2.579105,46.348355,-283.707193,6.793849,6.875326,40.840719,-100.964092,4.041017,3.572761,-0.030130,-0.384386,0.043236,0.036530
2.579626,46.361879,-283.566855,6.763212,6.972030,40.679317,-100.760713,4.007103,3.456974,-0.031075,-0.383711,0.042982,0.036210
2.580147,46.562337,-283.756672,6.605436,6.906914,40.840719,-100.964092,4.041017,3.572761,-0.031291,-0.384386,0.042342,0.036530
2.580669,46.348355,-283.707193,6.793849,6.875326,40.840719,-100.964092,4.041017,3.572761,-0.030130,-0.384386,0.043236,0.036530
2.581190,46.562337,-283.756672,6.605436,6.906914,40.840719,-100.964092,4.041017,3.572761,-0.031291,-0.384386,0.042342,0.036530
2.581711,46.559243,-283.780983,6.560295,6.865300,40.755873,-100.669928,3.974876,3.517401,-0.031683,-0.384677,0.041869,0.036035
2.582232,46.559243,-283.780983,6.560295,6.865300,40.683572,-100.802438,3.977761,3.683095,-0.032100,-0.383603,0.041908,0.036226
2.582754,46.559243,-283.780983,6.560295,6.865300,40.683572,-100.802438,3.977761,3.683095,-0.032100,-0.383603,0.041908,0.036226
2.583275,46.566574,-283.773446,6.571925,6.856848,40.760726,-100.605840,4.002720,3.561342,-0.031686,-0.384940,0.041989,0.036329
2.583796,46.566574,-283.773446,6.571925,6.856848,40.604973,-100.582088,3.917969,3.567324,-0.032532,-0.383692,0.041744,0.035685
2.584317,46.503429,-283.735510,6.569474,6.922899,40.687797,-100.408004,3.917551,3.702056,-0.031712,-0.385002,0.041703,0.035886
2.584839,46.502586,-283.828593,6.591707,6.861533,40.604973,-100.582088,3.917969,3.567324,-0.032173,-0.383692,0.041825,0.035685
2.585360,46.502586,-283.828593,6.591707,6.861533,40.684264,-100.629604,3.961999,3.575211,-0.031749,-0.384205,0.041960,0.036022
2.585881,46.520827,-283.933090,6.572692,6.945801,40.684264,-100.629604,3.961999,3.575211,-0.031830,-0.384205,0.041847,0.036022
2.586402,46.520827,-283.933090,6.572692,6.945801,40.684264,-100.629604,3.961999,3.575211,-0.031830,-0.384205,0.041847,0.036022
2.586924,46.596373,-283.991627,6.608709,6.956825,40.684264,-100.629604,3.961999,3.575211,-0.032232,-0.384205,0.042001,0.036022
2.587445,46.596373,-283.991627,6.608709,6.956825,40.760726,-100.605840,4.002720,3.561342,-0.031811,-0.384940,0.042111,0.036329
2.587966,46.596526,-283.898711,6.586724,7.017980,40.868544,-100.638598,3.953178,3.562060,-0.031246,-0.385747,0.041899,0.035907
2.588487,46.596526,-283.898711,6.586724,7.017980,41.082703,-100.760603,3.872691,3.931291,-0.030098,-0.387149,0.041705,0.035667
2.589009,46.596526,-283.898711,6.586724,7.017980,41.050878,-100.695251,3.768066,3.855686,-0.030261,-0.387105,0.041404,0.034768
2.589530,46.596526,-283.898711,6.586724,7.017980,40.823039,-100.675617,3.952298,3.811926,-0.031500,-0.385231,0.041905,0.036201
2.590051,46.659801,-283.845277,6.566410,7.015160,40.670396,-100.805264,3.914510,3.673094,-0.032710,-0.383481,0.041744,0.035709
2.590572,46.659801,-283.845277,6.566410,7.015160,40.607462,-100.758820,3.935853,3.679173,-0.033045,-0.383104,0.041793,0.035910
2.591094,46.660109,-283.938482,6.588502,6.954228,40.683572,-100.802438,3.977761,3.683095,-0.032623,-0.383603,0.042003,0.036226
2.591615,46.660109,-283.938482,6.588502,6.954228,40.907931,-100.525660,4.076413,3.560310,-0.031352,-0.386475,0.042221,0.036922
2.592136,46.596373,-283.991627,6.608709,6.956825,40.828402,-100.720116,4.053413,3.683685,-0.031462,-0.385123,0.042282,0.036835
2.592657,46.596373,-283.991627,6.608709,6.956825,40.948904,-100.512676,4.051216,3.566176,-0.030770,-0.386870,0.042228,0.036724
2.593179,46.596373,-283.991627,6.608709,6.956825,41.015808,-100.556257,4.026234,3.561698,-0.030413,-0.387289,0.042168,0.036495
2.593700,46.596526,-283.898711,6.586724,7.017980,40.907931,-100.525660,4.076413,3.560310,-0.031012,-0.386475,0.042223,0.036922
2.594221,46.660109,-283.938482,6.588502,6.954228,41.015808,-100.556257,4.026234,3.561698,-0.030769,-0.387289,0.042086,0.036495
2.594742,46.660109,-283.938482,6.588502,6.954228,41.015808,-100.556257,4.026234,3.561698,-0.030769,-0.387289,0.042086,0.036495
2.595263,46.660109,-283.938482,6.588502,6.954228,40.790995,-100.590904,3.912434,3.554151,-0.032000,-0.385251,0.041772,0.035596
2.595785,46.660109,-283.938482,6.588502,6.954228,40.724378,-100.545353,3.936558,3.559244,-0.032355,-0.384839,0.041829,0.035819
2.596306,46.660109,-283.938482,6.588502,6.954228,40.772039,-100.537847,3.898868,3.568079,-0.032094,-0.385272,0.041722,0.035523
2.596827,46.660109,-283.938482,6.588502,6.954228,40.772039,-100.537847,3.898868,3.568079,-0.032094,-0.385272,0.041722,0.035523
2.597348,46.660109,-283.938482,6.588502,6.954228,40.772039,-100.537847,3.898868,3.568079,-0.032094,-0.385272,0.041722,0.035523
2.597870,46.660109,-283.938482,6.588502,6.954228,40.849354,-100.585887,3.940042,3.576487,-0.031681,-0.385766,0.041848,0.035837
2.598391,46.660109,-283.938482,6.588502,6.954228,40.849354,-100.585887,3.940042,3.576487,-0.031681,-0.385766,0.041848,0.035837
2.598912,46.660109,-283.938482,6.588502,6.954228,40.772039,-100.537847,3.898868,3.568079,-0.032094,-0.385272,0.041722,0.035523
2.599433,46.707723,-283.961040,6.553282,6.955639,40.772039,-100.537847,3.898868,3.568079,-0.032349,-0.385272,0.041552,0.035523
2.599955,46.660109,-283.938482,6.588502,6.954228,40.870527,-100.510739,4.012965,3.531248,-0.031553,-0.386207,0.042037,0.036388
2.600476,46.660109,-283.938482,6.588502,6.954228,40.877682,-100.704279,3.943240,3.492364,-0.031547,-0.385598,0.041884,0.035724
2.600997,46.660109,-283.938482,6.588502,6.954228,40.897244,-100.935848,4.124380,3.768788,-0.031480,-0.384964,0.042454,0.037428
2.601518,46.660109,-283.938482,6.588502,6.954228,40.807761,-100.598822,3.966293,3.570148,-0.031910,-0.385366,0.041925,0.036042
2.602040,46.660109,-283.938482,6.588502,6.954228,40.882181,-100.563928,4.004456,3.564088,-0.031498,-0.386122,0.042025,0.036341
2.602561,46.660109,-283.938482,6.588502,6.954228,40.760726,-100.605840,4.002720,3.561342,-0.032167,-0.384940,0.042029,0.036329
2.603082,46.660109,-283.938482,6.588502,6.954228,40.830468,-100.837603,4.092054,3.665930,-0.031828,-0.384735,0.042337,0.037087
2.603603,46.660109,-283.938482,6.588502,6.954228,40.875703,-100.826586,4.057767,3.672909,-0.031579,-0.385158,0.042237,0.036818
2.604125,46.660109,-283.938482,6.588502,6.954228,40.875703,-100.826586,4.057767,3.672909,-0.031579,-0.385158,0.042237,0.036818
2.604646,46.660109,-283.938482,6.588502,6.954228,40.915721,-100.809873,4.033099,3.676362,-0.031358,-0.385557,0.042163,0.036624
2.605167,46.660109,-283.938482,6.588502,6.954228,40.798282,-101.004168,4.034541,3.769956,-0.032032,-0.383887,0.042211,0.036706
2.605688,46.660109,-283.938482,6.588502,6.954228,40.905851,-100.850493,4.041571,3.646610,-0.031419,-0.385332,0.042196,0.036645
2.606210,46.660109,-283.938482,6.588502,6.954228,40.905851,-100.850493,4.041571,3.646610,-0.031419,-0.385332,0.042196,0.036645
2.606731,46.660109,-283.938482,6.588502,6.954228,40.905851,-100.850493,4.041571,3.646610,-0.031419,-0.385332,0.042196,0.036645
2.607252,46.444716,-283.886378,6.780677,6.923664,40.915721,-100.809873,4.033099,3.676362,-0.030191,-0.385557,0.043074,0.036624
2.607773,46.660109,-283.938482,6.588502,6.954228,40.694363,-101.087453,3.877143,3.568860,-0.032615,-0.382716,0.041787,0.035199
2.608295,46.660109,-283.938482,6.588502,6.954228,40.598013,-100.983758,3.841694,3.513925,-0.033122,-0.382251,0.041665,0.034894
2.608816,46.707723,-283.961040,6.553282,6.955639,40.734976,-101.043816,3.631526,3.427387,-0.032641,-0.383212,0.040939,0.033078
2.609337,46.707723,-283.961040,6.553282,6.955639,40.748930,-101.057346,3.833757,3.481775,-0.032567,-0.383284,0.041489,0.034750
2.609858,46.707723,-283.961040,6.553282,6.955639,40.734976,-101.043816,3.631526,3.427387,-0.032641,-0.383212,0.040939,0.033078
2.610379,46.660109,-283.938482,6.588502,6.954228,40.532325,-101.004648,3.793388,3.397715,-0.033485,-0.381619,0.041536,0.034374
2.610901,46.660109,-283.938482,6.588502,6.954228,40.463458,-100.949938,3.817097,3.411841,-0.033851,-0.381219,0.041588,0.034605
2.611422,46.596373,-283.991627,6.608709,6.956825,40.463458,-100.949938,3.817097,3.411841,-0.033493,-0.381219,0.041672,0.034605
2.611943,46.707723,-283.961040,6.553282,6.955639,40.463458,-100.949938,3.817097,3.411841,-0.034106,-0.381219,0.041417,0.034605
2.612464,46.707723,-283.961040,6.553282,6.955639,40.300023,-101.169473,3.846867,3.516885,-0.035040,-0.379076,0.041547,0.034925
2.612986,46.707723,-283.961040,6.553282,6.955639,40.259301,-101.122398,3.753865,3.525131,-0.035254,-0.378888,0.041282,0.034209
2.613507,46.707723,-283.961040,6.553282,6.955639,39.958313,-101.004626,3.631802,3.592891,-0.036874,-0.376715,0.040926,0.033387
2.614028,46.707723,-283.961040,6.553282,6.955639,39.937206,-101.069323,3.587559,3.561222,-0.037002,-0.376315,0.040824,0.032980
2.614549,46.707723,-283.961040,6.553282,6.955639,40.300023,-101.169473,3.846867,3.516885,-0.035040,-0.379076,0.041547,0.034925
2.615071,46.707723,-283.961040,6.553282,6.955639,40.415785,-100.926299,3.783092,3.408658,-0.034362,-0.380893,0.041318,0.034342
2.615592,46.707723,-283.961040,6.553282,6.955639,40.415785,-100.926299,3.783092,3.408658,-0.034362,-0.380893,0.041318,0.034342
2.616113,46.707723,-283.961040,6.553282,6.955639,40.294225,-100.944223,3.622709,3.426277,-0.035029,-0.379793,0.040891,0.033088
2.616634,46.707723,-283.961040,6.553282,6.955639,40.554408,-100.902144,3.809660,3.446891,-0.033601,-0.382159,0.041386,0.034588
2.617156,46.707723,-283.961040,6.553282,6.955639,40.929768,-100.969183,3.532578,3.502479,-0.031564,-0.385126,0.040665,0.032385
2.617677,46.707723,-283.961040,6.553282,6.955639,40.918362,-100.796652,3.577645,3.388532,-0.031597,-0.385625,0.040744,0.032647
2.618198,46.690799,-283.856363,6.572763,6.871738,40.918362,-100.796652,3.577645,3.388532,-0.031523,-0.385625,0.040860,0.032647
2.618719,46.707723,-283.961040,6.553282,6.955639,40.888873,-101.340324,3.642673,3.718421,-0.031852,-0.383503,0.041037,0.033432
2.619241,46.707723,-283.961040,6.553282,6.955639,40.882998,-100.944550,3.498478,3.500064,-0.031815,-0.384813,0.040572,0.032125
2.619762,46.707723,-283.961040,6.553282,6.955639,40.882998,-100.944550,3.498478,3.500064,-0.031815,-0.384813,0.040572,0.032125
2.620283,46.707723,-283.961040,6.553282,6.955639,40.882998,-100.944550,3.498478,3.500064,-0.031815,-0.384813,0.040572,0.032125
2.620804,46.707723,-283.961040,6.553282,6.955639,40.693883,-100.927082,3.639235,3.463026,-0.032845,-0.383263,0.040934,0.033220
2.621326,46.707723,-283.961040,6.553282,6.955639,40.693883,-100.927082,3.639235,3.463026,-0.032845,-0.383263,0.040934,0.033220
2.621847,46.707723,-283.961040,6.553282,6.955639,40.504792,-100.907856,3.848509,3.437186,-0.033873,-0.381716,0.041494,0.034893
2.622368,46.707723,-283.961040,6.553282,6.955639,40.504792,-100.907856,3.848509,3.437186,-0.033873,-0.381716,0.041494,0.034893
2.622889,46.707723,-283.961040,6.553282,6.955639,40.504792,-100.907856,3.848509,3.437186,-0.033873,-0.381716,0.041494,0.034893
2.623411,46.707723,-283.961040,6.553282,6.955639,40.583700,-100.938568,3.740522,3.439304,-0.033448,-0.382284,0.041206,0.034011
2.623932,46.707723,-283.961040,6.553282,6.955639,40.583700,-100.938568,3.740522,3.439304,-0.033448,-0.382284,0.041206,0.034011
2.624453,46.707723,-283.961040,6.553282,6.955639,40.397388,-100.900840,3.608855,3.470886,-0.034458,-0.380823,0.040845,0.033032
2.624974,46.660109,-283.938482,6.588502,6.954228,40.397388,-100.900840,3.608855,3.470886,-0.034202,-0.380823,0.041019,0.033032
2.625496,46.660109,-283.938482,6.588502,6.954228,40.204793,-100.924630,3.506473,3.436261,-0.035258,-0.379096,0.040758,0.032189
2.626017,46.660109,-283.938482,6.588502,6.954228,40.266007,-100.845290,3.525693,3.478983,-0.034908,-0.379890,0.040790,0.032410
2.626538,46.660109,-283.938482,6.588502,6.954228,40.294507,-100.964491,3.622646,3.421712,-0.034776,-0.379727,0.041069,0.033077
2.627059,46.660109,-283.938482,6.588502,6.954228,40.462222,-100.919736,3.873984,3.429777,-0.033852,-0.381312,0.041738,0.035092
2.627580,46.707723,-283.961040,6.553282,6.955639,40.586027,-100.948235,3.801758,3.436492,-0.033437,-0.382271,0.041375,0.034495
2.628102,46.707723,-283.961040,6.553282,6.955639,40.586027,-100.948235,3.801758,3.436492,-0.033437,-0.382271,0.041375,0.034495
2.628623,46.707723,-283.961040,6.553282,6.955639,40.529531,-101.015465,3.730986,3.395413,-0.033758,-0.381559,0.041197,0.033868
2.629144,46.707723,-283.961040,6.553282,6.955639,40.529531,-101.015465,3.730986,3.395413,-0.033758,-0.381559,0.041197,0.033868
2.629665,46.707723,-283.961040,6.553282,6.955639,40.529531,-101.015465,3.730986,3.395413,-0.033758,-0.381559,0.041197,0.033868
2.630187,46.707723,-283.961040,6.553282,6.955639,40.484752,-101.000793,3.759376,3.390081,-0.034000,-0.381227,0.041271,0.034099
2.630708,46.658906,-283.765255,6.585620,6.813452,40.688230,-101.028759,3.664338,3.422019,-0.032662,-0.382865,0.041221,0.033343
2.631229,46.643406,-284.014214,6.574397,6.958066,40.390806,-100.998082,3.825145,3.377252,-0.034151,-0.380434,0.041537,0.034627
2.631750,46.658906,-283.765255,6.585620,6.813452,40.745792,-100.809151,4.029788,3.375811,-0.032309,-0.384111,0.042177,0.036277
2.632272,46.658906,-283.765255,6.585620,6.813452,40.745792,-100.809151,4.029788,3.375811,-0.032309,-0.384111,0.042177,0.036277
2.632793,46.658906,-283.765255,6.585620,6.813452,40.390806,-100.998082,3.825145,3.377252,-0.034282,-0.380434,0.041645,0.034627
2.633314,46.610766,-283.743089,6.620705,6.811830,40.390806,-100.998082,3.825145,3.377252,-0.034023,-0.380434,0.041817,0.034627
2.633835,46.658906,-283.765255,6.585620,6.813452,40.434023,-100.986403,3.799189,3.384905,-0.034044,-0.380843,0.041572,0.034424
2.634357,46.658906,-283.765255,6.585620,6.813452,40.735153,-100.956851,3.978241,3.340109,-0.032393,-0.383512,0.042065,0.035780
2.634878,46.658906,-283.765255,6.585620,6.813452,40.434023,-100.986403,3.799189,3.384905,-0.034044,-0.380843,0.041572,0.034424
2.635399,46.593998,-283.820667,6.606251,6.818572,40.333018,-100.995576,3.889983,3.430286,-0.034232,-0.379950,0.041908,0.035218
2.635920,46.707723,-283.961040,6.553282,6.955639,40.485117,-101.027106,3.759340,3.387540,-0.034002,-0.381140,0.041276,0.034089
2.636442,46.707723,-283.961040,6.553282,6.955639,40.485117,-101.027106,3.759340,3.387540,-0.034002,-0.381140,0.041276,0.034089
2.636963,46.772956,-283.881015,6.576656,6.992904,40.485117,-101.027106,3.759340,3.387540,-0.034374,-0.381140,0.041405,0.034089
2.637484,46.707723,-283.961040,6.553282,6.955639,40.492586,-100.946245,3.867515,3.423473,-0.033947,-0.381480,0.041555,0.035021
2.638005,46.663950,-284.056755,6.554175,6.891104,40.492586,-100.946245,3.867515,3.423473,-0.033690,-0.381480,0.041538,0.035021
2.638527,46.663950,-284.056755,6.554175,6.891104,40.492586,-100.946245,3.867515,3.423473,-0.033690,-0.381480,0.041538,0.035021
2.639048,46.663950,-284.056755,6.554175,6.891104,40.405220,-100.937842,3.813471,3.443324,-0.034165,-0.380763,0.041386,0.034624
2.639569,46.663950,-284.056755,6.554175,6.891104,40.619839,-101.103917,4.004104,3.490425,-0.033024,-0.382026,0.041958,0.036130
2.640090,46.599482,-284.109616,6.574969,6.893313,40.834184,-100.922747,3.942020,3.385388,-0.031462,-0.384473,0.041828,0.035534
2.640612,46.587856,-284.219385,6.555116,6.987697,40.834184,-100.922747,3.942020,3.385388,-0.031380,-0.384473,0.041711,0.035534
2.641133,46.663950,-284.056755,6.554175,6.891104,40.988530,-100.830024,4.020017,3.396531,-0.030965,-0.386107,0.041943,0.036177
2.641654,46.707723,-283.961040,6.553282,6.955639,40.895531,-100.805619,4.084996,3.385556,-0.031723,-0.385399,0.042141,0.036711
2.642175,46.663950,-284.056755,6.554175,6.891104,40.988530,-100.830024,4.020017,3.396531,-0.030965,-0.386107,0.041943,0.036177
2.642696,46.663950,-284.056755,6.554175,6.891104,40.988530,-100.830024,4.020017,3.396531,-0.030965,-0.386107,0.041943,0.036177
2.643218,46.663950,-284.056755,6.554175,6.891104,40.988530,-100.830024,4.020017,3.396531,-0.030965,-0.386107,0.041943,0.036177
2.643739,46.631546,-284.123878,6.554788,7.051918,40.895531,-100.805619,4.084996,3.385556,-0.031280,-0.385399,0.042112,0.036711
2.644260,46.707723,-283.961040,6.553282,6.955639,40.862116,-100.844863,4.021356,3.380583,-0.031912,-0.384979,0.041967,0.036186
2.644781,46.707723,-283.961040,6.553282,6.955639,40.535624,-100.934459,3.841448,3.430989,-0.033710,-0.381888,0.041481,0.034818
2.645303,46.658906,-283.765255,6.585620,6.813452,40.745096,-100.753811,4.079325,3.380683,-0.032303,-0.384296,0.042306,0.036699
2.645824,46.725467,-283.685495,6.609427,6.850822,40.745096,-100.753811,4.079325,3.380683,-0.032680,-0.384296,0.042435,0.036699
2.646345,46.725467,-283.685495,6.609427,6.850822,40.786979,-100.735552,4.054682,3.382508,-0.032448,-0.384716,0.042360,0.036501
2.646866,46.725467,-283.685495,6.609427,6.850822,40.823016,-100.758718,4.069113,3.386713,-0.032256,-0.384943,0.042407,0.036610
2.647388,46.725467,-283.685495,6.609427,6.850822,40.817839,-100.759661,4.047468,3.377472,-0.032284,-0.384896,0.042346,0.036425
2.647909,46.725467,-283.685495,6.609427,6.850822,40.775518,-100.777884,4.072662,3.375537,-0.032518,-0.384472,0.042421,0.036628
2.648430,46.677436,-283.663787,6.644530,6.848830,40.817839,-100.759661,4.047468,3.377472,-0.032025,-0.384896,0.042515,0.036425
2.648951,46.725467,-283.685495,6.609427,6.850822,40.864576,-100.781524,4.092418,3.390823,-0.032033,-0.385219,0.042480,0.036789
2.649473,46.677436,-283.663787,6.644530,6.848830,40.786979,-100.735552,4.054682,3.382508,-0.032190,-0.384716,0.042529,0.036501
2.649994,46.772956,-283.881015,6.576656,6.992904,40.745096,-100.753811,4.079325,3.380683,-0.032904,-0.384296,0.042238,0.036699
2.650515,46.658906,-283.765255,6.585620,6.813452,40.745096,-100.753811,4.079325,3.380683,-0.032303,-0.384296,0.042306,0.036699
2.651036,46.651660,-283.933544,6.554792,6.962166,40.745096,-100.753811,4.079325,3.380683,-0.032233,-0.384296,0.042125,0.036699
2.651558,46.651660,-283.933544,6.554792,6.962166,40.745096,-100.753811,4.079325,3.380683,-0.032233,-0.384296,0.042125,0.036699
2.652079,46.651660,-283.933544,6.554792,6.962166,40.745096,-100.753811,4.079325,3.380683,-0.032233,-0.384296,0.042125,0.036699
2.652600,46.612961,-284.021185,6.486197,7.049393,40.745096,-100.753811,4.079325,3.380683,-0.032007,-0.384296,0.041789,0.036699
2.653121,46.612961,-284.021185,6.486197,7.049393,40.786979,-100.735552,4.054682,3.382508,-0.031776,-0.384716,0.041714,0.036501
2.653643,46.612961,-284.021185,6.486197,7.049393,40.786979,-100.735552,4.054682,3.382508,-0.031776,-0.384716,0.041714,0.036501
2.654164,46.549336,-284.073920,6.507063,7.050665,40.823016,-100.758718,4.069113,3.386713,-0.031227,-0.384943,0.041846,0.036610
2.654685,46.549336,-284.073920,6.507063,7.050665,40.786979,-100.735552,4.054682,3.382508,-0.031420,-0.384716,0.041799,0.036501
2.655206,46.549336,-284.073920,6.507063,7.050665,40.786979,-100.735552,4.054682,3.382508,-0.031420,-0.384716,0.041799,0.036501
2.655728,46.549336,-284.073920,6.507063,7.050665,40.775518,-100.777884,4.072662,3.375537,-0.031490,-0.384472,0.041860,0.036628
2.656249,46.549336,-284.073920,6.507063,7.050665,40.775518,-100.777884,4.072662,3.375537,-0.031490,-0.384472,0.041860,0.036628
2.656770,46.631546,-284.123878,6.554788,7.051918,40.532063,-100.678074,3.841570,3.439733,-0.033237,-0.382738,0.041394,0.034903
2.657291,46.631546,-284.123878,6.554788,7.051918,40.938404,-100.793696,4.058889,3.391996,-0.031044,-0.385806,0.042034,0.036504
2.657813,46.549336,-284.073920,6.507063,7.050665,40.532063,-100.678074,3.841570,3.439733,-0.032799,-0.382738,0.041182,0.034903
2.658334,46.549336,-284.073920,6.507063,7.050665,40.726016,-100.737896,3.934422,3.415499,-0.031752,-0.384188,0.041456,0.035577
2.658855,46.612961,-284.021185,6.486197,7.049393,40.532063,-100.678074,3.841570,3.439733,-0.033155,-0.382738,0.041096,0.034903
2.659376,46.612961,-284.021185,6.486197,7.049393,40.860761,-100.747312,4.021401,3.383801,-0.031376,-0.385305,0.041621,0.036218
2.659897,46.612961,-284.021185,6.486197,7.049393,40.786979,-100.735552,4.054682,3.382508,-0.031776,-0.384716,0.041714,0.036501
2.660419,46.612961,-284.021185,6.486197,7.049393,40.823016,-100.758718,4.069113,3.386713,-0.031583,-0.384943,0.041761,0.036610
2.660940,46.624859,-283.909136,6.505826,6.952407,40.865452,-100.746512,4.043577,3.393001,-0.031434,-0.385347,0.041801,0.036407
2.661461,46.624859,-283.909136,6.505826,6.952407,40.865452,-100.746512,4.043577,3.393001,-0.031434,-0.385347,0.041801,0.036407
2.661982,46.624859,-283.909136,6.505826,6.952407,40.697412,-101.027712,4.044973,3.558034,-0.032400,-0.382947,0.041868,0.036547
2.662504,46.691181,-283.828904,6.530729,6.989388,40.907007,-100.769528,4.066887,3.397168,-0.031587,-0.385622,0.042007,0.036586
2.663025,46.691181,-283.828904,6.530729,6.989388,40.907007,-100.769528,4.066887,3.397168,-0.031587,-0.385622,0.042007,0.036586
2.663546,46.691181,-283.828904,6.530729,6.989388,40.907007,-100.769528,4.066887,3.397168,-0.031587,-0.385622,0.042007,0.036586
2.664067,46.691181,-283.828904,6.530729,6.989388,40.907007,-100.769528,4.066887,3.397168,-0.031587,-0.385622,0.042007,0.036586
2.664589,46.691181,-283.828904,6.530729,6.989388,40.828070,-100.757797,4.107646,3.395953,-0.032015,-0.384990,0.042122,0.036931
2.665110,46.691181,-283.828904,6.530729,6.989388,40.907007,-100.769528,4.066887,3.397168,-0.031587,-0.385622,0.042007,0.036586
2.665631,46.691181,-283.828904,6.530729,6.989388,40.907007,-100.769528,4.066887,3.397168,-0.031587,-0.385622,0.042007,0.036586
2.666152,46.691181,-283.828904,6.530729,6.989388,40.907007,-100.769528,4.066887,3.397168,-0.031587,-0.385622,0.042007,0.036586
2.666674,46.691181,-283.828904,6.530729,6.989388,40.907007,-100.769528,4.066887,3.397168,-0.031587,-0.385622,0.042007,0.036586
2.667195,46.691181,-283.828904,6.530729,6.989388,40.907007,-100.769528,4.066887,3.397168,-0.031587,-0.385622,0.042007,0.036586
2.667716,46.691181,-283.828904,6.530729,6.989388,40.907007,-100.769528,4.066887,3.397168,-0.031587,-0.385622,0.042007,0.036586
2.668237,46.624859,-283.909136,6.505826,6.952407,40.913887,-100.847099,3.929164,3.387790,-0.031187,-0.385412,0.041498,0.035443
2.668759,46.624859,-283.909136,6.505826,6.952407,40.990943,-100.794962,3.968382,3.399333,-0.030758,-0.386249,0.041598,0.035775
2.669280,46.624859,-283.909136,6.505826,6.952407,40.543317,-100.953922,3.718813,3.462594,-0.033228,-0.381887,0.040938,0.033866
2.669801,46.624859,-283.909136,6.505826,6.952407,40.822729,-100.799295,4.117109,3.388740,-0.031676,-0.384801,0.042026,0.036988
2.670322,46.624859,-283.909136,6.505826,6.952407,40.895531,-100.805619,4.084996,3.385556,-0.031280,-0.385399,0.041934,0.036711
2.670844,46.549336,-284.073920,6.507063,7.050665,40.895531,-100.805619,4.084996,3.385556,-0.030840,-0.385399,0.041903,0.036711
2.671365,46.549336,-284.073920,6.507063,7.050665,40.462222,-100.919736,3.873984,3.429777,-0.033223,-0.381312,0.041326,0.035092
2.671886,46.549336,-284.073920,6.507063,7.050665,40.462222,-100.919736,3.873984,3.429777,-0.033223,-0.381312,0.041326,0.035092
2.672407,46.549336,-284.073920,6.507063,7.050665,40.462222,-100.919736,3.873984,3.429777,-0.033223,-0.381312,0.041326,0.035092
2.672929,46.631546,-284.123878,6.554788,7.051918,40.673577,-100.846521,4.029170,3.387029,-0.032496,-0.383367,0.041959,0.036285
2.673450,46.631546,-284.123878,6.554788,7.051918,40.468023,-100.881677,3.863887,3.443199,-0.033623,-0.381492,0.041502,0.035037
2.673971,46.631546,-284.123878,6.554788,7.051918,40.468023,-100.881677,3.863887,3.443199,-0.033623,-0.381492,0.041502,0.035037
2.674492,46.631546,-284.123878,6.554788,7.051918,40.630591,-100.962281,3.773306,3.442156,-0.032751,-0.382602,0.041272,0.034263
2.675013,46.631546,-284.123878,6.554788,7.051918,40.598750,-100.935154,3.781816,3.448585,-0.032920,-0.382424,0.041289,0.034351
2.675535,46.612961,-284.021185,6.486197,7.049393,40.456507,-101.003233,3.716328,3.426018,-0.033626,-0.380978,0.040824,0.033800
2.676056,46.612961,-284.021185,6.486197,7.049393,40.545486,-101.011001,3.773271,3.405594,-0.033142,-0.381710,0.040982,0.034218
2.676577,46.612961,-284.021185,6.486197,7.049393,40.545486,-101.011001,3.773271,3.405594,-0.033142,-0.381710,0.040982,0.034218
2.677098,46.678885,-283.940721,6.511294,7.086161,40.414108,-100.955380,3.854872,3.402106,-0.034223,-0.380779,0.041330,0.034904
2.677620,46.612961,-284.021185,6.486197,7.049393,40.368121,-100.726733,3.654714,3.467875,-0.034057,-0.381169,0.040597,0.033446
2.678141,46.612961,-284.021185,6.486197,7.049393,40.368121,-100.726733,3.654714,3.467875,-0.034057,-0.381169,0.040597,0.033446
2.678662,46.624859,-283.909136,6.505826,6.952407,40.283493,-100.752795,3.664721,3.536855,-0.034609,-0.380356,0.040746,0.033614
2.679183,46.707723,-283.961040,6.553282,6.955639,40.512302,-100.685072,3.878691,3.584063,-0.033791,-0.382545,0.041528,0.035373
2.679705,46.707723,-283.961040,6.553282,6.955639,40.516469,-100.831253,3.755407,3.512423,-0.033795,-0.382078,0.041222,0.034257
2.680226,46.707723,-283.961040,6.553282,6.955639,40.473912,-100.849946,3.782330,3.509274,-0.034031,-0.381651,0.041299,0.034468
2.680747,46.707723,-283.961040,6.553282,6.955639,40.347947,-100.799053,3.858888,3.501610,-0.034708,-0.380749,0.041497,0.035105
2.681268,46.707723,-283.961040,6.553282,6.955639,40.426860,-100.680160,3.872351,3.577912,-0.034256,-0.381831,0.041508,0.035328
2.681790,46.707723,-283.961040,6.553282,6.955639,40.249436,-100.638565,3.750369,3.606420,-0.035215,-0.380455,0.041164,0.034421
2.682311,46.707723,-283.961040,6.553282,6.955639,40.309783,-100.645785,3.913168,3.596190,-0.034887,-0.380947,0.041613,0.035703
2.682832,46.707723,-283.961040,6.553282,6.955639,40.442087,-100.593976,3.820606,3.607408,-0.034157,-0.382258,0.041346,0.034972
2.683353,46.660109,-283.938482,6.588502,6.954228,40.442087,-100.593976,3.820606,3.607408,-0.033901,-0.382258,0.041517,0.034972
2.683875,46.573041,-283.882849,6.643702,6.962276,40.442087,-100.593976,3.820606,3.607408,-0.033437,-0.382258,0.041791,0.034972
2.684396,46.573041,-283.882849,6.643702,6.962276,40.779024,-100.365212,4.125337,3.670506,-0.031562,-0.385931,0.042592,0.037514
2.684917,46.660109,-283.938482,6.588502,6.954228,40.823401,-100.518228,4.049236,3.522785,-0.031811,-0.385779,0.042141,0.036675
2.685438,46.648085,-284.049096,6.568818,7.049685,40.823401,-100.518228,4.049236,3.522785,-0.031726,-0.385779,0.042025,0.036675
2.685960,46.648085,-284.049096,6.568818,7.049685,40.702509,-100.529422,4.132112,3.543000,-0.032386,-0.384708,0.042265,0.037382
2.686481,46.648085,-284.049096,6.568818,7.049685,40.702509,-100.529422,4.132112,3.543000,-0.032386,-0.384708,0.042265,0.037382
2.687002,46.695307,-284.071893,6.533765,7.051036,40.691365,-100.568671,4.140428,3.514399,-0.032707,-0.384477,0.042131,0.037407
2.687523,46.695307,-284.071893,6.533765,7.051036,40.681662,-100.582662,4.228742,3.517785,-0.032762,-0.384345,0.042394,0.038122
2.688045,46.707723,-283.961040,6.553282,6.955639,40.606821,-100.537300,4.192828,3.508986,-0.033249,-0.383862,0.042391,0.037848
2.688566,46.660109,-283.938482,6.588502,6.954228,40.702509,-100.529422,4.132112,3.543000,-0.032471,-0.384708,0.042381,0.037382
2.689087,46.660109,-283.938482,6.588502,6.954228,40.691365,-100.568671,4.140428,3.514399,-0.032539,-0.384477,0.042414,0.037407
2.689608,46.707066,-283.867330,6.531241,7.017073,40.691365,-100.568671,4.140428,3.514399,-0.032807,-0.384477,0.042166,0.037407
2.690130,46.707723,-283.961040,6.553282,6.955639,40.766096,-100.614192,4.176281,3.522770,-0.032395,-0.384957,0.042361,0.037679
2.690651,46.772956,-283.881015,6.576656,6.992904,40.766096,-100.614192,4.176281,3.522770,-0.032765,-0.384957,0.042487,0.037679
2.691172,46.772956,-283.881015,6.576656,6.992904,40.766096,-100.614192,4.176281,3.522770,-0.032765,-0.384957,0.042487,0.037679
2.691693,46.760157,-283.991645,6.557338,7.088093,40.691365,-100.568671,4.140428,3.514399,-0.033074,-0.384477,0.042258,0.037407
2.692214,46.760157,-283.991645,6.557338,7.088093,40.691365,-100.568671,4.140428,3.514399,-0.033074,-0.384477,0.042258,0.037407
2.692736,46.760157,-283.991645,6.557338,7.088093,40.962428,-100.231322,4.157711,3.712177,-0.031540,-0.387966,0.042233,0.037837
2.693257,46.760157,-283.991645,6.557338,7.088093,40.809112,-100.431341,4.143581,3.534962,-0.032409,-0.385959,0.042236,0.037478
2.693778,46.760157,-283.991645,6.557338,7.088093,40.780050,-100.412144,4.157585,3.560750,-0.032564,-0.385777,0.042272,0.037631
2.694299,46.772956,-283.881015,6.576656,6.992904,40.919940,-100.370871,4.112783,3.610156,-0.031884,-0.387116,0.042248,0.037318
2.694821,46.772956,-283.881015,6.576656,6.992904,40.924755,-100.201878,4.137786,3.694924,-0.031828,-0.387746,0.042282,0.037671
2.695342,46.772956,-283.881015,6.576656,6.992904,40.924755,-100.201878,4.137786,3.694924,-0.031828,-0.387746,0.042282,0.037671
2.695863,46.725451,-283.858912,6.611888,6.991123,40.904133,-100.096482,4.113476,3.759075,-0.031668,-0.387938,0.042355,0.037590
2.696384,46.609540,-283.774885,6.553872,6.979142,40.980283,-100.360617,4.066877,3.687389,-0.030682,-0.387667,0.042034,0.037036
2.696906,46.609540,-283.774885,6.553872,6.979142,41.030172,-100.219068,4.187177,3.718451,-0.030387,-0.388588,0.042351,0.038074
2.697427,46.609540,-283.774885,6.553872,6.979142,40.953129,-100.014592,4.200790,3.592897,-0.030772,-0.388645,0.042343,0.038113
2.697948,46.522524,-283.720244,6.609165,6.985670,40.961593,-100.171219,4.157653,3.707960,-0.030287,-0.388169,0.042521,0.037850
2.698469,46.657143,-283.796923,6.518566,6.981195,40.922631,-100.190858,4.180701,3.707496,-0.031223,-0.387767,0.042158,0.038035
2.698991,46.657143,-283.796923,6.518566,6.981195,40.999911,-100.060742,4.166594,3.604101,-0.030780,-0.388883,0.042087,0.037828
2.699512,46.609540,-283.774885,6.553872,6.979142,40.898838,-100.153958,4.076258,3.563704,-0.031090,-0.387692,0.042013,0.037039
2.700033,46.772956,-283.881015,6.576656,6.992904,40.972052,-100.204738,4.110075,3.577169,-0.031572,-0.388141,0.042202,0.037300
2.700554,46.707723,-283.961040,6.553282,6.955639,41.002586,-100.266738,4.134095,3.727048,-0.031048,-0.388185,0.042161,0.037648
2.701076,46.707723,-283.961040,6.553282,6.955639,41.002586,-100.266738,4.134095,3.727048,-0.031048,-0.388185,0.042161,0.037648
2.701597,46.590322,-283.877215,6.493077,6.944343,40.870610,-100.358781,4.048512,3.449039,-0.031157,-0.386736,0.041675,0.036625
2.702118,46.590322,-283.877215,6.493077,6.944343,40.908816,-100.312745,4.033122,3.678018,-0.030941,-0.387223,0.041622,0.036779
2.702639,46.545178,-283.973378,6.492716,6.880090,40.907931,-100.525660,4.076413,3.560310,-0.030720,-0.386475,0.041771,0.036922
2.703161,46.663950,-284.056755,6.554175,6.891104,40.907931,-100.525660,4.076413,3.560310,-0.031352,-0.386475,0.042035,0.036922
2.703682,46.663950,-284.056755,6.554175,6.891104,40.907931,-100.525660,4.076413,3.560310,-0.031352,-0.386475,0.042035,0.036922
2.704203,46.663950,-284.056755,6.554175,6.891104,41.121454,-100.563779,4.086137,3.802655,-0.030196,-0.388163,0.042074,0.037247
2.704724,46.663950,-284.056755,6.554175,6.891104,40.945609,-100.600874,4.045573,3.662048,-0.031160,-0.386535,0.041964,0.036766
2.705246,46.663950,-284.056755,6.554175,6.891104,40.983231,-100.572887,4.066648,3.670863,-0.030950,-0.386953,0.042018,0.036948
2.705767,46.663950,-284.056755,6.554175,6.891104,40.945609,-100.600874,4.045573,3.662048,-0.031160,-0.386535,0.041964,0.036766
2.706288,46.664132,-283.908049,6.580938,6.784638,40.955271,-100.744163,4.127422,3.783760,-0.031158,-0.386121,0.042390,0.037521
2.706809,46.599482,-284.109616,6.574969,6.893313,40.880880,-100.603625,4.137709,3.698178,-0.031153,-0.385974,0.042314,0.037556
2.707330,46.757974,-283.892470,6.549178,6.935245,40.970718,-100.609120,4.167748,3.729174,-0.031565,-0.386721,0.042334,0.037818
2.707852,46.707723,-283.961040,6.553282,6.955639,40.969010,-100.571913,4.157045,3.753970,-0.031282,-0.386835,0.042298,0.037774
2.708373,46.690799,-283.856363,6.572763,6.871738,40.995589,-100.451631,4.132951,3.844171,-0.031043,-0.387480,0.042314,0.037725
2.708894,46.707723,-283.961040,6.553282,6.955639,40.851080,-100.517970,4.081647,3.767946,-0.031915,-0.386016,0.042066,0.037222
2.709415,46.690799,-283.856363,6.572763,6.871738,40.995589,-100.451631,4.132951,3.844171,-0.031043,-0.387480,0.042314,0.037725
2.709937,46.707723,-283.961040,6.553282,6.955639,40.995589,-100.451631,4.132951,3.844171,-0.031117,-0.387480,0.042200,0.037725
2.710458,46.690799,-283.856363,6.572763,6.871738,40.953655,-100.706432,4.116891,3.809106,-0.031315,-0.386238,0.042326,0.037480
2.710979,46.707723,-283.961040,6.553282,6.955639,40.864872,-100.772768,4.069223,3.775813,-0.031885,-0.385252,0.042089,0.037051
2.711500,46.707723,-283.961040,6.553282,6.955639,40.919626,-100.576694,4.147492,3.913193,-0.031552,-0.386398,0.042271,0.037898
2.712022,46.707723,-283.961040,6.553282,6.955639,40.847235,-100.437817,4.157168,3.830206,-0.031922,-0.386262,0.042266,0.037928
2.712543,46.707723,-283.961040,6.553282,6.955639,40.919626,-100.576694,4.147492,3.913193,-0.031552,-0.386398,0.042271,0.037898
2.713064,46.707723,-283.961040,6.553282,6.955639,40.788072,-100.632086,4.076749,3.690459,-0.032279,-0.385083,0.042077,0.037063
2.713585,46.707723,-283.961040,6.553282,6.955639,40.788072,-100.632086,4.076749,3.690459,-0.032279,-0.385083,0.042077,0.037063
2.714107,46.707723,-283.961040,6.553282,6.955639,40.957374,-100.669029,4.106823,3.833647,-0.031362,-0.386399,0.042174,0.037441
2.714628,46.707723,-283.961040,6.553282,6.955639,40.953655,-100.706432,4.116891,3.809106,-0.031389,-0.386238,0.042212,0.037480
2.715149,46.707723,-283.961040,6.553282,6.955639,40.879634,-100.565838,4.126895,3.723685,-0.031768,-0.386094,0.042208,0.037512
2.715670,46.707723,-283.961040,6.553282,6.955639,40.949098,-100.609420,4.158342,3.729044,-0.031397,-0.386535,0.042310,0.037746
2.716192,46.707723,-283.961040,6.553282,6.955639,40.879634,-100.565838,4.126895,3.723685,-0.031768,-0.386094,0.042208,0.037512
2.716713,46.707723,-283.961040,6.553282,6.955639,40.957678,-100.469174,4.155814,3.841743,-0.031327,-0.387096,0.042271,0.037904
2.717234,46.707723,-283.961040,6.553282,6.955639,40.845505,-100.545988,4.139225,3.745958,-0.031951,-0.385872,0.042239,0.037648
2.717755,46.707723,-283.961040,6.553282,6.955639,40.749635,-100.649408,4.099197,3.687801,-0.032491,-0.384695,0.042146,0.037241
2.718277,46.707723,-283.961040,6.553282,6.955639,40.725570,-100.831839,4.147729,3.774746,-0.032655,-0.383860,0.042329,0.037679
2.718798,46.707723,-283.961040,6.553282,6.955639,40.864872,-100.772768,4.069223,3.775813,-0.031885,-0.385252,0.042089,0.037051
2.719319,46.632163,-283.901626,6.517445,6.944236,40.788072,-100.632086,4.076749,3.690459,-0.031877,-0.385083,0.041926,0.037063
2.719840,46.707723,-283.961040,6.553282,6.955639,41.001320,-100.864289,4.132230,3.792226,-0.031156,-0.386097,0.042293,0.037525
2.720362,46.772956,-283.881015,6.576656,6.992904,40.952882,-100.572137,4.148050,3.753845,-0.031739,-0.386697,0.042397,0.037704
2.720883,46.643406,-284.014214,6.574397,6.958066,41.001320,-100.864289,4.132230,3.792226,-0.030796,-0.386097,0.042379,0.037525
2.721404,46.643406,-284.014214,6.574397,6.958066,40.864872,-100.772768,4.069223,3.775813,-0.031525,-0.385252,0.042175,0.037051
2.721925,46.643406,-284.014214,6.574397,6.958066,41.089763,-100.761282,4.164645,3.850811,-0.030297,-0.387207,0.042450,0.037874
2.722447,46.643406,-284.014214,6.574397,6.958066,40.903385,-100.761832,4.045769,3.782898,-0.031313,-0.385618,0.042105,0.036871
2.722968,46.560679,-283.963082,6.526778,6.955271,40.903385,-100.761832,4.045769,3.782898,-0.030870,-0.385618,0.041897,0.036871
2.723489,46.560679,-283.963082,6.526778,6.955271,40.788072,-100.632086,4.076749,3.690459,-0.031477,-0.385083,0.041955,0.037063
2.724010,46.560679,-283.963082,6.526778,6.955271,40.859296,-100.675420,4.111037,3.695520,-0.031096,-0.385541,0.042065,0.037320
2.724531,46.560679,-283.963082,6.526778,6.955271,40.898201,-100.663830,4.087844,3.702119,-0.030882,-0.385913,0.041996,0.037140
2.725053,46.643406,-284.014214,6.574397,6.958066,40.898201,-100.663830,4.087844,3.702119,-0.031324,-0.385913,0.042203,0.037140
2.725574,46.624859,-283.909136,6.505826,6.952407,41.031899,-100.338891,4.135525,3.442570,-0.030458,-0.388184,0.041975,0.037301
2.726095,46.624859,-283.909136,6.505826,6.952407,41.090177,-100.211507,4.184518,3.524379,-0.030120,-0.389127,0.042090,0.037818
2.726616,46.624859,-283.909136,6.505826,6.952407,41.086962,-100.248861,4.195670,3.499033,-0.030144,-0.388969,0.042132,0.037869
2.727138,46.707723,-283.961040,6.553282,6.955639,41.003499,-100.319144,4.114747,3.626645,-0.031052,-0.388010,0.042117,0.037356
2.727659,46.632163,-283.901626,6.517445,6.944236,40.953655,-100.706432,4.116891,3.809106,-0.030987,-0.386238,0.042061,0.037480
2.728180,46.632163,-283.901626,6.517445,6.944236,41.073649,-100.506561,4.113147,3.703778,-0.030300,-0.387955,0.042005,0.037367
2.728701,46.590322,-283.877215,6.493077,6.944343,41.118451,-100.347584,4.086355,3.818372,-0.029806,-0.388892,0.041785,0.037336
2.729223,46.590322,-283.877215,6.493077,6.944343,41.124007,-100.358318,4.075884,3.824912,-0.029777,-0.388902,0.041757,0.037257
2.729744,46.707723,-283.961040,6.553282,6.955639,41.210285,-100.465665,4.165845,3.841882,-0.029951,-0.389262,0.042301,0.037948
2.730265,46.614549,-283.795724,6.536717,6.858522,41.249533,-100.448104,4.140682,3.844278,-0.029253,-0.389658,0.042186,0.037750
2.730786,46.614549,-283.795724,6.536717,6.858522,41.126941,-100.437818,4.223645,3.833518,-0.029919,-0.388649,0.042426,0.038421
2.731308,46.690799,-283.856363,6.572763,6.871738,41.125279,-100.787930,4.151133,3.833148,-0.030392,-0.387416,0.042445,0.037731
2.731829,46.707723,-283.961040,6.553282,6.955639,41.013812,-100.239717,4.108321,3.852832,-0.030982,-0.388376,0.042080,0.037603
2.732350,46.707723,-283.961040,6.553282,6.955639,41.248913,-100.593974,4.143376,3.735601,-0.029761,-0.389143,0.042265,0.037593
2.732871,46.707723,-283.961040,6.553282,6.955639,41.210922,-100.568553,4.158534,3.753991,-0.029964,-0.388908,0.042303,0.037750
2.733393,46.690799,-283.856363,6.572763,6.871738,41.086815,-100.798385,4.174770,3.826061,-0.030604,-0.387053,0.042516,0.037913
2.733914,46.646573,-283.952011,6.573700,6.806762,41.162012,-100.737707,4.123502,3.647459,-0.029926,-0.387903,0.042335,0.037298
2.734435,46.626134,-283.910698,6.593677,6.875639,41.162012,-100.737707,4.123502,3.647459,-0.029822,-0.387903,0.042438,0.037298
2.734956,46.646573,-283.952011,6.573700,6.806762,41.121219,-100.749017,4.149103,3.640782,-0.030151,-0.387517,0.042412,0.037497
2.735478,46.707723,-283.961040,6.553282,6.955639,41.162012,-100.737707,4.123502,3.647459,-0.030258,-0.387903,0.042239,0.037298
2.735999,46.707723,-283.961040,6.553282,6.955639,41.162012,-100.737707,4.123502,3.647459,-0.030258,-0.387903,0.042239,0.037298
2.736520,46.707723,-283.961040,6.553282,6.955639,41.249533,-100.448104,4.140682,3.844278,-0.029734,-0.389658,0.042224,0.037750
2.737041,46.707723,-283.961040,6.553282,6.955639,41.208841,-100.692547,4.064786,3.708882,-0.029996,-0.388459,0.042060,0.036909
2.737563,46.690799,-283.856363,6.572763,6.871738,41.045722,-100.901867,4.098485,3.800381,-0.030845,-0.386345,0.042318,0.037248
2.738084,46.707723,-283.961040,6.553282,6.955639,41.007720,-100.684289,4.234735,3.926766,-0.031091,-0.386775,0.042552,0.038562
2.738605,46.707723,-283.961040,6.553282,6.955639,40.961363,-100.956236,4.175642,3.733456,-0.031390,-0.385440,0.042441,0.037779
2.739126,46.690799,-283.856363,6.572763,6.871738,40.961363,-100.956236,4.175642,3.733456,-0.031315,-0.385440,0.042554,0.037779
2.739647,46.643406,-284.014214,6.574397,6.958066,40.999699,-100.941110,4.152819,3.737521,-0.030818,-0.385818,0.042456,0.037600
2.740169,46.707723,-283.961040,6.553282,6.955639,40.999699,-100.941110,4.152819,3.737521,-0.031178,-0.385818,0.042371,0.037600
2.740690,46.707723,-283.961040,6.553282,6.955639,40.999699,-100.941110,4.152819,3.737521,-0.031178,-0.385818,0.042371,0.037600
2.741211,46.707723,-283.961040,6.553282,6.955639,41.086815,-100.798385,4.174770,3.826061,-0.030678,-0.387053,0.042403,0.037913
2.741732,46.707723,-283.961040,6.553282,6.955639,41.125279,-100.787930,4.151133,3.833148,-0.030467,-0.387416,0.042331,0.037731
2.742254,46.643406,-284.014214,6.574397,6.958066,41.083245,-100.926507,4.094572,3.753902,-0.030360,-0.386579,0.042285,0.037148
2.742775,46.690799,-283.856363,6.572763,6.871738,41.038522,-100.931197,4.129295,3.744848,-0.030890,-0.386182,0.042414,0.037419
2.743296,46.707723,-283.961040,6.553282,6.955639,40.902132,-101.073227,4.170287,3.807807,-0.031733,-0.384533,0.042452,0.037797
2.743817,46.690799,-283.856363,6.572763,6.871738,40.999699,-100.941110,4.152819,3.737521,-0.031103,-0.385818,0.042484,0.037600
2.744339,46.626134,-283.910698,6.593677,6.875639,40.999699,-100.941110,4.152819,3.737521,-0.030741,-0.385818,0.042569,0.037600
2.744860,46.626134,-283.910698,6.593677,6.875639,40.961363,-100.956236,4.175642,3.733456,-0.030953,-0.385440,0.042639,0.037779
2.745381,46.690799,-283.856363,6.572763,6.871738,41.091618,-100.657611,4.171701,3.936956,-0.030554,-0.387582,0.042475,0.038069
2.745902,46.572329,-283.770734,6.512206,6.857913,40.962026,-100.565120,4.115442,3.919764,-0.030613,-0.386799,0.042030,0.037649
2.746424,46.572329,-283.770734,6.512206,6.857913,40.861724,-100.850267,4.089816,3.721477,-0.031209,-0.384957,0.042020,0.037127
2.746945,46.614549,-283.795724,6.536717,6.858522,40.861724,-100.850267,4.089816,3.721477,-0.031435,-0.384957,0.042127,0.037127
2.747466,46.632163,-283.901626,6.517445,6.944236,41.049421,-100.668480,4.203690,3.930217,-0.030459,-0.387185,0.042307,0.038318
2.747987,46.626134,-283.910698,6.593677,6.875639,40.959731,-100.917782,4.165133,3.761312,-0.030955,-0.385558,0.042599,0.037740
2.748509,46.549969,-283.850911,6.557414,6.863036,40.959731,-100.917782,4.165133,3.761312,-0.030549,-0.385558,0.042446,0.037740
2.749030,46.549969,-283.850911,6.557414,6.863036,41.292414,-100.453040,4.390967,3.774999,-0.028660,-0.390006,0.043013,0.039660
2.749551,46.626134,-283.910698,6.593677,6.875639,41.171786,-100.666384,4.388175,3.628406,-0.029757,-0.388234,0.043203,0.039422
2.750072,46.549969,-283.850911,6.557414,6.863036,41.086613,-100.656875,4.330580,3.644804,-0.029814,-0.387542,0.042877,0.038994
2.750594,46.504692,-283.946518,6.557232,6.798004,40.821097,-100.506073,4.205482,3.510252,-0.030973,-0.385802,0.042445,0.037926
2.751115,46.523120,-284.051303,6.538139,6.882635,41.187776,-100.450583,4.449964,3.474152,-0.029051,-0.389123,0.043057,0.039820
2.751636,46.681443,-284.013509,6.561280,6.870405,41.211030,-100.723797,4.387828,3.576824,-0.029837,-0.388368,0.043044,0.039337
2.752157,46.599482,-284.109616,6.574969,6.893313,41.256113,-100.929594,4.442312,3.664667,-0.029162,-0.388036,0.043299,0.039799
2.752679,46.523120,-284.051303,6.538139,6.882635,41.238738,-100.974923,4.390831,3.649917,-0.028856,-0.387732,0.043000,0.039357
2.753200,46.599482,-284.109616,6.574969,6.893313,41.317942,-100.801685,4.421097,3.547485,-0.028804,-0.389006,0.043204,0.039529
2.753721,46.599482,-284.109616,6.574969,6.893313,41.334603,-100.763090,4.472770,3.566065,-0.028708,-0.389282,0.043353,0.039976
2.754242,46.599482,-284.109616,6.574969,6.893313,41.363363,-100.791062,4.387831,3.553584,-0.028555,-0.389429,0.043101,0.039263
2.754764,46.599482,-284.109616,6.574969,6.893313,41.376826,-100.895678,4.365720,3.681476,-0.028498,-0.389179,0.043060,0.039193
2.755285,46.599482,-284.109616,6.574969,6.893313,41.121219,-100.749017,4.149103,3.640782,-0.029868,-0.387517,0.042382,0.037497
2.755806,46.599482,-284.109616,6.574969,6.893313,41.162012,-100.737707,4.123502,3.647459,-0.029644,-0.387903,0.042306,0.037298
2.756327,46.599482,-284.109616,6.574969,6.893313,41.461761,-100.917589,4.307194,3.692366,-0.028038,-0.389823,0.042890,0.038715
2.756848,46.581756,-284.006040,6.594287,6.810453,41.421952,-100.927264,4.331961,3.685490,-0.028176,-0.389452,0.043078,0.038909
2.757370,46.581756,-284.006040,6.594287,6.810453,40.999699,-100.941110,4.152819,3.737521,-0.030483,-0.385818,0.042550,0.037600
2.757891,46.581756,-284.006040,6.594287,6.810453,41.123472,-100.954447,4.069224,3.756513,-0.029809,-0.386824,0.042312,0.036935
2.758412,46.581756,-284.006040,6.594287,6.810453,41.388840,-100.959922,3.862875,3.812162,-0.028362,-0.389057,0.041735,0.035336
2.758933,46.646573,-283.952011,6.573700,6.806762,41.388840,-100.959922,3.862875,3.812162,-0.028724,-0.389057,0.041650,0.035336
2.759455,46.646573,-283.952011,6.573700,6.806762,41.388840,-100.959922,3.862875,3.812162,-0.028724,-0.389057,0.041650,0.035336
2.759976,46.569417,-283.891636,6.536866,6.793704,41.272149,-100.611644,4.096485,3.565450,-0.028895,-0.389279,0.042073,0.037006
2.760497,46.569417,-283.891636,6.536866,6.793704,41.038522,-100.931197,4.129295,3.744848,-0.030221,-0.386182,0.042241,0.037419
2.761018,46.569417,-283.891636,6.536866,6.793704,41.091618,-100.657611,4.171701,3.936956,-0.029886,-0.387582,0.042302,0.038069
2.761540,46.614549,-283.795724,6.536717,6.858522,41.089763,-100.761282,4.164645,3.850811,-0.030175,-0.387207,0.042327,0.037874
2.762061,46.614549,-283.795724,6.536717,6.858522,41.002239,-100.332376,4.184925,3.603145,-0.030581,-0.387953,0.042286,0.037889
2.762582,46.614549,-283.795724,6.536717,6.858522,41.006064,-100.225251,4.191944,3.690232,-0.030543,-0.388360,0.042282,0.038081
2.763103,46.614549,-283.795724,6.536717,6.858522,40.680124,-100.366404,4.237516,3.581353,-0.032341,-0.385081,0.042447,0.038332
2.763625,46.614549,-283.795724,6.536717,6.858522,40.825770,-100.467694,4.194751,3.537902,-0.031566,-0.385975,0.042345,0.037881
2.764146,46.614549,-283.795724,6.536717,6.858522,40.825770,-100.467694,4.194751,3.537902,-0.031566,-0.385975,0.042345,0.037881
2.764667,46.690799,-283.856363,6.572763,6.871738,40.999699,-100.941110,4.152819,3.737521,-0.031103,-0.385818,0.042484,0.037600
2.765188,46.741299,-283.786501,6.568889,6.849229,41.139020,-100.526026,4.166264,3.601936,-0.030561,-0.388444,0.042426,0.037656
2.765710,46.741299,-283.786501,6.568889,6.849229,41.091618,-100.657611,4.171701,3.936956,-0.030841,-0.387582,0.042473,0.038069
2.766231,46.690799,-283.856363,6.572763,6.871738,41.054997,-100.510431,4.255148,3.554000,-0.030729,-0.387782,0.042685,0.038335
2.766752,46.741299,-283.786501,6.568889,6.849229,41.107755,-100.798094,4.183165,3.826177,-0.030777,-0.387232,0.042539,0.037977
2.767273,46.697120,-283.882343,6.570181,6.784365,40.984317,-100.651091,4.228451,3.547367,-0.031168,-0.386691,0.042620,0.038081
2.767795,46.697120,-283.882343,6.570181,6.784365,41.024799,-100.639104,4.204851,3.553487,-0.030945,-0.387078,0.042548,0.037894
2.768316,46.646573,-283.952011,6.573700,6.806762,40.946655,-100.591722,4.229402,3.601332,-0.031076,-0.386576,0.042609,0.038174
2.768837,46.599482,-284.109616,6.574969,6.893313,41.024799,-100.639104,4.204851,3.553487,-0.030375,-0.387078,0.042519,0.037894
2.769358,46.599482,-284.109616,6.574969,6.893313,40.986180,-100.574080,4.206499,3.603300,-0.030575,-0.386974,0.042508,0.037991
2.769880,46.707723,-283.961040,6.553282,6.955639,40.986180,-100.574080,4.206499,3.603300,-0.031189,-0.386974,0.042443,0.037991
2.770401,46.663950,-284.056755,6.554175,6.891104,40.941846,-100.987316,4.128189,3.869914,-0.031246,-0.385166,0.042292,0.037558
2.770922,46.663950,-284.056755,6.554175,6.891104,41.026222,-100.561798,4.182879,3.609306,-0.030714,-0.387358,0.042353,0.037805
2.771443,46.582533,-284.155697,6.570068,6.922715,41.047248,-100.920876,4.180040,3.903948,-0.030200,-0.386292,0.042479,0.038017
2.771964,46.582533,-284.155697,6.570068,6.922715,41.072918,-100.593989,4.147829,3.616575,-0.030006,-0.387644,0.042309,0.037514
2.772486,46.599482,-284.109616,6.574969,6.893313,40.985166,-101.019713,4.095511,3.874000,-0.030655,-0.385423,0.042289,0.037287
2.773007,46.564747,-284.052843,6.589266,6.841452,40.904927,-100.691242,4.273526,3.548658,-0.030857,-0.385875,0.042811,0.038447
2.773528,46.564747,-284.052843,6.589266,6.841452,40.662630,-100.453104,4.223436,3.521831,-0.032136,-0.384631,0.042606,0.038127
2.774049,46.582533,-284.155697,6.570068,6.922715,40.701999,-100.511375,4.214592,3.466369,-0.032010,-0.384766,0.042482,0.037970
2.774571,46.599482,-284.109616,6.574969,6.893313,40.899249,-100.680270,4.283386,3.539288,-0.031066,-0.385865,0.042759,0.038520
2.775092,46.582533,-284.155697,6.570068,6.922715,40.902132,-101.073227,4.170287,3.807807,-0.031017,-0.384533,0.042485,0.037797
2.775613,46.599482,-284.109616,6.574969,6.893313,40.844287,-100.811571,4.265864,3.636624,-0.031388,-0.384942,0.042737,0.038456
2.776134,46.582533,-284.155697,6.570068,6.922715,40.882821,-100.795324,4.244608,3.639758,-0.031075,-0.385327,0.042638,0.038287
2.776656,46.599482,-284.109616,6.574969,6.893313,40.847606,-100.734905,4.244441,3.692089,-0.031357,-0.385235,0.042656,0.038370
2.777177,46.599482,-284.109616,6.574969,6.893313,40.847606,-100.734905,4.244441,3.692089,-0.031357,-0.385235,0.042656,0.038370
2.777698,46.581756,-284.006040,6.594287,6.810453,40.942753,-100.629937,4.240122,3.573778,-0.030741,-0.386410,0.042732,0.038218
2.778219,46.581756,-284.006040,6.594287,6.810453,40.946655,-100.591722,4.229402,3.601332,-0.030714,-0.386576,0.042692,0.038174
2.778741,46.581756,-284.006040,6.594287,6.810453,40.946655,-100.591722,4.229402,3.601332,-0.030714,-0.386576,0.042692,0.038174
2.779262,46.581756,-284.006040,6.594287,6.810453,41.001320,-100.864289,4.132230,3.792226,-0.030461,-0.386097,0.042472,0.037525
2.779783,46.691962,-283.831040,6.617430,6.913344,40.752141,-100.420768,4.160561,3.527805,-0.032374,-0.385508,0.042596,0.037620
2.780304,46.691962,-283.831040,6.617430,6.913344,40.946655,-100.591722,4.229402,3.601332,-0.031344,-0.386576,0.042838,0.038174
2.780826,46.626134,-283.910698,6.593677,6.875639,40.752141,-100.420768,4.160561,3.527805,-0.032002,-0.385508,0.042468,0.037620
2.781347,46.626134,-283.910698,6.593677,6.875639,40.662630,-100.453104,4.223436,3.521831,-0.032495,-0.384631,0.042659,0.038127
2.781868,46.690799,-283.856363,6.572763,6.871738,40.651239,-100.533311,4.112239,3.735752,-0.032933,-0.384256,0.042270,0.037453
2.782389,46.690799,-283.856363,6.572763,6.871738,40.650410,-100.305881,4.172513,3.575574,-0.032897,-0.385036,0.042392,0.037823
2.782911,46.690799,-283.856363,6.572763,6.871738,40.651239,-100.533311,4.112239,3.735752,-0.032933,-0.384256,0.042270,0.037453
2.783432,46.690799,-283.856363,6.572763,6.871738,40.902021,-100.603782,4.261446,3.595451,-0.031579,-0.386153,0.042724,0.038429
2.783953,46.569417,-283.891636,6.536866,6.793704,40.752141,-100.420768,4.160561,3.527805,-0.031696,-0.385508,0.042212,0.037620
2.784474,46.569417,-283.891636,6.536866,6.793704,40.752141,-100.420768,4.160561,3.527805,-0.031696,-0.385508,0.042212,0.037620
2.784996,46.569417,-283.891636,6.536866,6.793704,40.826849,-100.788962,4.091974,3.772227,-0.031352,-0.384872,0.042098,0.037229
2.785517,46.569417,-283.891636,6.536866,6.793704,40.663070,-100.678205,4.161533,3.678829,-0.032226,-0.383857,0.042274,0.037735
2.786038,46.569417,-283.891636,6.536866,6.793704,40.654822,-100.791351,4.112749,3.772516,-0.032291,-0.383396,0.042158,0.037420
2.786559,46.569417,-283.891636,6.536866,6.793704,40.612704,-100.802086,4.142574,3.765565,-0.032523,-0.383000,0.042247,0.037653
2.787080,46.562004,-283.899258,6.525041,6.802200,40.749635,-100.649408,4.099197,3.687801,-0.031708,-0.384695,0.042030,0.037241
2.787602,46.646573,-283.952011,6.573700,6.806762,40.827013,-100.620126,4.053598,3.696980,-0.031733,-0.385457,0.042105,0.036884
2.788123,46.663950,-284.056755,6.554175,6.891104,40.827013,-100.620126,4.053598,3.696980,-0.031809,-0.385457,0.041991,0.036884
2.788644,46.646573,-283.952011,6.573700,6.806762,40.826849,-100.788962,4.091974,3.772227,-0.031763,-0.384872,0.042254,0.037229
2.789165,46.581756,-284.006040,6.594287,6.810453,40.741304,-100.815661,4.154755,3.761816,-0.031871,-0.384050,0.042524,0.037723
2.789687,46.581756,-284.006040,6.594287,6.810453,40.663070,-100.678205,4.161533,3.678829,-0.032274,-0.383857,0.042511,0.037735
2.790208,46.646573,-283.952011,6.573700,6.806762,40.663070,-100.678205,4.161533,3.678829,-0.032636,-0.383857,0.042429,0.037735
2.790729,46.646573,-283.952011,6.573700,6.806762,40.749635,-100.649408,4.099197,3.687801,-0.032159,-0.384695,0.042242,0.037241
2.791250,46.646573,-283.952011,6.573700,6.806762,40.661274,-100.833500,4.097942,3.812535,-0.032674,-0.383306,0.042280,0.037335
2.791772,46.646573,-283.952011,6.573700,6.806762,40.749635,-100.649408,4.099197,3.687801,-0.032159,-0.384695,0.042242,0.037241
2.792293,46.646573,-283.952011,6.573700,6.806762,40.747535,-100.498229,4.182653,3.471696,-0.032144,-0.385200,0.042449,0.037713
2.792814,46.646573,-283.952011,6.573700,6.806762,40.747535,-100.498229,4.182653,3.471696,-0.032144,-0.385200,0.042449,0.037713
2.793335,46.646573,-283.952011,6.573700,6.806762,40.787737,-100.479232,4.160122,3.472590,-0.031922,-0.385610,0.042379,0.037531
2.793857,46.581756,-284.006040,6.594287,6.810453,40.752141,-100.420768,4.160561,3.527805,-0.031744,-0.385508,0.042449,0.037620
2.794378,46.743064,-283.941861,6.501344,6.830046,40.987161,-100.282169,4.058106,3.466668,-0.031330,-0.388000,0.041708,0.036727
2.794899,46.743064,-283.941861,6.501344,6.830046,40.748669,-100.170792,4.160167,3.499455,-0.032607,-0.386348,0.041978,0.037663
2.795420,46.646573,-283.952011,6.573700,6.806762,40.896353,-100.264743,4.120677,3.451881,-0.031294,-0.387284,0.042216,0.037236
2.795942,46.629197,-283.999364,6.568887,6.838391,40.791911,-100.401545,4.137976,3.528572,-0.031783,-0.385915,0.042264,0.037438
2.796463,46.562004,-283.899258,6.525041,6.802200,40.659197,-100.205937,4.223078,3.496082,-0.032123,-0.385459,0.042289,0.038173
2.796984,46.646573,-283.952011,6.573700,6.806762,40.808368,-100.299737,4.179110,3.447845,-0.031779,-0.386410,0.042393,0.037709
2.797505,46.646573,-283.952011,6.573700,6.806762,40.855052,-100.285208,4.145048,3.452310,-0.031522,-0.386860,0.042291,0.037434
2.798027,46.581756,-284.006040,6.594287,6.810453,40.855052,-100.285208,4.145048,3.452310,-0.031161,-0.386860,0.042374,0.037434
2.798548,46.504692,-283.946518,6.557232,6.798004,40.856584,-100.108019,4.106005,3.367679,-0.030714,-0.387491,0.042064,0.037077
2.799069,46.497334,-283.954084,6.545457,6.806370,40.832147,-100.044241,4.150599,3.303994,-0.030794,-0.387505,0.042122,0.037393
2.799590,46.626134,-283.910698,6.593677,6.875639,40.809149,-100.162900,4.142071,3.336129,-0.031647,-0.386893,0.042355,0.037327
2.800112,46.626134,-283.910698,6.593677,6.875639,40.814201,-100.124048,4.130813,3.364082,-0.031613,-0.387072,0.042314,0.037277
2.800633,46.646573,-283.952011,6.573700,6.806762,40.840478,-100.031578,4.158640,3.446342,-0.031558,-0.387620,0.042272,0.037618
2.801154,46.646573,-283.952011,6.573700,6.806762,40.814201,-100.124048,4.130813,3.364082,-0.031717,-0.387072,0.042212,0.037277
2.801675,46.646573,-283.952011,6.573700,6.806762,40.814201,-100.124048,4.130813,3.364082,-0.031717,-0.387072,0.042212,0.037277
2.802197,46.743064,-283.941861,6.501344,6.830046,40.896353,-100.264743,4.120677,3.451881,-0.031821,-0.387284,0.041885,0.037236
2.802718,46.743064,-283.941861,6.501344,6.830046,41.002633,-100.135174,4.097694,3.535684,-0.031221,-0.388646,0.041790,0.037169
2.803239,46.743064,-283.941861,6.501344,6.830046,41.002633,-100.135174,4.097694,3.535684,-0.031221,-0.388646,0.041790,0.037169
2.803760,46.743064,-283.941861,6.501344,6.830046,40.938222,-100.249918,4.095504,3.456407,-0.031590,-0.387694,0.041809,0.037035
2.804281,46.646573,-283.952011,6.573700,6.806762,40.791911,-100.401545,4.137976,3.528572,-0.031886,-0.385915,0.042297,0.037438
2.804803,46.743064,-283.941861,6.501344,6.830046,40.905772,-100.435681,4.148724,3.544416,-0.031799,-0.386769,0.042006,0.037514
2.805324,46.743064,-283.941861,6.501344,6.830046,40.905772,-100.435681,4.148724,3.544416,-0.031799,-0.386769,0.042006,0.037514
2.805845,46.743064,-283.941861,6.501344,6.830046,41.162012,-100.737707,4.123502,3.647459,-0.030454,-0.387903,0.042004,0.037298
2.806366,46.646573,-283.952011,6.573700,6.806762,40.999699,-100.941110,4.152819,3.737521,-0.030846,-0.385818,0.042467,0.037600
2.806888,46.646573,-283.952011,6.573700,6.806762,40.944363,-100.668501,4.251326,3.545276,-0.031101,-0.386290,0.042692,0.038264
2.807409,46.646573,-283.952011,6.573700,6.806762,40.984317,-100.651091,4.228451,3.547367,-0.030881,-0.386691,0.042620,0.038081
2.807930,46.646573,-283.952011,6.573700,6.806762,40.942753,-100.629937,4.240122,3.573778,-0.031104,-0.386410,0.042650,0.038218
2.808451,46.646573,-283.952011,6.573700,6.806762,40.959731,-100.917782,4.165133,3.761312,-0.031060,-0.385558,0.042497,0.037740
2.808973,46.646573,-283.952011,6.573700,6.806762,40.963379,-100.879661,4.155071,3.788283,-0.031033,-0.385721,0.042459,0.037704
2.809494,46.663950,-284.056755,6.554175,6.891104,40.993270,-100.549477,4.189822,3.974555,-0.030892,-0.387120,0.042371,0.038309
2.810015,46.743064,-283.941861,6.501344,6.830046,40.993270,-100.549477,4.189822,3.974555,-0.031342,-0.387120,0.042155,0.038309
2.810536,46.646573,-283.952011,6.573700,6.806762,40.823574,-100.829718,4.172626,3.874103,-0.031788,-0.384703,0.042498,0.037984
2.811058,46.743064,-283.941861,6.501344,6.830046,41.289272,-100.435674,4.114754,3.850466,-0.029711,-0.390040,0.041910,0.037550
2.811579,46.743064,-283.941861,6.501344,6.830046,41.143649,-100.444283,4.156882,3.802750,-0.030505,-0.388769,0.042034,0.037845
2.812100,46.743064,-283.941861,6.501344,6.830046,40.979053,-100.609814,4.182677,3.717015,-0.031430,-0.386789,0.042147,0.037922
2.812621,46.743064,-283.941861,6.501344,6.830046,41.054649,-100.543839,4.125176,3.750427,-0.031007,-0.387663,0.041964,0.037510
2.813143,46.743064,-283.941861,6.501344,6.830046,40.947468,-100.409237,4.051329,3.574294,-0.031568,-0.387217,0.041718,0.036766
2.813664,46.743064,-283.941861,6.501344,6.830046,40.947468,-100.409237,4.051329,3.574294,-0.031568,-0.387217,0.041718,0.036766
2.814185,46.743064,-283.941861,6.501344,6.830046,41.047255,-100.197505,4.098715,3.717838,-0.030989,-0.388809,0.041808,0.037368
2.814706,46.690799,-283.856363,6.572763,6.871738,40.906503,-100.422812,4.076530,3.568768,-0.031523,-0.386820,0.042143,0.036964
2.815228,46.690799,-283.856363,6.572763,6.871738,40.938222,-100.249918,4.095504,3.456407,-0.031321,-0.387694,0.042158,0.037035
2.815749,46.690799,-283.856363,6.572763,6.871738,41.087636,-100.183131,4.073149,3.722935,-0.030497,-0.389204,0.042080,0.037168
2.816270,46.690799,-283.856363,6.572763,6.871738,40.980823,-100.075908,4.095241,3.756444,-0.031060,-0.388667,0.042118,0.037435
2.816791,46.690799,-283.856363,6.572763,6.871738,40.840204,-100.293319,4.071097,3.620693,-0.031862,-0.386704,0.042097,0.037031
2.817313,46.690799,-283.856363,6.572763,6.871738,40.993562,-100.314508,4.149892,3.465517,-0.031031,-0.387941,0.042330,0.037456
2.817834,46.690799,-283.856363,6.572763,6.871738,40.919743,-100.264418,4.116864,3.451828,-0.031424,-0.387485,0.042223,0.037201
2.818355,46.690799,-283.856363,6.572763,6.871738,40.906503,-100.422812,4.076530,3.568768,-0.031523,-0.386820,0.042143,0.036964
2.818876,46.690799,-283.856363,6.572763,6.871738,40.977448,-100.181804,4.179254,3.511028,-0.031096,-0.388267,0.042385,0.037789
2.819397,46.690799,-283.856363,6.572763,6.871738,40.977448,-100.181804,4.179254,3.511028,-0.031096,-0.388267,0.042385,0.037789
2.819919,46.690799,-283.856363,6.572763,6.871738,40.963215,-100.338505,4.139293,3.625822,-0.031200,-0.387598,0.042305,0.037553
2.820440,46.690799,-283.856363,6.572763,6.871738,40.961071,-100.413724,4.161171,3.575076,-0.031224,-0.387318,0.042386,0.037647
2.820961,46.690799,-283.856363,6.572763,6.871738,40.999831,-100.356683,4.125483,3.601775,-0.031004,-0.387848,0.042270,0.037402
2.821482,46.690799,-283.856363,6.572763,6.871738,40.973333,-100.106676,4.201897,3.459344,-0.031105,-0.388495,0.042434,0.037938
2.822004,46.690799,-283.856363,6.572763,6.871738,41.228990,-100.320966,4.202874,3.750415,-0.029750,-0.389928,0.042489,0.038175
2.822525,46.646573,-283.952011,6.573700,6.806762,41.228990,-100.320966,4.202874,3.750415,-0.029494,-0.389928,0.042471,0.038175
2.823046,46.690799,-283.856363,6.572763,6.871738,41.210285,-100.465665,4.165845,3.841882,-0.029875,-0.389262,0.042414,0.037948
2.823567,46.581756,-284.006040,6.594287,6.810453,41.249533,-100.448104,4.140682,3.844278,-0.029041,-0.389658,0.042402,0.037750
2.824089,46.646573,-283.952011,6.573700,6.806762,41.210285,-100.465665,4.165845,3.841882,-0.029619,-0.389262,0.042396,0.037948
2.824610,46.646573,-283.952011,6.573700,6.806762,41.210285,-100.465665,4.165845,3.841882,-0.029619,-0.389262,0.042396,0.037948
2.825131,46.646573,-283.952011,6.573700,6.806762,41.210285,-100.465665,4.165845,3.841882,-0.029619,-0.389262,0.042396,0.037948
2.825652,46.646573,-283.952011,6.573700,6.806762,41.249533,-100.448104,4.140682,3.844278,-0.029403,-0.389658,0.042319,0.037750
2.826174,46.646573,-283.952011,6.573700,6.806762,41.249533,-100.448104,4.140682,3.844278,-0.029403,-0.389658,0.042319,0.037750
2.826695,46.646573,-283.952011,6.573700,6.806762,41.646841,-100.442057,3.824768,3.922259,-0.027238,-0.393059,0.041430,0.035308
2.827216,46.690799,-283.856363,6.572763,6.871738,41.249533,-100.448104,4.140682,3.844278,-0.029659,-0.389658,0.042337,0.037750
2.827737,46.786900,-283.845574,6.500234,6.894961,41.115646,-100.245589,4.128213,3.727925,-0.030879,-0.389225,0.041922,0.037591
2.828259,46.786900,-283.845574,6.500234,6.894961,41.174285,-100.075176,4.140552,3.621657,-0.030532,-0.390324,0.041919,0.037606
2.828780,46.786900,-283.845574,6.500234,6.894961,41.131957,-100.196802,4.158837,3.528862,-0.030782,-0.389535,0.042000,0.037614
2.829301,46.786900,-283.845574,6.500234,6.894961,41.067751,-100.210882,4.163815,3.695220,-0.031134,-0.388937,0.042017,0.037855
2.829822,46.786900,-283.845574,6.500234,6.894961,41.113624,-100.202109,4.128356,3.703111,-0.030883,-0.389360,0.041912,0.037576
2.830344,46.803237,-283.951107,6.480684,6.979143,41.067751,-100.210882,4.163815,3.695220,-0.031205,-0.388937,0.041904,0.037855
2.830865,46.803237,-283.951107,6.480684,6.979143,40.928497,-100.435365,4.145007,3.544364,-0.032001,-0.386964,0.041899,0.037480
2.831386,46.803237,-283.951107,6.480684,6.979143,40.928497,-100.435365,4.145007,3.544364,-0.032001,-0.386964,0.041899,0.037480
2.831907,46.803237,-283.951107,6.480684,6.979143,41.067751,-100.210882,4.163815,3.695220,-0.031205,-0.388937,0.041904,0.037855
2.832429,46.803237,-283.951107,6.480684,6.979143,40.990912,-100.321359,4.146547,3.623474,-0.031642,-0.387895,0.041878,0.037609
2.832950,46.786900,-283.845574,6.500234,6.894961,40.990912,-100.321359,4.146547,3.623474,-0.031571,-0.387895,0.041991,0.037609
2.833471,46.786900,-283.845574,6.500234,6.894961,40.990912,-100.321359,4.146547,3.623474,-0.031571,-0.387895,0.041991,0.037609
2.833992,46.668623,-283.759177,6.439480,6.881228,41.027920,-100.224948,4.187862,3.690176,-0.030724,-0.388548,0.041834,0.038045
2.834514,46.727826,-283.891175,6.444750,6.967801,41.027920,-100.224948,4.187862,3.690176,-0.031024,-0.388548,0.041828,0.038045
2.835035,46.668623,-283.759177,6.439480,6.881228,41.027920,-100.224948,4.187862,3.690176,-0.030724,-0.388548,0.041834,0.038045
2.835556,46.786900,-283.845574,6.500234,6.894961,41.067751,-100.210882,4.163815,3.695220,-0.031134,-0.388937,0.042017,0.037855
2.836077,46.786900,-283.845574,6.500234,6.894961,41.055931,-100.200618,4.150305,3.545210,-0.031197,-0.388872,0.041975,0.037575
2.836598,46.710799,-283.784399,6.464099,6.881787,41.055931,-100.200618,4.150305,3.545210,-0.030793,-0.388872,0.041824,0.037575
2.837120,46.727826,-283.891175,6.444750,6.967801,41.055931,-100.200618,4.150305,3.545210,-0.030868,-0.388872,0.041711,0.037575
2.837641,46.632163,-283.901626,6.517445,6.944236,40.993562,-100.314508,4.149892,3.465517,-0.030704,-0.387941,0.042067,0.037456
2.838162,46.643406,-284.014214,6.574397,6.958066,41.090177,-100.211507,4.184518,3.524379,-0.030204,-0.389127,0.042380,0.037818
2.838683,46.707723,-283.961040,6.553282,6.955639,41.090177,-100.211507,4.184518,3.524379,-0.030562,-0.389127,0.042295,0.037818
2.839205,46.632163,-283.901626,6.517445,6.944236,41.090177,-100.211507,4.184518,3.524379,-0.030161,-0.389127,0.042145,0.037818
2.839726,46.632163,-283.901626,6.517445,6.944236,41.090177,-100.211507,4.184518,3.524379,-0.030161,-0.389127,0.042145,0.037818
2.840247,46.624859,-283.909136,6.505826,6.952407,41.132969,-100.090314,4.166478,3.617351,-0.029868,-0.389918,0.042010,0.037812
2.840768,46.632163,-283.901626,6.517445,6.944236,40.855426,-100.396759,4.291170,3.591135,-0.031470,-0.386475,0.042503,0.038738
2.841290,46.707723,-283.961040,6.553282,6.955639,40.993562,-100.314508,4.149892,3.465517,-0.031105,-0.387941,0.042217,0.037456
2.841811,46.567929,-283.955628,6.538348,6.947221,40.900393,-100.277138,4.275110,3.683913,-0.030846,-0.387275,0.042511,0.038744
2.842332,46.632163,-283.901626,6.517445,6.944236,40.888103,-100.448639,4.168645,3.538914,-0.031301,-0.386573,0.042152,0.037667
2.842853,46.632163,-283.901626,6.517445,6.944236,40.950844,-100.335045,4.170411,3.618220,-0.030940,-0.387505,0.042131,0.037797
2.843375,46.632163,-283.901626,6.517445,6.944236,40.950844,-100.335045,4.170411,3.618220,-0.030940,-0.387505,0.042131,0.037797
2.843896,46.549969,-283.850911,6.557414,6.863036,40.950844,-100.335045,4.170411,3.618220,-0.030501,-0.387505,0.042327,0.037797
2.844417,46.504692,-283.946518,6.557232,6.798004,41.046257,-100.125689,4.226192,3.613568,-0.029686,-0.389052,0.042420,0.038292
2.844938,46.523120,-284.051303,6.538139,6.882635,41.046257,-100.125689,4.226192,3.613568,-0.029769,-0.389052,0.042309,0.038292
2.845460,46.643406,-284.014214,6.574397,6.958066,41.092188,-100.110838,4.191613,3.617821,-0.030176,-0.389497,0.042378,0.038015
2.845981,46.632163,-283.901626,6.517445,6.944236,41.138710,-100.101408,4.155867,3.625309,-0.029879,-0.389928,0.042037,0.037731
2.846502,46.707723,-283.961040,6.553282,6.955639,41.110377,-100.029391,4.100486,3.610576,-0.030422,-0.389938,0.042010,0.037295
2.847023,46.727826,-283.891175,6.444750,6.967801,41.063227,-100.039388,4.137321,3.603200,-0.030801,-0.389500,0.041637,0.037587
2.847545,46.727826,-283.891175,6.444750,6.967801,41.063227,-100.039388,4.137321,3.603200,-0.030801,-0.389500,0.041637,0.037587
2.848066,46.632163,-283.901626,6.517445,6.944236,41.063227,-100.039388,4.137321,3.603200,-0.030279,-0.389500,0.041968,0.037587
2.848587,46.632163,-283.901626,6.517445,6.944236,40.777418,-100.703705,4.165150,3.686222,-0.031948,-0.384745,0.042200,0.037747
2.849108,46.632163,-283.901626,6.517445,6.944236,40.903771,-100.669248,4.077452,3.704262,-0.031253,-0.385941,0.041937,0.037057
2.849630,46.632163,-283.901626,6.517445,6.944236,40.859296,-100.675420,4.111037,3.695520,-0.031496,-0.385541,0.042036,0.037320
2.850151,46.632163,-283.901626,6.517445,6.944236,40.804167,-100.340024,4.105949,3.434636,-0.031739,-0.386234,0.041943,0.037090
2.850672,46.646573,-283.952011,6.573700,6.806762,41.205344,-100.293628,3.900260,3.513048,-0.029618,-0.389822,0.041601,0.035477
2.851193,46.690799,-283.856363,6.572763,6.871738,41.205344,-100.293628,3.900260,3.513048,-0.029874,-0.389822,0.041618,0.035477
2.851714,46.646573,-283.952011,6.573700,6.806762,40.780272,-100.357937,4.220116,3.420322,-0.031942,-0.385967,0.042526,0.037998
2.852236,46.707723,-283.961040,6.553282,6.955639,40.851737,-100.331392,4.070309,3.442525,-0.031879,-0.386670,0.041990,0.036805
2.852757,46.707723,-283.961040,6.553282,6.955639,40.804167,-100.340024,4.105949,3.434636,-0.032140,-0.386234,0.042094,0.037090
2.853278,46.707723,-283.961040,6.553282,6.955639,40.591454,-100.734031,4.124759,3.660005,-0.033368,-0.383053,0.042238,0.037411
2.853799,46.707723,-283.961040,6.553282,6.955639,40.744644,-100.687943,4.109305,3.660816,-0.032525,-0.384519,0.042184,0.037279
2.854321,46.707723,-283.961040,6.553282,6.955639,40.710928,-100.374427,4.173633,3.430147,-0.032653,-0.385317,0.042298,0.037638
2.854842,46.632163,-283.901626,6.517445,6.944236,40.785287,-100.319527,4.209135,3.448186,-0.031838,-0.386143,0.042240,0.037950
2.855363,46.632163,-283.901626,6.517445,6.944236,40.850834,-100.206196,4.211783,3.528259,-0.031462,-0.387099,0.042223,0.038085
2.855884,46.707723,-283.961040,6.553282,6.955639,40.930861,-100.096411,4.230492,3.600783,-0.031409,-0.388167,0.042403,0.038340
2.856406,46.632163,-283.901626,6.517445,6.944236,40.930861,-100.096411,4.230492,3.600783,-0.031008,-0.388167,0.042253,0.038340
2.856927,46.632163,-283.901626,6.517445,6.944236,41.022380,-100.060430,4.162392,3.604043,-0.030505,-0.389077,0.042046,0.037790
2.857448,46.632163,-283.901626,6.517445,6.944236,41.063227,-100.039388,4.137321,3.603200,-0.030279,-0.389500,0.041968,0.037587
2.857969,46.632163,-283.901626,6.517445,6.944236,40.976326,-100.075728,4.196994,3.600003,-0.030758,-0.388629,0.042150,0.038067
2.858491,46.707723,-283.961040,6.553282,6.955639,40.905471,-100.348534,4.208952,3.460924,-0.031590,-0.387070,0.042397,0.037934
2.859012,46.632163,-283.901626,6.517445,6.944236,41.023872,-100.232593,4.139144,3.529923,-0.030525,-0.388486,0.042017,0.037463
2.859533,46.590322,-283.877215,6.493077,6.944343,41.055931,-100.200618,4.150305,3.545210,-0.030122,-0.388872,0.041937,0.037575
2.860054,46.590322,-283.877215,6.493077,6.944343,40.952702,-100.286171,4.106819,3.514696,-0.030698,-0.387691,0.041828,0.037180
2.860576,46.590322,-283.877215,6.493077,6.944343,41.055931,-100.200618,4.150305,3.545210,-0.030122,-0.388872,0.041937,0.037575
2.861097,46.590322,-283.877215,6.493077,6.944343,41.110377,-100.029391,4.100486,3.610576,-0.029798,-0.389938,0.041753,0.037295
2.861618,46.590322,-283.877215,6.493077,6.944343,41.031612,-100.140552,4.082194,3.538865,-0.030244,-0.388875,0.041724,0.037041
2.862139,46.506896,-283.913979,6.442849,6.956739,41.078197,-100.431949,4.074726,3.858944,-0.029578,-0.388254,0.041531,0.037274
2.862661,46.632163,-283.901626,6.517445,6.944236,40.919743,-100.264418,4.116864,3.451828,-0.031097,-0.387485,0.041958,0.037201
2.863182,46.632163,-283.901626,6.517445,6.944236,41.085396,-100.266985,4.144955,3.487172,-0.030196,-0.388892,0.042042,0.037440
2.863703,46.632163,-283.901626,6.517445,6.944236,41.104617,-100.023789,4.111454,3.607281,-0.030052,-0.389909,0.041889,0.037382
2.864224,46.632163,-283.901626,6.517445,6.944236,41.342876,-100.247494,3.798545,3.526310,-0.028792,-0.391157,0.041059,0.034676
2.864746,46.632163,-283.901626,6.517445,6.944236,41.478934,-100.011013,3.817400,3.678373,-0.028016,-0.393151,0.041059,0.035072
2.865267,46.503739,-284.035419,6.467460,6.891310,40.890152,-100.425259,4.125317,3.836209,-0.030564,-0.386672,0.041761,0.037678
2.865788,46.503739,-284.035419,6.467460,6.891310,40.896619,-100.185784,4.178381,3.527685,-0.030489,-0.387562,0.041862,0.037813
2.866309,46.503739,-284.035419,6.467460,6.891310,40.872411,-100.279152,4.152267,3.447436,-0.030636,-0.387029,0.041806,0.037486
2.866831,46.549361,-283.938435,6.468327,6.956466,40.919743,-100.264418,4.116864,3.451828,-0.030640,-0.387485,0.041725,0.037201
2.867352,46.503739,-284.035419,6.467460,6.891310,40.919743,-100.264418,4.116864,3.451828,-0.030376,-0.387485,0.041699,0.037201
2.867873,46.503739,-284.035419,6.467460,6.891310,40.993562,-100.314508,4.149892,3.465517,-0.029983,-0.387941,0.041808,0.037456
2.868394,46.549361,-283.938435,6.468327,6.956466,41.055931,-100.200618,4.150305,3.545210,-0.029889,-0.388872,0.041810,0.037575
2.868915,46.632163,-283.901626,6.517445,6.944236,41.179981,-100.080715,4.129688,3.624819,-0.029652,-0.390353,0.041956,0.037520
2.869437,46.460781,-284.011144,6.441473,6.891696,40.919743,-100.264418,4.116864,3.451828,-0.030147,-0.387485,0.041586,0.037201
2.869958,46.460781,-284.011144,6.441473,6.891696,40.993562,-100.314508,4.149892,3.465517,-0.029753,-0.387941,0.041695,0.037456
2.870479,46.460781,-284.011144,6.441473,6.891696,41.022380,-100.060430,4.162392,3.604043,-0.029556,-0.389077,0.041674,0.037790
2.871000,46.503739,-284.035419,6.467460,6.891310,40.919743,-100.264418,4.116864,3.451828,-0.030376,-0.387485,0.041699,0.037201
2.871522,46.587500,-283.997612,6.517560,6.879872,40.984102,-100.150083,4.118976,3.531314,-0.030469,-0.388435,0.041918,0.037334
2.872043,46.503739,-284.035419,6.467460,6.891310,41.047255,-100.197505,4.098715,3.717838,-0.029672,-0.388809,0.041633,0.037368
2.872564,46.587500,-283.997612,6.517560,6.879872,41.063227,-100.039388,4.137321,3.603200,-0.030021,-0.389500,0.041947,0.037587
2.873085,46.503739,-284.035419,6.467460,6.891310,41.132969,-100.090314,4.166478,3.617351,-0.029189,-0.389918,0.041807,0.037812
2.873607,46.503739,-284.035419,6.467460,6.891310,41.022380,-100.060430,4.162392,3.604043,-0.029785,-0.389077,0.041787,0.037790
2.874128,46.503739,-284.035419,6.467460,6.891310,40.976326,-100.075728,4.196994,3.600003,-0.030038,-0.388629,0.041892,0.038067
2.874649,46.587500,-283.997612,6.517560,6.879872,41.063227,-100.039388,4.137321,3.603200,-0.030021,-0.389500,0.041947,0.037587
2.875170,46.587500,-283.997612,6.517560,6.879872,40.993562,-100.314508,4.149892,3.465517,-0.030445,-0.387941,0.042045,0.037456
2.875692,46.569417,-283.891636,6.536866,6.793704,40.993562,-100.314508,4.149892,3.465517,-0.030364,-0.387941,0.042158,0.037456
2.876213,46.614549,-283.795724,6.536717,6.858522,40.993562,-100.314508,4.149892,3.465517,-0.030626,-0.387941,0.042179,0.037456
2.876734,46.614549,-283.795724,6.536717,6.858522,40.919743,-100.264418,4.116864,3.451828,-0.031019,-0.387485,0.042071,0.037201
2.877255,46.643406,-284.014214,6.574397,6.958066,40.919743,-100.264418,4.116864,3.451828,-0.031139,-0.387485,0.042195,0.037201
2.877777,46.395952,-282.398519,6.452358,6.962393,40.856525,-98.953303,4.071165,3.298865,-0.030187,-0.391566,0.041571,0.037065
2.878298,46.544502,-282.306560,6.463519,6.913047,40.821492,-98.266889,4.140930,3.249421,-0.031087,-0.393724,0.041689,0.037799
2.878819,45.667980,-281.249765,6.465721,6.836037,39.894551,-98.465768,3.936978,3.227911,-0.031576,-0.384948,0.041394,0.036191
2.879340,46.636850,-282.335809,6.547704,6.933989,41.168599,-98.551979,3.795705,3.340277,-0.029745,-0.395701,0.041163,0.034938
2.879862,46.473522,-282.019809,6.493857,6.773563,41.010946,-97.988078,3.866323,3.718657,-0.029674,-0.396378,0.041050,0.036194
2.880383,46.556065,-282.078928,6.449003,6.762460,40.671077,-97.627694,4.147954,3.273812,-0.031895,-0.394729,0.041549,0.038111
2.880904,46.567869,-283.006136,6.594287,6.810453,40.657722,-99.144623,4.196912,3.333505,-0.032133,-0.389170,0.042490,0.038111
2.881425,46.637979,-282.645705,6.581368,6.917109,41.376614,-99.377835,3.817688,3.587483,-0.028701,-0.394527,0.041499,0.035157
2.881947,45.956031,-283.670529,6.459052,6.941646,40.385085,-100.015019,3.819334,3.219218,-0.030324,-0.383770,0.040840,0.034684
2.882468,47.033041,-283.834692,6.443171,6.982616,41.112911,-100.402801,3.805996,3.250102,-0.032263,-0.388652,0.040776,0.034391
2.882989,46.961969,-284.140204,6.531684,6.774457,41.112911,-100.402801,3.805996,3.250102,-0.031823,-0.388652,0.041123,0.034391
2.883510,47.291045,-284.427726,6.391609,6.853887,41.476950,-100.935658,3.869508,3.428994,-0.031675,-0.389889,0.040700,0.034905
2.884031,47.324174,-285.137979,6.404220,6.698096,41.975637,-101.260965,3.948049,3.392838,-0.029079,-0.392969,0.040898,0.035320
2.884553,47.199463,-285.737359,6.339920,7.049179,41.293138,-102.021918,3.911443,3.479274,-0.032138,-0.384593,0.040530,0.035013
2.885074,46.839024,-285.978319,6.476580,6.894402,41.273831,-102.388075,4.320318,3.157053,-0.030304,-0.383186,0.042385,0.037839
2.885595,47.194153,-286.395354,6.350679,6.796317,41.459235,-102.812839,3.890009,3.340751,-0.031229,-0.383305,0.040548,0.034440
2.886116,47.447535,-287.328270,6.191021,6.829992,41.300440,-103.836372,3.852189,3.300199,-0.033488,-0.378561,0.039718,0.033840
2.886638,47.197001,-287.372993,6.419930,6.828616,41.316353,-103.603361,3.833858,3.352523,-0.031989,-0.379466,0.040670,0.033813
2.887159,47.177369,-287.419646,6.539305,6.784022,41.428700,-104.306997,3.911599,3.311940,-0.031384,-0.378073,0.041592,0.034174
2.887680,47.602341,-287.294702,6.166226,6.749458,41.675175,-103.723589,3.792996,3.177489,-0.032277,-0.382049,0.039417,0.033221
2.888201,47.151686,-286.497192,6.390824,6.815216,41.414813,-103.307094,3.911599,3.311940,-0.031306,-0.381274,0.040883,0.034449
2.888723,47.069961,-286.307655,6.419448,6.810497,41.302466,-102.603458,3.833858,3.352523,-0.031385,-0.382698,0.040683,0.034089
2.889244,46.999877,-285.745785,6.528222,6.914263,41.279707,-102.140280,3.940847,3.399281,-0.031145,-0.384076,0.041512,0.035123
2.889765,47.183034,-285.389779,6.373714,6.760604,41.295751,-102.096010,3.857456,3.317361,-0.032108,-0.384362,0.040625,0.034379
2.890286,46.205041,-283.803355,6.363783,6.958824,40.466151,-100.435689,3.778202,3.584609,-0.031287,-0.383009,0.040343,0.034648
2.890808,46.486857,-283.474662,6.210741,6.896017,40.634795,-100.689469,3.761155,3.466900,-0.032005,-0.383576,0.039706,0.034273
2.891329,46.633691,-283.985624,6.199937,6.619552,40.873647,-100.186103,3.798159,3.057313,-0.031328,-0.387364,0.039539,0.034209
2.891850,46.363527,-283.442495,6.169376,6.838812,40.771264,-99.928006,3.801487,3.483656,-0.030464,-0.387389,0.039472,0.034818
2.892371,46.444172,-283.384222,6.215014,6.843901,40.262148,-99.525517,3.805516,3.096183,-0.033611,-0.384415,0.039616,0.034593
2.892893,45.795088,-282.796905,6.331698,6.883941,40.187452,-98.981231,3.956767,3.215731,-0.030497,-0.385677,0.040600,0.036138
2.893414,45.367287,-282.019185,6.339065,6.663875,39.967738,-98.996441,3.559267,3.281188,-0.029494,-0.383717,0.039705,0.032986
2.893935,46.475457,-281.575992,6.441156,6.770940,40.218654,-97.487147,3.939688,3.290493,-0.033975,-0.391281,0.040992,0.036527
2.894456,45.021793,-280.956952,6.130411,6.941235,39.454738,-97.185519,4.043381,3.094401,-0.030284,-0.385645,0.039944,0.037402
2.894978,44.948486,-280.554908,6.127398,6.797588,39.976219,-96.536052,3.762389,3.260381,-0.027014,-0.392608,0.039061,0.035346
2.895499,44.603964,-280.674781,6.141964,7.049654,40.057480,-96.548438,3.671792,3.344931,-0.024687,-0.393281,0.038854,0.034686
2.896020,44.754793,-279.880905,6.231369,6.837762,39.749363,-96.428627,4.056168,3.166523,-0.027278,-0.390992,0.040515,0.037770
2.896541,44.349111,-279.834551,6.400808,6.887968,39.094622,-96.111777,3.602132,3.486840,-0.028592,-0.386322,0.039963,0.034561
2.897063,44.667796,-280.530321,6.184683,6.713713,39.429990,-96.062343,3.296550,3.248051,-0.028386,-0.389493,0.037979,0.031680
2.897584,44.384307,-280.169973,6.354731,6.937321,39.178852,-96.278799,3.782113,3.390100,-0.028300,-0.386467,0.040200,0.035874
2.898105,44.912202,-279.967667,6.202829,6.916351,40.066814,-96.490702,3.896079,3.403697,-0.026403,-0.393575,0.039910,0.036636
2.898626,45.361305,-280.284006,6.495123,6.854786,40.031007,-95.989708,3.414946,3.222009,-0.028915,-0.395104,0.039802,0.032567
2.899148,45.377728,-280.185687,6.476181,6.923582,39.999180,-96.608730,3.896880,3.325091,-0.029290,-0.392545,0.041155,0.036520
2.899669,45.377728,-280.185687,6.476181,6.923582,39.999180,-96.608730,3.896880,3.325091,-0.029290,-0.392545,0.041155,0.036520
2.900190,45.403431,-279.886794,6.382977,7.047549,40.207486,-95.771852,3.833858,3.352523,-0.028214,-0.397480,0.040427,0.036254
2.900711,44.835298,-280.713879,6.175882,7.033001,39.823074,-96.370845,4.183232,3.460803,-0.027183,-0.391857,0.040451,0.039183
2.901232,45.128729,-279.872280,6.541072,6.962153,39.643399,-95.641774,4.147954,3.273812,-0.029765,-0.392943,0.042023,0.038941
2.901754,45.123964,-280.520407,6.319567,7.085453,39.649623,-96.566950,4.171675,3.222241,-0.029751,-0.389604,0.041147,0.038782
2.902275,45.298986,-281.645863,6.365696,7.042181,40.032346,-97.291625,4.136419,3.438947,-0.028560,-0.390353,0.041164,0.038428
2.902796,45.184821,-281.969519,6.387494,6.906939,39.552960,-97.911542,4.287322,3.208307,-0.030589,-0.383921,0.041776,0.039327
2.903317,45.235377,-282.045323,6.346198,7.011616,39.592650,-98.462763,4.204053,3.278587,-0.030727,-0.382322,0.041447,0.038519
2.903839,44.900303,-282.070800,6.317782,6.867962,40.072474,-98.086964,4.176594,3.193240,-0.026234,-0.387847,0.041150,0.038229
2.904360,45.144518,-282.136704,6.310253,6.970606,39.532721,-98.592807,4.206754,3.349958,-0.030565,-0.381342,0.041301,0.038586
2.904881,45.450434,-282.721227,6.331433,6.824139,39.594407,-99.355217,4.276784,3.386016,-0.031925,-0.379224,0.041647,0.038951
2.905402,45.423541,-282.987873,6.383591,6.869983,39.580046,-99.307335,4.285376,3.500653,-0.031803,-0.379265,0.041838,0.039161
2.905924,45.316016,-283.232971,6.441738,6.853015,39.752684,-99.257761,4.207265,3.513367,-0.030230,-0.380937,0.041802,0.038517
2.906445,45.351559,-282.830719,6.427290,6.734471,40.362631,-99.057956,3.829967,3.186985,-0.027141,-0.386925,0.040698,0.035013
2.906966,45.629130,-283.443181,6.255461,6.940346,39.994483,-99.844621,4.197678,3.267957,-0.030680,-0.380995,0.041013,0.037950
2.907487,45.640034,-283.583542,6.449872,6.746827,40.111678,-100.102737,4.191109,3.323060,-0.030121,-0.381114,0.041903,0.037853
2.908009,45.643410,-283.977282,6.377862,6.902836,40.138960,-100.617252,4.188325,3.546364,-0.030011,-0.379581,0.041595,0.037905
2.908530,45.649939,-283.169164,6.343826,6.642061,39.775311,-99.591472,4.240175,3.426347,-0.031990,-0.379976,0.041543,0.038584
2.909051,45.590522,-283.802367,6.377651,6.687186,40.042149,-100.538861,4.136060,3.426504,-0.030266,-0.379019,0.041459,0.037390
2.909572,45.561650,-283.250820,6.447938,6.867243,40.383571,-99.885651,4.098808,3.426476,-0.028232,-0.384206,0.041651,0.037230
2.910094,45.579669,-283.123238,6.382858,6.946171,40.456752,-99.319858,3.862722,3.529317,-0.027865,-0.386816,0.040576,0.035592
2.910615,45.593557,-284.123142,6.382858,6.946171,39.915454,-100.383639,4.186783,3.393102,-0.030893,-0.378461,0.041526,0.037837
2.911136,45.677482,-284.099531,6.433359,6.926042,40.105354,-99.966213,4.232619,3.317903,-0.030252,-0.381531,0.041803,0.038231
2.911657,46.892952,-283.189389,6.414901,6.768294,40.795524,-99.791196,4.249855,3.394778,-0.033235,-0.388077,0.041934,0.038386
2.912179,45.840901,-283.000509,6.415828,6.695062,40.638806,-99.915753,3.865106,3.433978,-0.028406,-0.386295,0.040894,0.035293
2.912700,45.811858,-283.437521,6.366330,6.807645,40.195438,-99.417670,4.107751,3.307417,-0.030511,-0.384215,0.041153,0.037347
2.913221,46.241413,-283.359992,6.476332,6.715235,40.143717,-99.432364,4.148747,3.302875,-0.033141,-0.383717,0.041792,0.037684
2.913742,46.001765,-282.433258,6.439561,6.493521,39.860878,-98.980753,4.188430,3.418944,-0.033461,-0.382843,0.041848,0.038327
2.914264,45.627531,-282.853385,6.270642,6.889718,39.752859,-99.153376,4.153288,3.317603,-0.031969,-0.381302,0.040923,0.037892
2.914785,45.743720,-283.217870,6.423061,6.871816,39.997515,-99.508021,4.120415,3.303849,-0.031269,-0.382189,0.041518,0.037454
2.915306,45.584520,-282.485589,6.494813,6.735871,40.122536,-98.702452,4.073206,3.419394,-0.029711,-0.386097,0.041695,0.037421
2.915827,45.514422,-282.765744,6.273366,6.762974,40.248439,-99.249573,4.048230,3.394335,-0.028687,-0.385262,0.040668,0.036997
2.916348,45.749795,-282.331263,6.366471,6.723354,40.482855,-98.869747,3.804249,3.435037,-0.028701,-0.388632,0.040409,0.035133
2.916870,45.480363,-282.132040,6.330058,6.970881,39.832018,-97.983375,4.170159,3.159327,-0.030663,-0.386113,0.041145,0.038217
2.917391,45.407874,-282.737513,6.165310,6.741732,39.730169,-98.407694,4.151981,3.400960,-0.030792,-0.383718,0.040306,0.038211
2.917912,45.507955,-281.878309,6.324526,6.685357,39.936804,-97.686527,4.193023,3.264145,-0.030237,-0.388092,0.041178,0.038594
2.918433,45.490142,-282.360032,6.306402,6.755356,39.918208,-98.559680,4.208096,3.413008,-0.030306,-0.384823,0.041229,0.038607
2.918955,45.170598,-281.802674,6.214230,6.837265,39.968116,-97.734587,4.186798,3.314991,-0.028256,-0.388194,0.040692,0.038577
2.919476,45.149063,-281.939975,6.291112,6.874487,39.757249,-98.291020,4.184763,3.431532,-0.029351,-0.384367,0.041126,0.038549
2.919997,45.202236,-282.406208,6.277930,6.868858,39.769758,-98.635019,4.174483,3.279961,-0.029552,-0.383263,0.041007,0.038187
2.920518,45.832583,-282.434039,6.455819,6.716210,39.927977,-98.844455,4.197383,3.416940,-0.032151,-0.383905,0.041921,0.038431
2.921040,45.458691,-281.647649,6.420305,6.769775,39.937179,-97.856116,4.151620,3.192137,-0.030033,-0.387488,0.041580,0.038117
2.921561,45.474563,-281.678320,6.391841,6.780815,40.000740,-98.039336,4.233689,3.318533,-0.029799,-0.387390,0.041730,0.038868
2.922082,45.225865,-281.736919,6.421953,6.664284,39.829280,-98.528033,4.264935,3.408363,-0.029447,-0.384159,0.042059,0.039100
2.922603,45.109123,-281.769794,6.293605,6.843553,39.816767,-98.494903,4.256135,3.427406,-0.028869,-0.384167,0.041438,0.039061
2.923125,45.293195,-282.501132,6.315478,6.779913,39.630730,-98.721628,4.231745,3.199652,-0.030801,-0.381746,0.041346,0.038579
2.923646,45.392713,-282.209080,6.317357,6.999378,40.061187,-98.321410,4.155548,3.177351,-0.028985,-0.386913,0.041104,0.037966
2.924167,45.398079,-283.140913,6.403195,6.946470,40.026219,-99.815483,4.147237,3.425730,-0.029294,-0.381370,0.041597,0.037706
2.924688,45.527593,-282.923709,6.413646,6.803630,40.064140,-99.159674,4.138052,3.514734,-0.029722,-0.383981,0.041517,0.037928
2.925210,45.353558,-283.221539,6.277938,6.674035,39.943576,-99.507596,4.178074,3.243757,-0.029439,-0.381723,0.041030,0.037876
2.925731,45.602805,-282.767446,6.328544,6.737738,40.002966,-98.843635,4.112068,3.198052,-0.030437,-0.384560,0.041015,0.037476
2.926252,45.516321,-283.317720,6.399956,6.720701,39.404760,-99.391274,4.224562,3.223496,-0.033216,-0.377452,0.041669,0.038375
2.926773,45.462695,-283.785747,6.309309,6.767912,40.097716,-99.904399,4.098872,3.236285,-0.029168,-0.381679,0.040899,0.037068
2.927295,45.890507,-283.209957,6.477690,6.609751,40.071815,-99.567001,4.109428,3.431205,-0.031674,-0.382626,0.041750,0.037472
2.927816,45.924743,-283.494536,6.516298,6.812954,40.397076,-99.842389,4.091234,3.461765,-0.030089,-0.384473,0.041876,0.037219
2.928337,45.892998,-284.109419,6.465160,6.841402,40.386631,-100.490364,3.991272,3.328395,-0.029979,-0.382139,0.041360,0.036064
2.928858,45.981940,-283.386560,6.446642,6.953469,40.019700,-100.006084,4.082755,3.510285,-0.032502,-0.380655,0.041590,0.037214
2.929380,45.921392,-283.894255,6.444279,6.792136,39.842590,-100.510509,4.156965,3.579620,-0.033136,-0.377401,0.041795,0.037767
2.929901,45.829955,-283.356944,6.364373,6.809309,39.823309,-100.391317,4.148062,3.628008,-0.032818,-0.377642,0.041499,0.037789
2.930422,46.188533,-284.277104,6.233926,6.823526,40.588325,-101.036301,3.819899,3.398829,-0.030553,-0.381988,0.039882,0.034571
2.930943,46.199654,-284.174628,6.213428,6.895777,40.588325,-101.036301,3.819899,3.398829,-0.030630,-0.381988,0.039810,0.034571
2.931465,46.300381,-284.282339,6.250174,6.932299,40.628930,-100.793855,3.857364,3.523066,-0.030899,-0.383167,0.040011,0.035081
2.931986,45.913033,-284.098538,6.513697,6.932723,40.891752,-100.465753,4.096754,3.245282,-0.027337,-0.386545,0.041888,0.036756
2.932507,46.199654,-284.174628,6.213428,6.895777,40.539654,-100.459060,3.907192,3.511373,-0.030799,-0.383558,0.039935,0.035578
2.933028,45.910025,-283.997523,6.399204,6.918504,40.330426,-100.469315,3.868158,3.335546,-0.030392,-0.381730,0.040725,0.035088
2.933549,46.265447,-283.332443,6.173560,6.818980,40.640049,-99.959913,4.041715,3.547598,-0.030668,-0.386152,0.040223,0.036841
2.934071,46.265447,-283.332443,6.173560,6.818980,40.502807,-100.244200,3.850128,3.671026,-0.031464,-0.383985,0.039722,0.035383
2.934592,46.152587,-283.409531,6.350679,6.796317,40.383571,-99.885651,4.098808,3.426476,-0.031424,-0.384206,0.041165,0.037230
2.935113,45.899031,-282.526205,6.395545,6.798238,40.552159,-99.438883,3.886493,3.344450,-0.029196,-0.387221,0.040859,0.035515
2.935634,46.216392,-283.144701,6.434715,6.841187,40.372007,-100.080938,4.027203,3.438673,-0.031915,-0.383428,0.041446,0.036603
2.936156,45.970225,-282.891631,6.271842,6.951657,40.280237,-99.191254,4.169407,3.402998,-0.030964,-0.385742,0.040979,0.038014
2.936677,45.812946,-282.922532,6.287480,6.759478,40.308054,-99.776271,4.152902,3.483955,-0.030048,-0.383936,0.041125,0.037781
2.937198,45.899031,-282.526205,6.395545,6.798238,40.681076,-98.843927,3.837818,3.517404,-0.028400,-0.390440,0.040591,0.035486
2.937719,45.447483,-282.879418,6.346637,6.693543,40.663817,-99.086347,3.727850,3.475206,-0.026022,-0.389429,0.040035,0.034475
2.938241,46.668925,-283.366581,6.448331,6.726028,41.853103,-99.334581,3.695628,3.355883,-0.026162,-0.398762,0.040372,0.033829
2.938762,45.246946,-282.527123,6.364136,6.792215,40.739308,-98.982724,3.711489,3.515051,-0.024554,-0.390449,0.040128,0.034415
2.939283,45.310426,-283.088690,6.347825,6.944270,39.939473,-99.207269,4.119678,3.672615,-0.029200,-0.382734,0.041138,0.037966
2.939804,45.160844,-282.212821,6.335656,6.926138,39.982566,-99.016547,4.032248,3.660655,-0.028259,-0.383775,0.040979,0.037292
2.940326,45.546707,-282.174878,6.447638,6.845609,40.092286,-99.371294,4.041857,3.534110,-0.029829,-0.383485,0.041610,0.037093
2.940847,45.613828,-282.450585,6.555112,6.805572,40.539798,-99.320285,3.714783,3.597239,-0.027700,-0.387532,0.041128,0.034474
2.941368,45.926805,-282.478204,6.442498,6.817900,40.663817,-99.086347,3.727850,3.475206,-0.028690,-0.389429,0.040571,0.034475
2.941889,45.792835,-282.413959,6.490102,6.983974,40.056823,-98.933812,3.937820,3.197548,-0.031252,-0.384711,0.041354,0.035997
2.942411,45.477047,-282.688100,6.577624,6.824537,40.515908,-98.980429,3.660890,3.451934,-0.026999,-0.388526,0.040962,0.033956
2.942932,45.471359,-282.605882,6.484902,6.838851,39.874601,-99.022013,3.945783,3.225209,-0.030477,-0.382818,0.041330,0.036097
2.943453,45.653103,-282.648645,6.462949,6.862051,39.854850,-98.897658,4.031610,3.345207,-0.031544,-0.383082,0.041434,0.036979
2.943974,45.442323,-283.441884,6.360499,6.757936,40.157696,-99.871691,3.644144,3.392076,-0.028780,-0.382309,0.039917,0.033538
2.944496,45.401923,-283.208536,6.494830,6.833702,40.016304,-99.469025,4.065665,3.421966,-0.029303,-0.382487,0.041685,0.037142
2.945017,45.576332,-282.776334,6.451431,6.755787,40.180118,-99.076580,4.124428,3.440106,-0.029367,-0.385278,0.041665,0.037739
2.945538,45.597351,-283.515105,6.460160,6.680955,40.310452,-99.826420,4.023829,3.504251,-0.028774,-0.383783,0.041416,0.036738
2.946059,45.850142,-283.105449,6.354756,6.753526,40.676437,-99.642737,3.635060,3.485637,-0.028193,-0.387575,0.039890,0.033580
2.946581,45.969250,-283.047701,6.338594,6.789279,40.347087,-99.668674,3.951601,3.427645,-0.030649,-0.384648,0.040714,0.036104
2.947102,45.883321,-283.464394,6.493420,6.806665,40.717643,-100.240906,3.762755,3.381362,-0.028186,-0.385838,0.040944,0.034300
2.947623,45.948917,-283.207414,6.467919,6.796465,39.860215,-100.096618,4.045284,3.469782,-0.033239,-0.378969,0.041639,0.036861
2.948144,45.857004,-283.599565,6.493018,6.624833,39.986690,-100.704531,4.020098,3.402406,-0.032086,-0.377977,0.041732,0.036378
2.948665,45.981940,-283.386560,6.446642,6.953469,40.123866,-100.211855,4.050408,3.358683,-0.031970,-0.380843,0.041543,0.036704
2.949187,45.844196,-284.142448,6.412328,6.821858,40.235280,-100.875267,4.073633,3.562544,-0.030596,-0.379525,0.041434,0.036899
2.949708,45.788722,-283.724348,6.431511,6.697036,40.045699,-100.622062,4.113565,3.493296,-0.031355,-0.378765,0.041674,0.037253
2.950229,45.975953,-283.511251,6.429181,6.808325,40.836966,-100.351262,3.576996,3.827988,-0.028050,-0.386475,0.040155,0.033355
2.950750,45.874203,-283.351302,6.505486,6.819852,40.540998,-100.295671,3.735665,3.577409,-0.029126,-0.384135,0.040964,0.034330
2.951272,45.874203,-283.351302,6.505486,6.819852,40.540998,-100.295671,3.735665,3.577409,-0.029126,-0.384135,0.040964,0.034330
2.951793,46.023727,-284.426242,6.415806,6.817765,40.600201,-101.212012,3.756236,3.493121,-0.029593,-0.381489,0.040562,0.034120
2.952314,45.900740,-283.757069,6.384037,6.828681,41.228336,-99.818397,3.349681,3.783707,-0.025397,-0.391691,0.039184,0.031634
2.952835,46.000147,-283.597712,6.398591,6.716894,40.320586,-99.175393,3.915071,3.472259,-0.030787,-0.386147,0.040656,0.036012
2.953357,46.049851,-283.620325,6.409640,6.732261,41.574308,-99.270034,3.208634,3.325758,-0.024273,-0.396608,0.038872,0.029978
2.953878,46.144752,-283.583894,6.422741,6.647249,40.660293,-99.651279,3.756964,3.543996,-0.029809,-0.387406,0.040437,0.034632
2.954399,45.951083,-283.467257,6.430492,6.555064,40.874877,-99.518236,3.610477,3.459374,-0.027589,-0.389720,0.040076,0.033360
2.954920,46.065426,-284.036401,6.354749,6.784343,41.374401,-99.768280,3.794315,3.483249,-0.025452,-0.393118,0.040154,0.034723
2.955442,46.055762,-283.034931,6.355878,6.693606,41.058588,-98.891743,3.526515,3.414249,-0.027131,-0.393530,0.039459,0.032782
2.955963,46.037673,-283.297385,6.352328,6.644038,40.906359,-99.308941,3.491802,3.672896,-0.027882,-0.390731,0.039384,0.032761
2.956484,45.780933,-282.885572,6.496413,6.807631,40.428944,-99.474819,3.716721,3.586915,-0.029172,-0.386032,0.040791,0.034445
2.957005,45.778195,-283.503594,6.438902,6.923642,40.196228,-100.003185,4.013375,3.510292,-0.030410,-0.382186,0.041329,0.036623
2.957527,45.795798,-282.830672,6.307501,6.798009,40.007234,-98.776014,3.767443,3.120549,-0.031440,-0.384835,0.039898,0.034561
2.958048,45.931251,-282.781334,6.304254,6.817376,40.721342,-98.612309,3.513317,3.143893,-0.028281,-0.391615,0.039173,0.032449
2.958569,45.609321,-282.944474,6.432906,6.746461,40.603331,-99.236432,3.610297,3.456183,-0.027243,-0.388376,0.040141,0.033469
2.959090,45.546409,-282.489936,6.413435,6.840463,40.295351,-98.543976,3.708240,3.561541,-0.028539,-0.388161,0.040259,0.034637
2.959612,45.737061,-283.545336,6.425716,6.871238,40.603331,-99.236432,3.610297,3.456183,-0.027847,-0.388376,0.039976,0.033469
2.960133,45.745230,-283.539116,6.416835,6.978470,40.956469,-99.366033,3.486658,3.355311,-0.025996,-0.390960,0.039641,0.032267
2.960654,45.908056,-282.437467,6.483931,6.978902,41.080242,-98.591531,3.511540,3.437720,-0.026254,-0.394795,0.040096,0.032776
2.961175,45.890738,-283.805777,6.357871,7.044080,40.539570,-99.652716,3.806308,3.462373,-0.029050,-0.386362,0.040224,0.034944
2.961697,45.979357,-283.534394,6.275628,7.063854,40.206546,-99.285642,4.071524,3.428163,-0.031321,-0.384773,0.040583,0.037222
2.962218,45.927980,-283.186190,6.288580,7.073968,40.303927,-99.356586,3.950657,3.518933,-0.030584,-0.385367,0.040383,0.036304
2.962739,46.003027,-283.921049,6.308881,6.911889,40.387830,-99.848661,4.063769,3.213963,-0.030496,-0.384371,0.040750,0.036723
2.963260,45.901310,-283.492167,6.508923,6.920257,40.424466,-99.428117,3.843372,3.443940,-0.029746,-0.386157,0.041050,0.035304
2.963782,45.809900,-283.896461,6.454350,6.958456,40.560766,-99.307385,3.678946,3.180141,-0.028429,-0.387758,0.040232,0.033670
2.964303,45.993039,-284.309686,6.313835,6.876802,40.343572,-99.915661,4.075589,3.010136,-0.030628,-0.383758,0.040736,0.036599
2.964824,47.128794,-284.838416,6.373406,6.862459,41.227395,-100.915027,3.938375,3.320653,-0.032075,-0.387843,0.040715,0.035373
2.965345,45.805659,-284.392028,6.458536,6.829152,40.213951,-100.346709,4.032081,3.651576,-0.030373,-0.381153,0.041351,0.036831
2.965866,46.948871,-284.683435,6.395278,6.958350,41.776806,-100.798619,3.672161,3.632475,-0.028119,-0.392908,0.040091,0.033602
2.966388,46.877682,-284.934932,6.434711,6.840897,41.631465,-100.891863,3.662044,3.347205,-0.028498,-0.391351,0.040213,0.033148
2.966909,45.888090,-284.351206,6.505486,6.819852,40.436436,-100.542859,3.765630,3.367540,-0.029651,-0.382385,0.040877,0.034260
