# time (s), x1 (pixels), y1 (pixels), x1 error (pixels), y1 error (pixels), x2 (pixels), y2 (pixels), x2 error (pixels), y2 error (pixels), angle1 (the smaller arm) (rad), angle2 (the larger arm) (rad), angle1 error (rad), angle2 error (rad)
0.000000,-21.615433,-329.439499,7.000993,6.918264,73.532463,-228.040415,2.172271,1.979951,0.753604,5.971258,0.052267,0.008994
0.000526,-21.567253,-329.298153,6.974945,7.018262,73.532463,-228.040415,2.172271,1.979951,0.754047,5.971258,0.052545,0.008994
0.001052,-21.381914,-329.088860,6.938318,6.981700,73.532463,-228.040415,2.172271,1.979951,0.754106,5.971258,0.052398,0.008994
0.001578,-21.505186,-328.953279,7.016616,6.867383,73.532463,-228.040415,2.172271,1.979951,0.755424,5.971258,0.052321,0.008994
0.002105,-21.527482,-328.824073,7.046213,6.812320,73.532463,-228.040415,2.172271,1.979951,0.756181,5.971258,0.052283,0.008994
0.002631,-21.654867,-328.711308,7.004761,6.781422,73.532463,-228.040415,2.172271,1.979951,0.757408,5.971258,0.052026,0.008994
0.003157,-21.663741,-328.663661,6.994648,6.818250,73.532463,-228.040415,2.172271,1.979951,0.757691,5.971258,0.052117,0.008994
0.003683,-21.698717,-328.541342,6.973472,6.835162,73.532463,-228.040415,2.172271,1.979951,0.758481,5.971258,0.052117,0.008994
0.004209,-22.013834,-328.463206,7.085712,6.737534,73.532463,-228.040415,2.172271,1.979951,0.760519,5.971258,0.052153,0.008994
0.004735,-21.730670,-328.282247,6.977038,6.694267,73.532463,-228.040415,2.172271,1.979951,0.759938,5.971258,0.051735,0.008994
0.005262,-21.804392,-328.157871,6.956137,6.766807,73.532463,-228.040415,2.172271,1.979951,0.760944,5.971258,0.051905,0.008994
0.005788,-21.866100,-328.056889,6.966614,6.810837,73.532463,-228.040415,2.172271,1.979951,0.761771,5.971258,0.052097,0.008994
0.006314,-21.854241,-327.941315,6.941016,6.893788,73.532463,-228.040415,2.172271,1.979951,0.762287,5.971258,0.052309,0.008994
0.006840,-21.954693,-327.893553,7.147443,6.928921,73.532463,-228.040415,2.172271,1.979951,0.763051,5.971258,0.053165,0.008994
0.007366,-21.762145,-327.813881,6.998655,6.940609,73.532463,-228.040415,2.172271,1.979951,0.762442,5.971258,0.052732,0.008994
0.007892,-21.780394,-327.597604,6.970712,6.928987,73.532463,-228.040415,2.172271,1.979951,0.763621,5.971258,0.052646,0.008994
0.008419,-21.758990,-327.507985,6.987705,6.867617,73.532463,-228.040415,2.172271,1.979951,0.763959,5.971258,0.052535,0.008994
0.008945,-21.953247,-327.565075,7.137820,6.840353,73.532463,-228.040415,2.172271,1.979951,0.764690,5.971258,0.052929,0.008994
0.009471,-21.985425,-327.466650,7.107118,6.899164,73.532463,-228.040415,2.172271,1.979951,0.765352,5.971258,0.053026,0.008994
0.009997,-22.057383,-327.301176,7.134219,6.831552,73.532463,-228.040415,2.172271,1.979951,0.766561,5.971258,0.052928,0.008994
0.010523,-22.046713,-327.065867,6.901476,6.918574,73.532463,-228.040415,2.172271,1.979951,0.767691,5.971258,0.052435,0.008994
0.011049,-22.239011,-327.129645,7.048429,6.894234,73.532463,-228.040415,2.172271,1.979951,0.768374,5.971258,0.052816,0.008994
0.011575,-22.044355,-326.713312,7.113879,6.794660,73.532463,-228.040415,2.172271,1.979951,0.769461,5.971258,0.052890,0.008994
0.012102,-22.081007,-326.686804,7.098772,6.790261,73.532463,-228.040415,2.172271,1.979951,0.769787,5.971258,0.052817,0.008994
0.012628,-22.156888,-326.516450,7.067099,6.899122,73.532463,-228.040415,2.172271,1.979951,0.771047,5.971258,0.053087,0.008994
0.013154,-22.249490,-326.171979,7.134317,6.856068,73.532463,-228.040415,2.172271,1.979951,0.773282,5.971258,0.053254,0.008994
0.013680,-22.226780,-326.114377,7.172042,6.874226,73.532463,-228.040415,2.172271,1.979951,0.773457,5.971258,0.053474,0.008994
0.014206,-22.294823,-325.919689,7.196327,6.968782,73.532463,-228.040415,2.172271,1.979951,0.774805,5.971258,0.053913,0.008994
0.014732,-22.197490,-325.816474,7.161082,6.926896,73.532463,-228.040415,2.172271,1.979951,0.774825,5.971258,0.053699,0.008994
0.015259,-22.198563,-325.768527,7.172460,6.888534,73.532463,-228.040415,2.172271,1.979951,0.775075,5.971258,0.053624,0.008994
0.015785,-22.218355,-325.479355,7.224929,6.752132,73.532463,-228.040415,2.172271,1.979951,0.776660,5.971258,0.053431,0.008994
0.016311,-22.219501,-325.270502,7.237023,6.806393,73.532463,-228.040415,2.172271,1.979951,0.777739,5.971258,0.053711,0.008994
0.016837,-22.185522,-325.298253,7.225850,6.800315,73.532463,-228.040415,2.172271,1.979951,0.777419,5.971258,0.053652,0.008994
0.017363,-22.363319,-325.141826,7.179501,6.812619,73.532463,-228.040415,2.172271,1.979951,0.779151,5.971258,0.053513,0.008994
0.017889,-22.504521,-325.025922,7.122535,6.874109,73.532463,-228.040415,2.172271,1.979951,0.780484,5.971258,0.053505,0.008994
0.018416,-22.232311,-324.559143,7.166201,6.703123,73.532463,-228.040415,2.172271,1.979951,0.781477,5.971258,0.053286,0.008994
0.018942,-22.314470,-324.546033,7.209516,6.683082,73.532463,-228.040415,2.172271,1.979951,0.781974,5.971258,0.053356,0.008994
0.019468,-22.402879,-324.250982,7.199063,6.771605,73.532463,-228.040415,2.172271,1.979951,0.783966,5.971258,0.053668,0.008994
0.019994,-22.409837,-324.179888,7.182299,6.827809,73.532463,-228.040415,2.172271,1.979951,0.784372,5.971258,0.053816,0.008994
0.020520,-22.409837,-324.179888,7.182299,6.827809,73.532463,-228.040415,2.172271,1.979951,0.784372,5.971258,0.053816,0.008994
0.021046,-22.194489,-323.854465,7.156002,6.906609,73.532463,-228.040415,2.172271,1.979951,0.784943,5.971258,0.054144,0.008994
0.021572,-22.172462,-323.945847,7.138279,6.974482,73.532463,-228.040415,2.172271,1.979951,0.784352,5.971258,0.054298,0.008994
0.022099,-22.219096,-323.862977,7.136416,6.909206,73.532463,-228.040415,2.172271,1.979951,0.785028,5.971258,0.054073,0.008994
0.022625,-22.243236,-323.823409,7.131420,6.873473,73.532463,-228.040415,2.172271,1.979951,0.785360,5.971258,0.053934,0.008994
0.023151,-22.243236,-323.823409,7.131420,6.873473,73.532463,-228.040415,2.172271,1.979951,0.785360,5.971258,0.053934,0.008994
0.023677,-22.176837,-323.719512,7.186125,6.809366,73.532463,-228.040415,2.172271,1.979951,0.785556,5.971258,0.053958,0.008994
0.024203,-22.176837,-323.719512,7.186125,6.809366,73.532463,-228.040415,2.172271,1.979951,0.785556,5.971258,0.053958,0.008994
0.024729,-22.134299,-323.697846,7.212039,6.808060,73.532463,-228.040415,2.172271,1.979951,0.785447,5.971258,0.054066,0.008994
0.025256,-21.794988,-323.639906,6.975780,6.818948,73.532463,-228.040415,2.172271,1.979951,0.783973,5.971258,0.053364,0.008994
0.025782,-21.697535,-323.574582,6.979983,6.861452,73.532463,-228.040415,2.172271,1.979951,0.783804,5.971258,0.053573,0.008994
0.026308,-21.663174,-323.527183,6.967933,6.895841,73.532463,-228.040415,2.172271,1.979951,0.783871,5.971258,0.053674,0.008994
0.026834,-21.575006,-323.509663,6.969159,6.828989,73.532463,-228.040415,2.172271,1.979951,0.783500,5.971258,0.053474,0.008994
0.027360,-21.521509,-323.607404,6.926064,6.892795,73.532463,-228.040415,2.172271,1.979951,0.782707,5.971258,0.053531,0.008994
0.027886,-21.447486,-323.692363,7.003412,6.830306,73.532463,-228.040415,2.172271,1.979951,0.781873,5.971258,0.053589,0.008994
0.028413,-21.409804,-323.671581,6.997169,6.841926,73.532463,-228.040415,2.172271,1.979951,0.781783,5.971258,0.053623,0.008994
0.028939,-21.277240,-323.796206,6.938980,6.822808,73.532463,-228.040415,2.172271,1.979951,0.780434,5.971258,0.053350,0.008994
0.029465,-21.128281,-323.743406,6.885828,6.890023,73.532463,-228.040415,2.172271,1.979951,0.779923,5.971258,0.053450,0.008994
0.029991,-20.644174,-323.978005,7.062860,6.982469,73.532463,-228.040415,2.172271,1.979951,0.776136,5.971258,0.054487,0.008994
0.030517,-20.566504,-324.198111,7.097846,6.925555,73.532463,-228.040415,2.172271,1.979951,0.774578,5.971258,0.054379,0.008994
0.031043,-20.284705,-324.221404,7.065218,7.025769,73.532463,-228.040415,2.172271,1.979951,0.772958,5.971258,0.054680,0.008994
0.031569,-19.737234,-324.545198,6.953255,6.870338,73.532463,-228.040415,2.172271,1.979951,0.768353,5.971258,0.053796,0.008994
0.032096,-19.522430,-324.791349,7.055858,6.804425,73.532463,-228.040415,2.172271,1.979951,0.765928,5.971258,0.053948,0.008994
0.032622,-19.321532,-325.120510,7.015583,6.803557,73.532463,-228.040415,2.172271,1.979951,0.763151,5.971258,0.053760,0.008994
0.033148,-19.135679,-325.278917,6.909458,6.912362,73.532463,-228.040415,2.172271,1.979951,0.761336,5.971258,0.053736,0.008994
0.033674,-18.716760,-325.298502,7.112361,6.820025,73.532463,-228.040415,2.172271,1.979951,0.758973,5.971258,0.054308,0.008994
0.034200,-18.494856,-325.636431,7.033397,6.946386,73.532463,-228.040415,2.172271,1.979951,0.756039,5.971258,0.054394,0.008994
0.034726,-18.121807,-325.792620,6.917764,6.926290,73.532463,-228.040415,2.172271,1.979951,0.753214,5.971258,0.053946,0.008994
0.035253,-17.870873,-326.395896,6.932482,6.862590,73.532463,-228.040415,2.172271,1.979951,0.748778,5.971258,0.053686,0.008994
0.035779,-17.617151,-326.814360,7.013468,7.008813,73.532463,-228.040415,2.172271,1.979951,0.745275,5.971258,0.054426,0.008994
0.036305,-17.450478,-327.145583,7.032971,6.844839,73.532463,-228.040415,2.172271,1.979951,0.742695,5.971258,0.053920,0.008994
0.036831,-17.237224,-327.340387,6.926263,6.933163,73.532463,-228.040415,2.172271,1.979951,0.740548,5.971258,0.053792,0.008994
0.037357,-16.704136,-327.554246,7.095887,7.016831,73.532463,-228.040415,2.172271,1.979951,0.736545,5.971258,0.054807,0.008994
0.037883,-16.486399,-327.791932,7.128520,6.946993,73.532463,-228.040415,2.172271,1.979951,0.734157,5.971258,0.054705,0.008994
0.038410,-16.063578,-328.288395,6.933160,6.893688,73.532463,-228.040415,2.172271,1.979951,0.729348,5.971258,0.053732,0.008994
0.038936,-15.854630,-328.724667,6.967695,6.743209,73.532463,-228.040415,2.172271,1.979951,0.726032,5.971258,0.053332,0.008994
0.039462,-15.699969,-328.771939,7.058659,6.708308,73.532463,-228.040415,2.172271,1.979951,0.724939,5.971258,0.053623,0.008994
0.039988,-15.371534,-328.992087,6.944539,6.847209,73.532463,-228.040415,2.172271,1.979951,0.722026,5.971258,0.053612,0.008994
0.040514,-15.434586,-329.193013,7.011593,6.890924,73.532463,-228.040415,2.172271,1.979951,0.721392,5.971258,0.053941,0.008994
0.041040,-15.432346,-329.456106,6.937618,6.929377,73.532463,-228.040415,2.172271,1.979951,0.720091,5.971258,0.053684,0.008994
0.041566,-15.318135,-329.597802,6.924164,6.837897,73.532463,-228.040415,2.172271,1.979951,0.718762,5.971258,0.053338,0.008994
0.042093,-14.961927,-330.062818,6.956055,6.805532,73.532463,-228.040415,2.172271,1.979951,0.714510,5.971258,0.053329,0.008994
0.042619,-14.900556,-330.412897,6.933746,6.802586,73.532463,-228.040415,2.172271,1.979951,0.712472,5.971258,0.053143,0.008994
0.043145,-14.399683,-330.696737,7.076740,6.742259,73.532463,-228.040415,2.172271,1.979951,0.708295,5.971258,0.053608,0.008994
0.043671,-14.571553,-331.021651,6.999587,6.840415,73.532463,-228.040415,2.172271,1.979951,0.707698,5.971258,0.053435,0.008994
0.044197,-13.877749,-331.195472,6.903144,6.984789,73.532463,-228.040415,2.172271,1.979951,0.702964,5.971258,0.053595,0.008994
0.044723,-13.913498,-331.548441,6.999805,6.995346,73.532463,-228.040415,2.172271,1.979951,0.701481,5.971258,0.053908,0.008994
0.045250,-13.598195,-331.974986,7.024458,6.803089,73.532463,-228.040415,2.172271,1.979951,0.697675,5.971258,0.053409,0.008994
0.045776,-13.206935,-332.529221,7.064249,6.905689,73.532463,-228.040415,2.172271,1.979951,0.692845,5.971258,0.053807,0.008994
0.046302,-12.631256,-333.182821,6.954408,6.899157,73.532463,-228.040415,2.172271,1.979951,0.686516,5.971258,0.053278,0.008994
0.046828,-12.535728,-334.108948,7.204825,6.784549,73.532463,-228.040415,2.172271,1.979951,0.681677,5.971258,0.053786,0.008994
0.047354,-11.532811,-334.674153,7.066834,6.790506,73.532463,-228.040415,2.172271,1.979951,0.673357,5.971258,0.053300,0.008994
0.047880,-11.369204,-335.913259,7.088847,6.748304,73.532463,-228.040415,2.172271,1.979951,0.666797,5.971258,0.052964,0.008994
0.048407,-10.669322,-337.022256,6.991197,6.834044,73.532463,-228.040415,2.172271,1.979951,0.657823,5.971258,0.052604,0.008994
0.048933,-9.637160,-338.414927,7.026180,6.649882,73.532463,-228.040415,2.172271,1.979951,0.645751,5.971258,0.052144,0.008994
0.049459,-8.819525,-340.130186,6.933435,6.863348,73.532463,-228.040415,2.172271,1.979951,0.633635,5.971258,0.051931,0.008994
0.049985,-7.635548,-341.588657,7.034813,6.825326,73.532463,-228.040415,2.172271,1.979951,0.620612,5.971258,0.052137,0.008994
0.050511,-6.594649,-343.559684,6.761636,6.875321,73.532463,-228.040415,2.172271,1.979951,0.606435,5.971258,0.050638,0.008994
0.051037,-5.576769,-345.311421,6.968984,6.994533,73.532463,-228.040415,2.172271,1.979951,0.593464,5.971258,0.051536,0.008994
0.051563,-3.939460,-347.937791,6.738869,6.679219,73.532463,-228.040415,2.172271,1.979951,0.573665,5.971258,0.049366,0.008994
0.052090,-2.881715,-350.287996,6.830707,6.904532,73.532463,-228.040415,2.172271,1.979951,0.558655,5.971258,0.049749,0.008994
0.052616,-1.302651,-352.643525,6.655388,6.921431,73.532463,-228.040415,2.172271,1.979951,0.540852,5.971258,0.048532,0.008994
0.053142,0.120535,-356.159618,6.742083,6.913965,73.532463,-228.040415,2.172271,1.979951,0.520328,5.971258,0.048153,0.008994
0.053668,1.584260,-358.419553,6.888714,6.852274,73.532463,-228.040415,2.172271,1.979951,0.504253,5.971258,0.048364,0.008994
0.054194,3.491407,-362.041175,6.870658,6.747000,73.532463,-228.040415,2.172271,1.979951,0.481636,5.971258,0.047412,0.008994
0.054720,5.084732,-365.297350,6.631481,7.287994,73.532463,-228.040415,2.172271,1.979951,0.462594,5.971258,0.046266,0.008994
0.055247,7.247437,-368.244730,6.764044,6.896770,73.532463,-228.040415,2.172271,1.979951,0.441631,5.971258,0.045893,0.008994
0.055773,8.992363,-371.582865,6.543864,6.926507,73.532463,-228.040415,2.172271,1.979951,0.422541,5.971258,0.044146,0.008994
0.056299,11.485086,-374.880768,6.671774,7.030784,73.532463,-228.040415,2.172271,1.979951,0.399794,5.971258,0.044293,0.008994
0.056825,13.861081,-378.801052,6.879398,6.981537,73.532463,-228.040415,2.172271,1.979951,0.376882,5.971258,0.044529,0.008994
0.057351,16.802387,-382.373081,6.430899,6.958843,73.532463,-228.040415,2.172271,1.979951,0.352252,5.971258,0.041615,0.008994
0.057877,19.061401,-385.855115,6.543579,7.014994,73.532463,-228.040415,2.172271,1.979951,0.332355,5.971258,0.041556,0.008994
0.058404,22.068413,-389.709567,6.699662,6.985204,73.532463,-228.040415,2.172271,1.979951,0.308187,5.971258,0.041631,0.008994
0.058930,24.790219,-393.412421,6.670005,7.061472,73.532463,-228.040415,2.172271,1.979951,0.286627,5.971258,0.040839,0.008994
0.059456,27.775343,-396.954354,6.460165,7.228669,73.532463,-228.040415,2.172271,1.979951,0.264541,5.971258,0.039224,0.008994
0.059982,31.202546,-400.105507,6.607972,7.289203,73.532463,-228.040415,2.172271,1.979951,0.241221,5.971258,0.039455,0.008994
0.060508,35.061252,-403.291758,6.665097,6.949682,73.532463,-228.040415,2.172271,1.979951,0.216093,5.971258,0.039126,0.008994
0.061034,38.359986,-406.634418,6.422920,7.078937,73.532463,-228.040415,2.172271,1.979951,0.194452,5.971258,0.037371,0.008994
0.061560,42.418428,-409.327580,6.405447,7.163898,73.532463,-228.040415,2.172271,1.979951,0.169972,5.971258,0.036881,0.008994
0.062087,46.640908,-411.897448,6.299867,7.354381,69.100740,-229.189874,2.301331,1.887571,0.122314,5.990353,0.036511,0.009482
0.062613,50.562636,-413.970250,6.398974,7.631685,64.669018,-230.339333,2.430391,1.795191,0.076669,6.009476,0.037200,0.009989
0.063139,55.063876,-415.510702,6.418602,7.507785,60.237295,-231.488792,2.559451,1.702811,0.028106,6.028614,0.037539,0.010509
0.063665,59.154895,-416.546911,6.342762,7.414308,55.805573,-232.638251,2.688511,1.610431,-0.018210,6.047753,0.037454,0.011040
0.064191,63.738332,-416.940956,6.651330,7.090718,51.373850,-233.787710,2.817571,1.518051,-0.067407,6.066878,0.039351,0.011577
0.064717,67.791003,-416.741234,6.545141,7.190246,46.803084,-235.238715,2.645300,1.771444,-0.115123,6.086790,0.038663,0.010913
0.065244,71.836751,-416.380310,6.594263,6.996711,41.177799,-236.061126,2.903503,1.598517,-0.168415,6.110486,0.039388,0.011992
0.065770,76.153411,-415.510332,6.534420,6.939152,36.237501,-236.964198,2.787436,1.972018,-0.219944,6.131437,0.038859,0.011561
0.066296,79.699613,-413.525507,6.597223,6.830472,32.318161,-237.252560,2.817527,1.742946,-0.262589,6.147800,0.039256,0.011701
0.066822,83.502884,-411.693622,6.596770,6.711218,27.099477,-237.938555,2.985415,1.734155,-0.313883,6.169781,0.039479,0.012413
0.067348,87.155279,-408.692210,6.693939,6.492080,21.880793,-238.624550,3.153304,1.725365,-0.366476,6.191746,0.040159,0.013121
0.067874,90.141801,-406.105187,6.528928,6.747451,16.893269,-239.469073,2.649102,1.917080,-0.414148,6.212757,0.038681,0.011022
0.068401,93.120378,-402.628248,6.652697,6.465613,11.935739,-239.815186,3.057637,1.832498,-0.462557,6.233456,0.039608,0.012724
0.068927,95.397341,-399.024567,6.625866,6.364890,7.192303,-239.687783,2.769538,1.963726,-0.505585,6.253187,0.038780,0.011547
0.069453,97.582974,-395.570960,6.530961,6.256607,2.757685,-239.588091,2.629395,1.966496,-0.546224,6.271676,0.037874,0.010974
0.069979,99.784852,-391.432308,6.450630,6.266784,-2.025428,-239.744922,3.024640,2.017797,-0.591124,6.291633,0.038104,0.012615
0.070505,100.861071,-387.244917,6.766405,6.349087,-6.767788,-239.520245,2.730758,1.948946,-0.629649,6.311433,0.038716,0.011394
0.071031,102.519710,-382.806970,6.764376,6.405272,-10.551398,-239.416066,2.743139,1.741616,-0.667721,6.327228,0.038624,0.011440
0.071557,103.792827,-378.722212,6.854816,6.272781,-15.159938,-239.301082,2.704705,1.929635,-0.706343,6.346452,0.038417,0.011269
0.072084,104.199776,-374.069444,6.780575,6.145526,-18.388938,-238.779043,2.634528,1.614120,-0.736184,6.360046,0.037655,0.010980
0.072610,105.003407,-370.154306,6.651562,6.631572,-21.929558,-238.755194,2.808576,1.843308,-0.768111,6.374778,0.038640,0.011686
0.073136,105.490679,-365.396614,6.663901,6.368466,-25.397755,-238.218116,2.661762,1.796843,-0.799773,6.389400,0.037776,0.011077
0.073662,105.525221,-361.192330,6.741919,6.214092,-29.202947,-237.920064,2.690240,1.941041,-0.829772,6.405317,0.037574,0.011183
0.074188,105.338878,-357.109646,6.765450,6.309927,-32.635438,-237.558184,3.152726,1.758646,-0.856814,6.419709,0.038107,0.013064
0.074714,105.160503,-353.642843,6.600570,6.205487,-35.600023,-237.101201,2.962728,1.866010,-0.879248,6.432219,0.037195,0.012275
0.075241,104.722167,-349.789981,6.450669,6.056809,-38.834651,-236.695492,2.855182,1.918255,-0.903537,6.445807,0.036281,0.011818
0.075767,104.146851,-346.152743,6.787235,5.948722,-41.374453,-236.113288,2.704326,1.810156,-0.923355,6.456655,0.036365,0.011188
0.076293,103.503380,-342.886843,6.908368,6.080950,-44.541667,-235.807122,3.126210,1.800000,-0.944609,6.469876,0.037182,0.012876
0.076819,103.031001,-339.627562,6.789258,6.191619,-47.438032,-235.152734,2.634528,1.614120,-0.963887,6.482247,0.036569,0.010847
0.077345,102.558563,-336.571041,6.651482,6.050513,-50.301743,-234.426013,2.543947,1.662196,-0.981716,6.494554,0.035615,0.010476
0.077871,101.309686,-334.143009,6.684344,6.145892,-52.509429,-234.361098,3.136537,1.620779,-0.995338,6.503599,0.036416,0.012829
0.078398,100.369755,-331.005323,6.565147,5.966938,-55.585426,-233.656197,2.645215,1.783403,-1.012764,6.516738,0.035233,0.010852
0.078924,99.058762,-328.405598,6.732625,6.060631,-57.588377,-233.195572,2.668011,1.649336,-1.024662,6.525294,0.035754,0.010908
0.079450,97.745009,-326.088799,6.427967,6.059360,-59.730509,-232.371849,2.629576,1.658425,-1.033972,6.534785,0.035264,0.010753
0.079976,96.900188,-324.469891,6.594914,6.017670,-61.903077,-231.832620,2.870982,1.843253,-1.042712,6.544114,0.035538,0.011728
0.080502,95.958050,-322.885122,6.684743,5.855033,-64.138058,-231.472475,2.870379,1.638535,-1.051984,6.553491,0.034686,0.011660
0.081028,94.237127,-320.914946,6.570926,5.909587,-66.308110,-230.812528,2.601788,1.732044,-1.059374,6.562933,0.034697,0.010602
0.081554,92.588328,-319.888164,6.806548,5.795545,-68.091847,-230.266838,2.847198,1.807773,-1.062013,6.570700,0.034814,0.011569
0.082081,91.499491,-318.610418,6.622407,5.852031,-69.989255,-229.711682,2.796440,1.637325,-1.067573,6.578933,0.034462,0.011315
0.082607,89.837024,-317.990466,6.645494,5.873204,-71.907112,-229.600293,3.349743,1.740402,-1.070658,6.586693,0.035005,0.013461
0.083133,88.229784,-317.909085,6.739548,6.162993,-72.798187,-229.060996,3.169132,1.844689,-1.066606,6.590902,0.036341,0.012779
0.083659,86.819859,-317.567214,6.709721,6.164193,-74.867890,-228.263868,3.111125,1.861112,-1.066174,6.600118,0.036138,0.012540
0.084185,84.682405,-317.489854,6.681689,6.141968,-76.116219,-227.697804,2.803029,1.683190,-1.061517,6.605793,0.035769,0.011294
0.084711,83.372133,-317.608103,6.693438,6.279845,-77.663966,-227.453559,2.668011,1.649336,-1.060429,6.612223,0.036140,0.010737
0.085238,81.884456,-318.037992,6.526838,6.115777,-78.787088,-227.328933,3.139737,1.729248,-1.056842,6.616808,0.035667,0.012553
0.085764,79.910254,-318.426125,6.497279,6.159927,-79.974079,-226.456459,2.867955,1.605239,-1.048792,6.622667,0.035546,0.011478
0.086290,78.415215,-319.014430,6.728328,6.121219,-81.207183,-226.119148,2.819342,1.799551,-1.043740,6.627974,0.035865,0.011330
0.086816,76.464384,-320.290264,6.749305,6.080084,-82.025092,-225.811457,2.819763,1.601613,-1.033234,6.631611,0.035620,0.011264
0.087342,74.826928,-321.832396,6.822171,5.934218,-82.999462,-225.714829,2.889113,1.638776,-1.023779,6.635557,0.035277,0.011518
0.087868,73.020785,-323.380268,6.756036,5.969706,-83.625765,-225.218008,2.674150,1.839843,-1.011013,6.638717,0.035433,0.010770
0.088395,70.792389,-325.327817,6.780213,5.996923,-83.851055,-224.937782,2.810268,1.888653,-0.995004,6.640003,0.035888,0.011308
0.088921,68.758892,-327.151967,6.758918,6.126141,-84.954018,-224.743544,2.761464,1.809359,-0.983095,6.644587,0.036176,0.011076
0.089447,66.968812,-329.373327,6.795189,6.000488,-85.481374,-224.669976,2.556750,1.790084,-0.968982,6.646748,0.035678,0.010288
0.089973,64.755445,-331.787297,6.690969,5.933841,-85.649219,-224.579537,2.587139,1.753511,-0.951534,6.647534,0.035389,0.010388
0.090499,62.399555,-335.023951,6.899628,6.381703,-85.587231,-224.462327,2.570433,1.829755,-0.929151,6.647467,0.037390,0.010360
0.091025,59.563548,-337.917880,6.666113,6.233373,-85.625007,-224.448401,2.590155,1.828598,-0.907418,6.647634,0.036643,0.010433
0.091551,58.180127,-341.345615,6.819378,6.228068,-85.662783,-224.434475,2.609877,1.827441,-0.888317,6.647802,0.036819,0.010506
0.092078,55.583615,-343.847159,6.815240,6.238243,-85.662783,-224.434475,2.609877,1.827441,-0.868967,6.647802,0.037003,0.010506
0.092604,53.249722,-347.339988,6.545134,6.335271,-85.652500,-224.638506,2.564382,1.791618,-0.847248,6.647459,0.036597,0.010314
0.093130,49.807712,-351.369458,6.603262,6.344357,-84.597685,-225.123451,3.058876,1.687122,-0.816692,6.642643,0.037462,0.012159
0.093656,47.274718,-354.280926,6.459491,6.362168,-84.068589,-225.054204,2.770397,1.787649,-0.793521,6.640683,0.037005,0.011112
0.094182,44.202920,-358.396913,6.496279,6.329723,-83.713683,-225.522709,2.625563,1.754419,-0.766391,6.638619,0.036865,0.010542
0.094708,41.803448,-362.077062,6.705740,6.306104,-82.497981,-226.005632,3.054216,1.737283,-0.740225,6.633183,0.038005,0.012179
0.095235,38.103705,-366.214520,6.593691,6.216855,-81.387539,-226.346398,2.894029,1.743540,-0.706993,6.628361,0.037490,0.011585
0.095761,34.541968,-370.413565,6.580186,6.540773,-80.277097,-226.687164,2.733843,1.749797,-0.674053,6.623536,0.037995,0.010988
0.096287,31.122065,-374.686352,6.665590,6.339582,-79.166655,-227.027930,2.573656,1.756054,-0.641526,6.618709,0.037697,0.010389
0.096813,27.613810,-378.943835,6.614751,6.527551,-77.548351,-227.430505,2.705543,1.721703,-0.606741,6.611798,0.038065,0.010905
0.097339,23.660338,-382.853238,6.396473,6.503120,-75.807872,-228.311532,2.850731,1.991824,-0.571887,6.603769,0.037786,0.011545
0.097865,19.509365,-386.911732,6.644080,6.486304,-73.604826,-228.858549,2.609583,1.804655,-0.532390,6.594354,0.038355,0.010586
0.098392,15.058119,-390.742383,6.582073,6.660395,-71.486995,-228.929216,2.573656,1.756054,-0.491134,6.585858,0.038298,0.010473
0.098918,10.439732,-394.764588,6.392944,6.784778,-69.106802,-229.994848,2.667424,1.929155,-0.449772,6.575074,0.037992,0.010886
0.099444,5.591465,-398.988301,6.372470,6.817468,-67.222413,-230.488294,2.629395,1.966496,-0.407894,6.566966,0.037730,0.010761
0.099970,0.713473,-402.829483,6.620048,6.960401,-64.046282,-231.942761,3.015067,1.997925,-0.362241,6.552601,0.039783,0.012279
0.100496,-4.484780,-406.426931,6.478693,6.886514,-60.845268,-232.081272,2.688251,2.156469,-0.312665,6.539587,0.038387,0.011075
0.101022,-9.925097,-409.652823,6.531798,7.087718,-58.002510,-233.387149,3.081473,2.169729,-0.266278,6.526775,0.039602,0.012624
0.101548,-15.158990,-412.336994,6.610759,6.943896,-55.297012,-233.592020,2.937024,1.951761,-0.220891,6.515631,0.039481,0.012053
0.102075,-20.738130,-414.723825,6.412860,6.830418,-50.886959,-234.246549,2.661150,2.013767,-0.165522,6.497098,0.037972,0.010994
0.102601,-26.781508,-416.518973,6.436054,6.822145,-47.171498,-235.679663,2.685599,2.006441,-0.112278,6.480726,0.038331,0.011078
0.103127,-32.797735,-418.177588,6.522361,6.978255,-43.738584,-235.738768,3.064415,1.941505,-0.059898,6.466638,0.039430,0.012653
0.103653,-38.745650,-419.322165,6.583347,6.977222,-39.735562,-236.486891,3.103133,1.954474,-0.005414,6.449655,0.039806,0.012833
0.104179,-45.286428,-419.596933,6.353631,7.333974,-35.732540,-237.235014,3.141850,1.967443,0.052342,6.432682,0.038822,0.013007
0.104705,-51.247109,-419.505437,6.362392,7.188273,-30.696169,-237.839691,2.585851,2.136296,0.112646,6.411538,0.037611,0.010755
0.105232,-56.835402,-418.631475,6.687398,7.021042,-26.817550,-238.666960,2.633999,2.223855,0.165277,6.395080,0.039420,0.010948
0.105758,-63.080978,-417.268113,6.621789,7.048194,-21.948729,-239.526406,3.293668,2.121404,0.227413,6.374564,0.040528,0.013660
0.106284,-68.569698,-415.267271,6.617393,6.952556,-18.414031,-239.178092,3.124189,1.927011,0.277483,6.360023,0.039926,0.013000
0.106810,-73.566104,-412.784629,6.634537,6.944086,-14.070430,-239.294324,3.135340,1.986199,0.330366,6.341917,0.039944,0.013066
0.107336,-78.648609,-409.489246,6.680973,6.979958,-10.175026,-239.349811,3.132566,2.021173,0.382622,6.325671,0.040149,0.013069
0.107862,-83.634406,-405.597326,6.932323,6.767369,-6.157763,-239.555251,3.047199,1.976614,0.436579,6.308885,0.040833,0.012714
0.108389,-88.159986,-401.618165,6.763861,6.909715,-2.588285,-239.985955,3.078705,2.083421,0.486907,6.293970,0.040381,0.012828
0.108915,-92.057161,-397.672518,6.872782,6.715038,1.423097,-239.647183,3.115741,2.018805,0.534185,6.277247,0.040366,0.013001
0.109441,-95.741396,-393.522515,6.816336,6.895384,4.633406,-239.786181,2.647108,1.964899,0.578413,6.263865,0.039596,0.011036
0.109967,-99.478333,-388.550371,6.886394,6.892740,7.354543,-240.689456,3.122995,2.545252,0.625683,6.252639,0.041053,0.012967
0.110493,-102.299593,-383.650714,6.795916,6.752295,11.328569,-239.490623,3.237885,2.206177,0.667509,6.235918,0.040141,0.013497
0.111019,-104.845673,-378.520180,6.694702,6.885512,15.193836,-239.131878,2.903928,2.009299,0.710953,6.219733,0.039383,0.012106
0.111545,-107.694871,-373.809329,6.757879,6.858590,17.121710,-240.089840,3.216993,2.508824,0.750976,6.211992,0.040458,0.013352
0.112072,-109.491414,-368.995263,6.818271,6.449730,19.589747,-239.507715,2.939579,2.374801,0.783826,6.201575,0.039134,0.012218
0.112598,-111.338669,-363.858529,6.909183,6.591149,22.647718,-239.125134,3.068672,2.845501,0.821147,6.188756,0.040197,0.012768
0.113124,-113.082682,-358.787480,6.871607,6.746770,25.400300,-238.498870,3.051252,2.439175,0.855593,6.177085,0.039929,0.012696
0.113650,-114.121885,-353.920815,6.649303,6.727284,28.077686,-238.644626,3.157044,2.503134,0.889586,6.166069,0.039611,0.013105
0.114176,-115.716782,-349.341358,6.624057,6.873913,30.390349,-238.443268,3.392294,2.576459,0.921548,6.156416,0.040223,0.014065
0.114702,-116.627046,-344.764397,6.859408,6.856814,32.143142,-238.027650,3.408687,2.717334,0.948448,6.148958,0.040816,0.014145
0.115229,-117.018177,-340.286543,7.004452,6.728737,35.025891,-237.352045,3.134535,2.290394,0.975671,6.136673,0.039706,0.013000
0.115755,-117.795108,-336.049133,6.957808,6.647453,37.081289,-237.168060,3.109605,2.333577,1.002582,6.128091,0.039274,0.012886
0.116281,-118.423480,-332.116973,7.044853,6.607936,38.972792,-236.676608,3.070158,2.552338,1.025706,6.119983,0.039388,0.012747
0.116807,-118.767898,-328.029659,6.893589,6.799708,41.148263,-236.259383,3.098063,2.359496,1.049816,6.110749,0.039530,0.012838
0.117333,-118.908644,-324.619243,6.850571,6.642606,43.119538,-236.151359,3.125277,2.323686,1.071027,6.102582,0.038749,0.012925
0.117859,-118.768938,-321.169575,6.960588,6.726019,44.183719,-235.710109,3.131154,2.534563,1.087786,6.097886,0.039597,0.012980
0.118385,-118.490581,-317.824764,7.057343,6.731867,46.317896,-235.726846,2.978556,2.507456,1.108637,6.089167,0.039543,0.012331
0.118912,-118.375403,-314.923755,7.208239,6.722885,47.699214,-235.341221,2.990192,2.290824,1.123929,6.083213,0.039307,0.012351
0.119438,-118.404855,-312.268555,7.208460,6.604713,49.137839,-235.290154,3.118951,2.685492,1.140107,6.077305,0.039382,0.012906
0.119964,-117.866669,-309.842821,7.046860,6.793924,50.842156,-234.995705,3.030218,2.759450,1.153238,6.070116,0.040037,0.012555
0.120490,-117.236355,-307.265157,6.997019,6.784079,53.021191,-234.291872,3.015820,2.374658,1.165876,6.060630,0.039173,0.012438
0.121016,-116.655858,-305.199651,7.155792,6.584687,53.545380,-234.272927,3.119161,2.385103,1.175957,6.058485,0.038657,0.012845
0.121542,-115.947383,-303.133816,7.135826,6.756254,55.128348,-233.877033,3.005340,2.407550,1.186132,6.051696,0.039312,0.012389
0.122069,-115.624123,-301.416782,7.207945,6.555117,55.812273,-233.150431,2.960657,2.206295,1.191841,6.048224,0.038166,0.012200
0.122595,-115.109772,-299.967035,7.093338,6.506338,57.548636,-233.595406,3.130862,2.581490,1.203801,6.041635,0.038390,0.012894
0.123121,-114.318840,-298.935612,7.304249,6.899317,58.799347,-232.600132,2.850320,2.179020,1.204873,6.035581,0.039460,0.011731
0.123647,-113.815750,-297.797366,7.096178,6.729325,59.292187,-232.657284,3.027606,2.539692,1.210889,6.033649,0.039249,0.012496
0.124173,-112.578346,-297.161187,7.223744,6.826623,60.207216,-232.557572,3.125688,2.468540,1.212995,6.029856,0.039774,0.012857
0.124699,-111.663035,-296.588986,6.951801,6.853822,61.447152,-232.238813,3.015173,2.301803,1.214896,6.024526,0.039381,0.012379
0.125226,-110.937590,-296.213433,7.215456,6.708196,62.123431,-232.223680,3.493987,2.656349,1.216634,6.021791,0.039651,0.014328
0.125752,-110.401505,-295.942421,7.134239,6.639347,63.290339,-231.670789,3.075260,2.510561,1.216388,6.016502,0.038781,0.012656
0.126278,-109.437439,-296.266393,7.055152,6.732221,63.624651,-231.637136,3.044109,2.555743,1.213389,6.015122,0.039309,0.012541
0.126804,-108.403266,-296.939734,7.252502,6.720361,64.045488,-231.673845,3.216249,2.662738,1.208991,6.013475,0.039703,0.013231
0.127330,-107.164011,-297.350235,7.154950,6.647556,65.261586,-231.027915,3.072105,2.303390,1.203598,6.007875,0.038630,0.012588
0.127856,-106.309240,-298.047214,7.278832,6.597551,65.205042,-231.355415,3.112460,2.562489,1.199947,6.008472,0.039090,0.012794
0.128382,-105.186511,-299.419739,6.948821,6.642134,65.817672,-230.727874,2.975540,2.309620,1.188828,6.005305,0.038569,0.012215
0.128909,-104.096120,-301.167861,7.205164,6.761520,66.517736,-230.322211,3.001926,2.253126,1.177222,6.002032,0.039141,0.012310
0.129435,-102.816754,-302.886831,7.107998,6.828974,67.060980,-230.145815,3.026851,2.278171,1.166222,5.999651,0.039411,0.012411
0.129961,-101.842986,-304.838208,7.160231,6.716781,67.174340,-230.177894,2.980502,2.290903,1.154840,5.999235,0.039012,0.012229
0.130487,-100.542793,-307.110235,7.257794,6.763834,67.311684,-230.051440,3.019403,2.342647,1.140416,5.998537,0.039444,0.012397
0.131013,-98.810678,-309.295050,7.104383,6.885532,67.413285,-230.175143,2.952087,2.434156,1.126546,5.998275,0.040071,0.012152
0.131539,-97.711009,-312.026882,7.164088,6.856483,68.191821,-230.229013,3.493145,2.328140,1.112727,5.995226,0.039948,0.014218
0.132066,-96.169971,-315.318196,7.177257,6.832456,67.417035,-230.068034,2.983923,2.367402,1.090388,5.998134,0.039845,0.012263
0.132592,-94.585196,-318.048872,7.134061,6.822437,67.871321,-230.558563,3.536694,2.498579,1.076789,5.996894,0.040256,0.014418
0.133118,-92.936911,-321.606355,6.925592,6.849504,67.552705,-230.323360,2.996119,2.377733,1.053650,5.997891,0.039667,0.012298
0.133644,-91.086611,-324.950683,6.904481,6.922113,67.626907,-230.317992,3.029892,2.442275,1.033140,5.997588,0.040010,0.012446
0.134170,-89.095305,-328.901360,6.860647,6.917365,67.297392,-230.386536,3.091771,2.355493,1.008667,5.998986,0.039873,0.012667
0.134696,-87.217921,-332.916828,6.861263,6.828017,66.540150,-230.896738,3.464590,2.166494,0.984982,6.002606,0.039709,0.014078
0.135223,-84.953683,-337.098999,6.907237,6.978236,66.183940,-230.853368,3.211095,2.166569,0.958078,6.003981,0.040114,0.013091
0.135749,-82.672308,-341.441813,6.943660,6.766216,65.875950,-230.869993,3.093986,2.163649,0.930921,6.005234,0.039341,0.012637
0.136275,-79.823836,-345.858902,6.829824,6.814138,65.259911,-230.661690,2.996085,2.060049,0.899722,6.007467,0.039145,0.012252
0.136801,-77.171666,-350.523016,6.723269,6.848580,63.204655,-232.010862,3.096114,2.765996,0.869652,6.017218,0.040240,0.012785
0.137327,-74.372503,-354.624723,6.689675,6.908526,62.354210,-232.064368,3.383513,2.569213,0.839980,6.020692,0.040449,0.013878
0.137853,-71.245134,-359.704213,6.579962,6.919572,60.548314,-232.279125,3.417658,2.482238,0.802249,6.028189,0.040268,0.014022
0.138379,-68.200965,-364.236190,6.748194,6.933887,60.010358,-232.908178,3.074767,2.255137,0.773390,6.031013,0.040076,0.012599
0.138906,-64.863205,-369.557411,6.627435,6.875613,58.643120,-232.548965,2.706648,2.114805,0.733616,6.036160,0.038894,0.011154
0.139432,-60.867891,-374.251818,6.713276,6.812495,56.462387,-233.579041,3.439572,2.603259,0.695170,6.046008,0.040624,0.014143
0.139958,-57.060129,-379.576994,6.437842,6.893894,54.418164,-233.988352,3.358823,2.712149,0.653478,6.054679,0.039898,0.013856
0.140484,-52.792007,-384.341907,6.695864,6.888029,53.308354,-233.861310,3.095459,2.196581,0.614125,6.059066,0.039801,0.012746
0.141010,-48.774140,-389.095429,6.554510,6.901388,51.459907,-234.302629,3.142690,2.060350,0.574642,6.066988,0.039311,0.012928
0.141536,-43.439841,-394.040899,6.675786,6.852096,48.843167,-234.498672,2.671723,2.041291,0.524403,6.077834,0.038958,0.011057
0.142063,-38.609392,-398.434850,6.558008,6.983585,45.845846,-234.758329,3.098236,1.937557,0.476357,6.090323,0.039373,0.012807
0.142589,-33.494855,-402.480635,6.717247,7.109374,42.628963,-235.482921,3.254482,2.117805,0.427698,6.104097,0.040627,0.013474
0.143115,-27.691460,-406.662147,6.721873,6.918082,39.870849,-236.549710,3.184396,2.331288,0.378058,6.116203,0.040535,0.013189
0.143641,-22.020584,-410.413606,6.424740,7.158235,37.049269,-236.809514,3.024006,2.232311,0.327968,6.127992,0.038953,0.012548
0.144167,-15.819198,-414.058728,6.401099,6.981951,33.520605,-237.003108,3.204525,2.132668,0.271773,6.142682,0.039003,0.013314
0.144693,-9.394426,-416.629362,6.389761,7.013348,30.530226,-237.105787,3.629909,2.061574,0.218831,6.155128,0.039949,0.015100
0.145220,-2.910619,-418.677516,6.468165,6.830901,26.802595,-237.373580,2.709944,1.866058,0.162442,6.170748,0.038181,0.011307
0.145746,4.089359,-420.545651,6.528156,6.935061,23.026391,-238.136546,2.705543,1.721703,0.103446,6.186791,0.038538,0.011277
0.146272,10.573078,-421.948570,6.283962,7.034536,19.746534,-238.916606,3.271538,1.936425,0.050078,6.200722,0.038661,0.013617
0.146798,17.667400,-422.582142,6.550755,7.390278,16.278090,-238.915003,3.076158,1.906628,-0.007564,6.215157,0.039402,0.012827
0.147324,24.679015,-422.397940,6.141658,7.376444,12.325819,-239.270645,3.087750,2.153193,-0.067355,6.231717,0.037474,0.012879
0.147850,31.854733,-421.338018,6.368259,7.309030,8.296303,-239.288468,2.785319,2.031253,-0.128692,6.248528,0.037924,0.011630
0.148376,38.141181,-419.512771,6.411648,7.099556,4.786810,-239.371473,2.593650,1.996290,-0.183083,6.263191,0.037838,0.010832
0.148903,44.552563,-417.009488,6.515779,7.032536,0.757850,-239.613840,2.629395,1.966496,-0.242036,6.280023,0.038542,0.010973
0.149429,51.133576,-414.345757,6.598026,7.021505,-3.241818,-239.665338,2.629395,1.966496,-0.301778,6.296711,0.038916,0.010970
0.149955,57.345161,-410.540167,6.485570,6.790452,-6.299872,-239.614228,2.996899,1.982273,-0.356449,6.309471,0.039125,0.012500
0.150481,63.321995,-407.221519,6.567543,6.897998,-10.028469,-239.560271,2.992543,2.020698,-0.412404,6.325023,0.039412,0.012475
0.151007,68.644003,-403.101548,6.402321,6.693052,-12.702714,-239.500014,2.801123,2.021030,-0.461425,6.336174,0.038252,0.011671
0.151533,73.553879,-398.465845,6.579905,6.858531,-16.495302,-239.438652,2.868193,1.947718,-0.515234,6.351968,0.039213,0.011935
0.152060,78.843703,-393.850010,6.630583,6.472209,-19.522572,-238.922502,2.951218,1.796246,-0.565700,6.364715,0.038724,0.012285
0.152586,83.089189,-388.979845,6.678572,6.373540,-21.802966,-238.861543,2.800927,1.701206,-0.609873,6.374212,0.038425,0.011647
0.153112,87.075250,-383.740083,6.623738,6.509901,-24.688336,-238.409466,2.777448,1.751640,-0.655569,6.386372,0.038300,0.011551
0.153638,91.177013,-378.470885,6.698643,6.443006,-26.768501,-238.171038,2.831952,1.893403,-0.699051,6.395108,0.038449,0.011775
0.154164,95.108953,-373.159123,6.556919,6.512988,-28.827122,-238.089843,2.815324,1.967437,-0.742440,6.403675,0.038109,0.011695
0.154690,98.152146,-367.802323,6.714020,6.470007,-31.315906,-237.605178,2.669906,1.882264,-0.782590,6.414228,0.038056,0.011092
0.155217,100.964543,-362.685927,6.869047,6.301970,-33.643992,-237.596261,2.585980,1.803675,-0.822035,6.423852,0.037711,0.010722
0.155743,103.803821,-357.290208,6.773014,6.256237,-34.319059,-237.900793,3.175279,2.016894,-0.858018,6.426455,0.038208,0.013130
0.156269,106.287547,-352.202683,6.779361,6.360582,-36.686860,-237.406361,3.152724,1.789816,-0.894280,6.436504,0.037965,0.013020
0.156795,109.108906,-347.355174,6.716756,6.240806,-38.252414,-236.946388,3.011396,1.921806,-0.927783,6.443243,0.037149,0.012452
0.157321,111.256827,-342.228819,6.801921,6.287541,-38.635994,-236.768256,3.129196,1.812642,-0.957676,6.444940,0.037487,0.012931
0.157847,113.561566,-337.355442,6.782404,6.241556,-40.498693,-236.355906,3.002629,2.005559,-0.990505,6.452884,0.037056,0.012422
0.158373,115.069975,-332.741056,6.739748,6.191838,-41.340827,-235.734088,2.669906,1.882264,-1.015652,6.456791,0.036385,0.011072
0.158900,116.776675,-328.214974,6.742247,6.353366,-42.336309,-235.906443,3.002165,1.973084,-1.045104,6.460757,0.037202,0.012414
0.159426,118.572005,-324.172869,6.734115,6.100545,-42.788703,-236.050244,3.179824,1.986628,-1.070935,6.462508,0.036262,0.013126
0.159952,119.907809,-320.220376,6.885447,6.231343,-43.502200,-235.997353,2.691833,2.045601,-1.094897,6.465472,0.036675,0.011139
0.160478,121.117817,-316.008751,6.911115,6.253903,-44.221434,-235.964331,3.070091,1.913356,-1.119931,6.468444,0.036724,0.012655
0.161004,122.757785,-312.538200,7.008728,6.125415,-44.710386,-235.699930,3.085913,1.906754,-1.140629,6.470650,0.036081,0.012724
0.161530,123.898130,-309.294872,6.962159,6.269307,-44.874818,-235.853225,3.336194,2.002491,-1.160360,6.471204,0.036811,0.013740
0.162057,125.119537,-306.079405,7.007437,6.234862,-45.371181,-236.081742,3.624489,2.100087,-1.181215,6.473055,0.036808,0.014897
0.162583,125.905445,-303.423769,7.037913,6.224668,-45.349149,-235.760695,3.040915,2.003194,-1.194519,6.473217,0.036399,0.012538
0.163109,127.025209,-300.444816,7.072482,6.125806,-45.451624,-235.846546,3.014620,1.963253,-1.212435,6.473568,0.035835,0.012421
0.163635,128.096316,-297.482856,7.108846,6.160630,-45.673332,-236.097261,3.579327,2.092221,-1.231222,6.474276,0.036263,0.014707
0.164161,128.719861,-295.668598,6.973821,6.165022,-45.742943,-236.089068,3.617026,2.082657,-1.241711,6.474567,0.036131,0.014858
0.164687,129.474927,-293.696243,7.073658,6.126546,-45.730868,-236.144518,3.645379,2.039804,-1.253419,6.474474,0.035888,0.014966
0.165214,130.109657,-291.478810,6.993540,6.226595,-46.384394,-235.954261,3.254536,2.167395,-1.266002,6.477292,0.036221,0.013393
0.165740,130.873108,-290.432065,7.012233,6.233179,-46.127220,-236.102531,3.369449,2.071782,-1.272979,6.476124,0.036086,0.013845
0.166266,131.268273,-288.897223,7.216620,6.204200,-45.671907,-236.165374,3.625732,2.041198,-1.281156,6.474217,0.036130,0.014886
0.166792,132.260289,-287.935964,7.166044,6.385723,-46.069530,-236.124167,3.350410,2.074220,-1.288042,6.475872,0.036697,0.013768
0.167318,132.799167,-287.200097,7.245967,6.244770,-45.587771,-235.998787,3.247192,2.007524,-1.291286,6.474005,0.035965,0.013359
0.167844,132.890559,-286.674803,7.094098,6.331918,-44.431307,-235.846108,3.126430,1.946558,-1.291635,6.469394,0.036412,0.012890
0.168370,133.782110,-286.136032,7.339906,6.366143,-44.117474,-235.761915,2.783269,1.887327,-1.294859,6.468173,0.036439,0.011497
0.168897,134.341350,-285.952661,7.119423,6.451317,-43.968984,-236.153047,3.354161,2.018484,-1.298450,6.467266,0.036979,0.013813
0.169423,134.661705,-286.148253,7.029503,6.422896,-43.136243,-235.916742,2.897152,2.086432,-1.295452,6.464033,0.036912,0.011986
0.169949,134.686891,-286.130983,7.024373,6.270890,-42.750481,-235.950081,3.122193,1.991991,-1.295185,6.462425,0.036161,0.012897
0.170475,135.730234,-287.052091,7.153402,6.223601,-42.290655,-236.427424,3.086762,2.086710,-1.293735,6.460187,0.036005,0.012743
0.171001,136.577558,-287.975550,7.011508,6.454819,-41.122666,-236.554832,3.630744,2.115258,-1.289122,6.455305,0.037213,0.014974
0.171527,137.067655,-289.014018,7.027784,6.322961,-40.293323,-236.487331,3.130349,2.060257,-1.282869,6.451947,0.036439,0.012944
0.172054,137.335528,-291.002074,7.220905,6.363155,-38.791666,-236.772076,3.343203,1.888999,-1.272105,6.445578,0.036693,0.013810
0.172580,137.894541,-292.165344,7.006482,6.443614,-38.523027,-237.030374,3.153895,2.102991,-1.267888,6.444300,0.037134,0.013039
0.173106,138.959800,-294.654512,7.066011,6.300886,-37.556555,-237.077146,3.605628,1.939198,-1.255491,6.440295,0.036264,0.014890
0.173632,138.843962,-296.671096,6.992277,6.373426,-36.632490,-237.275980,3.138001,1.950372,-1.244422,6.436364,0.036569,0.012977
0.174158,139.052424,-298.746487,7.000428,6.206362,-35.384993,-237.325724,3.063777,1.833289,-1.232245,6.431194,0.035746,0.012679
0.174684,139.284831,-301.390620,6.905434,6.134019,-34.642502,-237.657635,3.133790,2.073873,-1.219556,6.427932,0.035716,0.012972
0.175211,138.967828,-304.529567,6.741814,6.353913,-33.191737,-237.653041,2.913248,2.098538,-1.200281,6.421952,0.036713,0.012085
0.175737,139.376100,-307.423048,6.661711,6.225653,-31.788117,-237.930276,3.578319,2.084830,-1.185128,6.416001,0.036352,0.014820
0.176263,139.352778,-310.708412,6.745239,6.034053,-30.447913,-237.954854,3.131140,2.097825,-1.165995,6.410450,0.035521,0.012994
0.176789,139.272604,-314.167953,6.902229,6.046944,-28.393634,-238.021756,3.182409,2.116174,-1.144494,6.401914,0.035982,0.013224
0.177315,138.882663,-318.116988,6.880873,6.182587,-27.243442,-238.257703,3.505244,2.076688,-1.122696,6.397035,0.036694,0.014555
0.177841,138.927247,-322.200631,6.964312,6.198276,-26.255480,-238.127160,3.109843,2.034778,-1.099996,6.393000,0.036502,0.012936
0.178367,138.616057,-326.091394,6.815863,6.113489,-23.943006,-238.539820,3.365678,1.949285,-1.076761,6.383223,0.036295,0.013992
0.178894,137.752204,-330.382590,6.853815,6.055564,-21.434056,-238.720904,3.610208,2.006020,-1.048350,6.372732,0.036723,0.015021
0.179420,137.303762,-335.036258,6.859078,6.154736,-20.585384,-238.612350,3.131683,1.877344,-1.022542,6.369243,0.036501,0.013045
0.179946,135.652277,-339.710931,6.803609,6.350638,-18.502031,-239.133470,3.171016,1.846750,-0.992703,6.360403,0.037445,0.013195
0.180472,135.544639,-344.535097,7.013065,6.339686,-16.632267,-239.285881,3.098021,1.868647,-0.965714,6.352582,0.037665,0.012896
0.180998,133.754525,-349.460988,6.813315,6.426359,-14.278574,-239.329111,2.966537,2.017871,-0.931167,6.342776,0.037892,0.012361
0.181524,132.185079,-354.234214,6.868389,6.274596,-11.090076,-239.258136,2.583071,1.851670,-0.894542,6.329504,0.037369,0.010779
0.182051,130.484216,-359.138865,6.819120,6.368971,-8.194063,-239.454453,3.182687,1.945846,-0.858782,6.317392,0.038443,0.013279
0.182577,128.541782,-364.664330,6.810645,6.358107,-5.960426,-239.809478,2.994830,2.027573,-0.822578,6.308035,0.038354,0.012482
0.183103,126.175107,-369.475461,6.758662,6.548155,-2.507584,-239.710586,3.056850,2.028290,-0.781211,6.293646,0.039093,0.012751
0.183629,123.249471,-374.827885,6.841756,6.321720,-0.089489,-239.456085,2.968066,2.023736,-0.738921,6.283559,0.038756,0.012395
0.184155,120.522945,-379.918258,6.646370,6.527445,3.212121,-239.503559,2.856308,2.006768,-0.695992,6.269775,0.038642,0.011924
0.184681,117.196107,-384.599372,6.583325,6.727237,5.848023,-239.483534,3.051605,2.052344,-0.654485,6.258771,0.039223,0.012737
0.185208,113.798789,-389.185673,6.429423,6.812208,9.698802,-239.408237,2.996899,1.982273,-0.607383,6.242696,0.038892,0.012502
0.185734,109.546683,-394.173141,6.556717,6.911875,12.953121,-239.280857,2.580957,1.899791,-0.557605,6.229105,0.038789,0.010763
0.186260,105.431503,-398.594061,6.626108,6.987256,16.458151,-239.088991,2.815536,1.983971,-0.508819,6.214457,0.039502,0.011734
0.186786,100.949728,-402.371312,6.500091,6.862551,20.180424,-238.849585,3.058471,1.838387,-0.458785,6.198895,0.039304,0.012731
0.187312,95.523762,-406.157261,6.400292,6.726964,24.069674,-238.717700,3.050595,1.950511,-0.403348,6.182696,0.038874,0.012677
0.187838,90.273425,-409.199794,6.410958,6.717387,27.531297,-237.872177,2.947138,1.800199,-0.351043,6.167958,0.038607,0.012256
0.188364,85.060828,-411.818446,6.413275,6.863035,31.533166,-237.498401,2.938749,1.988857,-0.297926,6.151185,0.038729,0.012208
0.188891,79.081179,-414.021675,6.119478,7.089210,35.509662,-237.298061,3.301839,2.151463,-0.241731,6.134646,0.038350,0.013674
0.189417,73.023712,-416.069833,6.176593,7.110929,39.632673,-236.701851,3.357097,1.960697,-0.184053,6.117287,0.038596,0.013862
0.189943,66.789788,-417.054050,6.192436,6.809809,42.582623,-236.119035,3.403197,1.997273,-0.132999,6.104759,0.038711,0.014037
0.190469,60.728728,-417.353260,6.241981,6.859373,46.241534,-235.382409,3.214648,2.182611,-0.079445,6.089203,0.038468,0.013266
0.190995,54.607916,-416.981889,6.241270,7.066828,51.423409,-234.462609,2.626174,2.130304,-0.017446,6.067279,0.037094,0.010855
0.191521,48.420530,-416.249709,6.346021,6.976488,54.809197,-233.617962,2.913221,2.207823,0.034967,6.052743,0.038213,0.012005
0.192048,41.741727,-414.924900,6.557460,6.914017,57.114774,-233.107974,3.658449,2.250955,0.084352,6.042905,0.041144,0.014973
0.192574,35.729553,-412.879938,6.461352,6.897350,60.178631,-232.595659,3.562241,2.189256,0.134792,6.030011,0.040540,0.014535
0.193100,29.970473,-410.411047,6.272176,6.986569,64.140022,-231.136266,3.227828,2.116222,0.188340,6.012498,0.038700,0.013179
0.193626,24.096016,-407.673477,6.330070,6.960310,67.793849,-230.054188,2.991692,1.879033,0.241229,5.996610,0.038343,0.012168
0.194152,18.200279,-404.915841,6.426516,6.748179,70.036210,-229.172455,3.203498,1.916142,0.286820,5.986594,0.039118,0.012996
0.194678,12.807586,-401.252526,6.589231,6.854622,73.039367,-228.398775,2.684837,2.092043,0.335298,5.973674,0.038902,0.010991
0.195205,7.808329,-398.104311,6.274712,6.797229,74.422660,-227.996562,3.418144,1.899325,0.373245,5.967670,0.039049,0.013770
0.195731,2.673300,-394.468788,6.476635,6.884172,76.249942,-227.350599,3.354375,2.071581,0.414731,5.959590,0.039852,0.013544
0.196257,-1.770504,-390.911103,6.772215,6.700688,79.070646,-226.246246,3.728797,2.074401,0.456376,5.946966,0.041415,0.014962
0.196783,-6.494324,-386.907591,6.779063,6.616877,80.399529,-225.809027,3.369225,2.148157,0.494656,5.941130,0.040627,0.013579
0.197309,-11.038314,-383.644203,6.511410,6.600976,82.060067,-225.405364,3.300607,2.210368,0.531803,5.934044,0.039296,0.013308
0.197835,-15.149249,-379.469526,6.547590,6.641789,84.122063,-224.091665,3.064415,1.941505,0.568534,5.924072,0.038729,0.012320
0.198361,-19.060270,-376.049608,6.500463,6.890093,85.328503,-223.709867,2.875126,1.933333,0.600749,5.918794,0.038573,0.011583
0.198888,-23.032000,-372.142449,6.532293,6.775667,86.000750,-223.903652,3.171375,1.970972,0.634170,5.916463,0.039073,0.012690
0.199414,-26.372501,-368.047506,6.701488,6.883253,87.474305,-223.911349,3.297264,2.519256,0.668525,5.910752,0.040374,0.013333
0.199940,-30.148506,-364.802139,6.814073,6.720857,88.296744,-222.877972,3.097922,2.010333,0.695466,5.905988,0.039468,0.012405
0.200466,-33.324303,-361.057933,6.942433,6.727767,89.343319,-222.102850,2.779576,1.725299,0.723223,5.900731,0.039113,0.011102
0.200992,-36.110458,-357.664537,6.696023,6.884132,89.718275,-222.439049,2.966833,2.050978,0.749418,5.899804,0.039298,0.011909
0.201518,-38.656395,-354.591717,6.758844,6.603508,90.357695,-222.144244,2.825550,1.795014,0.772267,5.896872,0.038372,0.011272
0.202045,-42.156990,-351.304051,6.637191,6.784207,89.146859,-223.450511,3.499537,2.822806,0.798711,5.903579,0.040509,0.014193
0.202571,-44.285838,-348.614202,6.736401,6.679659,89.448122,-223.144304,3.373748,2.634018,0.817270,5.901944,0.040070,0.013649
0.203097,-47.298814,-345.668740,6.919863,6.885042,89.386017,-223.222929,3.160393,2.681169,0.840292,5.902305,0.040798,0.012886
0.203623,-49.904650,-343.143051,6.784680,6.756685,89.581631,-223.267135,3.293760,2.724819,0.860865,5.901618,0.040210,0.013389
0.204149,-52.044421,-340.706739,6.891911,6.725924,89.591059,-223.469720,3.321594,2.852186,0.879370,5.901895,0.040508,0.013543
0.204675,-54.503112,-338.428724,6.906197,6.791197,89.408994,-223.576028,3.132346,2.876522,0.897230,5.902762,0.040499,0.012867
0.205202,-56.859526,-336.320589,6.947544,6.765693,89.563695,-222.624583,3.156376,2.204153,0.910557,5.900691,0.039452,0.012675
0.205728,-59.011199,-334.500723,6.852536,6.789426,90.385547,-221.831473,2.571323,1.790369,0.924637,5.896272,0.038108,0.010333
0.206254,-61.049681,-332.674401,6.869164,6.750259,89.257157,-222.346043,2.725835,1.957286,0.937601,5.901444,0.038386,0.010988
0.206780,-62.940703,-330.864128,6.742709,6.919684,87.791160,-223.147206,3.137777,2.007922,0.950321,5.908362,0.039319,0.012557
0.207306,-64.737399,-329.683435,6.829529,6.845796,87.558967,-223.169144,3.036084,2.066440,0.960481,5.909297,0.039057,0.012203
0.207832,-66.698057,-328.725768,6.998812,6.805136,86.752216,-223.052187,2.610822,2.014304,0.967728,5.912256,0.038746,0.010615
0.208358,-68.357666,-327.767722,7.067179,6.866927,85.653532,-223.567142,3.039031,1.714199,0.975963,5.917313,0.039131,0.012127
0.208885,-70.451759,-327.174933,7.037830,6.810704,83.852091,-224.040978,3.024715,1.859265,0.981607,5.925054,0.039066,0.012151
0.209411,-71.858017,-326.816999,7.122878,6.760183,81.968488,-225.352008,3.181763,2.556086,0.987697,5.934327,0.040190,0.012991
0.209937,-73.369935,-326.580536,6.939039,6.787238,81.817406,-225.224287,3.137777,2.007922,0.992230,5.934737,0.039076,0.012636
0.210463,-75.148805,-326.455784,6.932212,6.609948,80.651617,-225.299992,2.630829,1.822549,0.994938,5.939424,0.037827,0.010664
0.210989,-76.358933,-327.167506,7.238042,6.651516,79.491009,-226.132669,3.031783,1.975833,0.995629,5.945154,0.038870,0.012242
0.211515,-77.918914,-327.743050,7.156389,6.795334,78.066089,-226.553273,2.766834,2.082547,0.995325,5.951346,0.039150,0.011278
0.212042,-79.354683,-328.489900,7.001409,6.681729,76.497037,-227.027051,2.635691,2.120202,0.993703,5.958182,0.038466,0.010802
0.212568,-80.944324,-329.545801,7.216616,6.734970,74.584281,-227.660389,2.671981,2.227027,0.990850,5.966593,0.039152,0.010987
0.213094,-81.652203,-330.625932,6.974869,6.742763,72.655689,-228.094977,2.634901,1.992990,0.984325,5.974814,0.038668,0.010788
0.213620,-83.446282,-332.099942,6.917269,6.774656,70.690488,-228.901178,2.843531,2.191215,0.980816,5.983652,0.038994,0.011658
0.214146,-84.295600,-333.778972,7.033988,6.843098,68.932004,-229.597665,2.807708,2.139248,0.973680,5.991518,0.039397,0.011507
0.214672,-85.266329,-335.943459,6.977177,6.793754,66.576457,-230.772077,3.467574,2.258416,0.965032,6.002317,0.039902,0.014114
0.215199,-85.869519,-337.721380,7.185296,6.769277,64.936305,-230.997043,3.314145,2.193988,0.954925,6.009145,0.040008,0.013525
0.215725,-86.992476,-340.062554,7.062211,6.687663,63.106453,-231.225678,2.851111,2.197406,0.943422,6.016753,0.039067,0.011727
0.216251,-87.598135,-342.568928,6.896079,6.817098,59.590614,-232.479136,3.240807,2.300179,0.928609,6.032261,0.039988,0.013295
0.216777,-88.465213,-345.701622,7.134308,6.811462,57.594849,-233.091734,3.189839,2.250349,0.914001,6.040946,0.040227,0.013092
0.217303,-89.094740,-348.554912,6.996149,6.824049,55.287987,-233.213818,3.167998,2.174405,0.896753,6.050413,0.039872,0.013030
0.217829,-89.365314,-351.697149,7.056658,6.875887,53.750522,-233.702392,2.989095,2.008016,0.881312,6.057121,0.039732,0.012292
0.218355,-89.868672,-354.757228,7.110397,6.958185,51.373520,-234.228857,2.869397,1.903587,0.864363,6.067274,0.039899,0.011811
0.218882,-89.569876,-358.363893,6.992286,6.928639,47.492328,-235.333232,3.152255,2.202231,0.839294,6.084051,0.040456,0.012998
0.219408,-89.640365,-361.741650,6.986789,6.927093,44.928351,-236.186634,3.135882,2.357111,0.820036,6.095207,0.040630,0.012944
0.219934,-89.463901,-365.780746,6.977474,6.878661,41.498461,-236.604770,3.227342,2.295895,0.792265,6.109560,0.040608,0.013336
0.220460,-88.945202,-369.497986,6.945720,6.902656,37.644065,-236.810042,3.436935,2.271164,0.761881,6.125541,0.041024,0.014234
0.220986,-88.457096,-373.290738,6.823658,6.833595,35.098528,-237.004244,3.154825,2.136189,0.736443,6.136162,0.040000,0.013091
0.221512,-88.216885,-377.050903,6.865913,7.048901,31.645763,-238.373166,3.068850,2.693607,0.712752,6.151200,0.041088,0.012737
0.222039,-86.397166,-380.686817,6.659764,7.022234,29.235210,-238.098732,3.097229,2.109827,0.681385,6.161011,0.039981,0.012860
0.222565,-85.809617,-385.275802,6.896715,6.802673,25.441120,-238.432863,3.096962,1.928243,0.648358,6.176886,0.040089,0.012871
0.223091,-84.318572,-389.095131,6.895395,7.017358,21.818459,-238.637853,3.195852,2.055591,0.614361,6.192010,0.040763,0.013304
0.223617,-82.342733,-393.003271,6.932031,7.041022,18.033687,-238.874100,3.141737,2.116554,0.577253,6.207834,0.040964,0.013095
0.224143,-80.750922,-396.911282,6.517901,7.090507,14.310039,-239.096202,2.900156,2.084124,0.542151,6.223406,0.039098,0.012098
0.224669,-78.146798,-400.772420,6.857661,7.083303,10.186387,-239.408187,2.873570,2.253766,0.500856,6.240663,0.040416,0.011988
0.225196,-75.716062,-404.293793,6.905975,6.954990,5.940013,-239.219251,3.147953,2.043359,0.459368,6.258360,0.040854,0.013153
0.225722,-72.943628,-407.622747,6.755708,6.979282,1.708543,-239.570253,3.080266,2.134143,0.418036,6.276054,0.040264,0.012857
0.226248,-69.402186,-410.682670,6.770865,6.989593,-3.159483,-239.402351,2.623028,2.204709,0.369032,6.296382,0.039588,0.010955
0.226774,-66.389213,-413.228379,6.671219,7.055446,-7.343327,-239.204647,2.851878,2.008628,0.327109,6.313875,0.039526,0.011914
0.227300,-62.756356,-415.300709,6.618384,7.025124,-12.320576,-238.650103,3.080115,1.760712,0.278112,6.334766,0.039713,0.012878
0.227826,-58.891108,-417.559417,6.539687,6.956456,-16.320245,-238.701601,3.080115,1.760712,0.233667,6.351450,0.039302,0.012853
0.228352,-54.891225,-418.760081,6.453889,6.911930,-21.185320,-238.621132,2.622779,1.692187,0.184972,6.371735,0.038041,0.010923
0.228879,-50.748196,-419.606087,6.433891,7.065669,-26.232945,-238.485048,3.189872,2.030346,0.134535,6.392743,0.039308,0.013248
0.229405,-46.406544,-420.098278,6.563416,7.048091,-30.490870,-237.498310,2.766754,1.947374,0.086942,6.410870,0.038868,0.011507
0.229931,-42.236542,-420.040813,6.543476,7.166323,-35.366756,-237.565298,2.851878,2.008628,0.037630,6.430972,0.039092,0.011809
0.230457,-37.889676,-419.735462,6.508957,7.341082,-39.282362,-236.748147,2.629933,2.008270,-0.007611,6.447612,0.038363,0.010897
0.230983,-33.699418,-418.795801,6.298472,7.107922,-44.014675,-235.840744,3.126430,1.946558,-0.056322,6.467692,0.038379,0.012897
0.231509,-29.606271,-417.374806,6.426950,7.017032,-47.665734,-235.743950,2.863448,2.015943,-0.099104,6.482688,0.038562,0.011787
0.232036,-25.310344,-415.538094,6.356580,7.063053,-52.842785,-234.589918,2.909939,1.933256,-0.150998,6.504743,0.038238,0.011937
0.232562,-21.157149,-413.504700,6.409574,6.919658,-56.058843,-233.732383,2.963009,1.841314,-0.191758,6.518581,0.038579,0.012120
0.233088,-17.188023,-410.418633,6.450936,6.662925,-60.225219,-232.785945,3.045454,1.772812,-0.237702,6.536349,0.038959,0.012400
0.233614,-13.919005,-407.752577,6.543315,6.674337,-63.157187,-232.014654,2.669906,1.882264,-0.273175,6.548958,0.038670,0.010909
0.234140,-10.082851,-405.183797,6.761880,6.836858,-67.199883,-230.851129,2.625292,1.749799,-0.316611,6.566454,0.039437,0.010679
0.234666,-6.528090,-401.794223,6.594599,6.806624,-70.057064,-230.277543,3.049937,1.984763,-0.354728,6.578517,0.039610,0.012358
0.235193,-3.038145,-398.512404,6.575618,6.855635,-73.225134,-228.928541,2.625292,1.749799,-0.392412,6.592761,0.038574,0.010637
0.235719,-0.357787,-395.284366,6.616283,6.636764,-75.591063,-228.368021,2.796430,1.933773,-0.423456,6.602839,0.038987,0.011322
0.236245,2.643898,-391.917459,6.394520,6.638494,-78.276249,-227.265577,2.543435,1.622447,-0.456794,6.614886,0.037460,0.010243
0.236771,5.290029,-388.364944,6.543374,6.700319,-80.916753,-226.658072,2.803817,2.029399,-0.489780,6.626082,0.038706,0.011332
0.237297,7.479658,-385.122834,6.417669,6.584019,-83.295697,-225.318340,2.572674,1.699294,-0.516588,6.637284,0.037469,0.010340
0.237823,10.142917,-381.433029,6.739003,6.640592,-85.275638,-225.083367,2.625292,1.749799,-0.547951,6.645338,0.038954,0.010520
0.238349,12.642696,-378.298100,6.612050,6.311240,-87.209000,-224.261385,2.531756,1.857380,-0.575132,6.654062,0.037782,0.010198
0.238876,14.991745,-375.212898,6.551157,6.426173,-88.885479,-223.510002,2.834603,1.553396,-0.600412,6.661690,0.037933,0.011207
0.239402,16.920034,-372.086884,6.816103,6.489074,-90.712931,-223.143415,2.836689,1.795260,-0.625762,6.669302,0.038998,0.011265
0.239928,18.474892,-368.780795,6.640988,6.345223,-91.607078,-222.137520,2.586593,1.731848,-0.643935,6.674326,0.037815,0.010324
0.240454,20.354877,-366.089306,6.731153,6.265400,-93.529413,-221.539661,2.660478,1.734002,-0.667292,6.682664,0.037848,0.010571
0.240980,22.335440,-363.422272,6.676608,6.440818,-94.259836,-221.353944,2.547168,1.700477,-0.687235,6.685761,0.037843,0.010127
0.241506,24.259200,-360.905113,6.768560,6.436162,-95.581344,-220.822837,2.553244,1.825894,-0.707679,6.691679,0.038022,0.010194
0.242033,25.580962,-358.557934,7.030829,6.387728,-96.210814,-220.667793,2.772496,1.820797,-0.723485,6.694335,0.038977,0.010981
0.242559,27.135962,-356.351912,6.938105,6.180745,-97.569760,-220.348397,2.596353,1.831419,-0.742090,6.700034,0.037856,0.010321
0.243085,28.193394,-354.602545,6.793593,6.242582,-97.931486,-219.994692,2.619247,1.943674,-0.752875,6.702002,0.037642,0.010465
0.243611,29.751691,-352.514780,6.734383,6.272166,-97.668301,-219.918027,2.592105,1.697407,-0.765491,6.701132,0.037415,0.010253
0.244137,31.335778,-351.103968,6.775828,6.252462,-98.199536,-219.981475,2.801596,1.683171,-0.779309,6.703041,0.037556,0.010995
0.244663,31.886686,-349.964400,6.660280,6.320163,-98.289734,-219.911202,2.870379,1.638535,-0.785872,6.703502,0.037498,0.011228
0.245190,33.364595,-348.007945,6.957267,5.988186,-98.631214,-220.020369,3.066397,1.661491,-0.800814,6.704610,0.037650,0.011942
0.245716,34.634318,-347.326129,7.016053,5.937925,-98.577847,-219.905694,3.038448,1.754827,-0.807616,6.704602,0.037564,0.011884
0.246242,35.744625,-346.565337,6.819529,6.243649,-98.566978,-219.954457,3.015876,1.783851,-0.814903,6.704478,0.037725,0.011813
0.246768,36.413526,-346.323884,7.010198,6.199539,-98.244462,-219.792383,2.839083,1.732548,-0.816502,6.703531,0.037817,0.011159
0.247294,37.400757,-345.842510,6.726150,6.187931,-98.302369,-220.152305,2.783626,1.802833,-0.823685,6.703141,0.036996,0.010974
0.247820,38.148992,-345.534505,6.957236,6.111352,-97.928190,-220.250731,2.595197,1.806051,-0.826672,6.701557,0.037173,0.010298
0.248346,38.627361,-345.485167,7.070366,6.133407,-96.688599,-220.358879,3.106408,1.753562,-0.824503,6.696668,0.038146,0.012178
0.248873,39.639425,-345.885291,6.678899,6.281517,-96.242745,-220.820759,2.816977,1.767476,-0.826830,6.694202,0.037182,0.011114
0.249399,39.874337,-345.809514,6.776063,6.220035,-95.637900,-220.591403,2.570433,1.829755,-0.824860,6.692277,0.037103,0.010265
0.249925,40.787559,-346.605231,7.184247,6.174720,-94.218796,-221.233900,2.798328,1.714469,-0.822385,6.685800,0.038216,0.011065
0.250451,41.624341,-347.473252,6.925137,6.303990,-93.638561,-221.807522,2.615933,1.658249,-0.822162,6.682649,0.037600,0.010362
0.250977,42.262792,-348.424797,7.080786,6.270696,-92.448652,-222.267000,2.818799,1.926319,-0.818175,6.677353,0.038338,0.011240
0.251503,42.376246,-349.607090,7.034650,6.143929,-91.535753,-222.568311,2.601124,1.865576,-0.811731,6.673370,0.037669,0.010422
0.252030,42.918387,-351.032107,7.007600,6.232863,-89.887409,-223.175218,2.735752,1.752055,-0.804382,6.666074,0.037962,0.010893
0.252556,43.608448,-352.691524,6.753464,6.222790,-88.239065,-223.782126,2.870379,1.638535,-0.796665,6.658775,0.037372,0.011378
0.253082,43.835838,-354.552780,6.719045,6.387266,-87.181213,-224.107819,2.818301,1.772962,-0.787586,6.654186,0.037666,0.011245
0.253608,43.779843,-356.602759,6.755583,6.243909,-85.388551,-224.687301,2.601944,1.744111,-0.774877,6.646361,0.037262,0.010442
0.254134,43.971124,-358.734308,6.698742,6.414491,-82.863771,-225.157345,2.777448,1.751640,-0.759514,6.635828,0.037853,0.011153
0.254660,44.030189,-361.185714,6.774714,6.218956,-81.686266,-225.991596,2.645215,1.783403,-0.749089,6.630030,0.037440,0.010655
0.255187,44.059859,-363.868957,6.635844,6.192456,-79.415180,-226.498797,2.563959,1.901628,-0.732179,6.620413,0.037015,0.010416
0.255713,44.091500,-366.891253,6.726948,6.431476,-76.850393,-227.596136,2.851634,1.607674,-0.714990,6.608826,0.038073,0.011449
0.256239,44.014020,-369.608235,6.899421,6.381758,-74.124109,-228.314765,2.711856,1.651984,-0.696380,6.597107,0.038479,0.010953
0.256765,43.393398,-372.947535,6.829143,6.441499,-71.397824,-229.033394,2.572077,1.696294,-0.673298,6.585373,0.038334,0.010450
0.257291,42.765350,-376.094660,6.699966,6.568186,-69.443336,-229.987083,2.596353,1.831419,-0.654914,6.576425,0.038278,0.010578
0.257817,42.483605,-379.117030,6.667075,6.560385,-65.887499,-230.845064,2.790622,1.801576,-0.631161,6.561212,0.038565,0.011366
0.258343,41.557513,-382.801511,6.846847,6.613690,-62.834813,-231.714109,2.805661,1.834690,-0.604619,6.547991,0.039373,0.011455
0.258870,40.485548,-385.992346,6.900080,6.342417,-59.782128,-232.583154,2.820699,1.867804,-0.578899,6.534775,0.039354,0.011540
0.259396,39.534428,-389.325905,6.680602,6.489257,-56.574693,-233.057772,2.796163,1.615772,-0.551396,6.521329,0.038670,0.011441
0.259922,38.487777,-392.985566,6.703219,6.570328,-52.612854,-234.095740,2.800763,1.845768,-0.520599,6.504261,0.039084,0.011513
0.260448,37.372947,-396.826354,6.631351,6.776281,-49.411571,-234.645480,2.573656,1.756054,-0.491339,6.490733,0.038535,0.010610
0.260974,35.284435,-399.501756,6.522880,6.586603,-45.209290,-235.360528,2.536645,1.662102,-0.455933,6.472959,0.038068,0.010476
0.261500,33.463278,-403.113594,6.414491,6.903733,-41.436120,-236.304661,2.548812,1.871706,-0.422033,6.456771,0.037981,0.010551
0.262027,31.666425,-406.613123,6.450886,6.846318,-37.709463,-236.852244,2.834603,1.553396,-0.387957,6.441071,0.038402,0.011716
0.262553,29.469804,-409.299587,6.453572,6.914432,-33.192069,-237.576766,2.634134,2.048506,-0.349888,6.421998,0.038289,0.010939
0.263079,27.046822,-412.250872,6.629546,6.951461,-29.194373,-237.969561,2.670411,1.966356,-0.312153,6.405256,0.039067,0.011100
0.263605,24.404330,-415.141703,6.642839,7.172692,-24.139355,-238.974008,2.941031,2.064190,-0.268881,6.383856,0.039834,0.012213
0.264131,22.020350,-417.348461,6.513074,7.154833,-19.892958,-239.509184,3.165849,1.942575,-0.231457,6.366052,0.039685,0.013145
0.264657,18.769302,-418.094644,6.447791,6.789265,-14.987127,-239.411770,2.628461,2.001855,-0.186718,6.345704,0.038313,0.010948
0.265184,15.789050,-419.964022,6.466364,6.985623,-9.962485,-239.504983,3.127724,2.003618,-0.141743,6.324757,0.039415,0.013041
0.265710,12.328288,-420.796936,6.446872,6.832522,-5.659277,-239.494388,3.049767,2.009713,-0.098889,6.306811,0.039144,0.012729
0.266236,9.421456,-421.843125,6.517666,6.814432,-0.389853,-239.410405,3.009671,1.852086,-0.053729,6.284814,0.039293,0.012571
0.266762,6.097142,-422.273756,6.527691,7.072535,4.270701,-239.183817,3.084128,2.014803,-0.009975,6.265332,0.039430,0.012891
0.267288,2.812682,-421.795836,6.358797,6.887903,9.987150,-239.251991,3.040722,1.850510,0.039282,6.241466,0.038583,0.012691
0.267814,-0.556878,-421.305027,6.596783,6.952993,13.993410,-238.976981,3.031783,1.975833,0.079634,6.224697,0.039692,0.012652
0.268340,-3.787218,-420.037556,6.558599,6.923411,19.844247,-239.012597,3.081164,1.899004,0.129809,6.200349,0.039686,0.012820
0.268867,-6.695474,-418.118173,6.522197,6.881115,24.087860,-238.465764,3.225989,1.812985,0.169701,6.182515,0.039896,0.013413
0.269393,-9.445542,-416.274438,6.478638,7.123256,29.095551,-237.753182,2.657109,2.041103,0.212627,6.161414,0.038443,0.011060
0.269919,-12.417834,-413.990108,6.623604,6.969505,33.427667,-237.445595,3.355204,2.188469,0.254071,6.143324,0.040666,0.013914
0.270445,-14.906394,-411.637732,6.602561,6.935064,38.470058,-236.758201,3.510036,2.025408,0.296237,6.122106,0.040780,0.014507
0.270971,-17.148904,-409.090956,6.597962,6.799066,41.593372,-236.183058,3.111134,2.248139,0.327498,6.108866,0.039871,0.012879
0.271497,-19.241284,-405.624476,6.608626,6.900560,45.900977,-235.183073,3.063108,1.945743,0.365066,6.090437,0.039840,0.012642
0.272024,-21.360288,-402.884883,6.657972,6.855418,50.473406,-234.385657,3.497972,1.950128,0.402984,6.071081,0.040736,0.014365
0.272550,-22.843046,-399.617949,6.567103,6.802664,53.887204,-233.550879,3.055567,2.055049,0.432824,6.056424,0.039463,0.012570
0.273076,-24.605531,-396.380734,6.486167,7.050237,58.419541,-232.312263,3.242228,1.981570,0.468467,6.036824,0.039516,0.013280
0.273602,-25.840239,-392.882723,6.839959,6.792149,61.589892,-231.641655,3.058137,1.807702,0.496860,6.023313,0.040288,0.012482
0.274128,-27.070404,-389.985612,6.612117,7.011498,65.983971,-231.121496,3.050683,2.373928,0.529874,6.005089,0.039720,0.012502
0.274654,-28.200283,-386.400924,6.765613,6.779621,67.732997,-230.265787,3.134380,2.141358,0.550958,5.997103,0.040180,0.012778
0.275181,-28.778189,-382.982824,6.615095,6.888775,71.652289,-229.427690,3.236144,2.223156,0.579207,5.980475,0.039932,0.013144
0.275707,-29.172228,-380.076424,6.482486,6.928163,74.254909,-227.970211,3.067359,1.960658,0.597154,5.968301,0.039038,0.012425
0.276233,-30.199889,-376.585187,6.760205,6.855590,76.566462,-227.743727,3.068842,2.364196,0.622253,5.958861,0.040213,0.012506
0.276759,-30.489277,-373.699946,6.720524,7.019942,79.874522,-225.824485,3.128955,1.987250,0.641148,5.943217,0.039949,0.012622
0.277285,-30.650993,-370.898054,6.675069,6.831522,82.038714,-225.370311,3.049847,2.138487,0.658905,5.934078,0.039508,0.012332
0.277811,-30.542421,-368.327060,6.780315,6.789645,84.634283,-223.927914,2.589594,1.897461,0.673293,5.921828,0.038860,0.010500
0.278337,-30.524252,-365.186974,6.753185,6.855610,86.999997,-223.468847,2.883219,2.000024,0.692342,5.911923,0.039441,0.011605
0.278864,-30.544180,-362.929155,6.774718,6.806709,89.145442,-222.299859,2.823005,1.837190,0.705132,5.901805,0.039094,0.011306
0.279390,-30.311800,-360.407827,6.689519,7.052971,91.188513,-221.800112,2.937887,2.064575,0.719722,5.893122,0.039739,0.011794
0.279916,-30.033879,-358.607960,6.648042,6.727652,93.272511,-220.776714,3.109069,1.941449,0.729834,5.883456,0.038885,0.012358
0.280442,-29.658490,-356.712528,6.924314,6.750625,94.798417,-219.830050,3.449847,1.955571,0.737888,5.876045,0.040129,0.013622
0.280968,-28.980588,-354.796832,6.727399,6.911263,96.782588,-219.298713,2.661762,1.796843,0.748154,5.867567,0.038901,0.010600
0.281494,-28.517767,-353.318814,6.773679,6.938301,98.036692,-218.512887,3.082791,1.856103,0.753837,5.861451,0.039597,0.012165
0.282021,-27.999928,-352.235659,6.654923,6.854694,99.942322,-217.414666,3.099123,1.721115,0.759226,5.852306,0.038806,0.012145
0.282547,-26.868444,-351.098727,6.846789,6.861198,100.921942,-217.461161,2.903278,1.958820,0.763036,5.848675,0.039450,0.011511
0.283073,-26.312546,-350.586933,6.967046,6.830283,101.691153,-217.853357,3.276464,2.753696,0.767260,5.846459,0.040888,0.013265
0.283599,-25.439224,-349.546812,6.964267,6.925234,103.210160,-216.277014,3.160886,2.148359,0.767759,5.837933,0.040268,0.012515
0.284125,-24.546809,-349.124525,6.654065,6.818697,104.527376,-215.496102,2.670411,1.966356,0.768064,5.831565,0.038402,0.010652
0.284651,-23.237949,-348.898597,6.807537,7.045687,105.343177,-215.207797,2.935535,2.048789,0.765918,5.827977,0.039771,0.011628
0.285178,-22.382108,-348.730322,6.731894,6.863408,106.230139,-214.758209,2.657109,2.041103,0.764989,5.823827,0.038772,0.010634
0.285704,-20.712421,-348.963201,6.844556,6.962807,106.635667,-214.343863,2.630207,1.915148,0.757649,5.821541,0.039287,0.010462
0.286230,-19.773000,-349.059531,6.880160,6.920743,107.473638,-213.963180,2.991218,2.020871,0.755486,5.817700,0.039691,0.011789
0.286756,-18.799539,-349.435725,6.908564,7.031883,107.805362,-213.961684,3.117092,2.090726,0.751570,5.816460,0.040269,0.012264
0.287282,-17.295612,-350.372990,6.822145,6.733676,107.188940,-214.690304,3.317499,2.617455,0.742383,5.820120,0.040312,0.013294
0.287808,-15.638813,-351.182018,6.929351,6.983308,107.088826,-214.647333,3.273337,2.623603,0.732193,5.820413,0.041252,0.013151
0.288334,-14.303912,-352.464690,6.779104,6.775905,108.308944,-213.522253,3.223961,1.931366,0.723046,5.813755,0.039440,0.012551
0.288861,-12.873663,-353.300474,6.652426,6.952985,108.405970,-213.606725,3.240979,1.980969,0.714956,5.813554,0.039608,0.012632
0.289387,-11.135571,-355.112450,6.896788,7.107101,107.201467,-214.734570,3.331749,2.592733,0.700410,5.820156,0.041505,0.013325
0.289913,-9.365062,-356.684875,6.502292,6.986358,107.200138,-214.916643,3.311663,2.650362,0.688146,5.820499,0.040146,0.013286
0.290439,-7.695240,-358.651409,6.691074,6.861418,107.185649,-214.827019,3.282149,2.701191,0.673983,5.820387,0.040322,0.013224
0.290965,-5.742963,-360.508569,6.720976,6.863326,107.755113,-214.019565,3.034459,1.926975,0.659178,5.816756,0.039302,0.011875
0.291491,-3.714457,-362.464339,6.654243,6.867523,107.012685,-214.339009,2.899867,1.834324,0.641914,5.820123,0.038960,0.011357
0.292018,-1.277018,-364.933854,6.453999,6.959720,106.711243,-214.730019,2.667424,1.929155,0.623328,5.821976,0.038194,0.010586
0.292544,0.625416,-367.787100,6.509165,7.018926,105.771238,-215.011298,3.173005,1.662744,0.602787,5.826012,0.038996,0.012270
0.293070,2.850428,-370.230869,6.632946,6.967684,104.193353,-215.621988,3.116918,1.975476,0.580217,5.833050,0.039504,0.012256
0.293596,5.549950,-372.426556,6.843371,7.030918,104.295039,-215.770342,2.592094,1.696551,0.562423,5.832937,0.039387,0.010214
0.294122,7.952052,-375.631263,6.746168,6.941325,102.332231,-216.996890,2.860137,2.212065,0.536701,5.842528,0.039637,0.011477
0.294648,10.771782,-378.187654,6.598909,7.004241,101.136186,-217.671699,2.937887,2.064575,0.512740,5.848234,0.039317,0.011677
0.295175,13.199373,-381.309748,6.520858,7.100480,99.645832,-218.255606,3.171393,2.173715,0.487492,5.854893,0.039500,0.012599
0.295701,15.933904,-384.361089,6.750161,6.967741,97.750792,-218.911963,3.115193,1.980715,0.459249,5.863221,0.040078,0.012334
0.296227,19.192014,-387.297857,6.506599,6.998531,95.948089,-219.673078,3.022884,1.871635,0.429408,5.871382,0.038981,0.011971
0.296753,22.675479,-390.137217,6.734620,6.843085,93.640161,-220.497599,3.071971,1.926723,0.396204,5.881589,0.040021,0.012215
0.297279,25.783642,-393.245771,6.505960,6.955466,91.592781,-221.317771,2.882068,1.734818,0.365567,5.890795,0.038690,0.011458
0.297805,29.600579,-396.321156,6.465094,6.926472,89.287192,-222.067856,2.837079,1.964932,0.330003,5.900894,0.038411,0.011416
0.298331,33.176418,-398.756093,6.550003,6.937406,86.833360,-223.306447,2.661996,1.815042,0.296793,5.912325,0.038583,0.010713
0.298858,37.418907,-401.685688,6.539962,7.156576,83.893259,-224.377751,3.204482,2.017270,0.256344,5.925386,0.039786,0.012872
0.299384,41.071581,-404.515322,6.633591,6.958146,80.872845,-225.448396,2.682674,1.761269,0.218715,5.938763,0.039014,0.010831
0.299910,45.462039,-407.072146,6.674399,6.959829,78.106788,-226.403333,3.037857,1.903632,0.178760,5.950981,0.039922,0.012268
0.300436,49.610178,-409.251333,6.566158,7.110568,74.887407,-227.581289,2.661762,1.796843,0.138251,5.965288,0.038654,0.010810
0.300962,53.959930,-410.912428,6.553880,7.062217,71.247832,-229.013793,2.853036,1.774162,0.094757,5.981570,0.039127,0.011569
0.301488,58.425757,-412.391863,6.422965,7.170639,67.677651,-229.911233,2.821019,1.830770,0.050657,5.996907,0.038400,0.011496
0.302015,63.154518,-413.779448,6.492001,6.917160,63.975480,-231.144483,3.073272,1.832699,0.004495,6.013168,0.039328,0.012517
0.302541,67.765348,-414.668044,6.449209,7.207070,60.187486,-232.416330,3.117483,1.986399,-0.041555,6.029788,0.039273,0.012740
0.303067,72.127094,-414.449536,6.480947,7.015409,55.809137,-233.155631,3.238413,2.022053,-0.089766,6.048241,0.039804,0.013283
0.303593,76.910426,-414.333629,6.291584,7.216727,51.972833,-233.958335,3.124887,1.751863,-0.137383,6.064589,0.038621,0.012827
0.304119,81.396978,-414.245366,6.449865,7.097583,48.058375,-234.677165,3.072859,1.950228,-0.183570,6.081193,0.039158,0.012673
0.304645,85.780139,-412.912406,6.570873,6.770657,43.294929,-235.419153,2.842229,1.795332,-0.234942,6.101312,0.039182,0.011757
0.305172,89.774559,-411.536468,6.527142,6.852517,39.308150,-236.337492,2.575825,1.826185,-0.280460,6.118372,0.038518,0.010679
0.305698,93.711568,-409.368523,6.631552,6.440978,34.874758,-237.042355,2.671510,2.024756,-0.329017,6.137109,0.039040,0.011100
0.306224,97.355898,-407.098814,6.531074,6.674828,30.804484,-237.494482,2.630493,1.796441,-0.373931,6.154199,0.038552,0.010935
0.306750,101.219753,-404.133440,6.635777,6.696014,26.231798,-238.151816,2.893764,1.810896,-0.424337,6.173480,0.039470,0.012034
0.307276,104.029983,-401.454933,6.583429,6.536634,21.659113,-238.809150,3.157034,1.825350,-0.468789,6.192736,0.039488,0.013130
0.307802,106.954854,-397.645081,6.482183,6.606970,18.441953,-239.113716,2.798677,2.012650,-0.509217,6.206211,0.038687,0.011653
0.308328,109.592148,-394.151501,6.738888,6.485915,14.012751,-239.415124,3.116235,1.969546,-0.553327,6.224723,0.039872,0.012980
0.308855,111.967065,-390.584171,6.845151,6.520244,10.313090,-239.388858,2.816905,2.081847,-0.591917,6.240131,0.039701,0.011751
0.309381,113.983018,-386.446073,6.727148,6.243574,6.608856,-239.446236,2.584120,2.039597,-0.630863,6.255592,0.038404,0.010786
0.309907,115.530344,-382.468045,6.811752,6.446039,3.124048,-239.649206,2.855976,1.968759,-0.666798,6.270150,0.039318,0.011916
0.310433,117.147248,-378.581069,6.854317,6.317683,-1.311472,-239.408116,2.601124,1.865576,-0.705168,6.288663,0.038456,0.010865
0.310959,118.412845,-374.546110,6.671692,6.290299,-4.112023,-239.349878,2.948341,1.829902,-0.736271,6.300364,0.038195,0.012315
0.311485,119.581454,-370.696869,6.884240,6.349149,-7.463257,-239.428940,2.609877,1.827441,-0.769050,6.314346,0.038358,0.010892
0.312012,119.956767,-366.790518,6.670628,6.392184,-11.511825,-239.089223,2.645215,1.783403,-0.799933,6.331297,0.037667,0.011044
0.312538,121.037537,-362.775492,6.757634,6.277544,-14.662315,-238.978981,2.769833,1.724042,-0.831237,6.344462,0.037465,0.011555
0.313064,121.449816,-358.966682,6.804931,6.318554,-17.270823,-239.195390,2.685909,1.871526,-0.858575,6.355264,0.037700,0.011185
0.313590,121.808086,-355.227132,6.722993,6.294568,-19.697472,-239.006862,2.659225,1.862346,-0.883194,6.365413,0.037355,0.011069
0.314116,121.522008,-351.822334,6.853883,6.126512,-22.370367,-238.819276,3.006516,1.831263,-0.905064,6.376583,0.037334,0.012500
0.314642,121.595740,-349.337687,6.728020,6.450708,-24.310631,-238.457955,2.992253,1.731478,-0.920965,6.384784,0.037856,0.012441
0.315169,121.228435,-345.361920,6.676149,6.118324,-28.228787,-238.526620,3.146698,1.961328,-0.950192,6.400984,0.036814,0.013045
0.315695,121.110203,-342.263255,6.864638,6.057567,-30.392235,-238.259261,3.080687,1.918018,-0.969199,6.410060,0.036737,0.012763
0.316221,120.724716,-338.793690,6.887901,5.951622,-31.971794,-237.503161,2.740233,1.828406,-0.985097,6.416997,0.036081,0.011378
0.316747,120.008359,-336.769599,6.641310,6.142684,-34.621333,-237.702870,2.816407,1.965924,-1.001007,6.427818,0.036381,0.011662
0.317273,119.266632,-334.325884,6.851465,6.023329,-36.687180,-237.362852,3.176805,1.768502,-1.014543,6.436533,0.036253,0.013120
0.317799,118.512752,-332.053167,6.781088,6.076486,-38.676172,-236.978457,3.197614,1.651393,-1.026823,6.444964,0.036143,0.013190
0.318325,117.763899,-329.745228,7.006470,5.998236,-40.793629,-236.598620,2.842066,1.868611,-1.039647,6.453924,0.036076,0.011740
0.318852,116.816859,-328.041139,6.767620,6.020157,-42.600483,-235.933655,3.041098,1.875473,-1.046878,6.461822,0.035858,0.012560
0.319378,115.859387,-326.192099,6.768989,5.866262,-45.142707,-235.893918,2.917112,2.060963,-1.059660,6.472268,0.035279,0.012038
0.319904,114.807501,-325.089418,6.765457,6.269442,-46.664640,-235.611594,3.100811,1.843089,-1.064782,6.478712,0.036612,0.012751
0.320430,113.528299,-323.918602,6.881202,5.967435,-48.397282,-235.278073,3.142862,1.691154,-1.069940,6.486058,0.035438,0.012894
0.320956,112.669329,-322.696216,6.843327,6.059646,-49.705558,-234.301724,2.605363,1.697578,-1.072274,6.492229,0.035389,0.010742
0.321482,110.990629,-321.935267,6.804471,6.117978,-51.601186,-234.255745,2.661150,2.013767,-1.076235,6.500000,0.035976,0.010984
0.322009,110.235363,-321.356189,6.828336,6.265926,-53.107895,-233.917724,2.848564,1.890200,-1.079305,6.506437,0.036402,0.011711
0.322535,108.576304,-321.361680,6.878794,6.119982,-54.178767,-233.612582,2.807084,1.817389,-1.076323,6.511074,0.035878,0.011531
0.323061,107.325326,-321.392119,6.779126,6.355989,-55.664052,-233.559979,2.636552,1.826966,-1.076529,6.517149,0.036552,0.010826
0.323587,105.938946,-321.610780,6.995446,6.336101,-56.211706,-233.038760,2.815542,1.871460,-1.070850,6.519876,0.036980,0.011563
0.324113,104.382254,-321.948199,6.839920,6.307350,-57.524924,-232.882609,2.674150,1.839843,-1.067874,6.525350,0.036571,0.010978
0.324639,102.577464,-322.563381,6.903847,6.311133,-58.816059,-232.592145,2.858512,1.740217,-1.062240,6.530865,0.036679,0.011687
0.325166,100.977053,-323.576711,6.877908,6.381632,-59.302686,-232.255910,2.704347,1.913091,-1.052910,6.533177,0.037122,0.011108
0.325692,99.357330,-325.044838,6.947462,6.339785,-60.496351,-232.163743,3.087699,1.901710,-1.044436,6.538093,0.037216,0.012613
0.326218,97.718711,-325.956758,6.914365,6.001953,-61.718295,-231.839704,2.626438,1.728651,-1.037533,6.543362,0.035446,0.010740
0.326744,96.065902,-327.977733,6.980704,6.183688,-62.079795,-231.941173,2.761902,1.859642,-1.025051,6.544709,0.036516,0.011291
0.327270,94.073706,-329.809501,7.005734,6.308843,-62.746568,-231.741396,3.155067,1.789846,-1.011943,6.547606,0.037267,0.012833
0.327796,92.104677,-331.949780,6.859079,6.144554,-63.147723,-231.789245,2.887091,1.867771,-0.997841,6.549166,0.036469,0.011774
0.328322,90.148210,-334.274653,7.116125,5.931974,-63.242479,-231.773778,2.899914,1.752060,-0.981709,6.549564,0.036230,0.011802
0.328849,88.150388,-336.613344,7.154701,6.008003,-62.881673,-231.876247,3.166324,1.819774,-0.964462,6.548003,0.037097,0.012873
0.329375,85.873886,-339.511893,6.961649,6.392511,-64.158494,-231.734665,2.849136,1.912191,-0.947854,6.553282,0.037748,0.011615
0.329901,83.795918,-341.984313,7.043141,6.378111,-64.136353,-231.778282,2.832433,1.929591,-0.930518,6.553145,0.037994,0.011551
0.330427,81.613647,-344.966662,6.817227,6.327261,-64.136353,-231.778282,2.832433,1.929591,-0.910492,6.553145,0.037464,0.011551
0.330953,79.187333,-347.966906,6.677725,6.204288,-64.136353,-231.778282,2.832433,1.929591,-0.889581,6.553145,0.036896,0.011551
0.331479,76.598602,-351.503393,6.890049,6.333255,-63.672512,-231.713369,2.616589,1.850531,-0.863991,6.551356,0.037592,0.010696
0.332006,73.815521,-355.030939,6.821386,6.365318,-63.840447,-231.778193,2.846430,1.944505,-0.840546,6.551958,0.037845,0.011615
0.332532,70.962238,-358.457802,6.822386,6.305942,-62.545854,-231.966303,3.158978,1.857879,-0.812379,6.546555,0.038259,0.012854
0.333058,67.950053,-362.037754,6.742903,6.326627,-62.424153,-232.202454,3.034832,1.988137,-0.787469,6.545811,0.038163,0.012376
0.333584,65.193269,-366.276034,6.954361,6.470509,-61.169096,-232.124782,2.723754,1.940548,-0.755509,6.540846,0.038754,0.011164
0.334110,62.128116,-370.079972,6.646773,6.556953,-60.051688,-232.294179,2.825422,2.081957,-0.725439,6.536163,0.038411,0.011606
0.334636,58.575376,-374.293214,6.712678,6.734890,-58.973809,-232.448086,2.855976,1.968759,-0.692007,6.531650,0.038991,0.011719
0.335163,54.561132,-378.000727,6.609866,6.458377,-57.810233,-232.739465,2.722057,1.983983,-0.658423,6.526648,0.038138,0.011195
0.335689,50.857327,-382.424141,6.616750,6.712566,-56.453412,-233.323909,3.117306,1.844691,-0.623840,6.520576,0.039171,0.012750
0.336215,46.945058,-386.275769,6.639715,6.761479,-55.134000,-233.646343,2.639617,1.725159,-0.589480,6.514918,0.038634,0.010828
0.336741,42.861754,-390.332641,6.581858,6.838723,-53.040720,-233.987447,2.662124,1.824944,-0.550216,6.506100,0.038677,0.010951
0.337267,38.089024,-394.565879,6.551758,6.780238,-51.244047,-234.253131,2.670411,1.966356,-0.508387,6.498548,0.038532,0.011019
0.337793,33.445149,-398.532761,6.508930,6.877543,-49.240384,-234.524771,2.630493,1.796441,-0.466966,6.490137,0.038320,0.010853
0.338319,28.494911,-402.098528,6.709111,6.578273,-46.823986,-235.673455,2.854812,2.043980,-0.424989,6.479313,0.039548,0.011771
0.338846,23.487281,-405.757215,6.540415,6.644330,-44.504892,-235.900200,2.837502,2.008443,-0.380757,6.469653,0.038827,0.011718
0.339372,17.932912,-408.835317,6.396429,7.033597,-41.437141,-236.325573,2.826951,2.030868,-0.331458,6.456760,0.038526,0.011697
0.339898,13.093639,-412.073515,6.376619,7.228458,-38.525973,-236.987346,2.848170,2.042190,-0.286701,6.444341,0.038499,0.011788
0.340424,6.714180,-414.964091,6.537010,6.877461,-35.998637,-237.682138,3.158060,2.077310,-0.236426,6.433500,0.039789,0.013053
0.340950,0.979152,-417.606899,6.501895,7.233305,-33.253800,-238.040163,2.875567,2.169244,-0.188381,6.421985,0.038979,0.011915
0.341476,-5.409088,-419.219717,6.359847,7.038174,-29.754178,-238.306924,3.201468,2.055784,-0.133765,6.407399,0.039026,0.013270
0.342003,-11.593468,-420.704080,6.487251,7.057244,-26.419460,-238.592220,2.832027,1.772568,-0.081232,6.393467,0.038748,0.011754
0.342529,-17.690376,-421.262545,6.582477,7.019906,-23.701468,-239.400585,3.203709,2.014870,-0.033041,6.381867,0.040232,0.013278
0.343055,-24.118506,-421.923029,6.625854,7.007635,-20.060616,-239.497095,3.053465,2.014408,0.022240,6.366752,0.039982,0.012680
0.343581,-30.470971,-421.689656,6.459268,6.919661,-16.170667,-239.727033,3.195852,2.055591,0.078428,6.350538,0.039484,0.013283
0.344107,-36.407662,-420.547949,6.549029,6.982698,-12.590613,-239.624177,2.937887,2.064575,0.130889,6.335680,0.039344,0.012235
0.344633,-42.572203,-418.914657,6.686181,7.053932,-9.314921,-239.720348,3.231037,1.967170,0.183505,6.322023,0.040726,0.013462
0.345159,-48.575821,-417.282861,6.592351,6.925979,-5.819489,-239.869537,3.063426,1.773778,0.236489,6.307442,0.039798,0.012765
0.345686,-54.112384,-415.035208,6.403658,6.982457,-2.045373,-240.069150,3.124449,1.884249,0.289238,6.291705,0.039080,0.013014
0.346212,-59.619989,-412.234760,6.765660,6.912834,0.332802,-239.890249,3.383501,1.801183,0.334772,6.281798,0.041213,0.014104
0.346738,-65.102775,-409.165942,6.755194,6.761353,3.944190,-239.780570,3.241604,2.114828,0.387069,6.266738,0.040652,0.013516
0.347264,-70.003564,-405.246368,6.701740,6.695136,8.155122,-239.803731,3.242291,2.035393,0.441343,6.249191,0.040253,0.013508
0.347790,-74.933844,-401.281526,6.556019,6.922274,10.757221,-239.625286,3.605466,2.154788,0.487423,6.238324,0.040619,0.015021
0.348316,-78.985010,-397.333356,6.556019,6.922274,13.639898,-239.326337,3.223032,2.152606,0.530216,6.226254,0.039808,0.013433
0.348843,-82.924091,-392.791727,6.476496,6.898879,16.368751,-239.274025,3.667282,2.147484,0.574111,6.214882,0.040361,0.015268
0.349369,-86.707766,-388.514159,6.634390,7.065594,19.370417,-239.034109,3.237416,2.196562,0.617172,6.202326,0.040306,0.013476
0.349895,-90.335363,-383.875826,6.787181,6.816646,21.556399,-239.057541,3.250999,2.236278,0.657831,6.193256,0.040414,0.013515
0.350421,-93.166254,-379.349000,6.660643,6.845838,23.333284,-238.970462,3.241743,2.553044,0.692706,6.185853,0.040381,0.013477
0.350947,-96.338292,-374.609904,6.624796,7.081093,26.102741,-237.614495,3.019127,1.888951,0.729357,6.173771,0.039741,0.012584
0.351473,-99.024568,-370.402488,6.903640,6.979133,28.430467,-237.431992,2.848084,1.802778,0.764223,6.164011,0.039876,0.011860
0.352000,-101.378146,-365.799189,6.821647,6.657342,30.759534,-237.359673,3.467357,1.971515,0.799589,6.154313,0.039595,0.014406
0.352526,-103.648188,-361.422605,6.597241,6.802000,31.912109,-236.884681,3.147953,2.043359,0.827751,6.149276,0.039102,0.013102
0.353052,-105.432205,-356.865657,6.831981,6.971203,33.911943,-236.858932,3.147953,2.043359,0.859821,6.140978,0.040106,0.013080
0.353578,-107.401805,-352.829821,6.789413,6.922604,35.995396,-236.755177,3.158060,2.077310,0.890312,6.132304,0.039741,0.013103
0.354104,-109.036568,-348.716365,6.676144,6.842302,37.725876,-236.751885,3.154853,2.083074,0.919093,6.125166,0.039213,0.013067
0.354630,-110.387266,-344.679630,6.648771,6.843293,39.251120,-236.487211,2.880789,2.085707,0.944783,6.118709,0.038915,0.011940
0.355156,-111.477773,-341.201204,6.993408,6.722858,39.330588,-237.268884,3.295522,2.778056,0.967377,6.118915,0.040536,0.013649
0.355683,-112.720760,-337.758609,7.136856,6.658259,41.296096,-235.816485,3.084267,2.173234,0.986108,6.109824,0.039240,0.012786
0.356209,-113.928847,-334.632080,7.088913,6.690051,43.008968,-236.528498,3.144784,2.371424,1.012117,6.103316,0.039381,0.012990
0.356735,-114.466654,-331.308146,7.213391,6.633434,43.516081,-235.690731,3.145710,2.017707,1.026533,6.100609,0.038970,0.012997
0.357261,-115.193996,-328.319975,7.044283,6.784190,45.221154,-235.845185,3.080484,2.138881,1.047857,6.093744,0.039215,0.012709
0.357787,-115.651747,-325.126694,6.943542,6.748271,45.228352,-235.926715,3.243769,2.716189,1.064543,6.093778,0.040053,0.013431
0.358313,-116.634978,-323.119356,7.141795,6.678145,46.594568,-234.795026,2.701861,2.073897,1.074808,6.087283,0.038490,0.011199
0.358840,-116.682168,-320.584657,7.150440,6.593222,47.633570,-234.702574,3.162757,2.048386,1.089182,6.082952,0.038350,0.013054
0.359366,-117.855641,-318.357361,7.245401,6.804498,48.594402,-234.769277,2.701861,2.073897,1.105405,6.079080,0.038884,0.011174
0.359892,-117.985024,-316.514751,7.222552,6.723982,49.424586,-234.904914,3.046742,2.189699,1.117210,6.075808,0.038795,0.012561
0.360418,-118.062656,-314.688929,7.210710,6.782012,50.324728,-234.626073,2.859086,2.097104,1.126966,6.071898,0.038748,0.011793
0.360944,-118.249010,-312.903125,7.212009,6.738615,50.112274,-234.704838,2.781940,2.282142,1.135977,6.072832,0.038934,0.011509
0.361470,-118.017304,-312.006898,7.219406,6.615514,50.554610,-234.451105,2.617577,2.342313,1.139595,6.070807,0.038467,0.010865
0.361997,-118.319288,-310.905286,7.167666,6.556615,50.218468,-235.152389,2.676352,2.813905,1.148382,6.072789,0.039097,0.011156
0.362523,-118.215368,-310.119461,7.208079,6.626762,50.460981,-235.110041,2.884752,2.925856,1.152363,6.071766,0.039720,0.012004
0.363049,-118.377050,-309.716808,7.195977,6.887180,50.578500,-234.873393,2.955087,2.886107,1.153798,6.071081,0.040692,0.012287
0.363575,-118.480107,-309.439088,7.259169,6.726351,50.884124,-234.878871,3.192590,2.836898,1.156092,6.069842,0.040022,0.013222
0.364101,-118.225562,-309.212507,7.265355,6.674885,51.090463,-234.639608,3.194278,2.551863,1.155924,6.068792,0.039351,0.013193
0.364627,-118.208605,-309.317672,7.284390,6.724242,51.576889,-234.354374,3.103028,2.477242,1.155019,6.066558,0.039300,0.012822
0.365153,-117.958585,-309.524105,7.298370,6.645332,51.405453,-234.346903,3.194967,2.443855,1.153044,6.067249,0.039039,0.013189
0.365680,-117.328158,-309.794916,7.339164,6.687456,51.268312,-234.553209,3.217622,2.593834,1.151038,6.067991,0.039644,0.013294
0.366206,-116.634743,-310.771002,7.157337,6.640564,51.305750,-234.224521,3.206735,2.514144,1.143134,6.067546,0.039194,0.013255
0.366732,-116.329189,-312.181890,7.174037,6.587840,51.305750,-234.224521,3.206735,2.514144,1.135504,6.067546,0.038953,0.013255
0.367258,-115.683464,-313.176929,7.108576,6.611457,51.350465,-234.323244,3.221937,2.442905,1.129732,6.067452,0.038937,0.013300
0.367784,-114.969276,-314.851035,6.972573,6.667213,51.350465,-234.323244,3.221937,2.442905,1.119889,6.067452,0.039042,0.013300
0.368310,-114.415276,-316.895140,7.066653,6.752095,51.792891,-234.000931,2.982569,2.224693,1.108159,6.065361,0.038897,0.012315
0.368837,-114.065572,-318.945704,7.039161,6.712674,51.141139,-234.496778,3.175991,2.313111,1.098252,6.068459,0.038986,0.013091
0.369363,-113.101141,-321.281721,7.091510,6.778312,50.687134,-233.962856,2.634993,2.120763,1.081005,6.069836,0.038831,0.010920
0.369889,-112.010130,-323.375595,6.995483,6.769459,50.640942,-234.213953,2.648651,1.887623,1.069354,6.070247,0.038465,0.010931
0.370415,-111.197370,-326.312863,6.879466,6.698466,49.672872,-234.497818,3.082251,1.970504,1.052170,6.074444,0.038455,0.012694
0.370941,-110.172125,-329.298522,7.068987,6.748713,49.322357,-234.675532,3.051843,2.085462,1.035341,6.076028,0.039011,0.012582
0.371467,-108.837676,-332.446753,6.887411,6.720444,48.843167,-234.498672,2.671723,2.041291,1.014949,6.077834,0.038393,0.011057
0.371994,-107.621041,-336.004084,6.915759,6.637624,48.628898,-235.392414,2.700549,2.444566,0.998711,6.079465,0.038625,0.011194
0.372520,-106.333184,-339.321889,6.632226,6.967452,46.879363,-235.002230,2.673886,2.244921,0.973017,6.086285,0.039206,0.011095
0.373046,-104.960544,-343.233411,6.874750,6.736455,45.094112,-235.935840,3.141287,2.572915,0.950037,6.094334,0.039738,0.013001
0.373572,-103.235374,-347.088758,6.919137,6.752868,43.837462,-235.860022,3.195319,2.192615,0.923286,6.099420,0.039556,0.013201
0.374098,-101.267988,-350.996750,6.940707,6.830495,43.792130,-235.946939,3.082548,2.098919,0.900266,6.099672,0.039549,0.012730
0.374624,-99.343314,-354.848928,6.837242,6.905395,42.535421,-235.648498,2.849630,1.970644,0.872044,6.104605,0.039262,0.011802
0.375150,-97.332484,-359.524313,6.801869,6.637268,41.084115,-236.271814,2.873895,2.102214,0.843285,6.111022,0.038588,0.011902
0.375677,-94.996231,-363.831802,7.024022,6.673016,39.265201,-236.546396,2.897658,2.036812,0.812064,6.118692,0.039337,0.012002
0.376203,-92.268042,-368.090671,6.763362,6.778720,37.700169,-236.458556,3.024959,1.968200,0.779038,6.125079,0.039129,0.012543
0.376729,-89.801627,-372.614578,6.588050,7.039944,36.096844,-236.648228,3.058048,1.985204,0.746970,6.131818,0.039324,0.012690
0.377255,-86.325873,-377.366652,6.881053,6.730907,33.776541,-237.296609,3.046711,2.123413,0.708801,6.141796,0.039732,0.012646
0.377781,-82.827309,-381.379676,6.689377,6.917906,32.240416,-237.303565,3.147589,2.171478,0.673923,6.148151,0.039796,0.013081
0.378307,-79.386877,-385.950869,6.463024,7.201211,29.970189,-237.761403,3.152991,2.029871,0.635747,6.157795,0.039609,0.013097
0.378834,-75.717827,-390.549588,6.634008,7.055694,27.873489,-238.333899,3.039332,2.108652,0.597557,6.166763,0.039747,0.012622
0.379360,-71.415670,-394.772997,6.749726,6.869097,24.993287,-238.578792,3.064597,2.088512,0.552998,6.178807,0.040039,0.012738
0.379886,-66.836910,-399.131007,6.496415,6.992620,22.605396,-238.727729,2.859923,2.053037,0.508666,6.188776,0.038896,0.011901
0.380412,-62.590578,-403.415488,6.497911,7.105814,19.936069,-238.982117,3.053465,2.014408,0.465154,6.199957,0.039252,0.012708
0.380938,-57.595525,-406.484969,6.624807,6.943697,17.645440,-238.932780,2.871044,1.979664,0.422072,6.209468,0.039311,0.011966
0.381464,-52.236927,-410.446561,6.371407,6.961661,14.202806,-239.524480,3.139046,2.296362,0.370739,6.223959,0.038897,0.013072
0.381991,-47.068208,-413.288848,6.640798,6.966493,10.351765,-239.141078,3.115374,1.946416,0.318495,6.239925,0.039948,0.013008
0.382517,-40.925380,-416.147813,6.481169,6.977924,8.135275,-239.434596,3.147911,2.095305,0.270808,6.249221,0.039319,0.013135
0.383043,-35.202497,-418.614420,6.393945,7.152544,4.258088,-239.455668,3.044453,1.960363,0.216793,6.265405,0.038689,0.012711
0.383569,-29.297099,-420.564548,6.330512,7.018353,1.099479,-239.301428,2.617438,1.954745,0.166147,6.278591,0.037338,0.010938
0.384095,-23.018783,-421.985529,6.250498,7.159663,-2.538737,-239.452999,2.831223,1.960017,0.111732,6.293787,0.037397,0.011823
0.384621,-16.362629,-422.282663,6.571069,7.151314,-5.886398,-239.474608,3.077042,2.006598,0.057245,6.307761,0.039629,0.012843
0.385147,-9.816517,-422.540235,6.456709,7.139846,-8.972551,-239.534345,2.620583,1.897860,0.004612,6.320626,0.038076,0.010929
0.385674,-3.656926,-421.998744,6.455708,6.983502,-12.151954,-239.641521,3.070563,2.164279,-0.046551,6.333851,0.039161,0.012788
0.386200,2.504483,-421.221570,6.425004,7.153287,-16.032223,-239.605241,3.087276,2.006730,-0.101713,6.349997,0.039063,0.012840
0.386726,9.484928,-419.388217,6.466676,7.218179,-19.753797,-239.267998,3.134487,2.103629,-0.160925,6.365558,0.039430,0.013032
0.387252,15.627682,-417.626865,6.534043,7.124395,-22.073859,-239.108246,3.018910,2.181742,-0.208133,6.375242,0.039509,0.012547
0.387778,21.424446,-415.116134,6.484003,6.855394,-25.758574,-238.430647,3.133581,1.904046,-0.260956,6.390802,0.039348,0.013019
0.388304,27.066733,-412.104661,6.333880,7.211638,-28.078526,-238.330225,3.018873,2.043573,-0.307286,6.400458,0.038734,0.012533
0.388831,32.482390,-408.786222,6.537809,6.997116,-31.949285,-237.851538,3.145885,2.083429,-0.360468,6.416711,0.039748,0.013043
0.389357,37.879203,-405.554615,6.459999,6.880107,-33.902948,-237.732085,3.136140,2.043207,-0.404178,6.424840,0.039338,0.012985
0.389883,43.153172,-402.139966,6.453809,7.059171,-36.096725,-237.632115,3.095313,2.100256,-0.448933,6.433935,0.039415,0.012799
0.390409,47.939565,-398.044399,6.548730,6.910034,-38.530165,-236.842866,3.105692,2.127953,-0.492348,6.444455,0.039600,0.012854
0.390935,52.636729,-393.772750,6.669039,6.730722,-40.645897,-236.488446,3.078923,2.030780,-0.535318,6.453395,0.039727,0.012727
0.391461,57.112254,-389.611071,6.517804,6.808917,-42.286695,-236.276866,2.977893,2.027355,-0.575144,6.460281,0.039116,0.012303
0.391988,61.047580,-385.637011,6.606533,6.987667,-44.246632,-236.051350,3.147612,2.019325,-0.613342,6.468480,0.039925,0.012975
0.392514,65.338607,-381.378436,6.817255,6.738729,-46.066133,-236.052358,3.165652,2.099720,-0.654031,6.475915,0.040140,0.013027
0.393040,68.790224,-377.272909,6.682130,6.662204,-46.595897,-235.643079,3.189737,2.081962,-0.683642,6.478406,0.039621,0.013135
0.393566,72.301157,-372.934442,6.637650,6.495977,-48.596509,-235.475725,3.242052,1.983465,-0.721384,6.486704,0.038969,0.013310
0.394092,75.377661,-368.831755,6.770938,6.464220,-49.681623,-235.208095,3.352775,2.024468,-0.752303,6.491350,0.039347,0.013756
0.394618,78.944646,-365.013414,6.932520,6.543917,-50.645720,-234.637126,3.081672,2.067857,-0.782375,6.495771,0.039363,0.012680
0.395144,81.571876,-360.909170,6.773912,6.509847,-51.397666,-234.558216,3.028547,2.020216,-0.810915,6.498901,0.038757,0.012451
0.395671,84.247359,-357.020374,6.779722,6.329438,-52.310091,-234.378352,3.074607,2.008411,-0.839033,6.502773,0.038196,0.012628
0.396197,87.211561,-353.259223,6.882339,6.292613,-52.492877,-234.591768,3.226103,2.145799,-0.866640,6.503322,0.038534,0.013241
0.396723,89.580596,-349.653347,6.763406,6.381751,-52.769685,-234.166058,3.084909,2.282302,-0.889209,6.504834,0.038435,0.012710
0.397249,91.731954,-346.473048,6.886305,6.237575,-52.516352,-234.341185,3.087136,2.018437,-0.910018,6.503645,0.038016,0.012678
0.397775,94.202211,-343.166614,7.019769,6.030866,-52.403676,-234.471001,3.124726,2.102162,-0.932813,6.503069,0.037670,0.012835
0.398301,96.402564,-340.231290,7.096489,6.184774,-52.403676,-234.471001,3.124726,2.102162,-0.952909,6.503069,0.038158,0.012835
0.398828,98.901892,-337.504970,7.145489,6.195026,-53.010362,-234.019273,2.912540,2.164282,-0.972786,6.505947,0.037804,0.012005
0.399354,100.927214,-334.639850,7.155048,6.176680,-53.053816,-234.309481,3.498423,2.137930,-0.993314,6.505857,0.038047,0.014338
0.399880,102.362741,-332.345575,7.262480,6.194677,-52.459295,-234.470718,3.204158,2.089943,-1.007053,6.503295,0.038033,0.013152
0.400406,104.266399,-329.912281,7.133908,6.403600,-52.686919,-234.235786,3.388341,2.197336,-1.023358,6.504434,0.038589,0.013915
0.400932,105.734533,-328.115370,6.774502,6.434297,-52.422912,-234.576262,3.268509,2.137599,-1.036702,6.503052,0.037986,0.013412
0.401458,107.585068,-326.348262,6.999754,6.496093,-52.420672,-234.483042,3.165868,2.079523,-1.049611,6.503127,0.038180,0.012997
0.401985,109.162141,-324.339250,7.079733,6.243329,-51.676844,-234.621233,3.395417,2.019610,-1.061975,6.499980,0.037410,0.013920
0.402511,110.715497,-322.782020,7.016576,6.217430,-50.792735,-234.556556,3.149796,2.051277,-1.070829,6.496441,0.037096,0.012954
0.403037,112.492208,-322.237837,7.216375,6.374413,-50.458645,-234.840290,3.199930,1.888955,-1.078499,6.494831,0.037565,0.013129
0.403563,113.192670,-320.618928,7.003785,6.203829,-49.129356,-234.517594,2.891418,2.084754,-1.083098,6.489690,0.036926,0.011945
0.404089,115.077340,-320.140246,7.030094,6.379185,-48.450562,-235.244687,3.277472,2.134697,-1.091946,6.486303,0.037765,0.013485
0.404615,116.167565,-319.890409,7.189180,6.276585,-48.045157,-235.280852,3.328473,2.277662,-1.095028,6.484619,0.037660,0.013712
0.405141,117.161105,-319.872655,6.924774,6.488080,-46.704132,-235.306782,3.192299,2.082325,-1.094376,6.479121,0.037920,0.013161
0.405668,118.973200,-319.513740,7.003888,6.568702,-46.119012,-235.609880,3.175139,2.226767,-1.100591,6.476484,0.038324,0.013101
0.406194,119.943452,-319.940847,7.074640,6.482555,-45.213342,-235.790199,3.537279,2.271698,-1.099562,6.472638,0.038283,0.014579
0.406720,121.083702,-320.056724,7.047795,6.446848,-42.540735,-236.332187,3.423467,2.236440,-1.097843,6.461282,0.038333,0.014128
0.407246,122.344060,-320.481934,7.316553,6.261171,-42.295868,-236.110140,3.267961,2.169822,-1.097228,6.460441,0.037502,0.013505
0.407772,123.110514,-321.482275,7.057617,6.646734,-40.476615,-236.239670,3.202993,2.163452,-1.090424,6.452875,0.038810,0.013259
0.408298,124.134649,-322.375675,7.191072,6.268183,-38.702366,-236.387893,3.160440,2.029565,-1.084953,6.445469,0.037387,0.013092
0.408825,125.172314,-324.283443,7.010753,6.463097,-37.583025,-236.737342,3.388306,2.170972,-1.077290,6.440626,0.038131,0.014033
0.409351,125.804019,-325.984562,6.924342,6.537180,-35.937213,-237.724829,3.257699,2.355846,-1.071272,6.433221,0.038622,0.013477
0.409877,127.172236,-328.024139,7.238269,6.428346,-33.987406,-237.678467,3.234492,2.351568,-1.059853,6.425220,0.038532,0.013408
0.410403,127.168720,-329.893117,7.032279,6.461410,-32.625819,-237.417174,3.183405,2.083912,-1.046173,6.419750,0.038099,0.013213
0.410929,127.483323,-331.871740,6.949002,6.229435,-30.264576,-237.931121,3.154524,2.057504,-1.033684,6.409705,0.037347,0.013092
0.411455,128.163245,-334.411217,7.206468,6.287354,-28.528939,-238.315908,3.420024,2.142780,-1.020673,6.402329,0.038258,0.014188
0.411982,128.915927,-336.864924,7.054921,6.346883,-26.545849,-238.534868,3.382432,1.976079,-1.006820,6.394016,0.038074,0.014036
0.412508,129.213157,-339.766861,6.868714,6.309837,-24.487520,-238.471504,3.237104,2.095699,-0.988090,6.385512,0.037747,0.013462
0.413034,129.393438,-342.720513,6.843186,6.374847,-22.063447,-239.508145,3.249923,2.438061,-0.972619,6.375046,0.038584,0.013487
0.413560,129.397496,-346.122575,6.862445,6.405034,-20.062342,-239.396464,3.262962,2.389260,-0.950684,6.366794,0.038675,0.013560
0.414086,129.247161,-349.211100,7.103353,6.276718,-17.342266,-239.692114,2.908159,2.171374,-0.929145,6.355412,0.038416,0.012087
0.414612,129.221129,-352.832521,7.142048,6.331534,-15.588092,-239.814889,3.333637,2.144608,-0.908085,6.348095,0.038987,0.013854
0.415138,128.547868,-356.686935,6.888812,6.565472,-12.392206,-239.701170,3.171683,2.057725,-0.878005,6.334838,0.039176,0.013204
0.415665,128.207558,-360.248641,6.847939,6.545234,-10.475640,-239.682978,3.325114,2.028889,-0.855169,6.326864,0.039124,0.013851
0.416191,127.299996,-364.234439,6.877297,6.517201,-8.569294,-239.585568,3.194627,2.073598,-0.828441,6.318937,0.038987,0.013321
0.416717,126.401684,-367.842849,6.819218,6.626039,-4.367285,-239.709280,3.137123,2.008976,-0.795577,6.301402,0.039409,0.013084
0.417243,125.065038,-371.814958,6.746678,6.432112,-2.171827,-239.546791,3.195852,2.055591,-0.766013,6.292251,0.038858,0.013340
0.417769,123.858928,-375.757723,6.937271,6.548842,1.627382,-239.670861,3.046464,2.018174,-0.731813,6.276395,0.039702,0.012711
0.418295,122.020704,-379.920541,6.828950,6.669319,4.379561,-239.612451,3.238818,2.077736,-0.697750,6.264910,0.040017,0.013513
0.418822,120.411486,-383.676724,6.599234,6.669083,7.672273,-239.360779,3.165652,2.099720,-0.663170,6.251143,0.039299,0.013215
0.419348,117.812772,-387.784191,6.945563,6.557395,11.173650,-239.408297,2.928140,2.211703,-0.623172,6.236547,0.040133,0.012212
0.419874,115.205604,-391.572845,6.628600,6.762556,15.118510,-239.141800,2.856658,2.021745,-0.581005,6.220049,0.039321,0.011910
0.420400,112.938101,-395.346815,6.551449,7.006553,18.076845,-238.839700,3.066469,2.221866,-0.544903,6.207643,0.039698,0.012785
0.420926,109.616943,-398.678451,6.497696,6.766003,22.032654,-239.016522,3.201423,2.284336,-0.501738,6.191265,0.039647,0.013310
0.421452,106.134247,-402.098460,6.654867,6.740240,25.852245,-238.323394,3.219983,2.116658,-0.455774,6.175132,0.040191,0.013388
0.421979,102.306029,-404.876935,6.601532,6.976995,29.687596,-238.553927,3.101708,2.474695,-0.411664,6.159374,0.040287,0.012867
0.422505,98.677485,-407.685366,6.538419,7.189557,33.024512,-238.036106,3.469693,2.430733,-0.369243,6.145328,0.040826,0.014368
0.423031,94.500220,-410.024011,6.053332,7.160013,37.384572,-237.042194,3.073264,2.239018,-0.318913,6.126761,0.037670,0.012734
0.423557,90.115472,-411.834458,6.114051,7.085824,40.854435,-236.455094,3.288613,2.065103,-0.273827,6.112096,0.038291,0.013584
0.424083,85.357612,-413.074798,6.347869,7.073165,45.000513,-235.611056,3.508589,2.268546,-0.223608,6.094463,0.039901,0.014476
0.424609,80.790352,-414.301707,6.127668,6.978889,48.937543,-234.767401,3.078627,2.204070,-0.175592,6.077677,0.037689,0.012707
0.425135,76.269549,-414.862541,6.447968,6.964641,52.441347,-234.340541,3.097922,2.010333,-0.131237,6.063030,0.039295,0.012721
0.425662,71.181885,-415.041210,6.407692,7.078483,55.392571,-233.082067,3.632343,2.133525,-0.086557,6.049861,0.040329,0.014894
0.426188,66.347609,-414.638693,6.354832,6.854542,60.023165,-232.479724,3.165849,1.942575,-0.034705,6.030517,0.038952,0.012926
0.426714,61.564020,-413.978561,6.454713,6.803072,64.234103,-231.812557,3.014518,2.497875,0.014656,6.012872,0.039103,0.012391
0.427240,56.665521,-412.949816,6.224499,6.936686,67.171587,-231.334483,3.499732,2.658708,0.057784,6.000591,0.039259,0.014288
0.427766,51.818541,-411.585036,6.363877,6.897768,70.622527,-229.735618,2.845761,2.423925,0.103038,5.984946,0.038152,0.011699
0.428292,46.865524,-409.382410,6.214787,7.005756,72.829845,-229.947055,3.656647,2.868486,0.143703,5.976457,0.039813,0.014892
0.428819,42.566314,-407.513145,6.283980,7.177237,76.666527,-227.887449,3.107813,2.318118,0.187608,5.958657,0.038448,0.012631
0.429345,38.095374,-405.356505,6.394858,7.074389,79.687522,-227.191871,2.983936,2.528481,0.229341,5.945843,0.038704,0.012201
0.429871,33.739167,-403.043180,6.232182,6.948305,82.095836,-226.506047,3.104767,2.476650,0.267360,5.935468,0.038201,0.012612
0.430397,29.833055,-400.244360,6.374450,7.092251,84.055643,-224.977556,3.019499,2.193828,0.300032,5.925627,0.038627,0.012204
0.430923,25.606706,-397.299570,6.403914,6.853627,86.995575,-224.530897,2.702064,2.402511,0.341410,5.913540,0.038103,0.011067
0.431449,21.758239,-394.405206,6.446636,6.705708,88.529946,-223.907428,3.077981,2.619793,0.373268,5.906663,0.039055,0.012543
0.431976,17.972700,-392.108450,6.337177,6.917128,90.606375,-222.717593,2.825856,2.423884,0.405079,5.896812,0.037985,0.011530
0.432502,14.676543,-388.803441,6.576819,6.838793,91.415392,-221.731605,2.911324,1.994317,0.430574,5.892138,0.039055,0.011661
0.433028,11.469468,-386.211229,6.414653,6.676781,93.054860,-221.033549,2.654820,2.255231,0.458776,5.884709,0.037796,0.010835
0.433554,8.504469,-383.911380,6.451171,6.763368,94.856476,-220.680250,2.680945,2.449386,0.486591,5.877225,0.038079,0.011016
0.434080,5.185023,-380.625745,6.514124,6.672243,95.520921,-219.760136,2.848332,1.963239,0.511676,5.873161,0.038336,0.011380
0.434606,2.492714,-378.293656,6.427176,6.838346,96.973597,-219.879675,2.644276,2.337940,0.537781,5.867816,0.038079,0.010806
0.435132,-0.656021,-375.289857,6.626849,6.653311,97.018921,-219.548105,3.820307,2.301094,0.560151,5.867085,0.040700,0.015065
0.435659,-3.300742,-372.983112,6.510924,6.684584,97.512146,-220.007248,3.199612,3.081482,0.582684,5.865982,0.039774,0.013216
0.436185,-5.384331,-370.699783,6.437789,6.790967,99.298762,-218.520860,2.795025,2.204681,0.602555,5.856667,0.038210,0.011262
0.436711,-8.143811,-368.551280,6.661247,6.814512,99.858720,-218.529021,3.035917,2.299596,0.623964,5.854560,0.039365,0.012162
0.437237,-10.676269,-366.538339,6.724153,6.820373,100.211485,-218.604702,3.134940,2.464530,0.643231,5.853356,0.039806,0.012596
0.437763,-12.704954,-364.647346,6.759040,6.741377,100.309491,-218.017719,3.096739,2.143090,0.656648,5.851966,0.039444,0.012302
0.438289,-14.772603,-362.820335,6.683241,6.768339,100.433934,-218.435951,3.057341,2.431686,0.673469,5.852223,0.039458,0.012302
0.438816,-16.753856,-361.124378,6.702246,6.626774,100.213502,-218.506436,3.165489,2.400937,0.686904,5.853178,0.039404,0.012673
0.439342,-18.608929,-360.168407,6.566404,6.750863,100.433934,-218.435951,3.057341,2.431686,0.698609,5.852223,0.038982,0.012302
0.439868,-20.276698,-358.696716,6.729056,6.768991,100.433934,-218.435951,3.057341,2.431686,0.710625,5.852223,0.039488,0.012302
0.440394,-21.995805,-357.985415,6.659367,6.630557,100.192282,-218.245324,3.052632,2.187326,0.718487,5.852805,0.038673,0.012161
0.440920,-23.524115,-356.401604,6.419721,6.764428,100.051174,-218.298010,3.139118,2.242573,0.729936,5.853431,0.038514,0.012504
0.441446,-25.090083,-356.251524,6.605381,6.678546,99.809530,-218.521836,3.100641,2.158817,0.736585,5.854733,0.038578,0.012319
0.441973,-26.737229,-355.878042,6.634816,6.576637,97.920045,-219.021677,3.249965,2.392506,0.738784,5.862763,0.038969,0.013019
0.442499,-28.379198,-355.830475,6.710777,6.500686,97.724243,-219.356736,3.216327,2.302385,0.745924,5.864077,0.038725,0.012841
0.443025,-29.425512,-355.357266,6.408982,6.854083,96.316337,-219.312574,3.043653,2.234325,0.746063,5.869371,0.038584,0.012224
0.443551,-30.758108,-355.208352,6.617659,6.903155,95.224111,-220.123444,3.258971,2.218178,0.750545,5.874900,0.039620,0.013001
0.444077,-32.344531,-355.586375,6.537263,6.795301,94.077420,-220.375091,3.139118,2.242573,0.751817,5.879709,0.038935,0.012597
0.444603,-33.052292,-356.165520,6.642969,6.549561,93.763267,-220.942234,3.059133,2.266263,0.753323,5.881841,0.038498,0.012299
0.445129,-34.220485,-357.143692,6.669035,6.870482,92.018063,-221.483868,3.136204,2.203300,0.749441,5.889421,0.039385,0.012579
0.445656,-35.063289,-357.548262,6.694483,6.913095,91.051524,-222.027491,3.527723,2.030829,0.749463,5.894010,0.039981,0.013975
0.446182,-36.277636,-358.726898,6.625679,6.852437,89.148111,-223.560679,3.641545,2.673003,0.748037,5.903744,0.040491,0.014644
0.446708,-37.079881,-359.944998,6.683720,6.687138,87.321820,-224.093327,3.270260,2.795207,0.741431,5.911618,0.039920,0.013354
0.447234,-38.159424,-361.288302,6.778438,6.877345,84.798137,-225.036152,3.605936,2.722519,0.734154,5.922820,0.041154,0.014588
0.447760,-38.604441,-362.947680,6.704389,6.830379,83.941946,-225.008051,3.286426,2.484114,0.726372,5.926115,0.039995,0.013321
0.448286,-39.433074,-364.799628,6.408913,6.829087,81.981658,-225.311116,3.221782,2.436394,0.716235,5.934217,0.038970,0.013097
0.448813,-39.663185,-366.786486,6.564695,6.802593,79.439697,-226.568796,3.304355,2.613897,0.704154,5.945958,0.039807,0.013478
0.449339,-40.345961,-368.860920,6.623699,6.782260,77.953231,-227.168743,3.259026,2.528777,0.695664,5.952625,0.039675,0.013282
0.449865,-40.567301,-371.113439,6.589418,6.823917,75.904949,-227.509827,3.206174,2.375704,0.681453,5.961164,0.039414,0.013063
0.450391,-40.596881,-373.805252,6.778265,6.518603,72.766870,-228.653819,3.828186,2.400142,0.663050,5.975079,0.040603,0.015502
0.450917,-40.662715,-376.720127,6.533970,6.819713,71.111724,-228.975267,3.051485,2.243059,0.647672,5.982064,0.038862,0.012467
0.451443,-40.645472,-378.911757,6.601199,6.824107,68.295004,-229.762670,3.379753,2.270428,0.630847,5.994261,0.039734,0.013782
0.451970,-40.246920,-381.416714,6.477960,6.567288,65.347301,-231.582215,3.270121,2.856030,0.613899,6.008159,0.039416,0.013471
0.452496,-39.453083,-384.727172,6.336305,6.804984,62.521866,-231.371932,3.523502,2.569959,0.586819,6.019266,0.039407,0.014465
0.453022,-39.089475,-387.404795,6.458617,6.798531,59.172697,-233.597741,3.591534,3.031648,0.568509,6.035094,0.040576,0.014774
0.453548,-38.620988,-390.838442,6.504849,6.716157,57.125938,-232.982819,3.522262,2.540009,0.545220,6.042735,0.039754,0.014482
0.454074,-37.584062,-393.573162,6.639990,6.515707,53.366899,-234.092177,3.678827,2.618436,0.518290,6.059042,0.040608,0.015134
0.454600,-36.515875,-396.690348,6.411765,6.699085,51.302711,-234.797524,3.386339,2.459285,0.497027,6.068068,0.039229,0.013937
0.455126,-35.175859,-400.169628,6.397451,6.829464,47.564394,-235.382309,3.558250,2.573107,0.465329,6.083797,0.039676,0.014678
0.455653,-34.033815,-402.783807,6.359529,6.699549,42.484508,-236.122400,3.711355,2.756696,0.430416,6.105164,0.040039,0.015360
0.456179,-32.037460,-405.521974,6.380581,6.816450,39.255490,-237.749711,4.078498,3.130783,0.401819,6.119549,0.041482,0.016833
0.456705,-30.588674,-408.582251,6.522630,6.641921,35.592940,-238.120471,4.125631,3.034614,0.370335,6.134809,0.041916,0.017049
0.457231,-28.471907,-411.179161,6.425124,6.864858,31.002664,-238.664684,3.820456,3.085868,0.331991,6.154008,0.040995,0.015828
0.457757,-26.590695,-413.506886,6.493415,6.752569,26.991354,-238.683759,3.857450,2.792585,0.297403,6.170580,0.041192,0.016011
0.458283,-23.761977,-416.035396,6.090425,6.910253,23.026492,-239.703380,3.783391,2.655185,0.259366,6.187417,0.039387,0.015675
0.458810,-21.500937,-417.922426,6.282371,6.638546,17.871657,-240.171226,4.253937,2.892121,0.217984,6.208910,0.041587,0.017637
0.459336,-18.869050,-419.152154,6.159646,6.708280,13.285624,-240.324772,3.863269,2.839872,0.177907,6.227960,0.040019,0.016039
0.459862,-15.901860,-420.745160,6.114727,6.614087,9.846645,-240.028189,4.042056,2.816209,0.141527,6.242185,0.040140,0.016818
0.460388,-13.125831,-421.776937,6.160265,6.872127,5.160798,-240.565857,3.756673,2.808556,0.100573,6.261736,0.039628,0.015611
0.460914,-10.056880,-422.113438,6.374428,6.900441,1.055938,-240.398219,3.673061,2.881999,0.061079,6.278793,0.040413,0.015279
0.461440,-7.125164,-422.448798,6.200007,6.960944,-3.988237,-240.694409,3.939108,3.067349,0.017257,6.299754,0.040409,0.016362
0.461967,-3.903882,-422.238430,6.454959,6.756273,-8.839586,-240.799405,3.578715,2.876550,-0.027196,6.319878,0.040663,0.014848
0.462493,-1.048182,-421.819144,6.159545,6.812424,-12.928143,-240.267685,3.566391,3.235320,-0.065343,6.336941,0.039130,0.014818
0.463019,2.180314,-420.717358,6.335720,6.815092,-18.073029,-239.806371,3.658326,2.969293,-0.111488,6.358408,0.040197,0.015198
0.463545,5.016432,-419.293649,6.053404,6.951555,-22.555843,-239.200035,3.714922,2.945161,-0.151920,6.377204,0.039041,0.015437
0.464071,7.829285,-417.863871,6.297612,6.971095,-26.935625,-238.634501,3.541899,2.867911,-0.191590,6.395584,0.039639,0.014717
0.464597,10.414990,-415.524228,6.284485,6.755736,-31.066463,-238.470056,3.503743,2.731245,-0.230136,6.412730,0.039593,0.014522
0.465123,12.968184,-413.621416,6.054685,6.998535,-34.450517,-237.692123,3.835658,2.639233,-0.263276,6.427121,0.039455,0.015883
0.465650,15.015275,-411.149975,6.182415,6.919303,-39.004504,-237.245801,3.652033,2.855423,-0.301180,6.446133,0.039582,0.015112
0.466176,17.679152,-408.882177,6.356072,6.920364,-42.647055,-236.048086,3.889243,2.698352,-0.335820,6.461928,0.040692,0.016081
0.466702,19.636149,-406.141186,6.245814,6.768289,-46.697533,-235.870364,3.806746,3.562212,-0.371489,6.478637,0.040273,0.015795
0.467228,21.346034,-402.909931,6.340118,6.717546,-49.786572,-235.111116,3.944180,3.287564,-0.400952,6.491860,0.040980,0.016304
0.467754,23.351182,-400.274258,6.281051,6.659652,-52.834409,-235.012002,3.727868,3.357335,-0.431962,6.504324,0.040287,0.015406
0.468280,24.936701,-397.487796,6.214580,6.714526,-56.920864,-233.817034,3.839230,3.552956,-0.463756,6.521982,0.040241,0.015890
0.468807,26.597360,-394.606467,6.279376,6.572450,-59.395833,-233.650863,3.590766,3.337673,-0.490684,6.532120,0.039808,0.014833
0.469333,27.353123,-391.442254,6.443167,6.686311,-62.566067,-232.412632,3.729865,3.480105,-0.514608,6.546154,0.040875,0.015429
0.469859,28.543836,-388.724703,6.231072,6.555386,-64.712379,-231.820558,3.755613,3.469429,-0.536256,6.555404,0.040063,0.015521
0.470385,29.385927,-385.839419,6.572222,6.762753,-67.498262,-231.475323,3.682994,3.486939,-0.560491,6.566918,0.041455,0.015213
0.470911,30.802944,-383.248802,6.476036,6.382289,-70.088970,-230.216441,3.810052,3.386106,-0.582875,6.578718,0.040521,0.015691
0.471437,31.085826,-380.786671,6.568428,6.484406,-72.144242,-229.814507,3.918024,3.660332,-0.599749,6.587367,0.041470,0.016173
0.471964,32.027221,-378.511689,6.696505,6.377104,-74.657678,-229.085592,3.730313,3.488286,-0.620037,6.598226,0.041033,0.015388
0.472490,32.496591,-375.642441,6.463255,6.621060,-76.463758,-227.989973,3.651627,3.370980,-0.635745,6.606779,0.040466,0.015071
0.473016,32.787399,-373.764526,6.637281,6.414980,-78.430015,-228.122837,3.666807,3.867034,-0.652172,6.614332,0.041194,0.015290
0.473542,33.181004,-371.721569,6.668184,6.347811,-79.911803,-226.911959,3.220045,3.355512,-0.663033,6.621793,0.039842,0.013448
0.474068,33.172395,-369.620180,6.690195,6.426849,-81.931263,-226.103825,3.767776,3.763010,-0.675974,6.630830,0.041249,0.015665
0.474594,33.454073,-368.132117,6.512530,6.328002,-83.032033,-225.420981,3.750234,2.988621,-0.684563,6.636106,0.039697,0.015267
0.475120,33.657096,-366.829926,6.700002,6.317409,-84.536158,-225.849531,3.559563,3.292921,-0.697701,6.641345,0.040220,0.014629
0.475647,33.655271,-365.194735,6.733264,6.234610,-85.849987,-224.835005,3.779310,3.692573,-0.705319,6.647935,0.040822,0.015658
0.476173,33.533449,-364.095846,6.889005,6.163359,-86.763442,-224.242879,3.808746,3.760266,-0.710367,6.652363,0.041206,0.015814
0.476699,33.027894,-363.031474,6.940082,6.280864,-87.451793,-224.053231,3.528705,3.445232,-0.714222,6.655317,0.040913,0.014626
0.477225,32.872589,-362.169412,6.601533,6.233286,-88.874574,-223.907989,3.644146,3.940242,-0.721969,6.661038,0.040540,0.015300
0.477751,32.689610,-361.536079,6.704448,6.366164,-89.270164,-223.399731,3.680221,3.782964,-0.723284,6.663345,0.040933,0.015357
0.478277,32.590323,-361.024158,6.749866,6.398205,-90.128592,-224.052903,3.785230,3.586130,-0.730571,6.665643,0.041116,0.015562
0.478804,32.323547,-360.894134,6.784773,6.407518,-90.704233,-222.846108,3.712521,4.047313,-0.727929,6.669734,0.041456,0.015636
0.479330,31.810299,-360.532168,6.519551,6.398578,-90.917832,-223.308121,3.679862,3.818946,-0.729692,6.669832,0.040581,0.015346
0.479856,30.790797,-360.708456,6.671963,6.364043,-91.168859,-223.064625,3.707931,3.839702,-0.725056,6.671178,0.041030,0.015467
0.480382,30.409558,-360.925382,6.656474,6.294657,-91.001660,-222.981009,3.670437,3.940383,-0.721737,6.670667,0.040952,0.015405
0.480908,29.984382,-361.587891,6.668853,6.317423,-91.105044,-223.336129,3.748869,3.866993,-0.719318,6.670507,0.041057,0.015613
0.481434,28.845361,-362.522359,6.667345,6.454869,-91.691432,-222.985564,4.079147,3.973143,-0.712471,6.673309,0.041846,0.016856
0.481961,28.304332,-363.110761,6.599123,6.507961,-91.196900,-223.138893,3.784245,4.076266,-0.706668,6.671169,0.041498,0.015878
0.482487,27.249557,-364.455578,6.783262,6.417779,-91.002261,-223.030171,3.762649,3.617847,-0.696394,6.670592,0.041221,0.015536
0.483013,26.408792,-365.192393,6.564981,6.500231,-90.576155,-222.609862,3.927785,4.045477,-0.687100,6.669611,0.041493,0.016414
0.483539,25.385781,-366.875837,6.747429,6.552247,-90.229664,-223.652756,3.870093,3.467252,-0.679140,6.666651,0.041488,0.015824
0.484065,24.452178,-368.539225,6.646879,6.500774,-89.054917,-223.623538,3.767207,3.479502,-0.664452,6.662170,0.040960,0.015493
0.484591,23.181293,-370.375670,6.679074,6.318385,-88.367670,-223.586737,3.644247,3.493913,-0.649825,6.659571,0.040511,0.015075
0.485117,21.927496,-372.346756,6.713788,6.479916,-86.892657,-224.278790,3.685973,3.915713,-0.633789,6.652810,0.041514,0.015453
0.485644,20.505405,-374.687808,6.662500,6.261992,-86.254707,-224.618774,3.908837,3.753950,-0.618340,6.649827,0.041184,0.016164
0.486170,19.229734,-376.629444,6.504815,6.546200,-84.552568,-224.541095,3.651013,3.855006,-0.598803,6.643321,0.040752,0.015325
0.486696,17.904610,-378.855332,6.680635,6.473094,-83.500688,-225.756569,4.012470,3.509495,-0.585010,6.637451,0.041737,0.016432
0.487222,16.289681,-381.357438,6.484383,6.603051,-82.631077,-225.576958,3.729588,3.955545,-0.565759,6.634316,0.040878,0.015639
0.487748,14.381668,-383.717622,6.314337,6.666196,-80.912661,-226.494395,3.792664,3.642058,-0.544899,6.626295,0.040405,0.015699
0.488274,12.625840,-386.568464,6.424141,6.577932,-78.715454,-227.204199,3.692745,3.384554,-0.520451,6.616696,0.040324,0.015225
0.488801,10.478807,-389.251090,6.265535,6.785719,-76.793713,-227.300899,3.566510,3.377992,-0.494270,6.608996,0.039651,0.014787
0.489327,8.462637,-392.114458,6.330379,6.579266,-74.801162,-227.717106,3.724477,3.140913,-0.468817,6.600564,0.039796,0.015319
0.489853,6.003589,-395.052015,6.265298,6.695797,-72.862002,-228.980151,3.624799,3.377784,-0.443357,6.591257,0.039637,0.014993
0.490379,3.465875,-397.658857,6.235519,6.654908,-70.790132,-229.797149,3.719336,3.473347,-0.416486,6.582015,0.039778,0.015382
0.490905,1.315049,-400.723488,6.331488,6.464710,-68.290844,-230.495491,3.936491,3.525372,-0.388153,6.571224,0.040468,0.016243
0.491431,-1.414513,-403.414556,6.044795,6.716358,-64.814079,-231.422733,3.708776,3.451832,-0.353165,6.556257,0.038997,0.015357
0.491958,-4.363940,-405.876100,6.234188,6.764317,-62.399951,-232.380662,3.654598,3.467457,-0.322809,6.545522,0.039712,0.015138
0.492484,-6.937555,-408.822176,6.393619,6.591866,-59.857436,-233.745965,4.325968,3.450694,-0.293536,6.533877,0.042081,0.017727
0.493010,-10.033037,-411.026870,6.124154,6.803096,-57.112819,-234.362788,3.820831,3.564204,-0.260440,6.522220,0.039654,0.015782
0.493536,-13.466211,-413.276076,6.023744,6.864122,-52.682444,-234.671332,3.793864,3.138602,-0.216140,6.504019,0.039042,0.015654
0.494062,-17.114730,-415.388529,6.076953,6.897283,-49.154265,-235.196375,4.082961,2.942574,-0.175969,6.489212,0.040033,0.016821
0.494588,-20.155527,-416.809105,6.437804,6.758570,-45.527694,-236.273058,4.181186,3.145361,-0.139624,6.473543,0.042083,0.017241
0.495114,-23.481726,-418.266409,5.990303,6.700379,-42.243959,-237.009476,4.273908,3.212112,-0.103144,6.459570,0.040386,0.017634
0.495641,-27.235537,-419.695514,6.064298,6.899515,-38.098320,-238.090157,4.261333,3.255279,-0.059744,6.441857,0.040744,0.017581
0.496167,-31.006726,-420.481199,6.126369,6.712328,-34.376985,-238.613719,4.087442,3.426784,-0.018529,6.426270,0.040489,0.016904
0.496693,-34.921636,-420.956190,6.008507,6.727776,-29.901166,-238.556090,4.253488,3.314122,0.027518,6.407877,0.040345,0.017638
0.497219,-38.566128,-420.813705,6.020156,6.727404,-25.411140,-239.092927,4.248721,2.941905,0.072265,6.389069,0.040442,0.017619
0.497745,-42.289770,-420.615644,5.980115,6.915898,-21.372344,-239.438423,4.104235,3.287644,0.114944,6.372210,0.039799,0.017049
0.498271,-45.566671,-419.667343,6.220266,6.526238,-17.016727,-239.869615,4.462927,3.028901,0.157474,6.354008,0.041992,0.018534
0.498798,-49.302012,-418.774044,6.243812,6.654859,-12.594813,-240.047689,4.407133,3.240115,0.202565,6.335605,0.041834,0.018323
0.499324,-52.815481,-417.563769,5.919109,6.526723,-8.603690,-240.595202,3.713847,3.289007,0.244817,6.318930,0.038414,0.015424
0.499850,-55.748206,-415.512118,6.187294,6.604438,-4.703563,-240.475115,4.174207,3.248529,0.283753,6.302742,0.040891,0.017354
0.500376,-58.809736,-413.237308,6.110271,6.649185,-0.191322,-240.365656,4.096243,3.082202,0.326919,6.283981,0.040284,0.017042
0.500902,-61.247269,-410.840518,6.000178,6.409905,4.064448,-239.847686,4.120834,2.845304,0.364855,6.266241,0.039585,0.017177
0.501428,-63.925467,-408.551641,6.186836,6.430144,7.851767,-240.306117,4.040780,3.214585,0.403244,6.250523,0.040231,0.016803
0.501955,-66.070655,-405.346248,6.209705,6.654721,10.980654,-240.305846,4.501964,3.217840,0.436789,6.237523,0.041841,0.018705
0.502481,-68.380669,-402.241250,6.368482,6.436260,15.671631,-239.643000,4.068216,2.774528,0.477102,6.217883,0.040673,0.016921
0.503007,-69.945927,-399.438505,6.304446,6.257408,18.601993,-239.542630,4.417434,2.982856,0.505744,6.205685,0.041172,0.018356
0.503533,-71.795962,-395.954829,6.111303,6.372309,21.994445,-239.185633,4.202528,2.907688,0.539147,6.191488,0.040017,0.017458
0.504059,-73.176293,-393.153825,6.310681,6.633703,25.614799,-238.786048,3.890613,2.904409,0.569294,6.176323,0.040181,0.016160
0.504585,-73.724029,-389.872283,6.279874,6.563128,28.821741,-238.847707,3.784564,3.116624,0.596493,6.163096,0.040050,0.015695
0.505111,-75.184785,-386.556719,6.435216,6.223019,31.725659,-238.427169,4.190174,3.020454,0.625165,6.150900,0.040656,0.017348
0.505638,-75.645216,-383.652246,6.224015,6.677103,35.614774,-237.877191,3.932096,3.043161,0.651915,6.134570,0.040097,0.016276
0.506164,-76.392368,-380.746301,6.458280,6.422605,38.190903,-237.384858,3.991124,2.814163,0.674290,6.123670,0.040165,0.016494
0.506690,-77.097126,-377.325195,6.403680,6.568512,41.226755,-237.482004,3.940539,3.228474,0.702236,6.111299,0.040594,0.016270
0.507216,-77.157354,-374.751395,6.333027,6.537429,43.410555,-236.542409,4.246614,3.183085,0.717332,6.101684,0.040752,0.017531
0.507742,-77.381778,-371.366500,6.216109,6.478897,46.534946,-236.021680,3.698845,2.992169,0.741347,6.088518,0.039178,0.015276
0.508268,-76.849691,-369.011266,6.647631,6.512232,48.949959,-236.081581,3.813857,3.228695,0.757847,6.078739,0.040869,0.015726
0.508795,-76.978272,-366.757617,6.325985,6.357445,50.780545,-234.890068,3.615454,2.941036,0.769574,6.070273,0.038949,0.014931
0.509321,-76.216840,-364.331937,6.594003,6.346193,54.163018,-234.336146,4.063962,2.960619,0.786873,6.056040,0.040098,0.016695
0.509847,-75.946673,-361.902744,6.607429,6.313580,56.431343,-234.055231,3.760120,3.122341,0.802806,6.046598,0.039767,0.015484
0.510373,-75.467413,-360.056069,6.303228,6.292290,58.492777,-233.700130,3.715427,2.972599,0.814601,6.037934,0.038717,0.015258
0.510899,-74.632239,-358.025532,6.498577,6.417880,60.730868,-233.066186,3.729356,2.887580,0.825342,6.028280,0.039357,0.015286
0.511425,-73.979776,-356.498787,6.480038,6.309291,62.239825,-232.269863,3.740130,3.021643,0.831404,6.021373,0.039165,0.015372
0.511952,-72.804648,-354.964104,6.441948,6.405263,64.668153,-231.541848,3.805220,2.788174,0.839201,6.010832,0.039034,0.015561
0.512478,-71.852586,-353.387704,6.510582,6.509083,66.581650,-231.724614,3.678390,2.969306,0.849789,6.003392,0.039594,0.015053
0.513004,-70.762312,-352.480302,6.539532,6.596276,68.189607,-230.739419,3.758510,2.842613,0.851323,5.995838,0.039738,0.015350
0.513530,-69.584265,-351.390089,6.189340,6.643620,69.415291,-230.108146,4.127150,2.954050,0.853364,5.990203,0.039811,0.016819
0.514056,-68.430654,-351.001788,6.482665,6.356626,70.903595,-229.997500,4.002787,3.217314,0.855690,5.984150,0.039780,0.016374
0.514582,-67.076809,-350.697743,6.191708,6.539062,72.412933,-229.420041,3.658601,3.055154,0.855125,5.977447,0.038988,0.014998
0.515108,-65.454254,-349.963975,6.216977,6.418563,72.891366,-228.551540,3.769900,2.980804,0.850494,5.974456,0.038909,0.015441
0.515635,-64.253137,-349.834723,6.453713,6.565610,74.689184,-228.256310,3.784564,3.116624,0.851951,5.966950,0.039871,0.015511
0.516161,-62.664619,-350.115412,6.397131,6.451199,76.772627,-227.229402,3.445041,2.803819,0.848409,5.957363,0.038396,0.014113
0.516687,-60.909367,-350.613837,6.457560,6.352067,76.862137,-227.694955,4.070572,3.068097,0.842311,5.957630,0.039627,0.016560
0.517213,-59.168433,-350.957039,6.197603,6.514753,78.378080,-226.748693,3.900331,2.713088,0.836311,5.950382,0.038729,0.015803
0.517739,-57.451978,-351.296327,6.280416,6.481695,78.797500,-227.344187,3.883346,3.043009,0.832624,5.949543,0.039429,0.015802
0.518265,-55.797863,-352.272451,6.441272,6.400640,79.419543,-227.086041,4.014433,3.136829,0.823900,5.946748,0.039859,0.016329
0.518792,-53.879259,-353.274512,6.435882,6.530434,80.366980,-226.942096,3.880899,2.951338,0.815759,5.942836,0.039776,0.015737
0.519318,-51.556741,-354.445616,6.262210,6.420602,80.668205,-226.588286,3.722127,2.911450,0.802190,5.941164,0.038951,0.015134
0.519844,-49.651153,-356.026049,6.247811,6.390235,81.509312,-226.446926,4.039117,2.869784,0.791463,5.937675,0.039176,0.016299
0.520370,-47.435958,-357.839346,6.274423,6.340220,81.682275,-226.691465,4.192350,3.113683,0.777600,5.937343,0.039733,0.016944
0.520896,-45.081210,-359.900691,6.244511,6.258716,82.291788,-226.406705,4.091556,3.216098,0.761938,5.934562,0.039371,0.016602
0.521422,-42.731018,-361.823819,6.266471,6.528700,81.987497,-226.224680,4.292899,3.385866,0.743625,5.935492,0.040634,0.017445
0.521949,-39.844153,-363.838022,6.348980,6.462212,81.923773,-226.438166,4.253777,3.280572,0.725155,5.936043,0.040694,0.017246
0.522475,-37.298812,-366.311164,6.258063,6.500633,81.975249,-226.156082,4.233280,3.129852,0.705083,5.935443,0.040287,0.017128
0.523001,-34.544864,-368.737309,5.966416,6.699725,82.147225,-226.352905,4.262733,3.247959,0.686553,5.935050,0.040079,0.017265
0.523527,-31.567132,-371.468123,6.290710,6.380797,82.057503,-226.667894,4.144693,3.053708,0.665341,5.935846,0.039996,0.016732
0.524053,-28.785623,-373.903778,6.429255,6.427107,81.531569,-226.700984,4.103163,3.079187,0.643132,5.937945,0.040505,0.016600
0.524579,-25.380091,-377.009169,6.289518,6.619280,81.039063,-226.911485,3.750877,2.979402,0.616740,5.940164,0.039684,0.015239
0.525105,-22.393290,-379.474048,6.135059,6.393992,80.680136,-226.943777,3.865632,2.914255,0.594270,5.941613,0.039012,0.015656
0.525632,-18.950765,-382.581808,6.295470,6.652006,79.470392,-227.118903,4.003151,2.722619,0.564392,5.946594,0.040128,0.016142
0.526158,-15.075671,-385.325003,6.365503,6.385168,78.321989,-227.908141,4.093082,2.998105,0.535489,5.952173,0.040634,0.016563
0.526684,-11.888380,-388.571462,5.986060,6.347890,76.945798,-227.777578,3.813183,3.014169,0.504739,5.957410,0.038547,0.015553
0.527210,-7.586530,-391.459049,5.957965,6.364401,76.125036,-227.987802,4.231233,2.898575,0.473271,5.960925,0.039440,0.017129
0.527736,-3.467271,-394.621815,5.929350,6.487731,74.734774,-228.605067,3.896272,3.104478,0.440220,5.967221,0.038759,0.015912
0.528262,0.436932,-397.582824,5.865384,6.515045,73.101463,-229.102579,3.883273,2.876374,0.407190,5.974319,0.038413,0.015808
0.528789,4.698310,-400.096540,5.920531,6.522482,71.528917,-229.208841,3.831580,2.709978,0.372792,5.980693,0.038441,0.015600
0.529315,9.733691,-402.883910,6.192898,6.487863,69.801055,-230.319413,3.949409,3.020201,0.334969,5.988922,0.040088,0.016121
0.529841,14.232279,-405.528256,6.041776,6.552002,67.435494,-230.443629,3.700320,2.933959,0.295005,5.998501,0.038761,0.015184
0.530367,19.441692,-408.258373,5.876250,6.592033,65.238221,-231.586596,3.823006,3.166217,0.253636,6.008600,0.038517,0.015705
0.530893,24.391292,-410.216470,6.183987,6.596595,63.098526,-231.537750,3.798975,3.194440,0.213334,6.017127,0.039715,0.015669
0.531419,29.692116,-412.302205,5.860661,6.422340,60.506036,-232.518211,4.209928,3.037029,0.169745,6.028611,0.039543,0.017254
0.531946,35.145342,-414.066530,5.980798,6.675617,57.905394,-232.893830,4.099902,3.133218,0.124972,6.039492,0.039722,0.016876
0.532472,40.493586,-415.550859,6.039887,6.823691,55.273725,-233.752883,3.645688,3.023838,0.081121,6.050988,0.038694,0.015052
0.532998,45.900532,-416.800695,5.707476,6.811998,52.093614,-234.653380,4.039411,2.960615,0.033987,6.064726,0.038369,0.016622
0.533524,51.898192,-417.392994,5.750237,6.701447,49.733027,-234.411451,3.638563,2.825046,-0.011832,6.074124,0.037186,0.015054
0.534050,57.772202,-417.762541,5.773793,6.930249,46.013393,-235.737958,4.105898,3.112998,-0.064510,6.090420,0.038854,0.016961
0.534576,63.050894,-417.549935,6.092093,6.649516,43.048205,-236.531704,3.779584,3.216776,-0.110054,6.103158,0.039380,0.015651
0.535102,68.941637,-417.084823,5.943512,6.920404,39.596412,-237.304099,3.520749,3.035125,-0.161801,6.117849,0.038020,0.014583
0.535629,74.041186,-415.879409,6.336839,6.711551,36.035244,-237.300510,3.966475,2.881121,-0.209696,6.132482,0.040906,0.016437
0.536155,79.681381,-414.284069,6.204463,6.755264,32.899225,-237.986317,3.709508,3.048277,-0.259381,6.145816,0.039698,0.015393
0.536681,84.696086,-412.023460,5.957139,6.726046,29.561188,-238.467927,3.625831,3.030373,-0.307596,6.159852,0.038504,0.015055
0.537207,89.673166,-409.843755,6.246495,6.561997,26.579636,-239.176600,3.521284,3.078748,-0.354105,6.172510,0.039460,0.014611
0.537733,94.345929,-406.678521,6.016323,6.831589,23.150016,-239.191026,3.693527,3.328744,-0.401940,6.186701,0.039259,0.015357
0.538259,98.779091,-403.855781,6.217071,6.716631,20.440817,-239.974497,3.526565,3.194039,-0.445908,6.198211,0.039652,0.014633
0.538786,102.757929,-400.660293,6.289978,6.366928,16.909240,-239.614345,3.797723,3.464584,-0.489752,6.212734,0.040141,0.015803
0.539312,106.497334,-396.740926,6.138425,6.700983,13.614163,-240.174812,3.610923,3.310389,-0.535443,6.226562,0.039634,0.015007
0.539838,110.193663,-392.783678,6.251445,6.439529,10.782832,-240.380075,3.759777,3.074206,-0.577981,6.238358,0.039832,0.015620
0.540364,113.494168,-388.981972,6.399338,6.375983,8.346212,-240.278104,3.356843,3.188332,-0.615473,6.248464,0.039500,0.013961
0.540890,116.350692,-384.925233,6.284980,6.254830,5.184571,-240.665967,3.725888,3.220317,-0.656555,6.261646,0.039570,0.015477
0.541416,119.255004,-380.793482,6.237029,6.331353,2.758023,-240.312756,3.696063,3.223811,-0.692338,6.271709,0.039404,0.015379
0.541943,121.902816,-376.656486,6.303238,6.305588,0.920437,-240.035591,3.451818,3.473383,-0.724765,6.279351,0.039411,0.014380
0.542469,124.039808,-372.340516,6.314895,6.340615,-1.736007,-239.854842,3.974138,3.679165,-0.759423,6.290423,0.040506,0.016568
0.542995,126.323875,-368.375881,6.613970,6.202974,-4.035367,-239.566239,4.018751,3.706960,-0.791377,6.300028,0.040838,0.016772
0.543521,127.934002,-364.086236,6.525988,6.192265,-6.221484,-239.573765,3.981333,3.200528,-0.822660,6.309148,0.039830,0.016611
0.544047,129.683321,-360.138387,6.618866,6.093267,-8.100425,-239.582862,3.782864,3.426668,-0.851988,6.316983,0.039720,0.015779
0.544573,131.557879,-356.234763,6.613709,6.245123,-9.986750,-239.521820,3.857441,3.741739,-0.881254,6.324856,0.040526,0.016090
0.545099,132.115599,-353.087805,6.827069,6.163215,-12.389266,-239.305281,4.105705,3.611702,-0.903788,6.334911,0.040610,0.017129
0.545626,133.601792,-349.076681,6.855524,6.091440,-13.544197,-239.086148,3.875789,3.777036,-0.928902,6.339775,0.040438,0.016184
0.546152,134.380003,-345.587188,6.952075,6.133234,-15.767873,-239.027672,3.884517,3.714598,-0.953592,6.349057,0.040439,0.016213
0.546678,135.446409,-342.556689,6.835800,6.225812,-16.968284,-239.248521,3.749321,3.347435,-0.975119,6.353990,0.039677,0.015624
0.547204,135.799645,-339.071099,6.931152,6.051800,-18.853251,-238.743307,3.973109,3.493471,-0.995315,6.361990,0.039593,0.016578
0.547730,136.313780,-336.578330,6.822161,6.090839,-19.711575,-239.485101,3.677362,3.650248,-1.014147,6.365308,0.039658,0.015303
0.548256,137.203802,-333.672139,6.788028,6.064556,-21.351093,-238.373985,3.787394,3.596335,-1.029611,6.372517,0.039188,0.015819
0.548783,137.466280,-331.023535,7.030442,6.085046,-22.295227,-238.721850,3.732055,3.682484,-1.046900,6.376309,0.039747,0.015564
0.549309,137.374161,-328.624260,7.037965,6.150596,-23.138557,-238.522665,3.610338,3.893148,-1.059291,6.379891,0.040393,0.015077
0.549835,137.603742,-327.021433,7.042841,6.085206,-24.408839,-239.469783,3.793090,3.487209,-1.075353,6.384763,0.039359,0.015745
0.550361,137.738448,-324.884593,6.974237,6.034021,-24.854868,-238.807418,3.750115,2.979404,-1.083905,6.386891,0.038088,0.015588
0.550887,137.754562,-323.282865,7.024777,5.836856,-26.185356,-239.339959,3.766241,3.814719,-1.097567,6.392158,0.039046,0.015645
0.551413,137.521698,-321.604514,7.085133,5.940213,-27.167383,-239.320149,3.775107,3.471624,-1.107441,6.396220,0.038698,0.015658
0.551940,137.547322,-320.599230,7.003164,6.150406,-27.295246,-239.462640,3.689664,3.537740,-1.113403,6.396681,0.039529,0.015301
0.552466,137.185307,-319.581843,7.177063,6.029787,-28.529728,-238.933910,3.994123,3.883779,-1.117872,6.402027,0.040061,0.016592
0.552992,137.193833,-318.833613,7.081384,6.033878,-29.313922,-238.658999,3.791558,4.019745,-1.122052,6.405401,0.040063,0.015783
0.553518,136.871726,-318.172681,7.146977,5.985518,-30.151491,-238.503835,3.993003,4.057136,-1.125723,6.408938,0.040083,0.016614
0.554044,136.422598,-317.937086,6.823781,6.228650,-30.788482,-238.437345,3.666487,4.073413,-1.126985,6.411601,0.040505,0.015280
0.554570,135.831344,-317.796166,6.875999,6.202149,-31.324632,-238.222008,3.709625,4.007839,-1.126494,6.413929,0.040325,0.015461
0.555096,135.468618,-317.795900,6.987823,6.157914,-31.095540,-238.433029,3.627751,3.961303,-1.126149,6.412870,0.040254,0.015111
0.555623,135.110105,-317.856571,7.138322,6.182091,-31.955283,-238.183887,3.940443,3.911263,-1.125803,6.416551,0.040401,0.016395
0.556149,134.198821,-318.431223,6.836661,6.282776,-32.487760,-238.339120,3.905852,4.000014,-1.122874,6.418659,0.040717,0.016245
0.556675,133.797157,-318.926536,6.935183,5.985738,-32.328827,-238.403769,3.900051,3.968149,-1.119456,6.417969,0.039734,0.016216
0.557201,133.143131,-320.372283,7.051696,6.321393,-32.497487,-238.511365,3.674756,3.725366,-1.111793,6.418603,0.040387,0.015270
0.557727,131.860619,-321.382815,6.850931,6.065440,-32.637750,-238.712919,3.693377,3.809820,-1.105105,6.419067,0.039608,0.015338
0.558253,131.177487,-323.179228,7.053964,6.223607,-33.060254,-238.191719,3.779211,4.181302,-1.093273,6.421101,0.041137,0.015749
0.558780,129.991587,-324.746763,6.901523,6.077268,-32.863591,-238.187273,3.969779,4.161292,-1.082258,6.420293,0.040671,0.016525
0.559306,129.302267,-326.704766,6.993912,6.183136,-32.741609,-238.246313,4.018728,4.116339,-1.071113,6.419757,0.041054,0.016719
0.559832,128.038739,-328.505787,6.883730,6.283274,-32.555189,-238.102126,3.966485,4.117570,-1.058078,6.419071,0.041340,0.016517
0.560358,126.900026,-331.016335,6.833314,6.166773,-32.493152,-237.924592,3.952499,4.070750,-1.042196,6.418915,0.040744,0.016469
0.560884,125.663290,-333.958430,6.984701,6.339989,-32.006640,-238.005770,3.972535,4.006305,-1.024102,6.416862,0.041438,0.016545
0.561410,123.918724,-336.791658,6.913663,6.223143,-31.754805,-237.742090,3.975367,4.065443,-1.004138,6.415968,0.041154,0.016581
0.561937,122.792730,-339.342128,6.656676,6.278503,-30.845735,-237.964658,3.630808,3.911310,-0.987532,6.412090,0.040494,0.015151
0.562463,121.508261,-342.733308,6.886045,6.070088,-30.658021,-238.213425,3.625297,4.139151,-0.968931,6.411182,0.040569,0.015131
0.562989,119.720647,-345.559817,6.935802,6.237696,-29.740445,-238.054478,3.988865,3.996730,-0.947243,6.407473,0.041365,0.016627
0.563515,117.809467,-349.653452,6.816838,6.225372,-28.781608,-238.209749,3.685528,3.721258,-0.920777,6.403427,0.040395,0.015362
0.564041,115.778138,-353.099319,6.712908,6.352350,-28.252244,-238.764316,3.904887,3.740705,-0.899832,6.400965,0.040930,0.016232
0.564567,113.919369,-356.889434,6.677725,6.236942,-27.237539,-238.439777,3.717472,3.617931,-0.872644,6.396925,0.040115,0.015485
0.565093,111.687913,-360.756259,6.575660,6.235273,-25.936090,-238.717190,3.886892,3.349816,-0.845346,6.391409,0.039850,0.016163
0.565620,109.009720,-364.807250,6.580870,6.261835,-24.847933,-238.461721,3.811364,3.431900,-0.814260,6.387012,0.040002,0.015881
0.566146,106.329208,-368.974732,6.641966,6.153152,-22.813190,-239.088933,3.600779,3.622721,-0.782528,6.378314,0.040139,0.014993
0.566672,103.697075,-373.022378,6.642241,6.262745,-21.277880,-239.199639,3.543731,3.421986,-0.751223,6.371906,0.040133,0.014753
0.567198,100.649527,-377.158705,6.499887,6.309826,-20.616750,-239.155460,3.616322,3.391878,-0.720933,6.369179,0.039844,0.015059
0.567724,97.154970,-381.458586,6.401019,6.217366,-18.727361,-239.510267,3.674598,3.375100,-0.684643,6.361217,0.039618,0.015288
0.568250,93.801811,-385.515048,6.305553,6.439842,-16.647206,-239.333136,3.740759,3.140706,-0.647049,6.352630,0.039688,0.015581
0.568777,90.123388,-389.870593,6.306534,6.586455,-14.445365,-239.461942,3.603705,3.277737,-0.607518,6.343437,0.039818,0.015017
0.569303,85.964646,-393.645599,6.230712,6.467453,-12.669111,-239.825357,3.717159,3.570928,-0.570183,6.335963,0.039918,0.015476
0.569829,81.892626,-397.759923,6.350602,6.416563,-10.585400,-239.841247,3.673179,3.310312,-0.529768,6.327292,0.039927,0.015297
0.570355,77.141190,-401.505494,6.280058,6.499545,-8.017553,-239.863173,3.612716,3.503577,-0.484884,6.316598,0.039821,0.015053
0.570881,71.835574,-405.262265,6.272913,6.513194,-5.516614,-240.201672,3.208670,3.568622,-0.438237,6.306148,0.039037,0.013356
0.571407,67.084253,-408.388298,6.201916,6.383522,-2.361275,-240.007546,3.656248,3.509291,-0.391177,6.293023,0.039595,0.015233
0.571934,61.683375,-411.422805,6.306432,6.565904,-0.811750,-240.438445,3.836305,3.599044,-0.350418,6.286561,0.040617,0.015955
0.572460,55.969143,-414.381599,6.076233,6.732282,2.223909,-240.529786,4.104854,3.300812,-0.299824,6.273940,0.040377,0.017065
0.572986,50.505041,-416.762304,6.053710,6.673773,5.812364,-240.168526,3.602251,3.400602,-0.247877,6.258989,0.038823,0.014994
0.573512,44.524819,-418.584925,5.993282,6.796117,9.021146,-240.155369,3.749638,3.377516,-0.196413,6.245639,0.038972,0.015600
0.574038,38.643635,-420.261187,5.986759,6.654633,11.559123,-240.194227,3.749663,3.374132,-0.149294,6.235098,0.038843,0.015589
0.574564,31.965892,-420.904925,5.710353,6.709032,14.526129,-239.877995,4.085122,3.209331,-0.096042,6.222703,0.038628,0.016987
0.575090,26.110941,-421.718110,5.683862,6.752986,17.617241,-239.829878,3.749511,3.352967,-0.046663,6.209860,0.037405,0.015584
0.575617,19.985384,-421.321132,6.143326,6.450134,20.627571,-239.353245,4.128747,3.260165,0.003529,6.197217,0.040676,0.017162
0.576143,13.315028,-421.054184,6.137810,6.583124,23.596334,-239.395419,3.665151,3.503767,0.056536,6.184936,0.039296,0.015230
0.576669,7.298261,-420.249089,5.948941,6.636457,26.698250,-238.785637,4.103828,3.073581,0.106504,6.171839,0.039607,0.017033
0.577195,1.411263,-418.916381,5.808111,6.695927,29.555830,-238.295657,3.822550,3.149287,0.154578,6.159785,0.038096,0.015880
0.577721,-4.701975,-416.905176,5.876165,6.402231,32.261032,-238.198111,4.052007,3.123262,0.203960,6.148567,0.039110,0.016795
0.578247,-10.214054,-414.739327,6.181709,6.451408,34.367094,-237.824616,4.178887,3.109912,0.246853,6.139673,0.040802,0.017311
0.578774,-15.884169,-411.967792,6.098151,6.377193,36.614596,-237.681016,4.175502,3.393780,0.292576,6.130338,0.040528,0.017294
0.579300,-21.136712,-409.125698,5.866753,6.552213,39.753108,-236.288060,3.795386,2.849430,0.338718,6.116506,0.038226,0.015745
0.579826,-26.330066,-406.224821,6.097118,6.440543,41.768838,-236.730463,3.614000,3.065345,0.382037,6.108542,0.038837,0.014970
0.580352,-31.119857,-402.999695,6.157903,6.501516,44.163166,-236.074102,4.199636,2.872231,0.423683,6.098250,0.040391,0.017328
0.580878,-35.973013,-399.549391,6.273666,6.321852,45.931368,-235.860515,4.272891,2.903089,0.463941,6.090853,0.040800,0.017606
0.581404,-40.853720,-396.000505,6.434835,6.209303,47.420776,-235.648135,3.807267,3.027563,0.503229,6.084602,0.040146,0.015725
0.581930,-44.846694,-392.355090,6.365408,6.181306,48.774347,-235.570008,3.863200,3.150492,0.538306,6.079022,0.040063,0.015948
0.582457,-48.975310,-388.987763,6.359753,6.394448,50.360961,-234.407871,4.135368,3.031154,0.571170,6.071559,0.040495,0.017071
0.582983,-53.032243,-385.742822,6.305904,6.216065,51.885648,-234.618914,3.894194,3.200585,0.606857,6.065540,0.039558,0.016083
0.583509,-56.842671,-381.974953,6.295320,6.313807,52.805327,-233.828431,4.003527,2.520493,0.637156,6.061082,0.039244,0.016455
0.584035,-59.775065,-378.029540,6.281149,6.293988,54.032171,-234.158802,4.136146,2.946676,0.669252,6.056405,0.039828,0.016996
0.584561,-63.101333,-375.089070,6.342229,6.167256,54.698203,-233.904663,4.130208,2.788255,0.695348,6.053465,0.039433,0.016949
0.585087,-65.966631,-370.745655,6.057825,6.466338,55.455502,-233.962740,4.150992,2.863626,0.725978,6.050453,0.039503,0.017021
0.585614,-69.441404,-368.255097,6.139914,6.138297,56.786941,-233.836570,3.938715,3.100538,0.753986,6.044948,0.038515,0.016194
0.586140,-71.775500,-364.317072,6.149692,6.350305,56.892016,-234.076831,3.882866,3.068781,0.779324,6.044760,0.039137,0.015949
0.586666,-74.950773,-361.177333,6.146627,6.537978,56.712074,-233.925726,3.955616,3.055315,0.802434,6.045338,0.039658,0.016249
0.587192,-77.096448,-358.573729,6.493674,6.277218,57.593460,-233.368989,4.209503,3.037588,0.821878,6.041229,0.039904,0.017270
0.587718,-79.662201,-355.946225,6.152147,6.170698,58.192825,-233.731051,4.525804,3.105226,0.845463,6.039173,0.039288,0.018497
0.588244,-81.702905,-353.517862,6.368789,6.358562,58.204314,-233.555190,4.521551,3.199848,0.861996,6.038950,0.040259,0.018509
0.588771,-83.944733,-350.665340,6.476864,6.259547,57.931431,-233.924623,4.194642,3.282577,0.882286,6.040420,0.039932,0.017210
0.589297,-86.034988,-348.370773,6.315699,6.404284,57.795270,-233.652620,4.282880,3.287312,0.897524,6.040697,0.040058,0.017582
0.589823,-87.673589,-346.554322,6.322482,6.193542,57.888808,-233.748819,4.263065,3.199766,0.911509,6.040416,0.039226,0.017478
0.590349,-89.398888,-344.389031,6.215878,6.317471,57.838309,-233.790788,4.285209,3.166642,0.926555,6.040661,0.039341,0.017558
0.590875,-90.778474,-342.997343,6.416868,6.408313,57.553464,-233.513783,4.220060,2.991764,0.934956,6.041534,0.039555,0.017295
0.591401,-92.585214,-341.490693,6.510586,6.252002,57.302746,-233.725828,4.055719,3.251552,0.947452,6.042757,0.039357,0.016682
0.591927,-94.172329,-339.872618,6.411255,6.229438,57.322886,-234.016955,4.240996,3.240849,0.960917,6.042963,0.039212,0.017394
0.592454,-95.333343,-338.743035,6.478597,6.384193,56.764535,-234.224417,3.871042,3.239777,0.968726,6.045419,0.039479,0.015928
0.592980,-96.587426,-338.164063,6.440221,6.434747,55.211384,-234.133490,3.708336,3.022038,0.969992,6.051604,0.039199,0.015279
0.593506,-97.929447,-337.315453,6.370853,6.213633,54.926550,-234.052320,3.843464,3.147272,0.976663,6.052680,0.038584,0.015849
0.594032,-98.905568,-336.964116,6.683598,6.225664,54.228021,-234.392040,4.116696,3.116131,0.980613,6.055829,0.039328,0.016925
0.594558,-100.379818,-336.504680,6.351028,6.377213,53.948711,-234.137028,4.148605,3.170818,0.985121,6.056723,0.039240,0.017084
0.595084,-101.504402,-336.457545,6.272201,6.466961,52.768254,-234.539051,3.784564,3.116624,0.986979,6.061883,0.039068,0.015620
0.595611,-102.102875,-336.889418,6.391344,6.520015,52.219288,-234.140976,4.006336,2.863482,0.983391,6.063752,0.039123,0.016506
0.596137,-102.643481,-336.842148,6.537564,6.535051,51.340169,-234.586012,3.717114,3.153401,0.984593,6.067728,0.039698,0.015380
0.596663,-103.669671,-337.691138,6.733374,6.241347,49.769621,-235.211516,4.001318,2.960780,0.981952,6.074666,0.039053,0.016481
0.597189,-104.637866,-338.284696,6.401623,6.441480,48.748799,-235.129017,3.729343,2.890286,0.978752,6.078754,0.038792,0.015402
0.597715,-105.199443,-339.541182,6.669706,6.209920,46.987773,-235.867205,3.860265,2.975148,0.972781,6.086547,0.038861,0.015926
0.598241,-105.756974,-340.751433,6.540788,6.412169,46.252127,-235.664390,4.058775,2.759167,0.965919,6.089386,0.039072,0.016731
0.598768,-106.275509,-342.042720,6.486302,6.356925,44.669516,-236.000582,4.316724,2.972398,0.958380,6.096121,0.039477,0.017808
0.599294,-106.521672,-343.961797,6.500102,6.350120,43.824730,-236.037077,4.219165,2.831634,0.948197,6.099607,0.039085,0.017413
0.599820,-106.539564,-345.704107,6.479861,6.392783,42.005411,-236.227403,4.142432,2.808242,0.935671,6.107207,0.039233,0.017121
0.600346,-107.211672,-347.812263,6.055342,6.558379,40.939447,-236.655284,3.713952,3.109593,0.927107,6.111889,0.038889,0.015397
0.600872,-107.197924,-350.281119,6.226395,6.323920,38.579234,-237.176833,3.828014,2.849946,0.910942,6.121937,0.038365,0.015839
0.601398,-107.137355,-352.334235,6.182649,6.625005,37.542866,-237.473409,4.098507,2.966549,0.899789,6.126390,0.039629,0.016948
0.601924,-106.785565,-355.247259,6.346605,6.362914,35.249131,-237.735454,4.034665,2.803112,0.879602,6.135987,0.038998,0.016694
0.602451,-106.726936,-357.794990,6.330466,6.492394,33.626238,-238.326349,4.027860,3.048588,0.865606,6.143017,0.039678,0.016665
0.602977,-106.184898,-360.984857,6.325218,6.418069,31.816072,-238.388066,4.140183,3.020659,0.844440,6.150506,0.039562,0.017144
0.603503,-105.186851,-363.829257,6.183326,6.589726,29.928024,-238.494509,4.098618,2.990029,0.822931,6.158351,0.039725,0.016990
0.604029,-104.758433,-367.321930,6.189967,6.536676,27.735279,-238.611675,4.026133,2.984395,0.799882,6.167469,0.039426,0.016710
0.604555,-103.848444,-370.778082,6.445602,6.388764,25.007400,-239.193022,4.067515,3.221383,0.774919,6.179015,0.040164,0.016879
0.605081,-102.865623,-373.906000,6.167581,6.426397,22.660784,-239.646605,4.387246,3.143953,0.751795,6.188906,0.040143,0.018187
0.605608,-101.542317,-377.287549,6.259943,6.294893,21.078106,-239.391892,3.709795,3.199974,0.726831,6.195363,0.038923,0.015422
0.606134,-99.817234,-380.637466,6.306493,6.348802,18.108138,-240.049497,4.231520,2.908940,0.697957,6.207893,0.040046,0.017552
0.606660,-98.276311,-384.763070,6.175327,6.368302,15.697950,-240.090965,4.516060,2.951132,0.667264,6.217895,0.040260,0.018747
0.607186,-96.230666,-388.226593,6.043076,6.418589,13.051872,-240.471923,4.336176,2.964996,0.636826,6.228962,0.039776,0.017991
0.607712,-94.036354,-391.853232,6.000984,6.277595,10.106671,-240.228224,4.259155,2.853427,0.601843,6.241139,0.039216,0.017705
0.608238,-91.595993,-395.396473,6.229968,6.490551,7.048390,-240.513516,4.203902,3.160708,0.567108,6.253888,0.040469,0.017468
0.608765,-89.050227,-398.342600,6.204917,6.369083,4.558085,-240.554967,4.213684,3.392108,0.535445,6.264239,0.040484,0.017512
0.609291,-85.970904,-401.769145,6.256066,6.556444,1.545707,-240.787083,4.331719,3.021056,0.497949,6.276766,0.041052,0.017989
0.609817,-82.807336,-404.855311,6.244414,6.608437,-1.582875,-240.360191,4.202623,3.067504,0.458660,6.289771,0.040774,0.017484
0.610343,-79.510796,-407.898683,6.009508,6.466211,-5.258520,-240.799455,4.243274,3.115185,0.418154,6.305020,0.040072,0.017615
0.610869,-75.937008,-410.580783,6.101772,6.331394,-8.677076,-240.176748,3.880816,3.395879,0.375936,6.319297,0.039439,0.016145
0.611395,-71.783232,-412.849833,6.248899,6.407126,-11.800428,-240.211718,4.203653,3.526818,0.334400,6.332271,0.041081,0.017472
0.611921,-67.778774,-414.748823,6.127287,6.600697,-14.974819,-239.828312,3.860833,3.156947,0.293175,6.345544,0.039671,0.016057
0.612448,-63.335983,-416.765036,6.097388,6.442875,-18.546753,-239.258955,3.671129,3.359701,0.247166,6.360548,0.038927,0.015290
0.612974,-59.340314,-418.023238,6.024850,6.473213,-22.434164,-239.000366,3.619201,3.195457,0.203305,6.376778,0.038494,0.015062
0.613500,-54.374050,-419.164044,5.790640,6.912899,-25.884668,-238.702011,4.323822,3.109008,0.156577,6.391202,0.039604,0.017958
0.614026,-49.713763,-419.865548,5.986013,6.747944,-28.997771,-238.301848,3.755661,3.164988,0.113606,6.404275,0.038698,0.015612
0.614552,-45.016730,-419.897017,6.037319,6.760667,-32.912181,-238.281692,3.798094,3.455917,0.066551,6.420440,0.039198,0.015764
0.615078,-40.393406,-419.904885,5.930185,6.599770,-36.351227,-237.676039,3.651357,3.247762,0.022178,6.434954,0.038208,0.015150
0.615605,-35.311135,-419.384999,5.951555,6.675913,-39.363650,-236.991638,4.042720,3.221319,-0.022215,6.447780,0.039437,0.016745
0.616131,-30.768467,-418.704186,5.994399,6.736488,-42.715605,-236.407399,3.840716,3.190262,-0.065443,6.461943,0.038978,0.015909
0.616657,-25.641399,-417.299453,6.005913,6.801510,-45.638235,-236.124864,4.382610,3.155803,-0.109928,6.474111,0.040794,0.018065
0.617183,-21.144220,-415.726767,6.062068,6.889305,-48.259917,-235.354955,3.595279,3.142403,-0.149215,6.485433,0.038707,0.014893
0.617709,-16.448804,-414.187009,6.051779,6.810092,-51.642922,-235.139750,4.101257,3.202871,-0.194089,6.499379,0.040108,0.016882
0.618235,-12.014332,-412.044054,6.174930,6.901982,-54.066396,-234.685689,4.204922,3.468928,-0.232803,6.509613,0.041061,0.017319
0.618762,-7.388958,-410.025619,6.029359,6.687026,-56.147469,-234.111907,3.993632,3.553231,-0.270385,6.518571,0.039754,0.016494
0.619288,-3.591334,-407.600857,6.017839,6.828869,-58.556377,-233.553848,3.682066,3.367328,-0.305894,6.528841,0.038941,0.015218
0.619814,0.172864,-404.821969,5.967727,6.737883,-60.637263,-233.161135,3.692329,3.352230,-0.340452,6.537615,0.038855,0.015241
0.620340,4.500222,-402.251140,5.926967,6.822258,-63.074022,-232.672280,3.845165,3.500019,-0.379198,6.547908,0.039171,0.015857
0.620866,7.588751,-399.790147,6.316116,6.496944,-64.428245,-231.391171,3.686322,3.384115,-0.404119,6.554746,0.039940,0.015260
0.621392,11.431617,-396.757374,6.324667,6.608577,-66.579129,-231.626957,4.154795,3.161074,-0.441340,6.563081,0.041197,0.016960
0.621918,14.725942,-393.789992,6.313675,6.528951,-67.054348,-230.932054,3.667344,3.468095,-0.465372,6.565778,0.040167,0.015188
0.622445,17.972231,-391.408399,6.436555,6.650180,-68.935496,-230.517751,3.732096,3.281209,-0.495262,6.573767,0.040657,0.015366
0.622971,20.935503,-388.615497,6.386832,6.522573,-70.262063,-230.091204,4.206865,3.452125,-0.522053,6.579558,0.041458,0.017241
0.623497,24.217887,-385.993014,6.173778,6.446328,-71.137079,-229.921555,3.727392,3.220203,-0.548447,6.583241,0.039422,0.015315
0.624023,27.144413,-383.467708,6.374749,6.422985,-72.710957,-229.760094,3.532776,3.573398,-0.576126,6.589678,0.039863,0.014675
0.624549,29.750937,-381.048349,6.444140,6.434125,-73.091422,-229.800212,3.873909,3.653401,-0.597148,6.591132,0.040903,0.015983
0.625075,32.482270,-378.408532,6.567437,6.387095,-73.875140,-229.212936,3.882255,3.663889,-0.619313,6.594972,0.041155,0.016038
0.625602,34.504005,-376.424165,6.474487,6.417677,-73.987160,-229.024540,3.897806,3.492588,-0.634503,6.595656,0.040815,0.016044
0.626128,37.640156,-373.909269,6.264322,6.475958,-74.063165,-228.618256,3.962596,3.918554,-0.655440,6.596476,0.040766,0.016472
0.626654,39.781792,-372.091595,6.245437,6.428657,-74.848284,-228.490534,3.779804,3.918878,-0.673675,6.599746,0.040220,0.015778
0.627180,41.762161,-370.225052,6.311022,6.441278,-74.905454,-228.887133,3.685627,3.728992,-0.690069,6.599459,0.040177,0.015321
0.627706,43.668791,-368.437461,6.370954,6.550856,-74.920733,-228.449141,3.820898,3.918491,-0.702831,6.600086,0.040961,0.015932
0.628232,45.946793,-366.839452,6.589192,6.286158,-75.108831,-228.784339,3.789717,3.721169,-0.719885,6.600395,0.040705,0.015711
0.628759,48.028973,-365.426915,6.591647,6.406600,-74.986959,-228.866794,3.842836,3.662584,-0.733267,6.599807,0.040909,0.015885
0.629285,50.021521,-364.085151,6.662590,6.347381,-74.243605,-229.161470,3.801541,3.588377,-0.744299,6.596494,0.040883,0.015699
0.629811,51.322056,-363.250878,6.826303,6.271848,-73.427376,-228.319289,3.666619,3.682138,-0.746208,6.594339,0.040994,0.015294
0.630337,53.203534,-362.663114,6.811911,6.271607,-72.674993,-228.891361,3.627519,3.421961,-0.755008,6.590627,0.040580,0.015029
0.630863,54.738264,-361.964008,6.619243,6.349563,-72.910387,-228.846499,3.559576,3.708204,-0.764429,6.591617,0.040331,0.014879
0.631389,56.145005,-361.338086,6.655091,6.383786,-72.021784,-229.211882,4.113037,3.617491,-0.770188,6.587632,0.041243,0.016944
0.631915,57.847635,-361.429486,6.861827,6.367100,-71.289922,-229.151125,3.723610,3.635300,-0.773384,6.584798,0.040997,0.015484
0.632442,59.531926,-361.214538,6.460739,6.398856,-69.454545,-229.936087,3.694246,3.924379,-0.776592,6.576531,0.040610,0.015462
0.632968,60.426205,-361.489149,6.803595,6.493040,-68.573458,-230.138397,3.579439,3.759809,-0.776368,6.572775,0.041268,0.014968
0.633494,62.018373,-361.906613,6.693692,6.305621,-67.470658,-229.995778,3.832028,3.873058,-0.776134,6.568536,0.040905,0.016001
0.634020,62.766990,-362.490649,6.793990,6.218462,-66.411578,-231.661798,4.052318,3.238342,-0.779051,6.562373,0.040685,0.016583
0.634546,64.055680,-362.766707,6.667400,6.276675,-64.663660,-231.621196,3.682587,3.584086,-0.776062,6.555432,0.040425,0.015284
0.635072,64.900576,-363.857999,6.753360,6.315092,-63.141123,-231.732389,3.751172,3.407619,-0.769702,6.549202,0.040569,0.015524
0.635599,66.547907,-364.730704,6.693410,6.442959,-60.934665,-232.455124,3.730481,3.727518,-0.766948,6.539552,0.041141,0.015523
0.636125,67.449517,-365.947203,6.585133,6.527548,-59.529222,-232.539905,3.886217,3.896622,-0.760715,6.533799,0.041402,0.016193
0.636651,68.121952,-367.548404,6.580072,6.354015,-58.231640,-232.950127,3.891808,3.581351,-0.753814,6.528140,0.040530,0.016135
0.637177,68.664495,-368.778061,6.679387,6.412700,-55.572191,-233.711265,3.977218,3.658813,-0.743656,6.516631,0.041398,0.016488
0.637703,68.928081,-370.631126,6.638126,6.386311,-53.787852,-233.956311,4.126783,3.660653,-0.731636,6.509164,0.041466,0.017098
0.638229,69.758050,-372.381359,6.812007,6.481744,-51.863183,-234.776874,3.993503,3.153676,-0.723818,6.500598,0.041395,0.016463
0.638756,70.227189,-374.359730,6.446518,6.540111,-49.302538,-234.552023,3.846051,3.773540,-0.707365,6.490368,0.040912,0.016034
0.639282,70.731392,-376.884099,6.625042,6.288260,-47.112879,-235.122562,3.668992,3.717070,-0.693528,6.480942,0.040492,0.015308
0.639808,70.800098,-378.787360,6.680665,6.400826,-44.965694,-235.419192,3.837103,3.375513,-0.679281,6.471915,0.040826,0.015946
0.640334,70.913201,-381.309917,6.769465,6.487187,-41.988528,-236.231511,4.101839,3.634309,-0.661314,6.459091,0.042092,0.017039
0.640860,70.695003,-384.080190,6.618330,6.678261,-39.154832,-237.172098,3.750737,3.476278,-0.642057,6.446800,0.041318,0.015574
0.641386,70.015523,-386.568732,6.631320,6.422339,-36.606865,-237.189928,3.789483,3.632119,-0.619909,6.436313,0.041144,0.015775
0.641912,69.747139,-389.028663,6.737553,6.567367,-33.683985,-237.886083,4.026668,3.531286,-0.600130,6.423847,0.042186,0.016722
0.642439,69.514284,-391.848350,6.470382,6.611328,-30.078743,-238.031418,3.958444,3.422565,-0.574600,6.408884,0.041169,0.016466
0.642965,68.667383,-394.375606,6.474620,6.499339,-26.732972,-238.250774,3.742674,3.649629,-0.548506,6.394923,0.040838,0.015606
0.643491,67.505373,-397.090242,6.487194,6.670294,-23.561832,-239.229466,3.993565,3.460520,-0.523248,6.381359,0.041659,0.016593
0.644017,66.772834,-400.254598,6.393483,6.441211,-20.176502,-239.299559,3.870606,3.469429,-0.495295,6.367301,0.040661,0.016106
0.644543,65.607953,-402.427032,6.355646,6.735087,-16.618647,-239.559293,3.667262,3.793449,-0.467534,6.352446,0.040664,0.015274
0.645069,64.058038,-405.317691,6.408580,6.471561,-12.606229,-239.888053,3.758726,3.232691,-0.433962,6.335687,0.040560,0.015641
0.645596,62.222406,-407.560706,6.289889,6.590483,-9.527124,-239.665026,4.018941,3.148767,-0.403856,6.322916,0.040747,0.016751
0.646122,60.399364,-410.376211,6.060163,6.632723,-5.046373,-240.797601,3.787977,3.190685,-0.368320,6.304139,0.039471,0.015727
0.646648,58.546233,-412.238650,6.033543,6.746601,-1.697082,-240.938325,4.168357,3.205074,-0.338173,6.290229,0.040469,0.017300
0.647174,56.420330,-414.619458,6.072682,6.588406,3.278621,-240.354538,3.797821,3.290572,-0.295990,6.269545,0.039409,0.015799
0.647700,54.144937,-416.052244,6.276590,6.771345,7.357298,-240.234555,3.840360,3.395083,-0.260087,6.252569,0.040524,0.015977
0.648226,51.156445,-417.479923,6.055727,6.689085,11.320310,-239.958835,3.887045,3.036386,-0.220745,6.236044,0.039592,0.016174
0.648753,48.932112,-418.601718,6.076838,6.888318,15.225668,-240.334953,3.821112,3.259892,-0.186873,6.219918,0.039653,0.015859
0.649279,46.694064,-419.722963,6.025273,6.831000,19.617076,-239.804129,3.749511,3.352967,-0.149375,6.201562,0.039069,0.015573
0.649805,43.422176,-420.024750,5.998907,6.685752,23.368572,-239.349928,3.738787,3.274896,-0.110540,6.185860,0.038911,0.015530
0.650331,40.618057,-420.145555,5.996430,6.806805,28.036922,-238.516320,4.094042,3.318396,-0.069158,6.166175,0.039888,0.017007
0.650857,37.383672,-420.175582,6.048208,6.881020,32.233652,-238.380212,4.326868,3.257860,-0.028321,6.148781,0.040891,0.017917
0.651383,34.874306,-419.280754,6.107208,6.786949,35.950554,-237.815590,4.308651,3.110984,0.005931,6.133151,0.041187,0.017818
0.651909,32.252530,-418.631743,5.999265,6.430726,40.563341,-236.858713,4.184111,3.105089,0.045689,6.113575,0.040194,0.017300
0.652436,29.439962,-417.750320,6.001691,6.583327,44.246164,-236.408664,4.129382,3.103501,0.081467,6.098166,0.040040,0.017042
0.652962,26.585166,-416.502814,6.246533,6.270776,48.137124,-235.962147,4.250617,3.187612,0.118812,6.081943,0.041516,0.017495
0.653488,23.954079,-414.495473,6.049693,6.633954,52.291873,-234.972931,4.080652,3.376622,0.156559,6.064210,0.040171,0.016825
0.654014,21.542970,-412.697629,6.196767,6.573042,55.304825,-234.104260,3.784996,3.166401,0.186838,6.051198,0.039957,0.015610
0.654540,18.875613,-410.588757,6.223096,6.525403,58.777464,-233.366351,3.619429,2.911057,0.221458,6.036450,0.039616,0.014881
0.655066,16.718218,-408.791477,6.330119,6.398556,62.015127,-232.294817,4.231114,3.104846,0.251223,6.022302,0.041620,0.017326
0.655593,14.656881,-406.515043,6.268318,6.439125,65.717658,-231.534423,4.154549,3.104709,0.283925,6.006624,0.041100,0.016975
0.656119,12.485740,-404.297878,6.147594,6.553136,68.667124,-230.564802,4.374687,2.993732,0.312764,5.993728,0.041150,0.017786
0.656645,10.934604,-401.764493,6.202672,6.365352,71.520093,-229.837782,4.027860,3.048588,0.338804,5.981507,0.040371,0.016415
0.657171,8.846563,-399.702653,5.896591,6.342234,73.677841,-229.113351,4.118144,3.181547,0.363185,5.972051,0.039345,0.016785
0.657697,7.872524,-397.281612,6.162927,6.378540,76.447792,-227.891534,4.209688,3.018403,0.384669,5.959525,0.040535,0.017077
0.658223,6.175862,-394.626531,6.181329,6.308597,78.704296,-227.554900,4.075941,3.040045,0.409566,5.950195,0.040311,0.016522
0.658750,4.971948,-392.421655,6.315016,6.371438,81.688488,-226.057908,4.032505,3.068318,0.432077,5.936425,0.040505,0.016364
0.659276,3.360147,-390.644989,6.213224,6.242729,83.377305,-225.724245,4.077834,3.048468,0.451726,5.929354,0.040053,0.016492
0.659802,3.065193,-388.314187,6.288924,6.599175,85.634740,-224.965769,4.154558,3.105372,0.468023,5.919465,0.040913,0.016770
0.660328,1.758016,-386.070409,6.084019,6.374547,87.676348,-224.068760,4.008735,3.142167,0.487635,5.910208,0.039520,0.016228
0.660854,0.926136,-384.633824,6.155611,6.336753,89.420692,-223.129188,4.082194,2.734091,0.501259,5.902026,0.039515,0.016321
0.661380,0.210863,-382.625846,5.955364,6.525392,91.345915,-222.554463,4.043242,3.119128,0.517570,5.893709,0.039125,0.016309
0.661906,-0.279975,-380.764441,6.157242,6.219929,92.303441,-222.269546,4.199396,3.138958,0.528677,5.889579,0.039947,0.016873
0.662433,-0.611568,-379.002967,6.324037,6.198591,93.915545,-221.894921,4.075790,3.040127,0.541646,5.882804,0.040163,0.016335
0.662959,-0.922116,-377.231652,6.342400,6.221334,95.324813,-221.570083,4.077834,3.048468,0.553773,5.876898,0.040303,0.016313
0.663485,-1.284710,-376.161222,6.399823,6.108188,96.334028,-221.091430,4.176120,3.058734,0.561839,5.872270,0.040498,0.016664
0.664011,-1.385577,-375.140619,6.476992,6.392573,97.133676,-220.269718,3.780140,2.925348,0.566569,5.867861,0.040137,0.015181
0.664537,-1.640551,-374.446783,6.315036,6.702645,98.837572,-219.812060,4.241194,2.896917,0.576219,5.860626,0.040766,0.016790
0.665063,-1.582042,-373.514014,6.325192,6.245953,99.336721,-219.318527,4.189150,2.872892,0.579522,5.857895,0.040049,0.016596
0.665590,-1.485153,-373.140689,6.354903,6.286185,100.024675,-219.501260,4.249739,3.245546,0.583862,5.855609,0.040600,0.016975
0.666116,-1.175843,-372.749140,6.406845,6.275122,100.454089,-219.237518,4.158474,3.242806,0.584789,5.853535,0.040562,0.016647
0.666642,-1.197238,-372.158190,6.453150,6.343646,100.593703,-218.755349,4.066929,3.340135,0.585844,5.852174,0.040687,0.016404
0.667168,-0.967807,-372.051508,6.327851,6.518084,101.375098,-218.483362,4.087821,3.456215,0.587841,5.848755,0.040564,0.016538
0.667694,-0.998192,-371.630595,6.360102,6.299700,101.363249,-218.677162,4.131629,3.330952,0.589777,5.849138,0.040455,0.016603
0.668220,-0.129558,-371.833156,6.092165,6.510188,101.499389,-218.637619,4.152983,3.515818,0.585733,5.848556,0.040149,0.016791
0.668747,0.382256,-372.190489,6.303189,6.584429,101.499389,-218.637619,4.152983,3.515818,0.582339,5.848556,0.040918,0.016791
0.669273,0.924002,-372.489952,6.351525,6.516949,101.322902,-218.824398,4.097260,3.427586,0.578734,5.849546,0.040862,0.016535
0.669799,1.560248,-373.091553,6.224012,6.443943,101.356210,-218.523291,4.176504,3.219167,0.573306,5.848896,0.040279,0.016704
0.670325,2.307827,-374.512803,6.197288,6.466528,100.871134,-218.918458,3.780318,3.490201,0.564662,5.851411,0.039552,0.015479
0.670851,2.955405,-374.916000,6.439337,6.449829,100.459945,-218.993455,4.126864,3.342752,0.558843,5.853091,0.041014,0.016609
0.671377,3.936612,-376.525974,6.041724,6.679718,100.184868,-218.953963,4.122865,3.020391,0.548338,5.854061,0.039638,0.016422
0.671903,4.971930,-377.532922,6.246470,6.394094,99.248700,-219.329035,4.132510,2.915139,0.537414,5.858246,0.040026,0.016417
0.672430,5.884859,-379.132313,5.989693,6.271737,98.611174,-220.354505,3.875496,3.451283,0.528572,5.862403,0.038834,0.015774
0.672956,7.231470,-380.358514,6.239813,6.640848,97.844614,-219.861474,4.100058,3.038061,0.513967,5.864473,0.040297,0.016390
0.673482,8.706779,-382.236447,6.207336,6.609674,96.574095,-220.515291,3.767164,3.185647,0.497705,5.870399,0.039546,0.015286
0.674008,9.779636,-384.291875,5.978492,6.454521,95.434068,-220.895517,4.211910,2.883165,0.482830,5.875373,0.039360,0.016756
0.674534,11.314254,-385.700980,6.263636,6.463041,94.601799,-221.340643,3.788100,2.733790,0.469023,5.879281,0.039397,0.015144
0.675060,13.211430,-387.455735,6.366179,6.511966,93.277837,-222.077085,3.662765,3.021716,0.450879,5.885536,0.039803,0.014838
0.675587,14.941230,-390.356782,6.283805,6.528985,91.298944,-222.877549,3.912433,3.257183,0.427769,5.894399,0.040117,0.015882
0.676113,16.914579,-391.892291,6.268296,6.452669,89.140165,-223.788869,3.698310,3.061953,0.405802,5.904126,0.039664,0.015019
0.676639,18.477943,-394.079109,6.375240,6.439578,87.846101,-224.007622,4.134977,3.036064,0.387278,5.909459,0.041009,0.016649
0.677165,20.697943,-396.814408,6.359744,6.686222,86.134273,-224.864777,4.165812,3.283068,0.363632,5.917377,0.041218,0.016876
0.677691,22.839583,-398.854652,5.955849,6.727829,83.380656,-226.048339,3.953180,3.094515,0.336978,5.929807,0.039196,0.016023
0.678217,25.198867,-400.791171,6.362759,6.654226,81.442593,-226.319997,3.573604,3.000814,0.311848,5.937757,0.039811,0.014604
0.678744,27.559291,-403.027140,6.034619,6.485655,79.084480,-227.699677,3.703044,3.186984,0.285832,5.948901,0.038808,0.015147
0.679270,30.145757,-405.140188,6.124406,6.434109,76.429440,-228.510242,4.049026,3.153139,0.256276,5.960414,0.040147,0.016468
0.679796,32.759731,-407.891265,6.163050,6.670884,73.830654,-228.753891,3.949900,3.197331,0.225375,5.970988,0.039851,0.016163
0.680322,35.821523,-409.263054,5.972588,6.467941,71.039080,-229.952698,3.608085,3.088939,0.193937,5.983557,0.038224,0.014816
0.680848,38.575964,-410.937585,6.181868,6.744315,68.005794,-230.983607,3.982497,3.319293,0.162106,5.996857,0.040352,0.016337
0.681374,41.075425,-412.551283,6.165155,6.616028,64.455754,-232.283604,4.166374,3.370271,0.128978,6.012508,0.040933,0.017069
0.681900,44.463921,-413.994172,5.963731,6.382992,62.078910,-232.394004,4.044679,3.318431,0.096696,6.022152,0.039494,0.016631
0.682427,47.416613,-415.371883,5.987340,6.650024,57.603608,-233.669034,3.910790,3.312810,0.056005,6.041487,0.039301,0.016118
0.682953,51.042245,-416.189231,6.148253,6.725586,54.861867,-234.138825,3.609799,3.286823,0.020978,6.053024,0.039155,0.014944
0.683479,54.207864,-417.016033,6.281467,6.779197,51.061050,-235.100038,3.720210,3.440868,-0.017296,6.069318,0.040125,0.015413
0.684005,57.347443,-417.439239,5.968331,6.762476,47.215797,-235.458130,3.866693,3.059623,-0.055617,6.085283,0.039023,0.015985
0.684531,60.895364,-417.459784,6.010703,6.782170,42.718392,-236.725666,4.095201,3.049482,-0.100236,6.104651,0.040050,0.016904
0.685057,63.888879,-417.253880,6.125837,6.704689,39.488923,-237.130520,3.622884,3.208279,-0.134643,6.118171,0.039186,0.015027
0.685584,66.907632,-416.776118,6.171351,6.750640,35.559971,-237.608679,3.680316,3.226360,-0.173210,6.134630,0.039554,0.015279
0.686110,70.478705,-415.980838,6.149331,6.811378,31.342515,-238.287429,3.770577,3.192304,-0.216785,6.152404,0.039724,0.015651
0.686636,73.000090,-414.570390,6.299748,6.661325,27.322601,-238.380955,3.774904,3.163290,-0.253667,6.169066,0.040360,0.015702
0.687162,75.801203,-413.135365,6.213234,6.637617,23.095433,-239.485313,3.744076,3.123805,-0.294680,6.187045,0.040012,0.015540
0.687688,78.706617,-411.670609,6.031371,6.812660,19.677973,-239.459562,4.064787,3.482109,-0.330219,6.201193,0.040176,0.016903
0.688214,81.196669,-409.470157,6.368548,6.664281,15.706615,-239.989706,4.038062,3.441545,-0.368742,6.217831,0.041474,0.016780
0.688741,83.559677,-407.391081,6.451643,6.618634,11.764300,-240.185258,3.963657,3.347646,-0.405577,6.234244,0.041480,0.016477
0.689267,85.427478,-404.547994,6.374216,6.566555,8.136838,-240.059898,3.971890,3.532598,-0.439267,6.249303,0.041271,0.016534
0.689793,87.471789,-402.459240,6.319790,6.662553,4.873218,-240.012772,3.783309,3.195591,-0.470398,6.262884,0.040444,0.015759
0.690319,89.256815,-399.464839,6.405514,6.647417,1.080294,-240.061652,3.737600,3.494804,-0.505271,6.278685,0.040833,0.015569
0.690845,90.825643,-396.644485,6.353600,6.502621,-2.561429,-240.121551,3.983438,3.458497,-0.537942,6.293852,0.040952,0.016588
0.691371,91.878378,-393.853454,6.132774,6.486645,-5.696141,-239.530258,3.908837,3.582016,-0.563813,6.306961,0.040048,0.016313
0.691897,92.995514,-391.376665,6.523216,6.621676,-8.839585,-239.832658,3.767716,3.519050,-0.591675,6.320026,0.041200,0.015698
0.692424,93.761269,-388.135354,6.471997,6.511888,-12.114581,-239.342990,3.882583,3.754303,-0.618447,6.333758,0.041272,0.016200
0.692950,94.812291,-385.518334,6.444064,6.549019,-15.407375,-239.399737,3.766153,3.808546,-0.646258,6.347455,0.041003,0.015700
0.693476,94.888718,-382.750020,6.512601,6.430137,-18.565541,-239.059077,3.709912,3.581867,-0.668350,6.360691,0.040658,0.015469
0.694002,95.147380,-380.223771,6.731222,6.345657,-20.788130,-238.650908,3.765927,3.410212,-0.686166,6.370073,0.041057,0.015710
0.694528,95.519441,-377.516697,6.567134,6.335429,-24.118303,-239.076085,3.974640,3.599138,-0.712669,6.383726,0.041056,0.016526
0.695054,95.748102,-374.988946,6.402400,6.302793,-26.602064,-238.021191,3.894762,3.746887,-0.729088,6.394487,0.040416,0.016254
0.695581,95.665422,-372.502256,6.382361,6.570354,-29.257851,-238.217621,3.960771,3.779317,-0.749299,6.405393,0.041128,0.016492
0.696107,95.095733,-370.309360,6.627430,6.378970,-31.868207,-237.430016,4.082458,3.788360,-0.762637,6.416609,0.041418,0.017021
0.696633,94.827852,-368.251829,6.773433,6.402517,-34.141551,-237.038611,4.062259,3.795477,-0.776774,6.426235,0.041731,0.016941
0.697159,94.406850,-366.362739,6.850434,6.408460,-35.872070,-237.155774,4.037548,3.443127,-0.789529,6.433307,0.041518,0.016782
0.697685,93.970231,-364.742061,6.662660,6.280349,-38.613156,-236.571262,3.915969,3.848046,-0.802319,6.444979,0.040903,0.016330
0.698211,92.734059,-363.025280,6.894411,6.190845,-40.339067,-236.701990,3.941372,3.247227,-0.811414,6.451985,0.040639,0.016340
0.698738,92.155132,-361.657126,6.704509,6.332514,-42.069378,-235.811423,3.779139,3.562032,-0.817605,6.459731,0.040600,0.015750
0.699264,91.632200,-360.190547,6.652594,6.340803,-44.063156,-236.051544,3.836635,3.829157,-0.829845,6.467729,0.040958,0.015976
0.699790,90.313954,-359.288232,6.845276,6.157163,-46.101924,-235.334241,3.953494,3.883944,-0.833224,6.476635,0.041064,0.016475
0.700316,89.562384,-358.383142,6.494955,6.178665,-47.304440,-235.290459,3.575269,3.791522,-0.838334,6.481587,0.039784,0.014933
0.700842,88.378219,-357.511419,6.734764,6.276698,-48.902836,-234.630506,3.693119,4.011009,-0.840692,6.488668,0.040994,0.015467
0.701368,87.202750,-357.105884,6.485889,6.348879,-50.377117,-234.503354,3.809526,3.889205,-0.842899,6.494794,0.040587,0.015898
0.701894,85.590603,-356.379567,6.640574,6.372701,-52.239965,-234.135261,3.924341,3.836146,-0.845256,6.502708,0.041039,0.016342
0.702421,84.333818,-356.528703,6.768343,6.503378,-52.642644,-234.371147,3.609135,3.706075,-0.842522,6.504131,0.041234,0.015045
0.702947,82.567358,-356.422368,6.832172,6.239048,-54.280730,-234.212803,3.921502,3.842124,-0.841845,6.510923,0.041294,0.016294
0.703473,81.396173,-356.871282,6.880326,6.260820,-55.123394,-233.057846,3.645846,3.504464,-0.834167,6.515439,0.040462,0.015193
0.703999,79.829936,-357.676948,6.654076,6.305111,-56.549148,-233.146938,3.535094,3.997119,-0.830782,6.521137,0.040594,0.014849
0.704525,78.068445,-357.995210,6.722442,6.365903,-57.229211,-232.823166,3.786818,3.671157,-0.824253,6.524212,0.040799,0.015768
0.705051,76.379699,-358.950804,6.805146,6.348450,-58.102630,-233.160608,3.925570,3.366656,-0.818782,6.527407,0.040763,0.016210
0.705578,74.378337,-360.069276,6.758413,6.378104,-58.679590,-232.664517,3.692305,3.435405,-0.807099,6.530240,0.040530,0.015326
0.706104,72.723484,-361.184942,6.829076,6.457548,-59.766060,-232.161831,3.888471,3.823004,-0.798653,6.535147,0.041522,0.016203
0.706630,70.660426,-362.509501,6.718902,6.397866,-60.331477,-232.349023,3.874761,4.000684,-0.788582,6.537234,0.041432,0.016175
0.707156,68.321639,-363.829445,6.656371,6.288481,-60.821646,-232.214752,3.804659,3.886328,-0.775921,6.539351,0.040856,0.015872
0.707682,66.138779,-365.369882,6.623460,6.460784,-60.822474,-232.673192,3.823502,4.148088,-0.763313,6.538871,0.041721,0.015988
0.708208,63.964619,-367.667255,6.557021,6.211884,-60.772914,-232.489911,3.701950,4.161902,-0.745253,6.538864,0.040806,0.015535
0.708735,61.487219,-369.547550,6.546437,6.478582,-60.882371,-232.517782,3.749593,4.215780,-0.728942,6.539276,0.041515,0.015732
0.709261,58.875855,-371.904875,6.617382,6.547871,-60.949968,-232.629271,3.838885,4.119474,-0.710472,6.539430,0.041838,0.016041
0.709787,56.568169,-374.319544,6.497141,6.709392,-60.937946,-232.270338,3.782535,4.044332,-0.691120,6.539761,0.041486,0.015824
0.710313,53.350141,-376.746903,6.545039,6.575817,-60.592727,-232.019582,3.925931,3.981786,-0.666945,6.538634,0.041550,0.016387
0.710839,50.913712,-379.090718,6.495034,6.549309,-60.202409,-232.554777,3.872200,3.902594,-0.648783,6.536498,0.041242,0.016127
0.711365,47.978571,-381.822600,6.398180,6.497464,-59.834448,-232.686459,4.085268,3.801662,-0.625941,6.534878,0.041133,0.016933
0.711891,44.731169,-384.570959,6.434228,6.526933,-58.856368,-232.596480,3.685528,3.721258,-0.598278,6.531024,0.040487,0.015370
0.712418,41.623169,-387.457309,6.415574,6.527419,-58.273887,-233.401493,3.921493,3.540257,-0.575283,6.527856,0.040802,0.016212
0.712944,38.083174,-390.467375,6.185312,6.571627,-56.905488,-233.400948,3.572098,3.705342,-0.543918,6.522330,0.039511,0.014901
0.713470,34.858563,-393.286786,6.359495,6.633724,-55.896071,-233.810959,4.056180,3.756133,-0.517374,6.517846,0.041215,0.016808
0.713996,31.171661,-396.302277,6.286355,6.648051,-54.878952,-234.217608,3.763743,3.625067,-0.488060,6.513341,0.040224,0.015616
0.714522,27.041512,-399.178997,6.248102,6.539236,-53.445394,-234.162714,4.048698,3.277677,-0.453801,6.507582,0.040416,0.016712
0.715048,23.011646,-402.063567,6.260343,6.606945,-52.195299,-234.829916,4.032607,3.291659,-0.422614,6.501898,0.040552,0.016631
0.715575,18.937209,-405.136288,6.213976,6.638218,-50.667535,-235.456174,3.688092,3.775814,-0.389278,6.495142,0.039731,0.015329
0.716101,14.208873,-407.444975,6.241686,6.673345,-48.388710,-235.262506,3.608742,3.580238,-0.348698,6.486036,0.039590,0.015020
0.716627,10.015796,-409.994633,6.201132,6.923799,-46.143901,-235.749375,4.073661,3.554292,-0.311790,6.476475,0.040719,0.016883
0.717153,5.182939,-412.338488,6.077287,6.810510,-43.873864,-236.106254,3.935808,3.706079,-0.271491,6.466912,0.039788,0.016358
0.717679,0.304042,-414.578628,6.268832,6.667989,-41.635133,-236.913733,4.252403,3.448042,-0.231814,6.457149,0.041477,0.017587
0.718205,-4.771006,-416.759084,6.036112,6.981359,-39.706005,-236.676844,4.176373,3.387278,-0.191615,6.449402,0.040099,0.017321
0.718732,-9.370528,-417.870444,5.908113,6.982640,-36.556222,-236.611103,3.711685,2.907393,-0.148873,6.436473,0.038141,0.015433
0.719258,-14.699719,-419.596473,6.055001,6.734699,-34.265002,-237.468526,4.004567,3.137677,-0.107016,6.426489,0.039642,0.016625
0.719784,-20.265083,-420.020113,5.733403,6.802375,-31.823359,-238.414994,4.120119,3.452375,-0.063559,6.415880,0.038812,0.017085
0.720310,-25.307252,-420.854029,6.040498,6.829981,-28.521720,-237.920543,3.773992,2.895079,-0.017570,6.402495,0.038930,0.015704
0.720836,-30.898248,-421.484404,6.088537,6.584677,-25.860394,-238.817531,4.189424,3.149040,0.027572,6.391050,0.040444,0.017396
0.721362,-36.064746,-421.026310,6.363558,6.740690,-22.575721,-238.995448,3.708274,3.237818,0.073968,6.377367,0.040354,0.015431
0.721888,-41.225597,-420.527745,6.112486,6.709659,-19.668091,-238.996540,4.196407,3.299649,0.118200,6.365295,0.040563,0.017477
0.722415,-46.622974,-420.186988,5.872779,6.751980,-17.324295,-239.600103,4.167961,3.214700,0.160840,6.355365,0.039403,0.017332
0.722941,-51.720046,-418.516262,6.180088,6.923726,-13.400553,-239.756620,4.241702,2.892897,0.211167,6.339020,0.041002,0.017649
0.723467,-56.647327,-417.071543,5.919134,6.502401,-10.836239,-240.132362,3.918651,3.160688,0.253346,6.328281,0.038884,0.016296
0.723993,-61.160754,-414.520744,5.939910,6.797902,-7.700157,-240.369315,4.252298,3.082272,0.297846,6.315209,0.040176,0.017677
0.724519,-65.878573,-412.556216,6.147565,6.473119,-4.636630,-240.225247,3.886572,3.283505,0.341454,6.302484,0.039759,0.016175
0.725045,-70.172253,-410.062012,6.179668,6.491143,-1.844860,-240.032277,4.346349,2.794314,0.382105,6.290871,0.040869,0.018107
0.725572,-74.230623,-407.208730,6.305875,6.506607,0.848632,-240.227044,3.798618,2.858636,0.422543,6.279653,0.039978,0.015812
0.726098,-78.094833,-404.311754,6.226134,6.352238,3.439253,-240.426397,4.127117,2.830671,0.461651,6.268881,0.040265,0.017163
0.726624,-81.308545,-401.404563,6.174598,6.551301,6.011815,-240.294826,4.279936,2.917928,0.496675,6.258172,0.040582,0.017803
0.727150,-85.034617,-397.773221,6.344143,6.365615,8.346924,-239.849155,4.383159,2.780824,0.534003,6.248399,0.040991,0.018257
0.727676,-87.870322,-394.317486,6.016129,6.390607,11.017407,-240.248686,3.756514,2.996897,0.570618,6.237359,0.038687,0.015614
0.728202,-91.125852,-390.827329,6.435290,6.363783,13.090243,-240.386084,3.848108,3.033553,0.605834,6.228784,0.040192,0.015975
0.728729,-93.393048,-387.174267,6.269398,6.526644,15.499037,-240.440414,4.088103,3.098720,0.638430,6.218813,0.040462,0.016952
0.729255,-96.611813,-384.364488,6.290513,6.237734,17.423974,-240.550838,4.093873,3.273413,0.670422,6.210878,0.039942,0.016958
0.729781,-98.256263,-379.891292,6.388251,6.279634,19.137244,-239.628705,4.192835,3.208646,0.696872,6.203492,0.040481,0.017419
0.730307,-100.709919,-376.059119,6.364943,6.441863,21.709825,-239.039285,4.048433,3.011818,0.729182,6.192613,0.040027,0.016836
0.730833,-102.308176,-372.850320,6.385759,6.410564,23.668805,-238.721730,4.020365,3.478955,0.754069,6.184360,0.040371,0.016739
0.731359,-103.734422,-369.748274,6.406914,6.320533,24.532797,-238.127003,4.112695,2.932569,0.772493,6.180523,0.039753,0.017136
0.731885,-105.216751,-366.600363,6.257511,6.452898,26.446310,-238.531638,4.165368,3.287196,0.799236,6.172765,0.040163,0.017316
0.732412,-106.713609,-363.232516,6.439058,6.416074,28.094883,-238.391911,4.208688,3.371558,0.823769,6.165875,0.040583,0.017490
0.732938,-108.003529,-361.533362,6.514005,6.275662,29.494109,-239.362762,4.072248,3.436123,0.844355,6.160584,0.040189,0.016849
0.733464,-108.948781,-359.131398,6.188487,6.250873,30.954960,-238.685094,3.826843,3.183191,0.859995,6.154216,0.038607,0.015859
0.733990,-109.956238,-356.042898,6.439752,6.416279,31.924744,-238.340828,4.202736,2.979443,0.878275,6.150032,0.039770,0.017400
0.734516,-110.514392,-353.697289,6.478415,6.443652,33.352320,-238.001637,4.172582,2.907856,0.893508,6.143957,0.039682,0.017276
0.735042,-110.799646,-351.248070,6.413886,6.394261,34.808522,-238.057799,3.807717,3.058446,0.910012,6.137995,0.039202,0.015768
0.735569,-111.890909,-349.104189,6.448345,6.428496,35.441663,-237.831931,4.101815,3.052089,0.923947,6.135254,0.039602,0.016975
0.736095,-111.965271,-347.124884,6.414375,6.433083,36.362970,-237.531084,3.729642,3.081908,0.934463,6.131277,0.039234,0.015464
0.736621,-112.167819,-346.484047,6.502006,6.444180,37.880859,-237.752724,3.915747,2.976867,0.943724,6.125185,0.039241,0.016179
0.737147,-112.282838,-344.725129,6.457809,6.399749,37.944093,-238.072303,4.061740,3.129692,0.953427,6.125134,0.039607,0.016763
0.737673,-112.500168,-343.592500,6.514475,6.427917,38.870373,-238.135999,3.728483,3.483674,0.962303,6.121385,0.039979,0.015427
0.738199,-112.160640,-342.555689,6.510787,6.471060,39.859221,-237.489277,3.882099,3.192279,0.966044,6.116899,0.039695,0.016049
0.738726,-111.878587,-340.703024,6.694214,6.351400,40.266286,-236.893953,4.034227,3.291501,0.972046,6.114818,0.040016,0.016710
0.739252,-111.904260,-339.951859,6.463249,6.434696,40.803307,-236.512406,3.874087,3.001053,0.975421,6.112346,0.039252,0.016048
0.739778,-111.641283,-339.790919,6.626566,6.479905,40.924747,-236.028533,3.901100,3.002133,0.973541,6.111503,0.039670,0.016188
0.740304,-111.537628,-339.733402,6.625494,6.265431,41.959218,-236.656648,4.089069,3.286146,0.979439,6.107709,0.039499,0.016921
0.740830,-111.135202,-339.710783,6.707379,6.150487,42.462147,-236.964391,3.694584,3.568549,0.981226,6.105875,0.039418,0.015331
0.741356,-110.382057,-339.797442,6.487705,6.350971,42.426410,-237.063973,3.910988,3.489212,0.978902,6.106094,0.039919,0.016188
0.741882,-109.950557,-339.974081,6.478473,6.552780,42.551202,-236.935495,3.955557,3.546772,0.976597,6.105490,0.040723,0.016381
0.742409,-109.115839,-340.922738,6.706455,6.458371,43.741204,-236.960068,4.174186,3.456207,0.973531,6.100647,0.040633,0.017233
0.742935,-108.446385,-340.787442,6.506797,6.446139,43.206842,-236.063510,3.831983,3.525400,0.966442,6.102158,0.040227,0.015928
0.743461,-107.785149,-342.027547,6.703772,6.580381,43.888619,-235.990842,4.093399,3.394379,0.960668,6.099310,0.040824,0.016964
0.743987,-106.563522,-342.948555,6.451023,6.487154,44.011114,-236.066032,4.027539,3.374859,0.953503,6.098866,0.040139,0.016688
0.744513,-105.667813,-344.340850,6.675059,6.450176,43.959875,-236.388563,4.193811,3.491272,0.945804,6.099321,0.040794,0.017352
0.745039,-104.206137,-346.281039,6.491575,6.519179,43.918766,-236.413026,4.168599,3.485831,0.932612,6.099508,0.040714,0.017249
0.745566,-103.082362,-348.458149,6.651583,6.367529,43.339984,-236.814945,4.048380,3.314125,0.919360,6.102176,0.040232,0.016726
0.746092,-102.019242,-350.302497,6.488605,6.379180,43.493266,-236.827363,4.158603,3.257528,0.908475,6.101560,0.039957,0.017162
0.746618,-100.272125,-352.315126,6.489922,6.416052,43.329015,-236.892022,4.069659,3.260421,0.893757,6.102279,0.040069,0.016801
0.747144,-98.724682,-354.810110,6.396559,6.332485,42.708588,-236.665292,3.705054,3.218175,0.874875,6.104647,0.039197,0.015347
0.747670,-97.169353,-357.331822,6.422496,6.401308,41.605299,-236.261859,4.117191,3.055610,0.853429,6.108874,0.039799,0.017046
0.748196,-95.346388,-359.553768,6.380790,6.172717,41.266575,-236.553963,4.108844,3.021827,0.837787,6.110474,0.039180,0.016995
0.748723,-93.548778,-362.350754,6.165429,6.487637,40.957703,-236.384592,4.297408,2.915148,0.818174,6.111621,0.039632,0.017771
0.749249,-91.335995,-366.465921,6.301657,6.285567,39.858340,-237.686533,4.180059,3.129552,0.794687,6.117038,0.039664,0.017240
0.749775,-89.287395,-369.216553,6.294626,6.443693,38.566886,-237.470405,4.049571,2.988758,0.770408,6.122184,0.039775,0.016734
0.750301,-86.988103,-372.347652,6.258698,6.316002,38.110610,-236.813664,3.966697,3.004720,0.745381,6.123623,0.039154,0.016448
0.750827,-84.301560,-375.794968,6.554188,6.288639,38.139318,-237.227614,3.920669,3.326899,0.723691,6.123778,0.040087,0.016260
0.751353,-81.634402,-378.419550,6.349292,6.483537,35.770315,-237.758158,3.926184,3.365875,0.695522,6.133857,0.040388,0.016282
0.751879,-78.397335,-383.213745,6.337857,6.463059,34.501417,-238.644697,3.995730,3.237379,0.663006,6.139608,0.040307,0.016513
0.752406,-75.191898,-386.317524,6.308757,6.549431,33.756990,-238.317458,3.638499,2.844763,0.634572,6.142474,0.039358,0.015059
0.752932,-72.052954,-389.811820,6.082801,6.606773,32.701944,-238.439610,3.998381,3.178630,0.605360,6.146886,0.039635,0.016557
0.753458,-68.661262,-393.129822,6.334520,6.385546,31.009050,-238.398250,4.088096,2.742301,0.572252,6.153839,0.040049,0.016927
0.753984,-64.708778,-396.597995,6.211029,6.445833,29.128813,-238.624727,4.070564,2.633405,0.536003,6.161717,0.039774,0.016860
0.754510,-60.637067,-400.179480,6.276971,6.541947,26.617786,-238.953014,4.166425,3.176473,0.496058,6.172249,0.040777,0.017284
0.755036,-56.721518,-403.260178,6.254683,6.418872,24.969706,-239.425517,3.884571,3.051484,0.462543,6.179271,0.039944,0.016104
0.755563,-52.225739,-406.433965,6.230006,6.438631,23.517135,-239.347861,3.672995,3.011484,0.425608,6.185245,0.039308,0.015248
0.756089,-47.832995,-409.436384,6.216772,6.759531,21.067483,-239.616522,4.015258,3.188288,0.385434,6.195489,0.040439,0.016669
0.756615,-42.906703,-412.443007,5.948899,6.552170,18.335437,-240.425372,4.200387,3.441374,0.342030,6.207070,0.039956,0.017404
0.757141,-37.784009,-413.785293,6.139471,6.627339,16.579106,-238.779393,3.945011,3.086679,0.301186,6.213864,0.039829,0.016467
0.757667,-32.296003,-416.001707,6.009839,6.771899,12.996625,-240.116178,3.831442,3.189390,0.252036,6.229112,0.039368,0.015926
0.758193,-27.262046,-418.198545,6.094671,6.499384,11.034413,-240.241382,4.183668,3.272098,0.211968,6.237287,0.040583,0.017389
0.758720,-21.768735,-420.204935,5.917465,6.783413,8.462995,-240.609961,4.207828,3.179445,0.166769,6.248027,0.039904,0.017473
0.759246,-15.937704,-420.346567,6.007173,6.597654,5.583963,-239.533463,3.638334,3.241997,0.118470,6.259878,0.038595,0.015184
0.759772,-10.189229,-421.501454,5.829531,6.595280,3.185132,-240.052865,3.802868,3.506337,0.073576,6.269918,0.038271,0.015840
0.760298,-4.044564,-422.085625,6.281585,6.612827,0.758815,-239.894274,4.099785,3.329697,0.026358,6.280022,0.041157,0.017090
0.760824,1.939768,-422.215325,5.726947,6.871538,-2.307451,-240.075853,3.888958,3.577717,-0.023314,6.292796,0.037999,0.016198
0.761350,7.489582,-421.849379,5.957634,6.584342,-5.005648,-240.367758,3.734492,3.398353,-0.068743,6.304007,0.038663,0.015533
0.761876,13.219692,-420.692277,5.979844,6.691377,-7.942486,-239.921116,3.967519,3.439931,-0.116536,6.316278,0.039456,0.016525
0.762403,18.986115,-419.810321,5.895699,6.893747,-11.254585,-240.494240,3.639958,3.110808,-0.167073,6.329949,0.038203,0.015114
0.762929,24.752456,-418.489674,5.986114,6.695107,-13.242675,-240.217949,3.594556,3.233509,-0.209989,6.338257,0.038418,0.014937
0.763455,29.952829,-416.098856,6.040435,6.844509,-15.159606,-239.808063,3.613418,3.494733,-0.250522,6.346317,0.038908,0.015036
0.763981,35.305491,-413.972624,6.096063,6.825974,-17.202937,-239.384739,3.487620,3.463318,-0.292151,6.354925,0.038822,0.014531
0.764507,40.608859,-411.051690,6.102671,6.728780,-19.658001,-239.229954,3.784596,3.477987,-0.337345,6.365173,0.039680,0.015759
0.765033,45.269464,-408.237127,6.023571,6.716398,-21.554491,-238.580194,3.640012,3.168046,-0.375217,6.373286,0.038890,0.015180
0.765560,50.334579,-405.204860,6.119380,6.593511,-23.626113,-238.447570,3.908845,3.241639,-0.417455,6.381946,0.039882,0.016288
0.766086,54.816717,-402.994511,6.359296,6.615836,-25.102776,-238.722797,3.591706,3.357380,-0.452796,6.387955,0.040101,0.014953
0.766612,59.037114,-399.314857,6.292415,6.527069,-27.172753,-238.853842,3.665505,3.411326,-0.493012,6.396461,0.040080,0.015235
0.767138,63.320166,-396.173007,6.328337,6.253578,-28.966012,-238.229142,3.548803,3.864899,-0.528793,6.404180,0.039797,0.014808
0.767664,67.014154,-392.340033,6.376590,6.536146,-30.330421,-238.264491,3.903764,3.456677,-0.563473,6.409802,0.040895,0.016225
0.768190,70.863153,-388.611015,6.584728,6.543912,-31.926913,-237.922420,3.858767,3.578256,-0.598636,6.416579,0.041541,0.016055
0.768717,74.461092,-386.206937,6.458041,6.182141,-33.465533,-238.094388,3.827553,3.223349,-0.629716,6.422826,0.039975,0.015874
0.769243,78.254841,-383.041781,6.443409,6.473100,-34.273072,-238.280225,4.180561,3.208022,-0.660766,6.426041,0.040971,0.017293
0.769769,81.132410,-379.461889,6.585326,6.406336,-35.122013,-237.874572,3.657169,3.705917,-0.687463,6.429775,0.040829,0.015214
0.770295,84.272894,-376.262127,6.591550,6.316882,-35.831115,-237.939262,3.596717,3.736899,-0.715016,6.432652,0.040595,0.014961
0.770821,87.212634,-373.441788,6.661600,6.306007,-36.213887,-237.391782,3.819018,3.854264,-0.736787,6.434567,0.041101,0.015907
0.771347,90.034436,-369.930490,6.641895,6.333316,-36.836796,-237.375831,3.619262,3.836301,-0.763494,6.437141,0.040811,0.015089
0.771873,92.221999,-366.620177,6.655636,6.459856,-36.868910,-237.407606,3.561327,3.951749,-0.784927,6.437253,0.041395,0.014864
0.772400,94.745130,-363.822344,6.720500,6.190753,-36.944267,-238.027675,3.710197,3.231141,-0.808288,6.437167,0.040207,0.015359
0.772926,97.311234,-361.715340,6.904295,6.329644,-37.635638,-237.103166,3.802256,3.733703,-0.825194,6.440603,0.041370,0.015831
0.773452,99.468246,-358.884627,6.856335,6.226004,-37.886703,-238.023782,3.909845,4.468963,-0.849189,6.441033,0.042439,0.016283
0.773978,102.069270,-355.946647,6.744966,6.158060,-37.898496,-237.166951,3.858305,4.369679,-0.867103,6.441642,0.041638,0.016121
0.774504,103.535208,-353.676452,6.814051,6.188531,-38.041526,-236.371252,3.831162,3.944681,-0.878880,6.442757,0.040994,0.016014
0.775030,105.716426,-352.054858,6.784204,6.300136,-38.303772,-237.598282,4.011452,4.289296,-0.899280,6.443022,0.041983,0.016698
0.775557,107.304699,-350.370914,6.733781,6.152516,-38.082929,-237.510466,3.941007,4.253016,-0.910692,6.442174,0.041306,0.016417
0.776083,108.741229,-348.899907,6.705188,6.254144,-37.525256,-236.740637,3.910627,3.704885,-0.916620,6.440385,0.040449,0.016294
0.776609,110.174260,-346.485257,6.873211,6.134887,-37.019108,-236.236577,3.824780,3.741204,-0.927932,6.438625,0.040441,0.015987
0.777135,112.146608,-345.584995,6.918423,6.044069,-36.308053,-236.867373,3.860457,4.004186,-0.938701,6.435286,0.040715,0.016124
0.777661,113.381067,-344.507808,6.826116,6.210941,-36.148189,-236.775705,3.910403,3.658143,-0.946460,6.434684,0.040369,0.016303
0.778187,114.294611,-344.069502,6.870167,6.138397,-35.122422,-237.770865,3.623117,3.656846,-0.952445,6.429840,0.040137,0.015077
0.778714,116.043230,-343.560227,7.063288,6.078906,-34.532330,-237.644739,3.823069,3.558868,-0.957789,6.427486,0.040118,0.015898
0.779240,117.321788,-342.984947,6.883027,6.152275,-34.123731,-237.641868,3.989543,3.920925,-0.963040,6.425804,0.040748,0.016612
0.779766,118.006539,-342.994124,7.044033,6.229306,-33.047985,-237.276567,3.629647,3.579376,-0.960162,6.421575,0.040330,0.015147
0.780292,119.367418,-342.664892,6.832167,6.269757,-32.102972,-237.233070,4.023002,3.795661,-0.962722,6.417691,0.040802,0.016788
0.780818,120.137735,-343.168827,6.958056,6.153064,-30.858291,-237.033147,3.608863,3.488751,-0.958124,6.412643,0.039742,0.015090
0.781344,121.555727,-343.345007,6.847646,6.149035,-29.795634,-237.673706,3.970463,3.409432,-0.961289,6.407898,0.039724,0.016542
0.781870,121.876713,-343.857596,6.975628,6.181277,-29.247702,-237.491434,3.894621,3.500691,-0.957503,6.405721,0.040090,0.016253
0.782397,122.467502,-344.585614,6.877146,6.187044,-27.590691,-237.977363,4.130615,2.979910,-0.953094,6.398608,0.039523,0.017187
0.782923,123.502196,-345.310119,6.706777,6.309490,-25.992364,-237.648081,3.963616,3.417548,-0.946659,6.392126,0.040121,0.016554
0.783449,124.087689,-346.530133,6.939437,6.406841,-24.825893,-237.857150,3.846853,3.051766,-0.940367,6.387182,0.040133,0.016053
0.783975,124.254590,-348.915584,6.866978,6.176301,-23.914308,-239.292880,4.034008,2.916488,-0.933823,6.382792,0.039345,0.016735
0.784501,124.487443,-350.351357,6.840641,6.365369,-22.207460,-238.952058,4.035787,2.772177,-0.921310,6.375856,0.039763,0.016779
0.785027,125.082003,-351.773893,6.909986,6.168947,-20.847001,-238.553575,3.761060,3.230981,-0.910950,6.370353,0.039612,0.015691
0.785554,125.312658,-353.723654,6.912971,6.170018,-19.162486,-238.581350,3.842477,3.289265,-0.897906,6.363332,0.039849,0.016040
0.786080,125.485609,-355.656892,6.737049,6.256761,-16.668695,-238.868015,3.902311,3.338690,-0.883044,6.352854,0.040110,0.016286
0.786606,124.919733,-358.932449,6.704206,6.282896,-14.897006,-239.938431,3.874344,3.158113,-0.865681,6.345193,0.039974,0.016106
0.787132,124.673093,-360.903788,6.768357,6.238632,-13.096041,-240.109703,3.818312,3.207237,-0.850956,6.337673,0.040131,0.015872
0.787658,124.493882,-363.814083,6.755163,6.311198,-11.139467,-239.528910,3.785142,3.019466,-0.829031,6.329658,0.039935,0.015779
0.788184,124.297001,-366.383052,6.710788,6.351965,-8.727923,-239.319900,3.727453,3.004640,-0.808316,6.319639,0.039922,0.015561
0.788711,123.333264,-369.166014,6.622205,6.302358,-6.840539,-239.324865,3.787640,3.107025,-0.786678,6.311760,0.039885,0.015818
0.789237,122.844579,-371.970640,6.733348,6.429735,-4.515338,-239.265489,3.642751,3.071151,-0.764848,6.302055,0.040266,0.015221
0.789763,121.805336,-375.380015,6.432758,6.403674,-2.341957,-240.274682,3.567998,3.720044,-0.743156,6.292932,0.040215,0.014849
0.790289,120.357725,-378.068768,6.665033,6.330818,0.315746,-240.609589,3.836770,3.399054,-0.717862,6.281873,0.040966,0.015946
0.790815,119.234814,-380.335413,6.549640,6.406080,2.689282,-239.007691,4.100724,2.830392,-0.689590,6.271934,0.040631,0.017156
0.791341,117.874672,-383.639358,6.338043,6.365770,5.252237,-239.413104,3.715365,3.288626,-0.662969,6.261251,0.039775,0.015514
0.791867,116.329935,-386.877079,6.482073,6.494356,7.866302,-239.588147,4.095374,2.822530,-0.634740,6.250364,0.040819,0.017079
0.792394,114.422237,-390.173510,6.445730,6.602188,11.125211,-239.748949,3.708730,3.342883,-0.601746,6.236815,0.040690,0.015449
0.792920,111.810342,-393.410935,6.538549,6.361511,13.158245,-239.549424,3.745991,3.214051,-0.570146,6.228311,0.040591,0.015608
0.793446,109.687290,-396.444149,6.289539,6.496513,16.478943,-239.396194,4.151470,3.485427,-0.535628,6.214458,0.041034,0.017288
0.793972,107.056933,-399.430392,6.356672,6.604231,19.552675,-239.645679,4.089586,2.893648,-0.501028,6.201776,0.041057,0.016981
0.794498,104.325819,-402.439190,6.075563,6.654141,22.724689,-239.115881,4.118805,3.022298,-0.463351,6.188434,0.040169,0.017112
0.795024,101.111956,-403.842684,6.271195,6.699843,26.532283,-237.817097,3.834299,2.841236,-0.422193,6.172079,0.040319,0.015979
0.795551,97.803038,-406.726488,6.122292,6.973813,29.055628,-237.594592,3.679723,3.225293,-0.386073,6.161499,0.039558,0.015347
0.796077,94.456630,-408.705295,5.946318,6.862438,32.324706,-236.941906,3.896083,3.174762,-0.347086,6.147598,0.039215,0.016242
0.796603,90.343324,-410.915292,5.997274,6.903968,35.863876,-236.896882,3.817810,3.312861,-0.303401,6.132936,0.039266,0.015890
0.797129,86.590523,-412.109991,6.020087,6.670688,39.109055,-236.686513,3.552479,3.338731,-0.264334,6.119429,0.038645,0.014785
0.797655,82.352323,-413.708878,6.375174,6.633540,42.117957,-236.526333,4.083857,3.265426,-0.223292,6.106964,0.041622,0.016904
0.798181,78.066154,-414.740386,6.283397,6.578344,45.151478,-235.576048,3.804553,3.047317,-0.181686,6.093818,0.040307,0.015760
0.798708,74.000914,-415.317354,6.236769,6.923377,48.329047,-235.201522,3.933379,3.214543,-0.141576,6.080527,0.040557,0.016271
0.799234,69.277062,-415.518928,6.035080,6.870876,51.753317,-234.449371,3.569257,3.480373,-0.096479,6.065925,0.038580,0.014849
0.799760,65.087503,-415.239686,6.120222,6.677297,55.161293,-233.376940,3.698657,3.146637,-0.054527,6.051084,0.039266,0.015310
0.800286,60.811945,-415.158306,6.132541,6.986169,57.547257,-232.877386,3.612060,3.249057,-0.017908,6.040925,0.039040,0.014975
0.800812,56.744009,-414.179461,6.150710,6.706018,60.679146,-232.354830,3.658495,3.301969,0.021639,6.027742,0.039351,0.015144
0.801338,52.629344,-414.113100,6.156499,6.592825,63.221551,-232.397627,3.623613,3.421705,0.058224,6.017573,0.039252,0.014989
0.801864,48.122981,-413.011189,6.005634,6.741718,66.029256,-230.993029,3.832228,3.201764,0.098061,6.004761,0.038970,0.015768
0.802391,44.072496,-411.353414,6.035662,6.756319,67.337079,-231.160729,3.637841,2.881468,0.128399,5.999729,0.038815,0.014887
0.802917,40.083337,-410.055619,6.236659,6.614417,70.430893,-230.937142,3.811797,3.429173,0.167833,5.987167,0.040256,0.015659
0.803443,36.197933,-408.086441,6.178059,6.589601,72.881047,-230.038730,3.738398,3.063738,0.203187,5.976369,0.039733,0.015258
0.803969,32.149809,-406.132490,6.292808,6.553102,74.149274,-228.858549,4.101384,3.385142,0.232629,5.969862,0.041191,0.016788
0.804495,28.628561,-404.098067,6.150852,6.433533,76.047139,-228.154312,4.077854,2.915462,0.263255,5.961452,0.040384,0.016537
0.805021,24.960883,-402.359463,5.971508,6.480556,77.616352,-227.758583,3.900270,3.209348,0.292902,5.954745,0.039156,0.015935
0.805548,21.815291,-400.052898,6.342465,6.482230,79.256293,-227.098776,3.738301,3.289606,0.320655,5.947406,0.040347,0.015350
0.806074,18.173300,-398.041562,6.251404,6.427627,81.618755,-226.219166,3.435559,3.322860,0.353720,5.936926,0.039013,0.014232
0.806600,15.458757,-395.812593,6.346942,6.425152,82.811555,-225.759224,3.604091,3.002399,0.377113,5.931611,0.039753,0.014713
0.807126,11.776309,-393.675426,6.251197,6.469635,83.286139,-225.773628,4.021599,3.286828,0.402635,5.929780,0.040583,0.016376
0.807652,9.201823,-391.766823,6.438594,6.410411,84.441148,-225.109665,4.149662,2.944194,0.424069,5.924317,0.041349,0.016723
0.808178,6.232986,-389.862660,6.069060,6.655174,85.514068,-225.030471,3.697532,3.332258,0.448317,5.920029,0.039206,0.015177
0.808704,3.660335,-388.317501,6.222477,6.690752,86.278803,-224.753307,4.134448,3.175854,0.467730,5.916650,0.040698,0.016715
0.809231,1.393825,-386.407501,6.281800,6.635925,87.346009,-224.223795,3.537580,3.080829,0.487334,5.911721,0.039406,0.014465
0.809757,-1.019357,-384.892594,6.368027,6.501214,87.309225,-224.553527,3.775453,3.331857,0.503523,5.912360,0.040317,0.015441
0.810283,-3.233043,-383.054505,6.307178,6.416253,88.366225,-223.776935,3.906095,2.974015,0.521903,5.907096,0.039916,0.015768
0.810809,-5.401925,-381.443862,6.457420,6.457324,88.499799,-224.331514,3.763903,3.286868,0.538706,5.907425,0.040510,0.015356
0.811335,-7.649146,-380.414046,6.322588,6.432696,89.426413,-223.742673,3.560232,3.262370,0.554716,5.902951,0.039304,0.014612
0.811861,-9.604677,-379.368596,6.309749,6.383266,88.420172,-224.323108,4.061204,3.348960,0.563784,5.907720,0.040454,0.016477
0.812388,-11.569813,-378.047296,6.259059,6.514071,88.285955,-224.378406,4.043443,3.227049,0.576242,5.908322,0.040368,0.016356
0.812914,-13.514481,-377.015769,6.396218,6.578326,87.823014,-224.625380,3.810052,3.397324,0.586838,5.910483,0.040612,0.015581
0.813440,-15.366216,-376.784609,6.317694,6.625551,87.290158,-224.472144,3.796203,3.277805,0.593052,5.912312,0.040164,0.015496
0.813966,-16.944552,-375.714661,6.362420,6.348183,87.309225,-224.553527,3.775453,3.331857,0.603770,5.912360,0.039892,0.015441
0.814492,-18.166192,-375.368133,6.040777,6.638602,87.194649,-224.602359,3.532877,3.222045,0.609946,5.912877,0.038739,0.014501
0.815018,-19.756463,-375.062284,6.300371,6.495285,86.714078,-224.113348,3.427113,3.088733,0.614302,5.914005,0.038863,0.014086
0.815545,-21.254399,-375.199790,6.439932,6.582039,85.244584,-224.955962,3.783017,2.995132,0.616635,5.920966,0.040130,0.015353
0.816071,-22.782761,-375.381428,6.313759,6.393159,84.631190,-225.170041,3.729661,2.911299,0.620779,5.923666,0.039153,0.015125
0.816597,-23.402241,-375.245943,6.466868,6.386899,83.186238,-225.654162,3.732870,2.983205,0.619085,5.929998,0.039900,0.015182
0.817123,-24.955100,-375.395502,6.407593,6.390667,82.378518,-225.718173,3.762234,2.894335,0.622111,5.933244,0.039592,0.015277
0.817649,-25.485468,-375.838320,6.363352,6.324827,81.058607,-225.780972,3.716347,2.921746,0.617421,5.938503,0.039323,0.015150
0.818175,-26.974014,-376.958264,6.358752,6.742770,80.308448,-226.218147,3.503479,3.104303,0.618538,5.942059,0.039538,0.014418
0.818701,-27.589787,-377.748089,6.397036,6.447297,79.091543,-227.067955,3.784536,2.927741,0.616074,5.948011,0.039633,0.015394
0.819228,-28.156281,-378.441199,6.082648,6.637058,76.926841,-227.436095,3.799387,2.769145,0.607963,5.957030,0.039018,0.015439
0.819754,-29.112083,-379.603279,6.523166,6.515073,75.365654,-228.450516,3.664979,3.142488,0.604800,5.964529,0.040287,0.015036
0.820280,-29.488238,-381.098159,6.431340,6.506237,73.945862,-228.779812,3.978005,3.055066,0.596537,5.970566,0.040442,0.016221
0.820806,-29.544112,-382.536827,6.318584,6.793300,72.242337,-229.243178,3.915979,2.616777,0.586152,5.977903,0.040144,0.015880
0.821332,-30.565061,-383.547510,6.228053,6.506238,71.234046,-229.037700,3.618778,2.625571,0.582573,5.981654,0.038626,0.014769
0.821858,-30.773703,-385.448402,6.410939,6.476955,68.006734,-230.422942,3.940152,3.007534,0.567316,5.996194,0.040344,0.016124
0.822385,-30.801568,-387.358403,6.408005,6.422696,66.115825,-230.954160,4.158166,2.974458,0.554750,6.004370,0.040693,0.016986
0.822911,-30.781259,-389.186813,6.358831,6.578695,63.239677,-231.685023,3.728166,3.067174,0.538175,6.016721,0.040025,0.015349
0.823437,-30.791984,-391.159698,6.369672,6.562907,60.890797,-232.161231,3.825488,3.074088,0.523056,6.026685,0.040236,0.015756
0.823963,-30.508573,-393.531781,6.414570,6.321972,59.521584,-232.326922,3.618843,2.969372,0.509333,6.032382,0.039408,0.014937
0.824489,-30.146278,-395.404971,6.240147,6.332265,56.348450,-233.508401,4.150908,3.258050,0.490678,6.046400,0.040388,0.017097
0.825015,-29.710242,-397.827495,6.062147,6.358647,54.109856,-233.851654,4.149743,2.936810,0.472546,6.055802,0.039514,0.017068
0.825542,-28.928738,-400.297063,6.206898,6.422429,51.036133,-234.796667,3.700786,3.030282,0.450093,6.069152,0.039188,0.015287
0.826068,-28.205721,-402.176414,6.226587,6.611670,48.039612,-235.394480,4.197093,3.255874,0.428789,6.081869,0.040817,0.017330
0.826594,-26.843929,-404.405895,6.224363,6.453789,44.612014,-236.288039,4.097163,3.012926,0.401900,6.096578,0.040522,0.016903
0.827120,-26.114746,-407.248109,6.148881,6.488275,42.163243,-236.092955,4.199963,2.897610,0.379579,6.106461,0.040161,0.017370
0.827646,-24.495710,-409.031986,6.195568,6.626877,38.387054,-237.302353,4.075204,3.163327,0.351010,6.122810,0.040503,0.016867
0.828172,-23.328024,-411.313889,6.168026,6.672813,35.483109,-237.216356,3.736508,3.021663,0.325770,6.134705,0.039307,0.015519
0.828698,-21.863393,-412.903566,6.210619,6.508107,31.986715,-238.249439,4.237523,3.475601,0.299076,6.149726,0.041071,0.017577
0.829225,-20.153665,-414.732654,6.315993,6.549577,28.291618,-238.515795,4.075452,3.200646,0.268290,6.165122,0.041044,0.016923
0.829751,-18.157051,-416.723687,6.037891,6.498300,25.015619,-238.396671,3.720386,2.670860,0.237528,6.178635,0.038633,0.015480
0.830277,-16.084408,-417.928692,6.111731,6.787303,21.368442,-239.170310,3.753691,3.124062,0.206529,6.194078,0.039341,0.015613
0.830803,-14.458465,-419.568655,5.836101,6.873776,17.411870,-239.403740,3.750916,3.196292,0.175084,6.210583,0.038029,0.015615
0.831329,-11.886808,-420.357440,6.159593,6.431214,12.983068,-240.250533,3.814157,3.583713,0.137216,6.229198,0.039860,0.015850
0.831855,-9.721753,-421.409672,6.079280,6.750364,9.277544,-240.079950,3.746745,3.414974,0.104397,6.244561,0.039194,0.015593
0.832382,-7.502237,-421.469839,6.113124,6.606422,4.987957,-239.981446,3.773867,3.345284,0.068713,6.262404,0.039497,0.015722
0.832908,-5.231256,-421.861050,6.093806,6.852672,1.361746,-239.928280,3.647421,3.253799,0.036223,6.277510,0.039014,0.015202
0.833434,-2.755722,-422.285326,6.125584,6.849837,-2.646901,-239.889922,3.758056,3.275523,0.000597,6.294219,0.039401,0.015665
0.833960,-0.460651,-421.933425,5.998576,6.909603,-6.768377,-239.525145,3.762774,3.233117,-0.034566,6.311435,0.038800,0.015701
0.834486,2.373005,-421.273621,5.990527,6.904094,-10.739759,-239.837768,3.735134,3.459689,-0.072147,6.327935,0.038828,0.015556
0.835012,4.755499,-420.528572,6.006374,6.689045,-14.710471,-239.341769,3.786239,3.184846,-0.107025,6.344570,0.038982,0.015781
0.835539,6.789123,-419.432893,6.182478,6.797755,-18.870960,-239.622046,3.704910,3.482142,-0.141749,6.361776,0.039731,0.015408
0.836065,9.238411,-418.198730,5.994959,6.608550,-22.633897,-238.900586,3.750054,3.246639,-0.175924,6.377645,0.038880,0.015610
0.836591,11.361917,-416.614894,6.102256,6.957779,-26.157861,-238.667647,3.928491,3.528810,-0.207804,6.392349,0.040039,0.016343
0.837117,13.378867,-415.107319,6.085303,6.807808,-29.473128,-238.349643,3.912669,3.626696,-0.237845,6.406216,0.039928,0.016274
0.837643,15.128353,-413.126446,6.211159,6.744817,-32.679377,-237.817577,3.718712,3.893087,-0.266232,6.419744,0.040056,0.015505
0.838169,16.930876,-411.197088,6.006012,6.662046,-36.574508,-237.796924,3.792023,3.631186,-0.299297,6.435795,0.039381,0.015746
0.838695,18.429464,-409.074558,6.297601,6.608193,-39.198286,-236.958372,3.613010,3.463004,-0.323087,6.447123,0.040113,0.015027
0.839222,19.668460,-407.214683,6.334791,6.718302,-42.769289,-236.553164,3.717750,3.613750,-0.350731,6.462055,0.040606,0.015452
0.839748,21.288433,-405.005340,6.302502,6.815407,-45.621478,-235.162961,4.135376,3.172219,-0.375283,6.474804,0.041279,0.017134
0.840274,22.505471,-403.137764,6.245079,6.593355,-48.522699,-235.133378,3.630387,3.303744,-0.399985,6.486691,0.039730,0.015068
0.840800,23.677732,-400.777748,6.465409,6.628786,-50.937635,-234.749227,3.604675,3.686849,-0.422366,6.496860,0.040837,0.015022
0.841326,25.027708,-398.895648,6.479260,6.392857,-53.034695,-234.363927,3.694349,3.623497,-0.443001,6.505729,0.040845,0.015360
0.841852,25.628581,-396.609893,6.465644,6.486399,-56.072478,-233.119305,3.454743,3.314071,-0.463431,6.519233,0.040059,0.014377
0.842379,26.079163,-394.710675,6.438348,6.570667,-58.926228,-232.912638,3.779630,3.079202,-0.483745,6.530983,0.040603,0.015572
0.842905,27.224592,-392.891325,6.461076,6.350873,-60.482399,-232.443348,4.208802,3.485085,-0.500258,6.537743,0.041597,0.017348
0.843431,27.655183,-390.857396,6.427486,6.604361,-62.474186,-231.646720,3.694129,3.685234,-0.515121,6.546614,0.040721,0.015395
0.843957,28.048222,-389.463266,6.433204,6.567847,-64.462207,-230.836486,3.640821,3.615824,-0.527972,6.555503,0.040401,0.015184
0.844483,28.502887,-387.670965,6.775241,6.577500,-65.745879,-230.570377,3.976187,3.631440,-0.540365,6.560958,0.042394,0.016480
0.845009,28.858490,-385.995793,6.453387,6.595228,-67.607032,-230.582503,4.043154,3.472691,-0.555503,6.568393,0.041389,0.016651
0.845536,28.892193,-384.870807,6.537257,6.471115,-69.925303,-229.468639,3.452527,3.148361,-0.566387,6.578973,0.039840,0.014289
0.846062,29.211501,-383.779304,6.441073,6.599773,-70.595892,-229.241146,3.688649,3.192197,-0.573447,6.581924,0.040202,0.015210
0.846588,28.818040,-382.766057,6.509035,6.454645,-72.157848,-229.216412,3.978530,3.120598,-0.581707,6.588166,0.040772,0.016266
0.847114,28.826584,-381.675688,6.582976,6.498531,-73.285520,-228.366234,3.875455,3.589265,-0.587577,6.593716,0.041115,0.016051
0.847640,28.761300,-380.800250,6.502403,6.445032,-74.262196,-228.312539,3.909836,3.608183,-0.594174,6.597657,0.040890,0.016169
0.848166,28.508351,-380.459864,6.567437,6.387095,-75.744953,-227.186402,4.144818,3.087490,-0.597299,6.605000,0.040783,0.016918
0.848692,28.280169,-379.653751,6.548353,6.518960,-76.907396,-227.104167,3.880585,3.500510,-0.603665,6.609708,0.040713,0.016029
0.849219,27.572446,-379.545907,6.844281,6.483541,-76.745796,-226.999601,3.798078,3.573995,-0.599802,6.609209,0.041638,0.015757
0.849745,27.104492,-379.150975,6.564190,6.562864,-77.708197,-226.965491,4.094890,3.692156,-0.603113,6.613055,0.041512,0.016901
0.850271,26.653868,-378.769453,6.639674,6.524936,-78.051879,-226.963840,3.984310,3.554302,-0.603804,6.614412,0.041449,0.016420
0.850797,26.376008,-378.855915,6.536498,6.581855,-78.784281,-226.654223,3.706589,3.794836,-0.604611,6.617718,0.040764,0.015487
0.851323,25.066408,-379.451186,6.522593,6.572410,-78.854691,-226.750628,3.715405,3.829945,-0.597556,6.617863,0.040813,0.015528
0.851849,23.941369,-379.689144,6.580565,6.445109,-78.854691,-226.750628,3.715405,3.829945,-0.591782,6.617863,0.040909,0.015528
0.852376,23.107405,-380.616620,6.605786,6.534094,-78.633259,-226.797931,3.919483,3.784534,-0.584370,6.616927,0.041436,0.016269
0.852902,22.640719,-381.431005,6.522896,6.325805,-78.528329,-226.798551,3.929225,3.683478,-0.579361,6.616513,0.040737,0.016265
0.853428,21.141380,-381.909425,6.554433,6.521381,-78.652022,-227.210179,3.719221,3.896094,-0.572909,6.616439,0.041033,0.015549
0.853954,20.138523,-383.006062,6.666361,6.549722,-78.049071,-227.085795,4.104125,3.822946,-0.561993,6.614235,0.042113,0.016972
0.854480,18.961448,-384.149394,6.422158,6.616173,-77.695529,-227.343805,4.058780,3.694608,-0.552400,6.612495,0.041215,0.016742
0.855006,17.609604,-386.211098,6.593795,6.354200,-76.798924,-227.843510,3.854972,3.678840,-0.537573,6.608294,0.041013,0.015960
0.855533,16.616208,-387.077616,6.407320,6.479965,-76.293701,-227.765454,3.624899,3.617045,-0.527971,6.606405,0.039999,0.015088
0.856059,14.853094,-388.768318,6.519018,6.580883,-75.006226,-227.748877,3.733713,3.399487,-0.509014,6.601335,0.040606,0.015440
0.856585,13.427049,-390.326800,6.416515,6.762948,-74.633074,-227.582314,3.721126,3.748552,-0.495980,6.600073,0.040477,0.015548
0.857111,11.597658,-392.184576,6.406866,6.573888,-72.918538,-228.606710,3.798133,3.526184,-0.476897,6.591953,0.040465,0.015727
0.857637,9.829704,-393.739672,6.405436,6.854122,-72.179634,-229.118208,3.976495,3.299828,-0.462182,6.588376,0.041067,0.016319
0.858163,7.900515,-395.805364,6.425570,6.579136,-70.653626,-229.296439,3.746973,3.447275,-0.440811,6.582086,0.040391,0.015512
0.858689,6.017957,-397.868759,6.304858,6.715897,-69.221491,-229.389178,3.882725,3.221731,-0.420005,6.576260,0.040169,0.015993
0.859216,3.732349,-400.041803,6.241289,6.678953,-66.916536,-230.215333,3.563923,3.559380,-0.394228,6.566060,0.039387,0.014864
0.859742,1.592102,-401.807018,6.337892,6.637325,-65.690735,-230.970304,3.452617,3.729075,-0.375187,6.560281,0.039604,0.014467
0.860268,-0.409555,-403.938515,6.360216,6.637327,-64.155833,-231.544139,3.912198,3.258203,-0.354178,6.553483,0.040578,0.016104
0.860794,-3.131007,-406.115574,6.435339,6.577498,-61.683754,-231.675845,4.111028,3.279127,-0.323845,6.543399,0.041346,0.016940
0.861320,-5.750058,-407.949673,6.243882,6.822572,-60.120630,-232.868841,3.862233,3.525444,-0.301103,6.535842,0.040213,0.015975
0.861846,-7.831864,-410.065166,6.205303,6.879978,-57.115648,-233.167920,3.779685,3.473678,-0.271711,6.523410,0.039745,0.015675
0.862373,-10.982224,-411.555928,6.038455,6.826170,-54.683551,-234.089066,3.734062,3.598555,-0.241447,6.512672,0.039046,0.015505
0.862899,-13.523115,-413.407342,5.991141,6.896308,-51.672547,-234.699474,3.969125,3.262988,-0.210317,6.499893,0.039437,0.016392
0.863425,-16.911200,-415.231601,5.987105,6.819166,-49.503180,-234.910611,4.188086,3.149753,-0.178814,6.490878,0.039909,0.017283
0.863951,-19.647473,-416.705339,6.073800,6.776151,-46.279900,-235.510128,3.839812,3.277135,-0.145937,6.477222,0.039276,0.015917
0.864477,-22.829522,-417.793914,5.979706,6.769368,-43.292679,-236.045647,3.615917,3.493564,-0.112118,6.464577,0.038252,0.015051
0.865003,-26.236108,-419.223396,5.734910,6.901136,-40.690127,-236.850313,3.690223,3.431056,-0.079090,6.453321,0.037309,0.015326
0.865530,-29.723999,-419.802724,6.278134,6.770957,-37.170919,-237.221733,4.126138,3.358649,-0.040764,6.438614,0.041113,0.017114
0.866056,-32.915787,-420.312091,5.802346,6.687665,-33.820836,-237.659913,4.106060,3.474747,-0.004955,6.424544,0.038916,0.017056
0.866582,-36.592103,-420.562079,5.918691,6.692795,-30.154375,-238.205705,3.975870,3.382233,0.035288,6.409105,0.039078,0.016523
0.867108,-39.146901,-420.663996,6.148519,6.400800,-27.258620,-238.581738,4.070431,3.412830,0.065198,6.396945,0.040408,0.016918
0.867634,-42.883839,-420.091685,6.014149,6.695280,-23.177146,-238.486934,4.079137,3.161717,0.108091,6.380065,0.039791,0.016992
0.868160,-45.694403,-419.581456,6.175018,6.391870,-19.879440,-239.376069,4.033496,3.146704,0.142285,6.366042,0.040488,0.016770
0.868686,-49.064037,-418.901849,6.198900,6.292589,-16.019149,-239.585071,4.143481,3.047779,0.182238,6.349948,0.040811,0.017238
0.869213,-51.992982,-417.879979,6.056343,6.562148,-12.668473,-239.874914,3.742141,3.195161,0.217426,6.335949,0.039099,0.015573
0.869739,-55.129993,-417.151473,6.134569,6.343405,-8.318689,-239.708754,3.649268,3.029587,0.257934,6.317875,0.038858,0.015212
0.870265,-57.585135,-414.928910,6.238051,6.433361,-5.390134,-239.871585,3.953054,3.184825,0.289767,6.305652,0.040337,0.016474
0.870791,-60.184123,-413.256033,6.312442,6.500673,-2.833285,-239.654540,3.741227,2.983041,0.319071,6.295007,0.040036,0.015609
0.871317,-62.464409,-411.081242,6.342022,6.538539,1.402432,-239.743648,3.717569,3.188675,0.356800,6.277336,0.040152,0.015506
0.871843,-64.433762,-409.254112,6.336743,6.283937,4.200612,-239.705858,4.160869,2.978586,0.384644,6.265663,0.040979,0.017354
0.872370,-66.496149,-407.150005,6.342054,6.208288,7.104017,-240.045321,3.822096,2.945475,0.414878,6.253599,0.040093,0.015913
0.872896,-68.591558,-404.542710,6.339282,6.534682,10.120197,-240.094756,4.347121,3.182625,0.446416,6.241059,0.041743,0.018082
0.873422,-70.285161,-401.934693,6.340440,6.327919,13.165129,-240.141742,3.963973,3.375382,0.476195,6.228418,0.040728,0.016475
0.873948,-72.174853,-399.983515,6.260736,6.341845,16.525890,-239.544042,4.303494,3.137643,0.505037,6.214306,0.040792,0.017903
0.874474,-72.985131,-397.220323,6.418243,6.426443,19.740469,-239.747593,4.296123,2.991236,0.532170,6.201032,0.041397,0.017828
0.875000,-73.962680,-394.659224,6.289104,6.440882,22.331873,-239.219527,4.243317,3.326144,0.554633,6.190102,0.040988,0.017632
0.875527,-75.123467,-392.200681,6.362286,6.449462,25.032921,-238.922808,3.810525,3.294604,0.578783,6.178792,0.040221,0.015840
0.876053,-75.600757,-390.177885,6.274137,6.497581,27.938510,-238.077324,4.213139,2.776364,0.597675,6.166369,0.040247,0.017508
0.876579,-76.574338,-387.692670,6.250867,6.528263,30.248318,-237.795920,4.318544,2.913020,0.619160,6.156662,0.040472,0.017937
0.877105,-76.836498,-385.912026,6.361772,6.380323,32.300181,-237.671954,4.311316,2.907679,0.634621,6.148110,0.040500,0.017885
0.877631,-76.992725,-383.289330,6.416909,6.348614,35.134949,-237.342639,3.838797,2.878818,0.655097,6.136218,0.039629,0.015924
0.878157,-76.993195,-381.603206,6.390079,6.119729,37.171929,-237.445385,3.822106,3.356653,0.669810,6.127896,0.039534,0.015860
0.878683,-77.059988,-378.595411,6.322781,6.396957,39.626255,-236.051140,4.246183,3.150938,0.685978,6.116865,0.040308,0.017631
0.879210,-76.990492,-376.790086,6.351065,6.068435,41.745617,-235.801320,4.156008,3.155632,0.699929,6.107964,0.039539,0.017243
0.879736,-76.558679,-375.483681,6.240561,6.293744,43.597794,-235.579738,3.963476,2.984616,0.709609,6.100190,0.039120,0.016424
0.880262,-76.075090,-373.353974,6.295816,6.397326,45.192324,-235.395651,3.754039,3.059166,0.721099,6.093509,0.039345,0.015568
0.880788,-75.484305,-371.717669,6.251871,6.602214,47.442295,-235.146132,4.190806,3.072133,0.732865,6.084101,0.040371,0.017311
0.881314,-75.177122,-371.052295,6.264701,6.179292,48.767427,-234.784011,3.721265,3.049750,0.738073,6.078386,0.038599,0.015413
0.881840,-74.068682,-369.365915,6.565181,6.357780,50.719468,-234.244714,3.865174,3.157755,0.745663,6.069953,0.040145,0.016006
0.882367,-73.261777,-369.028991,6.215439,6.200103,52.801782,-234.108897,3.549063,3.029769,0.751476,6.061353,0.038120,0.014691
0.882893,-71.754834,-367.738625,6.295966,6.542990,53.935389,-233.291527,3.921485,3.084548,0.751748,6.055984,0.039838,0.016218
0.883419,-71.072844,-368.503517,6.194386,6.330841,55.149590,-234.350843,3.770341,3.223948,0.754951,6.052061,0.038995,0.015550
0.883945,-69.793039,-368.140748,6.225556,6.320536,56.692997,-233.558811,3.809184,2.927477,0.754397,6.045055,0.038682,0.015668
0.884471,-69.076737,-367.674094,6.086163,6.506840,57.567987,-233.612942,4.076944,3.086817,0.756958,6.041575,0.039407,0.016737
0.884997,-67.382620,-367.605542,6.144571,6.336623,59.185526,-232.674796,3.697402,3.044766,0.753430,6.034098,0.038408,0.015249
0.885524,-65.873249,-367.695677,6.100922,6.458206,59.600950,-233.150969,4.019886,3.300566,0.750528,6.032913,0.039579,0.016537
0.886050,-63.871782,-367.662419,6.183709,6.597204,60.601145,-232.152824,3.750596,2.987414,0.742972,6.027843,0.039330,0.015449
0.886576,-62.782037,-368.533586,6.237225,6.372198,61.390501,-232.327861,4.130280,3.213090,0.739217,6.024849,0.039751,0.016965
0.887102,-60.878776,-368.906495,6.216222,6.276727,62.214106,-231.805372,4.139957,3.069064,0.731612,6.020975,0.039390,0.016986
0.887628,-59.192657,-369.491673,6.200084,6.382189,63.047249,-232.075525,3.789812,3.092248,0.727017,6.017920,0.039093,0.015577
0.888154,-57.114816,-370.668339,6.322155,6.328843,64.076717,-231.455705,4.209281,2.831692,0.716304,6.013107,0.039644,0.017182
0.888680,-55.442294,-371.681276,6.284981,6.479323,64.210505,-231.564961,4.082396,3.000745,0.706785,6.012692,0.039876,0.016707
0.889207,-53.282466,-373.367124,6.357513,6.430943,64.739982,-231.734004,3.933533,3.100472,0.694717,6.010759,0.039812,0.016123
0.889733,-50.867295,-374.475811,6.160278,6.267104,65.024051,-231.868995,3.881581,3.556392,0.682415,6.009774,0.039461,0.016024
0.890259,-48.476086,-376.127362,6.232505,6.343084,64.960322,-231.952383,3.859544,3.357973,0.666638,6.010122,0.039642,0.015881
0.890785,-45.972877,-377.817856,6.148748,6.327441,65.219203,-231.579105,3.932553,3.564511,0.650090,6.008667,0.039657,0.016238
0.891311,-43.435800,-379.921033,6.271632,6.265216,65.543417,-231.829409,4.224949,3.471644,0.634410,6.007654,0.040378,0.017325
0.891837,-40.451391,-381.746941,5.880183,6.397280,65.615578,-231.629222,4.271544,3.356523,0.615114,6.007139,0.039462,0.017489
0.892364,-38.264690,-383.824302,5.958544,6.404789,65.615578,-231.629222,4.271544,3.356523,0.598916,6.007139,0.039615,0.017489
0.892890,-35.198803,-385.800151,6.292090,6.244600,65.016858,-231.971467,3.832448,3.362942,0.577412,6.009917,0.039689,0.015774
0.893416,-32.051788,-388.599585,6.050244,6.281571,64.358475,-232.305797,4.140751,3.223745,0.552719,6.012922,0.039523,0.016935
0.893942,-28.947896,-390.919190,6.330289,6.243660,64.059633,-232.100375,4.323206,3.330106,0.529779,6.013890,0.040856,0.017695
0.894468,-25.668256,-392.957662,5.951796,6.417287,63.031249,-232.134308,3.859672,3.162285,0.504020,6.018049,0.038701,0.015864
0.894994,-21.980571,-395.417334,6.132715,6.275297,62.741704,-232.162064,3.971259,3.230103,0.478697,6.019241,0.039440,0.016322
0.895521,-17.855103,-397.598972,6.136349,6.136303,61.338146,-232.751265,3.775196,3.133574,0.447847,6.025509,0.039078,0.015525
0.896047,-14.286673,-400.509177,6.073580,6.370228,60.937522,-232.530932,4.064135,3.005685,0.421040,6.026887,0.039469,0.016659
0.896573,-10.731707,-402.792263,6.020958,6.407578,59.448103,-232.697260,3.842407,2.983252,0.391314,6.033061,0.038759,0.015803
0.897099,-6.311636,-404.932738,6.075545,6.229590,58.401052,-233.510751,4.252220,3.171087,0.360965,6.038112,0.040190,0.017434
0.897625,-1.937110,-406.842741,6.129104,6.407377,57.387349,-233.479495,3.820035,3.001515,0.329707,6.042171,0.039332,0.015714
0.898151,2.288303,-409.105208,6.000809,6.260326,55.495248,-234.187587,3.808561,3.289169,0.295290,6.050508,0.038858,0.015717
0.898677,7.039415,-411.241509,5.693528,6.314952,54.082949,-234.501574,3.808548,3.283778,0.260142,6.056519,0.037552,0.015723
0.899204,11.556923,-412.922247,5.677097,6.499779,52.283446,-234.545293,3.914651,2.857972,0.224470,6.063857,0.037746,0.016109
0.899730,16.330340,-414.621750,5.813671,6.382873,49.895368,-235.076083,4.154380,2.834385,0.184811,6.074037,0.039090,0.017087
0.900256,21.400056,-415.964724,5.794451,6.360731,47.906426,-235.981764,3.898954,3.207306,0.146220,6.082898,0.038407,0.016088
0.900782,26.351890,-417.408193,5.804946,6.228967,45.958089,-236.012565,3.902722,3.037783,0.107667,6.090865,0.038334,0.016114
0.901308,31.237003,-418.256920,5.941285,6.395920,43.455521,-236.199085,3.775453,3.331857,0.067013,6.101242,0.038583,0.015663
0.901834,36.646305,-419.009689,5.728099,6.585096,41.249137,-236.826999,3.813466,3.212625,0.025260,6.110741,0.037762,0.015796
0.902361,41.805052,-419.395518,5.738884,6.513821,38.183968,-236.991351,4.210488,3.113654,-0.019849,6.123439,0.039015,0.017439
0.902887,47.238078,-419.047955,5.888955,6.575733,36.402915,-237.287710,3.892920,3.432345,-0.059542,6.130960,0.038777,0.016175
0.903413,52.122727,-418.797147,5.641626,6.695588,33.335578,-237.446958,3.820486,2.793368,-0.103228,6.143705,0.037398,0.015862
0.903939,57.333861,-417.923130,6.111058,6.408312,30.920193,-238.401191,3.723292,3.304577,-0.146085,6.154207,0.039443,0.015461
0.904465,62.624578,-417.166609,5.849691,6.690344,27.836393,-238.459045,3.967483,3.226604,-0.192261,6.166977,0.038897,0.016488
0.904991,67.942601,-416.389735,5.829765,6.426059,25.736434,-238.425610,3.949976,3.305393,-0.232859,6.175658,0.038556,0.016443
0.905518,72.488168,-414.205231,5.865726,6.620123,23.330599,-239.024051,3.608549,3.276142,-0.273574,6.185886,0.038058,0.015013
0.906044,77.184724,-412.279974,5.753445,6.500577,20.292224,-239.344885,3.940772,3.031393,-0.317829,6.198605,0.038414,0.016382
0.906570,82.155486,-409.937252,5.934459,6.509662,18.149953,-239.937246,3.836472,3.202393,-0.360088,6.207685,0.039032,0.015930
0.907096,86.392067,-407.122708,5.937274,6.307944,15.454001,-239.623770,3.686109,3.497875,-0.400611,6.218782,0.038609,0.015348
0.907622,90.302006,-404.501417,5.854990,6.315531,12.983115,-240.061525,3.593815,3.560292,-0.439521,6.229155,0.038194,0.014948
0.908148,94.217705,-402.136419,5.929515,6.358774,10.987423,-240.033109,3.663370,3.617605,-0.474342,6.237443,0.038653,0.015246
0.908674,97.813646,-399.042256,5.930706,6.445489,8.383182,-239.663542,3.939445,3.627318,-0.511340,6.248221,0.039326,0.016426
0.909201,101.294997,-396.117952,6.182169,6.195772,6.664727,-240.375425,3.745766,3.606810,-0.545994,6.255466,0.039577,0.015577
0.909727,104.523862,-392.861183,6.146484,6.144380,4.889154,-240.274992,3.672531,3.419678,-0.578463,6.262840,0.039081,0.015281
0.910253,107.611051,-389.090377,6.205566,6.338895,2.489536,-239.786213,3.919447,3.698887,-0.613456,6.272803,0.040195,0.016345
0.910779,110.726625,-386.278658,6.366798,6.040869,0.865897,-239.836540,3.611795,3.772691,-0.643628,6.279575,0.039599,0.015059
0.911305,112.957874,-382.727317,6.162259,6.210815,-1.273422,-239.548784,3.810351,2.582768,-0.673413,6.288501,0.038479,0.015906
0.911831,115.732203,-378.946020,6.292395,6.244595,-3.194473,-239.992698,3.672578,3.612831,-0.707895,6.296495,0.039671,0.015301
0.912358,117.827388,-375.980413,6.300340,6.205936,-4.326056,-239.530934,3.525462,3.735023,-0.730173,6.301244,0.039479,0.014716
0.912884,119.676983,-372.990836,6.347691,6.207758,-5.594603,-239.334049,3.934628,3.506944,-0.753025,6.306557,0.039915,0.016434
0.913410,121.523780,-369.778112,6.390057,6.078088,-7.125174,-239.589636,3.678881,3.854006,-0.779450,6.312916,0.039812,0.015349
0.913936,123.396590,-366.896083,6.281237,6.289890,-8.678866,-239.989139,3.637368,3.726684,-0.805353,6.319333,0.039777,0.015147
0.914462,124.885618,-364.087843,6.748554,6.037708,-9.677160,-239.180888,3.891027,3.487789,-0.822595,6.323623,0.040099,0.016252
0.914988,126.345856,-361.041039,6.641362,6.223213,-10.977290,-239.474074,3.718090,3.582929,-0.846184,6.328992,0.040202,0.015509
0.915515,127.635796,-359.102962,6.422620,6.051270,-12.011485,-239.419972,4.000502,3.609618,-0.862231,6.333312,0.039535,0.016684
0.916041,128.708765,-356.590460,6.620738,6.017001,-13.151331,-239.314956,3.781279,3.598930,-0.879987,6.338084,0.039479,0.015774
0.916567,129.986361,-354.219385,6.671160,6.005344,-13.967589,-238.964905,3.932850,3.836270,-0.895669,6.341569,0.039986,0.016428
0.917093,130.788432,-352.280393,6.670292,5.914656,-14.988559,-239.900593,3.702614,3.957201,-0.914051,6.345582,0.039723,0.015408
0.917619,131.157073,-350.171335,6.509247,6.098219,-15.821870,-239.402908,3.938686,4.314719,-0.924973,6.349178,0.040862,0.016423
0.918145,132.045053,-348.736203,6.624587,6.072540,-16.613148,-239.424325,4.054741,3.661303,-0.936754,6.352462,0.039753,0.016887
0.918671,132.556662,-347.045533,6.794902,6.106908,-17.226046,-239.131048,3.694617,3.824625,-0.946461,6.355097,0.040034,0.015413
0.919198,133.087531,-345.418428,6.522543,6.115932,-17.406939,-239.540337,3.751691,3.417541,-0.957702,6.355726,0.039030,0.015614
0.919724,133.698289,-344.621628,6.774390,6.149634,-17.775710,-239.816392,4.027218,4.120056,-0.965526,6.357172,0.041046,0.016749
0.920250,133.650187,-343.236587,6.945378,6.054887,-18.672483,-239.602090,4.142309,3.369647,-0.973372,6.360959,0.039707,0.017218
0.920776,134.209727,-342.871514,6.849524,6.126525,-18.845322,-239.196061,3.935423,3.807890,-0.975418,6.361809,0.040225,0.016399
0.921302,134.249088,-341.944989,6.977837,5.893069,-19.043780,-239.009418,3.867884,3.765880,-0.979458,6.362695,0.039609,0.016129
0.921828,134.261676,-341.702452,6.968783,5.921580,-19.001304,-239.219116,3.785063,3.883539,-0.981404,6.362449,0.039888,0.015776
0.922355,134.317079,-341.634764,6.969580,5.944612,-19.371826,-239.409710,3.856371,4.071431,-0.983850,6.363924,0.040343,0.016061
0.922881,134.261676,-341.702452,6.968783,5.921580,-19.228782,-239.116354,3.854721,3.906529,-0.981626,6.363429,0.039940,0.016070
0.923407,134.261676,-341.702452,6.968783,5.921580,-19.228782,-239.116354,3.854721,3.906529,-0.981626,6.363429,0.039940,0.016070
0.923933,133.994213,-342.237296,6.961681,6.054569,-19.348332,-238.893162,3.835603,3.773205,-0.977773,6.364000,0.040008,0.016002
0.924459,133.614068,-342.591160,6.803507,6.136792,-19.424582,-239.324721,3.902403,3.488039,-0.977202,6.364172,0.039612,0.016242
0.924985,132.976589,-343.284019,6.637692,6.188930,-19.246293,-239.035937,3.750082,3.832901,-0.970319,6.363528,0.040062,0.015640
0.925512,132.402289,-344.790943,6.809897,6.140115,-18.972824,-239.097078,3.671487,4.400661,-0.961263,6.362371,0.041243,0.015328
0.926038,131.620965,-345.547235,6.816902,6.168589,-18.635415,-238.639994,3.812709,4.080591,-0.952395,6.361117,0.040877,0.015935
0.926564,130.951378,-347.116196,6.627833,6.218209,-18.259012,-238.987566,3.977506,3.754069,-0.943703,6.359439,0.040307,0.016590
0.927090,130.115868,-348.901081,6.726991,6.047922,-17.786170,-239.208659,3.890349,3.949705,-0.932657,6.357403,0.040308,0.016220
0.927616,129.111135,-350.754885,6.505692,6.121000,-17.244207,-238.768553,3.585452,4.169364,-0.917659,6.355282,0.040233,0.014991
0.928142,128.424274,-352.617317,6.764956,6.071868,-16.753930,-239.168414,3.836758,3.719652,-0.907472,6.353122,0.040035,0.016001
0.928668,127.088537,-354.636475,6.506209,6.125985,-16.643926,-238.735304,4.038329,3.673124,-0.892185,6.352790,0.039807,0.016867
0.929195,126.152249,-357.100429,6.729347,6.270572,-15.031324,-239.035764,3.740957,3.565789,-0.874340,6.345986,0.040302,0.015617
0.929721,124.931801,-359.403666,6.593249,6.189632,-14.669993,-238.780246,3.775167,3.470658,-0.858200,6.344545,0.039647,0.015776
0.930247,123.461004,-362.217088,6.469102,6.043833,-13.157641,-239.398419,3.659160,3.376966,-0.838540,6.338091,0.038949,0.015258
0.930773,121.800117,-365.165278,6.441289,6.327043,-12.255092,-239.393836,3.948195,3.713545,-0.817269,6.334333,0.040472,0.016468
0.931299,119.928688,-367.685431,6.488402,6.203322,-11.443354,-239.213435,3.646202,3.814661,-0.796558,6.330986,0.040061,0.015227
0.931825,117.715914,-370.816799,6.316490,6.238838,-10.747451,-239.135644,3.675519,3.586224,-0.773030,6.328098,0.039430,0.015354
0.932352,115.683478,-373.757396,6.329303,6.349587,-9.052373,-239.160342,3.676327,3.588258,-0.747391,6.321018,0.039821,0.015360
0.932878,113.582021,-377.020052,6.532372,6.178557,-7.958625,-239.499860,3.859119,3.671338,-0.723794,6.316403,0.040398,0.016104
0.933404,111.042988,-380.441313,6.426941,6.229865,-6.650896,-239.352059,3.657555,3.858421,-0.695238,6.310965,0.040099,0.015276
0.933930,108.588811,-383.967631,6.484301,6.316585,-4.588566,-239.638672,3.654539,3.606620,-0.665009,6.302331,0.040233,0.015247
0.934456,105.558966,-386.726443,6.283558,6.322062,-3.052110,-239.493059,3.627639,3.797351,-0.635569,6.295929,0.039888,0.015146
0.934982,102.887517,-390.481097,6.363882,6.492710,-2.215023,-240.209471,3.620710,3.419145,-0.610335,6.292406,0.039956,0.015072
0.935509,99.442291,-393.840472,6.367759,6.360105,0.077994,-240.455832,3.896878,3.105264,-0.574835,6.282861,0.040234,0.016206
0.936035,96.085555,-397.218531,6.025840,6.398347,1.476427,-240.398522,3.637588,3.350991,-0.542841,6.277044,0.038702,0.015131
0.936561,92.248349,-400.340063,6.032877,6.281005,4.481024,-240.280247,3.586837,3.418574,-0.501568,6.264538,0.038618,0.014925
0.937087,88.408837,-403.253663,6.018714,6.511952,6.511446,-240.080988,3.529107,3.497515,-0.465171,6.256070,0.038683,0.014694
0.937613,84.431017,-405.049051,5.973997,6.466413,8.130384,-239.037842,3.919024,3.737376,-0.430818,6.249185,0.039420,0.016385
0.938139,80.221463,-407.843467,5.800166,6.465143,10.453031,-238.904954,3.515436,3.756162,-0.391647,6.239459,0.037685,0.014703
0.938665,75.504529,-410.171604,5.756687,6.582869,13.107610,-239.031046,3.819381,3.449227,-0.349617,6.228404,0.038273,0.015950
0.939192,70.569421,-412.300159,5.828466,6.463071,15.323576,-239.077063,3.840349,3.161767,-0.308731,6.219178,0.038500,0.016020
0.939718,66.232070,-415.468207,5.871457,6.831063,17.617241,-239.829878,3.749511,3.352967,-0.270029,6.209860,0.038489,0.015584
0.940244,61.116865,-416.909182,5.998803,6.648484,20.171186,-239.445429,3.932829,3.122034,-0.226759,6.199142,0.039433,0.016345
0.940770,55.667766,-418.219531,5.928557,6.554624,22.905408,-239.170570,3.747766,3.289231,-0.180978,6.187706,0.038591,0.015582
0.941296,50.710682,-419.085003,5.982960,6.652187,25.136232,-238.901571,3.846561,3.364354,-0.140994,6.178355,0.039122,0.015992
0.941822,45.126136,-419.794386,5.893188,6.352517,28.156856,-238.097584,3.172727,3.083234,-0.093123,6.165474,0.036694,0.013228
0.942349,39.728240,-419.855037,5.811649,6.527459,30.259679,-238.075399,3.663480,3.075348,-0.052041,6.156762,0.037747,0.015229
0.942875,34.121963,-420.031575,5.563495,6.406211,32.998272,-237.636302,3.719221,3.266119,-0.006161,6.145207,0.036690,0.015469
0.943401,29.139465,-419.563951,5.897574,6.358761,35.466118,-237.073611,3.657007,3.196069,0.034655,6.134687,0.038004,0.015216
0.943927,23.797906,-418.975260,5.711746,6.380714,37.236030,-236.924150,3.822062,3.175324,0.073681,6.127296,0.037656,0.015877
0.944453,18.183060,-418.090439,5.867266,6.263873,39.416316,-236.638605,3.715122,2.960701,0.116489,6.118133,0.038012,0.015410
0.944979,13.034500,-416.369244,5.994201,6.215160,41.509531,-236.264144,4.077834,3.048468,0.156804,6.109269,0.039716,0.016887
0.945506,7.697675,-414.782898,5.867337,6.304585,43.316844,-236.216428,3.770572,3.191936,0.196889,6.101823,0.038323,0.015628
0.946032,3.227665,-412.885474,5.848922,6.451503,45.364079,-235.897647,3.828705,3.368539,0.233724,6.093201,0.038510,0.015874
0.946558,-1.658235,-410.882584,6.150396,6.343860,47.457647,-235.665958,3.733243,3.471702,0.273301,6.084466,0.039553,0.015489
0.947084,-5.968151,-409.362838,6.011911,6.268877,48.991429,-235.327741,3.945871,3.294851,0.305885,6.077933,0.039348,0.016312
0.947610,-11.105892,-406.915331,5.950553,6.332618,50.506819,-235.159127,3.988359,3.039888,0.344424,6.071622,0.039172,0.016428
0.948136,-15.112637,-404.472111,5.973120,6.184401,51.883261,-234.910770,3.622010,3.227069,0.376286,6.065811,0.038308,0.014983
0.948662,-19.147406,-402.472119,5.961857,6.219151,53.131861,-234.534370,3.704520,2.940283,0.406430,6.060404,0.038272,0.015265
0.949189,-23.066558,-399.782384,6.065549,6.339565,53.680512,-234.571427,3.597387,3.186509,0.434879,6.058214,0.038755,0.014869
0.949715,-27.008562,-397.646753,6.153400,6.298965,55.362652,-234.319064,3.680395,3.025221,0.467106,6.051170,0.038997,0.015154
0.950241,-30.627886,-394.286145,6.242715,6.177997,55.785081,-233.091641,3.946259,3.002528,0.492092,6.048277,0.039768,0.016276
0.950767,-34.117819,-392.170728,5.993544,6.436633,57.305116,-232.804027,3.587918,3.207414,0.520830,6.041832,0.038301,0.014879
0.951293,-37.811106,-389.471272,5.970417,6.466687,57.411618,-232.699118,3.775927,3.368675,0.545840,6.041296,0.038851,0.015662
0.951819,-40.740180,-387.857325,6.342122,6.247480,57.214436,-232.720120,3.812018,2.845511,0.563193,6.042116,0.039522,0.015705
0.952346,-43.443121,-385.324261,6.138842,6.355346,58.361990,-232.839621,4.344188,3.188869,0.588677,6.037592,0.040342,0.017849
0.952872,-46.820722,-383.271587,6.067612,6.198206,58.646055,-232.976069,4.243274,3.115185,0.611886,6.036583,0.039504,0.017418
0.953398,-49.274142,-381.222709,6.218829,6.178408,58.407451,-233.293727,4.233758,3.338757,0.629224,6.037868,0.040191,0.017407
0.953924,-52.125798,-379.112600,5.980468,6.288784,58.763992,-232.916564,4.148383,3.155900,0.648919,6.036047,0.039189,0.017050
0.954450,-54.602357,-377.324529,6.088452,6.358717,58.924132,-233.181907,4.015109,3.435643,0.667133,6.035671,0.039612,0.016559
0.954976,-57.213055,-376.022782,6.017828,6.217430,58.537718,-233.171976,4.218361,3.283469,0.680985,6.037219,0.039295,0.017340
0.955503,-59.382572,-374.264727,6.247474,6.250767,58.525224,-233.319862,4.132131,3.439334,0.696635,6.037419,0.039976,0.017021
0.956029,-61.580673,-372.773754,6.193246,6.303122,58.525362,-232.509591,4.130387,2.964925,0.708131,6.036596,0.039238,0.016976
0.956555,-63.359936,-372.045537,6.218262,6.253505,57.883199,-234.187456,4.095627,3.393813,0.721361,6.040876,0.039782,0.016824
0.957081,-65.758722,-370.869939,6.158518,6.372861,57.367247,-233.438397,3.853198,2.918263,0.730550,6.042212,0.038760,0.015834
0.957607,-67.411717,-370.097540,6.222261,6.287845,57.183859,-234.087428,3.765719,3.374499,0.741626,6.043593,0.039093,0.015540
0.958133,-69.382367,-369.181658,6.169375,6.476594,56.781455,-233.467295,4.011187,3.193518,0.748945,6.044608,0.039370,0.016523
0.958659,-70.903568,-368.373122,6.239402,6.215444,55.669082,-233.337372,4.115244,2.765559,0.753059,6.048986,0.038730,0.016900
0.959186,-72.031114,-367.935803,6.271800,6.180972,54.841928,-233.394612,3.895422,2.929541,0.756073,6.052397,0.038570,0.016062
0.959712,-73.561214,-367.718531,6.238724,6.334384,53.567372,-233.867868,4.090521,2.896782,0.759647,6.058020,0.039164,0.016836
0.960238,-75.349449,-367.207898,6.225988,6.402310,52.974609,-233.836336,3.668586,2.945851,0.766113,6.060400,0.038583,0.015168
0.960764,-76.485568,-367.456880,6.399105,6.402767,51.396111,-234.220213,4.136791,3.208533,0.764893,6.067174,0.040090,0.017093
0.961290,-77.553457,-367.630344,6.298302,6.505959,50.229548,-234.173057,4.060647,3.032880,0.763681,6.071889,0.039750,0.016789
0.961816,-78.827017,-368.889034,6.265417,6.440107,48.999024,-234.542751,3.798284,3.148700,0.760533,6.077234,0.039107,0.015748
0.962343,-79.337666,-368.567192,6.279462,6.184221,47.892299,-234.629231,4.125342,2.955381,0.759719,6.081832,0.039019,0.017059
0.962869,-80.794909,-370.041023,6.187667,6.369290,46.259752,-234.956213,4.098570,3.110151,0.754775,6.088785,0.039187,0.016979
0.963395,-81.152131,-370.489366,6.223226,6.256761,45.005241,-235.295521,4.460204,2.774045,0.750836,6.094197,0.039422,0.018416
0.963921,-81.544629,-371.827256,6.183463,6.238450,43.509365,-236.238395,4.077834,3.048468,0.745001,6.101051,0.039022,0.016853
0.964447,-82.559271,-372.894414,6.441651,6.400927,41.900230,-236.462915,4.136515,2.954170,0.739541,6.107810,0.039998,0.017096
0.964973,-82.956476,-374.598043,6.289270,6.366438,40.101121,-236.655643,4.075813,3.041911,0.728430,6.115330,0.039509,0.016875
0.965500,-83.152196,-376.139603,6.361599,6.230370,38.290547,-237.311040,4.165928,3.292079,0.718698,6.123212,0.039944,0.017248
0.966026,-83.324484,-377.058215,6.337717,6.254460,36.477703,-236.604218,4.019247,3.182744,0.706212,6.130218,0.039563,0.016716
0.966552,-83.322433,-379.186468,6.284487,6.327273,34.183726,-237.015009,4.147951,2.962038,0.690698,6.139947,0.039655,0.017235
0.967078,-83.209889,-381.408565,6.239981,6.385784,32.397596,-237.369115,4.135019,3.004057,0.676330,6.147537,0.039637,0.017185
0.967604,-83.253904,-383.333209,6.392001,6.365485,30.427570,-237.610714,4.169786,2.954599,0.662503,6.155822,0.040069,0.017337
0.968130,-82.886399,-385.464708,6.215479,6.409899,27.968185,-238.241362,4.182065,3.229719,0.645398,6.166326,0.040042,0.017386
0.968656,-82.167318,-387.424139,6.045967,6.455541,26.028122,-238.396708,4.122719,3.120152,0.627970,6.174436,0.039461,0.017148
0.969183,-81.327945,-389.858850,6.322812,6.235168,23.987849,-238.519670,4.156028,3.313727,0.607964,6.182953,0.040164,0.017305
0.969709,-80.740570,-392.710775,6.278990,6.540149,21.190061,-238.573455,4.120542,3.082991,0.584276,6.194598,0.040187,0.017174
0.970235,-79.476688,-395.110591,6.273484,6.380157,18.367645,-238.995131,4.169151,3.131974,0.559852,6.206482,0.040246,0.017371
0.970761,-78.452283,-397.297020,6.227671,6.286988,15.964557,-239.235491,3.997075,3.019182,0.538463,6.216553,0.039598,0.016655
0.971287,-77.168301,-399.565929,6.292721,6.317715,13.126595,-239.030802,4.587539,2.899562,0.512361,6.228324,0.041235,0.019146
0.971813,-75.623122,-401.692775,6.073738,6.287988,10.252957,-239.561352,4.236083,3.142585,0.487101,6.240413,0.039922,0.017659
0.972340,-73.729844,-405.368762,6.051796,6.367641,7.558231,-240.572224,4.149968,3.363278,0.458244,6.251778,0.039789,0.017239
0.972866,-71.540903,-407.374314,6.052894,6.309173,4.865225,-240.191457,3.991609,3.042804,0.428677,6.262932,0.039217,0.016614
0.973392,-69.588933,-409.260395,5.986112,6.363571,2.013351,-240.298067,4.066628,3.253391,0.400834,6.274807,0.039362,0.016922
0.973918,-67.547972,-410.960439,6.095473,6.399866,-1.700654,-240.292068,4.252298,3.082272,0.368223,6.290263,0.040400,0.017696
0.974444,-65.236422,-412.662045,6.140764,6.480972,-4.696691,-239.745300,3.811197,3.230747,0.336772,6.302773,0.039457,0.015893
0.974970,-62.143417,-414.288478,6.144140,6.612572,-7.708080,-239.753982,4.029960,3.290819,0.302328,6.315324,0.040209,0.016797
0.975497,-59.764683,-415.700399,6.215151,6.535786,-11.461113,-239.396861,4.106613,3.336210,0.267417,6.331024,0.040709,0.017128
0.976023,-56.733274,-417.009782,6.195658,6.498682,-14.293819,-239.033531,4.048416,3.188083,0.234084,6.342913,0.040403,0.016895
0.976549,-53.590120,-418.261884,6.147629,6.361599,-17.641888,-238.984375,4.044972,3.211311,0.197893,6.356872,0.040199,0.016863
0.977075,-50.609246,-418.949486,5.787201,6.217873,-20.893189,-239.117653,3.843875,3.337185,0.163764,6.370340,0.038132,0.015999
0.977601,-47.330399,-419.728710,6.074962,6.435906,-23.907429,-238.647466,3.872049,3.332999,0.128636,6.383031,0.039459,0.016123
0.978127,-44.296699,-419.532113,5.861994,6.479111,-26.562834,-238.722906,3.692329,3.352230,0.097768,6.394000,0.038153,0.015356
0.978653,-40.991408,-419.778604,6.026653,6.460563,-30.195985,-238.089061,3.997427,3.425878,0.059347,6.409338,0.039735,0.016621
0.979180,-37.293365,-419.681703,6.118683,6.299860,-33.257469,-237.470773,3.612511,3.273122,0.022146,6.422329,0.038987,0.015039
0.979706,-33.529610,-419.303479,6.000546,6.574580,-36.923190,-237.284331,3.832448,3.362942,-0.018642,6.437555,0.039110,0.015916
0.980232,-30.611217,-418.470858,5.979131,6.698445,-39.232314,-236.600304,3.753892,3.428259,-0.047367,6.447507,0.038780,0.015617
0.980758,-27.240425,-417.911323,6.102685,6.454663,-42.761299,-235.845975,3.686623,3.497804,-0.085043,6.462547,0.039028,0.015356
0.981284,-23.969671,-417.050268,6.251855,6.555229,-45.006315,-235.654104,3.695331,3.270703,-0.115455,6.471897,0.039774,0.015344
0.981810,-20.796875,-415.722013,5.980203,6.705551,-47.398714,-235.342799,3.670639,3.202035,-0.146422,6.481929,0.038534,0.015219
0.982337,-17.507324,-414.431525,6.104008,6.525229,-50.361142,-235.110425,3.696845,3.563847,-0.181203,6.494199,0.039198,0.015351
0.982863,-14.532557,-412.023104,6.197805,6.565410,-52.736052,-233.906745,3.794246,3.506403,-0.211285,6.504935,0.039935,0.015768
0.983389,-11.469193,-410.851880,6.019030,6.748305,-54.792985,-233.462217,3.686953,3.523425,-0.239540,6.513711,0.038832,0.015340
0.983915,-9.013409,-408.536378,6.062992,6.630556,-56.911565,-232.302548,3.816110,3.396472,-0.265377,6.523442,0.039337,0.015861
0.984441,-6.126712,-407.271524,6.113886,6.532698,-59.082417,-232.143467,3.849980,3.471232,-0.293641,6.532402,0.039570,0.015980
0.984967,-3.255872,-405.486365,6.039963,6.534112,-60.874936,-232.166467,3.765927,3.410212,-0.320949,6.539617,0.039110,0.015599
0.985494,-0.694873,-403.863243,6.260258,6.388780,-62.315753,-231.631567,3.901145,3.484847,-0.343588,6.545992,0.040264,0.016152
0.986020,1.287443,-401.703036,6.009572,6.612554,-63.607502,-231.100261,3.948432,3.668858,-0.363484,6.551772,0.039658,0.016393
0.986546,3.622957,-400.159856,6.303590,6.241390,-64.992157,-230.604828,3.780778,3.525961,-0.384532,6.557893,0.040047,0.015705
0.987072,6.308024,-398.440486,6.091572,6.465774,-66.758319,-229.781320,3.697332,3.539657,-0.408812,6.565931,0.038982,0.015401
0.987598,8.201610,-396.613435,6.093253,6.480974,-68.015805,-229.931123,3.864258,3.578282,-0.428876,6.570793,0.039546,0.016023
0.988124,9.804152,-394.958935,6.312556,6.176333,-68.996826,-229.670411,3.702774,3.493629,-0.444874,6.575024,0.039745,0.015370
0.988650,12.151265,-394.227569,6.153876,6.386200,-69.479350,-230.402055,3.503210,3.632630,-0.462269,6.576070,0.038980,0.014603
0.989177,13.640249,-392.423974,6.320328,6.317294,-70.738878,-230.211134,3.819670,3.735560,-0.479657,6.581306,0.040335,0.015830
0.989703,15.603800,-391.325497,6.642811,6.014247,-71.007382,-229.739984,3.767976,3.668958,-0.492038,6.582949,0.040958,0.015634
0.990229,17.193373,-389.846065,6.341507,6.317392,-72.052545,-229.728494,3.899453,3.643227,-0.508490,6.587110,0.040417,0.016104
0.990755,18.940248,-388.636718,6.407349,6.362247,-72.409780,-229.099905,3.788848,3.698135,-0.520025,6.589312,0.040377,0.015735
0.991281,20.503046,-387.617136,6.355035,6.420135,-72.544495,-229.117053,3.890546,3.679482,-0.530843,6.589825,0.040470,0.016110
0.991807,21.626971,-386.751774,6.473394,6.311409,-72.721980,-228.913465,3.697152,3.642927,-0.538769,6.590785,0.040302,0.015372
0.992334,22.808843,-386.198649,6.444291,6.430678,-72.362356,-228.812358,3.897629,3.705618,-0.543867,6.589485,0.040790,0.016170
0.992860,24.068633,-385.156564,6.405449,6.442929,-72.771245,-228.666447,3.769274,3.812470,-0.554146,6.591293,0.040467,0.015724
0.993386,24.889748,-384.675976,6.407894,6.404505,-72.757242,-229.168194,4.056462,3.861805,-0.560699,6.590604,0.041140,0.016798
0.993912,25.726212,-384.226056,6.399376,6.384019,-72.322990,-229.110623,3.928610,3.873524,-0.563692,6.588954,0.040855,0.016331
0.994438,26.928295,-384.433943,6.339382,6.414241,-72.290481,-229.560653,4.017670,3.304141,-0.569771,6.588262,0.040353,0.016448
0.994964,27.543876,-384.254753,6.491487,6.392583,-70.773591,-228.727871,3.623801,3.709399,-0.563730,6.583264,0.040338,0.015167
0.995491,28.656380,-384.495510,6.504844,6.397959,-70.526274,-229.170262,3.672757,3.645963,-0.568283,6.581733,0.040368,0.015308
0.996017,29.054379,-384.885504,6.443114,6.453316,-70.128405,-229.319643,3.908279,3.536901,-0.567581,6.579964,0.040571,0.016171
0.996543,30.075758,-385.066130,6.428753,6.402893,-68.744395,-229.160592,3.757404,3.677905,-0.564935,6.574627,0.040244,0.015678
0.997069,30.764552,-385.855712,6.385371,6.397914,-67.879810,-229.947214,3.936693,3.244065,-0.564122,6.570230,0.040159,0.016207
0.997595,30.966454,-386.570832,6.407452,6.311999,-66.882079,-230.386595,3.636718,3.711289,-0.559673,6.565723,0.039906,0.015184
0.998121,31.168764,-387.495165,6.483501,6.608318,-65.435611,-231.586096,3.832938,3.390873,-0.554721,6.558561,0.040908,0.015799
0.998647,31.840448,-388.566311,6.565760,6.535192,-63.889796,-231.304739,4.081461,3.636968,-0.546816,6.552681,0.041626,0.016884
0.999174,32.214957,-389.465099,6.533710,6.506473,-62.958257,-231.727531,3.699905,3.751517,-0.542890,6.548472,0.040760,0.015423
0.999700,31.774071,-390.784137,6.439479,6.509129,-61.119196,-232.339465,3.730092,3.595693,-0.530272,6.540417,0.040510,0.015491
1.000226,32.290958,-390.961219,6.205779,6.411626,-59.687040,-232.124951,3.646326,3.238070,-0.524891,6.534866,0.039195,0.015114
1.000752,31.914231,-393.164564,6.336398,6.312258,-57.869002,-232.409580,3.627170,3.452885,-0.509353,6.527219,0.039516,0.015103
1.001278,31.494896,-394.466685,6.398563,6.376306,-55.761849,-232.899460,4.031869,3.651089,-0.495183,6.518186,0.040925,0.016753
1.001804,31.615874,-396.159483,6.415869,6.364103,-53.400481,-233.434397,3.830343,3.773869,-0.481449,6.508076,0.040614,0.015984
1.002331,31.317597,-397.386565,6.375956,6.389770,-51.608810,-233.805867,3.484089,3.718248,-0.469188,6.500435,0.039760,0.014598
1.002857,30.782225,-399.561728,6.316714,6.421421,-49.157197,-234.421700,3.572381,3.279358,-0.450823,6.489886,0.039505,0.014865
1.003383,30.139767,-401.369740,6.269019,6.323088,-46.904588,-234.336354,3.658818,3.201883,-0.432171,6.480734,0.039299,0.015241
1.003909,29.395350,-403.291711,6.336715,6.443826,-44.773827,-235.700545,3.647176,3.328300,-0.416650,6.470909,0.039842,0.015158
1.004435,28.920620,-405.030939,6.298674,6.541491,-41.384007,-236.090266,3.674266,3.374352,-0.394351,6.456711,0.039906,0.015293
1.004961,27.877722,-407.033464,6.152074,6.556860,-38.807150,-235.828533,3.770438,3.394183,-0.371425,6.446280,0.039393,0.015736
1.005488,26.629705,-408.132575,5.992859,6.643350,-36.622922,-236.375253,3.697211,3.647501,-0.352855,6.436899,0.038834,0.015452
1.006014,25.133772,-410.997455,6.221180,6.744946,-33.116210,-237.387042,3.583112,3.652381,-0.323718,6.421794,0.039484,0.014955
1.006540,23.680265,-412.722189,6.226669,6.577799,-30.762807,-237.574491,3.640230,3.984513,-0.301373,6.411956,0.039561,0.015220
1.007066,22.486829,-414.439686,6.064313,6.642388,-27.103581,-238.931668,3.795141,3.250192,-0.275375,6.396139,0.039325,0.015756
1.007592,20.792319,-416.009698,6.054418,6.599316,-23.407651,-239.120155,3.550259,3.283733,-0.244859,6.380765,0.038610,0.014766
1.008118,19.286920,-417.441614,6.179198,6.797477,-20.924550,-239.098614,3.916041,3.469122,-0.221764,6.370477,0.040101,0.016303
1.008644,17.589093,-418.473453,5.918519,6.687975,-16.846669,-239.706005,3.693527,3.328744,-0.190298,6.353350,0.038421,0.015364
1.009171,15.498172,-419.717210,6.098354,6.486072,-13.850284,-239.412285,3.937653,3.467462,-0.161356,6.340972,0.039751,0.016414
1.009697,13.542537,-420.276194,5.955276,6.537011,-10.134982,-239.244192,4.016476,3.280468,-0.130054,6.325522,0.039356,0.016768
1.010223,11.633795,-421.064614,5.887980,6.585475,-6.067212,-239.429190,4.025366,3.239765,-0.097147,6.308520,0.039094,0.016805
1.010749,9.281587,-421.622758,6.051539,6.573731,-2.708632,-240.176831,3.875201,3.432722,-0.065986,6.294462,0.039523,0.016134
1.011275,7.252650,-421.853331,6.022598,6.481853,1.297649,-240.160238,3.886547,3.415525,-0.032763,6.277782,0.039430,0.016183
1.011801,5.467651,-421.859380,5.923142,6.729743,5.087299,-240.208944,3.799016,3.161235,-0.002094,6.262010,0.038738,0.015811
1.012328,3.298836,-421.499950,6.027247,6.466295,9.051381,-239.804934,3.797300,3.384061,0.031650,6.245458,0.039188,0.015821
1.012854,1.431647,-421.303181,5.753146,6.589384,12.359587,-239.849205,4.004151,3.228880,0.060152,6.231700,0.038566,0.016665
1.013380,-0.950652,-420.694800,6.051776,6.476577,16.231036,-239.400174,4.030395,3.218618,0.094490,6.215490,0.039925,0.016783
1.013906,-3.116314,-419.790983,6.178542,6.355727,19.532784,-238.947569,3.834255,3.380937,0.124593,6.201622,0.039891,0.015981
1.014432,-4.676949,-418.742612,6.081866,6.412556,23.513739,-239.129355,3.657048,3.249484,0.155682,6.185170,0.039045,0.015204
1.014958,-6.343325,-417.986457,5.873788,6.304452,27.253488,-238.734555,3.725795,3.348497,0.185278,6.169519,0.038175,0.015487
1.015485,-8.189475,-416.486507,6.044842,6.229201,29.862341,-238.320753,3.954394,3.119148,0.210414,6.158532,0.039588,0.016416
1.016011,-9.788390,-415.015643,6.103174,6.154521,33.361462,-238.179616,3.750054,3.246639,0.239334,6.144022,0.039291,0.015555
1.016537,-11.017977,-413.866159,5.871422,6.373004,36.696421,-237.847432,4.212679,3.366701,0.264714,6.130107,0.039617,0.017431
1.017063,-12.369723,-411.692351,6.101233,6.175492,40.151990,-236.981681,4.042916,3.101695,0.292027,6.115348,0.039939,0.016723
1.017589,-13.729259,-409.839216,6.142663,6.165360,42.928216,-236.530767,3.826843,3.183191,0.315965,6.103648,0.039537,0.015841
1.018115,-14.576334,-408.485516,5.937213,6.276598,46.243600,-235.864339,4.193287,3.393301,0.338751,6.089581,0.039635,0.017334
1.018641,-15.429136,-406.767694,5.871108,6.201545,48.690409,-235.308398,4.060355,2.960764,0.357862,6.079143,0.038820,0.016734
1.019168,-16.529253,-403.911215,6.080486,6.440744,51.550051,-234.392561,3.749511,3.352967,0.381888,6.066701,0.039195,0.015551
1.019694,-16.805943,-402.966285,5.968556,6.347593,54.291760,-234.880225,3.909995,3.397415,0.400162,6.056028,0.039150,0.016118
1.020220,-17.478678,-400.547292,5.956444,6.163751,56.569139,-232.989989,4.023573,3.281466,0.416119,6.044998,0.039057,0.016625
1.020746,-17.931969,-399.441207,6.176103,6.207537,58.668665,-233.567526,4.136612,3.590963,0.432624,6.037092,0.040437,0.017051
1.021272,-18.008812,-397.860201,6.174272,5.962284,60.919782,-232.994952,4.136103,3.381338,0.446500,6.027446,0.040088,0.016991
1.021798,-18.213156,-395.874165,6.242765,6.083660,63.081475,-232.412508,3.851094,3.364413,0.461511,6.018150,0.039771,0.015861
1.022325,-18.723647,-394.415760,6.352957,6.227712,64.887510,-232.019800,3.876262,3.144939,0.475465,6.010489,0.040223,0.015889
1.022851,-18.583891,-393.271675,6.269562,6.284578,67.617559,-231.160847,4.041922,3.476566,0.488719,5.998611,0.040300,0.016609
1.023377,-18.174789,-391.417994,6.156667,6.254540,69.101694,-230.540764,3.770300,3.220756,0.497070,5.991969,0.039218,0.015490
1.023903,-17.750681,-390.801525,5.997921,6.133309,70.710677,-229.683512,3.997515,3.097209,0.502111,5.984532,0.038798,0.016344
1.024429,-17.706398,-389.474237,6.030815,6.408158,71.916432,-229.358533,3.963424,3.043425,0.510289,5.979340,0.039171,0.016183
1.024955,-16.857591,-388.709542,6.334182,6.387001,73.937169,-228.841990,4.038558,3.295553,0.516510,5.970679,0.040436,0.016526
1.025482,-16.189719,-387.776553,6.173412,6.161449,75.075448,-228.463683,3.770300,3.220756,0.520230,5.965692,0.039026,0.015470
1.026008,-15.735720,-387.134524,6.012722,6.327067,76.278079,-227.803384,4.135019,3.004057,0.523711,5.960078,0.039269,0.016798
1.026534,-14.736944,-386.749086,6.265843,6.159151,77.497950,-227.720104,4.015240,3.078781,0.525575,5.955159,0.039741,0.016331
1.027060,-13.675560,-385.661469,6.037026,6.151453,78.675108,-227.137333,3.948646,3.186943,0.527501,5.949742,0.038931,0.016117
1.027586,-13.279728,-385.893039,6.106969,6.122137,79.013420,-226.396136,3.831448,3.028253,0.524574,5.947397,0.038617,0.015650
1.028112,-12.088244,-385.633173,5.931502,6.205332,80.239599,-226.324147,4.049634,2.997513,0.525248,5.942477,0.038615,0.016433
1.028638,-10.874436,-385.486648,6.273307,6.080075,81.329456,-226.163400,3.656551,3.160663,0.524627,5.937980,0.038901,0.014992
1.029165,-9.391219,-385.933766,6.215172,6.251094,81.171744,-225.664944,3.744850,2.888139,0.514339,5.937895,0.038940,0.015249
1.029691,-8.042138,-386.415737,5.912595,6.593040,82.208354,-226.041674,4.184179,3.406832,0.512579,5.934370,0.039595,0.017050
1.030217,-6.677699,-386.566986,6.195810,6.373974,82.472938,-225.914941,4.128749,3.383330,0.506620,5.933156,0.040234,0.016833
1.030743,-5.371573,-387.264364,6.174687,6.400799,82.218285,-226.153030,4.180340,3.219697,0.497963,5.934489,0.040305,0.016955
1.031269,-3.809101,-388.258643,5.897012,6.525697,83.218349,-225.806299,3.848619,3.273820,0.491806,5.930091,0.038527,0.015726
1.031795,-1.924957,-388.856864,5.923205,6.431984,83.094831,-225.661576,3.822265,3.191126,0.480282,5.930365,0.038462,0.015605
1.032322,-0.067318,-389.488645,6.159936,6.262737,82.903769,-225.833358,3.906015,3.292251,0.469221,5.931357,0.039511,0.015955
1.032848,1.807099,-390.896949,6.142217,6.325515,83.034251,-225.744554,3.917533,3.138159,0.457091,5.930721,0.039349,0.015935
1.033374,3.605841,-391.921087,6.217688,6.279724,83.020328,-226.714792,4.021306,3.523884,0.448088,5.932162,0.040190,0.016426
1.033900,5.655509,-393.199878,6.136978,6.309406,82.510155,-226.625544,4.103608,3.420442,0.432280,5.934021,0.040049,0.016708
1.034426,7.945274,-394.602723,6.032144,6.249854,82.357045,-226.618494,4.109653,3.124615,0.416991,5.934608,0.039454,0.016619
1.034952,10.194566,-395.838831,6.125479,6.447647,82.216429,-226.699272,4.051233,3.108372,0.402559,5.935270,0.039795,0.016393
1.035478,12.564564,-397.624714,5.905989,6.206901,81.019971,-226.892083,3.831420,3.026138,0.381326,5.940212,0.038171,0.015561
1.036005,15.419245,-399.044172,6.203119,6.319812,80.373751,-227.315958,4.183834,3.196001,0.361608,5.943327,0.040486,0.016946
1.036531,17.771930,-400.387173,6.204167,6.477444,79.179513,-227.476213,3.840196,3.149848,0.341246,5.948224,0.039708,0.015659
1.037057,20.306334,-401.909449,6.060308,6.305354,78.389226,-227.447738,4.113212,2.816706,0.321384,5.951287,0.039612,0.016608
1.037583,23.216309,-403.662609,6.000202,6.335173,77.242873,-227.841046,3.668197,3.078314,0.298123,5.956325,0.038239,0.015013
1.038109,26.210161,-405.134050,6.109233,6.182991,75.726891,-228.663847,3.636192,3.255862,0.273561,5.963382,0.038741,0.014947
1.038635,29.238254,-406.520686,5.793992,6.471244,74.951088,-228.624397,3.714446,3.213476,0.251522,5.966391,0.037589,0.015249
1.039162,31.929872,-408.221729,5.716910,6.466547,73.114565,-228.943306,3.785124,3.232106,0.225807,5.974066,0.037378,0.015551
1.039688,35.423178,-409.519015,5.816117,6.383293,71.214975,-229.753544,3.770696,3.247102,0.196533,5.982614,0.037865,0.015498
1.040214,38.342531,-410.378883,5.742897,6.285592,69.074424,-230.396151,3.759103,3.112666,0.169118,5.991905,0.037615,0.015425
1.040740,41.958199,-412.225210,5.677581,6.386160,67.198691,-230.683934,3.861470,3.093171,0.138149,5.999727,0.037486,0.015844
1.041266,45.549066,-412.621867,5.726032,6.399967,65.198216,-231.062945,3.924402,3.284854,0.107805,6.008169,0.038029,0.016164
1.041792,49.160569,-413.826096,6.131184,6.455448,62.656427,-232.087219,4.008277,3.088269,0.074124,6.019502,0.040190,0.016442
1.042319,52.784569,-414.588246,6.044378,6.447554,60.918260,-232.629618,3.750866,3.027216,0.044671,6.027068,0.039056,0.015422
1.042845,56.540547,-415.325981,6.066542,6.439133,58.562874,-233.209372,3.686013,3.384089,0.011104,6.037155,0.038976,0.015258
1.043371,59.642293,-415.744849,5.703720,6.520588,55.421826,-233.504802,3.726470,3.248746,-0.023155,6.050150,0.037377,0.015428
1.043897,63.347165,-416.034275,5.869062,6.631329,53.323490,-234.188590,3.602406,3.097060,-0.055066,6.059308,0.037820,0.014902
1.044423,67.229780,-415.596321,5.920246,6.528000,49.604106,-234.755020,3.555362,2.783956,-0.097158,6.074947,0.038017,0.014695
1.044949,70.900821,-415.399993,6.018627,6.443337,47.143795,-235.065353,3.731435,2.910525,-0.130984,6.085255,0.038931,0.015446
1.045475,74.705056,-414.986772,6.066248,6.476681,45.197038,-235.972262,3.641753,3.335797,-0.163367,6.093942,0.039029,0.015114
1.046002,78.101082,-414.257461,5.819554,6.768442,41.586278,-236.536562,3.622183,3.102229,-0.202641,6.109151,0.037918,0.015022
1.046528,81.673638,-413.287657,5.901582,6.684027,38.935911,-237.334555,3.785103,2.819612,-0.238278,6.120579,0.038797,0.015646
1.047054,84.948791,-412.258117,6.069788,6.520466,35.199776,-237.563500,3.853728,3.309643,-0.277433,6.136086,0.039634,0.016001
1.047580,88.213325,-411.281574,6.066085,6.422979,32.837648,-237.958093,3.671056,3.351956,-0.309243,6.146054,0.039048,0.015259
1.048106,91.122579,-409.665037,6.014523,6.412708,30.344565,-238.453069,3.550277,3.365434,-0.341111,6.156610,0.038604,0.014758
1.048632,94.139646,-407.678174,5.551285,6.585737,27.326598,-238.702561,3.745340,3.287317,-0.376535,6.169202,0.037369,0.015565
1.049159,96.863810,-406.039130,6.129025,6.196507,23.576101,-238.307815,3.674413,3.416575,-0.411936,6.184575,0.038979,0.015334
1.049685,99.891443,-403.202866,6.060366,6.414183,21.398360,-238.455905,3.736674,3.524092,-0.444628,6.193688,0.039218,0.015601
1.050211,102.240642,-401.268113,6.066072,6.382838,18.725017,-238.977708,3.799055,3.555005,-0.475264,6.204990,0.039387,0.015843
1.050737,104.269265,-398.911750,6.025292,6.401397,16.108733,-239.165728,3.559870,3.832985,-0.504285,6.215933,0.038963,0.014856
1.051263,106.219074,-396.595443,6.047318,6.325924,13.098113,-239.231990,3.630274,4.021662,-0.534337,6.228489,0.039216,0.015157
1.051789,107.947911,-393.899297,6.181650,6.409961,10.896288,-239.334342,3.646707,3.882592,-0.560683,6.237689,0.039824,0.015223
1.052316,109.961111,-391.320182,6.149204,6.146098,7.451113,-240.071662,3.664810,3.575119,-0.595642,6.252158,0.039096,0.015258
1.052842,111.120107,-389.075078,6.352044,6.330014,6.161245,-239.472834,3.486898,4.025510,-0.611790,6.257463,0.040117,0.014558
1.053368,112.484138,-386.426934,6.385354,6.036995,3.703972,-239.682648,3.816342,3.809757,-0.637904,6.267733,0.040149,0.015921
1.053894,113.160526,-384.011912,6.426038,5.966005,1.176444,-239.162475,3.651105,3.903977,-0.658126,6.278266,0.039840,0.015266
1.054420,114.387320,-381.622336,6.436711,6.224645,-1.252548,-238.954419,3.636200,3.758183,-0.681142,6.288427,0.039994,0.015217
1.054946,115.037428,-379.457172,6.584358,5.918741,-2.918388,-239.595487,3.707026,3.873105,-0.700635,6.295365,0.040223,0.015471
1.055472,115.994341,-377.369934,6.498797,6.092500,-4.840602,-239.400185,3.730813,3.753302,-0.719287,6.303402,0.040069,0.015581
1.055999,116.576721,-375.250222,6.615490,6.093093,-6.918057,-239.646985,3.707026,3.873105,-0.738699,6.312045,0.040460,0.015463
1.056525,116.457825,-373.130568,6.604892,6.146262,-8.926253,-239.360051,3.755092,3.786443,-0.753049,6.320460,0.040486,0.015677
1.057051,116.799145,-371.415332,6.730128,6.115698,-10.427682,-239.358559,3.853404,4.008244,-0.766772,6.326723,0.041147,0.016085
1.057577,116.726561,-369.613648,6.625610,6.186357,-12.033266,-239.339643,3.894571,3.783118,-0.779553,6.333420,0.040805,0.016250
1.058103,117.043324,-367.938081,6.549202,6.123359,-14.075032,-238.878706,4.085765,3.815945,-0.793312,6.342039,0.040588,0.017071
1.058629,116.634613,-366.897197,6.696405,6.133947,-15.352982,-238.977050,3.619592,3.827113,-0.801046,6.347342,0.040355,0.015119
1.059156,116.377005,-365.426889,6.666322,6.157548,-16.981655,-239.682298,3.843970,3.119794,-0.814776,6.353918,0.039753,0.015984
1.059682,116.110309,-364.476128,6.705739,6.203432,-18.426191,-239.546418,4.140512,3.316159,-0.822406,6.359955,0.040514,0.017216
1.060208,115.486106,-363.649856,6.467158,6.247330,-20.164335,-239.563231,4.135999,3.416764,-0.829890,6.367159,0.040138,0.017185
1.060734,114.735521,-362.651050,6.720583,6.117276,-21.340512,-238.588736,3.765671,3.673282,-0.831547,6.372393,0.040180,0.015717
1.061260,114.264235,-362.040317,6.700099,6.047250,-21.904277,-239.358845,4.011516,3.344329,-0.837455,6.374443,0.039975,0.016669
1.061786,113.997791,-361.611079,6.646298,6.185824,-23.397574,-239.077714,3.824745,3.377082,-0.842513,6.380741,0.039811,0.015905
1.062313,112.741388,-361.521356,6.652149,6.228512,-24.774483,-239.139665,3.727105,3.500522,-0.843564,6.386415,0.039986,0.015493
1.062839,112.012947,-361.416744,6.769662,6.314425,-25.297539,-238.669449,3.683957,3.615071,-0.841340,6.388785,0.040562,0.015346
1.063365,110.614893,-361.444824,6.656040,6.325975,-26.382073,-238.861896,3.982716,3.576784,-0.840870,6.393189,0.040736,0.016554
1.063891,109.905132,-361.949250,6.729305,6.103744,-27.147845,-238.156141,3.775054,3.971769,-0.836189,6.396687,0.040502,0.015760
1.064417,108.281792,-362.610679,6.825325,6.068026,-27.805712,-238.568960,3.913694,4.107406,-0.831672,6.399214,0.041151,0.016306
1.064943,107.173419,-363.156805,6.397275,6.305064,-28.379936,-238.387481,3.916151,3.765255,-0.826800,6.401677,0.040254,0.016304
1.065469,105.432518,-363.790826,6.396787,6.414086,-28.784050,-238.398838,3.639216,3.809709,-0.819377,6.403343,0.040361,0.015166
1.065996,104.049602,-365.054971,6.570100,6.349054,-28.981444,-238.436686,3.734554,3.843169,-0.810091,6.404140,0.040763,0.015555
1.066522,102.452022,-366.260519,6.645147,6.347274,-29.794729,-238.311743,4.160084,3.795425,-0.801915,6.407564,0.041376,0.017299
1.067048,100.654653,-367.598890,6.608550,6.324085,-30.062387,-237.817064,3.987851,4.024394,-0.788988,6.408928,0.041299,0.016639
1.067574,99.429271,-369.281379,6.296648,6.264348,-30.385941,-238.632179,3.941926,3.774305,-0.782196,6.409838,0.040025,0.016376
1.068100,96.967438,-370.832327,6.639913,6.178408,-30.800641,-238.207215,3.670437,3.940383,-0.766748,6.411774,0.040527,0.015301
1.068626,95.494767,-372.350819,6.317927,6.266286,-30.466702,-238.008672,3.861207,3.814774,-0.753213,6.410500,0.040034,0.016089
1.069153,92.989726,-374.599219,6.567595,6.255828,-30.632185,-237.743488,3.885701,3.952006,-0.734636,6.411325,0.040819,0.016215
1.069679,90.443216,-376.745708,6.559997,6.187770,-30.884274,-238.044159,3.961415,4.066076,-0.718681,6.412206,0.040982,0.016511
1.070205,88.449554,-378.783118,6.505671,6.124800,-30.665908,-238.257809,4.027972,4.144776,-0.703125,6.411190,0.040960,0.016776
1.070731,85.887610,-380.666785,6.285826,6.375151,-30.574948,-238.161132,4.030613,4.202568,-0.685170,6.410866,0.040942,0.016798
1.071257,83.106581,-383.333062,6.404666,6.305844,-29.912287,-238.502724,3.980076,3.753254,-0.662646,6.407951,0.040633,0.016544
1.071783,80.348727,-385.962340,6.301213,6.390177,-29.587569,-238.218815,4.074270,3.943996,-0.639716,6.406756,0.040757,0.016965
1.072310,77.337491,-388.442604,6.278011,6.425439,-28.565195,-238.178432,3.868853,3.743041,-0.613925,6.402547,0.040226,0.016121
1.072836,74.307820,-391.131241,6.185301,6.228672,-27.507673,-238.725347,3.650598,3.708017,-0.588963,6.397907,0.039298,0.015195
1.073362,70.651535,-393.813575,6.198828,6.459893,-27.129312,-238.453489,3.640823,4.067052,-0.561744,6.396470,0.039864,0.015195
1.073888,67.521520,-396.516702,6.350126,6.389675,-26.801160,-238.070127,3.716794,3.533992,-0.536954,6.395290,0.039823,0.015505
1.074414,63.926557,-399.134568,6.021294,6.602135,-24.791485,-238.808646,3.716283,3.494270,-0.505420,6.386628,0.039130,0.015469
1.074940,60.285964,-401.925965,5.930507,6.595522,-23.748959,-239.082350,4.141515,3.465661,-0.476402,6.382194,0.039726,0.017212
1.075466,56.452911,-404.713141,6.019699,6.346207,-22.628986,-238.918008,3.656077,3.457421,-0.445067,6.377618,0.038529,0.015227
1.075993,52.431409,-406.691698,5.892919,6.718538,-21.092276,-239.168694,3.762786,3.430786,-0.413574,6.371148,0.038721,0.015662
1.076519,48.257899,-409.670458,5.927521,6.709401,-19.548634,-239.281462,4.096928,3.354866,-0.378739,6.364702,0.039516,0.017046
1.077045,43.709101,-411.678839,6.137021,6.503328,-17.384478,-239.267298,4.040071,3.198865,-0.340543,6.355715,0.040108,0.016824
1.077571,39.019470,-413.998568,6.005537,6.723601,-16.631433,-239.560171,3.828241,3.700013,-0.308822,6.352499,0.039185,0.015939
1.078097,34.530075,-415.984932,5.881315,6.485858,-14.513892,-239.629379,3.753141,3.417628,-0.271243,6.343679,0.038257,0.015629
1.078623,29.147534,-417.538995,5.950958,6.662224,-12.370016,-239.753104,3.734991,3.629709,-0.229414,6.334734,0.038649,0.015557
1.079150,23.962360,-419.054025,5.716334,6.683925,-10.378872,-240.232256,3.755048,3.606384,-0.189732,6.326362,0.037716,0.015615
1.079676,19.471649,-420.171147,5.682140,6.817874,-8.534096,-240.065587,3.820282,3.368431,-0.154261,6.318719,0.037669,0.015901
1.080202,14.038357,-421.424849,5.730344,6.591457,-6.175204,-240.007951,3.934881,3.520521,-0.110963,6.308909,0.038117,0.016388
1.080728,8.678079,-421.831819,5.722178,6.728908,-3.934959,-239.994527,4.136283,3.261723,-0.069253,6.299580,0.038747,0.017232
1.081254,3.565744,-422.142992,5.769911,6.672096,-2.430975,-240.412361,3.760528,3.353108,-0.032986,6.293297,0.037881,0.015641
1.081780,-1.311225,-422.570208,6.039514,6.541067,0.028553,-240.301858,4.029342,3.519269,0.007350,6.283066,0.039832,0.016768
1.082307,-6.783934,-421.841939,5.971315,6.739829,3.046143,-239.967526,3.610433,3.148817,0.053996,6.270492,0.038319,0.015044
1.082833,-12.087270,-421.378306,5.770108,6.444494,4.552907,-240.315039,3.969534,3.526334,0.091645,6.264242,0.038535,0.016514
1.083359,-17.326849,-420.790258,6.075354,6.439763,6.461893,-240.282756,4.034159,3.507384,0.131033,6.256299,0.040059,0.016782
1.083885,-22.532446,-419.587163,5.832998,6.497509,8.478658,-240.404923,4.075792,3.412505,0.171373,6.247932,0.039168,0.016940
1.084411,-27.219214,-418.157342,6.054597,6.413108,10.983233,-240.276282,3.814157,3.583713,0.211551,6.237506,0.039378,0.015856
1.084937,-32.065623,-416.679378,6.064765,6.257558,12.617689,-239.746876,4.178801,3.382055,0.247372,6.230605,0.040278,0.017398
1.085463,-36.918258,-414.812183,5.922304,6.423672,15.075520,-239.754487,3.633135,3.360734,0.288711,6.220389,0.038183,0.015119
1.085990,-41.234898,-412.841342,5.911177,6.210798,16.506775,-239.706327,4.040802,3.300835,0.321907,6.214431,0.039163,0.016804
1.086516,-45.506561,-410.644675,5.919649,6.211350,18.621009,-239.608131,4.027738,3.239169,0.358714,6.205627,0.039094,0.016741
1.087042,-49.871827,-408.255737,6.133999,6.420320,20.259120,-239.864281,4.192524,3.178298,0.394628,6.198925,0.040519,0.017390
1.087568,-53.568108,-405.643996,6.000550,6.367060,21.810639,-239.468887,4.041441,3.389023,0.425852,6.192357,0.039627,0.016787
1.088094,-57.379250,-403.242676,6.027544,6.411106,23.061657,-239.271298,4.410318,3.202271,0.456082,6.187099,0.040577,0.018307
1.088620,-61.480496,-400.726360,6.011033,6.242662,24.847074,-239.095529,4.390361,3.409058,0.490557,6.179636,0.040229,0.018225
1.089147,-64.679428,-397.741609,6.301566,6.458976,25.774569,-239.086958,4.132765,3.216283,0.518168,6.175796,0.040840,0.017147
1.089673,-67.908647,-395.766402,6.278479,6.366328,27.935396,-238.410695,4.153674,3.089688,0.547078,6.166544,0.040210,0.017252
1.090199,-70.843467,-392.890473,6.373947,6.202881,28.233697,-238.983494,4.047490,3.222142,0.571967,6.165590,0.040377,0.016777
1.090725,-73.889253,-390.084300,6.173878,6.382935,28.885760,-238.698519,4.617974,3.270498,0.596420,6.162757,0.041231,0.019137
1.091251,-76.749405,-388.200270,6.173939,6.352644,29.808456,-238.723229,4.273272,3.297648,0.619312,6.158962,0.040269,0.017707
1.091777,-79.204686,-385.775461,6.307028,6.366140,30.611498,-238.552185,4.495049,3.083310,0.640882,6.155561,0.040899,0.018609
1.092304,-81.757737,-382.669355,6.174911,6.411794,31.920417,-238.525735,4.141317,3.106133,0.667779,6.150152,0.039861,0.017142
1.092830,-83.783320,-380.695270,6.174911,6.411794,32.067529,-238.247428,4.135445,3.085293,0.682790,6.149392,0.039799,0.017135
1.093356,-85.870844,-378.447237,5.935004,6.382953,33.169425,-238.713105,4.124646,3.211383,0.705599,6.145118,0.039185,0.017050
1.093882,-87.743102,-376.280861,6.223620,6.128704,33.081957,-238.642842,3.982841,3.329566,0.720440,6.145438,0.039376,0.016484
1.094408,-89.719070,-374.490141,6.357293,6.257966,33.410774,-238.336202,4.210170,3.358882,0.735209,6.143910,0.040281,0.017432
1.094934,-91.629338,-372.492506,6.185440,6.313587,33.701062,-238.512406,4.264839,3.262779,0.752054,6.142818,0.039934,0.017633
1.095460,-93.102675,-370.975378,6.168702,6.304537,34.065767,-237.953588,4.223272,2.889697,0.762906,6.140990,0.039248,0.017475
1.095987,-94.796550,-369.578754,6.115571,6.473789,33.797305,-238.338485,4.184314,3.290152,0.775214,6.142321,0.039936,0.017317
1.096513,-95.708145,-368.145890,6.146396,6.145326,33.942204,-238.350708,4.292831,3.416815,0.784840,6.141732,0.039618,0.017766
1.097039,-97.212565,-367.113441,6.267404,6.242501,34.926501,-238.340926,4.061532,3.481790,0.798300,6.137681,0.039596,0.016814
1.097565,-97.983172,-365.639297,6.307784,6.371865,35.210926,-238.490139,4.136181,3.592682,0.808613,6.136603,0.040320,0.017112
1.098091,-99.233982,-365.024205,6.147956,6.225775,34.553026,-238.239779,4.303369,3.450580,0.812266,6.139155,0.039624,0.017810
1.098617,-100.102497,-364.282162,6.361414,6.470677,34.445823,-238.035009,4.131846,3.623355,0.817218,6.139474,0.040627,0.017138
1.099144,-100.838935,-363.777374,6.329583,6.379732,34.016079,-237.727168,4.261288,3.348630,0.819133,6.141061,0.040123,0.017676
1.099670,-101.511211,-363.272274,6.118694,6.452507,33.523914,-238.044678,4.376482,3.150349,0.823064,6.143275,0.039860,0.018120
1.100196,-102.080481,-363.168307,6.392749,6.459597,33.426931,-237.850427,4.194934,3.029935,0.824445,6.143562,0.039957,0.017384
1.100722,-102.535344,-363.483616,6.435792,6.342020,32.767366,-238.223524,3.888408,3.205432,0.823921,6.146494,0.039590,0.016122
1.101248,-102.952325,-363.335033,6.352730,6.455864,32.525463,-237.788308,3.677204,2.899939,0.823426,6.147246,0.038981,0.015268
1.101774,-103.245867,-363.689502,6.245789,6.505201,31.616681,-238.436690,4.164555,3.204722,0.822326,6.151354,0.040048,0.017253
1.102301,-103.271745,-363.786338,6.229617,6.567095,31.378509,-238.130520,3.951624,3.207002,0.819938,6.152170,0.039856,0.016404
1.102827,-103.707413,-364.769304,6.439548,6.337094,30.359382,-237.877830,4.112030,2.827978,0.812887,6.156246,0.039433,0.017075
1.103353,-103.682180,-366.393310,6.372846,6.185224,30.066488,-238.431647,4.197452,3.158107,0.807507,6.157746,0.039334,0.017407
1.103879,-103.625170,-366.833373,6.193668,6.411435,29.293050,-238.257083,4.018119,2.927572,0.802001,6.160852,0.038998,0.016680
1.104405,-103.416780,-368.483366,6.141878,6.265197,27.827744,-238.384562,4.307913,3.201593,0.789782,6.166977,0.039343,0.017895
1.104931,-102.992476,-369.988947,6.162580,6.476627,26.652875,-239.219198,3.718670,3.247213,0.781080,6.172227,0.039215,0.015427
1.105457,-102.438584,-371.527424,6.428810,6.179637,26.146600,-239.231101,3.672227,3.125603,0.771174,6.174323,0.038892,0.015234
1.105984,-101.741648,-372.887577,6.190334,6.210656,25.530589,-238.795669,4.029341,2.919459,0.759311,6.176676,0.038636,0.016733
1.106510,-101.144801,-374.784325,6.255375,6.366345,23.631965,-239.271701,4.111661,3.087537,0.744176,6.184738,0.039631,0.017065
1.107036,-100.099462,-376.993739,6.343950,6.332471,23.125199,-239.322726,4.498175,3.462489,0.730083,6.186857,0.040771,0.018673
1.107562,-99.305824,-378.664471,6.323610,6.339931,21.741944,-239.061824,4.043510,2.528647,0.714331,6.192488,0.039084,0.016802
1.108088,-97.949489,-380.835743,6.147660,6.300867,20.271513,-239.089386,4.254547,2.964301,0.695150,6.198601,0.039389,0.017699
1.108614,-96.681889,-383.278375,6.264330,6.384881,18.486353,-240.213277,3.763877,3.123993,0.677786,6.206379,0.039367,0.015608
1.109141,-95.025725,-385.389469,6.409740,6.185658,17.354199,-239.899406,4.013639,3.139403,0.657698,6.210972,0.039899,0.016670
1.109667,-93.599245,-388.173688,6.240647,6.424856,16.083898,-239.996072,4.313818,3.090954,0.637209,6.216268,0.040292,0.017915
1.110193,-91.982670,-390.576445,5.967262,6.409960,14.285071,-240.050882,4.232944,3.104492,0.614727,6.223747,0.039359,0.017588
1.110719,-89.774016,-392.674924,5.980875,6.251290,12.350902,-240.299526,4.149385,3.406071,0.590458,6.231833,0.039415,0.017237
1.111245,-87.793877,-395.757728,5.963838,6.417442,10.490317,-240.261047,4.168125,3.197639,0.563664,6.239551,0.039390,0.017325
1.111771,-85.625705,-397.999565,5.909069,6.441439,8.470915,-240.042070,4.135304,3.150901,0.537258,6.247911,0.039168,0.017212
1.112298,-82.879837,-400.682839,6.188818,6.203947,6.630507,-239.779318,4.151416,2.922525,0.507666,6.255540,0.039734,0.017304
1.112824,-80.052020,-402.910462,5.863530,6.181041,4.298638,-240.179463,4.239149,3.104572,0.478215,6.265290,0.039113,0.017646
1.113350,-77.504152,-405.252911,5.882576,6.267553,2.306123,-240.514801,4.170754,3.463479,0.451145,6.273597,0.039342,0.017340
1.113876,-74.203708,-407.361800,6.167010,6.368765,0.490995,-240.309794,4.070489,2.958383,0.420468,6.281142,0.040053,0.016938
1.114402,-71.299388,-409.431967,6.015447,6.453751,-1.700865,-240.256710,4.239149,3.104572,0.390294,6.290265,0.040074,0.017644
1.114928,-67.669869,-411.339064,6.112497,6.288935,-3.913899,-240.526876,4.278347,3.226433,0.357237,6.299456,0.040665,0.017784
1.115454,-63.908188,-413.793343,6.092002,6.416377,-6.409749,-239.941090,3.699514,3.124713,0.319407,6.309893,0.038928,0.015411
1.115981,-60.420597,-415.286170,6.094848,6.321675,-9.008312,-239.944666,4.475891,3.256286,0.285218,6.320711,0.041194,0.018635
1.116507,-56.460671,-416.909583,5.982287,6.623262,-11.531032,-240.123431,4.251453,3.284171,0.248878,6.331170,0.040253,0.017677
1.117033,-52.690409,-418.240195,5.884392,6.409984,-13.611021,-239.853627,4.211434,3.452390,0.215664,6.339872,0.039636,0.017521
1.117559,-48.060101,-419.129754,5.981252,6.369425,-15.842444,-240.234952,4.120178,3.228312,0.178183,6.349036,0.039936,0.017099
1.118085,-43.846764,-420.084907,5.895203,6.756548,-18.737460,-239.343609,3.822719,3.226393,0.138040,6.361313,0.038554,0.015909
1.118611,-39.529889,-420.889337,5.964340,6.482032,-20.893189,-239.117653,3.843875,3.337185,0.102171,6.370340,0.038844,0.015999
1.119138,-34.616682,-421.262531,5.798951,6.544162,-22.893024,-239.143402,3.843875,3.337185,0.064285,6.378624,0.038132,0.015982
1.119664,-30.617803,-421.000303,5.792101,6.468640,-25.818035,-239.036688,3.914312,2.966356,0.026372,6.390777,0.038405,0.016241
1.120190,-26.331925,-421.099913,5.681409,6.522275,-28.261403,-238.582600,3.568082,2.841076,-0.010571,6.401091,0.036756,0.014814
1.120716,-21.834614,-420.505846,5.617486,6.544786,-29.875163,-238.139925,4.040434,3.424122,-0.044062,6.407985,0.037912,0.016798
1.121242,-17.336645,-419.924591,6.053381,6.797961,-32.863583,-237.795632,3.816560,3.395051,-0.085047,6.420516,0.039167,0.015868
1.121768,-13.151832,-418.992387,6.026190,6.491112,-34.838301,-237.851085,3.815960,3.384816,-0.119154,6.428622,0.039112,0.015839
1.122295,-8.916044,-418.026835,6.062853,6.615603,-36.749104,-237.391776,3.750466,3.349992,-0.152882,6.436770,0.039044,0.015576
1.122821,-4.798880,-416.757800,5.947386,6.776483,-38.181181,-237.110190,4.168823,3.165778,-0.183725,6.442842,0.039789,0.017265
1.123347,-0.588452,-415.056304,5.972327,6.775709,-40.040385,-236.883114,3.854439,3.288066,-0.217909,6.450633,0.039062,0.015983
1.123873,3.329644,-413.315896,5.972804,6.608027,-41.579366,-236.930396,3.952340,3.587377,-0.249310,6.456908,0.039471,0.016387
1.124399,7.155563,-412.227224,5.960690,6.543988,-42.885656,-236.145678,3.605057,3.340954,-0.276893,6.462834,0.038214,0.014987
1.124925,11.009802,-410.255026,5.960858,6.488293,-44.493034,-236.029293,3.646226,3.340890,-0.308404,6.469505,0.038374,0.015139
1.125451,14.466109,-408.666774,6.055266,6.464615,-45.662925,-235.782013,4.061398,3.346797,-0.334712,6.474483,0.039826,0.016813
1.125978,18.238336,-406.532343,5.876997,6.611642,-47.146550,-235.667600,3.724651,3.358011,-0.365478,6.480634,0.038361,0.015442
1.126504,21.387391,-404.937535,6.174103,6.256228,-47.801235,-234.967199,3.303728,3.047156,-0.386580,6.483884,0.038124,0.013737
1.127030,24.904364,-402.654142,6.127240,6.382144,-48.581285,-234.672455,3.771946,3.126397,-0.412379,6.487319,0.039165,0.015638
1.127556,27.949449,-400.682085,6.007155,6.373805,-49.506993,-235.445686,3.983267,3.533186,-0.438346,6.490435,0.039576,0.016481
1.128082,31.098210,-398.913561,6.113474,6.391620,-50.850326,-235.161957,3.793584,3.541377,-0.464003,6.496142,0.039416,0.015722
1.128608,34.032130,-397.157183,6.120491,6.262643,-50.819029,-234.983109,3.770438,3.394183,-0.482043,6.496172,0.039199,0.015616
1.129135,36.907366,-394.942738,6.241879,6.441420,-51.787186,-234.585151,4.022434,3.943056,-0.505224,6.500461,0.040685,0.016729
1.129661,39.992896,-393.354621,6.097024,6.470466,-51.573896,-234.854508,4.091390,3.998743,-0.523867,6.499353,0.040478,0.016998
1.130187,42.112129,-391.874390,6.174740,6.424879,-51.825925,-235.273975,4.125509,3.630379,-0.540315,6.500002,0.040598,0.017035
1.130713,44.963842,-390.301816,6.407349,6.362247,-51.890639,-234.690839,4.047391,3.771692,-0.556738,6.500787,0.041072,0.016787
1.131239,47.164123,-388.953166,6.461270,6.259572,-51.955400,-235.057459,4.123151,3.917707,-0.572195,6.500720,0.041429,0.017089
1.131765,49.718092,-387.661224,6.270349,6.323700,-51.906045,-234.620017,4.163221,3.561609,-0.586176,6.500913,0.040528,0.017217
1.132292,51.776708,-386.214602,6.206694,6.316741,-51.770549,-235.304996,4.139086,3.983422,-0.601373,6.499750,0.040776,0.017150
1.132818,53.739651,-385.068188,6.268306,6.413824,-51.515201,-234.908558,4.074516,3.786262,-0.611365,6.499067,0.040719,0.016889
1.133344,55.646776,-384.586444,6.375101,6.503019,-51.053810,-234.970833,3.812120,3.552176,-0.619507,6.497137,0.040388,0.015807
1.133870,57.307721,-383.859650,6.451649,6.305043,-50.523638,-234.851664,3.972649,3.631379,-0.626430,6.495086,0.040638,0.016477
1.134396,59.389402,-382.883458,6.388388,6.445070,-49.832040,-234.691238,3.826686,3.477561,-0.635146,6.492408,0.040217,0.015890
1.134922,61.022572,-382.650702,6.562671,6.387534,-48.682934,-234.965907,3.957934,3.661161,-0.638900,6.487486,0.041082,0.016445
1.135448,62.420536,-381.914703,6.559656,6.297309,-47.249703,-235.109090,3.918972,3.121438,-0.641607,6.481513,0.040533,0.016226
1.135975,64.177305,-381.941727,6.440692,6.336217,-46.791406,-235.114994,3.684431,3.083511,-0.647190,6.479634,0.039591,0.015281
1.136501,65.478381,-381.912734,6.480509,6.253730,-45.498279,-235.505650,3.725620,3.223874,-0.648602,6.474028,0.039833,0.015462
1.137027,66.708856,-381.958928,6.502582,6.269836,-44.964827,-235.582168,3.802144,3.302033,-0.651718,6.471784,0.040038,0.015785
1.137553,67.829792,-382.269886,6.331110,6.446566,-43.988777,-235.995250,3.908674,3.895914,-0.652681,6.467467,0.040596,0.016280
1.138079,69.073139,-382.392409,6.572432,6.268194,-42.794540,-236.147412,3.670677,3.877361,-0.652990,6.462459,0.040572,0.015323
1.138605,70.277180,-383.091768,6.412682,6.232519,-41.007484,-236.304650,3.779260,3.749890,-0.648688,6.455011,0.040075,0.015754
1.139132,71.090450,-383.852882,6.502085,6.277030,-39.241483,-236.372351,3.824105,3.782427,-0.642292,6.447700,0.040541,0.015955
1.139658,71.994329,-384.282750,6.316227,6.331853,-37.615554,-236.474460,4.087215,3.370331,-0.638083,6.440932,0.040219,0.017002
1.140184,72.781617,-385.201877,6.571744,6.493757,-35.524830,-237.274770,4.138827,3.294206,-0.631986,6.431802,0.041458,0.017181
1.140710,73.594515,-386.612695,6.378367,6.358832,-33.904819,-237.541534,4.009744,3.679624,-0.624765,6.424960,0.040647,0.016684
1.141236,73.902411,-387.871335,6.623013,6.059428,-32.109846,-237.889486,4.008641,3.575001,-0.615298,6.417352,0.040910,0.016669
1.141762,74.507323,-389.225382,6.401670,6.222065,-30.500921,-237.807021,3.931414,3.907850,-0.606348,6.410748,0.040481,0.016396
1.142289,74.927611,-390.517726,6.499435,6.250286,-28.215352,-238.140110,3.862027,3.750956,-0.595047,6.401118,0.040631,0.016098
1.142815,75.093300,-392.047383,6.388357,6.255411,-26.249060,-238.381977,3.908890,3.534745,-0.583025,6.392857,0.040193,0.016281
1.143341,75.050896,-394.072119,6.482870,6.183547,-24.052490,-237.965469,3.818279,3.517274,-0.565647,6.383919,0.040065,0.015952
1.143867,75.104944,-395.351583,6.521839,6.307101,-20.909603,-238.851608,3.605691,3.100153,-0.550295,6.370505,0.039969,0.015024
1.144393,74.758093,-396.820026,6.424675,6.222083,-19.041774,-239.165249,3.751172,3.407619,-0.536713,6.362635,0.040070,0.015626
1.144919,74.787572,-398.883939,6.498234,6.352906,-16.220484,-239.094289,4.121880,3.495059,-0.517728,6.350923,0.041268,0.017189
1.145445,74.188219,-400.311999,6.178488,6.577208,-13.669131,-238.888697,3.932693,3.561642,-0.498431,6.340343,0.040046,0.016431
1.145972,73.396513,-402.500474,6.428443,6.221135,-11.114921,-239.301097,3.788461,3.255292,-0.477819,6.329599,0.040106,0.015810
1.146498,72.920040,-404.145129,6.227708,6.473702,-8.417169,-239.804995,3.741795,3.062125,-0.459585,6.318271,0.039511,0.015591
1.147024,71.392095,-405.551650,6.227085,6.311941,-5.076349,-239.495024,3.594951,3.827136,-0.431548,6.304378,0.039515,0.015008
1.147550,70.894187,-407.516607,6.039691,6.527642,-2.451208,-239.586869,3.610768,3.724300,-0.411791,6.293416,0.038830,0.015070
1.148076,69.665559,-409.446173,6.301612,6.283111,0.988123,-240.324007,3.833502,3.414774,-0.385738,6.279074,0.040237,0.015951
1.148602,68.368459,-411.203960,5.965244,6.313937,3.618402,-240.010121,3.749511,3.352967,-0.361596,6.268110,0.038566,0.015620
1.149129,66.604418,-412.522972,6.241987,6.561105,7.415339,-240.123409,3.659205,3.454847,-0.330716,6.252314,0.039800,0.015231
1.149655,65.083944,-413.665552,6.006376,6.520784,10.024881,-239.763011,3.412776,3.142814,-0.306624,6.241398,0.038040,0.014220
1.150181,63.281946,-414.768003,5.998825,6.708390,13.253443,-239.914689,3.853437,3.519463,-0.278672,6.227999,0.039394,0.016033
1.150707,61.721975,-416.351090,6.221481,6.627308,17.137396,-240.032482,3.712187,3.290876,-0.247672,6.211910,0.039887,0.015418
1.151233,59.624020,-416.974491,5.737570,6.776246,20.256296,-239.537794,4.049625,3.389107,-0.218332,6.198822,0.038788,0.016828
1.151759,57.457530,-417.502177,6.003959,6.684362,23.233291,-238.531517,3.767151,3.143197,-0.188947,6.186090,0.038958,0.015696
1.152286,55.422056,-418.551517,6.038076,6.649644,27.132525,-238.142730,3.641706,3.442408,-0.155541,6.169741,0.038672,0.015183
1.152812,53.307673,-418.615159,5.998893,6.539978,30.067814,-238.036726,4.035497,3.286017,-0.127993,6.157535,0.039718,0.016775
1.153338,51.450399,-418.828614,5.962448,6.695090,33.390823,-238.051975,3.828705,3.368539,-0.099570,6.143828,0.039026,0.015893
1.153864,48.914822,-418.779257,5.928261,6.517499,36.318424,-237.545955,3.958718,3.285028,-0.069392,6.131470,0.039243,0.016415
1.154390,46.790061,-418.661642,6.034916,6.831894,39.701097,-237.174169,4.017540,3.126494,-0.039041,6.117331,0.039919,0.016617
1.154916,44.443104,-418.407305,6.033063,6.659005,43.073229,-236.381971,3.820877,3.405892,-0.007526,6.102944,0.039231,0.015850
1.155442,42.501099,-417.501525,6.213506,6.386813,46.177096,-235.858196,4.001271,3.314272,0.020235,6.089848,0.040677,0.016552
1.155969,40.346501,-417.004892,6.264751,6.330982,49.274891,-235.077029,3.742141,3.195161,0.049037,6.076565,0.040060,0.015491
1.156495,37.720845,-415.968846,5.864351,6.631271,52.580859,-234.548409,4.043129,2.959647,0.081727,6.062652,0.039137,0.016633
1.157021,35.718832,-414.911801,5.813343,6.762096,54.555883,-234.171850,4.040422,3.226073,0.103847,6.054294,0.038984,0.016647
1.157547,33.571950,-414.279160,5.856068,6.465585,57.508366,-233.740459,3.914672,3.437937,0.131815,6.041942,0.038705,0.016156
1.158073,31.581083,-412.752604,5.870558,6.382433,59.883486,-232.947315,4.110053,3.015927,0.156125,6.031565,0.039357,0.016842
1.158599,29.580355,-411.597947,5.870435,6.644194,62.095697,-232.527773,4.193242,3.144926,0.179622,6.022228,0.039663,0.017167
1.159126,28.137902,-409.975042,6.119164,6.326754,65.038357,-231.842882,3.802904,3.458610,0.204263,6.009687,0.039606,0.015693
1.159652,26.390795,-408.993106,6.107111,6.455334,66.809212,-230.972272,4.017491,2.966688,0.223258,6.001618,0.039989,0.016413
1.160178,24.964110,-408.026438,5.853186,6.452499,69.303617,-230.325818,3.623245,3.116144,0.244525,5.990909,0.037678,0.014900
1.160704,23.833881,-406.265084,5.954694,6.305165,71.244926,-230.165591,4.052753,3.269688,0.262993,5.983001,0.039460,0.016562
1.161230,22.281659,-404.514603,6.074688,6.332311,72.663364,-229.210057,4.070180,2.991871,0.279853,5.976191,0.039962,0.016568
1.161756,20.863549,-403.219548,5.915896,6.125166,74.456301,-228.830785,4.029944,3.184728,0.298157,5.968612,0.039117,0.016443
1.162283,20.025965,-401.779173,6.218985,6.237858,76.596026,-228.119073,4.002094,2.964707,0.314912,5.959241,0.040242,0.016247
1.162809,18.706468,-400.772741,5.906846,6.509178,77.367378,-227.757250,3.692932,3.198734,0.326887,5.955723,0.038296,0.015153
1.163335,17.991914,-398.996207,6.242991,6.363219,79.550942,-227.063482,3.687888,3.363312,0.343821,5.946202,0.039671,0.015187
1.163861,16.716926,-398.235375,5.903706,6.509137,80.720982,-226.754479,3.945810,3.386661,0.357229,5.941189,0.038956,0.016149
1.164387,15.779895,-397.202378,6.180203,6.452147,81.361080,-226.461931,3.653274,3.286335,0.366724,5.938276,0.039295,0.015015
1.164913,14.993010,-396.153501,5.902720,6.530612,82.386441,-225.972091,4.099591,2.961077,0.377061,5.933575,0.039251,0.016559
1.165439,15.006446,-395.314050,6.300531,6.492097,83.057957,-225.776933,3.738920,3.094262,0.381709,5.930675,0.040003,0.015247
1.165966,14.105537,-394.093606,6.254885,6.427672,84.554097,-225.565791,4.217671,3.168792,0.395947,5.924543,0.041000,0.017032
1.166492,13.777942,-393.813646,6.274796,6.367929,85.149559,-225.111174,3.866670,3.220656,0.400228,5.921563,0.040045,0.015755
1.167018,13.500750,-393.111461,6.302855,6.419077,85.775119,-224.639601,4.061791,3.133626,0.405253,5.918436,0.040608,0.016451
1.167544,13.299653,-392.899156,6.294895,6.391026,86.183058,-224.847314,4.130608,3.285328,0.409213,5.917161,0.040812,0.016745
1.168070,13.203688,-392.892161,6.331013,6.419391,86.325756,-224.481183,4.163832,3.066674,0.409627,5.916063,0.040882,0.016795
1.168596,13.166994,-392.641681,6.376047,6.547814,86.320731,-224.806274,4.040802,3.300835,0.411038,5.916567,0.041044,0.016417
1.169123,13.249692,-392.597076,6.331977,6.554668,86.386438,-224.535639,4.118297,3.464844,0.410460,5.915908,0.041091,0.016793
1.169649,13.166994,-392.641681,6.376047,6.547814,86.380841,-224.708523,4.016741,3.396845,0.411126,5.916188,0.040997,0.016376
1.170175,13.249692,-392.597076,6.331977,6.554668,86.664730,-224.632134,3.943236,3.461888,0.412062,5.914974,0.040653,0.016133
1.170701,13.468802,-392.769890,6.423546,6.598202,86.386438,-224.535639,4.118297,3.464844,0.408989,5.915908,0.041463,0.016793
1.171227,13.702647,-393.317455,6.251660,6.528001,86.394857,-225.179215,4.089024,3.563961,0.408068,5.916834,0.040753,0.016690
1.171753,13.944904,-393.947155,6.229066,6.547282,86.227348,-224.874563,4.105678,3.264535,0.404006,5.917030,0.040453,0.016641
1.172280,15.282215,-394.741553,6.263190,6.478195,85.368640,-224.665032,3.686884,2.945187,0.390883,5.920054,0.039391,0.014986
1.172806,15.722967,-395.166037,6.371802,6.422635,84.882724,-225.423450,3.912110,3.083178,0.386903,5.923058,0.040524,0.015855
1.173332,16.204717,-396.626956,6.273108,6.441814,84.154249,-224.927034,4.247860,2.783474,0.376834,5.925169,0.040631,0.017057
1.173858,16.890660,-397.588706,5.886770,6.455725,83.265812,-225.453658,3.749172,2.786047,0.368031,5.929399,0.037867,0.015175
1.174384,18.255513,-398.951947,6.066215,6.405082,81.018982,-226.401937,3.704762,3.225030,0.348863,5.939530,0.038753,0.015194
1.174910,18.808378,-400.033842,5.903087,6.438577,81.099597,-225.571705,3.533319,2.586878,0.342939,5.938047,0.037174,0.014343
1.175436,20.047592,-400.696773,6.119913,6.484657,79.549236,-227.200694,4.133120,2.905098,0.330386,5.946397,0.040105,0.016688
1.175963,21.200829,-402.041315,6.375109,6.417803,78.517193,-227.818101,3.844595,2.886809,0.317830,5.951286,0.040379,0.015581
1.176489,22.539894,-403.678295,6.051920,6.477784,77.089113,-228.340284,3.813971,3.211717,0.301617,5.957594,0.038994,0.015588
1.177015,23.918864,-405.146351,6.165070,6.258524,75.416711,-228.663644,3.578800,3.360832,0.283918,5.964605,0.038765,0.014777
1.177541,25.107627,-406.158290,5.886043,6.426107,73.759222,-228.738248,3.611457,3.155110,0.267638,5.971251,0.037635,0.014858
1.178067,26.821809,-407.748449,6.175195,6.557228,71.727861,-229.514237,3.552416,3.137763,0.246813,5.980282,0.038807,0.014628
1.178593,28.078924,-408.603407,6.118554,6.410506,69.888403,-230.184131,3.256280,3.107552,0.230180,5.988411,0.037878,0.013485
1.179120,29.907899,-410.334893,6.060749,6.296709,67.464659,-230.580284,3.805749,2.972413,0.205971,5.998544,0.038928,0.015595
1.179646,31.894794,-411.038516,6.038690,6.585571,66.156170,-231.294992,3.912996,3.298664,0.188353,6.004598,0.039358,0.016087
1.180172,33.303579,-412.338573,6.016699,6.525448,63.424632,-232.125537,3.557204,3.120315,0.165611,6.016461,0.038291,0.014664
1.180698,35.182318,-413.638954,6.088578,6.547920,60.943991,-232.652591,3.790945,3.346747,0.141391,6.026989,0.039253,0.015651
1.181224,37.323201,-414.852842,6.063506,6.377367,58.589950,-233.247777,3.791011,3.267547,0.116573,6.037085,0.039111,0.015643
1.181750,39.452246,-415.995740,6.033412,6.522452,55.792563,-234.250091,3.915347,3.094459,0.089667,6.049366,0.039417,0.016095
1.182277,41.438551,-416.672814,6.051513,6.660644,53.600465,-233.765115,3.582416,2.684756,0.066394,6.057789,0.038367,0.014773
1.182803,43.524256,-417.194753,5.972421,6.533678,51.017589,-234.053916,4.126854,2.738298,0.040893,6.068569,0.039604,0.017007
1.183329,46.330403,-418.181690,6.090653,6.763051,47.240968,-235.209559,3.871315,3.102523,0.004976,6.084976,0.039442,0.016024
1.183855,48.629202,-418.431232,6.060955,6.612224,44.582463,-236.513024,4.039227,3.170957,-0.022241,6.096872,0.040028,0.016672
1.184381,50.966153,-418.583628,6.084141,6.702317,41.609195,-235.833232,3.626098,2.894410,-0.051156,6.108548,0.038709,0.015059
1.184907,52.885153,-418.222191,6.047137,6.629904,38.608886,-236.815284,3.620145,2.932927,-0.078536,6.121573,0.038739,0.015020
1.185433,55.037725,-418.504419,6.076446,6.638579,35.057560,-236.903627,3.727293,2.750240,-0.109582,6.136269,0.039022,0.015488
1.185960,57.498024,-417.938965,5.971747,6.685208,32.805884,-237.906091,3.531902,2.906437,-0.136303,6.146155,0.038217,0.014662
1.186486,59.351185,-417.644475,6.032767,6.672325,28.997079,-238.595429,3.841223,3.060887,-0.167933,6.162246,0.039411,0.015939
1.187012,61.529100,-416.829798,6.147284,6.576735,25.783497,-238.250410,3.628658,3.100448,-0.197556,6.175385,0.039224,0.015118
1.187538,63.543183,-416.263752,6.190356,6.621560,22.517720,-239.111648,3.979439,3.161520,-0.227572,6.189290,0.040464,0.016542
1.188064,65.477400,-415.528223,6.084404,6.997055,19.442676,-239.671140,3.816568,3.384309,-0.256029,6.202240,0.039727,0.015861
1.188590,67.017159,-414.326572,6.066888,6.648033,16.361288,-239.955589,4.003592,3.185442,-0.282724,6.215106,0.040075,0.016632
1.189117,68.943552,-412.612511,6.112878,6.484928,13.233638,-240.122695,3.765968,3.413416,-0.312399,6.228129,0.039688,0.015656
1.189643,70.637008,-411.558966,5.971294,6.692736,9.697057,-240.179403,4.071052,3.368038,-0.341641,6.242833,0.039899,0.016932
1.190169,72.049037,-409.958887,6.179277,6.551428,6.628244,-240.755216,3.730266,3.276956,-0.368936,6.255661,0.039865,0.015487
1.190695,73.337295,-408.060975,6.231136,6.681356,3.782014,-240.583557,3.888301,3.211422,-0.393636,6.267466,0.040557,0.016159
1.191221,74.450416,-406.567685,6.092504,6.797479,0.847695,-240.496727,3.641842,3.230195,-0.417185,6.279661,0.039471,0.015143
1.191747,75.457089,-404.565118,6.356600,6.522639,-2.080225,-240.745711,3.927030,3.220418,-0.442068,6.291826,0.041028,0.016311
1.192274,76.291208,-402.939238,6.114721,6.535294,-5.238587,-239.929162,3.686819,3.756710,-0.463769,6.305016,0.039622,0.015363
1.192800,76.864628,-401.020172,6.293935,6.525167,-7.194141,-240.044196,3.672578,3.612831,-0.481235,6.313146,0.040331,0.015293
1.193326,77.634329,-399.295834,6.360579,6.489565,-10.336925,-239.721208,3.938287,3.252632,-0.503830,6.326279,0.040775,0.016409
1.193852,78.278115,-397.678879,6.502385,6.327662,-12.941979,-239.912878,3.835203,3.171531,-0.524235,6.337078,0.040792,0.015955
1.194378,78.522615,-395.778932,6.310771,6.468578,-14.782425,-240.057575,3.641304,3.617918,-0.539816,6.344686,0.040319,0.015139
1.194904,78.596960,-394.462513,6.455508,6.253414,-17.165695,-239.358114,3.590902,3.527563,-0.553121,6.354778,0.040214,0.014962
1.195430,78.516200,-392.609091,6.436514,6.281168,-20.116158,-238.776531,4.068707,3.392324,-0.570141,6.367234,0.040928,0.016961
1.195957,78.582167,-391.514700,6.360800,6.305873,-22.033537,-238.898998,4.010392,3.097016,-0.582868,6.375155,0.040336,0.016688
1.196483,78.022023,-389.765414,6.259324,6.240219,-24.125366,-238.727892,3.916224,3.025863,-0.594645,6.383901,0.039739,0.016288
1.197009,77.848220,-388.569443,6.188532,6.357910,-26.221437,-238.132770,3.848407,3.739644,-0.605190,6.392856,0.039996,0.016058
1.197535,77.489147,-387.628429,6.402209,6.298364,-27.709656,-238.211269,3.689688,3.764251,-0.613446,6.398989,0.040343,0.015390
1.198061,77.201201,-386.429702,6.435915,6.415542,-30.000385,-238.168784,4.051433,3.859966,-0.626036,6.408488,0.041347,0.016865
1.198587,76.476906,-385.566004,6.394176,6.455664,-31.925977,-237.310397,3.972850,3.469400,-0.631353,6.416915,0.040614,0.016557
1.199114,75.368503,-384.998458,6.556211,6.335912,-33.394959,-237.389557,4.035365,3.565564,-0.635022,6.422944,0.041181,0.016797
1.199640,74.515553,-383.953636,6.428304,6.445560,-34.607696,-237.065414,3.646977,3.791327,-0.638942,6.428145,0.040560,0.015235
1.200166,73.842526,-383.822575,6.734511,6.506162,-36.556999,-237.250641,3.895817,3.484407,-0.645553,6.436069,0.041624,0.016191
1.200692,72.714524,-383.137089,6.677864,6.383146,-38.044418,-236.575249,4.098014,3.499961,-0.647149,6.442633,0.041576,0.017044
1.201218,71.822631,-382.890065,6.421434,6.290480,-38.961414,-237.089515,3.794477,3.425552,-0.649764,6.446062,0.040149,0.015754
1.201744,70.349911,-382.857118,6.511397,6.437138,-40.360763,-236.462917,3.884361,3.861384,-0.647489,6.452242,0.041160,0.016190
1.202271,69.106522,-383.121019,6.540618,6.466481,-41.227089,-237.038872,3.804485,3.322134,-0.646875,6.455388,0.040751,0.015757
1.202797,67.465816,-383.594975,6.505162,6.443230,-42.117523,-236.048860,3.847878,3.405247,-0.638816,6.459754,0.040607,0.015994
1.203323,66.307465,-383.930401,6.478640,6.366856,-43.795717,-235.995026,3.995522,3.657400,-0.639821,6.466677,0.040761,0.016601
1.203849,64.494664,-384.219034,6.587679,6.311406,-44.186933,-235.965577,3.956656,3.746853,-0.632584,6.468301,0.041158,0.016453
1.204375,62.826136,-384.756627,6.580404,6.644605,-44.768304,-235.662974,3.845549,3.549663,-0.625113,6.470916,0.041289,0.015990
1.204901,60.780570,-385.779077,6.404009,6.566213,-45.456948,-236.172832,3.997066,3.541332,-0.617482,6.473333,0.040980,0.016555
1.205427,58.861744,-386.627968,6.484231,6.557401,-45.660947,-235.586124,3.944291,3.693081,-0.605344,6.474630,0.041208,0.016400
1.205954,57.135978,-387.971536,6.517560,6.445308,-46.562676,-234.717899,3.897007,3.504747,-0.594880,6.479020,0.040607,0.016227
1.206480,54.841991,-388.680999,6.438808,6.423062,-46.811032,-234.533985,3.678738,3.593381,-0.582993,6.480188,0.040070,0.015368
1.207006,52.662517,-390.303322,6.537076,6.504029,-46.559641,-235.172202,3.733748,3.504422,-0.569031,6.478639,0.040662,0.015539
1.207532,50.541102,-391.752819,6.379961,6.562660,-46.429747,-234.847449,3.739250,3.671678,-0.553565,6.478370,0.040280,0.015609
1.208058,47.567719,-393.201460,6.200098,6.652354,-46.553715,-234.884231,3.853167,3.179014,-0.536374,6.478848,0.039738,0.015994
1.208584,45.386263,-394.263794,6.346686,6.608875,-46.646103,-235.057373,3.829933,3.826544,-0.524138,6.479086,0.040619,0.015981
1.209111,42.719554,-396.438039,6.211448,6.583955,-46.694123,-235.789918,3.855203,3.696831,-0.507882,6.478689,0.040076,0.016014
1.209637,39.719491,-398.179959,6.402237,6.414274,-46.390418,-235.058567,4.026921,3.756852,-0.485709,6.478038,0.040852,0.016766
1.210163,37.149008,-399.823512,6.359195,6.417098,-45.399575,-235.728009,3.888872,3.629597,-0.466086,6.473449,0.040490,0.016162
1.210689,34.069198,-401.501473,6.342889,6.754509,-44.905467,-236.203161,3.619920,3.352401,-0.445706,6.471057,0.040110,0.015018
1.211215,31.331844,-403.472461,6.229922,6.752771,-45.144666,-236.229838,3.743236,3.186723,-0.428890,6.472013,0.039711,0.015488
1.211741,27.911480,-405.384857,6.354582,6.809972,-43.890831,-235.297535,3.853833,3.228718,-0.399454,6.467599,0.040341,0.016020
1.212268,24.220335,-407.258962,6.352772,6.516907,-42.853746,-236.270277,3.692402,3.469305,-0.373827,6.462611,0.040031,0.015348
1.212794,21.032352,-408.782388,6.123682,7.003560,-41.362748,-236.336453,3.962077,3.500858,-0.347169,6.456447,0.040121,0.016460
1.213320,17.214343,-410.238993,6.024000,6.821179,-40.668064,-236.634761,3.576800,3.254262,-0.321825,6.453383,0.038596,0.014860
1.213846,13.642590,-412.179543,6.209348,6.820347,-39.368764,-236.218694,3.873883,3.197541,-0.292620,6.448330,0.039923,0.016107
1.214372,9.803018,-414.159512,5.922752,6.937648,-38.516778,-237.000761,3.678434,3.012094,-0.266272,6.444294,0.038200,0.015255
1.214898,5.985585,-415.697520,5.785249,7.020416,-36.646008,-236.919576,3.771095,3.192916,-0.234089,6.436646,0.037823,0.015678
1.215424,2.010747,-416.972953,6.084211,6.769879,-34.658652,-237.055246,3.750054,3.246639,-0.201058,6.428362,0.039004,0.015612
1.215951,-2.358344,-418.280534,6.115127,6.578369,-32.988816,-237.539350,3.772808,3.287249,-0.167876,6.421180,0.039222,0.015696
1.216477,-6.670680,-419.498340,6.016571,6.898923,-31.952942,-238.393915,4.100572,3.298183,-0.138704,6.416425,0.039857,0.016995
1.217003,-10.766390,-420.073223,5.979968,6.818001,-29.706123,-238.422824,4.175909,3.413617,-0.103889,6.407141,0.039956,0.017336
1.217529,-14.921138,-420.892766,6.033294,6.622326,-28.231255,-238.982245,3.664919,3.249738,-0.073038,6.400772,0.038712,0.015207
1.218055,-19.153034,-421.291953,6.017048,6.772494,-26.306766,-238.595367,3.846923,3.271538,-0.039136,6.392999,0.039064,0.015999
1.218581,-24.055093,-421.463211,6.322574,6.706532,-23.274273,-239.184006,4.155780,3.156740,0.004284,6.380187,0.041508,0.017259
1.219108,-28.313800,-421.703602,5.704987,6.789794,-22.148873,-239.516482,4.168998,3.179375,0.033826,6.375396,0.038765,0.017301
1.219634,-32.617354,-421.416765,5.879142,6.525824,-19.561048,-239.071220,4.215688,3.468754,0.071480,6.364824,0.039577,0.017556
1.220160,-36.859824,-421.245025,6.186611,6.645580,-17.856078,-239.720336,4.327507,3.164617,0.104310,6.357535,0.041355,0.017979
1.220686,-41.403090,-420.403959,6.171844,6.696263,-15.074534,-239.419562,3.758019,3.286401,0.144461,6.346065,0.039537,0.015658
1.221212,-45.356565,-419.502425,6.197784,6.711249,-12.514938,-239.505849,3.516594,3.297079,0.180472,6.335391,0.039010,0.014660
1.221738,-49.550774,-418.594281,6.284340,6.548402,-10.268724,-239.952517,3.542651,3.333533,0.216448,6.325954,0.039475,0.014749
1.222265,-53.785588,-417.211730,6.206285,6.774141,-7.820814,-239.960578,4.076023,3.237090,0.253731,6.315766,0.040578,0.016974
1.222791,-57.659712,-415.446335,6.211862,6.394588,-5.714911,-240.180994,4.190609,3.135190,0.288131,6.306975,0.040831,0.017441
1.223317,-61.071067,-414.011282,5.975547,6.751523,-4.049416,-240.182781,4.262383,3.038913,0.316974,6.300043,0.040156,0.017743
1.223843,-64.261215,-411.745169,6.335510,6.510168,-2.054703,-240.155929,4.303409,2.991703,0.347795,6.291741,0.041657,0.017918
1.224369,-68.030173,-409.778831,6.307044,6.470672,0.247414,-240.319604,4.320435,3.005612,0.383016,6.282156,0.041466,0.017978
1.224895,-71.034981,-407.867726,6.253107,6.516714,1.714981,-240.235269,4.140138,2.946442,0.409456,6.276047,0.040744,0.017233
1.225421,-74.187620,-405.842500,6.400936,6.510832,3.985262,-240.191713,4.314442,2.826846,0.440927,6.266595,0.041545,0.017959
1.225948,-77.221333,-403.677234,6.222716,6.495904,5.676026,-240.274192,4.161334,2.978231,0.469485,6.259567,0.040483,0.017312
1.226474,-79.962173,-401.384203,6.298348,6.569669,7.534707,-240.110421,3.853762,2.910516,0.497095,6.251815,0.040000,0.016039
1.227000,-82.257482,-398.886709,6.135179,6.258035,9.646507,-240.091233,4.096514,2.986058,0.524653,6.243028,0.039616,0.017042
1.227526,-84.560443,-396.501007,6.369196,6.291281,10.912171,-239.826640,4.270761,2.939503,0.547281,6.237716,0.040765,0.017780
1.228052,-86.823593,-394.411721,6.483824,6.373777,12.139588,-239.909791,4.244850,2.897848,0.569689,6.232628,0.041093,0.017659
1.228578,-88.742344,-392.331493,6.407616,6.392448,13.750566,-239.889049,4.188745,2.897126,0.591919,6.225927,0.040626,0.017418
1.229105,-90.641468,-389.866120,6.485570,6.359252,14.914954,-240.351874,4.552661,2.933555,0.614739,6.221210,0.041690,0.018884
1.229631,-92.725743,-387.529728,6.282246,6.550453,15.931844,-240.096583,4.374181,3.118930,0.635126,6.216926,0.041042,0.018159
1.230157,-93.822634,-385.813363,6.310796,6.533193,17.832817,-239.778734,4.265427,2.937073,0.652768,6.208950,0.040542,0.017714
1.230683,-95.024388,-383.424262,6.414034,6.491429,18.051467,-240.116344,4.219992,3.025218,0.668023,6.208148,0.040998,0.017501
1.231209,-96.121287,-381.642816,6.334106,6.562125,19.817463,-239.994215,4.277340,3.170784,0.685917,6.200797,0.040988,0.017735
1.231735,-97.395017,-380.095958,6.325914,6.344705,20.010999,-239.869762,4.250821,3.188757,0.697052,6.199954,0.040524,0.017633
1.232262,-98.238525,-378.695536,6.560146,6.263029,21.939976,-239.653240,4.169862,3.283195,0.712755,6.191891,0.040707,0.017300
1.232788,-98.976147,-377.160500,6.383389,6.466497,22.691650,-239.722476,3.766272,3.105368,0.724609,6.188809,0.039814,0.015619
1.233314,-99.812575,-375.579138,6.402579,6.534815,24.089420,-238.710209,3.989870,2.673180,0.735714,6.182611,0.039704,0.016584
1.233840,-100.386073,-374.967849,6.397787,6.199529,24.736870,-238.854144,4.192971,2.652487,0.743351,6.179988,0.039205,0.017405
1.234366,-100.895987,-373.456910,6.254629,6.619610,25.430168,-238.909362,3.882387,3.094105,0.753894,6.177142,0.039750,0.016126
1.234892,-101.171253,-372.729873,6.289159,6.250742,26.006808,-239.203254,4.236049,3.224191,0.761051,6.174888,0.039732,0.017562
1.235418,-101.583590,-371.929752,6.240198,6.437734,27.094714,-238.800595,3.658146,3.135744,0.768399,6.170207,0.038878,0.015195
1.235945,-101.359394,-371.528644,6.300222,6.500559,26.883156,-238.610741,3.990129,3.154985,0.767498,6.170993,0.039777,0.016578
1.236471,-101.146961,-371.152918,6.322203,6.479272,27.797279,-238.848701,4.135314,3.280535,0.772538,6.167326,0.040129,0.017155
1.236997,-101.289213,-371.002023,6.374917,6.547037,27.519075,-238.829593,4.240218,3.355281,0.772508,6.168466,0.040702,0.017594
1.237523,-101.336877,-370.857664,6.394715,6.448412,27.886221,-238.951714,4.301148,3.324096,0.775124,6.167008,0.040555,0.017830
1.238049,-101.206863,-371.060714,6.333027,6.537429,27.866773,-238.984291,4.305158,3.305748,0.773900,6.167104,0.040598,0.017844
1.238575,-100.440459,-371.200996,6.407950,6.493248,27.765483,-238.799898,4.241894,3.346627,0.769302,6.167434,0.040713,0.017600
1.239102,-99.801530,-371.268607,6.424361,6.569722,27.898865,-239.030262,4.315552,3.189377,0.767942,6.166994,0.040972,0.017878
1.239628,-99.083033,-371.712935,6.345291,6.616187,28.156663,-238.975328,4.305160,3.235329,0.764254,6.165904,0.040921,0.017838
1.240154,-98.225685,-372.806016,6.557175,6.655980,28.306099,-238.923413,4.588656,3.288306,0.757178,6.165261,0.041991,0.019008
1.240680,-97.307985,-373.263333,6.374356,6.579796,28.119447,-239.194766,4.311880,3.453902,0.752111,6.166164,0.041251,0.017860
1.241206,-96.181821,-374.539174,6.546419,6.540366,28.124190,-239.042418,4.355338,3.337868,0.742351,6.166070,0.041493,0.018044
1.241732,-95.245984,-375.440334,6.351878,6.534460,27.927641,-239.224418,4.259813,3.443317,0.735160,6.166969,0.041010,0.017645
1.242259,-93.766146,-376.619388,6.252154,6.400781,28.218922,-239.298363,4.257847,3.417172,0.726325,6.165804,0.040450,0.017627
1.242785,-92.757387,-378.506827,6.220994,6.368855,27.676633,-238.979227,4.195556,3.282456,0.712082,6.167887,0.039936,0.017395
1.243311,-91.350313,-379.768743,6.404481,6.635320,28.006643,-239.177505,4.236049,3.224191,0.703893,6.166620,0.040959,0.017541
1.243837,-89.534005,-381.502345,6.280545,6.680519,27.350740,-239.024378,3.865382,3.215017,0.687039,6.169254,0.040103,0.016035
1.244363,-87.824640,-383.253998,6.068034,6.658369,27.064150,-239.291425,3.802402,3.327918,0.673548,6.170563,0.039483,0.015766
1.244889,-85.595761,-385.235343,6.241105,6.576759,25.874285,-239.064243,3.981391,2.914783,0.651516,6.175373,0.039857,0.016513
1.245415,-83.545621,-387.009976,6.194150,6.489714,25.279918,-239.246673,3.778420,3.296198,0.634796,6.177911,0.039582,0.015685
1.245942,-81.570500,-389.595208,6.324016,6.589044,24.383347,-239.398797,4.089381,3.341688,0.614364,6.181683,0.040715,0.016965
1.246468,-79.645260,-391.812395,6.015482,6.440931,23.884958,-239.527176,4.150174,3.303142,0.597070,6.183797,0.039568,0.017210
1.246994,-77.128052,-393.804597,6.445796,6.467139,23.208556,-239.613586,3.817076,3.352471,0.576888,6.186628,0.040390,0.015839
1.247520,-74.064278,-395.652111,6.126431,6.547034,21.800489,-239.669420,4.087422,3.257727,0.551075,6.192474,0.040148,0.016959
1.248046,-71.422224,-398.264676,6.315809,6.450204,20.573361,-239.645049,4.025741,3.265519,0.525566,6.197546,0.040493,0.016716
1.248572,-68.652076,-399.891698,6.301021,6.416630,19.602683,-239.638649,4.026209,3.151510,0.503397,6.201566,0.040461,0.016724
1.249099,-65.560575,-403.136611,6.043211,6.638164,18.496770,-239.727544,4.103232,3.235634,0.475100,6.206180,0.039842,0.017046
1.249625,-62.334257,-404.539106,6.315353,6.503840,18.240312,-238.854906,3.974028,2.697686,0.452639,6.206968,0.040074,0.016564
1.250151,-58.987522,-406.941289,6.199229,6.392877,15.901067,-239.914142,3.982542,3.229585,0.421491,6.217004,0.040067,0.016551
1.250677,-55.225754,-409.124921,5.960703,6.490515,14.531528,-239.985768,4.318246,3.174527,0.391172,6.222708,0.040124,0.017946
1.251203,-51.717707,-411.145828,6.235910,6.570841,14.098360,-239.734417,3.841678,3.142931,0.366608,6.224445,0.039862,0.015988
1.251729,-47.783393,-413.093338,6.293142,6.545442,11.358907,-239.802874,3.860004,3.324534,0.328894,6.235853,0.040296,0.016074
1.252256,-43.751346,-415.190971,6.304971,6.525491,9.651449,-239.939432,4.174395,2.999385,0.295782,6.242982,0.041102,0.017377
1.252782,-39.052087,-416.329873,5.959695,6.520958,7.914017,-239.989391,4.105971,3.041633,0.260295,6.250221,0.039643,0.017095
1.253308,-34.956737,-417.660628,6.053745,6.613508,5.445726,-240.066085,3.938122,2.817776,0.223691,6.260505,0.039643,0.016398
1.253834,-30.514468,-419.465655,5.828634,6.704776,4.547714,-240.453038,4.307880,3.204355,0.193416,6.264274,0.039770,0.017911
1.254360,-25.976375,-420.561826,5.996790,6.491878,2.483653,-240.831539,4.260633,3.258473,0.157045,6.272873,0.040413,0.017690
1.254886,-21.216673,-421.279385,5.962739,6.559371,0.546820,-240.020048,4.176951,2.947470,0.119496,6.280907,0.039871,0.017402
1.255412,-16.727287,-421.875525,5.982182,6.793530,-1.404509,-240.887023,4.101518,3.265653,0.084460,6.289016,0.039944,0.017026
1.255939,-11.415682,-422.364823,6.031687,6.831486,-3.180710,-240.962600,4.062500,3.042449,0.045365,6.296385,0.040050,0.016857
1.256465,-6.757936,-422.577202,6.018262,6.704919,-5.076705,-240.433898,3.696790,3.076121,0.009230,6.304297,0.038776,0.015371
1.256991,-1.928356,-422.217129,5.840821,6.878407,-7.185946,-240.581701,4.063053,3.085366,-0.028938,6.313045,0.039158,0.016878
1.257517,2.901662,-421.865938,6.107822,6.735986,-8.667790,-240.441608,3.773441,3.190500,-0.063684,6.319219,0.039499,0.015681
1.258043,7.488587,-421.297317,5.904353,6.904454,-10.696940,-240.465319,3.726876,3.103307,-0.100229,6.327640,0.038451,0.015479
1.258569,12.304912,-420.209242,6.301348,6.709454,-12.467342,-240.558911,3.686448,3.589340,-0.137027,6.334966,0.040289,0.015303
1.259096,16.867603,-419.479696,5.957004,6.801129,-14.458798,-239.942325,3.817382,3.014406,-0.172745,6.343372,0.038882,0.015870
1.259622,21.287675,-418.185709,5.964827,6.761324,-15.573328,-240.172901,3.598286,3.337492,-0.204184,6.347937,0.038455,0.014946
1.260148,26.123974,-417.065210,6.271377,6.704338,-16.987191,-240.022537,3.762507,3.371030,-0.238859,6.353841,0.040195,0.015629
1.260674,30.333911,-415.502716,6.248329,6.553497,-18.689867,-239.369509,3.822656,3.099142,-0.271463,6.361107,0.040035,0.015905
1.261200,34.634617,-413.365202,6.028467,6.724497,-19.918514,-238.713132,3.779506,3.296241,-0.302751,6.366434,0.039073,0.015765
1.261726,38.631276,-411.319743,5.995912,6.613865,-21.486998,-238.052077,3.533488,3.473294,-0.333971,6.373203,0.038257,0.014781
1.262253,42.715548,-409.453014,5.996720,6.643855,-22.992401,-237.872814,3.783355,3.246334,-0.365729,6.379544,0.038807,0.015812
1.262779,46.507565,-407.109861,6.186452,6.752244,-24.775513,-239.451995,3.707380,3.786094,-0.402015,6.386286,0.040046,0.015404
1.263305,50.021453,-405.076152,6.247101,6.497099,-24.683584,-238.778489,3.670604,3.528772,-0.422209,6.386194,0.039882,0.015285
1.263831,53.604804,-403.075171,6.363106,6.443090,-26.518936,-238.877801,3.777643,3.536938,-0.453979,6.393747,0.040450,0.015706
1.264357,57.280932,-401.027538,6.421398,6.442397,-26.609078,-238.364167,3.583342,4.071442,-0.476150,6.394357,0.040490,0.014967
1.264883,60.640835,-398.882211,6.336809,6.522298,-27.024957,-238.324145,3.642518,3.830522,-0.499772,6.396099,0.040279,0.015197
1.265409,63.568325,-396.836844,6.375226,6.611264,-28.492651,-239.160160,3.833777,3.486607,-0.528467,6.401763,0.040793,0.015898
1.265936,66.465080,-394.436448,6.437367,6.480352,-28.284749,-238.305100,3.536183,3.703654,-0.545448,6.401324,0.040393,0.014745
1.266462,69.138843,-392.570470,6.522278,6.496255,-28.538635,-238.337722,3.705198,3.682697,-0.564554,6.402358,0.041036,0.015434
1.266988,71.621321,-390.715394,6.533160,6.302631,-28.601794,-238.526002,3.870973,3.558876,-0.582357,6.402526,0.041092,0.016096
1.267514,74.792585,-389.137791,6.531311,6.464588,-28.689908,-238.313095,3.705996,3.596394,-0.601344,6.402996,0.040861,0.015433
1.268040,77.090028,-387.456962,6.541245,6.365636,-28.751578,-238.433726,3.640005,3.967033,-0.617563,6.403191,0.040981,0.015177
1.268566,79.441353,-385.505682,6.594877,6.212535,-29.076226,-238.515307,3.915085,3.858742,-0.635947,6.404492,0.041300,0.016290
1.269093,81.724561,-384.103751,6.484050,6.468994,-29.189405,-238.355399,3.993141,3.900554,-0.650502,6.405040,0.041456,0.016623
1.269619,84.313542,-382.608004,6.531201,6.214946,-28.825353,-238.385299,3.684617,3.972367,-0.665202,6.403520,0.040655,0.015363
1.270145,86.031645,-381.242796,6.372787,6.385090,-28.622349,-238.534302,3.578278,3.951373,-0.676819,6.402607,0.040357,0.014917
1.270671,87.941158,-380.317176,6.632345,6.352366,-28.702958,-238.246794,3.637368,3.726684,-0.687434,6.403083,0.040717,0.015163
1.271197,89.382189,-379.389195,6.689464,6.478007,-28.392254,-238.482004,3.658718,4.037697,-0.696210,6.401682,0.041538,0.015257
1.271723,91.741591,-378.517095,6.557836,6.452882,-26.911710,-238.778475,3.610029,3.127702,-0.703976,6.395417,0.040124,0.015000
1.272249,92.811085,-377.842791,6.705451,6.498708,-26.829858,-238.384666,3.642763,3.588777,-0.709062,6.395262,0.041056,0.015182
1.272776,94.461514,-377.066505,6.733973,6.236268,-26.193147,-238.267375,3.828624,3.891833,-0.715579,6.392677,0.041209,0.015976
1.273302,95.808457,-376.703063,6.735151,6.366671,-25.697416,-238.137466,4.106369,3.733357,-0.719896,6.390679,0.041628,0.017127
1.273828,97.246787,-376.835350,6.688569,6.405920,-24.613567,-238.364385,3.620590,3.446234,-0.721679,6.386081,0.040458,0.015101
1.274354,98.489172,-376.442572,6.686853,6.483924,-22.741897,-238.805676,3.684431,3.083511,-0.722108,6.378131,0.040561,0.015338
1.274880,99.928500,-376.551658,6.625818,6.395028,-22.635976,-238.627464,3.831283,3.619823,-0.726501,6.377761,0.040759,0.015976
1.275406,100.347349,-376.770284,6.655091,6.383786,-20.998873,-238.793628,3.579822,3.158372,-0.721356,6.370897,0.040112,0.014921
1.275933,101.460018,-376.810326,6.916019,6.442074,-20.357551,-238.830863,3.586027,3.777201,-0.723269,6.368218,0.041567,0.014967
1.276459,102.514724,-377.182963,6.689201,6.463061,-18.840875,-239.796860,3.658062,3.577028,-0.723522,6.361594,0.041029,0.015206
1.276985,103.144540,-377.940217,6.575750,6.471062,-17.662576,-239.369288,3.958841,3.294566,-0.717019,6.356840,0.040794,0.016480
1.277511,103.136246,-378.093894,6.659748,6.503915,-16.547688,-238.925154,3.741324,3.432585,-0.710266,6.352334,0.040964,0.015616
1.278037,104.287631,-379.026957,6.567023,6.559086,-14.833170,-238.747233,3.642289,3.704688,-0.704010,6.345235,0.040859,0.015227
1.278563,104.741568,-380.080398,6.622068,6.446731,-13.265410,-239.746774,3.601585,3.863123,-0.699189,6.338460,0.041061,0.015003
1.279090,104.766123,-381.146909,6.663885,6.624678,-11.822063,-239.852653,3.888833,3.517686,-0.689886,6.332434,0.041648,0.016190
1.279616,105.084700,-382.573086,6.666556,6.437845,-10.284442,-238.619159,3.533064,3.101882,-0.675613,6.326258,0.040067,0.014789
1.280142,104.967621,-384.158069,6.661638,6.398001,-8.444136,-239.221883,3.538103,3.352763,-0.663975,6.318469,0.040336,0.014780
1.280668,105.014108,-385.585964,6.644751,6.504758,-6.890773,-239.595220,3.639889,3.402091,-0.653991,6.311937,0.040719,0.015185
1.281194,104.781530,-387.010397,6.590338,6.651154,-4.707354,-239.645296,3.674385,3.728130,-0.638991,6.302826,0.041254,0.015330
1.281720,103.868635,-388.588481,6.782228,6.397462,-2.573452,-239.575493,3.748306,3.483314,-0.620268,6.293927,0.041476,0.015645
1.282246,103.349750,-390.512307,6.552735,6.714163,-0.399626,-239.595407,3.548601,3.471296,-0.602260,6.284853,0.040877,0.014811
1.282773,103.105121,-392.099867,6.618054,6.719580,1.333507,-239.938536,3.577221,3.595077,-0.589506,6.277628,0.041262,0.014909
1.283299,102.074095,-393.827825,6.438564,6.587404,3.660880,-239.978400,3.569238,3.566343,-0.569081,6.267931,0.040515,0.014871
1.283825,101.231027,-395.928495,6.451508,6.621609,5.950658,-239.964170,3.336939,3.692793,-0.548404,6.258392,0.040222,0.013903
1.284351,100.183962,-398.016951,6.426166,6.721481,8.675211,-239.545602,3.130358,3.564621,-0.523671,6.246986,0.039705,0.013062
1.284877,99.145824,-399.575975,6.408979,6.340067,11.192361,-239.699747,3.405043,3.601739,-0.502947,6.236526,0.039816,0.014192
1.285403,97.578120,-401.547990,6.465709,6.516773,13.468999,-239.690363,3.425410,3.440937,-0.479243,6.227051,0.040175,0.014269
1.285930,95.779172,-403.554218,6.525292,6.565938,15.628843,-239.484278,3.521825,2.948452,-0.454416,6.218017,0.040381,0.014665
1.286456,94.254372,-405.369098,6.291865,6.442932,18.001268,-239.469825,3.517088,2.876001,-0.430837,6.208155,0.039334,0.014632
1.286982,92.135290,-407.044478,6.323435,6.561570,21.141223,-238.998117,3.623019,3.815457,-0.399723,6.194957,0.040205,0.015107
1.287508,90.096069,-408.608759,6.326072,6.739623,23.425128,-238.674747,3.706458,3.013008,-0.373881,6.185352,0.040202,0.015430
1.288034,88.085070,-409.881156,6.268802,6.674601,26.007159,-239.045932,4.006058,2.967266,-0.348544,6.174816,0.040843,0.016616
1.288560,85.789244,-411.114388,6.253950,6.596925,28.816279,-238.423500,3.504767,3.140349,-0.318669,6.162907,0.039498,0.014573
1.289087,83.464888,-412.372328,6.303484,6.931640,31.371512,-237.842575,3.771201,3.201131,-0.290060,6.152042,0.040461,0.015682
1.289613,81.043671,-413.652828,6.025242,6.773577,33.840595,-237.934023,3.989481,3.120103,-0.262433,6.141906,0.039803,0.016536
1.290139,78.292027,-414.621786,6.205469,6.798390,36.624268,-237.816865,4.263683,3.294414,-0.231448,6.130384,0.041456,0.017637
1.290665,75.280411,-415.055678,6.244865,6.592246,39.539342,-236.417522,3.735746,2.842532,-0.197468,6.117475,0.039924,0.015495
1.291191,72.720141,-415.699635,6.107615,6.647343,42.420546,-236.492434,3.203684,3.281678,-0.167492,6.105699,0.038029,0.013344
1.291717,69.788624,-416.433424,6.138428,6.934432,44.647775,-236.329461,3.657521,3.173581,-0.138695,6.096464,0.039345,0.015142
1.292243,66.806563,-416.620294,6.106945,6.558899,47.338889,-235.491383,3.669153,3.152581,-0.107069,6.084807,0.039118,0.015197
1.292770,64.124984,-416.257494,5.980834,6.815555,49.749959,-235.121754,3.730520,3.160378,-0.079195,6.074669,0.038810,0.015428
1.293296,60.771496,-416.188774,6.046177,6.750157,52.351128,-235.470031,3.581985,3.303108,-0.046560,6.064417,0.038851,0.014797
1.293822,57.238316,-416.180982,6.079967,6.729836,54.343409,-234.473939,3.870716,3.154077,-0.015930,6.055439,0.039661,0.015943
1.294348,54.768097,-415.431589,6.118478,6.598561,56.468150,-234.050200,3.832431,3.013512,0.009373,6.046444,0.039802,0.015750
1.294874,52.190671,-414.621413,6.145478,6.732875,58.976790,-233.266101,3.487766,3.023126,0.037401,6.035544,0.038939,0.014387
1.295400,49.040689,-414.266547,6.155598,6.580382,61.165999,-232.883179,3.602874,3.398558,0.066750,6.026340,0.039242,0.014910
1.295927,46.623498,-412.920701,6.095821,6.670278,63.306584,-232.231543,3.596020,3.181199,0.092069,6.017051,0.039018,0.014827
1.296453,43.734175,-412.320722,5.966080,6.725603,65.059538,-231.618270,3.455627,2.979700,0.117470,6.009350,0.037927,0.014228
1.296979,40.977368,-410.697188,6.137865,6.572956,67.098507,-230.606111,3.469721,3.207131,0.144040,6.000037,0.038776,0.014365
1.297505,38.253739,-410.211311,6.202126,6.422828,69.117237,-230.471087,3.567652,3.301047,0.170053,5.991824,0.039244,0.014739
1.298031,35.915920,-408.980151,6.217452,6.588692,69.610206,-230.269627,3.619804,3.108785,0.186354,5.989621,0.039578,0.014881
1.298557,33.326070,-408.347243,5.916507,6.476884,71.080286,-229.924862,3.562653,2.852207,0.208524,5.983359,0.037910,0.014570
1.299084,30.832915,-407.398545,6.117820,6.521022,72.388810,-229.059677,3.097470,2.562586,0.228931,5.977091,0.037490,0.012708
1.299610,28.544148,-405.970282,6.155314,6.346246,73.134825,-229.109726,3.753729,3.091536,0.246976,5.974196,0.039479,0.015374
1.300136,26.827329,-405.043408,5.925630,6.279061,74.448979,-229.152581,3.921250,3.128676,0.264407,5.969054,0.038960,0.015990
1.300662,24.471662,-403.891967,6.166857,6.382543,75.201001,-229.170849,3.720730,3.404166,0.282575,5.966113,0.039601,0.015304
1.301188,22.266545,-403.110988,6.210001,6.444216,76.926047,-227.914984,3.336909,2.950147,0.302421,5.957671,0.038431,0.013716
1.301714,20.380090,-402.136589,6.199753,6.530961,77.566483,-227.922629,3.492358,2.847292,0.317172,5.955161,0.038812,0.014251
1.302240,19.261710,-401.088234,6.275410,6.640203,77.144697,-228.315611,3.586404,3.045316,0.323271,5.957343,0.039711,0.014667
1.302767,17.438996,-400.411259,6.308204,6.551574,77.503811,-228.473715,3.587177,3.236894,0.336088,5.956142,0.039875,0.014725
1.303293,15.729890,-399.442068,6.363507,6.278229,78.205513,-227.978990,4.237798,3.015470,0.349417,5.952726,0.041475,0.017120
1.303819,14.137408,-398.741679,6.227348,6.373846,78.307722,-227.993486,4.169786,2.954599,0.359488,5.952344,0.040777,0.016837
1.304345,12.893948,-398.615803,6.011965,6.658598,78.441562,-228.177130,4.243494,3.177195,0.367145,5.952067,0.040311,0.017174
1.304871,11.239396,-398.049112,6.226658,6.619085,78.095393,-228.231205,4.167098,3.167305,0.375057,5.953497,0.040941,0.016888
1.305397,10.007823,-397.393861,6.257037,6.374888,78.586340,-228.216067,3.804201,3.274453,0.385122,5.951552,0.039994,0.015543
1.305924,9.306460,-397.016232,6.275729,6.372024,78.127947,-228.302104,4.110992,3.236870,0.387313,5.953464,0.040901,0.016694
1.306450,7.920388,-397.273656,6.297883,6.578506,78.206389,-228.140466,4.212144,3.207898,0.393853,5.952940,0.041163,0.017075
1.306976,7.429983,-396.656274,6.301362,6.600685,77.627613,-228.095825,4.082850,3.282279,0.394610,5.955152,0.041011,0.016631
1.307502,5.972166,-396.431836,6.364176,6.587907,77.125839,-228.108489,3.822719,3.226393,0.399938,5.957142,0.040552,0.015639
1.308028,5.644155,-396.968154,6.325991,6.448783,76.736681,-227.800834,3.848600,3.065648,0.397840,5.958265,0.040140,0.015710
1.308554,4.656933,-397.279542,6.041614,6.483769,75.704936,-228.490088,4.192217,3.103300,0.398416,5.963242,0.040020,0.017023
1.309081,3.963683,-397.580495,6.286848,6.634149,75.588522,-227.937983,3.684499,2.815962,0.399505,5.962979,0.039507,0.015023
1.309607,3.578647,-397.983847,6.404678,6.403268,74.100776,-228.958749,4.088678,3.109932,0.395270,5.970182,0.041110,0.016647
1.310133,3.419687,-398.601371,6.400047,6.553054,73.244003,-229.353238,3.793414,3.263493,0.391283,5.974072,0.040542,0.015565
1.310659,2.678550,-399.592346,6.429554,6.421511,72.028904,-229.855209,3.953586,3.250265,0.387877,5.979511,0.040896,0.016174
1.311185,2.127239,-400.358314,6.339743,6.739141,70.244101,-229.834648,4.087442,2.901207,0.380038,5.986572,0.040927,0.016643
1.311711,1.974942,-400.761883,6.341044,6.743210,69.256475,-230.390189,3.853520,3.258121,0.376111,5.991173,0.040559,0.015828
1.312237,2.006741,-401.967866,6.279654,6.426272,68.702261,-230.199962,3.682558,2.965975,0.370370,5.993155,0.039366,0.015107
1.312764,2.016740,-402.908834,6.251440,6.649519,66.260869,-230.792183,4.171354,3.032143,0.357244,6.003603,0.040771,0.017057
1.313290,2.107639,-403.897785,6.248899,6.407126,64.653535,-231.765805,4.140781,3.054612,0.348527,6.011141,0.040684,0.016924
1.313816,2.101879,-404.758307,6.266807,6.583077,62.303098,-232.261177,4.154131,2.858833,0.335782,6.021109,0.040954,0.016967
1.314342,2.285402,-406.601211,6.183856,6.660722,61.734147,-232.896087,3.569115,3.469322,0.329745,6.024073,0.039106,0.014787
1.314868,2.781240,-407.974990,6.253378,6.531539,59.506671,-233.314515,3.710848,3.134954,0.314029,6.033460,0.039583,0.015276
1.315394,3.524331,-409.129659,6.098784,6.587448,57.466077,-233.669145,3.735511,3.128601,0.298259,6.042042,0.039028,0.015391
1.315921,4.197978,-409.983075,6.199046,6.479655,55.252410,-234.356369,3.764393,3.264901,0.282902,6.051651,0.039655,0.015532
1.316447,4.521496,-411.609572,6.257037,6.583874,53.477572,-234.660699,3.537580,3.080829,0.269916,6.059119,0.039182,0.014611
1.316973,5.471405,-412.750045,6.367185,6.657144,51.407072,-234.738411,3.558872,3.085995,0.252539,6.067592,0.039691,0.014726
1.317499,6.419656,-414.265118,6.234699,6.686097,48.858302,-235.136684,3.674569,2.907849,0.232628,6.078314,0.039329,0.015182
1.318025,7.500686,-415.120685,6.307085,6.548487,45.329724,-235.959754,3.800683,3.014918,0.208089,6.093390,0.040179,0.015713
1.318551,8.413138,-416.287715,6.214238,6.519766,43.510902,-236.636021,3.560266,3.161503,0.192935,6.101344,0.039143,0.014746
1.319078,9.652184,-417.437175,6.096946,6.698593,40.182893,-237.127766,3.754913,3.083243,0.167733,6.115323,0.039188,0.015541
1.319604,10.640262,-418.571988,6.172125,6.572503,37.215927,-237.530572,3.811118,2.928613,0.145752,6.127770,0.039636,0.015773
1.320130,11.874453,-419.580873,6.212729,6.782109,35.118090,-238.228619,3.802904,3.458610,0.127473,6.136826,0.039870,0.015764
1.320656,13.012329,-420.239585,6.267142,6.704846,31.626665,-238.311551,3.667369,3.190330,0.101962,6.151245,0.039715,0.015223
1.321182,14.695349,-420.906806,6.193376,6.500244,28.900728,-238.684514,3.771469,3.228271,0.077799,6.162689,0.039674,0.015656
1.321708,16.115116,-421.596483,6.308678,6.777822,26.084794,-238.982955,3.287134,3.270238,0.054540,6.174467,0.038904,0.013673
1.322234,17.411713,-421.999745,6.009467,6.899987,22.705335,-239.200204,3.559094,3.202681,0.028951,6.188547,0.038195,0.014800
1.322761,19.211815,-421.996897,5.939296,6.818402,19.272201,-239.600585,3.704909,3.451782,0.000331,6.202923,0.038379,0.015407
1.323287,20.699851,-421.705132,6.148093,6.609994,16.304837,-239.772821,3.712091,3.312940,-0.024153,6.215289,0.039464,0.015439
1.323813,22.203322,-421.980614,6.247389,6.579991,12.478326,-240.353425,4.075792,3.412505,-0.053493,6.231315,0.041010,0.016928
1.324339,23.528763,-421.845244,5.958834,6.707690,9.689622,-240.100793,3.614675,3.499659,-0.075999,6.242851,0.038257,0.015042
1.324865,24.978966,-421.109137,6.076867,6.941848,6.521063,-240.350850,4.163180,3.503532,-0.101761,6.256061,0.040565,0.017313
1.325391,26.309885,-420.505338,6.314053,6.713761,3.553192,-239.899780,3.680237,3.458568,-0.125342,6.268375,0.040169,0.015339
1.325918,27.594827,-419.580199,5.888812,6.616077,0.348041,-240.065041,3.952235,3.252226,-0.150630,6.281736,0.039095,0.016463
1.326444,29.038874,-419.135854,6.081317,6.851114,-2.907299,-240.105418,3.767273,3.720943,-0.176581,6.295293,0.039450,0.015689
1.326970,30.295970,-418.073740,6.321398,6.646767,-5.972961,-239.886666,3.783664,3.425349,-0.200801,6.308079,0.040539,0.015767
1.327496,31.760831,-416.820520,6.208842,6.607257,-9.160814,-240.447234,3.581656,3.543505,-0.227983,6.321266,0.039684,0.014885
1.328022,32.894428,-415.928207,6.010313,6.701753,-12.449574,-240.194601,3.565022,3.493781,-0.252519,6.334970,0.038707,0.014822
1.328548,33.845778,-414.957285,6.119949,6.521994,-14.835944,-239.903876,3.741101,3.699013,-0.271243,6.344948,0.039608,0.015564
1.329075,34.746197,-413.531744,6.002511,6.645310,-17.837813,-239.787428,3.808990,3.302693,-0.293888,6.357439,0.039309,0.015830
1.329601,35.473867,-412.333820,6.201683,6.579556,-20.941440,-238.804705,3.788521,3.276296,-0.314328,6.370654,0.039871,0.015789
1.330127,36.140842,-411.292360,6.104174,6.759996,-23.094734,-238.990638,3.735829,3.472426,-0.331132,6.379521,0.039543,0.015549
1.330653,36.834836,-409.780278,6.513234,6.594262,-25.858102,-238.876008,3.784725,3.316764,-0.351589,6.391014,0.041283,0.015731
1.331179,37.272688,-408.494901,6.322832,6.556023,-28.550778,-238.795204,3.701147,3.555007,-0.370016,6.402182,0.040346,0.015381
1.331705,37.764416,-406.979303,6.255986,6.657730,-30.902684,-237.622699,3.584149,3.757478,-0.385203,6.412509,0.039798,0.014970
1.332231,38.010102,-406.218693,6.305293,6.520312,-32.635114,-237.858362,3.687630,3.739912,-0.397294,6.419538,0.040183,0.015364
1.332758,38.281355,-404.797525,6.063943,6.652660,-35.271397,-237.709363,3.994052,3.419003,-0.414677,6.430491,0.039971,0.016572
1.333284,38.272027,-403.872628,6.111716,6.525541,-36.987649,-236.649914,3.809135,3.512919,-0.422901,6.438228,0.039466,0.015875
1.333810,38.173134,-402.338320,6.018155,6.577747,-39.136519,-236.764396,3.798366,3.414389,-0.436835,6.447001,0.039239,0.015788
1.334336,37.999257,-401.643044,6.256308,6.340123,-41.011251,-236.336305,3.758677,3.501207,-0.445863,6.455004,0.039779,0.015639
1.334862,37.664655,-400.398888,6.248932,6.600361,-42.896445,-236.393418,3.778919,3.439140,-0.456591,6.462694,0.040116,0.015686
1.335388,37.275402,-399.330361,6.316694,6.524018,-44.687613,-235.839951,3.757702,3.177137,-0.464713,6.470448,0.040087,0.015577
1.335915,36.974440,-398.791866,6.251295,6.462869,-45.742924,-235.398951,3.910571,3.137280,-0.468634,6.475114,0.040054,0.016201
1.336441,36.468685,-398.317558,6.152814,6.425698,-47.563201,-235.330831,4.027862,3.051115,-0.476030,6.482611,0.039832,0.016636
1.336967,35.555376,-397.674988,6.478177,6.401053,-48.933821,-235.329369,3.797054,3.485318,-0.479856,6.488201,0.040775,0.015746
1.337493,35.106950,-397.272013,6.458740,6.579335,-49.949101,-234.999105,3.847134,3.352594,-0.482784,6.492619,0.040877,0.015930
1.338019,34.318504,-396.823629,6.532603,6.523167,-51.089822,-234.903977,3.799476,3.201495,-0.485384,6.497342,0.040941,0.015701
1.338545,33.584671,-396.482719,6.489042,6.485881,-52.917262,-234.318156,3.809770,3.987683,-0.490025,6.505294,0.041049,0.015896
1.339072,32.866168,-396.329436,6.462166,6.241674,-52.818641,-234.017431,3.746783,3.753508,-0.485719,6.505170,0.040479,0.015619
1.339598,31.382929,-396.552293,6.351034,6.500378,-54.628915,-234.317548,3.949193,4.043285,-0.487491,6.512234,0.040941,0.016434
1.340124,30.281410,-396.599926,6.492963,6.506854,-54.711571,-233.731941,3.674924,3.497685,-0.480976,6.513124,0.040526,0.015272
1.340650,29.241061,-396.694100,6.419438,6.481525,-55.086842,-233.542931,3.739453,3.470373,-0.477052,6.514826,0.040364,0.015527
1.341176,27.805637,-396.677870,6.414673,6.534172,-55.644311,-233.166235,4.172325,3.015005,-0.471902,6.517450,0.041183,0.017180
1.341702,26.766400,-397.335511,6.359461,6.652047,-56.528380,-233.432762,3.688936,3.526070,-0.470183,6.520773,0.040187,0.015322
1.342228,25.184633,-398.111436,6.352002,6.389354,-56.189870,-233.609417,3.907193,3.688269,-0.459376,6.519231,0.040549,0.016213
1.342755,23.515639,-398.612528,6.377446,6.564797,-56.627744,-233.790963,3.633677,3.807752,-0.452582,6.520824,0.040313,0.015147
1.343281,21.936028,-399.263702,6.218518,6.567042,-56.983331,-233.396394,3.677258,4.107976,-0.444099,6.522649,0.039870,0.015412
1.343807,19.736570,-400.266670,6.456140,6.439758,-56.761445,-233.721848,3.929998,4.200310,-0.430581,6.521432,0.041365,0.016405
1.344333,17.888822,-400.737652,6.304531,6.530865,-56.882307,-233.964663,3.856250,3.870657,-0.421473,6.521682,0.040622,0.016019
1.344859,15.978746,-401.866486,6.402551,6.680821,-56.696885,-234.001985,3.699102,3.976646,-0.408579,6.520897,0.040759,0.015430
1.345385,13.849597,-402.952473,6.363082,6.649012,-56.256124,-233.851716,3.651991,3.641965,-0.393011,6.519263,0.040277,0.015181
1.345912,11.926927,-404.555964,6.413214,6.865437,-55.947272,-233.949410,4.139671,3.721848,-0.378643,6.517919,0.041705,0.017120
1.346438,9.721942,-405.524744,6.291298,6.752025,-55.217578,-233.776554,3.747631,3.686668,-0.361493,6.515132,0.040139,0.015588
1.346964,7.683157,-406.990934,6.314583,6.708673,-54.735627,-233.416520,3.634855,3.540820,-0.345209,6.513521,0.039689,0.015141
1.347490,5.139730,-408.645753,5.995610,6.662885,-53.594536,-233.715576,4.072568,3.387548,-0.323931,6.508603,0.039405,0.016853
1.348016,2.593436,-409.872397,6.104554,6.634954,-52.720036,-234.148717,3.731449,3.547231,-0.304956,6.504648,0.039022,0.015511
1.348542,-0.023674,-410.920108,6.252299,6.886631,-51.324244,-234.335420,4.085624,3.412102,-0.282733,6.498801,0.040710,0.016913
1.349069,-2.506832,-412.432099,6.329245,6.723330,-50.036100,-234.862630,3.661186,3.361863,-0.261535,6.493091,0.039853,0.015194
1.349595,-5.531409,-413.528198,6.289399,6.846517,-48.525330,-235.188368,3.579914,3.664393,-0.236565,6.486656,0.039613,0.014922
1.350121,-8.316688,-414.877319,6.192653,6.625746,-47.252893,-235.531981,3.805856,3.539365,-0.213784,6.481179,0.039667,0.015801
1.350647,-11.138623,-415.917667,6.049608,6.736380,-46.029075,-235.382513,3.431795,3.433756,-0.190908,6.476298,0.037949,0.014309
1.351173,-13.898902,-417.095753,6.251948,6.723967,-44.792537,-236.378581,3.689562,3.311616,-0.169314,6.470460,0.039633,0.015284
1.351699,-17.043399,-418.171682,6.095737,6.750296,-42.865392,-236.844799,3.664401,3.375364,-0.141455,6.462232,0.038881,0.015188
1.352225,-20.547548,-419.006541,6.048498,6.675615,-40.794109,-236.854199,3.770438,3.394183,-0.110697,6.453745,0.038914,0.015645
1.352752,-23.283976,-420.088898,6.171994,6.784892,-38.958280,-237.476982,3.633110,3.358750,-0.085624,6.445788,0.039092,0.015068
1.353278,-26.964193,-420.500977,6.022448,6.884344,-36.977767,-237.611957,3.759467,3.363921,-0.054698,6.437569,0.038770,0.015597
1.353804,-29.682414,-419.986518,6.324682,6.736260,-34.819972,-236.073305,3.664653,3.146407,-0.027927,6.429626,0.039730,0.015314
1.354330,-33.025943,-420.429504,6.115850,6.652071,-33.102239,-237.177920,3.725296,3.361603,-0.000416,6.421857,0.039078,0.015528
1.354856,-36.191304,-420.339102,6.200529,6.549240,-30.639757,-237.209881,3.599155,3.606489,0.030306,6.411641,0.039133,0.015048
1.355382,-39.284306,-420.495689,6.176675,6.579589,-28.907929,-238.308850,3.820877,3.405892,0.056893,6.403900,0.039803,0.015893
1.355909,-42.864462,-421.628874,6.044629,6.638376,-26.591515,-238.971390,3.785774,3.449202,0.088855,6.394004,0.038909,0.015728
1.356435,-45.863950,-420.660347,6.031836,6.781818,-23.604271,-239.236030,3.980923,3.145831,0.122084,6.381532,0.039559,0.016530
1.356961,-49.007008,-419.994806,6.189979,6.641497,-21.895881,-239.245736,4.074643,3.072538,0.148883,6.374452,0.040535,0.016930
1.357487,-52.023272,-419.534321,6.089805,6.495058,-19.915333,-239.667547,4.021772,3.218570,0.176649,6.366090,0.039935,0.016702
1.358013,-55.128302,-418.596944,6.076442,6.582066,-16.401521,-239.149816,3.824875,3.154388,0.212552,6.351661,0.039141,0.015944
1.358539,-57.842322,-417.299828,6.157233,6.544094,-14.249689,-239.402275,4.072112,3.315053,0.240308,6.342637,0.040289,0.016969
1.359066,-60.557513,-416.223202,6.094777,6.519572,-12.620010,-239.523688,3.837727,3.332804,0.264917,6.335825,0.039384,0.015995
1.359592,-63.217137,-414.831087,5.889900,6.466296,-9.741728,-239.824405,4.067785,3.151423,0.296552,6.323783,0.039133,0.016942
1.360118,-65.909082,-412.881335,6.261557,6.583387,-6.982829,-239.727112,3.747642,3.259909,0.328017,6.312305,0.039925,0.015625
1.360644,-68.094698,-411.136265,6.257548,6.522150,-4.358172,-239.797687,3.531340,3.236676,0.356131,6.301358,0.039369,0.014724
1.361170,-70.000435,-409.593325,6.253586,6.525427,-3.094520,-239.936334,3.999598,3.177644,0.375635,6.296082,0.040583,0.016668
1.361696,-72.460515,-408.000359,6.457298,6.403326,-0.439167,-240.291424,4.145798,3.152380,0.405627,6.285013,0.041599,0.017253
1.362222,-74.428645,-405.913519,6.333654,6.461475,1.915066,-240.444249,4.205203,3.229437,0.432275,6.275221,0.041362,0.017489
1.362749,-76.125226,-404.467757,6.264158,6.455424,3.212950,-240.548976,3.704190,3.177052,0.450773,6.269829,0.039876,0.015397
1.363275,-77.513621,-402.896981,6.048980,6.277526,5.665769,-240.149041,4.081990,3.352639,0.472483,6.259597,0.039724,0.016991
1.363801,-78.987355,-400.875137,6.406361,6.418016,7.285211,-240.088849,3.909206,2.986523,0.492471,6.252851,0.040619,0.016272
1.364327,-80.464225,-399.633338,6.383310,6.373008,8.720752,-240.356622,4.175569,3.229055,0.510441,6.246919,0.041169,0.017356
1.364853,-81.301185,-397.551362,6.358943,6.394561,10.889578,-240.131476,4.066652,3.342600,0.529791,6.237868,0.040918,0.016912
1.365379,-82.633004,-396.048718,6.395594,6.334708,12.723284,-240.341253,4.188143,3.206186,0.549492,6.230296,0.041077,0.017391
1.365906,-83.184984,-394.392584,6.248003,6.354233,14.754091,-239.535727,4.012169,3.045193,0.563938,6.221668,0.039945,0.016705
1.366432,-83.781577,-392.536648,6.248961,6.315174,15.959516,-239.583292,4.363838,2.820542,0.577851,6.216670,0.040626,0.018151
1.366958,-84.784317,-391.886001,6.405964,6.544884,17.997078,-239.590834,4.250362,2.721490,0.593669,6.208210,0.040849,0.017661
1.367484,-85.098505,-390.430172,6.406902,6.391738,19.601759,-240.139472,4.063485,3.248412,0.608475,6.201739,0.040691,0.016845
1.368010,-85.443466,-388.037058,6.208140,6.379264,20.823185,-239.011304,3.787008,2.887862,0.619448,6.196283,0.039240,0.015760
1.368536,-85.329849,-387.037963,6.344085,6.280136,22.180548,-238.143677,4.162806,3.078246,0.625377,6.190314,0.040238,0.017371
1.369063,-85.146413,-386.488380,6.400072,6.298739,24.041022,-238.434222,4.103223,3.284577,0.635442,6.182696,0.040392,0.017091
1.369589,-85.336572,-385.221233,6.354903,6.286185,24.336396,-238.471648,4.145024,3.035290,0.641801,6.181486,0.040259,0.017250
1.370115,-85.212012,-384.355450,6.348583,6.630134,26.031727,-238.788246,4.234245,3.391747,0.652533,6.174598,0.041286,0.017591
1.370641,-84.935047,-384.016134,6.429115,6.312809,27.412113,-238.261232,4.084498,3.137026,0.656678,6.168638,0.040268,0.016985
1.371167,-84.030651,-383.421300,6.026139,6.345620,28.209799,-237.761090,4.050323,2.994320,0.656532,6.165090,0.038996,0.016863
1.371693,-83.578494,-383.087747,6.286127,6.417261,29.479980,-237.427350,3.972653,2.861853,0.660046,6.159653,0.039508,0.016544
1.372219,-83.163223,-382.466696,6.346202,6.545422,30.014361,-237.463272,4.249964,2.813982,0.662747,6.157456,0.040489,0.017678
1.372746,-82.203418,-382.139184,5.993024,6.626192,30.722307,-237.244158,4.422508,2.860204,0.662030,6.154405,0.040074,0.018398
1.373272,-81.024708,-382.593835,6.409378,6.460562,31.923871,-237.184343,4.161317,2.900342,0.660410,6.149394,0.040386,0.017308
1.373798,-80.019498,-383.501555,5.952240,6.687369,31.974310,-238.075267,4.263442,2.925467,0.656246,6.149681,0.039843,0.017665
1.374324,-79.071218,-383.864973,6.376554,6.271422,33.324899,-238.080807,4.245908,3.129026,0.656791,6.144116,0.040332,0.017584
1.374850,-77.592508,-384.152371,6.315720,6.328553,32.949215,-237.666733,3.819590,3.000637,0.646455,6.145427,0.039487,0.015861
1.375376,-76.806070,-384.635692,6.456622,6.393215,33.988446,-237.481075,4.336981,2.980861,0.645362,6.141030,0.040847,0.017982
1.375903,-75.031404,-385.392559,6.408610,6.529726,34.888694,-237.848826,3.804733,3.163623,0.640293,6.137540,0.040128,0.015776
1.376429,-73.298610,-386.132149,6.431393,6.392755,34.961176,-237.585802,3.854664,3.126490,0.629791,6.137082,0.040084,0.015993
1.376955,-71.529430,-387.527500,6.343443,6.599454,34.754926,-237.244521,3.943254,3.191002,0.615561,6.137726,0.040328,0.016386
1.377481,-70.037739,-388.335446,6.051513,6.399699,35.162032,-237.355699,3.753221,3.448783,0.608562,6.136114,0.038964,0.015616
1.378007,-68.038228,-389.761082,5.985814,6.522643,35.488621,-237.602948,3.999446,3.516612,0.597443,6.134920,0.039484,0.016607
1.378533,-65.839842,-390.471107,6.051956,6.633159,35.573353,-237.574632,4.054090,3.506237,0.585654,6.134554,0.040070,0.016830
1.379060,-63.878556,-391.958119,6.098081,6.435911,35.488621,-237.602948,3.999446,3.516612,0.571974,6.134920,0.039792,0.016607
1.379586,-61.544396,-393.601500,6.259424,6.546337,35.693667,-237.510552,4.124505,3.510517,0.557129,6.134019,0.040659,0.017120
1.380112,-59.134014,-395.138713,6.367099,6.648616,35.573353,-237.574632,4.054090,3.506237,0.541207,6.134554,0.041014,0.016830
1.380638,-56.879345,-396.492584,6.160617,6.665058,35.108345,-237.766681,3.780318,3.490201,0.525238,6.136586,0.039811,0.015704
1.381164,-53.979808,-398.953752,6.172604,6.577804,35.107613,-237.807574,3.791652,3.462225,0.505018,6.136614,0.039585,0.015745
1.381690,-51.299701,-400.611519,5.920458,6.516789,34.480830,-237.659844,4.163703,3.225026,0.484557,6.139106,0.039344,0.017266
1.382216,-48.110281,-402.188438,6.279873,6.521295,33.781800,-237.757443,3.979199,2.785950,0.462073,6.142045,0.040107,0.016486
1.382743,-45.198191,-403.945505,6.318979,6.471621,33.696993,-237.757073,4.161300,2.900737,0.443231,6.142394,0.040666,0.017241
1.383269,-41.659200,-405.390254,6.168237,6.406198,32.317357,-237.973683,4.258018,3.027158,0.416073,6.148209,0.040593,0.017650
1.383795,-38.281452,-407.737623,6.367993,6.500508,31.508031,-238.426563,3.806783,3.089563,0.390976,6.151797,0.040339,0.015782
1.384321,-34.950775,-409.023853,6.157417,6.441152,31.253635,-238.330053,3.822265,3.191126,0.369993,6.152793,0.039543,0.015861
1.384847,-31.757146,-411.255277,6.164958,6.728292,30.216505,-238.644802,4.063962,2.960619,0.344703,6.157238,0.040241,0.016832
1.385373,-27.849867,-412.945920,6.166025,6.531434,28.813764,-238.726005,3.957714,3.269376,0.314451,6.163068,0.039981,0.016421
1.385900,-24.080681,-414.663457,5.997617,6.410533,27.973028,-239.211997,3.657426,3.505300,0.288412,6.166776,0.038512,0.015178
1.386426,-19.502816,-416.031155,6.228439,6.332617,26.877780,-239.177957,4.019452,3.225697,0.256479,6.171279,0.040438,0.016663
1.386952,-15.817760,-417.524460,5.948604,6.572426,25.373355,-239.730014,3.727280,3.352680,0.227662,6.177737,0.038567,0.015445
1.387478,-11.632367,-417.609012,5.968027,6.284409,24.131290,-238.449157,3.866625,3.311204,0.197029,6.182328,0.038922,0.016111
1.388004,-7.112692,-420.144872,6.047817,6.650546,23.218839,-239.095918,3.714740,3.185967,0.165991,6.186378,0.038706,0.015445
1.388530,-2.941831,-420.797588,5.937126,6.539543,21.220154,-239.420621,3.849171,2.635622,0.132434,6.194785,0.038667,0.015981
1.389057,1.829382,-420.620999,5.735660,6.488686,19.473183,-239.046313,3.862527,3.264382,0.096867,6.201903,0.037923,0.016090
1.389583,6.099630,-420.532419,5.812878,6.731125,18.018061,-238.689793,3.805842,3.193235,0.065449,6.207841,0.038139,0.015886
1.390109,10.785700,-422.070507,6.116403,6.637950,17.524169,-240.335386,3.670337,3.487839,0.037062,6.210399,0.039226,0.015227
1.390635,15.210338,-421.886665,5.908395,6.735982,15.868804,-239.599147,3.610535,3.094146,0.003612,6.217051,0.037985,0.015027
1.391161,19.968089,-421.559806,5.625863,6.768689,13.320945,-240.062524,3.788336,2.915025,-0.036608,6.227753,0.037349,0.015747
1.391687,24.798683,-421.315451,5.987938,6.753272,11.613821,-240.069351,3.794506,3.249622,-0.072618,6.234846,0.039021,0.015782
1.392213,29.096908,-420.765099,5.979874,6.673068,9.777949,-240.007268,3.711829,3.251870,-0.106473,6.242468,0.038741,0.015450
1.392740,33.990604,-419.783445,5.918305,6.646516,8.107303,-240.078782,3.635616,3.276246,-0.143049,6.249429,0.038310,0.015133
1.393266,38.318171,-418.717341,5.945928,6.680232,7.217391,-239.843883,3.604373,3.596067,-0.172149,6.253102,0.038404,0.015021
1.393792,42.662236,-417.564672,5.887340,6.641100,5.249029,-240.267749,3.641946,3.350820,-0.207969,6.261342,0.038330,0.015154
1.394318,47.011735,-416.537338,5.919785,6.843603,3.690119,-240.178040,3.614675,3.499659,-0.240875,6.267822,0.038441,0.015048
1.394844,51.152216,-415.091842,5.932935,6.677756,2.209337,-239.799250,3.610598,3.496213,-0.272273,6.273972,0.038406,0.015056
1.395370,55.457588,-413.321047,5.762574,6.525044,1.159745,-239.578901,3.784526,3.012084,-0.302903,6.278345,0.038020,0.015796
1.395897,59.357692,-411.373935,6.106855,6.558121,-0.407934,-239.592506,3.677431,3.572101,-0.334818,6.284888,0.039399,0.015349
1.396423,62.961841,-409.523175,5.953527,6.573596,-1.835204,-240.044385,3.944453,3.526266,-0.365183,6.290830,0.039588,0.016432
1.396949,66.823850,-407.447531,5.923955,6.611089,-2.836408,-239.112927,3.618065,3.535236,-0.392363,6.295047,0.038563,0.015130
1.397475,70.393450,-405.826332,6.068293,6.333203,-4.549266,-239.372623,3.743079,3.763768,-0.423046,6.302188,0.039280,0.015634
1.398001,74.187427,-403.650669,5.980805,6.460215,-4.701112,-239.446012,3.627882,3.311885,-0.447868,6.302816,0.038675,0.015148
1.398527,76.935926,-401.419848,6.292258,6.274053,-6.154293,-239.840341,3.533437,3.449023,-0.474973,6.308840,0.039653,0.014727
1.399054,80.244669,-399.681373,6.144489,6.227664,-7.490431,-240.077809,3.877779,3.526648,-0.502618,6.314375,0.039756,0.016143
1.399580,83.398226,-397.774615,6.262983,6.315058,-8.639531,-240.155109,3.668419,3.616272,-0.528515,6.319145,0.039793,0.015265
1.400106,86.167357,-395.460112,6.206617,6.139859,-8.719496,-240.201513,3.717804,3.617935,-0.548580,6.319470,0.039600,0.015467
1.400632,89.119153,-393.571358,6.421872,6.175197,-9.743869,-240.472559,4.018238,3.245926,-0.573379,6.323683,0.040627,0.016691
1.401158,91.188582,-391.892234,6.510065,6.002550,-10.231388,-240.150603,3.935994,3.845785,-0.589183,6.325764,0.040890,0.016374
1.401684,93.467316,-390.025918,6.405790,6.549396,-11.188199,-240.401404,3.776108,3.723952,-0.610360,6.329691,0.040901,0.015690
1.402210,96.066364,-388.165177,6.266514,6.478636,-11.123422,-239.949983,3.775054,3.971769,-0.626130,6.329509,0.040534,0.015718
1.402737,98.290693,-385.878740,6.484520,6.299980,-11.390265,-240.930104,3.791449,3.394003,-0.647768,6.330426,0.040624,0.015716
1.403263,100.047375,-384.477267,6.256680,6.243343,-11.829914,-239.706312,4.002604,3.798904,-0.657927,6.332497,0.040353,0.016676
1.403789,102.297237,-383.276790,6.541440,6.193875,-11.975169,-240.011340,4.051534,3.867757,-0.673292,6.333038,0.041169,0.016858
1.404315,103.876930,-381.801770,6.313337,6.314432,-11.975169,-240.011340,4.051534,3.867757,-0.685061,6.333038,0.040759,0.016858
1.404841,105.671083,-380.344508,6.316139,6.264134,-12.051421,-240.000397,3.905940,3.899618,-0.697964,6.333357,0.040434,0.016254
1.405367,106.828994,-379.160702,6.672750,6.227971,-11.677048,-240.028780,4.026397,3.888837,-0.705511,6.331796,0.041623,0.016753
1.405894,108.522983,-378.307944,6.527379,6.243465,-11.819786,-239.936253,3.949680,3.874322,-0.715824,6.332408,0.040949,0.016441
1.406420,110.132364,-377.231373,6.516723,6.342041,-11.892589,-239.959887,3.907710,3.888568,-0.726666,6.332706,0.040991,0.016265
1.406946,110.726970,-376.636591,6.598526,6.236877,-11.755492,-240.059692,4.078768,3.880250,-0.731046,6.332115,0.041299,0.016968
1.407472,111.988615,-375.867926,6.601247,6.319514,-11.563795,-239.889714,4.026655,3.804235,-0.737557,6.331353,0.041221,0.016764
1.407998,112.887466,-375.487256,6.626554,6.296292,-10.895035,-239.675200,3.674167,3.901569,-0.739092,6.328612,0.040817,0.015316
1.408524,114.250769,-375.081007,6.668507,6.229724,-10.453697,-239.736472,3.670495,3.857392,-0.744505,6.326763,0.040658,0.015298
1.409051,114.410102,-374.771124,6.740236,6.205281,-9.934008,-239.436311,3.825711,3.777501,-0.743099,6.324651,0.040982,0.015964
1.409577,115.575662,-374.521702,6.383488,6.184139,-9.509194,-239.571595,4.002287,3.749273,-0.747478,6.322857,0.040195,0.016691
1.410103,116.016083,-374.450940,6.638372,6.229160,-9.050979,-238.869547,3.600897,3.418289,-0.745081,6.321058,0.039848,0.015063
1.410629,116.452347,-374.840342,6.731162,6.273325,-8.070938,-239.385944,3.853312,3.798627,-0.743377,6.316888,0.041118,0.016087
1.411155,116.476337,-374.944190,6.701894,6.232366,-7.439925,-239.344718,3.540034,3.957321,-0.740409,6.314260,0.040778,0.014785
1.411681,116.862111,-375.550865,6.767518,6.256738,-5.641120,-239.556889,3.826306,3.534780,-0.733256,6.306729,0.041066,0.015967
1.412207,117.060097,-376.242993,6.787125,6.209720,-5.310881,-239.528167,3.514644,3.971216,-0.730091,6.305354,0.041003,0.014671
1.412734,117.337691,-376.926382,6.656779,6.269917,-4.532546,-239.788567,3.853632,3.816048,-0.726520,6.302085,0.041090,0.016068
1.413260,117.297207,-378.156686,6.818559,6.218729,-3.578153,-239.813111,3.606611,3.831658,-0.718112,6.298105,0.041038,0.015038
1.413786,116.814537,-378.945466,6.589280,6.171824,-2.972797,-239.423759,3.461149,3.612882,-0.709441,6.295601,0.039811,0.014455
1.414312,116.519743,-380.114350,6.606128,6.462699,-1.414634,-238.693493,3.687034,3.210955,-0.695087,6.289112,0.040318,0.015446
1.414838,116.403458,-381.682390,6.638806,6.114173,-0.655615,-239.760621,3.636398,3.474120,-0.689689,6.285920,0.039989,0.015167
1.415364,115.608050,-382.516145,6.326008,6.488463,1.274841,-240.595121,3.782247,3.271428,-0.678153,6.277887,0.040219,0.015720
1.415891,115.195251,-384.460262,6.593862,6.173050,2.269424,-240.203180,3.843981,3.199185,-0.664171,6.273738,0.040293,0.016002
1.416417,114.595697,-385.869771,6.553266,6.525799,3.561909,-240.342103,3.691968,3.157173,-0.651753,6.268366,0.040550,0.015359
1.416943,113.716289,-387.731509,6.294277,6.411114,5.113860,-239.758891,3.739058,3.744674,-0.633141,6.261859,0.040085,0.015592
1.417469,112.517969,-389.478480,6.426756,6.298046,6.630909,-239.899312,3.632538,3.599131,-0.616008,6.255552,0.040050,0.015136
1.417995,111.009789,-391.220907,6.423028,6.433373,8.143845,-240.059230,3.824412,3.204297,-0.597520,6.249274,0.040392,0.015919
1.418521,109.611528,-393.005842,6.530518,6.414541,10.154329,-239.853024,3.702858,3.438880,-0.575952,6.240875,0.040742,0.015422
1.419048,108.233979,-394.963787,6.142377,6.435963,11.450781,-240.020164,3.664810,3.575119,-0.558337,6.235514,0.039478,0.015251
1.419574,106.325254,-396.905007,6.192111,6.452025,13.172232,-239.388311,3.724607,3.873331,-0.534061,6.228216,0.039917,0.015537
1.420100,104.611893,-398.833484,6.109950,6.419811,14.922016,-239.552195,3.765457,3.517139,-0.512838,6.220974,0.039452,0.015684
1.420626,102.914918,-400.954241,6.243872,6.330670,17.220528,-239.638236,3.762649,3.617847,-0.488311,6.211448,0.039911,0.015658
1.421152,100.443112,-402.996186,6.061249,6.609837,18.795831,-239.887128,3.735828,3.451384,-0.464102,6.204992,0.039411,0.015519
1.421678,98.037106,-404.951534,6.328662,6.396415,20.805238,-239.836712,3.597120,3.218145,-0.437513,6.196654,0.039818,0.014931
1.422204,95.443712,-406.176122,6.237662,6.425982,22.241543,-239.392469,3.987253,3.133600,-0.413589,6.190543,0.040423,0.016557
1.422731,92.785700,-408.016296,6.013610,6.365961,24.235497,-239.442773,3.322062,3.469297,-0.386225,6.182313,0.038056,0.013810
1.423257,90.441930,-408.868049,5.979182,6.618216,26.806887,-237.706886,3.655385,3.402154,-0.355949,6.170887,0.038674,0.015268
1.423783,87.357919,-410.236495,6.152458,6.409171,28.897061,-237.564318,3.590079,3.408891,-0.326452,6.162141,0.039152,0.014991
1.424309,84.329563,-411.322473,5.998957,6.597889,31.054510,-237.623496,3.669985,3.407656,-0.297600,6.153234,0.038898,0.015297
1.424835,80.976394,-412.289792,6.035901,6.693765,33.172561,-236.941535,3.686427,3.571854,-0.266154,6.144086,0.039117,0.015399
1.425361,78.003173,-413.588579,5.848350,6.749850,35.228055,-236.508625,3.655141,3.551446,-0.237018,6.135322,0.038090,0.015277
1.425888,74.901875,-414.367250,5.890297,6.482838,37.319487,-236.460327,3.681817,3.322014,-0.208187,6.126651,0.038283,0.015345
1.426414,71.200925,-415.812340,5.940864,6.346443,39.260864,-236.730375,3.762920,3.242702,-0.176499,6.118835,0.038675,0.015627
1.426940,67.879023,-416.726561,5.651884,6.902229,41.261070,-236.576979,3.761286,3.432641,-0.146693,6.110513,0.037396,0.015624
1.427466,64.237754,-416.693719,5.840486,6.665419,43.089034,-236.109002,3.682635,3.323295,-0.116581,6.102675,0.038017,0.015298
1.427992,61.141052,-416.787562,5.950235,6.525588,45.388964,-235.927274,3.724577,3.256834,-0.086876,6.093122,0.038679,0.015437
1.428518,57.641334,-416.823317,5.698673,6.747211,46.954760,-235.129213,3.711643,2.973604,-0.058749,6.086080,0.037377,0.015373
1.429045,53.689228,-416.565293,5.960022,6.749085,48.778727,-235.378155,3.596563,3.345464,-0.027095,6.078842,0.038408,0.014920
1.429571,50.639954,-416.332565,6.119364,6.491398,50.871222,-234.664989,3.571413,3.071283,0.001273,6.069706,0.039001,0.014787
1.430097,47.013403,-416.204469,6.024400,6.503079,52.393968,-234.363856,3.203684,3.281678,0.029581,6.063244,0.037509,0.013356
1.430623,43.215730,-415.603820,6.045987,6.607917,54.570169,-233.936438,3.450543,3.053196,0.062420,6.054014,0.038251,0.014284
1.431149,39.644695,-414.893898,5.827618,6.669061,56.145750,-233.444753,3.229398,3.556864,0.090691,6.047158,0.036611,0.013528
1.431675,36.876520,-414.511677,6.135642,6.537472,57.237592,-232.691503,3.491042,3.380791,0.111520,6.041993,0.038605,0.014543
1.432201,33.238968,-413.959197,6.020295,6.575393,58.373025,-232.867417,3.890138,3.297825,0.137911,6.037576,0.039225,0.016069
1.432728,30.037776,-412.618794,6.059039,6.421335,59.461068,-232.463662,3.617387,3.164187,0.161893,6.032768,0.038673,0.014967
1.433254,26.910222,-412.082508,6.147259,6.533419,60.425731,-232.740316,3.882607,3.228299,0.184749,6.029166,0.039854,0.015989
1.433780,23.903863,-410.595381,6.158910,6.554595,61.160263,-232.569734,3.784462,3.180685,0.206298,6.026032,0.039757,0.015587
1.434306,21.011884,-410.346589,6.060693,6.438178,61.755639,-232.518113,4.192326,3.111798,0.225231,6.023584,0.040335,0.017166
1.434832,18.285080,-409.129053,6.160691,6.165995,62.762657,-231.882381,3.807621,3.192781,0.245859,6.018853,0.039537,0.015689
1.435358,15.393098,-408.132877,6.000641,6.370159,63.295531,-232.020957,3.668197,3.078314,0.265575,6.016865,0.038551,0.015095
1.435885,12.997771,-407.318533,5.941757,6.669027,64.088756,-232.200302,4.063780,3.162318,0.283872,6.013884,0.039541,0.016633
1.436411,10.241663,-406.107161,6.220237,6.311171,64.551051,-232.387176,4.185671,3.378652,0.303000,6.012242,0.041030,0.017137
1.436937,7.912065,-405.677945,6.000511,6.459827,64.688545,-232.359087,3.816032,3.294675,0.316567,6.011662,0.039066,0.015676
1.437463,5.606348,-403.504121,6.137885,6.425055,64.877508,-231.148693,3.891153,3.404628,0.331221,6.009551,0.039876,0.016068
1.437989,2.960257,-403.119167,5.958764,6.506983,64.877508,-231.148693,3.891153,3.404628,0.345596,6.009551,0.039081,0.016068
1.438515,1.070804,-402.285631,6.090920,6.372844,64.741692,-231.462958,4.002374,3.466171,0.356780,6.010449,0.039956,0.016501
1.439042,-0.832594,-401.497070,6.252641,6.526436,64.786795,-231.374854,3.993822,3.420186,0.368135,6.010169,0.040654,0.016460
1.439568,-2.856429,-401.195780,6.241266,6.387604,64.814088,-231.624903,3.986930,3.585666,0.379704,6.010340,0.040504,0.016461
1.440094,-4.690672,-400.697140,6.193728,6.532195,64.807534,-231.537649,3.856854,3.349293,0.389820,6.010269,0.039932,0.015897
1.440620,-6.468124,-400.354526,6.386307,6.356356,64.332740,-231.657221,4.070554,3.222232,0.397366,6.012305,0.041038,0.016703
1.441146,-8.341914,-399.502135,6.308838,6.599169,64.282214,-231.665577,4.108236,3.214288,0.408381,6.012516,0.041007,0.016849
1.441672,-10.044481,-399.569037,6.070287,6.510323,62.934882,-231.455851,3.798413,3.180115,0.409560,6.017695,0.039146,0.015672
1.442198,-11.526069,-399.578761,5.955311,6.503357,62.488864,-231.695719,3.948214,3.247184,0.415237,6.019751,0.039054,0.016271
1.442725,-12.886614,-399.505283,6.224152,6.622325,61.675464,-231.813760,3.977032,3.250576,0.418386,6.023153,0.040239,0.016396
1.443251,-14.495686,-400.075385,6.311113,6.594032,60.918260,-232.629618,3.750866,3.027216,0.423169,6.027068,0.039899,0.015422
1.443777,-15.462268,-400.485859,5.897546,6.729911,60.443019,-232.222946,4.069022,3.104710,0.423778,6.028555,0.039045,0.016731
1.444303,-16.472630,-400.470774,6.216459,6.572089,58.986366,-232.798852,3.826142,3.273530,0.422887,6.035029,0.039739,0.015803
1.444829,-18.005147,-400.649703,6.123448,6.647644,57.896416,-233.146142,3.528963,3.077559,0.425457,6.039782,0.038674,0.014588
1.445355,-18.545405,-400.778955,6.322731,6.547809,56.777102,-233.042871,3.992795,3.050149,0.422067,6.044207,0.040440,0.016451
1.445882,-19.527695,-401.447792,6.001437,6.560613,55.600674,-232.926822,3.592220,2.844594,0.419364,6.048866,0.038050,0.014849
1.446408,-20.350670,-401.895524,6.337204,6.429129,53.834534,-233.489005,3.974032,2.907332,0.414936,6.056580,0.040283,0.016389
1.446934,-20.988176,-402.416194,6.374111,6.534005,52.445534,-233.886009,4.042716,2.898075,0.410924,6.062599,0.040719,0.016669
1.447460,-21.774255,-403.016859,6.246732,6.451438,51.253539,-234.492115,3.732884,3.190838,0.408910,6.067997,0.039553,0.015456
1.447986,-22.139568,-404.184857,6.344108,6.463793,49.628417,-234.793782,3.567138,3.297121,0.400754,6.074881,0.039544,0.014818
1.448512,-22.363655,-404.516290,6.281509,6.446338,47.111280,-235.157986,3.851922,3.299979,0.389289,6.085464,0.040154,0.015978
1.449039,-22.543665,-406.079550,6.269231,6.593862,45.638128,-235.573791,3.599092,3.273256,0.380403,6.091824,0.039466,0.014952
1.449565,-22.635087,-406.913912,6.294615,6.564590,43.679331,-235.866703,4.101112,3.094795,0.369855,6.100073,0.040773,0.016974
1.450091,-22.643232,-408.133108,6.228973,6.431288,41.910168,-236.055681,4.082295,3.012505,0.358895,6.107473,0.040295,0.016909
1.450617,-23.011634,-409.372024,5.961927,6.843916,40.261119,-236.193362,4.126669,2.953750,0.350293,6.114350,0.039458,0.017104
1.451143,-22.481721,-410.269333,6.270056,6.474607,38.040549,-237.106738,3.966366,2.757534,0.336239,6.124105,0.040225,0.016410
1.451669,-22.119696,-411.598514,6.216957,6.655616,35.294757,-237.224501,4.321680,3.024689,0.318080,6.135487,0.041106,0.017920
1.452195,-21.967163,-412.489663,6.372830,6.546670,32.847409,-237.697243,4.047025,2.878438,0.303885,6.145865,0.041021,0.016787
1.452722,-21.893695,-414.076640,6.101881,6.737928,30.436837,-238.255897,4.290579,3.057956,0.289286,6.156125,0.040637,0.017792
1.453248,-21.339884,-415.205659,6.137666,6.665979,28.314273,-238.270859,4.145920,2.899455,0.273598,6.164908,0.040250,0.017217
1.453774,-20.354084,-416.388247,6.182297,6.659409,25.962599,-238.384479,3.983203,2.863372,0.254556,6.174702,0.039948,0.016564
1.454300,-19.559974,-417.073603,6.142422,6.418370,22.878112,-239.229455,4.019452,3.225697,0.234245,6.187843,0.040103,0.016698
1.454826,-19.012259,-416.945518,6.073131,6.716505,20.672798,-238.119227,4.045688,3.004697,0.218381,6.196585,0.039853,0.016898
1.455352,-17.785823,-418.207433,6.107634,6.561786,17.894681,-239.309413,4.163440,3.226599,0.196863,6.208548,0.040503,0.017330
1.455879,-16.922234,-419.041700,6.160211,6.340636,15.120922,-238.440731,3.765139,3.155715,0.175598,6.219854,0.039339,0.015750
1.456405,-15.659262,-419.779910,6.141538,6.546932,12.091421,-239.063119,4.055416,3.365258,0.152369,6.232650,0.040253,0.016935
1.456931,-14.424418,-420.526230,5.891596,6.723528,8.664114,-239.361870,4.026596,3.429195,0.126762,6.247004,0.039111,0.016808
1.457457,-13.304145,-421.018057,6.211919,6.667936,5.359486,-239.787780,3.725395,3.288320,0.102621,6.260838,0.039769,0.015531
1.457983,-11.958339,-421.329029,5.961499,6.637265,3.304261,-239.355105,3.692859,3.108045,0.083677,6.269381,0.038414,0.015426
1.458509,-10.466536,-421.366575,5.970493,6.712303,-0.358109,-239.629697,3.568330,3.001763,0.055564,6.284680,0.038221,0.014891
1.459036,-9.160584,-421.702292,6.139152,6.396542,-2.758974,-239.254326,3.695251,3.248344,0.035073,6.294716,0.039250,0.015444
1.459562,-7.498768,-421.528802,6.141887,6.557884,-5.970629,-239.207435,3.277403,3.018716,0.008381,6.308140,0.038182,0.013696
1.460088,-6.452862,-421.392608,5.928206,6.730731,-8.709980,-239.439653,3.726876,3.103307,-0.012404,6.319546,0.038482,0.015552
1.460614,-5.051476,-421.941258,6.093635,6.737579,-11.668044,-239.901759,4.145182,3.089252,-0.036331,6.331784,0.040459,0.017249
1.461140,-3.552176,-421.283624,6.145194,6.733742,-13.894119,-239.668803,4.162137,3.295292,-0.056883,6.341093,0.040802,0.017326
1.461666,-2.709804,-420.596591,6.049758,6.725156,-17.434369,-239.144474,4.027311,3.369822,-0.080971,6.355960,0.039931,0.016783
1.462192,-0.942029,-419.854235,6.079316,6.546205,-19.968697,-239.530131,4.073228,3.403479,-0.105125,6.366359,0.040361,0.016929
1.462719,0.006684,-419.667266,6.412320,6.676337,-23.050907,-238.908162,3.815615,3.271858,-0.126875,6.379372,0.040946,0.015878
1.463245,1.646797,-418.343594,6.280942,6.494167,-24.791485,-238.808646,3.716283,3.494270,-0.146209,6.386628,0.040225,0.015469
1.463771,2.500379,-417.591191,6.374346,6.426963,-27.611639,-238.190767,4.066298,3.328889,-0.166298,6.398593,0.041516,0.016921
1.464297,3.892045,-416.727761,6.310741,6.576075,-30.007524,-238.010359,4.218323,3.412195,-0.187456,6.408600,0.041695,0.017536
1.464823,4.793672,-415.724994,6.009566,6.768719,-32.638776,-236.970073,3.632132,3.737429,-0.206424,6.420058,0.038620,0.015192
1.465349,5.899028,-414.868795,6.381024,6.435594,-34.696715,-236.773410,3.795461,3.273043,-0.224115,6.428689,0.040591,0.015818
1.465876,6.646722,-413.985163,6.275120,6.487251,-37.287970,-236.025761,3.765268,3.591991,-0.242040,6.439873,0.039954,0.015740
1.466402,7.767058,-413.038070,6.281015,6.602181,-39.386865,-236.211554,3.670639,3.202035,-0.260603,6.448409,0.039775,0.015278
1.466928,8.267580,-412.126692,6.288967,6.426311,-41.170595,-236.229736,3.760172,3.514325,-0.273994,6.455734,0.040102,0.015652
1.467454,8.921148,-411.181225,6.138880,6.566771,-43.017627,-235.583589,3.749321,3.347435,-0.287583,6.463796,0.039361,0.015605
1.467980,9.274804,-410.011039,6.225323,6.468031,-45.142526,-235.183216,3.805057,3.200746,-0.301757,6.472825,0.039809,0.015806
1.468506,9.852787,-409.091746,6.278015,6.530680,-46.971360,-235.489891,3.734575,3.490604,-0.316333,6.480064,0.040044,0.015515
1.469033,10.054110,-408.275437,6.311195,6.596027,-48.355231,-235.364423,3.972599,3.559585,-0.325765,6.485814,0.040881,0.016467
1.469559,10.890073,-407.384203,6.062196,6.631824,-49.473781,-235.330429,3.713421,3.610544,-0.337426,6.490399,0.039262,0.015424
1.470085,10.957156,-406.752777,6.116656,6.607010,-51.145164,-234.790695,3.842340,3.745559,-0.346564,6.497668,0.039748,0.015972
1.470611,11.263782,-406.266644,6.234998,6.571764,-52.450340,-234.553449,3.909297,3.620108,-0.355303,6.503184,0.040276,0.016210
1.471137,11.498593,-405.795314,6.198193,6.588906,-53.427923,-233.838961,3.758820,3.762447,-0.361027,6.507811,0.039672,0.015671
1.471663,11.301292,-405.047366,6.305173,6.730881,-54.754374,-234.376823,3.827820,3.764783,-0.369281,6.512686,0.040549,0.015890
1.472189,11.190031,-403.575910,6.259053,6.443118,-55.539765,-232.790857,3.871995,3.827062,-0.372484,6.517389,0.040237,0.016169
1.472716,11.129368,-403.498598,6.269578,6.474866,-56.616134,-232.572154,3.682784,3.629037,-0.377350,6.521975,0.039660,0.015373
1.473242,10.810444,-403.295603,6.458456,6.568612,-57.036224,-232.010208,3.898845,3.356790,-0.377142,6.524240,0.040826,0.016198
1.473768,10.895763,-403.203452,6.271077,6.587509,-57.522412,-232.090361,3.759050,3.443924,-0.380370,6.526135,0.039767,0.015648
1.474294,10.374823,-403.120217,6.582233,6.574714,-58.440761,-232.111057,3.824672,3.882634,-0.382581,6.529838,0.041316,0.015994
1.474820,9.629122,-402.995758,6.447011,6.613772,-58.523756,-232.957934,3.981741,3.807621,-0.381205,6.529312,0.041406,0.016535
1.475346,9.068073,-403.097991,6.542306,6.572334,-59.107129,-232.581498,3.741953,3.920317,-0.380348,6.532052,0.041129,0.015639
1.475873,8.893024,-402.965881,6.296739,6.629781,-58.915145,-232.519958,3.733395,3.660160,-0.378633,6.531340,0.040097,0.015546
1.476399,7.930875,-403.441783,6.315768,6.510094,-59.013651,-232.562290,3.804972,3.877065,-0.373387,6.531694,0.040326,0.015877
1.476925,7.320871,-403.744485,6.428399,6.565581,-59.182202,-233.046704,3.748032,3.812453,-0.371505,6.531878,0.040729,0.015604
1.477451,6.027746,-403.945047,6.349145,6.748284,-59.124573,-232.870278,3.681832,3.886219,-0.363882,6.531826,0.040411,0.015377
1.477977,5.257247,-404.413829,6.351240,6.744021,-59.001604,-232.548902,3.713983,4.060512,-0.357799,6.531659,0.040453,0.015571
1.478503,4.096073,-404.823204,6.395037,6.799754,-58.947418,-232.187364,3.741589,3.892391,-0.350135,6.531811,0.040593,0.015658
1.479030,3.148264,-406.672149,6.345312,6.584511,-57.923572,-233.297380,4.238442,3.297196,-0.338681,6.526547,0.041355,0.017429
1.479556,1.690404,-407.376315,6.321496,6.697931,-57.741166,-233.043956,3.909989,3.396936,-0.328554,6.526064,0.040400,0.016170
1.480082,0.975002,-408.119458,6.239094,6.788540,-56.817310,-232.940458,3.620660,3.695126,-0.318661,6.522427,0.039388,0.015118
1.480608,-0.486788,-408.801381,6.356717,6.782001,-55.868945,-233.366172,4.174673,3.365191,-0.305783,6.518167,0.041322,0.017231
1.481134,-1.737822,-409.641127,6.283933,6.771493,-55.063843,-233.491762,3.629707,3.608518,-0.293961,6.514782,0.039625,0.015126
1.481660,-3.629060,-410.138256,6.285906,6.713054,-54.923628,-233.670854,3.853624,3.520095,-0.282879,6.514042,0.040210,0.015984
1.482186,-4.771965,-411.347446,6.296806,6.742467,-52.957144,-233.658415,3.754173,3.346049,-0.264809,6.506063,0.039893,0.015591
1.482713,-6.727305,-412.329964,6.207888,6.607120,-51.773910,-234.276521,4.145184,3.338201,-0.247795,6.500684,0.040623,0.017135
1.483239,-8.120974,-412.947990,6.265845,6.779261,-50.601220,-234.318247,3.645267,3.579844,-0.233475,6.495870,0.039605,0.015194
1.483765,-10.102718,-414.490380,6.378678,6.606078,-48.781745,-234.862820,3.755253,3.396705,-0.212091,6.487977,0.040290,0.015596
1.484291,-11.711812,-415.025286,6.033696,6.823189,-47.817738,-235.097725,4.040893,3.440815,-0.198039,6.483843,0.039653,0.016751
1.484817,-13.929016,-415.692757,6.281342,6.678901,-46.551798,-235.124244,3.690601,3.501617,-0.178739,6.478646,0.039749,0.015368
1.485343,-15.706365,-416.955586,6.121715,6.839811,-44.781382,-235.251532,3.753541,3.059319,-0.158668,6.471290,0.039066,0.015582
1.485870,-17.738294,-417.749119,6.191097,6.757674,-42.209158,-236.239119,3.863923,3.829897,-0.134010,6.459991,0.039893,0.016097
1.486396,-19.647998,-418.503012,6.263952,6.482483,-40.638891,-236.910605,3.782412,3.486829,-0.115083,6.453069,0.040032,0.015702
1.486922,-21.740336,-419.287431,6.297439,6.680941,-38.491657,-237.282695,3.781348,3.267385,-0.091779,6.444003,0.040193,0.015679
1.487448,-23.796630,-420.019580,5.969900,6.729798,-36.606259,-237.624739,3.708857,3.673500,-0.070115,6.436034,0.038456,0.015423
1.487974,-26.657415,-420.242295,6.004433,6.711833,-34.400288,-237.947710,4.022358,3.616220,-0.042449,6.426761,0.039614,0.016698
1.488500,-28.639334,-420.763855,6.069936,6.803757,-32.353735,-238.239553,3.788306,3.667207,-0.020347,6.418163,0.039194,0.015748
1.489027,-30.892909,-421.273287,6.153710,6.501284,-29.880643,-238.946851,4.114287,3.365074,0.005552,6.407591,0.040599,0.017042
1.489553,-33.054907,-420.355213,6.171779,6.457467,-26.831178,-238.282111,3.642490,3.567559,0.034169,6.395316,0.039339,0.015187
1.490079,-35.135093,-420.425836,6.211063,6.449843,-25.355567,-238.552229,3.670489,3.190322,0.053719,6.389077,0.039610,0.015279
1.490605,-37.327863,-420.562769,6.174662,6.524842,-22.586879,-238.710853,3.719176,3.524463,0.080884,6.377525,0.039516,0.015504
1.491131,-39.289023,-420.620229,6.254447,6.531564,-19.973439,-239.285633,3.953610,3.290107,0.106119,6.366463,0.040570,0.016448
1.491657,-41.518614,-420.206349,6.290455,6.380440,-17.521119,-239.520562,3.997070,3.243040,0.132041,6.356206,0.040861,0.016628
1.492183,-43.695044,-419.460226,6.087570,6.640260,-14.925852,-239.582228,3.745644,3.265760,0.158594,6.345404,0.039272,0.015597
1.492710,-45.661604,-418.755436,6.168552,6.512313,-12.631681,-239.706144,4.157443,3.127870,0.182423,6.335833,0.040818,0.017309
1.493236,-47.343328,-418.302013,6.262524,6.463695,-9.887497,-239.488978,4.253452,3.311339,0.206484,6.324448,0.041368,0.017739
1.493762,-49.356632,-417.089818,6.191530,6.449391,-7.590196,-239.911818,4.210297,3.395459,0.231505,6.314812,0.041075,0.017538
1.494288,-50.893397,-416.177724,5.962433,6.596600,-5.115973,-239.941190,3.755678,3.260416,0.254134,6.304504,0.038810,0.015648
1.494814,-52.479040,-415.145648,6.161906,6.592388,-2.857160,-239.924659,3.789812,3.092248,0.275970,6.295093,0.039743,0.015794
1.495340,-54.196348,-413.864911,6.258233,6.532700,0.117619,-239.447037,4.225247,2.930891,0.301884,6.282694,0.041150,0.017646
1.495867,-55.419476,-413.583847,6.231274,6.635836,2.165209,-240.658151,4.155119,3.049282,0.321453,6.274189,0.040991,0.017265
1.496393,-56.224857,-412.363140,6.402505,6.378534,4.920806,-240.743167,3.663118,3.094619,0.342263,6.262748,0.040313,0.015212
1.496919,-57.694184,-410.628333,6.204517,6.324861,6.607123,-240.477999,4.159595,3.153121,0.361318,6.255717,0.040797,0.017288
1.497445,-58.563581,-409.301390,6.351818,6.498240,10.002024,-239.854985,4.074207,3.188095,0.384504,6.241509,0.041050,0.016966
1.497971,-59.843158,-408.118312,6.224828,6.437623,11.640605,-240.044614,4.384980,3.156536,0.402135,6.234730,0.041326,0.018236
1.498497,-60.449308,-406.638503,6.292217,6.479349,13.777634,-239.717140,3.910124,3.191942,0.418423,6.225774,0.040387,0.016276
1.499023,-60.910514,-405.381519,6.103921,6.683123,15.643050,-239.679782,4.016924,3.222376,0.432785,6.218011,0.040141,0.016711
1.499550,-61.289564,-403.976847,6.052629,6.457260,17.705084,-238.980772,4.325798,2.924909,0.446517,6.209235,0.040318,0.018025
1.500076,-61.748922,-404.321826,6.216855,6.669123,19.615240,-239.917544,4.199726,3.223853,0.459562,6.201608,0.040798,0.017423
1.500602,-62.148756,-401.865748,6.297859,6.435866,20.800824,-239.060185,4.478482,3.213176,0.471219,6.196393,0.041708,0.018629
1.501128,-62.050122,-400.740538,6.418158,6.529338,22.306940,-238.704862,4.280313,3.122898,0.479998,6.190006,0.041687,0.017817
1.501654,-62.193177,-399.987749,6.267441,6.488146,24.207773,-238.537221,4.085153,2.973833,0.491374,6.182047,0.040445,0.016997
1.502180,-61.812464,-399.386751,6.216435,6.636481,26.504995,-238.597513,4.182131,2.987670,0.502286,6.172552,0.040574,0.017369
1.502707,-61.892467,-398.117282,6.285130,6.409385,28.308553,-238.341027,4.162716,3.031782,0.513942,6.164966,0.040510,0.017287
1.503233,-61.425509,-397.856104,5.976428,6.556296,29.574735,-238.337970,4.245475,3.072840,0.518423,6.159729,0.039798,0.017613
1.503759,-60.789324,-396.792718,6.235630,6.632960,30.867224,-238.162080,4.355544,3.027632,0.523935,6.154298,0.041093,0.018059
1.504285,-59.762736,-396.440640,6.005925,6.413694,32.190477,-238.213375,4.212024,3.056436,0.526441,6.148866,0.039770,0.017448
1.504811,-59.057739,-395.741075,6.330368,6.378548,33.701791,-237.590330,3.998704,3.062929,0.530453,6.142277,0.040275,0.016595
1.505337,-58.435171,-395.749658,6.263864,6.441238,35.037857,-238.117617,4.414212,3.052338,0.535244,6.137089,0.041075,0.018239
1.505864,-57.242583,-395.412035,6.365617,6.491770,35.977976,-237.991352,4.213072,3.162503,0.534646,6.133148,0.041151,0.017418
1.506390,-56.463750,-394.623232,6.242091,6.510884,37.636988,-237.068424,4.234766,3.171606,0.538400,6.125739,0.040678,0.017547
1.506916,-55.657705,-394.516322,5.982827,6.518276,37.959871,-236.736213,4.249338,3.089083,0.535510,6.124192,0.039822,0.017618
1.507442,-53.816095,-394.704019,5.964688,6.384616,39.782505,-236.712745,4.107481,3.217871,0.534834,6.116679,0.039308,0.017021
1.507968,-52.318135,-394.666857,6.229913,6.332697,39.742748,-236.956948,4.026617,2.984401,0.528375,6.117011,0.040053,0.016655
1.508494,-50.739388,-395.223958,6.267240,6.322742,40.830546,-236.217882,3.961408,2.646711,0.522503,6.112025,0.039669,0.016392
1.509020,-49.238855,-395.696308,6.289950,6.540637,42.064564,-236.234967,3.831705,3.031074,0.520009,6.106970,0.039874,0.015877
1.509547,-47.989914,-396.595380,5.999336,6.473726,41.902007,-235.919323,4.215000,3.061747,0.510078,6.107407,0.039604,0.017463
1.510073,-45.967028,-397.189550,6.265695,6.563118,42.312791,-236.123791,4.172174,3.191011,0.501382,6.105870,0.040699,0.017280
1.510599,-44.231609,-398.098177,6.231037,6.596824,43.542597,-235.991280,4.194277,3.097437,0.496262,6.100728,0.040474,0.017347
1.511125,-42.108771,-398.409145,6.153479,6.495462,43.523231,-236.234240,4.097626,3.451270,0.485813,6.100991,0.040267,0.016977
1.511651,-39.788434,-399.240136,6.084991,6.591274,44.102657,-236.028040,4.021429,3.384683,0.474785,6.098462,0.039879,0.016665
1.512177,-37.207720,-400.506746,6.293274,6.544972,44.256749,-236.011850,4.082024,3.409241,0.459832,6.097819,0.040735,0.016912
1.512704,-34.939625,-402.090080,6.280990,6.416400,44.466053,-236.694897,4.065380,3.430609,0.447599,6.097487,0.040572,0.016797
1.513230,-32.479733,-403.118288,6.311138,6.561552,44.484728,-236.658531,4.166383,3.184447,0.433085,6.097383,0.040982,0.017179
1.513756,-30.195319,-404.072034,6.300442,6.462597,44.469561,-236.680954,4.220509,3.469248,0.419565,6.097462,0.041152,0.017428
1.514282,-27.165008,-405.172827,6.160165,6.600843,44.612278,-236.716458,4.177360,3.616653,0.402792,6.096907,0.040718,0.017267
1.514808,-24.478879,-406.254550,6.171930,6.425375,44.116223,-235.815064,4.287416,2.990956,0.382625,6.098243,0.040587,0.017715
1.515334,-21.910426,-407.911134,6.258435,6.454001,43.819155,-235.644154,4.172818,2.946508,0.364506,6.099331,0.040509,0.017263
1.515861,-18.490834,-408.735374,6.203142,6.496086,43.300748,-236.101859,4.130451,3.139385,0.343726,6.101802,0.040499,0.017089
1.516387,-15.260165,-410.209441,5.936763,6.321435,42.369089,-236.424704,4.217859,3.090090,0.320201,6.105860,0.039644,0.017433
1.516913,-12.139837,-410.922385,6.230960,6.454518,42.230382,-235.980396,4.205738,2.885010,0.301326,6.106103,0.040826,0.017399
1.517439,-8.687420,-412.644167,5.919964,6.595953,41.974346,-235.921375,4.287768,2.864052,0.279186,6.107111,0.039712,0.017741
1.517965,-5.091056,-413.535196,5.939417,6.654377,41.074297,-236.573335,3.746273,3.216779,0.255190,6.111277,0.038529,0.015542
1.518491,-1.787737,-414.972835,5.974022,6.433064,40.480409,-236.470138,4.234176,3.037003,0.232510,6.113643,0.039858,0.017527
1.519017,2.095521,-415.961791,6.084930,6.443793,39.414252,-236.478313,3.715014,2.952290,0.205002,6.118032,0.038880,0.015419
1.519544,5.851906,-417.090408,5.996735,6.525517,38.665967,-236.905017,4.113581,3.118189,0.180139,6.121399,0.039699,0.017042
1.520070,9.291190,-418.169570,6.008202,6.531314,37.287060,-237.217003,3.823009,3.126502,0.153497,6.127276,0.038908,0.015857
1.520596,13.326521,-419.081125,5.854980,6.692715,35.451210,-237.438710,3.819966,3.038331,0.121206,6.134973,0.038234,0.015848
1.521122,17.211795,-419.387142,5.987421,6.669720,34.835807,-237.830195,4.011344,3.205712,0.096768,6.137746,0.039520,0.016625
1.521648,21.295471,-420.184524,5.937753,6.470025,33.792917,-238.082092,3.653683,3.040815,0.068521,6.142189,0.038200,0.015148
1.522174,25.275284,-420.494840,6.121375,6.635310,31.697170,-238.568240,3.677594,3.142574,0.035285,6.151095,0.039230,0.015245
1.522701,29.325974,-420.726208,6.093462,6.770236,31.137667,-238.242210,3.484981,2.887879,0.009928,6.153224,0.038465,0.014466
1.523227,33.390491,-419.801827,6.087273,6.710209,29.941207,-237.349977,3.293853,3.014894,-0.018903,6.157700,0.037929,0.013751
1.523753,37.404306,-419.806831,5.950063,6.675450,28.347937,-237.221597,3.127091,2.861562,-0.049560,6.164249,0.036777,0.013074
1.524279,42.373193,-419.463209,6.049553,6.564039,27.331730,-237.956744,3.367240,3.495809,-0.082681,6.168826,0.038034,0.014065
1.524805,46.265622,-418.889052,6.242709,6.670861,25.623717,-237.978360,3.486540,3.249064,-0.113609,6.175926,0.039289,0.014555
1.525331,50.056823,-418.291618,6.128293,6.757288,24.045254,-238.829890,3.280950,3.671994,-0.143940,6.182844,0.038422,0.013686
1.525858,54.122272,-417.374171,6.179593,6.665979,21.677219,-238.764357,3.574400,3.632415,-0.179694,6.192644,0.039408,0.014911
1.526384,58.373800,-416.443497,5.994478,6.877308,20.453048,-238.681045,3.610112,3.789369,-0.210172,6.197702,0.038715,0.015076
1.526910,62.026241,-415.531427,5.855822,6.639404,18.745493,-239.122193,3.536459,3.552937,-0.240591,6.204952,0.037887,0.014745
1.527436,65.912531,-413.897457,5.840102,6.718637,17.604941,-238.954195,3.567836,3.418465,-0.269419,6.209643,0.037992,0.014887
1.527962,69.131062,-412.716574,6.167164,6.425757,15.819600,-238.765096,3.779882,3.560272,-0.297385,6.217026,0.039811,0.015792
1.528488,72.755361,-411.041082,6.072346,6.506935,14.763136,-238.955184,3.494158,3.265515,-0.325043,6.221482,0.038737,0.014591
1.529014,76.335563,-409.423769,5.952498,6.741752,12.843900,-238.705300,3.631400,3.621766,-0.356058,6.229431,0.038755,0.015191
1.529541,79.517012,-408.551421,6.216549,6.565571,11.388443,-240.491751,3.964001,3.155829,-0.385138,6.235866,0.040588,0.016458
1.530067,82.769587,-406.251777,6.058930,6.549720,10.330938,-239.681074,3.613479,3.408821,-0.410211,6.240109,0.039132,0.015061
1.530593,85.701862,-404.653839,6.343119,6.453208,9.076092,-240.454996,3.565565,3.171230,-0.436625,6.245458,0.040073,0.014816
1.531119,88.598439,-402.578753,6.014197,6.498107,7.766821,-240.265512,3.646492,3.122155,-0.462044,6.250871,0.038983,0.015167
1.531645,91.344750,-400.896436,6.417235,6.318460,7.142555,-239.838165,3.529395,3.417719,-0.481725,6.253413,0.040133,0.014709
1.532171,93.943063,-398.901293,6.256760,6.353328,5.647146,-239.376881,3.567906,3.712881,-0.505522,6.259599,0.039705,0.014901
1.532698,96.218953,-396.943750,6.184923,6.283337,5.026289,-239.354103,3.655516,3.228144,-0.524589,6.262189,0.039294,0.015268
1.533224,98.725140,-394.870925,6.334379,6.276452,4.552024,-238.925479,3.763305,3.442938,-0.543271,6.264136,0.040141,0.015748
1.533750,100.798858,-393.200901,6.436748,6.519269,3.062355,-239.876152,3.692431,2.779901,-0.567500,6.270420,0.040290,0.015391
1.534276,102.653556,-391.434298,6.437860,6.409696,2.427976,-239.501853,3.213996,3.674810,-0.583145,6.273048,0.039857,0.013419
1.534802,104.753074,-389.655358,6.432657,6.380936,1.661744,-239.540572,3.640095,3.668911,-0.601778,6.276248,0.040534,0.015196
1.535328,106.702603,-388.243128,6.428361,6.467007,0.670234,-239.313630,3.575463,4.034713,-0.618710,6.280385,0.040732,0.014940
1.535855,108.357035,-386.593239,6.476654,6.296555,0.003296,-239.311988,3.902304,3.848431,-0.634281,6.283172,0.041008,0.016306
1.536381,109.821087,-385.136336,6.286503,6.366364,-0.802256,-239.826742,3.619158,3.828191,-0.650690,6.286530,0.040074,0.015091
1.536907,111.087437,-383.752472,6.595014,6.081748,-0.954761,-238.944555,3.700931,4.019809,-0.658516,6.287181,0.040754,0.015489
1.537433,112.344684,-382.920698,6.531812,6.257026,-1.161988,-240.561688,3.811186,3.298859,-0.673109,6.288016,0.040513,0.015843
1.537959,113.235457,-381.842498,6.722574,6.356901,-1.773642,-240.078665,4.011475,3.839356,-0.681577,6.290573,0.042024,0.016709
1.538485,114.517327,-380.865246,6.525962,6.257529,-1.919964,-240.121374,3.929180,3.869407,-0.691167,6.291181,0.041129,0.016363
1.539011,115.241704,-379.904045,6.687826,6.313353,-2.154611,-239.970134,3.870119,3.741118,-0.698039,6.292164,0.041438,0.016127
1.539538,116.428479,-379.175670,6.714820,6.277452,-2.279400,-240.438726,3.924289,3.605243,-0.707755,6.292665,0.041374,0.016321
1.540064,116.679862,-378.803690,6.598374,6.270916,-2.469212,-240.555301,3.948706,3.732251,-0.711332,6.293450,0.041231,0.016414
1.540590,117.595166,-377.570875,6.906224,6.124966,-3.349225,-239.283666,3.729624,4.118325,-0.718597,6.297181,0.041638,0.015585
1.541116,118.212076,-377.204171,6.630788,6.142707,-2.912488,-239.591624,3.684485,3.859309,-0.721759,6.295341,0.040599,0.015377
1.541642,118.371769,-377.359805,6.592568,6.224611,-2.801670,-239.905467,3.620395,4.270290,-0.722530,6.294863,0.041111,0.015090
1.542168,118.675102,-377.234491,6.750970,6.242551,-2.801670,-239.905467,3.620395,4.270290,-0.724223,6.294863,0.041550,0.015090
1.542695,118.755338,-377.316874,6.783524,6.288757,-2.781723,-239.695832,3.602021,3.951218,-0.723415,6.294790,0.041233,0.015027
1.543221,118.905828,-377.086098,6.724405,6.443960,-2.292990,-240.094550,3.908056,3.285240,-0.724307,6.292735,0.041241,0.016276
1.543747,118.717925,-377.662784,6.779803,6.383548,-1.983578,-239.298632,3.955945,3.761950,-0.717325,6.291474,0.041732,0.016531
1.544273,118.512780,-378.180908,6.648417,6.391091,-1.232627,-239.907143,3.641941,3.295158,-0.713711,6.288323,0.040543,0.015180
1.544799,118.515500,-378.723624,6.761440,6.476482,-0.561099,-239.174741,3.664810,3.575119,-0.706405,6.285531,0.041258,0.015323
1.545325,118.143302,-379.602979,6.775486,6.204169,-1.005057,-240.065145,3.651840,3.402108,-0.706741,6.287372,0.040555,0.015212
1.545852,117.481953,-380.176300,6.880629,6.495014,-0.397574,-238.906248,3.811623,3.775116,-0.695383,6.284849,0.041973,0.015954
1.546378,116.814867,-380.957089,6.707795,6.426739,0.444972,-239.007174,3.893256,3.755555,-0.686695,6.281324,0.041578,0.016289
1.546904,116.191140,-383.328724,6.508288,6.327844,1.201117,-239.904784,3.759831,3.327542,-0.675807,6.278179,0.040118,0.015672
1.547430,114.836612,-384.691423,6.677571,6.210032,1.985024,-239.793294,4.006963,3.218874,-0.661701,6.274907,0.040826,0.016709
1.547956,114.554316,-385.500003,6.598454,6.281164,3.013753,-240.309963,3.644160,3.504443,-0.655072,6.270645,0.040481,0.015163
1.548482,112.902374,-386.761343,6.584429,6.372586,3.127611,-240.578649,3.749629,3.104828,-0.644104,6.270186,0.040505,0.015584
1.549008,111.734284,-388.130023,6.453216,6.449456,4.831960,-239.795882,3.497044,3.798362,-0.624475,6.263038,0.040416,0.014581
1.549535,110.527780,-389.869567,6.469378,6.635880,5.281531,-240.445025,3.684431,3.083511,-0.613635,6.261223,0.040504,0.015319
1.550061,108.850643,-391.485130,6.439227,6.418172,6.744963,-239.158275,3.560758,3.544878,-0.590518,6.254990,0.040081,0.014883
1.550587,107.330954,-393.171161,6.526886,6.571414,7.411417,-239.560122,3.654567,3.608780,-0.576706,6.252258,0.040848,0.015248
1.551113,105.771079,-394.898884,6.262914,6.484202,8.776336,-239.592509,3.626160,3.465364,-0.558267,6.246571,0.039701,0.015124
1.551639,103.536454,-396.588951,6.266085,6.525055,9.827392,-239.164603,3.880240,3.504948,-0.536930,6.242118,0.040282,0.016208
1.552165,101.797971,-398.350563,6.068335,6.656073,11.048883,-239.163376,3.690420,3.817322,-0.518127,6.237020,0.039547,0.015415
1.552692,98.935767,-400.052649,6.347613,6.443732,12.903285,-239.309097,3.624246,3.594656,-0.491422,6.229319,0.040176,0.015122
1.553218,97.215055,-401.836060,6.334064,6.466755,13.839062,-239.163816,3.576980,3.329375,-0.473629,6.225385,0.039794,0.014928
1.553744,94.503366,-403.633157,6.393222,6.431355,15.226076,-239.680708,3.677110,3.487926,-0.450392,6.219744,0.040437,0.015308
1.554270,91.749672,-405.486577,6.338716,6.607096,16.747245,-239.191500,3.882204,3.434597,-0.423702,6.213283,0.040758,0.016182
1.554796,89.073971,-407.108204,6.356777,6.513847,18.264498,-239.323943,3.820831,3.322147,-0.399350,6.207016,0.040639,0.015908
1.555322,86.135830,-409.101662,6.240933,6.691062,19.297170,-239.522335,3.792377,3.416663,-0.375448,6.202794,0.040222,0.015772
1.555849,83.018984,-410.460003,6.249610,6.422849,20.402041,-238.841241,3.969116,3.168549,-0.349852,6.197971,0.040373,0.016536
1.556375,79.944686,-411.828863,6.136237,6.585157,22.920444,-238.423648,3.651704,3.000717,-0.317710,6.187347,0.039170,0.015223
1.556901,76.763289,-413.148157,6.117138,6.749046,24.411028,-238.631365,3.366868,3.084146,-0.291442,6.181244,0.038527,0.014024
1.557427,73.256576,-414.280368,6.269790,6.770505,25.991876,-238.921336,3.309554,3.043357,-0.263275,6.174823,0.039163,0.013758
1.557953,69.586041,-414.460459,6.148491,6.846103,27.443656,-237.308584,3.759884,3.173306,-0.233547,6.168051,0.039680,0.015709
1.558479,65.957415,-415.496746,6.088954,6.615428,29.281829,-237.550979,3.621572,2.994223,-0.203259,6.160539,0.039034,0.015095
1.559005,62.365740,-416.407549,5.774728,6.881964,30.807018,-237.691283,3.564677,3.050628,-0.174784,6.154294,0.037524,0.014840
1.559532,58.784272,-417.193950,6.034966,6.734423,31.887005,-237.650802,3.747107,3.205545,-0.148704,6.149806,0.039172,0.015590
1.560058,54.873767,-417.485440,6.092790,6.541354,33.657849,-236.983132,3.579513,3.285441,-0.117001,6.142103,0.038901,0.014931
1.560584,50.944890,-417.856886,6.035037,6.628840,35.524583,-237.098476,3.543684,3.096848,-0.085103,6.134461,0.038590,0.014743
1.561110,47.376410,-418.307800,5.954499,6.718318,37.426424,-236.936768,3.550890,3.332759,-0.054805,6.126520,0.038177,0.014782
1.561636,43.395359,-418.281508,5.974879,6.831919,37.874503,-236.723045,3.633930,3.069086,-0.030399,6.124535,0.038502,0.015104
1.562162,40.139808,-418.204858,6.122854,6.755187,39.750020,-236.791456,3.652925,3.068723,-0.002149,6.116867,0.039301,0.015152
1.562689,36.171656,-417.505593,6.145719,6.568434,41.552566,-235.567533,3.698472,2.863397,0.029567,6.108588,0.039407,0.015368
1.563215,32.489632,-417.599250,6.119519,6.553923,42.269801,-235.790755,4.326626,2.867067,0.053742,6.105801,0.041157,0.017903
1.563741,28.908823,-417.786416,6.232437,6.433667,43.305315,-236.950197,3.770611,3.240500,0.079443,6.102419,0.040151,0.015588
1.564267,25.044244,-416.744418,6.114718,6.461679,44.535991,-236.480725,4.212181,3.057747,0.107711,6.097037,0.040934,0.017362
1.564793,21.205753,-416.237772,6.091943,6.575430,45.594390,-236.200251,3.785806,2.885065,0.134645,6.092498,0.039479,0.015618
1.565319,17.777920,-415.216372,5.968688,6.547609,47.508924,-235.690799,3.780644,3.101318,0.164119,6.084278,0.038853,0.015624
1.565846,14.302172,-414.413944,6.313123,6.405089,47.565548,-235.976282,3.796441,3.452961,0.184299,6.084281,0.040569,0.015718
1.566372,10.973453,-413.272623,5.938346,6.625772,48.498135,-235.627901,4.059810,3.212515,0.208174,6.080195,0.039660,0.016747
1.566898,7.816153,-413.061153,6.016201,6.367709,49.055235,-234.945863,4.118957,3.241664,0.227521,6.077349,0.039840,0.017024
1.567424,4.703308,-411.149487,6.141805,6.469700,49.888034,-234.723207,3.564098,3.247871,0.250722,6.073762,0.039038,0.014798
1.567950,1.552335,-410.446914,6.089788,6.357652,50.364990,-235.007094,3.772597,3.214963,0.271367,6.072066,0.039323,0.015602
1.568476,-1.430505,-409.245035,6.203885,6.390859,50.280574,-234.228078,3.906798,2.620987,0.287289,6.071729,0.039992,0.016109
1.569002,-4.067515,-408.486443,6.242679,6.457728,50.847472,-234.539971,3.735191,2.824046,0.305798,6.069693,0.039771,0.015414
1.569529,-6.660863,-407.710297,6.246183,6.141466,51.799665,-234.765826,3.618168,3.297778,0.325972,6.066021,0.039404,0.014991
1.570055,-9.720001,-406.997678,6.094000,6.478800,51.716343,-235.005014,3.597287,3.466755,0.343078,6.066573,0.038918,0.014925
1.570581,-11.936630,-406.163176,6.288339,6.411277,51.440954,-235.016179,3.775453,3.331857,0.354653,6.067701,0.040117,0.015614
1.571107,-14.287997,-405.047644,6.228832,6.511674,51.347576,-235.161289,3.777841,3.407554,0.368684,6.068209,0.040046,0.015628
1.571633,-16.801157,-404.678330,6.196328,6.582937,51.115826,-235.655656,3.806454,3.667236,0.382076,6.069585,0.040126,0.015760
1.572159,-19.345931,-403.955992,6.066393,6.511071,50.978277,-235.646983,3.912219,3.639199,0.395780,6.070135,0.039772,0.016178
1.572686,-21.423560,-403.889118,6.028747,6.461746,50.887808,-235.708707,3.987630,3.600244,0.406067,6.070556,0.039629,0.016468
1.573212,-23.815366,-403.059739,6.288473,6.425851,50.260642,-235.527793,4.080634,3.168043,0.416316,6.072943,0.040633,0.016797
1.573738,-25.184120,-403.110560,6.289519,6.424362,50.026314,-235.668196,4.158874,3.181861,0.422165,6.074016,0.040746,0.017108
1.574264,-27.030333,-402.175745,6.345253,6.344975,48.790016,-236.254968,4.020099,3.270483,0.428633,6.079534,0.040830,0.016549
1.574790,-28.945816,-401.017737,6.390620,6.301825,48.457601,-235.107174,4.302426,3.134260,0.436521,6.079923,0.041454,0.017751
1.575316,-31.080812,-400.785851,5.962552,6.352301,48.118119,-235.113253,4.036028,2.976463,0.445930,6.081314,0.039024,0.016663
1.575843,-32.450778,-400.797522,6.242159,6.500972,46.977380,-235.335894,4.000934,3.198969,0.447552,6.086157,0.040226,0.016556
1.576369,-33.220025,-400.978081,6.309560,6.400955,45.958828,-235.620480,4.150701,3.145636,0.446572,6.090550,0.040776,0.017155
1.576895,-34.900286,-400.852303,6.317538,6.413315,45.167630,-235.136955,3.965411,2.776323,0.450089,6.093406,0.040057,0.016411
1.577421,-36.172818,-400.860405,6.310308,6.369115,43.903152,-235.753285,4.085761,3.049638,0.451571,6.099069,0.040506,0.016911
1.577947,-37.268564,-401.141496,6.284037,6.415623,42.271689,-235.820637,4.177600,3.281563,0.448435,6.105815,0.040790,0.017333
1.578473,-38.249840,-401.329948,6.267393,6.574568,41.222824,-235.872735,3.822062,3.175324,0.447781,6.110166,0.039953,0.015889
1.578999,-39.141942,-401.837018,6.422213,6.490351,40.022411,-236.417096,4.076635,2.931395,0.446354,6.115488,0.041000,0.016887
1.579526,-40.263442,-403.296797,6.274262,6.350130,38.953072,-236.793744,3.883846,2.983402,0.444073,6.120143,0.039663,0.016097
1.580052,-40.911987,-403.612322,6.428913,6.542767,37.755716,-237.134984,3.598752,2.932129,0.441442,6.125294,0.039819,0.014925
1.580578,-41.286795,-404.602830,6.204175,6.573126,36.457181,-236.585283,3.771207,2.816577,0.433376,6.130291,0.039114,0.015673
1.581104,-41.917422,-405.046020,6.329634,6.621589,35.222204,-237.991261,3.988223,3.187886,0.432592,6.136254,0.040533,0.016513
1.581630,-42.390189,-405.549594,6.377379,6.463963,32.597049,-238.421018,4.226484,3.259524,0.421756,6.147307,0.041398,0.017498
1.582156,-42.482851,-406.632563,6.425856,6.617955,30.893402,-238.268356,4.135907,3.121411,0.410998,6.154247,0.041332,0.017153
1.582683,-42.545002,-407.288319,6.417878,6.617777,28.580514,-238.508679,4.209688,3.018403,0.398826,6.163924,0.041583,0.017464
1.583209,-42.922150,-408.207857,6.365633,6.438896,27.146957,-238.597820,3.849570,3.028141,0.391764,6.169895,0.040285,0.015992
1.583735,-43.478138,-409.256068,6.128842,6.690469,25.398563,-238.213432,3.742387,2.871658,0.382821,6.176966,0.039021,0.015586
1.584261,-43.029509,-409.953602,6.398492,6.514048,23.588732,-238.707375,3.593698,3.020933,0.371005,6.184686,0.039826,0.014961
1.584787,-42.577833,-411.610525,6.166663,6.644599,20.675302,-239.032850,4.154086,3.245524,0.351315,6.196904,0.040426,0.017289
1.585313,-42.266180,-412.269331,6.384777,6.541635,19.010225,-239.428619,3.942074,3.273933,0.340701,6.203953,0.040805,0.016397
1.585840,-41.938745,-413.253165,6.324118,6.601430,16.371640,-239.675849,4.220819,2.978638,0.324089,6.214984,0.041327,0.017549
1.586366,-41.611175,-414.265000,6.294691,6.658029,14.395956,-239.526821,4.190895,3.009567,0.310175,6.223156,0.041084,0.017450
1.586892,-40.517077,-415.561176,6.205502,6.569737,11.678829,-240.227787,3.654467,3.125881,0.289341,6.234608,0.039400,0.015190
1.587418,-39.942138,-416.083695,6.128368,6.781947,10.020645,-240.034304,4.283437,3.197067,0.276529,6.241463,0.040866,0.017823
1.587944,-39.122843,-416.984109,6.206677,6.515228,7.663832,-239.470902,3.667012,3.089697,0.257707,6.251193,0.039271,0.015303
1.588470,-37.975782,-417.867688,6.217603,6.600349,5.569566,-239.970689,3.539259,3.241470,0.240058,6.259980,0.039125,0.014744
1.588996,-37.173627,-418.632016,6.180593,6.581897,2.294581,-240.848816,4.021661,2.841460,0.218459,6.273659,0.040439,0.016697
1.589523,-35.756747,-419.358691,6.052024,6.688220,0.501392,-240.374781,4.076459,3.195903,0.199873,6.281099,0.039982,0.016959
1.590049,-34.854531,-419.748763,6.126655,6.786664,-2.565882,-240.667450,3.756916,3.177398,0.178385,6.293846,0.039549,0.015609
1.590575,-33.284270,-420.599087,6.289101,6.533058,-4.435354,-240.275993,3.584666,3.121446,0.158640,6.301643,0.039641,0.014916
1.591101,-32.135359,-421.061885,6.265529,6.573388,-7.961134,-241.201209,4.188574,3.156051,0.133605,6.316180,0.041506,0.017352
1.591627,-30.464913,-421.795509,6.183897,6.704194,-10.514663,-240.790474,3.721631,3.178343,0.109776,6.326825,0.039648,0.015437
1.592153,-29.072389,-421.405714,6.186823,6.498773,-12.334504,-240.291977,3.645410,3.251015,0.092155,6.334472,0.039485,0.015147
1.592680,-27.358382,-421.648130,6.177590,6.460253,-14.864713,-240.074632,3.622100,3.335544,0.068699,6.345023,0.039349,0.015054
1.593206,-25.946881,-421.442425,5.973397,6.534686,-17.491881,-240.349158,3.925715,3.385442,0.046655,6.355834,0.039431,0.016279
1.593732,-24.359961,-421.506210,6.269287,6.425250,-19.674293,-239.959502,3.938732,3.347356,0.025804,6.364992,0.040768,0.016344
1.594258,-22.827036,-421.167686,6.109972,6.618221,-22.835024,-239.096613,3.814532,3.630303,-0.000044,6.378402,0.039561,0.015875
1.594784,-21.427347,-420.787494,6.445219,6.577265,-25.147906,-238.994646,3.885913,3.576311,-0.020463,6.388023,0.041390,0.016157
1.595310,-19.339556,-420.491077,6.143652,6.564121,-27.277540,-239.168748,3.821346,3.525263,-0.043750,6.396746,0.039866,0.015860
1.595837,-18.138288,-420.053248,6.343923,6.770178,-29.610379,-238.759073,4.252403,3.448042,-0.063195,6.406573,0.042042,0.017629
1.596363,-16.944923,-419.085200,6.132982,6.515446,-31.809217,-238.059812,4.091192,3.834043,-0.081928,6.416017,0.040596,0.017016
1.596889,-15.381926,-418.605173,6.097064,6.692818,-34.099311,-238.175691,4.002267,3.506939,-0.103368,6.425388,0.040222,0.016595
1.597415,-13.769774,-418.245564,6.381897,6.638145,-35.737043,-237.432271,3.912885,3.115644,-0.120899,6.432579,0.041087,0.016230
1.597941,-12.359454,-417.241698,6.292278,6.816984,-38.266473,-237.250516,3.842889,3.381753,-0.142953,6.443100,0.040572,0.015945
1.598467,-11.064141,-416.535518,6.036341,6.477847,-40.146953,-236.593946,4.005069,3.349847,-0.160238,6.451271,0.039750,0.016619
1.598993,-9.768734,-416.120101,6.407993,6.603809,-41.779396,-236.490230,4.065528,3.196942,-0.176352,6.458045,0.041550,0.016831
1.599520,-8.744704,-414.850007,6.086551,6.776719,-43.701667,-236.141648,3.970452,3.653076,-0.193170,6.466180,0.039998,0.016491
1.600046,-7.392221,-414.285973,6.062295,6.758082,-44.973853,-235.241932,3.677451,3.234594,-0.206898,6.472087,0.038853,0.015293
1.600572,-6.156800,-413.310405,5.908095,6.745321,-46.566915,-235.035929,3.742839,3.531345,-0.222907,6.478779,0.038433,0.015588
1.601098,-5.447916,-412.922386,6.300411,6.749232,-47.700747,-235.309071,4.012808,3.545253,-0.233551,6.483190,0.040960,0.016641
1.601624,-4.633429,-411.772676,6.248458,6.683208,-49.157564,-234.825000,3.768380,3.748897,-0.246506,6.489542,0.040113,0.015704
1.602150,-3.620783,-411.414305,6.381973,6.871962,-49.782393,-234.521012,3.947643,3.618461,-0.255265,6.492353,0.041141,0.016409
1.602677,-2.927478,-410.782663,6.175649,6.839857,-51.053489,-234.458497,3.650381,3.640090,-0.266451,6.497589,0.039476,0.015211
1.603203,-2.140067,-410.047365,6.346091,6.635193,-52.335249,-234.594455,3.962801,3.753061,-0.278646,6.502679,0.041057,0.016447
1.603729,-1.690070,-409.500706,6.459107,6.562828,-53.134566,-234.220078,3.693718,3.630094,-0.285481,6.506267,0.040758,0.015367
1.604255,-0.873155,-409.016490,6.566690,6.643304,-54.072316,-234.354671,4.085233,3.408233,-0.295657,6.509946,0.042235,0.016855
1.604781,-0.267313,-408.473977,6.322407,6.460248,-54.446302,-234.142513,4.091458,3.629369,-0.301318,6.511660,0.041194,0.016927
1.605307,-0.007995,-408.241111,6.372554,6.448607,-55.038079,-234.505786,3.770089,3.638864,-0.306749,6.513711,0.040629,0.015623
1.605834,0.283588,-407.741363,6.425685,6.433709,-55.260571,-234.232387,3.709444,3.498921,-0.309814,6.514871,0.040677,0.015369
1.606360,0.681830,-407.549372,6.458311,6.559319,-55.795874,-233.933748,3.897977,3.644367,-0.314506,6.517322,0.041297,0.016153
1.606886,0.932180,-407.713103,6.515987,6.773562,-56.343149,-233.559106,3.756104,3.481802,-0.317735,6.519900,0.041075,0.015573
1.607412,1.291279,-407.449712,6.341780,6.863611,-55.903574,-233.674027,3.894185,3.817857,-0.317963,6.518009,0.040904,0.016191
1.607938,1.600078,-407.731854,6.279420,6.821596,-56.247574,-233.794466,3.921443,3.852533,-0.321070,6.519284,0.040628,0.016292
1.608464,1.569461,-407.635632,6.367078,6.872951,-56.412048,-233.622992,3.972892,3.928830,-0.321633,6.520116,0.041147,0.016520
1.608990,1.614207,-407.838980,6.300428,6.739562,-56.260722,-233.606685,4.065753,3.890703,-0.320704,6.519520,0.040999,0.016881
1.609517,1.633523,-408.048974,6.339259,6.809399,-56.247574,-233.794466,3.921443,3.852533,-0.320698,6.519284,0.040801,0.016292
1.610043,1.572314,-408.284000,6.297279,6.896758,-55.249172,-233.633465,3.848048,3.403979,-0.314543,6.515397,0.040347,0.015936
1.610569,1.457123,-408.799369,6.370047,6.797826,-55.204955,-233.507495,3.825811,3.378880,-0.312643,6.515339,0.040418,0.015851
1.611095,0.783244,-409.037187,6.546076,6.736663,-54.648323,-233.850497,3.778782,3.742280,-0.306447,6.512755,0.041209,0.015727
1.611621,0.059787,-409.569989,6.391734,6.780827,-53.038196,-234.354258,3.601886,3.567884,-0.294247,6.505752,0.040226,0.014983
1.612147,-0.345170,-409.907277,6.261405,6.901134,-52.725725,-234.192073,3.742019,3.516445,-0.289712,6.504632,0.039989,0.015544
1.612674,-0.495041,-410.934627,6.247590,6.747803,-52.553513,-234.244700,3.758938,3.901792,-0.286525,6.503884,0.039809,0.015687
1.613200,-1.434754,-411.482020,6.241719,6.865154,-50.973011,-235.064849,3.729626,3.269464,-0.273752,6.496726,0.039816,0.015425
1.613726,-1.959355,-412.267734,6.367093,6.985921,-49.433143,-234.932054,3.737453,3.431375,-0.261572,6.490575,0.040366,0.015516
1.614252,-2.661468,-413.273196,6.385992,6.810467,-48.734499,-235.473311,3.704612,3.543372,-0.253552,6.487268,0.040298,0.015379
1.614778,-3.806237,-413.627544,6.435402,6.901404,-47.199303,-235.483302,3.501659,3.393606,-0.238931,6.481000,0.040072,0.014563
1.615304,-4.422182,-414.762396,6.375285,6.575582,-46.603864,-235.809538,3.753224,3.742148,-0.231488,6.478304,0.040287,0.015613
1.615831,-5.391618,-415.339212,6.314519,6.917323,-44.501232,-235.921329,3.674487,3.577283,-0.214623,6.469622,0.039908,0.015291
1.616357,-6.590054,-415.931132,6.234230,6.882595,-43.115106,-236.261593,3.839592,3.596824,-0.200557,6.463688,0.040033,0.015956
1.616883,-7.668340,-416.910995,6.261811,6.763185,-41.052850,-236.621270,3.579559,3.525412,-0.183098,6.454971,0.039415,0.014899
1.617409,-8.788668,-417.499237,6.262915,6.881946,-39.430300,-236.701238,4.068863,3.349201,-0.167885,6.448252,0.040757,0.016882
1.617935,-9.715155,-418.370356,6.278484,6.827823,-37.626046,-237.394149,3.875788,3.496806,-0.153019,6.440374,0.040332,0.016088
1.618461,-11.397729,-418.994615,6.218589,6.845515,-36.268532,-237.673985,3.906566,3.724393,-0.136314,6.434615,0.040173,0.016232
1.618987,-12.456211,-419.474109,5.991288,6.993484,-33.355574,-237.425012,3.520174,3.267077,-0.114300,6.422761,0.037979,0.014663
1.619514,-13.265643,-420.014779,6.026283,6.754567,-31.421702,-238.080389,3.419918,3.471782,-0.099465,6.414406,0.037935,0.014245
1.620040,-14.954050,-420.660237,6.089130,6.755557,-28.629466,-237.904801,3.686435,3.271156,-0.074690,6.402949,0.038852,0.015361
1.620566,-16.094133,-421.062045,6.210573,6.621116,-26.770704,-238.084644,3.744483,3.239759,-0.058283,6.395157,0.039569,0.015604
1.621092,-17.708062,-421.619160,6.272513,6.629763,-24.825576,-238.538362,3.731387,3.248810,-0.038857,6.386886,0.039835,0.015538
1.621618,-19.234534,-422.078366,6.177633,6.661631,-22.603520,-238.851886,3.659628,3.487701,-0.018385,6.377538,0.039182,0.015247
1.622144,-20.709024,-422.190101,6.062670,6.791231,-20.284435,-239.654990,3.624509,3.705590,0.002326,6.367624,0.038697,0.015072
1.622671,-22.449298,-422.096153,5.978548,6.861419,-17.177230,-239.223734,3.707739,3.316443,0.028821,6.354866,0.038456,0.015451
1.623197,-23.355486,-422.273530,6.089015,6.735854,-14.645377,-240.085508,3.536356,3.466379,0.047772,6.344110,0.038612,0.014701
1.623723,-25.202652,-421.735691,6.194019,6.714611,-12.845964,-240.070925,3.757311,3.360934,0.067915,6.336643,0.039793,0.015624
1.624249,-26.705986,-421.684308,6.121703,6.678293,-10.846592,-240.236580,3.895864,3.536694,0.087183,6.328304,0.039852,0.016197
1.624775,-27.577166,-421.272606,6.198557,6.589322,-7.543649,-240.235169,4.120892,3.388349,0.110211,6.314576,0.040863,0.017142
1.625301,-29.103084,-421.074227,6.120583,6.332797,-5.402117,-240.254276,4.064405,3.333370,0.130332,6.305667,0.040270,0.016911
1.625828,-30.313852,-420.594698,6.040673,6.636561,-2.555560,-240.544917,3.724577,3.256834,0.152966,6.293809,0.038993,0.015483
1.626354,-31.374012,-419.928868,6.167899,6.694391,0.049501,-240.421969,4.117191,3.281872,0.173299,6.282979,0.040700,0.017125
1.626880,-32.876374,-419.312732,6.209103,6.569209,2.147940,-240.260578,3.947233,2.924093,0.193170,6.274246,0.040294,0.016428
1.627406,-33.592081,-418.586317,6.199554,6.375510,4.919504,-240.911704,3.857510,3.547268,0.213452,6.262768,0.040162,0.016008
1.627932,-34.086640,-417.763357,6.093270,6.607274,7.088511,-240.152442,4.188481,2.940163,0.227804,6.253677,0.040510,0.017429
1.628458,-35.484841,-416.943519,6.234692,6.384856,10.404262,-239.876943,3.292235,2.934081,0.253584,6.239839,0.038537,0.013709
1.628984,-36.407781,-416.110144,6.192097,6.411293,11.890453,-240.504850,4.076382,3.380569,0.268402,6.233786,0.040642,0.016922
1.629511,-36.458428,-415.588345,6.193102,6.669743,14.288141,-240.055468,4.059680,3.077024,0.281427,6.223735,0.040502,0.016869
1.630037,-37.561913,-414.249956,6.207297,6.517399,16.126056,-239.975303,4.156215,3.124923,0.298840,6.216087,0.040851,0.017263
1.630563,-37.623852,-413.040889,6.278821,6.577984,18.395010,-240.066462,4.192006,3.087015,0.313197,6.206710,0.041377,0.017388
1.631089,-37.832346,-412.095202,6.282161,6.570310,20.307370,-239.816883,4.287622,2.984186,0.325474,6.198708,0.041617,0.017782
1.631615,-38.026769,-411.185592,6.223470,6.449993,23.052069,-239.750831,3.684242,3.284062,0.342259,6.187330,0.039743,0.015282
1.632141,-38.206871,-410.473869,6.329483,6.428888,25.380443,-239.114256,3.638897,3.291651,0.355325,6.177438,0.039893,0.015118
1.632668,-38.155162,-409.468140,6.366324,6.483538,26.454567,-238.754014,4.056476,3.078151,0.361807,6.172833,0.041107,0.016843
1.633194,-38.155505,-408.820091,6.422604,6.508598,28.842301,-238.667689,4.130119,3.147109,0.375108,6.162921,0.041465,0.017128
1.633720,-37.957862,-407.654648,6.302052,6.492038,30.482658,-238.390388,4.151971,3.187839,0.384243,6.156007,0.041097,0.017219
1.634246,-37.788100,-407.146933,6.290667,6.592477,31.977284,-238.442850,4.248874,3.156117,0.392121,6.149872,0.041359,0.017591
1.634772,-37.650460,-406.530156,6.282235,6.487310,34.245022,-237.864901,4.253024,3.058927,0.402939,6.140199,0.041038,0.017611
1.635298,-36.896074,-405.843257,6.206778,6.605472,34.781390,-238.264265,3.945140,3.194314,0.404175,6.138231,0.040336,0.016325
1.635825,-36.111217,-404.997455,6.417551,6.632396,36.927563,-237.236021,3.966805,2.955313,0.410624,6.128767,0.040991,0.016435
1.636351,-35.758450,-404.445879,6.296179,6.627702,38.668797,-236.876173,4.055841,3.068792,0.417984,6.121368,0.040682,0.016804
1.636877,-34.832035,-404.303458,6.205568,6.791795,40.126730,-237.254661,4.178062,3.372702,0.421792,6.115641,0.040952,0.017279
1.637403,-33.989563,-403.775848,6.282370,6.412901,41.508458,-236.277909,3.699970,2.906773,0.423469,6.109283,0.039457,0.015335
1.637929,-32.585334,-403.536555,6.393783,6.459619,42.163195,-236.770707,4.176092,3.111589,0.421376,6.106957,0.041371,0.017245
1.638455,-31.990761,-403.323434,6.273277,6.410106,43.088493,-236.490365,3.873217,3.185801,0.422876,6.102962,0.040104,0.016029
1.638981,-30.369199,-403.495306,6.339551,6.389740,44.181699,-236.156399,4.117468,3.031081,0.419112,6.098237,0.040836,0.017005
1.639508,-29.060392,-403.721636,6.186659,6.460769,44.834806,-236.134656,4.074773,3.103474,0.415291,6.095549,0.040236,0.016829
1.640034,-27.813023,-403.588462,6.252401,6.617069,45.988595,-235.515306,4.264265,2.795652,0.413756,6.090344,0.040898,0.017583
1.640560,-26.303330,-403.944112,6.346892,6.661061,47.018168,-235.791506,4.061667,2.978658,0.411186,6.086361,0.040872,0.016743
1.641086,-24.347345,-404.016384,6.276251,6.309307,47.859595,-235.192580,4.037600,3.064894,0.404160,6.082435,0.040275,0.016680
1.641612,-22.293519,-404.362249,6.292079,6.605970,49.249760,-235.035211,3.439208,3.054041,0.399764,6.076632,0.039098,0.014258
1.642138,-20.774901,-405.004074,6.197170,6.679147,49.598478,-234.317937,3.589322,2.941656,0.391062,6.074593,0.038898,0.014880
1.642665,-18.742141,-405.291131,6.178588,6.759382,49.370816,-235.465985,3.814564,3.404217,0.381434,6.076507,0.039921,0.015787
1.643191,-16.630124,-406.254767,6.291798,6.307381,49.882212,-235.306487,3.579507,3.346273,0.371056,6.074290,0.039393,0.014841
1.643717,-14.424575,-406.846115,6.284411,6.607174,50.114789,-235.147089,3.749924,3.363261,0.359548,6.073206,0.039962,0.015530
1.644243,-12.250117,-407.668703,6.289659,6.619802,50.060640,-234.993066,3.662598,3.329666,0.346312,6.073293,0.039731,0.015186
1.644769,-10.056957,-408.660678,6.224374,6.520149,50.388122,-235.290536,3.685987,3.594481,0.335469,6.072219,0.039526,0.015302
1.645295,-7.665485,-409.181972,6.322772,6.723627,50.343033,-235.793908,3.911664,3.585856,0.322853,6.072839,0.040768,0.016167
1.645822,-5.509988,-410.247430,6.310742,6.315311,50.450750,-236.010530,3.951671,3.593723,0.310769,6.072590,0.040596,0.016312
1.646348,-2.521050,-410.991302,6.269296,6.611693,51.107048,-235.054270,3.984416,3.453955,0.295868,6.069091,0.040401,0.016471
1.646874,-0.125108,-412.253273,6.195799,6.561019,50.545319,-235.633551,3.776156,3.471123,0.279386,6.071879,0.039559,0.015616
1.647400,2.526042,-412.778534,6.240035,6.515549,49.734556,-235.924377,3.586050,3.668830,0.260853,6.075420,0.039422,0.014888
1.647926,5.692615,-413.841804,6.129222,6.648571,50.529527,-235.271186,3.151827,3.357507,0.246002,6.071628,0.037620,0.013137
1.648452,8.450665,-414.695381,6.043503,6.639906,48.938325,-236.095482,3.621220,3.287800,0.222927,6.078798,0.038571,0.014964
1.648978,11.817904,-415.246548,6.117687,6.624474,48.632909,-235.006860,3.295179,3.050420,0.201484,6.079123,0.037849,0.013690
1.649505,14.719924,-416.401119,6.156448,6.432446,47.453259,-235.733428,3.832354,3.277262,0.179235,6.084540,0.039490,0.015854
1.650031,18.334827,-417.032758,6.079332,6.556748,47.475113,-235.766874,3.686693,3.270755,0.159396,6.084478,0.038756,0.015266
1.650557,21.308734,-417.768885,6.102372,6.562568,45.803607,-236.265847,3.863420,3.169009,0.134145,6.091696,0.039442,0.015958
1.651083,24.618720,-418.114549,6.118313,6.409675,45.194552,-236.180173,3.670722,3.127221,0.112616,6.094115,0.038969,0.015191
1.651609,28.038438,-418.443216,6.039180,6.633819,43.926046,-236.355743,3.949371,3.156217,0.087032,6.099435,0.039484,0.016329
1.652135,31.140474,-418.935955,6.066377,6.943136,43.138446,-236.376923,3.548054,3.106647,0.065627,6.102673,0.038427,0.014711
1.652662,34.722111,-419.314151,6.105380,6.931933,41.965983,-236.574845,3.164157,3.022359,0.039620,6.107622,0.037607,0.013152
1.653188,38.351307,-419.227823,6.033607,6.772132,40.699720,-236.828945,3.543205,3.196574,0.012874,6.112995,0.038359,0.014705
1.653714,41.411551,-419.468079,5.955594,6.791986,39.445200,-236.814073,3.579713,2.881048,-0.010765,6.118134,0.038041,0.014840
1.654240,45.163952,-419.411384,5.962455,6.897108,37.966548,-237.090938,3.782359,3.233403,-0.039456,6.124398,0.038703,0.015699
1.654766,48.781841,-419.154062,6.126062,6.751499,37.047839,-236.571800,3.493123,2.572385,-0.064179,6.127844,0.038548,0.014508
1.655292,52.680752,-419.230995,6.095589,6.690201,35.474981,-237.761960,3.726470,3.248746,-0.094531,6.135074,0.039209,0.015461
1.655819,55.662564,-418.416205,5.936711,6.922366,33.754625,-238.041275,3.711711,3.242688,-0.120866,6.142323,0.038587,0.015402
1.656345,59.232250,-417.674261,6.066676,6.802598,32.812028,-237.799696,3.494393,3.484514,-0.145839,6.146069,0.038587,0.014556
1.656871,62.803356,-417.303488,6.101198,6.913319,31.270201,-237.816099,3.686490,3.487503,-0.173910,6.152446,0.039222,0.015355
1.657397,66.132215,-416.174734,6.126875,6.736453,29.474190,-238.339265,3.764603,3.357277,-0.203287,6.160145,0.039681,0.015652
1.657923,69.294247,-415.416789,6.188981,6.628911,28.128613,-238.714644,4.014096,3.392726,-0.228884,6.165893,0.040678,0.016667
1.658449,72.484003,-414.347449,5.946691,6.832356,27.133968,-238.443727,3.662879,3.354991,-0.252317,6.169877,0.038672,0.015247
1.658975,75.336495,-413.371319,6.173576,6.785900,25.066600,-238.738509,3.656260,3.299166,-0.280283,6.178573,0.039643,0.015216
1.659502,78.498372,-412.201328,5.921703,6.676765,23.434146,-238.908454,3.667495,2.703677,-0.307663,6.185410,0.038429,0.015244
1.660028,81.430750,-410.863074,6.157789,6.618094,22.718199,-238.716817,3.627782,3.439527,-0.328690,6.188303,0.039476,0.015122
1.660554,84.401066,-409.505218,6.034241,6.687747,20.947486,-239.193015,3.581105,3.838005,-0.356640,6.195833,0.039093,0.014923
1.661080,86.975801,-407.752244,6.234238,6.363913,19.634130,-239.512025,3.813570,3.823181,-0.380740,6.201393,0.040417,0.015869
1.661606,89.467310,-406.585049,6.205892,6.475503,18.067988,-239.952086,3.769979,3.595085,-0.404817,6.208029,0.040180,0.015663
1.662132,92.054343,-405.099574,5.948811,6.445074,16.986926,-239.955862,3.663370,3.617605,-0.426638,6.212511,0.038903,0.015228
1.662659,94.171958,-403.499171,6.293940,6.418789,15.342672,-239.607195,3.602887,3.789408,-0.448319,6.219240,0.040088,0.015009
1.663185,96.689789,-402.047139,6.175891,6.618013,14.733932,-239.676800,3.598577,3.543068,-0.467438,6.221788,0.039708,0.014985
1.663711,98.620712,-400.413292,6.162150,6.677939,12.961826,-239.474169,3.709341,3.985838,-0.489109,6.229112,0.040180,0.015470
1.664237,100.436873,-398.960709,6.107793,6.397290,11.822596,-239.459871,3.796537,3.956251,-0.507111,6.233853,0.039848,0.015837
1.664763,102.337841,-397.294700,6.121196,6.420228,10.953538,-240.020272,3.700835,3.713711,-0.526369,6.237581,0.039696,0.015403
1.665289,104.011243,-395.922361,6.196053,6.411058,10.029671,-239.979569,3.926814,3.773205,-0.542378,6.241416,0.040441,0.016348
1.665816,105.248770,-394.166096,6.459730,6.414806,9.103288,-240.004107,3.572600,3.805772,-0.557639,6.245274,0.040749,0.014876
1.666342,106.983246,-393.186211,6.524965,6.457047,7.445551,-239.737118,3.981742,3.840044,-0.575439,6.252138,0.041580,0.016600
1.666868,107.855981,-391.736922,6.389960,6.291148,7.257542,-239.825416,3.654017,3.625264,-0.584916,6.252933,0.040234,0.015229
1.667394,109.304282,-390.339779,6.577835,6.555328,6.355256,-239.830214,3.871375,3.853377,-0.599909,6.256693,0.041807,0.016136
1.667920,110.481747,-389.267178,6.360616,6.394854,5.344783,-240.334294,3.697535,3.834109,-0.614698,6.260950,0.040538,0.015381
1.668446,111.093627,-388.169402,6.572718,6.522651,4.877029,-239.725021,3.634221,3.963926,-0.621074,6.262844,0.041374,0.015157
1.668972,111.745340,-387.104397,6.730856,6.201404,4.241216,-239.852823,3.854539,3.869507,-0.630624,6.265505,0.041707,0.016068
1.669499,112.607611,-386.418336,6.509525,6.475056,3.729285,-240.224927,3.470485,3.664826,-0.640136,6.267662,0.040594,0.014445
1.670025,112.794814,-385.493596,6.722735,6.382681,3.028780,-240.312157,3.506012,3.673901,-0.647369,6.270582,0.041227,0.014588
1.670551,113.516065,-384.949263,6.889191,6.155665,2.890270,-239.810475,3.565106,3.939475,-0.651268,6.271134,0.041619,0.014866
1.671077,113.476792,-384.453480,6.885203,6.271257,2.219611,-240.198687,3.723888,4.043277,-0.656966,6.273945,0.042230,0.015503
1.671603,113.867985,-384.394766,6.790155,6.299504,1.917934,-239.946979,3.859990,3.877691,-0.659323,6.275192,0.041905,0.016086
1.672129,113.953414,-383.934205,6.808904,6.443773,1.015192,-240.759551,3.660624,3.345255,-0.667883,6.278969,0.041422,0.015204
1.672656,114.102144,-383.757931,6.763705,6.452182,1.026642,-241.000604,3.676402,3.510979,-0.669894,6.278925,0.041536,0.015255
1.673182,114.310816,-383.692679,6.600538,6.478239,1.092045,-240.869263,3.656086,3.285640,-0.670285,6.278652,0.040811,0.015179
1.673708,114.204501,-383.770342,6.562659,6.476218,0.914643,-240.695245,3.634977,3.823914,-0.669734,6.279385,0.041148,0.015102
1.674234,113.983778,-383.953240,6.689128,6.530240,0.726073,-240.525655,3.713940,3.872158,-0.668399,6.280167,0.041741,0.015441
1.674760,113.716086,-384.519775,6.684889,6.359441,0.863417,-240.437199,3.641778,3.872742,-0.664444,6.279594,0.041250,0.015146
1.675286,112.964456,-384.790129,6.639870,6.521923,0.723661,-240.442145,3.734029,3.814888,-0.660914,6.280176,0.041534,0.015530
1.675813,112.340469,-385.401782,6.678301,6.469955,0.841534,-240.565223,3.694219,3.769615,-0.656069,6.279687,0.041463,0.015356
1.676339,111.363228,-386.320240,6.607598,6.645224,0.726073,-240.525655,3.713940,3.872158,-0.649145,6.280167,0.041638,0.015441
1.676865,110.738082,-387.168488,6.638347,6.663871,0.723661,-240.442145,3.734029,3.814888,-0.643369,6.280176,0.041654,0.015530
1.677391,109.709887,-388.209260,6.799884,6.599728,0.934136,-240.614938,3.633856,4.004301,-0.635124,6.279303,0.042069,0.015102
1.677917,108.444978,-389.492566,6.826010,6.302179,1.563621,-240.356069,3.827203,3.873212,-0.621825,6.276680,0.041874,0.015923
1.678443,107.066573,-390.604956,6.506824,6.416513,1.842938,-240.667798,3.838604,3.193425,-0.611923,6.275528,0.040557,0.015949
1.678969,105.965446,-391.645195,6.230746,6.519665,2.028286,-241.005721,4.083769,3.301164,-0.603965,6.274770,0.040457,0.016944
1.679496,104.570162,-392.830985,6.496895,6.758265,2.847119,-240.710640,3.770564,3.109662,-0.589410,6.271358,0.040927,0.015663
1.680022,103.050273,-394.554153,6.445147,6.570034,3.017152,-240.912357,3.764194,3.418890,-0.577134,6.270662,0.040618,0.015623
1.680548,101.171247,-395.736302,6.371324,6.436187,4.340509,-240.463024,3.554602,3.754292,-0.557603,6.265137,0.040109,0.014780
1.681074,99.251593,-397.277620,6.450577,6.692471,4.668164,-240.719638,3.689245,3.355606,-0.543460,6.263795,0.040708,0.015323
1.681600,97.376763,-399.145050,6.301847,6.523982,5.487825,-240.297590,3.618448,3.630537,-0.524440,6.260352,0.039874,0.015054
1.682126,95.132827,-400.468622,6.478369,6.780009,6.068982,-240.106580,3.769979,3.595085,-0.506974,6.257914,0.041093,0.015696
1.682653,93.125571,-401.782329,6.477468,6.501704,6.933365,-239.611554,3.787492,2.460529,-0.488521,6.254258,0.040214,0.015796
1.683179,90.603697,-403.709994,6.291183,6.511690,8.520413,-239.885585,3.543259,2.891394,-0.464483,6.247682,0.039300,0.014758
1.683705,88.137433,-405.227468,6.220591,6.590466,8.967959,-240.827254,3.588987,3.291529,-0.448792,6.245964,0.039551,0.014891
1.684231,85.315025,-406.566013,6.331384,6.624101,10.184703,-239.419629,4.002787,2.538939,-0.422428,6.240672,0.040519,0.016695
1.684757,82.771980,-408.146997,6.314069,6.578409,11.119930,-240.194768,3.736464,3.288898,-0.403243,6.236923,0.040195,0.015536
1.685283,79.649311,-409.397841,5.826824,6.878783,12.266584,-240.218102,3.808299,3.085598,-0.379032,6.232165,0.038675,0.015826
1.685810,76.718415,-411.103673,6.140328,6.543126,13.525221,-239.813952,3.558117,3.642186,-0.353435,6.226846,0.039134,0.014815
1.686336,73.722526,-412.291821,6.334146,6.774684,14.687227,-240.285356,3.644568,3.128887,-0.330618,6.222137,0.040275,0.015132
1.686862,70.324361,-413.703875,6.293953,6.637808,15.830775,-239.916507,3.539750,3.316986,-0.303855,6.217296,0.039747,0.014718
1.687388,66.950365,-415.214180,6.073151,6.821847,17.034122,-239.885267,3.655397,3.218895,-0.277362,6.212295,0.039076,0.015191
1.687914,63.750937,-415.991434,6.258615,6.800725,18.191778,-239.623699,3.869168,3.312368,-0.252793,6.207413,0.040466,0.016088
1.688440,60.032914,-416.792000,6.304276,6.776227,19.409732,-239.528938,3.693907,3.433418,-0.225279,6.202329,0.040259,0.015364
1.688966,56.844496,-417.880428,5.981462,6.638715,20.584749,-239.386231,4.028888,3.092859,-0.200415,6.197407,0.039619,0.016743
1.689493,52.791400,-418.422846,6.084150,6.649374,21.727296,-238.954926,3.760309,2.977377,-0.171392,6.192508,0.039291,0.015648
1.690019,49.037216,-418.878364,6.081317,6.851114,23.461125,-238.518390,3.642492,2.706013,-0.140867,6.185139,0.038945,0.015165
1.690545,45.257119,-419.419984,5.995013,6.612720,24.929277,-238.651051,3.713574,3.426749,-0.111982,6.179104,0.038795,0.015464
1.691071,41.312826,-420.160935,5.933626,6.912872,25.815105,-238.631002,3.533934,3.342472,-0.085166,6.175424,0.037939,0.014714
1.691597,37.835421,-420.292853,6.360156,6.825424,27.320666,-238.162251,3.704343,2.868002,-0.057668,6.168970,0.040346,0.015412
1.692123,33.837772,-420.262164,6.346352,6.579535,28.195332,-238.407459,3.211305,2.990905,-0.031017,6.165467,0.039093,0.013364
1.692650,30.432197,-420.358343,6.117668,6.623033,29.331793,-238.474443,3.627013,3.098080,-0.006050,6.160802,0.039101,0.015065
1.693176,26.520799,-419.890311,6.216540,6.590245,30.981885,-238.327100,3.543985,3.309688,0.024565,6.153913,0.039401,0.014731
1.693702,22.640292,-419.775618,6.130629,6.614950,31.724934,-238.163214,3.556335,3.227047,0.049980,6.150758,0.038980,0.014779
1.694228,18.626161,-419.319838,6.132411,6.657723,32.038418,-237.758378,4.103975,2.412223,0.073738,6.149240,0.040523,0.017006
1.694754,14.835750,-418.832482,6.219331,6.525250,33.525311,-237.693070,3.829480,2.966088,0.102814,6.143065,0.040101,0.015891
1.695280,11.037304,-418.723267,6.183358,6.582755,34.613032,-237.588832,3.316595,2.926657,0.129428,6.138518,0.038431,0.013782
1.695807,7.721009,-417.835883,5.935513,6.703690,35.535668,-237.845127,3.780644,3.101318,0.153321,6.134876,0.038685,0.015665
1.696333,4.275444,-417.022893,6.119248,6.515022,35.846008,-237.873135,3.648948,3.259206,0.174433,6.133617,0.039192,0.015135
1.696859,0.847932,-416.390619,6.177505,6.541825,36.509402,-238.134749,3.882549,3.435596,0.197451,6.131056,0.040156,0.016075
1.697385,-2.237548,-415.457495,5.936572,6.496158,37.475707,-237.982796,3.740867,3.294721,0.220142,6.126996,0.038655,0.015486
1.697911,-5.688848,-414.555529,6.213877,6.388733,37.754831,-238.162053,4.217909,3.374673,0.241482,6.125968,0.041253,0.017414
1.698437,-8.752739,-413.837593,5.948280,6.714485,38.961924,-237.744625,3.485718,3.094427,0.264609,6.120748,0.037982,0.014428
1.698963,-12.008442,-412.740245,6.212692,6.561867,38.679591,-237.844987,3.917736,3.705693,0.282091,6.121971,0.040418,0.016236
1.699490,-15.148584,-411.306144,6.146558,6.660260,38.785572,-237.845851,4.225578,3.341797,0.301455,6.121538,0.041058,0.017449
1.700016,-17.871461,-410.684410,6.239014,6.568005,39.099730,-237.914101,3.881944,3.584586,0.318523,6.120297,0.040465,0.016069
1.700542,-20.375263,-409.711853,6.295695,6.539597,38.906717,-237.708792,4.126190,3.428620,0.331907,6.120950,0.041291,0.017061
1.701068,-23.043946,-408.977826,6.052322,6.377489,39.239456,-237.831335,3.875691,3.415317,0.349020,6.119670,0.039491,0.016031
1.701594,-25.783633,-407.972689,6.177024,6.478116,39.382789,-237.937154,3.817591,3.389950,0.365985,6.119155,0.039913,0.015784
1.702120,-28.096534,-407.274787,6.206921,6.544510,39.399053,-237.814008,3.786072,3.472317,0.379037,6.119005,0.039963,0.015673
1.702647,-30.152498,-406.402489,6.407163,6.379477,38.931780,-237.560997,4.167365,3.333909,0.388383,6.120748,0.041556,0.017230
1.703173,-32.439068,-405.650232,6.280478,6.558127,38.923631,-237.558720,4.056145,3.517342,0.401487,6.120780,0.040912,0.016795
1.703699,-34.537823,-405.034344,6.422271,6.347987,38.642473,-237.499265,4.095056,3.478129,0.411828,6.121893,0.041338,0.016957
1.704225,-36.149511,-404.988270,6.323603,6.544698,38.203517,-237.705355,4.082638,3.342071,0.418250,6.123830,0.040958,0.016887
1.704751,-38.406025,-403.654888,6.377051,6.490258,37.589835,-237.572555,3.749511,3.352967,0.429139,6.126262,0.040416,0.015550
1.705277,-40.211725,-403.135013,6.398920,6.535038,37.153039,-237.600343,3.874442,3.313590,0.437199,6.128074,0.040790,0.016059
1.705804,-42.033152,-402.886803,6.359529,6.699549,36.569241,-237.656400,4.018161,3.403757,0.444031,6.130508,0.041105,0.016656
1.706330,-43.571185,-402.976664,6.132728,6.558070,35.153205,-237.626092,3.874442,3.313590,0.444350,6.136316,0.039706,0.016083
1.706856,-44.846710,-403.021756,6.304163,6.610476,35.225470,-237.600563,3.853420,3.518129,0.450807,6.136002,0.040307,0.016014
1.707382,-46.119514,-402.908810,6.308110,6.715717,34.551982,-237.800874,3.828109,3.216001,0.454485,6.138897,0.040225,0.015882
1.707908,-47.452059,-402.946598,6.023870,6.658495,33.321936,-237.831621,3.880001,3.415440,0.454969,6.143984,0.039321,0.016121
1.708434,-48.641727,-402.728669,6.352107,6.634957,32.440614,-237.417436,4.200737,2.947646,0.456005,6.147387,0.040993,0.017449
1.708960,-49.783743,-402.973314,6.220175,6.677841,31.138058,-237.865750,3.746492,3.252921,0.455709,6.153019,0.039668,0.015585
1.709487,-50.609495,-403.178317,6.262379,6.571107,30.566399,-238.169345,4.157261,3.153091,0.457186,6.155544,0.040636,0.017253
1.710013,-51.688257,-403.373962,6.326562,6.633881,29.078869,-238.643081,3.839092,3.351756,0.455855,6.161932,0.040370,0.015941
1.710539,-52.291807,-403.959949,6.359381,6.731490,27.057144,-238.444466,3.893173,2.913314,0.447036,6.170195,0.040500,0.016178
1.711065,-52.549370,-404.578937,6.398484,6.729830,26.162349,-238.774344,4.142240,3.176242,0.443225,6.174051,0.041350,0.017203
1.711591,-53.617761,-405.233886,6.213489,6.826007,25.027869,-239.247234,3.792933,3.364210,0.442474,6.178954,0.039969,0.015749
1.712117,-53.845293,-405.417994,6.398874,6.704558,23.108926,-239.560556,3.798094,3.455917,0.434417,6.187019,0.040797,0.015769
1.712644,-54.308377,-406.419994,6.381171,6.651202,22.316723,-239.495612,4.139192,3.146521,0.430347,6.190271,0.041179,0.017177
1.713170,-54.454213,-407.297256,6.363303,6.507358,20.910832,-239.686467,3.724769,3.367201,0.422557,6.196163,0.040079,0.015471
1.713696,-54.486873,-408.042284,6.376878,6.575900,18.337575,-239.634066,4.174858,3.048092,0.408145,6.206811,0.041227,0.017347
1.714222,-54.211294,-409.153484,6.429031,6.614513,18.138469,-239.988993,3.710069,3.148973,0.404146,6.207748,0.040263,0.015403
1.714748,-54.482582,-410.085000,6.379534,6.554017,15.932753,-239.987766,3.981067,3.239729,0.392492,6.216893,0.040683,0.016540
1.715274,-54.268617,-410.736045,6.322526,6.657841,13.985333,-240.587347,4.188412,3.279543,0.381491,6.225121,0.041247,0.017368
1.715801,-53.959306,-410.510374,6.402347,6.612761,11.860887,-239.926158,3.977102,3.164444,0.368250,6.233790,0.041077,0.016549
1.716327,-53.676812,-412.490339,6.291747,6.469283,9.878184,-241.007882,3.993955,3.072075,0.354926,6.242221,0.040561,0.016552
1.716853,-53.163530,-413.692305,6.046934,6.736766,8.330322,-240.593375,4.208286,3.270095,0.341347,6.248575,0.040179,0.017477
1.717379,-52.189390,-414.498067,6.386836,6.216980,6.159787,-240.092401,4.199786,3.201014,0.322854,6.257535,0.041221,0.017484
1.717905,-51.636568,-415.038168,6.246202,6.650121,4.341663,-239.993905,4.262632,2.756166,0.309517,6.265097,0.040969,0.017757
1.718431,-50.632946,-415.822812,6.384896,6.709981,2.028436,-240.717054,4.216743,3.234795,0.292136,6.274759,0.041755,0.017517
1.718957,-49.718266,-416.361769,6.227568,6.783481,-0.935706,-240.790979,3.869037,3.247416,0.271015,6.287071,0.040310,0.016068
1.719484,-48.503842,-417.515936,6.183796,6.648945,-2.182652,-240.607158,3.602002,3.381308,0.256088,6.292256,0.039242,0.014970
1.720010,-47.653367,-417.817236,6.198432,6.721766,-4.289934,-240.161866,3.976665,3.161630,0.239406,6.301046,0.040291,0.016555
1.720536,-46.236989,-418.563511,6.186648,6.503839,-6.342050,-240.709667,4.092241,3.405403,0.220661,6.309527,0.040675,0.016993
1.721062,-45.411450,-419.326475,6.227954,6.666474,-8.937568,-239.840817,3.793864,3.233143,0.200483,6.320433,0.039842,0.015804
1.721588,-43.612047,-419.457166,6.157586,6.686896,-10.995206,-240.376796,3.744075,3.396561,0.180160,6.328895,0.039643,0.015557
1.722114,-42.056343,-419.777196,6.274354,6.770290,-13.417015,-240.611400,4.101215,3.226024,0.158507,6.338890,0.041313,0.017008
1.722641,-40.965632,-420.145506,6.149816,6.612511,-14.617791,-238.969478,3.751804,2.853156,0.144414,6.344279,0.039348,0.015658
1.723167,-39.184515,-420.475593,6.214489,6.365616,-16.560448,-239.152592,3.658920,3.099053,0.124131,6.352321,0.039455,0.015253
1.723693,-37.367261,-420.888583,6.203207,6.428774,-19.658779,-239.677065,3.907212,3.378101,0.097413,6.365024,0.040261,0.016234
1.724219,-35.651184,-420.800437,6.155190,6.424375,-21.784022,-239.315724,4.000912,3.286366,0.076261,6.373961,0.040329,0.016627
1.724745,-34.235726,-420.937561,6.142259,6.350057,-23.517017,-239.099484,3.998817,3.220222,0.058878,6.381227,0.040233,0.016616
1.725271,-32.520968,-420.734815,6.093431,6.530074,-25.297898,-238.590500,4.093853,3.174094,0.039635,6.388821,0.040271,0.017025
1.725797,-30.954465,-420.482559,6.082827,6.537870,-27.989555,-239.034194,4.299519,3.472604,0.016339,6.399749,0.041047,0.017823
1.726324,-28.997474,-420.307975,6.103075,6.544904,-29.009645,-238.269513,3.650463,3.280069,-0.000067,6.404340,0.039066,0.015187
1.726850,-27.204474,-420.121229,6.065488,6.649845,-31.160621,-238.235751,3.733851,3.617730,-0.021747,6.413244,0.039152,0.015533
1.727376,-25.257819,-419.558930,6.225399,6.467915,-33.108867,-237.624096,3.601857,3.332673,-0.043126,6.421627,0.039496,0.014992
1.727902,-23.374126,-419.405633,6.116001,6.732756,-34.676151,-237.897156,3.667951,3.516134,-0.062187,6.427927,0.039225,0.015244
1.728428,-21.750187,-419.069731,6.172086,6.764873,-36.668877,-237.953948,3.623966,3.497988,-0.082185,6.436083,0.039402,0.015040
1.728954,-20.518769,-418.471296,6.141038,6.678318,-38.346833,-237.837383,3.669902,3.697970,-0.098379,6.443041,0.039440,0.015237
1.729481,-18.875068,-418.050704,6.057396,6.688678,-39.317008,-237.399536,3.535284,3.890961,-0.112678,6.447311,0.038631,0.014733
1.730007,-17.256478,-417.388277,6.187735,6.754745,-40.798657,-236.860306,3.641946,3.350820,-0.129676,6.453759,0.039472,0.015119
1.730533,-15.736607,-416.883708,6.281612,6.583082,-42.621095,-237.013008,3.731049,3.861279,-0.148367,6.461110,0.040212,0.015511
1.731059,-14.730357,-416.215117,6.325136,6.607200,-43.304090,-237.006906,3.639655,3.578518,-0.158113,6.463904,0.040243,0.015099
1.731585,-13.024549,-415.836347,6.112863,6.735571,-44.285768,-236.942616,3.454952,3.842416,-0.173001,6.467958,0.038790,0.014390
1.732111,-11.375141,-415.009375,6.026718,6.794640,-45.028240,-236.206718,3.461108,3.460543,-0.186037,6.471556,0.038331,0.014394
1.732638,-10.324081,-413.827431,6.345018,6.825563,-46.155341,-234.812663,3.638174,3.475789,-0.197548,6.477273,0.040137,0.015178
1.733164,-9.302973,-413.841094,6.294449,6.679827,-47.438743,-235.309360,3.926502,3.291592,-0.210445,6.482120,0.040644,0.016262
1.733690,-8.048063,-413.518138,6.359938,6.641188,-48.124550,-235.638783,3.687721,3.360192,-0.221601,6.484645,0.040344,0.015281
1.734216,-6.791697,-412.988677,6.109565,6.728187,-49.093580,-235.533649,3.833747,3.091999,-0.234013,6.488679,0.039595,0.015818
1.734742,-5.494249,-412.413851,6.223462,6.434302,-49.335074,-235.042808,3.628231,3.474383,-0.242313,6.490080,0.039463,0.015081
1.735268,-4.694999,-411.963690,6.294123,6.384981,-50.226821,-235.092952,3.698602,3.674406,-0.251959,6.493668,0.039995,0.015381
1.735794,-3.815709,-411.641593,6.368718,6.753204,-50.608740,-235.674163,3.750457,3.826476,-0.259904,6.494713,0.040729,0.015573
1.736321,-2.754865,-410.963056,6.407105,6.703023,-50.863555,-235.539019,3.797564,3.686510,-0.267662,6.495865,0.041024,0.015739
1.736847,-2.348375,-410.960899,6.303446,6.727078,-50.584289,-234.960057,3.651322,3.803917,-0.267498,6.495238,0.040092,0.015221
1.737373,-1.375764,-410.750731,6.109527,6.713339,-50.830401,-234.917164,3.559741,3.721040,-0.274175,6.496276,0.038964,0.014841
1.737899,-0.853849,-410.632891,6.116093,6.648658,-50.986211,-235.545507,3.553513,3.955590,-0.278867,6.496357,0.039127,0.014824
1.738425,-0.333810,-410.487295,6.321570,6.535750,-50.844584,-235.234705,3.694731,3.565698,-0.280612,6.496055,0.040198,0.015329
1.738951,0.387726,-410.553214,6.067189,6.703431,-50.844584,-235.234705,3.694731,3.565698,-0.284308,6.496055,0.039109,0.015329
1.739478,0.759638,-410.848247,6.142978,6.770928,-50.710332,-235.456208,3.707165,3.690677,-0.285443,6.495316,0.039493,0.015389
1.740004,1.300971,-410.962381,6.359504,6.738016,-50.165687,-235.749465,3.630061,3.805780,-0.285702,6.492850,0.040284,0.015093
1.740530,1.341641,-410.994198,6.338542,6.730694,-49.561406,-234.898457,3.951398,3.377818,-0.281394,6.491126,0.040774,0.016365
1.741056,1.558177,-411.205122,6.242969,6.842861,-48.796006,-234.800606,3.611952,3.524598,-0.278053,6.488088,0.039521,0.015046
1.741582,2.062679,-411.557510,6.332541,6.782030,-47.978196,-235.321575,3.388501,3.386787,-0.276661,6.484312,0.039370,0.014109
1.742108,2.020650,-411.636765,6.357955,6.764701,-47.300031,-235.209786,3.655200,3.466531,-0.272594,6.481636,0.040141,0.015205
1.742635,1.969972,-412.402450,6.347886,6.887527,-46.877437,-235.286705,3.789514,3.708313,-0.269104,6.479846,0.040408,0.015783
1.743161,2.218406,-412.818266,6.355984,6.970112,-45.361596,-235.492043,4.005745,3.231100,-0.262144,6.473479,0.040983,0.016598
1.743687,2.291898,-413.230233,6.446348,6.883106,-44.726231,-235.594982,3.788902,3.470436,-0.258755,6.470796,0.040776,0.015756
1.744213,2.086817,-413.778373,6.347125,6.877880,-43.233439,-236.122611,3.968753,3.730090,-0.249774,6.464277,0.040944,0.016502
1.744739,1.914733,-414.386830,6.509436,6.660606,-42.026006,-236.112941,3.646628,3.554900,-0.241662,6.459332,0.040665,0.015194
1.745265,1.489235,-415.026942,6.545370,6.604274,-40.520438,-237.343985,3.675363,3.756339,-0.232167,6.452280,0.041141,0.015274
1.745791,1.331969,-415.868046,6.309547,6.799965,-39.696584,-236.962246,4.131266,3.463763,-0.225432,6.449167,0.041113,0.017125
1.746318,0.783015,-416.765262,6.519728,6.727723,-37.920668,-237.546495,3.937001,3.393548,-0.212691,6.441484,0.041520,0.016314
1.746844,0.465854,-417.132130,6.429774,6.815754,-35.967830,-237.624690,4.013296,3.249834,-0.200245,6.433409,0.041374,0.016634
1.747370,-0.108342,-417.826255,6.364222,6.890499,-34.567603,-238.267659,3.686109,3.497875,-0.189606,6.427259,0.040300,0.015294
1.747896,-0.570220,-418.835015,6.310875,7.072169,-32.448399,-237.542014,3.685809,3.311713,-0.174059,6.418946,0.039788,0.015347
1.748422,-1.363621,-419.280465,6.351486,6.761304,-30.460204,-237.890263,3.733657,3.100016,-0.159054,6.410535,0.040114,0.015529
1.748948,-2.004956,-419.604584,6.453521,6.965099,-28.601016,-238.511427,3.600527,3.268627,-0.145822,6.402530,0.040410,0.014970
1.749475,-2.609385,-420.131375,6.318687,6.904345,-26.704583,-238.683480,3.716725,3.409648,-0.132022,6.394605,0.040086,0.015460
1.750001,-3.603481,-420.842748,6.254039,6.835496,-24.893763,-238.885423,3.791555,3.414776,-0.116477,6.387019,0.039946,0.015770
1.750527,-4.336538,-421.100991,6.214592,6.904424,-22.849301,-238.647256,3.751576,2.988638,-0.101119,6.378639,0.039598,0.015623
1.751053,-5.508310,-421.549105,6.332837,6.881808,-20.710860,-239.189389,3.582728,3.528945,-0.083173,6.369558,0.039779,0.014921
1.751579,-5.838260,-422.030048,6.371113,6.734747,-18.237119,-239.898858,3.522139,3.516055,-0.067972,6.359059,0.039886,0.014639
1.752105,-7.060407,-422.042067,6.163032,6.581671,-16.501912,-239.891312,3.775453,3.331857,-0.051787,6.351866,0.039628,0.015693
1.752632,-7.967437,-422.848226,6.466506,6.687043,-13.456407,-240.169903,3.616558,3.346511,-0.030038,6.339155,0.040540,0.015031
1.753158,-8.726530,-422.795185,6.060134,6.992663,-11.120114,-239.547310,3.600740,3.306722,-0.013061,6.329573,0.038465,0.015013
1.753684,-9.626420,-422.261070,6.450514,6.549634,-8.915937,-240.428462,3.647932,3.497809,0.003907,6.320252,0.040755,0.015161
1.754210,-10.724153,-422.745550,6.147510,6.652386,-6.565090,-239.885572,3.713021,3.339793,0.022741,6.310546,0.039266,0.015471
1.754736,-11.390373,-422.181424,6.291432,6.468476,-4.387891,-240.532546,3.657951,3.241996,0.038530,6.301426,0.040034,0.015205
1.755262,-12.551925,-422.185362,6.110494,6.708561,-1.219066,-240.440481,3.670067,3.066334,0.062275,6.288255,0.039149,0.015264
1.755788,-13.131759,-421.878812,6.195225,6.625687,1.158798,-239.962278,3.644016,2.758856,0.078395,6.278356,0.039388,0.015186
1.756315,-14.089533,-421.666356,5.992826,6.680264,3.083889,-239.956938,3.710321,3.240819,0.094230,6.270334,0.038636,0.015461
1.756841,-14.990553,-421.152286,6.231911,6.522150,5.597874,-240.229008,3.774200,3.303459,0.113309,6.259887,0.040013,0.015706
1.757367,-15.537573,-420.658574,6.323467,6.492513,7.259055,-240.549023,3.882346,3.436159,0.125901,6.253017,0.040866,0.016131
1.757893,-16.358988,-420.296597,5.876741,6.486856,10.320582,-239.866239,4.248290,3.096809,0.146803,6.240185,0.039750,0.017687
1.758419,-16.990837,-419.446211,6.133196,6.485313,12.157131,-240.335963,4.072186,3.268968,0.161323,6.232644,0.040555,0.016914
1.758945,-17.492171,-419.198922,6.221252,6.688632,14.776249,-239.664087,4.114329,3.230898,0.177835,6.221609,0.040884,0.017122
1.759472,-17.795639,-418.387761,6.317259,6.286193,17.300601,-239.958197,3.796478,3.270888,0.194216,6.211211,0.040473,0.015770
1.759998,-18.268220,-417.526543,6.338220,6.587085,19.725203,-239.291925,3.827542,3.030973,0.210022,6.200940,0.040593,0.015921
1.760524,-18.586723,-416.985075,6.339307,6.433882,21.628224,-239.397508,3.613320,3.346939,0.222695,6.193086,0.040062,0.015024
1.761050,-18.844918,-416.476112,6.343196,6.263434,23.449511,-238.803232,3.696095,2.987296,0.233697,6.185303,0.040082,0.015378
1.761576,-19.168709,-416.131512,6.222563,6.377330,25.593412,-238.945669,3.664470,3.090990,0.247451,6.176482,0.039471,0.015224
1.762102,-19.363983,-415.298486,6.271192,6.555304,27.572989,-238.471191,3.779197,2.725730,0.259456,6.168072,0.039942,0.015693
1.762629,-19.272702,-414.270798,6.216334,6.296628,29.415107,-238.207202,3.758136,2.841020,0.269793,6.160322,0.039630,0.015607
1.763155,-19.031787,-413.550292,6.246708,6.500725,31.080985,-238.529120,3.862543,3.282453,0.278863,6.153613,0.040316,0.016020
1.763681,-18.864259,-412.701147,6.371841,6.611383,32.929254,-237.981776,3.923351,2.771210,0.288186,6.145690,0.040925,0.016253
1.764207,-18.499642,-412.687402,6.130412,6.617277,34.880025,-237.451412,4.019972,2.789188,0.295686,6.137335,0.039950,0.016658
1.764733,-18.005206,-412.126766,6.237123,6.431655,36.435014,-237.887769,4.176431,3.069534,0.302835,6.131206,0.040939,0.017262
1.765259,-17.789078,-411.416282,6.231066,6.693255,37.879637,-238.024572,4.214942,3.045336,0.310662,6.125367,0.041223,0.017384
1.765785,-17.422086,-411.113976,6.191955,6.729124,39.654289,-237.422411,3.716376,3.204337,0.317491,6.117693,0.039624,0.015385
1.766312,-16.334197,-410.560233,6.171569,6.671628,40.824063,-236.933285,4.064944,3.211376,0.318027,6.112559,0.040436,0.016815
1.766838,-15.877076,-409.949606,6.310221,6.489774,42.724348,-237.092624,4.052659,3.272245,0.326857,6.104898,0.040960,0.016730
1.767364,-14.999004,-409.642031,6.185217,6.737963,43.420191,-237.321971,3.800130,3.410356,0.326856,6.102228,0.040065,0.015701
1.767890,-13.953147,-409.448841,6.337397,6.551911,44.594790,-236.601968,4.132471,3.081695,0.326597,6.096891,0.041278,0.017033
1.768416,-13.401641,-409.211215,6.301780,6.456608,46.018189,-235.421680,3.649139,2.784040,0.329447,6.090148,0.039508,0.015095
1.768942,-11.915720,-408.775153,6.210619,6.508107,46.938991,-235.804346,4.186912,2.914260,0.327970,6.086695,0.040795,0.017242
1.769469,-10.179772,-408.830724,6.202298,6.448502,48.028304,-235.350143,4.167641,3.045870,0.323727,6.081878,0.040652,0.017188
1.769995,-9.327387,-408.852947,6.138751,6.638269,49.554537,-235.349150,3.582389,3.233848,0.327173,6.075659,0.038951,0.014836
1.770521,-7.790463,-408.758463,6.112715,6.532390,50.504659,-234.991308,3.988724,3.068217,0.323680,6.071484,0.039778,0.016445
1.771047,-6.167996,-409.109040,6.278274,6.520128,50.202384,-235.291326,4.034762,3.031723,0.313605,6.072975,0.040702,0.016611
1.771573,-4.902495,-409.155379,6.457820,6.600411,51.058254,-234.920159,3.798227,3.275543,0.310772,6.069171,0.040877,0.015708
1.772099,-3.352034,-409.260178,6.228261,6.744885,51.680886,-234.793229,3.574997,3.028740,0.305556,6.066528,0.039362,0.014773
1.772626,-1.661046,-409.684003,6.209615,6.845243,52.351519,-234.589875,3.154339,3.209934,0.299216,6.063621,0.038304,0.013134
1.773152,0.178546,-410.265659,6.193802,6.563464,51.995728,-234.893621,3.987270,3.072383,0.287296,6.065339,0.040230,0.016416
1.773678,2.294445,-410.304265,6.284572,6.444841,52.363697,-234.800860,4.072022,3.082215,0.277907,6.063763,0.040892,0.016755
1.774204,4.213279,-411.131868,6.201161,6.567376,52.419672,-234.578134,4.124425,3.194209,0.266544,6.063334,0.040639,0.016995
1.774730,6.293110,-411.380397,6.297517,6.668704,52.877544,-234.789180,3.979844,3.529155,0.257922,6.061668,0.040825,0.016451
1.775256,8.407920,-412.294254,6.263719,6.645330,53.345406,-235.187925,3.612076,3.672841,0.248488,6.060139,0.039695,0.014990
1.775782,10.507011,-412.846932,6.258383,6.726258,53.152235,-235.234165,3.686849,3.604675,0.235642,6.060962,0.039878,0.015271
1.776309,12.735548,-413.289738,6.189603,6.867053,52.923136,-235.338328,3.814157,3.583713,0.222109,6.061984,0.039983,0.015768
1.776835,15.212329,-414.222495,6.329576,6.764169,52.699859,-235.052474,3.704933,3.573488,0.206253,6.062628,0.040140,0.015355
1.777361,17.813967,-414.788008,6.099006,6.822764,51.983872,-235.450541,3.821534,3.309528,0.188277,6.065887,0.039500,0.015757
1.777887,20.372197,-415.327706,6.301237,6.797392,51.921031,-234.509634,3.479986,3.106300,0.172739,6.065298,0.039262,0.014420
1.778413,22.877410,-415.954916,6.296849,6.641893,51.649276,-234.267110,3.521469,2.832990,0.157055,6.066185,0.039221,0.014559
1.778939,25.402684,-416.697964,6.257821,6.589926,50.697522,-235.442498,3.584168,3.356039,0.138658,6.071095,0.039424,0.014841
1.779466,28.174004,-416.990419,6.383911,6.713236,50.045372,-235.121774,3.214206,3.284271,0.119684,6.073466,0.039045,0.013384
1.779992,30.998137,-417.984940,6.115481,6.740884,50.424056,-235.173632,3.083296,3.232306,0.105865,6.071971,0.037294,0.012847
1.780518,34.185661,-418.338060,6.149014,6.684638,49.257220,-235.862141,3.628004,3.321321,0.082408,6.077305,0.039005,0.015006
1.781044,36.484959,-418.368173,6.492365,6.662079,47.545543,-236.121128,3.623035,3.175391,0.060616,6.084482,0.040719,0.014974
1.781570,39.232385,-418.625401,6.159794,6.893307,47.187311,-236.111033,3.658847,3.158161,0.043558,6.085932,0.039222,0.015121
1.782096,42.590489,-419.328257,6.163909,6.970014,45.383610,-236.693127,3.623361,3.125146,0.015292,6.093744,0.039145,0.014966
1.782623,45.128283,-419.117416,6.120817,6.976563,45.174008,-236.682455,3.551352,3.128060,0.000251,6.094590,0.038789,0.014680
1.783149,48.393598,-419.445328,6.148672,6.908168,43.648969,-236.512681,3.549122,3.105270,-0.025931,6.100686,0.038798,0.014700
1.783675,51.121706,-419.148909,6.190716,6.985993,42.064166,-236.591846,3.999644,2.947481,-0.049574,6.107232,0.040326,0.016527
1.784201,54.235788,-419.345819,6.339691,6.874645,41.129953,-236.911713,3.741819,3.043123,-0.071716,6.111290,0.040253,0.015484
1.784727,56.919724,-418.953079,6.164381,6.780686,39.992970,-237.584376,3.647783,3.121853,-0.093058,6.116417,0.039337,0.015085
1.785253,59.878067,-418.576590,6.095594,6.834610,39.154310,-237.582576,3.706013,2.825618,-0.114003,6.119851,0.039178,0.015306
1.785779,62.909844,-418.484513,6.091515,6.955734,38.289960,-237.551098,3.178978,3.317817,-0.135241,6.123374,0.037717,0.013227
1.786306,65.798108,-417.601886,6.273724,6.744917,36.718362,-237.521295,3.474612,3.375289,-0.160100,6.129810,0.039368,0.014447
1.786832,68.915106,-416.911061,6.081209,6.747309,35.056390,-238.241583,3.625682,3.537645,-0.187284,6.137087,0.039040,0.015049
1.787358,71.536883,-416.569364,6.119388,7.008927,33.064464,-238.390949,3.722156,3.170072,-0.212656,6.145366,0.039427,0.015425
1.787884,73.872476,-415.483537,6.193448,6.739683,31.952255,-238.531258,3.326607,3.378015,-0.232613,6.150024,0.038814,0.013827
1.788410,76.656331,-414.283367,6.332874,6.796449,30.475620,-238.583535,3.508559,3.316257,-0.257025,6.156138,0.039969,0.014575
1.788936,79.231406,-413.505342,6.205550,6.896859,29.055682,-239.319418,3.567960,3.680218,-0.280466,6.162367,0.039780,0.014807
1.789463,81.557801,-411.874156,6.279851,6.556856,27.800255,-238.873904,3.334290,2.896250,-0.301278,6.167326,0.039276,0.013842
1.789989,83.901614,-411.049616,6.175000,6.744315,25.973589,-238.947876,3.265362,3.182125,-0.324680,6.174911,0.038740,0.013582
1.790515,86.228279,-409.736237,6.007449,6.609392,24.552331,-238.998106,3.709874,2.949475,-0.346645,6.180814,0.039008,0.015412
1.791041,88.551698,-408.434437,6.019299,6.668151,23.010549,-238.326480,3.667637,2.878970,-0.367763,6.186933,0.038820,0.015291
1.791567,89.952154,-407.166302,6.352786,6.331902,21.944907,-239.268339,3.425404,3.213195,-0.384853,6.191724,0.039752,0.014249
1.792093,92.078730,-405.980492,6.207375,6.572836,20.669081,-239.399684,3.687092,3.024719,-0.404982,6.197062,0.039849,0.015326
1.792620,93.665495,-404.783774,6.330044,6.484883,19.726896,-239.197222,3.594754,3.347011,-0.419961,6.200900,0.040159,0.014971
1.793146,95.523285,-403.320773,6.414073,6.377417,18.673568,-239.625277,3.461151,3.450740,-0.438925,6.205414,0.040266,0.014400
1.793672,96.935835,-401.978122,6.358605,6.399237,16.722462,-239.739325,3.612544,2.874471,-0.459170,6.213545,0.040089,0.015019
1.794198,98.683466,-400.830552,6.379903,6.433828,15.558456,-238.230278,3.507212,3.047521,-0.472586,6.217969,0.039686,0.014683
1.794724,99.762369,-399.774335,6.361743,6.554364,14.718818,-239.949656,3.547037,3.227284,-0.489001,6.221921,0.040259,0.014750
1.795250,101.056673,-398.715523,6.470564,6.439008,12.904735,-239.781623,3.733605,3.688712,-0.506403,6.229418,0.041040,0.015548
1.795776,102.366174,-397.498044,6.099396,6.559710,12.116072,-239.909026,3.757258,3.514675,-0.520099,6.232725,0.039831,0.015639
1.796303,103.403161,-396.507297,6.446138,6.662601,10.838140,-239.555903,3.656181,3.892516,-0.532863,6.237974,0.041110,0.015249
1.796829,103.835823,-395.431208,6.459692,6.526333,10.083390,-239.873129,3.827426,3.859050,-0.542391,6.241174,0.041448,0.015942
1.797355,104.889219,-395.109725,6.458232,6.374858,9.369849,-239.473192,3.950780,4.053127,-0.550457,6.244078,0.041434,0.016486
1.797881,105.409032,-394.034467,6.479322,6.562377,8.333096,-239.861572,3.933756,3.924423,-0.561941,6.248458,0.041709,0.016390
1.798407,105.957797,-393.347346,6.453429,6.537049,7.834640,-239.984666,3.845067,3.925684,-0.569179,6.250550,0.041441,0.016014
1.798933,106.121288,-392.943601,6.614571,6.363784,6.957732,-239.551409,3.668407,3.794345,-0.573890,6.254149,0.041162,0.015308
1.799460,106.931771,-392.334882,6.464211,6.618323,6.274454,-239.835748,3.873730,3.802452,-0.583409,6.257030,0.041404,0.016146
1.799986,106.941980,-391.663559,6.507456,6.400508,5.754616,-240.661977,3.901449,3.814513,-0.590381,6.259278,0.041511,0.016206
1.800512,106.738107,-391.528544,6.604635,6.417974,5.307033,-240.650596,3.640058,3.228763,-0.591873,6.261136,0.040880,0.015121
1.801038,106.952536,-391.422460,6.609384,6.389669,4.008644,-240.579256,4.116746,3.258694,-0.598854,6.266524,0.041599,0.017109
1.801564,107.036204,-391.313848,6.618387,6.429283,3.838542,-240.083656,3.959922,3.567613,-0.598808,6.267198,0.041511,0.016491
1.802090,106.930061,-390.964273,6.597606,6.450529,3.606962,-240.324895,3.905888,3.598016,-0.601198,6.268178,0.041487,0.016250
1.802617,106.807133,-390.757821,6.455501,6.782526,3.194497,-240.225377,3.787040,2.821548,-0.602836,6.269888,0.040713,0.015763
1.803143,106.191118,-391.194953,6.640148,6.491243,2.930885,-240.479784,3.774931,3.173838,-0.600680,6.270998,0.041100,0.015696
1.803669,105.268937,-390.795314,6.475102,6.742537,3.053708,-239.825107,3.554235,3.841596,-0.595161,6.270453,0.041169,0.014819
1.804195,104.792504,-391.433857,6.648359,6.366520,2.668944,-240.093319,3.650054,3.638922,-0.593608,6.272069,0.041116,0.015202
1.804721,104.347729,-391.948350,6.760731,6.400587,2.213023,-239.821313,3.669022,3.872203,-0.591257,6.273958,0.041625,0.015298
1.805247,103.144946,-392.312284,6.539867,6.487874,2.189229,-240.327073,3.661389,3.598866,-0.586326,6.274076,0.040951,0.015234
1.805773,101.780132,-392.607920,6.599701,6.596746,2.094563,-240.294489,3.732372,3.589374,-0.579516,6.274469,0.041533,0.015532
1.806300,100.942236,-393.768034,6.662168,6.348334,2.002945,-240.313359,3.797871,3.571198,-0.572673,6.274851,0.041393,0.015803
1.806826,99.665429,-394.592509,6.668206,6.544447,2.101538,-240.191827,3.775098,3.856704,-0.563537,6.274436,0.041851,0.015716
1.807352,98.273313,-395.788401,6.712678,6.587675,1.898929,-240.447398,3.881044,3.668969,-0.555288,6.275288,0.042094,0.016140
1.807878,97.176272,-396.336153,6.411181,6.540825,1.784111,-240.893503,4.024830,3.333656,-0.550418,6.275779,0.041167,0.016707
1.808404,95.376081,-396.944571,6.491813,6.745816,1.784111,-240.893503,4.024830,3.333656,-0.540237,6.275779,0.041812,0.016707
1.808930,93.822359,-398.640381,6.420186,6.752857,2.141211,-240.061002,3.801926,3.636297,-0.524191,6.274266,0.041022,0.015837
1.809457,91.841002,-399.565436,6.430324,6.678677,2.250373,-240.298028,3.934174,3.215637,-0.512402,6.273821,0.041088,0.016371
1.809983,89.979286,-401.105530,6.512469,6.551568,2.954963,-240.317836,3.835928,3.264305,-0.496091,6.270890,0.041049,0.015960
1.810509,88.247266,-402.517842,6.609679,6.826957,3.795864,-239.948474,3.800943,3.544675,-0.479109,6.267367,0.041699,0.015838
1.811035,85.764747,-403.692258,6.508642,6.429814,3.962875,-240.393907,3.775886,3.279761,-0.464395,6.266702,0.040868,0.015704
1.811561,83.718663,-405.252386,6.544245,6.557228,4.440983,-240.499233,3.953026,3.398362,-0.448487,6.264722,0.041553,0.016433
1.812087,81.398104,-406.335676,6.359977,6.747663,5.243503,-240.370569,3.652046,3.337419,-0.430197,6.261375,0.040350,0.015189
1.812614,78.420872,-407.561072,6.370740,6.653891,5.715377,-240.443933,3.614835,3.363557,-0.410358,6.259420,0.040307,0.015029
1.813140,76.080584,-409.214933,6.351751,6.883544,7.132658,-240.217220,3.449973,3.053911,-0.387368,6.253501,0.039843,0.014354
1.813666,73.614333,-410.738580,6.317764,6.837119,7.312199,-240.402538,3.628004,3.321321,-0.371199,6.252778,0.040089,0.015083
1.814192,70.653493,-412.043197,6.448072,6.853401,7.855924,-240.416503,3.864582,3.439209,-0.350766,6.250521,0.041232,0.016064
1.814718,67.655492,-413.523575,6.227621,6.741804,8.906234,-240.230123,3.469226,3.375125,-0.326856,6.246129,0.039196,0.014431
1.815244,64.676544,-414.503063,6.192243,6.690000,9.594447,-240.333302,3.535505,3.490843,-0.306302,6.243285,0.039247,0.014699
1.815770,61.583347,-415.952180,6.327084,6.870914,10.187293,-240.103248,3.840973,3.536108,-0.284354,6.240782,0.040544,0.015981
1.816297,58.285171,-416.951142,6.243488,6.728169,11.311867,-240.351040,3.628004,3.321321,-0.259968,6.236156,0.039619,0.015075
1.816823,54.958814,-418.042451,6.069767,6.762030,12.557544,-240.331659,3.374343,3.345885,-0.234218,6.230982,0.038195,0.014021
1.817349,51.575699,-419.150475,6.257380,6.933761,13.296212,-240.317496,3.589033,3.258059,-0.210869,6.227914,0.039554,0.014908
1.817875,48.062871,-419.805181,6.263658,6.774175,14.545091,-240.296337,3.802819,3.130965,-0.184594,6.222729,0.040152,0.015787
1.818401,44.392242,-420.292718,6.275269,6.729264,15.701183,-239.944199,3.498676,3.230654,-0.157765,6.217842,0.039382,0.014546
1.818927,40.863431,-420.873102,6.186448,6.729809,16.440737,-239.994043,3.762134,3.421235,-0.134211,6.214787,0.039701,0.015633
1.819454,37.059424,-421.131269,6.127007,6.927971,17.131013,-240.460759,3.555111,3.111704,-0.109858,6.212063,0.039007,0.014738
1.819980,33.270077,-421.502363,6.006554,6.905575,17.638809,-240.191093,3.860248,3.103311,-0.086000,6.209880,0.039252,0.016013
1.820506,29.628797,-421.737395,5.886196,7.174677,19.143375,-239.689772,3.588998,3.259373,-0.057534,6.203487,0.037826,0.014918
1.821032,25.889416,-421.707668,5.725533,6.998187,19.706700,-239.742552,3.869383,3.354001,-0.033964,6.201170,0.037960,0.016072
1.821558,22.372005,-421.681418,6.296018,6.858473,21.208692,-239.886059,3.932830,3.434168,-0.006399,6.195003,0.040833,0.016316
1.822084,18.831696,-421.234412,6.145595,6.720270,22.493833,-239.585265,3.757853,3.305481,0.020158,6.189573,0.039648,0.015601
1.822611,14.991416,-421.187464,6.152627,6.737669,23.789014,-239.456347,3.572820,3.322779,0.048372,6.184164,0.039109,0.014838
1.823137,11.328048,-420.847272,6.131214,6.642171,23.505617,-239.546077,3.732991,3.452144,0.067067,6.185373,0.039512,0.015498
1.823663,7.698224,-419.931544,6.353311,6.704400,25.380443,-239.114256,3.638897,3.291651,0.097481,6.177438,0.040307,0.015118
1.824189,4.284953,-419.695191,6.013526,6.656264,25.680737,-239.054830,3.546127,3.190769,0.117895,6.176170,0.038410,0.014733
1.824715,0.664700,-418.986188,6.275738,6.636928,26.766483,-238.700396,3.967777,3.071529,0.143781,6.171518,0.040746,0.016478
1.825241,-2.789381,-418.048017,6.131712,6.496477,27.456118,-238.290243,3.641044,2.773113,0.166696,6.168470,0.039111,0.015138
1.825767,-5.471182,-417.532366,6.314456,6.668922,27.424075,-238.390663,3.646511,2.749556,0.181604,6.168650,0.040020,0.015153
1.826294,-9.196897,-416.890394,6.141100,6.332992,27.856004,-238.422052,3.636518,2.753998,0.204708,6.166878,0.039104,0.015106
1.826820,-12.214248,-415.998002,6.060611,6.370521,28.824835,-238.184822,4.135494,2.707962,0.226827,6.162752,0.040094,0.017166
1.827346,-15.468298,-415.244013,6.233783,6.509357,29.407513,-238.166881,3.771563,2.814646,0.248200,6.160333,0.039821,0.015664
1.827872,-17.933638,-413.804796,6.288897,6.592480,29.482279,-237.980922,3.793990,2.973572,0.263412,6.159928,0.040291,0.015775
1.828398,-20.948722,-413.643130,5.897907,6.716694,30.151563,-238.113742,3.970730,3.054198,0.283291,6.157229,0.039008,0.016490
1.828924,-23.695970,-412.332829,6.300901,6.354090,30.205376,-238.910146,3.895999,3.551899,0.301344,6.157423,0.040730,0.016157
1.829451,-26.495474,-411.930789,6.252472,6.504387,29.612229,-238.945972,4.163898,3.354441,0.313644,6.159885,0.041208,0.017248
1.829977,-29.177052,-410.662299,5.933068,6.492843,29.646690,-239.348301,4.037084,3.671303,0.330754,6.159949,0.039787,0.016717
1.830503,-31.236450,-410.294798,6.057373,6.551263,29.709885,-239.421548,3.998471,3.648032,0.342610,6.159726,0.040159,0.016552
1.831029,-33.739429,-409.183727,6.187403,6.528868,29.992245,-239.296089,3.954651,3.464333,0.358894,6.158500,0.040503,0.016368
1.831555,-36.157869,-408.392552,6.344885,6.377140,29.682373,-239.599847,3.976022,3.542303,0.371913,6.159930,0.041189,0.016443
1.832081,-38.179710,-407.992929,6.374948,6.293373,29.886130,-239.576839,4.079317,3.515600,0.384081,6.159081,0.041392,0.016863
1.832608,-40.347699,-407.584162,6.307167,6.317490,29.994109,-239.427634,4.159734,3.614878,0.396192,6.158560,0.041228,0.017206
1.833134,-42.357057,-407.078039,6.335151,6.434547,29.061117,-239.827265,3.837929,3.704457,0.403574,6.162598,0.040744,0.015879
1.833660,-44.150322,-406.542749,6.341324,6.353705,28.501318,-239.328751,4.138892,3.501407,0.409875,6.164655,0.041263,0.017138
1.834186,-46.024553,-405.993166,6.268448,6.677688,28.207868,-239.500109,4.191638,3.560427,0.419405,6.165947,0.041391,0.017348
1.834712,-47.673076,-405.568577,6.298271,6.696393,27.575669,-239.658689,3.605133,3.597742,0.425804,6.168627,0.040164,0.014944
1.835238,-49.033162,-405.367695,6.525760,6.649498,27.172598,-239.663485,3.895745,3.516820,0.431048,6.170289,0.041596,0.016133
1.835764,-50.248907,-404.010341,6.350818,6.619002,26.950623,-238.325396,3.897258,3.292986,0.436032,6.170580,0.040708,0.016220
1.836291,-51.900722,-405.174561,6.326750,6.621552,26.716865,-239.202650,3.964895,3.325189,0.442371,6.171955,0.040599,0.016443
1.836817,-52.955688,-405.280484,6.354463,6.678151,24.885087,-239.860499,3.831819,3.478869,0.439823,6.179807,0.040698,0.015875
1.837343,-54.093102,-405.011640,6.308110,6.715717,24.199176,-239.866128,4.157227,3.401277,0.442698,6.182639,0.041309,0.017215
1.837869,-54.948269,-405.110664,6.314450,6.591025,23.172930,-239.714983,3.895745,3.516820,0.441267,6.186816,0.040613,0.016162
1.838395,-56.079716,-405.179653,6.340359,6.625598,22.718062,-239.561179,4.135583,3.584536,0.444084,6.188636,0.041236,0.017167
1.838921,-56.637249,-405.326823,6.422543,6.522960,21.449046,-239.645307,3.812037,3.384250,0.440428,6.193920,0.040658,0.015830
1.839448,-57.466171,-405.585340,6.316336,6.547018,20.643630,-239.374092,4.059713,3.132701,0.439314,6.197158,0.040641,0.016872
1.839974,-58.271556,-405.765690,6.398474,6.551338,19.373295,-239.770005,4.107948,3.523107,0.437518,6.202561,0.041331,0.017063
1.840500,-58.628973,-406.111482,6.571599,6.565097,18.449619,-239.600353,4.206770,3.364235,0.433533,6.206335,0.042125,0.017487
1.841026,-58.823024,-406.999905,6.447206,6.519079,17.186609,-239.668624,3.812881,3.372374,0.426380,6.211598,0.040617,0.015859
1.841552,-59.287006,-407.273797,6.426170,6.539043,15.421565,-239.533442,3.816027,3.352987,0.419007,6.218892,0.040589,0.015891
1.842078,-59.375335,-407.587734,6.412846,6.636851,14.494944,-239.594719,4.123629,3.550854,0.414274,6.222761,0.041460,0.017171
1.842605,-59.600211,-408.275645,6.246002,6.552196,12.837401,-240.166940,3.684201,3.356772,0.406855,6.229784,0.039710,0.015315
1.843131,-59.754250,-409.204576,6.222941,6.750688,11.831328,-240.007491,3.577174,3.108036,0.400252,6.233930,0.039283,0.014882
1.843657,-59.565953,-409.650601,6.246540,6.737181,10.509434,-239.892646,3.986034,3.501627,0.391488,6.239404,0.040494,0.016596
1.844183,-59.008183,-410.406415,6.488413,6.545741,8.627076,-239.848962,4.121853,3.474562,0.377532,6.247232,0.041694,0.017171
1.844709,-58.576610,-411.498807,6.412902,6.743482,7.206058,-239.959423,4.010656,3.313542,0.366188,6.253164,0.041135,0.016704
1.845235,-58.285837,-412.085891,6.351980,6.677340,5.349310,-240.560492,3.766020,2.973364,0.355255,6.260952,0.040314,0.015650
1.845761,-57.952345,-413.228334,6.312900,6.666238,4.799552,-240.120500,3.372573,3.119698,0.347769,6.263200,0.039000,0.014042
1.846288,-57.154202,-413.740750,6.450660,6.564692,1.789732,-240.907821,3.943897,3.184110,0.328676,6.275756,0.041256,0.016370
1.846814,-55.934883,-414.916611,6.189110,6.577337,0.512262,-239.468531,4.257863,2.347708,0.311273,6.281046,0.040500,0.017780
1.847340,-55.532786,-415.432233,6.233386,6.636046,-1.249362,-240.629370,3.928127,3.067865,0.301099,6.288377,0.040226,0.016324
1.847866,-54.324639,-416.370386,6.105459,6.566753,-3.016702,-240.813329,3.990572,3.059365,0.284339,6.295712,0.039858,0.016569
1.848392,-53.340994,-417.302890,6.270903,6.532832,-5.120869,-240.899735,3.962740,3.087255,0.266833,6.304439,0.040491,0.016445
1.848918,-52.012477,-417.861919,6.130221,6.547241,-6.471870,-240.654957,3.611749,3.021377,0.251548,6.310072,0.038920,0.015001
1.849445,-51.105304,-418.838364,6.203247,6.574883,-8.896022,-241.467507,3.759861,3.352866,0.233626,6.320010,0.039822,0.015558
1.849971,-49.503540,-419.342950,6.236123,6.664756,-10.174694,-240.469618,3.612206,3.370223,0.216426,6.325472,0.039417,0.015006
1.850497,-48.082442,-418.908731,6.330516,6.592559,-12.448843,-239.543281,3.725196,3.061964,0.196111,6.335108,0.040151,0.015523
1.851023,-46.582714,-419.361238,6.422158,6.545516,-14.663316,-239.737415,3.860134,3.085269,0.175866,6.344273,0.041029,0.016061
1.851549,-45.059232,-419.879107,6.269533,6.728441,-16.205762,-239.878115,4.025974,3.398755,0.158944,6.350641,0.040884,0.016734
1.852075,-43.500363,-420.159696,6.229559,6.577678,-17.601933,-239.058081,3.780118,3.194760,0.142042,6.356683,0.039833,0.015758
1.852602,-41.933757,-420.368179,6.399900,6.660900,-19.488858,-239.561845,3.619090,3.480005,0.123506,6.364359,0.040368,0.015054
1.853128,-40.353912,-420.624801,6.117285,6.736519,-20.710364,-238.626898,3.697352,3.639652,0.107517,6.369758,0.039081,0.015434
1.853654,-38.440888,-420.315855,6.190498,6.492297,-22.614492,-238.110635,3.741561,2.875474,0.086643,6.377876,0.039545,0.015614
1.854180,-36.758099,-420.276437,6.152711,6.638393,-24.208659,-237.790688,3.608207,2.847840,0.068661,6.384642,0.038996,0.015067
1.854706,-34.846026,-420.409334,6.086427,6.515796,-26.070460,-237.786034,3.580878,2.939375,0.048016,6.392387,0.038625,0.014941
1.855232,-32.920239,-421.440604,6.096816,6.892803,-26.984255,-239.105264,3.412424,3.231018,0.032544,6.395565,0.038302,0.014172
1.855758,-31.353975,-420.701509,6.210647,6.718036,-28.862834,-238.863700,3.641706,3.442408,0.013699,6.403436,0.039590,0.015124
1.856285,-29.598034,-420.374876,6.344600,6.586715,-30.680457,-238.558904,3.655044,3.497508,-0.005953,6.411091,0.040271,0.015186
1.856811,-27.617242,-420.256031,6.324433,6.644192,-32.147363,-238.357963,3.596158,3.369300,-0.024900,6.417246,0.039985,0.014936
1.857337,-26.032440,-419.473565,6.323808,6.764988,-33.438371,-238.049916,3.602121,3.353199,-0.040799,6.422740,0.040084,0.014965
1.857863,-24.560753,-419.168500,6.060897,6.988084,-35.113774,-237.478422,3.790739,3.112005,-0.058017,6.429983,0.039289,0.015736
1.858389,-22.212663,-418.540876,6.362573,6.758363,-36.837068,-236.829805,3.911330,3.407476,-0.080309,6.437491,0.040973,0.016273
1.858915,-20.983704,-417.869069,6.178633,6.587756,-38.324663,-236.734734,3.644618,3.161281,-0.095444,6.443682,0.039430,0.015149
1.859442,-19.123325,-417.485804,6.102816,6.757296,-38.640907,-236.357713,3.717594,2.706452,-0.107342,6.445237,0.039234,0.015427
1.859968,-17.440913,-416.966077,6.051328,6.845569,-39.928607,-236.305468,3.874209,3.358887,-0.123838,6.450575,0.039506,0.016110
1.860494,-16.445215,-416.470216,6.079345,6.618135,-40.670580,-236.805128,3.703710,3.393448,-0.134028,6.453273,0.039299,0.015379
1.861020,-14.441264,-416.411147,6.025893,6.681252,-41.671945,-236.950241,3.930715,3.473809,-0.150587,6.457273,0.039679,0.016284
1.861546,-13.399669,-415.793951,6.382273,6.548600,-42.605946,-236.346848,3.663344,3.699951,-0.161342,6.461539,0.040500,0.015259
1.862072,-11.245736,-415.303960,6.161894,6.884291,-42.548844,-236.326759,3.613481,3.459482,-0.173149,6.461319,0.039410,0.015029
1.862599,-10.009061,-414.925218,6.265191,6.776338,-43.578757,-235.946251,3.909963,3.629601,-0.185408,6.465825,0.040613,0.016259
1.863125,-8.881943,-414.986609,6.128752,6.872452,-44.488971,-236.203089,3.855447,3.704249,-0.196590,6.469355,0.039842,0.016019
1.863651,-7.552858,-414.259683,6.302278,6.710438,-44.352567,-236.276061,3.545585,3.510815,-0.203886,6.468741,0.039866,0.014744
1.864177,-6.047431,-413.827004,6.131384,6.855474,-44.671914,-236.436556,3.634481,3.677803,-0.214391,6.469922,0.039430,0.015111
1.864703,-5.275122,-413.485985,6.250385,6.891300,-44.353666,-235.988360,3.586141,3.893968,-0.216706,6.468967,0.039838,0.014980
1.865229,-3.756743,-413.473611,6.286070,6.635306,-44.669544,-236.443996,3.499940,3.680884,-0.227120,6.469907,0.039710,0.014572
1.865755,-2.965024,-413.436753,5.981825,6.962528,-44.927360,-236.326218,3.701640,3.815520,-0.232638,6.471051,0.038929,0.015404
1.866282,-1.830495,-412.229149,6.327517,6.726499,-45.075096,-235.969583,3.693839,3.696093,-0.240594,6.471932,0.040482,0.015376
1.866808,-1.164447,-412.253927,6.488408,6.708954,-44.980345,-236.232079,3.681952,4.102840,-0.243965,6.471340,0.041261,0.015376
1.867334,-0.086861,-412.057203,6.386545,6.743729,-45.087369,-236.054335,3.692189,4.194530,-0.250318,6.471916,0.040805,0.015442
1.867860,0.572264,-412.185230,6.336422,6.828087,-44.676723,-236.083855,3.623936,3.719867,-0.251508,6.470215,0.040314,0.015096
1.868386,1.258969,-412.137775,6.341981,6.777864,-44.080776,-235.669358,3.814925,3.967151,-0.251489,6.468094,0.040778,0.015934
1.868912,1.899831,-412.541408,6.543718,6.742346,-43.924682,-236.073522,3.936672,3.685555,-0.254065,6.467145,0.041902,0.016360
1.869439,2.379281,-412.575615,6.377872,6.870358,-42.678507,-236.118349,3.738751,3.272142,-0.250005,6.462005,0.040668,0.015524
1.869965,3.382973,-413.142135,6.150042,7.192749,-42.449587,-236.319873,3.652428,3.372683,-0.253620,6.460918,0.039445,0.015177
1.870491,3.798542,-413.363577,6.355718,7.004974,-41.634799,-235.964435,3.928520,3.597751,-0.250719,6.457833,0.040941,0.016356
1.871017,4.037494,-413.465354,6.355108,6.938728,-40.595237,-235.838480,3.648062,3.401828,-0.246176,6.453646,0.040143,0.015216
1.871543,4.370666,-413.477741,6.479154,6.741430,-40.242194,-235.819951,3.619216,3.700611,-0.246030,6.452205,0.040605,0.015138
1.872069,4.975767,-415.080608,6.116071,6.766643,-38.866000,-237.382295,3.673105,3.339511,-0.241889,6.445473,0.039112,0.015235
1.872596,5.440094,-415.173075,6.352728,6.803746,-37.930672,-237.120009,3.831946,3.049747,-0.238930,6.441805,0.040495,0.015884
1.873122,5.721367,-415.889415,6.455496,6.961804,-36.502178,-237.093334,3.712371,3.365307,-0.231906,6.435943,0.040618,0.015444
1.873648,5.834408,-415.980435,6.401380,6.943277,-35.192568,-237.366365,4.079196,3.166290,-0.225780,6.430376,0.041430,0.016927
1.874174,5.889609,-416.214898,6.435551,6.789580,-34.002481,-237.370699,3.660916,3.340870,-0.219462,6.425464,0.040449,0.015241
1.874700,5.870838,-416.535777,6.427899,6.818839,-32.405953,-237.547638,3.625711,3.204617,-0.210678,6.418767,0.040357,0.015093
1.875226,6.103843,-417.137854,6.354452,6.929297,-31.109548,-238.006545,3.573171,3.340721,-0.204830,6.413157,0.039940,0.014871
1.875752,5.942780,-417.891301,6.419872,6.993094,-29.195216,-237.904090,3.456765,3.123925,-0.192800,6.405293,0.039835,0.014402
1.876279,5.797283,-418.333429,6.394359,6.738611,-28.231837,-238.382203,3.881428,3.121437,-0.186895,6.401067,0.040834,0.016130
1.876805,5.390922,-418.772893,6.558849,6.832954,-26.106933,-238.419190,3.597986,3.145788,-0.172901,6.392251,0.040867,0.014980
1.877331,5.060169,-419.218760,6.566213,6.864796,-24.468766,-238.577250,3.768843,3.126720,-0.162034,6.385389,0.041359,0.015689
1.877857,4.672606,-419.588409,6.543814,6.917390,-22.276625,-238.818069,3.519362,3.059501,-0.147990,6.376195,0.040670,0.014657
1.878383,4.303597,-420.172646,6.431844,6.754496,-20.625938,-238.791458,3.485524,3.373350,-0.136587,6.369348,0.039981,0.014539
1.878909,3.882578,-420.735905,6.462132,6.912789,-18.485170,-239.236791,3.350926,3.253826,-0.122621,6.360299,0.039836,0.013963
1.879436,3.512583,-421.050914,6.407234,6.860699,-16.250453,-239.078383,3.481818,3.254673,-0.108181,6.351052,0.039858,0.014526
1.879962,3.140269,-421.427557,6.332896,7.005350,-14.328784,-239.816371,3.620852,3.216070,-0.095894,6.342863,0.040005,0.015066
1.880488,2.334658,-421.908519,6.367145,6.729319,-12.073680,-239.466573,3.584030,3.143008,-0.078811,6.333562,0.039928,0.014943
1.881014,2.204090,-422.270982,6.404107,6.752750,-10.581754,-240.256483,3.738301,3.289606,-0.070131,6.327200,0.040643,0.015541
1.881540,1.652638,-422.876245,6.407663,6.829988,-7.741683,-240.370568,3.207402,3.251619,-0.051429,6.315381,0.039216,0.013337
1.882066,1.131818,-423.273749,6.155124,6.988298,-5.871612,-240.605987,3.266248,3.109724,-0.038321,6.307584,0.038124,0.013571
1.882593,0.667763,-423.450003,6.402279,6.893848,-4.217875,-240.802434,3.694346,3.162426,-0.026743,6.300699,0.040456,0.015339
1.883119,-0.018292,-422.586825,6.240525,6.698590,-1.205029,-240.043909,3.488082,3.061214,-0.006501,6.288205,0.039164,0.014531
1.883645,-0.896946,-422.449536,6.153824,6.789374,0.835253,-240.077351,3.564677,3.050628,0.009498,6.279706,0.038994,0.014848
1.884171,-1.047715,-422.332448,6.175527,6.793827,3.316370,-239.817888,3.688235,2.871659,0.023906,6.269357,0.039400,0.015377
1.884697,-1.213925,-422.562376,6.160135,6.739735,5.896381,-239.436011,3.578047,2.760350,0.038808,6.258564,0.038873,0.014937
1.885223,-2.165371,-421.698059,6.445599,6.476425,7.456364,-239.664801,3.702784,3.233117,0.052808,6.252084,0.040776,0.015441
1.885749,-2.886541,-422.108521,6.127098,6.724871,9.731049,-240.041350,3.619804,3.108785,0.069191,6.242668,0.039001,0.015064
1.886276,-3.078928,-421.377539,6.335112,6.594485,11.656634,-239.695753,3.628597,2.916171,0.080929,6.234593,0.040049,0.015114
1.886802,-3.443960,-420.856936,6.196978,6.778818,13.740956,-239.327618,3.742415,3.262941,0.094386,6.225833,0.039716,0.015605
1.887328,-4.116435,-420.391558,6.375997,6.612385,16.317341,-239.233727,3.244729,3.112285,0.112321,6.215084,0.039253,0.013529
1.887854,-4.189137,-419.664740,6.372801,6.355055,19.376302,-238.438975,3.651532,3.028391,0.129308,6.202100,0.040163,0.015248
1.888380,-5.196014,-420.298665,6.280360,6.533255,20.385328,-239.525822,3.989074,3.056748,0.140578,6.198283,0.040727,0.016569
1.888906,-5.182071,-419.583254,6.302147,6.428531,22.769479,-239.396260,3.670249,3.080479,0.153899,6.188358,0.039975,0.015242
1.889433,-5.230100,-418.919398,6.356231,6.400811,24.374384,-239.411547,4.145753,3.091579,0.163449,6.181725,0.041644,0.017188
1.889959,-5.341994,-418.471822,6.281235,6.517748,27.032853,-238.694255,3.732543,3.064130,0.178173,6.170413,0.039981,0.015506
1.890485,-5.339398,-417.794376,6.307226,6.637316,27.834548,-238.754775,3.967396,2.959688,0.183211,6.167127,0.040888,0.016456
1.891011,-5.132359,-416.999613,6.275570,6.481123,29.222812,-238.928264,3.739195,3.115619,0.190588,6.161482,0.040258,0.015499
1.891537,-5.080915,-416.438581,6.276177,6.581428,31.558755,-238.120101,3.793221,2.951951,0.202653,6.151420,0.040257,0.015738
1.892063,-4.865191,-416.170590,6.211277,6.605572,33.753621,-237.697340,3.796396,2.792597,0.213099,6.142126,0.039839,0.015741
1.892590,-4.824390,-415.477340,6.147785,6.624403,35.091853,-237.595450,3.749903,3.126113,0.220741,6.136550,0.039533,0.015562
1.893116,-4.433659,-414.810517,6.373662,6.595456,36.539929,-237.621571,4.178210,3.054265,0.227248,6.130607,0.041809,0.017285
1.893642,-3.834700,-414.431673,6.201260,6.633416,38.431761,-237.178093,4.202973,3.074726,0.234081,6.122544,0.041058,0.017388
1.894168,-3.505466,-413.810024,6.298292,6.723333,39.324634,-236.876708,3.725778,3.287066,0.237501,6.118673,0.040249,0.015470
1.894694,-3.308003,-413.490120,6.290699,6.527933,41.283784,-236.890551,3.710151,3.263574,0.247332,6.110644,0.040095,0.015378
1.895220,-2.125678,-412.980488,6.091834,6.581634,42.442272,-236.215927,3.983068,2.914566,0.246984,6.105406,0.039900,0.016475
1.895746,-1.216240,-412.620733,6.159383,6.582940,43.705731,-236.398738,3.710809,3.215748,0.249601,6.100368,0.039587,0.015372
1.896273,-1.138928,-412.597429,6.193064,6.661351,45.358556,-236.092023,3.761592,3.148502,0.257582,6.093376,0.039742,0.015563
1.896799,0.167766,-412.208892,6.298748,6.575739,45.329597,-235.873737,3.882452,2.932391,0.250724,6.093323,0.040582,0.016040
1.897325,1.179422,-411.883218,6.370650,6.340465,46.644509,-235.558535,4.207975,2.868580,0.252352,6.087698,0.041707,0.017346
1.897851,2.254291,-412.053502,6.340189,6.570854,47.245037,-235.297215,3.943771,2.744123,0.249243,6.085031,0.040825,0.016268
1.898377,3.614133,-412.252729,6.159927,6.583713,48.829105,-235.038712,4.227582,2.820389,0.249814,6.078350,0.040749,0.017407
1.898903,4.327480,-411.885399,6.267327,6.680624,49.850838,-234.869496,4.151318,2.934936,0.251716,6.074040,0.041056,0.017102
1.899430,6.000070,-411.981076,6.200018,6.613282,50.840252,-234.595624,4.012652,2.692816,0.247597,6.069771,0.040285,0.016509
1.899956,6.985838,-412.194640,6.146667,6.640941,51.601111,-234.723514,3.692657,2.790415,0.246291,6.066790,0.039196,0.015212
1.900482,8.603322,-412.436912,6.249078,6.607764,51.853120,-234.506115,3.669882,2.898591,0.238447,6.065571,0.039567,0.015146
1.901008,10.259597,-412.530540,6.191532,6.496394,52.243467,-234.575222,3.579771,3.003960,0.231687,6.064047,0.039117,0.014791
1.901534,11.971471,-412.935631,6.105553,6.645651,52.397496,-235.165089,3.517321,3.347427,0.223603,6.063955,0.038759,0.014566
1.902060,13.614208,-413.201084,6.283189,6.760357,52.808233,-235.016020,3.735140,3.248485,0.216514,6.062156,0.040113,0.015415
1.902587,15.023404,-413.065897,6.161427,6.718216,52.325873,-235.532009,3.948497,3.336527,0.207102,6.064575,0.040383,0.016255
1.903113,16.722709,-413.844510,6.280265,6.525861,53.103099,-235.387012,3.997694,3.393029,0.201105,6.061301,0.040857,0.016455
1.903639,18.789867,-414.242403,6.275180,6.616233,53.456880,-235.110770,3.739372,3.390177,0.191165,6.059617,0.040062,0.015441
1.904165,20.804770,-414.663024,6.206762,6.535678,53.177833,-235.225324,3.637010,3.307473,0.178494,6.060851,0.039477,0.015018
1.904691,22.908398,-415.143844,6.151679,6.551317,52.832156,-235.239506,4.097562,3.392696,0.164823,6.062262,0.040526,0.016867
1.905217,24.850658,-415.350716,6.155010,6.889597,52.783397,-235.160336,3.871836,3.080995,0.153794,6.062388,0.039915,0.015923
1.905743,26.909200,-415.582896,6.292513,6.518013,52.640368,-234.763793,3.769666,3.024670,0.141354,6.062607,0.040146,0.015534
1.906270,29.187216,-416.264210,6.127003,6.732768,51.562823,-234.987941,3.694179,3.092630,0.122813,6.067181,0.039191,0.015250
1.906796,31.154131,-416.826307,6.043763,6.778949,51.265568,-234.942152,3.550511,3.068457,0.110125,6.068348,0.038334,0.014680
1.907322,33.502746,-416.888974,5.911461,6.806219,50.794514,-235.174004,3.779544,2.999309,0.094873,6.070466,0.038460,0.015579
1.907848,36.470754,-417.657046,6.232036,6.833098,50.076090,-235.605715,3.679758,3.245770,0.074595,6.073760,0.039654,0.015204
1.908374,38.771068,-417.570493,6.168266,6.583299,50.005992,-234.138801,3.221839,2.801182,0.061172,6.072772,0.037871,0.013385
1.908900,40.930996,-417.696508,6.253777,6.590096,48.819219,-235.045159,3.539179,3.132731,0.043161,6.078396,0.039306,0.014677
1.909427,43.190527,-418.343585,6.060843,6.811428,48.350027,-235.281479,3.384763,3.067904,0.028177,6.080508,0.037909,0.014041
1.909953,45.804550,-418.240455,6.339921,6.848768,46.838042,-236.312627,3.781592,3.026803,0.005681,6.087518,0.040576,0.015590
1.910479,48.629280,-418.560715,6.107003,6.963113,46.355093,-235.407404,3.403764,2.586959,-0.012416,6.088758,0.038170,0.014074
1.911005,50.926407,-418.438471,6.127657,7.000755,45.073161,-236.371356,3.663923,3.014658,-0.032138,6.094759,0.039196,0.015140
1.911531,53.316746,-418.135560,6.027541,6.910164,43.175773,-236.479377,3.336195,3.113520,-0.055767,6.102597,0.037878,0.013849
1.912057,55.153056,-418.535409,6.095617,6.945473,43.347470,-236.812701,3.514480,3.278442,-0.064874,6.102144,0.038654,0.014567
1.912584,58.202964,-418.238153,6.351258,6.851425,42.167857,-236.432320,3.249597,2.933830,-0.087971,6.106690,0.039103,0.013492
1.913110,60.902519,-418.068115,6.139733,6.844660,40.730809,-236.701349,3.612567,3.209126,-0.110765,6.112777,0.039067,0.014995
1.913636,63.212268,-418.213931,6.040271,7.060876,39.244415,-237.446487,3.545870,3.107860,-0.131821,6.119389,0.038481,0.014688
1.914162,65.336330,-417.707686,6.105075,6.839538,38.744799,-237.467839,3.459325,3.052197,-0.146477,6.121452,0.038572,0.014336
1.914688,68.077377,-417.636597,6.392186,6.868327,37.341738,-236.993259,3.875185,3.090441,-0.168532,6.126906,0.040803,0.016081
1.915214,70.371214,-416.666598,6.383959,6.879549,35.314736,-237.726089,3.707430,3.269742,-0.193461,6.135712,0.040535,0.015389
1.915740,72.654636,-416.457017,6.312103,6.864196,34.494995,-238.356716,3.497403,3.180578,-0.211068,6.139463,0.039705,0.014496
1.916267,74.609625,-415.504371,6.306637,6.859686,33.313673,-238.192077,3.673673,3.022314,-0.228820,6.144226,0.040146,0.015227
1.916793,77.034500,-415.116602,6.375487,7.039076,32.432214,-238.469334,3.355979,2.861229,-0.247324,6.148013,0.039678,0.013910
1.917319,78.850783,-414.508245,6.446839,6.843212,30.914402,-239.277323,3.652400,3.126985,-0.267028,6.154698,0.040830,0.015105
1.917845,81.120164,-413.437897,6.452248,6.822242,29.263490,-238.670005,3.708406,2.800319,-0.288443,6.161184,0.040793,0.015373
1.918371,82.691845,-412.390110,6.313871,6.834492,27.638662,-238.641610,3.680189,2.835022,-0.306848,6.167882,0.040143,0.015278
1.918897,84.763140,-411.560410,6.522355,6.635439,26.857439,-239.000128,3.629839,2.745081,-0.323760,6.171281,0.040854,0.015052
1.919424,86.569226,-410.335506,6.534765,6.632362,25.087660,-238.926223,3.648235,2.668374,-0.344389,6.178567,0.040893,0.015147
1.919950,87.929846,-409.442966,6.336688,6.597724,23.109246,-239.264765,3.689556,2.636443,-0.363932,6.186900,0.040109,0.015314
1.920476,89.677195,-408.259541,6.397691,6.627088,22.049878,-239.134915,3.924323,2.568499,-0.380392,6.191238,0.040911,0.016302
1.921002,90.932411,-407.504430,6.194728,6.594089,20.938770,-239.026134,3.646633,2.369719,-0.393751,6.195808,0.039257,0.015165
1.921528,92.420846,-406.575590,6.118527,6.704737,19.863608,-239.610642,3.724153,2.792374,-0.409945,6.200475,0.039433,0.015466
1.922054,93.677299,-405.290749,6.459217,6.445329,18.817484,-239.300618,3.755503,2.400186,-0.423677,6.204711,0.040500,0.015617
1.922581,95.195949,-404.412035,6.472653,6.578826,17.545446,-239.501947,3.618280,2.633146,-0.440070,6.210058,0.040360,0.015048
1.923107,95.505308,-402.996914,6.575555,6.540078,16.830767,-240.180766,3.559689,3.281578,-0.450126,6.213224,0.041184,0.014779
1.923633,96.493119,-402.058549,6.165104,6.745178,15.345915,-240.228083,3.695796,3.060045,-0.464794,6.219391,0.039951,0.015343
1.924159,97.470868,-401.123922,6.469098,6.496697,14.008907,-239.773785,3.195914,2.634526,-0.477370,6.224826,0.039485,0.013299
1.924685,97.721080,-400.552498,6.545705,6.659619,12.887882,-240.089715,3.634322,3.125629,-0.486326,6.229557,0.041093,0.015110
1.925211,98.377809,-399.789659,6.626143,6.507926,11.327380,-240.469624,3.681866,3.264496,-0.500065,6.236115,0.041380,0.015291
1.925737,99.053472,-399.111265,6.438441,6.403834,11.091216,-240.740519,3.656086,3.285640,-0.506995,6.237147,0.040605,0.015168
1.926264,99.244835,-398.470025,6.520569,6.574595,9.918787,-240.811235,3.880175,3.271724,-0.515482,6.242020,0.041550,0.016095
1.926790,99.456693,-397.976998,6.673124,6.405674,9.488960,-240.653718,4.118354,3.206992,-0.519475,6.243776,0.042377,0.017095
1.927316,99.635226,-397.598785,6.583185,6.496219,8.524902,-240.543799,3.746451,3.384020,-0.525672,6.247760,0.041375,0.015563
1.927842,99.584399,-397.274507,6.596063,6.423726,7.532416,-239.813876,4.070085,2.583797,-0.529021,6.251786,0.041387,0.016958
1.928368,99.519580,-396.783933,6.547023,6.423552,7.193039,-240.011397,3.682721,3.454675,-0.532233,6.253225,0.040982,0.015336
1.928894,99.424137,-396.681659,6.479430,6.466643,7.168051,-240.098591,3.753368,2.857826,-0.532428,6.253340,0.040622,0.015623
1.929421,99.391453,-396.523941,6.451510,6.589399,5.454358,-239.924501,3.353967,2.932956,-0.540314,6.260456,0.039733,0.013975
1.929947,99.212311,-396.337102,6.528618,6.634787,5.014860,-240.708053,3.660624,3.345255,-0.544285,6.262355,0.041064,0.015204
1.930473,98.940168,-396.050740,6.421756,6.483544,4.697678,-240.789171,3.744492,3.364392,-0.545545,6.263678,0.040738,0.015547
1.930999,98.491487,-396.175324,6.432671,6.751238,4.640515,-239.900079,3.537761,3.948826,-0.540823,6.263844,0.040987,0.014745
1.931525,97.234763,-396.361403,6.555623,6.490086,4.191165,-240.514951,3.613913,3.668819,-0.538226,6.265761,0.041198,0.015024
1.932051,96.546126,-397.106438,6.722552,6.289139,3.923041,-240.245616,3.230794,3.210812,-0.533390,6.266857,0.040392,0.013446
1.932578,95.466883,-397.331615,6.579434,6.533901,3.352485,-240.290015,3.663854,3.219004,-0.530479,6.269234,0.041021,0.015246
1.933104,94.652152,-397.790028,6.499371,6.501127,3.057607,-240.968891,3.742794,3.528353,-0.528624,6.270497,0.041154,0.015531
1.933630,93.239423,-398.259576,6.450385,6.515581,2.961224,-241.190396,3.589398,3.636922,-0.521659,6.270908,0.040857,0.014881
1.934156,91.952126,-399.120237,6.443715,6.384279,2.932447,-241.229161,3.567302,3.400897,-0.513380,6.271030,0.040460,0.014787
1.934682,90.757887,-399.887770,6.587299,6.507425,2.991966,-241.320980,3.559193,3.581155,-0.505523,6.270788,0.041236,0.014748
1.935208,89.556459,-400.633983,6.468599,6.670565,2.865738,-240.857719,3.607816,3.396126,-0.497125,6.271288,0.040844,0.014978
1.935734,87.903438,-401.432504,6.462322,6.390657,2.782366,-241.218631,3.569284,3.644842,-0.488370,6.271651,0.040661,0.014796
1.936261,86.595956,-402.480202,6.489884,6.677878,2.782366,-241.218631,3.569284,3.644842,-0.479312,6.271651,0.040992,0.014796
1.936787,84.682868,-403.310139,6.615294,6.424417,2.681280,-240.884420,3.646854,3.586441,-0.467525,6.272055,0.041299,0.015138
1.937313,83.130385,-404.415175,6.323178,6.798589,2.825184,-240.835897,3.607281,3.566435,-0.456362,6.271455,0.040381,0.014977
1.937839,81.159687,-405.582012,6.418541,6.402171,2.723899,-240.876179,3.674346,3.576731,-0.444441,6.271877,0.040478,0.015253
1.938365,78.985912,-406.622658,6.252405,6.653528,3.176288,-241.268683,3.533659,3.560672,-0.429874,6.270021,0.039837,0.014645
1.938891,76.623464,-407.652398,6.108666,6.692031,3.137421,-241.022508,3.698224,3.515841,-0.415356,6.270169,0.039594,0.015342
1.939418,74.429683,-408.782395,6.474912,6.745389,3.588530,-240.444516,3.762335,3.367520,-0.398331,6.268262,0.041045,0.015645
1.939944,72.109863,-410.129988,6.448887,6.636214,4.123624,-240.716152,3.953309,3.408710,-0.381629,6.266056,0.041359,0.016420
1.940470,69.411508,-410.882872,6.243321,6.787370,4.849283,-240.251876,3.592008,3.180542,-0.361725,6.263004,0.039686,0.014947
1.940996,67.065017,-412.236903,6.314383,6.774283,5.205488,-240.587150,3.601100,3.357193,-0.345894,6.261552,0.040027,0.014964
1.941522,64.035808,-413.581903,6.325572,6.937978,5.554582,-240.219742,3.498443,3.632514,-0.325348,6.260067,0.039858,0.014560
1.942048,61.816486,-414.532716,6.181778,6.880305,6.685798,-240.357230,3.291488,3.349094,-0.306546,6.255376,0.038671,0.013689
1.942575,58.609172,-415.424581,6.110138,7.093447,6.964889,-240.323881,3.671707,3.105460,-0.286809,6.254212,0.039328,0.015270
1.943101,55.811428,-416.343184,6.264687,7.035660,8.274934,-240.051730,3.363653,3.405051,-0.263383,6.248727,0.039217,0.014004
1.943627,52.720467,-417.243044,6.155286,6.954319,8.544799,-239.741189,3.319277,3.490684,-0.243919,6.247559,0.038496,0.013837
1.944153,49.755595,-418.278105,6.232207,6.844124,8.986890,-240.285948,3.611946,3.397879,-0.225164,6.245802,0.039571,0.015020
1.944679,46.467172,-418.917065,6.314888,6.894784,10.272447,-239.992864,3.174230,3.350630,-0.199597,6.240408,0.038851,0.013216
1.945205,43.178973,-419.312516,6.098726,6.702293,10.981167,-239.633016,3.487444,3.071291,-0.177314,6.237392,0.038547,0.014535
1.945731,39.578377,-420.506130,6.115079,7.066350,11.563406,-240.153949,3.780644,3.101318,-0.154103,6.235072,0.039461,0.015718
1.946258,36.801049,-420.944895,6.159219,6.928846,12.032938,-239.825473,3.475334,3.251042,-0.135907,6.233054,0.038747,0.014471
1.946784,33.080324,-421.708035,6.043145,6.890804,12.283480,-239.784482,3.808669,3.204820,-0.113822,6.232003,0.039044,0.015857
1.947310,29.646710,-422.278930,6.126615,7.031946,13.318861,-240.246761,3.716827,3.417565,-0.089458,6.227804,0.039239,0.015443
1.947836,26.540781,-422.555723,6.005149,7.082282,14.258987,-239.863637,3.547505,3.281269,-0.067126,6.223809,0.038113,0.014760
1.948362,22.871354,-422.549776,6.192310,6.812300,15.489460,-239.788088,3.504551,3.232845,-0.040369,6.218678,0.038904,0.014580
1.948888,19.167815,-422.364676,6.156275,6.882942,15.765933,-239.983041,3.600241,3.249231,-0.018650,6.217584,0.039097,0.014964
1.949415,16.026768,-422.729288,6.109603,6.765316,16.919431,-239.731175,3.741384,2.819688,0.004878,6.212725,0.039148,0.015551
1.949941,12.450900,-422.208590,6.167196,6.759992,17.617241,-239.829878,3.749511,3.352967,0.028320,6.209860,0.039560,0.015584
1.950467,9.053319,-422.211038,6.112330,6.816498,18.259411,-239.583043,3.968738,3.115366,0.050366,6.207119,0.039857,0.016499
1.950993,5.403429,-421.719698,6.142790,6.879291,19.667863,-239.702270,3.530690,3.259207,0.078209,6.201317,0.038825,0.014673
1.951519,2.417295,-421.522462,6.008824,6.719480,19.680363,-239.347792,3.865084,3.090532,0.094479,6.201145,0.039056,0.016075
1.952045,-0.859624,-421.005980,6.244644,6.651205,19.844175,-239.866057,3.768679,3.340812,0.113803,6.200643,0.040016,0.015647
1.952571,-4.210601,-420.230074,5.964682,6.565675,20.662374,-239.946673,4.002286,3.406633,0.137100,6.197285,0.039491,0.016602
1.953098,-7.387946,-419.482084,6.208484,6.605608,21.258891,-240.247660,3.832475,3.563588,0.158488,6.194928,0.040226,0.015882
1.953624,-10.711330,-419.209071,5.984667,6.782159,21.603337,-239.875208,3.694272,3.307417,0.178280,6.193367,0.038688,0.015326
1.954150,-13.488571,-418.831347,6.231265,6.694795,22.075429,-239.998038,3.309772,3.573215,0.196306,6.191462,0.038812,0.013742
1.954676,-16.553298,-417.572750,5.947202,6.632291,22.990638,-240.403428,3.724609,3.430556,0.219599,6.187842,0.038778,0.015412
1.955202,-19.339902,-417.168777,6.271386,6.570309,22.724513,-240.192399,4.038851,3.519159,0.233354,6.188856,0.041005,0.016722
1.955728,-22.009972,-416.566668,6.271450,6.718989,23.397899,-240.137643,3.707111,3.367789,0.251905,6.186057,0.040069,0.015352
1.956255,-25.068780,-415.572295,6.265902,6.592671,23.420032,-240.126218,3.737078,3.555470,0.269644,6.185961,0.040158,0.015483
1.956781,-27.327407,-414.661169,6.180316,6.702445,23.269273,-240.114949,3.861924,3.527353,0.282143,6.186578,0.040226,0.015996
1.957307,-30.010923,-413.966719,6.264108,6.800629,23.258726,-240.221911,3.832475,3.563588,0.297498,6.186664,0.040571,0.015870
1.957833,-32.438606,-413.045576,6.252360,6.605457,23.426128,-240.019834,3.786072,3.472317,0.312304,6.185893,0.040281,0.015688
1.958359,-34.967816,-412.250281,6.146078,6.514524,23.512137,-240.052529,3.733361,3.480850,0.327388,6.185551,0.039655,0.015469
1.958885,-37.407748,-411.246923,6.220114,6.654233,23.512137,-240.052529,3.733361,3.480850,0.341879,6.185551,0.040084,0.015469
1.959412,-39.585808,-410.678344,6.167253,6.564056,23.402479,-240.417607,3.766327,3.676741,0.354338,6.186150,0.040007,0.015589
1.959938,-41.567768,-410.010184,6.320363,6.663220,23.688462,-239.920551,3.614675,3.499659,0.366339,6.184770,0.040142,0.014989
1.960464,-42.827579,-409.515375,6.281676,6.664448,23.222466,-240.116870,3.813787,3.618166,0.371777,6.186772,0.040590,0.015802
1.960990,-44.850510,-409.073152,6.346156,6.624480,23.233723,-240.175574,3.789406,3.773751,0.383184,6.186749,0.040770,0.015704
1.961516,-46.314577,-408.536282,6.342314,6.593046,22.758845,-240.133473,3.975085,3.542476,0.389241,6.188692,0.041122,0.016465
1.962042,-48.160511,-408.204411,6.355614,6.730589,22.285266,-240.028549,4.082060,3.566554,0.396677,6.190606,0.041480,0.016917
1.962568,-49.719099,-407.854519,6.176383,6.642226,22.452896,-239.133726,3.203666,3.280256,0.404206,6.189567,0.038305,0.013341
1.963095,-50.736468,-407.445474,6.409987,6.573315,21.439703,-239.545544,3.856213,3.321240,0.405994,6.193922,0.040834,0.016017
1.963621,-52.375562,-406.932906,6.407644,6.521738,20.836381,-239.511380,3.845923,3.234901,0.412235,6.196408,0.040730,0.015979
1.964147,-53.769413,-407.140387,6.264355,6.723421,20.322446,-238.957140,3.569397,3.064589,0.414961,6.198343,0.039391,0.014870
1.964673,-54.530917,-407.078182,6.367691,6.743661,18.882447,-239.928141,4.167384,3.427813,0.413842,6.204647,0.041645,0.017299
1.965199,-56.057935,-407.073661,6.346324,6.829195,18.109198,-240.226916,4.209793,3.393514,0.418290,6.207944,0.041719,0.017457
1.965725,-56.442271,-407.179232,6.458800,6.669989,17.259223,-240.299158,3.832475,3.563588,0.415883,6.211485,0.041214,0.015902
1.966252,-57.684183,-407.236165,6.312782,6.717728,16.988798,-240.562304,3.856755,3.469042,0.421205,6.212681,0.040655,0.015985
1.966778,-58.279441,-407.209965,6.403531,6.746897,16.147002,-239.363389,3.663556,2.987589,0.417368,6.215829,0.040182,0.015259
1.967304,-58.532276,-407.455189,6.364354,6.750899,15.895406,-240.214240,3.390370,3.581740,0.418715,6.217110,0.039792,0.014087
1.967830,-58.862120,-407.829117,6.369978,6.749746,14.678480,-239.699933,3.984443,3.170299,0.412331,6.222025,0.040894,0.016580
1.968356,-59.807782,-408.370003,6.364891,6.762672,12.987768,-239.774611,4.193413,3.041562,0.407596,6.229072,0.041331,0.017451
1.968882,-59.815757,-408.770157,6.240711,6.591991,11.640416,-239.907705,3.860367,2.807837,0.400313,6.234703,0.039879,0.016063
1.969409,-60.094373,-409.379175,6.422020,6.722660,10.517913,-240.437921,4.213770,3.150698,0.395901,6.239468,0.041743,0.017501
1.969935,-59.986049,-409.988263,6.420087,6.911023,9.226152,-240.179465,3.960713,2.744686,0.387031,6.244791,0.041055,0.016472
1.970461,-60.318838,-410.548638,6.345841,6.746080,8.554386,-240.210150,4.361172,2.806539,0.384235,6.247588,0.041614,0.018137
1.970987,-60.153238,-411.049792,6.432652,6.723268,7.240912,-240.475684,3.885535,3.017996,0.376277,6.253084,0.040869,0.016147
1.971513,-60.087414,-411.719048,6.353942,6.795915,5.679763,-240.374941,4.098916,2.922454,0.366490,6.259561,0.041085,0.017045
1.972039,-60.013715,-412.478029,6.415561,6.557693,4.539828,-241.148610,4.195668,3.375179,0.360331,6.264362,0.041675,0.017395
1.972565,-59.555037,-413.480680,6.302713,6.891014,2.876274,-241.079442,4.112793,3.332571,0.347438,6.271255,0.041127,0.017058
1.973092,-58.755086,-413.615187,6.407425,6.667831,1.539529,-240.523517,3.854277,2.950552,0.335195,6.276785,0.040686,0.016024
1.973618,-57.917884,-414.359932,6.262976,6.700994,-0.758879,-240.016774,3.869973,2.573998,0.316811,6.286347,0.040030,0.016124
1.974144,-57.633345,-415.551721,6.243024,6.676645,-1.457832,-240.301041,4.373418,2.778682,0.310196,6.289252,0.041226,0.018199
1.974670,-56.281419,-415.934042,6.195077,6.722315,-2.873183,-239.902909,4.159205,2.867022,0.294575,6.295161,0.040493,0.017335
1.975196,-55.608163,-417.094632,6.269828,6.626930,-4.817034,-240.421544,3.948658,2.767972,0.279937,6.303218,0.040214,0.016419
1.975722,-54.124946,-417.510409,6.227382,6.672599,-5.660410,-239.893182,4.227424,2.836423,0.266375,6.306776,0.040779,0.017615
1.976249,-53.403816,-417.889410,6.222308,6.773256,-6.209822,-240.206525,3.639802,3.042774,0.259614,6.309032,0.039290,0.015146
1.976775,-51.911741,-418.472861,6.360267,6.653504,-7.996369,-240.067976,3.569305,3.217310,0.241357,6.316482,0.039726,0.014858
1.977301,-51.183759,-419.038088,6.316262,6.640911,-10.506295,-240.030133,3.940408,2.772010,0.223444,6.326928,0.040489,0.016393
1.977827,-49.490961,-419.498914,6.221619,6.717102,-11.735039,-240.246593,4.069721,3.218154,0.207596,6.331992,0.040588,0.016912
1.978353,-48.214458,-419.891397,6.014153,6.730210,-12.491942,-239.692677,3.694243,2.867662,0.195702,6.335255,0.038475,0.015383
1.978879,-46.641666,-420.349568,6.290975,6.920446,-15.231382,-239.443488,4.260062,2.840458,0.171914,6.346711,0.041360,0.017736
1.979406,-45.290243,-420.222404,6.128722,6.911508,-16.186641,-239.349430,3.595136,3.218224,0.159539,6.350710,0.038859,0.014979
1.979932,-43.455748,-420.437823,6.140017,6.940308,-18.031269,-239.036868,3.700765,3.026074,0.139249,6.358476,0.039181,0.015424
1.980458,-41.968781,-420.972231,6.455618,6.596565,-19.754673,-239.659560,4.223210,3.326527,0.121911,6.365427,0.042205,0.017540
1.980984,-40.516393,-421.141583,6.018271,6.616847,-20.698475,-239.445621,3.358803,3.253665,0.108642,6.369414,0.037740,0.013972
1.981510,-38.836045,-421.210257,6.108782,6.949766,-22.139893,-238.943669,3.525162,3.211059,0.091348,6.375579,0.038563,0.014680
1.982036,-36.921281,-421.552113,6.072324,6.704000,-23.871520,-238.916621,3.506846,3.463183,0.071331,6.382770,0.038312,0.014604
1.982562,-35.037424,-421.331326,6.025643,6.777674,-24.411982,-238.790201,3.657951,3.241996,0.058143,6.385063,0.038560,0.015222
1.983089,-33.009905,-421.449213,6.127447,6.733275,-26.651121,-238.634287,4.127541,3.174579,0.034769,6.394406,0.040388,0.017146
1.983615,-31.482299,-421.280910,6.131290,6.708725,-28.034951,-238.030859,3.767563,2.957969,0.018810,6.400424,0.039264,0.015678
1.984141,-29.570733,-421.126305,6.146133,6.889358,-28.454363,-238.085043,3.676599,2.981806,0.006099,6.402135,0.039126,0.015296
1.984667,-28.404009,-420.320810,6.193577,6.604880,-30.414197,-238.036742,3.742573,3.104801,-0.011027,6.410268,0.039697,0.015557
1.985193,-26.726701,-420.525620,6.106535,6.540011,-31.513708,-238.424459,4.040901,3.308518,-0.026282,6.414598,0.040197,0.016755
1.985719,-24.787776,-419.817127,6.110438,6.686438,-32.438266,-238.084046,3.719715,3.495614,-0.042073,6.418599,0.039332,0.015464
1.986246,-22.992590,-419.684248,6.089464,6.727636,-33.763835,-237.526593,3.766274,3.270867,-0.059063,6.424387,0.039245,0.015660
1.986772,-21.496915,-419.526133,6.315528,6.791326,-34.566256,-237.777498,3.738822,3.270500,-0.071785,6.427546,0.040283,0.015523
1.987298,-19.360736,-419.011075,6.290378,6.612817,-34.768333,-237.363353,3.824786,3.034699,-0.084619,6.428628,0.040380,0.015881
1.987824,-17.967262,-418.919038,6.425550,6.757344,-36.560756,-237.532020,3.805653,3.219553,-0.102151,6.435906,0.040958,0.015783
1.988350,-16.573957,-418.314795,6.099864,6.614873,-36.668097,-237.304201,3.860517,3.127331,-0.110558,6.436492,0.039644,0.016013
1.988876,-14.728639,-417.984466,6.056370,6.718826,-37.518790,-237.097494,3.957107,3.151967,-0.125331,6.440126,0.039697,0.016411
1.989403,-13.183591,-417.568654,6.186448,6.729809,-38.271355,-237.811409,4.026681,3.285134,-0.138669,6.442749,0.040681,0.016646
1.989929,-11.671820,-417.296957,6.414740,6.745774,-38.876128,-237.746587,3.841141,3.189645,-0.150370,6.445270,0.041170,0.015880
1.990455,-10.366671,-416.059081,6.257367,6.814686,-38.496905,-236.557493,3.594215,3.177196,-0.155449,6.444509,0.039757,0.014954
1.990981,-8.670416,-416.003811,6.228341,6.745098,-38.701417,-236.373970,3.664105,3.238498,-0.165651,6.445475,0.039716,0.015254
1.991507,-7.323298,-415.575734,6.157625,6.906159,-39.128154,-236.143562,3.524506,3.112372,-0.175431,6.447390,0.039017,0.014681
1.992033,-6.460245,-415.403449,6.430397,6.714626,-39.126489,-236.833449,3.390843,3.642747,-0.180932,6.446913,0.040113,0.014155
1.992559,-4.932059,-414.757479,6.311439,6.716306,-40.002785,-236.717053,3.837627,3.351918,-0.194492,6.450594,0.040731,0.015933
1.993086,-3.451746,-414.912191,6.310974,6.742408,-40.161659,-236.822761,3.919928,3.372658,-0.203285,6.451172,0.040882,0.016260
1.993612,-2.576944,-414.505807,6.212568,6.904522,-40.073043,-236.826880,3.973367,3.352442,-0.207981,6.450806,0.040682,0.016476
1.994138,-1.624167,-414.303842,6.370898,6.911683,-39.461941,-236.671087,3.542001,3.406684,-0.209874,6.448403,0.040238,0.014747
1.994664,-0.533356,-414.119475,6.250883,7.042657,-39.667964,-236.647015,3.868619,3.522564,-0.217038,6.449266,0.040588,0.016085
1.995190,0.469120,-415.238715,6.415459,6.900544,-38.889020,-236.564713,3.650563,3.767685,-0.216816,6.446119,0.040470,0.015240
1.995716,1.483813,-414.977424,6.191250,6.689892,-38.580824,-237.076260,3.625288,3.490828,-0.221512,6.444507,0.039444,0.015079
1.996243,2.279576,-415.089798,6.423410,6.972680,-38.317053,-236.986764,3.570222,3.603810,-0.224110,6.443482,0.040370,0.014876
1.996769,3.101643,-414.832201,6.067290,6.792037,-37.352367,-237.771003,3.817607,3.634896,-0.224619,6.439006,0.039620,0.015843
1.997295,3.884867,-415.034921,6.245931,6.907075,-36.797455,-237.779097,3.582496,3.532735,-0.225605,6.436722,0.039751,0.014884
1.997821,4.325269,-415.398649,6.370375,6.818502,-36.283132,-237.466829,3.662830,3.658981,-0.224381,6.434805,0.040372,0.015247
1.998347,5.086567,-415.523396,6.289527,6.795561,-35.063202,-237.453764,3.526158,3.415962,-0.221764,6.429789,0.039609,0.014681
1.998873,5.692382,-415.895900,6.434558,6.866681,-34.189374,-237.586423,3.558536,3.546169,-0.220044,6.426107,0.040343,0.014824
1.999400,6.186622,-415.565982,6.372503,6.917881,-33.180770,-237.363225,3.519684,3.375806,-0.217421,6.422074,0.039999,0.014674
1.999926,6.637319,-415.675212,6.299274,6.880883,-32.500489,-237.407912,3.761817,3.288469,-0.216117,6.419237,0.040274,0.015665
2.000452,7.126496,-416.205428,6.486589,6.755642,-31.240638,-237.604952,3.591227,3.661660,-0.211605,6.413917,0.040654,0.014990
2.000978,7.566212,-416.683344,6.275620,6.812940,-29.640899,-237.418446,3.417435,3.365091,-0.204648,6.407389,0.039135,0.014280
2.001504,7.679271,-416.818655,6.220587,6.758413,-28.612860,-238.194236,3.533290,3.356330,-0.200447,6.402737,0.039336,0.014718
2.002030,8.178971,-417.330554,6.330201,7.010402,-27.406979,-237.841909,3.458062,3.298207,-0.195725,6.397911,0.039534,0.014435
2.002556,8.181772,-418.109062,6.360716,6.812152,-26.514992,-238.066208,3.581814,3.774525,-0.190380,6.394105,0.039911,0.014963
2.003083,8.378764,-418.323449,6.241557,6.925948,-24.618476,-238.691338,3.663626,3.417513,-0.181668,6.385961,0.039716,0.015257
2.003609,8.438116,-418.746614,6.302472,6.771367,-22.822714,-238.316262,3.597935,3.123015,-0.171554,6.378661,0.039663,0.015012
2.004135,8.621977,-419.126527,6.330437,6.924734,-21.091022,-238.911573,3.524506,3.112372,-0.163405,6.371237,0.039720,0.014683
2.004661,8.602354,-419.542537,6.404232,6.875321,-19.712201,-238.859775,3.766116,3.075564,-0.155444,6.365525,0.040637,0.015696
2.005187,8.422417,-420.114167,6.421238,6.998102,-17.318620,-239.338606,3.426082,3.147561,-0.141441,6.355420,0.039902,0.014272
2.005713,8.233711,-419.532685,6.495701,6.766791,-16.365255,-238.547761,3.753442,3.011645,-0.135089,6.351682,0.041065,0.015685
2.006240,8.404206,-420.223305,6.362165,6.866726,-14.229974,-239.181723,3.690381,3.337723,-0.124377,6.342610,0.040336,0.015397
2.006766,8.416841,-420.475650,6.373120,6.940104,-12.437997,-239.378948,3.717343,3.455596,-0.114654,6.335098,0.040501,0.015505
2.007292,8.181076,-420.771919,6.493890,6.757888,-10.567772,-239.647996,3.724577,3.256834,-0.103147,6.327254,0.041113,0.015523
2.007818,7.897580,-421.348695,6.480447,6.734938,-8.601939,-239.799745,3.595501,3.140875,-0.090633,6.319041,0.040655,0.014982
2.008344,7.836414,-421.559666,6.290407,6.885953,-6.762514,-239.849397,3.670722,3.127221,-0.080170,6.311373,0.039962,0.015297
2.008870,7.198369,-421.773553,6.202942,6.897547,-4.055877,-239.555048,3.558828,3.015831,-0.061684,6.300115,0.039179,0.014853
2.009397,6.999277,-422.302595,6.165788,6.803834,-3.029348,-240.122743,3.826843,3.183191,-0.054992,6.295800,0.039777,0.015935
2.009923,6.930852,-422.380972,6.144071,6.858976,-0.220176,-239.368708,3.615536,2.797760,-0.039054,6.284105,0.038926,0.015104
2.010449,6.839356,-422.403744,6.208249,6.837791,1.736496,-239.592773,3.568598,3.198701,-0.027906,6.275938,0.039157,0.014894
2.010975,6.285920,-422.358034,6.447440,6.771048,4.226681,-239.325552,3.350279,3.083568,-0.011250,6.265526,0.039695,0.013996
2.011501,6.271374,-422.470740,6.427844,6.868235,5.888355,-239.314876,3.573649,3.071472,-0.002091,6.258585,0.040154,0.014927
2.012027,5.448906,-422.181601,6.099267,6.983067,8.312239,-238.899896,3.228789,3.052388,0.015621,6.248406,0.037650,0.013506
2.012553,5.254091,-422.916384,6.119838,6.796290,9.746602,-240.058506,3.696710,2.988274,0.024563,6.242607,0.039089,0.015382
2.013080,5.079259,-422.844410,6.197493,6.915233,11.755646,-240.121584,3.592871,3.482649,0.036522,6.234267,0.039183,0.014944
2.013606,4.863914,-422.338026,6.238711,7.053294,13.644292,-240.265448,3.568827,3.375214,0.048187,6.226458,0.039438,0.014827
2.014132,4.504146,-421.859157,6.430672,6.790246,15.528292,-239.779800,3.784195,3.096615,0.060472,6.218515,0.040904,0.015738
2.014658,4.138128,-421.585584,6.512556,6.748786,18.275775,-239.362834,3.181154,3.046398,0.077429,6.206981,0.039661,0.013248
2.015184,4.405195,-421.516277,6.432289,6.799124,20.426979,-239.125100,3.219104,3.349061,0.087618,6.197968,0.039302,0.013417
2.015710,4.143647,-421.176630,6.418873,6.684151,22.087172,-239.189406,3.888270,3.232354,0.098280,6.191105,0.041034,0.016166
2.016237,4.115583,-420.904875,6.394038,6.503644,24.075194,-238.856578,3.913652,2.869045,0.109203,6.182731,0.040910,0.016264
2.016763,3.925827,-420.363435,6.364908,6.457746,25.462904,-238.902066,3.584113,3.124262,0.118134,6.177003,0.039964,0.014898
2.017289,3.911353,-419.519327,6.450202,6.584170,26.696193,-239.158315,3.761687,3.129625,0.125663,6.172020,0.041058,0.015602
2.017815,3.961012,-419.208828,6.383493,6.499718,29.185099,-238.389145,3.731435,2.910525,0.138604,6.161365,0.040472,0.015492
2.018341,3.864800,-418.937846,6.446665,6.621070,31.208055,-238.324084,3.749493,3.107620,0.150250,6.152978,0.040809,0.015558
2.018867,4.010544,-418.804100,6.366959,6.677646,32.735095,-237.158054,3.587635,2.708928,0.156836,6.146021,0.039726,0.014925
2.019394,4.630174,-418.000780,6.196943,6.804454,33.675088,-238.062228,4.064889,3.249071,0.160035,6.142663,0.040679,0.016847
2.019920,4.707961,-417.672980,6.237841,6.804294,35.565610,-237.075253,3.597317,2.906259,0.169230,6.134278,0.039333,0.014948
2.020446,5.084932,-417.255394,6.205641,6.763653,37.040598,-237.533175,4.093849,3.190221,0.175967,6.128493,0.040734,0.016949
2.020972,5.842364,-417.184865,6.059112,6.720395,39.081570,-236.771001,3.561497,2.938905,0.182196,6.119600,0.038368,0.014778
2.021498,6.190744,-416.686329,6.163002,6.664144,40.077170,-236.903426,3.621114,3.079318,0.186300,6.115601,0.039108,0.015013
2.022024,6.790551,-416.244443,6.241988,6.654776,41.105466,-236.738682,3.790038,3.109790,0.188884,6.111267,0.039966,0.015698
2.022550,7.242246,-415.044993,6.176423,6.748702,42.333376,-235.835474,4.014844,2.967379,0.193364,6.105573,0.040341,0.016637
2.023077,7.848516,-414.721733,6.166879,6.655022,43.168656,-236.311437,3.832424,3.235020,0.195444,6.102501,0.039951,0.015879
2.023603,8.487514,-414.234272,6.259762,6.758443,43.593196,-235.897014,3.833312,3.158564,0.194365,6.100449,0.040409,0.015894
2.024129,9.592891,-414.125924,6.318762,6.553621,45.676568,-235.578200,3.619804,3.108785,0.199410,6.091670,0.039971,0.015013
2.024655,10.553319,-414.178080,6.195198,6.645522,47.059108,-235.380916,3.444704,3.055971,0.201406,6.085860,0.038894,0.014292
2.025181,11.690908,-414.166821,6.079322,6.550211,47.076424,-234.709119,3.690722,2.773412,0.194683,6.085238,0.038882,0.015287
2.025707,12.513521,-413.879566,6.335493,6.748476,47.652326,-234.782902,3.711873,2.740119,0.193739,6.082942,0.040220,0.015354
2.026234,13.627704,-413.884275,6.044929,6.655405,48.675593,-234.537896,4.087124,2.735415,0.192988,6.078552,0.039911,0.016867
2.026760,14.776479,-413.852274,6.258576,6.667601,48.988316,-234.612902,4.208700,2.885296,0.188604,6.077338,0.041280,0.017365
2.027286,16.042219,-413.620599,6.172134,6.614660,49.783642,-234.674710,3.778134,3.339904,0.186368,6.074145,0.039773,0.015675
2.027812,17.541209,-413.859902,6.096133,6.635451,50.961934,-234.255561,3.245279,3.115112,0.183976,6.068975,0.037883,0.013513
2.028338,18.617109,-414.917208,6.276937,6.756677,51.260771,-235.732801,3.353301,3.362391,0.180203,6.069066,0.039151,0.013902
2.028864,20.300282,-414.885661,6.247220,6.601679,51.152734,-235.796797,3.854410,3.327004,0.170600,6.069560,0.040402,0.015883
2.029391,21.323093,-414.944673,6.170686,6.710350,52.049447,-235.284588,3.450471,3.244164,0.169386,6.065472,0.038850,0.014280
2.029917,23.043504,-415.125685,6.175033,6.858534,51.077599,-236.067314,3.810306,3.423848,0.155303,6.070101,0.040091,0.015708
2.030443,24.756383,-415.534381,6.271508,6.862329,51.003929,-235.805773,3.774673,3.580879,0.145015,6.070170,0.040349,0.015611
2.030969,26.636664,-415.974192,6.254627,6.555105,51.430597,-235.506353,3.614126,3.685340,0.136532,6.068178,0.039686,0.015006
2.031495,28.165063,-416.030597,6.212889,6.443546,51.430597,-235.506353,3.614126,3.685340,0.128171,6.068178,0.039510,0.015006
2.032021,30.084107,-416.176027,6.215699,6.429857,51.055977,-235.912141,3.783180,3.523067,0.115819,6.070053,0.040099,0.015627
2.032547,31.437955,-416.149232,6.040808,6.490132,51.003929,-235.805773,3.774673,3.580879,0.108070,6.070170,0.039286,0.015611
2.033074,33.667289,-416.126856,5.856746,6.559569,51.055977,-235.912141,3.783180,3.523067,0.096191,6.070053,0.038535,0.015627
2.033600,35.054852,-416.662763,6.234911,6.642017,50.516472,-235.644083,3.977218,3.365662,0.085208,6.072006,0.040708,0.016400
2.034126,37.149208,-417.129287,6.177899,6.872354,50.773852,-234.986640,3.394429,3.196811,0.074663,6.070385,0.038609,0.014084
2.034652,39.441286,-417.339703,5.849825,6.752527,50.498392,-234.868302,3.195811,3.079843,0.060522,6.071402,0.036480,0.013282
2.035178,41.476742,-417.385528,5.989183,6.770900,50.361022,-235.121373,3.189282,3.089324,0.048705,6.072182,0.037193,0.013246
2.035704,43.418765,-418.005205,6.066841,6.692894,49.007633,-235.312757,3.404408,2.812620,0.030582,6.077855,0.038063,0.014070
2.036231,45.776860,-418.120655,6.278723,6.780292,47.807292,-235.628435,3.586230,2.851982,0.011126,6.083010,0.039620,0.014807
2.036757,47.706609,-418.072736,6.312261,6.797788,47.056975,-236.089633,3.636001,3.008576,-0.003570,6.086445,0.040029,0.015013
2.037283,49.939935,-418.537684,6.387705,6.896101,45.675696,-236.497714,3.632472,2.982532,-0.023420,6.092401,0.040356,0.014992
2.037809,52.046992,-418.601471,6.388252,6.937202,45.428819,-236.578156,3.560925,2.938898,-0.036343,6.093470,0.040155,0.014698
2.038335,54.229639,-418.543179,6.258063,6.937606,44.749809,-236.843205,3.517773,3.260251,-0.052126,6.096444,0.039464,0.014559
2.038861,56.574670,-418.592602,6.069638,6.887710,44.167329,-237.026023,3.140303,3.285909,-0.068229,6.098959,0.037572,0.013045
2.039388,58.603994,-417.479081,6.072919,6.844227,43.084765,-235.883833,3.454284,3.096846,-0.085253,6.102524,0.038355,0.014360
2.039914,60.781487,-418.422900,6.027060,6.864722,41.261726,-237.254984,3.802107,3.245840,-0.107330,6.110995,0.039138,0.015725
2.040440,62.647990,-416.926971,6.351246,6.850503,40.139540,-236.572437,3.797143,3.178559,-0.124159,6.115115,0.040726,0.015758
2.040966,64.924481,-416.994567,6.191019,6.924776,39.573950,-236.792441,3.613969,3.361285,-0.139761,6.117591,0.039452,0.015026
2.041492,66.675217,-416.954176,6.152240,6.810274,38.639449,-236.574967,3.375731,3.269619,-0.154193,6.121286,0.038515,0.014071
2.042018,68.869693,-416.846863,6.169765,6.761884,36.883611,-236.943757,3.628316,3.227794,-0.175957,6.128761,0.039229,0.015093
2.042544,70.815359,-415.797727,6.183441,6.719005,35.857184,-236.847873,3.513421,3.175328,-0.192922,6.132933,0.039071,0.014637
2.043071,72.783746,-415.617799,6.163952,6.787959,34.155060,-237.141805,3.323057,3.088271,-0.213149,6.140141,0.038463,0.013851
2.043597,74.379615,-414.954064,6.377065,6.746284,33.288847,-236.814850,3.485575,3.409662,-0.226701,6.143531,0.039835,0.014569
2.044123,76.156455,-414.007795,6.324811,6.633805,31.112927,-237.354582,3.608853,3.164760,-0.249663,6.152846,0.039967,0.015046
2.044649,78.015538,-413.535165,6.267352,6.787382,30.788579,-237.122242,3.492747,3.311959,-0.261573,6.154065,0.039429,0.014595
2.045175,79.653916,-413.942841,6.219955,6.793782,29.438939,-238.772826,3.357862,3.245759,-0.279178,6.160512,0.038987,0.013950
2.045701,81.417744,-413.343847,6.312733,6.739223,27.923666,-238.611351,3.156751,3.119273,-0.297088,6.166689,0.038800,0.013138
2.046228,82.719051,-412.298889,6.051125,6.661853,26.794407,-237.669710,3.473774,3.048041,-0.309928,6.170921,0.038232,0.014503
2.046754,84.106620,-411.650265,6.306421,6.714593,25.425170,-237.841353,3.574400,2.870357,-0.325604,6.176690,0.039545,0.014913
2.047280,85.457136,-410.414026,6.274714,6.857906,24.116741,-238.094660,3.376936,2.917845,-0.341983,6.182239,0.039162,0.014093
2.047806,86.808008,-409.531311,6.277981,6.656502,23.364445,-238.283466,3.536325,2.893749,-0.354800,6.185445,0.039491,0.014747
2.048332,87.842220,-408.594371,6.385030,6.963890,21.759849,-237.905760,3.323442,3.080544,-0.369381,6.191975,0.039631,0.013903
2.048858,89.100653,-407.983256,6.352379,6.543437,20.834134,-238.998704,3.617507,3.181538,-0.383933,6.196233,0.040084,0.015066
2.049385,89.687672,-407.602368,6.438811,6.498596,19.491170,-238.175095,3.622515,2.873595,-0.392787,6.201532,0.040063,0.015140
2.049911,90.288085,-406.566339,6.487883,6.694711,18.536364,-238.755118,3.661670,2.784964,-0.404049,6.205703,0.040653,0.015271
2.050437,91.237333,-405.912948,6.693981,6.638501,17.224621,-238.232257,3.721015,3.165475,-0.415671,6.211009,0.041519,0.015567
2.050963,91.882725,-405.128559,6.379945,6.541950,16.123746,-238.985557,3.845137,3.435005,-0.427821,6.215820,0.040738,0.016046
2.051489,92.760222,-404.415239,6.621661,6.500773,15.134165,-238.549990,3.520802,2.802909,-0.437727,6.219828,0.040549,0.014719
2.052015,93.333699,-404.221619,6.449816,6.539580,14.446014,-238.236440,3.542652,3.228284,-0.443668,6.222622,0.039976,0.014838
2.052541,93.167830,-403.132123,6.431068,6.697880,13.884689,-239.634674,3.712626,3.440788,-0.451511,6.225309,0.040977,0.015463
2.053068,93.369144,-402.963494,6.466799,6.513068,12.550804,-239.549611,3.630803,3.053615,-0.459288,6.230840,0.040443,0.015130
2.053594,93.415875,-402.493510,6.448601,6.502618,11.549731,-239.890161,3.574965,3.072090,-0.466421,6.235077,0.040302,0.014881
2.054120,93.640638,-402.036845,6.401620,6.496815,10.948851,-240.105047,3.550509,3.100202,-0.472138,6.237617,0.040123,0.014768
2.054646,94.039251,-401.835300,6.595747,6.492546,10.626853,-239.787514,3.526310,3.494615,-0.475370,6.238896,0.040916,0.014691
2.055172,93.634763,-401.665108,6.408197,6.638063,9.498160,-239.547250,3.581396,3.402690,-0.478719,6.243556,0.040330,0.014938
2.055698,93.396401,-401.426642,6.429577,6.580044,8.897616,-239.974061,3.563708,2.831309,-0.482165,6.246125,0.040121,0.014836
2.056225,93.127862,-401.401272,6.406248,6.572909,8.605424,-240.100393,3.511437,3.090880,-0.482667,6.247360,0.040067,0.014613
2.056751,92.801316,-401.333549,6.467489,6.617640,7.242400,-240.003777,3.601939,2.792706,-0.487621,6.253018,0.040277,0.014998
2.057277,91.998418,-401.394269,6.682237,6.429218,6.756099,-239.943570,3.589273,3.631948,-0.485778,6.255036,0.041309,0.014953
2.057803,91.255176,-400.117276,6.485653,6.399403,6.711780,-238.961138,3.440074,3.570434,-0.483138,6.255105,0.040325,0.014391
2.058329,90.686806,-400.372457,6.608187,6.524644,6.073697,-238.893827,3.770634,3.495939,-0.482655,6.257767,0.041493,0.015778
2.058855,89.725792,-400.641009,6.508642,6.429814,5.397697,-238.961391,3.664705,3.563065,-0.480758,6.260601,0.040824,0.015332
2.059382,88.956717,-401.107441,6.438433,6.342364,5.182178,-239.335548,3.692798,3.142460,-0.477830,6.261536,0.040350,0.015425
2.059908,87.536940,-401.568829,6.325215,6.572012,4.454504,-240.262767,3.764973,3.620732,-0.475624,6.264647,0.040734,0.015667
2.060434,86.513379,-402.032545,6.563844,6.576919,4.496881,-239.998634,3.743647,3.414934,-0.468570,6.264450,0.041446,0.015595
2.060960,85.434870,-402.616543,6.427037,6.622185,4.739289,-239.451924,3.531226,3.232697,-0.459291,6.263396,0.040325,0.014744
2.061486,83.928892,-403.105287,6.440439,6.428016,4.367512,-239.572859,3.798345,3.560596,-0.452804,6.264957,0.040980,0.015852
2.062012,82.316456,-403.563693,6.472312,6.698773,4.186959,-239.411580,3.745903,3.457537,-0.444230,6.265699,0.041196,0.015644
2.062538,81.217204,-405.233118,6.341986,6.560699,3.995143,-240.526450,3.832192,3.448060,-0.438415,6.266577,0.040735,0.015930
2.063065,79.372946,-405.864576,6.377091,6.522447,4.024441,-240.443407,3.750404,3.437053,-0.427414,6.266449,0.040676,0.015595
2.063591,77.468832,-406.756065,6.245956,6.493570,3.677115,-240.557648,3.862680,3.412844,-0.417851,6.267901,0.040378,0.016055
2.064117,75.457814,-407.402696,6.294893,6.674630,3.905151,-240.308616,3.817810,3.312861,-0.404593,6.266936,0.040579,0.015884
2.064643,73.729776,-408.459711,6.302633,6.602638,3.905151,-240.308616,3.817810,3.312861,-0.393583,6.266936,0.040487,0.015884
2.065169,71.689767,-409.133688,6.254860,6.556319,3.748545,-240.384924,3.895430,3.304142,-0.382761,6.267593,0.040486,0.016202
2.065695,69.638440,-409.983115,6.393116,6.862510,4.029554,-240.017640,3.700834,3.536159,-0.368391,6.266398,0.040788,0.015417
2.066222,67.355020,-410.806575,6.321057,6.742147,4.410460,-240.347828,3.424866,3.396483,-0.353734,6.264837,0.039808,0.014247
2.066748,64.867769,-411.715421,6.239964,6.721984,4.189924,-240.313599,3.738685,3.316478,-0.340242,6.265752,0.040144,0.015555
2.067274,62.527847,-412.874463,6.283393,6.488335,3.632418,-240.815882,4.074173,3.394821,-0.329798,6.268103,0.041084,0.016916
2.067800,59.971279,-413.406924,6.223149,6.740572,4.924989,-239.623683,3.686594,2.936073,-0.306754,6.262635,0.039739,0.015380
2.068326,57.387181,-414.845934,6.297345,6.657828,4.881168,-240.788540,3.671321,3.432562,-0.292978,6.262916,0.040188,0.015244
2.068852,54.725623,-415.420147,6.274045,6.787100,6.076496,-239.507261,3.672557,3.172979,-0.269809,6.257820,0.039919,0.015328
2.069379,52.132000,-416.363839,6.293387,6.988533,6.731524,-239.876095,3.626368,2.872522,-0.251785,6.255130,0.039959,0.015110
2.069905,49.224705,-417.152653,6.221981,6.571868,6.922514,-240.158328,3.691430,3.225784,-0.234602,6.254368,0.039781,0.015363
2.070431,46.198009,-418.047215,6.296555,6.617990,7.273478,-240.017534,3.660822,3.080789,-0.215253,6.252891,0.039971,0.015243
2.070957,43.139856,-418.810695,6.057058,6.925541,8.036164,-240.040606,3.442083,3.108522,-0.193895,6.249719,0.038373,0.014330
2.071483,40.331111,-419.589027,6.281462,6.851460,8.675343,-239.963234,3.495369,3.204418,-0.174441,6.247048,0.039475,0.014555
2.072009,37.238604,-420.520811,6.078085,7.100634,9.237455,-239.667709,3.404871,2.982406,-0.153608,6.244662,0.038167,0.014194
2.072535,34.428342,-420.959849,6.319117,6.853369,9.349674,-240.140442,3.880001,3.415440,-0.137815,6.244271,0.040646,0.016142
2.073062,31.150269,-421.560872,6.029329,6.909965,9.923185,-240.191127,3.537629,3.388795,-0.116508,6.241895,0.038337,0.014715
2.073588,27.848066,-420.725511,6.320987,6.779648,10.911656,-239.520792,3.640941,3.221466,-0.093195,6.237661,0.040092,0.015182
2.074114,24.666628,-421.161410,6.084242,6.976020,10.993299,-239.527295,3.684293,3.184730,-0.075138,6.237322,0.039067,0.015361
2.074640,21.409182,-421.665323,6.323641,6.764637,11.691783,-239.651646,3.587294,3.385975,-0.053338,6.234437,0.039892,0.014949
2.075166,18.312256,-421.864975,6.332585,6.874732,12.811950,-239.493475,3.591535,3.482705,-0.030151,6.229740,0.039903,0.014974
2.075692,15.058230,-421.972082,6.167263,6.759465,13.187685,-239.467557,3.694143,3.043241,-0.010249,6.228170,0.039389,0.015396
2.076219,11.916936,-422.011297,6.415798,6.755167,13.655729,-239.503800,3.762232,3.462060,0.009527,6.226230,0.040750,0.015679
2.076745,8.670220,-422.017489,6.080462,6.730906,13.932493,-239.126834,3.746967,3.250001,0.028765,6.224987,0.039037,0.015636
2.077271,5.281597,-421.821041,6.141574,6.630248,14.855668,-239.473511,3.859394,3.187132,0.052456,6.221230,0.039726,0.016075
2.077797,2.134878,-421.298845,6.046597,6.537335,15.821433,-238.601673,3.780696,2.961468,0.074774,6.216973,0.038926,0.015797
2.078323,-1.227448,-421.267480,6.142834,6.837902,15.483200,-239.091918,3.954531,3.049900,0.091472,6.218517,0.039943,0.016491
2.078849,-3.779886,-420.848157,6.258663,6.834392,16.491334,-239.247495,3.800034,3.176893,0.111165,6.214364,0.040085,0.015834
2.079376,-6.884710,-420.938038,6.258453,6.716278,17.711204,-239.748400,3.471586,3.288050,0.134922,6.209445,0.039173,0.014437
2.079902,-9.590302,-420.225274,6.229284,6.668299,17.548924,-239.802270,3.846149,3.190130,0.149301,6.210135,0.040134,0.015983
2.080428,-13.077091,-419.651121,6.140618,6.770795,18.152470,-239.029799,3.691335,3.043399,0.171208,6.207389,0.039129,0.015385
2.080954,-15.614659,-419.296962,6.268500,6.758044,18.267655,-239.931436,3.547843,3.378460,0.186701,6.207195,0.039528,0.014740
2.081480,-18.334958,-418.573642,6.452335,6.610723,17.577812,-240.413649,3.646339,3.558321,0.198910,6.210200,0.040800,0.015125
2.082006,-21.380816,-417.926203,6.217929,6.786379,18.890712,-240.070260,3.894178,3.312219,0.222673,6.204659,0.040291,0.016157
2.082532,-23.495023,-417.258700,6.406581,6.662167,18.494088,-239.986862,4.284413,3.221465,0.232577,6.206274,0.042218,0.017777
2.083059,-25.987356,-416.726524,6.247704,6.495341,18.563291,-240.365619,4.107227,3.545448,0.247434,6.206109,0.041079,0.017024
2.083585,-28.330901,-415.904643,6.125329,6.711290,18.685498,-239.889006,4.073641,3.478263,0.261021,6.205450,0.040453,0.016916
2.084111,-31.260760,-415.107620,6.313709,6.556938,18.788312,-240.088414,4.116630,3.565027,0.278530,6.205089,0.041375,0.017081
2.084637,-33.160874,-414.844698,6.371209,6.879136,18.808561,-240.120405,4.123940,3.552563,0.289104,6.205015,0.041703,0.017109
2.085163,-35.373438,-413.696551,6.268476,6.762405,18.698093,-240.060065,4.180091,3.556831,0.301888,6.205453,0.041481,0.017346
2.085689,-37.614114,-413.173305,6.263559,6.634469,18.610733,-239.933281,4.239034,3.463599,0.313824,6.205774,0.041484,0.017597
2.086216,-39.701890,-412.526053,6.280513,6.649667,18.577904,-239.854674,4.263935,3.319505,0.325513,6.205885,0.041566,0.017703
2.086742,-41.733898,-412.142946,6.338542,6.576677,18.679947,-240.390686,4.083517,3.495237,0.338233,6.205635,0.041358,0.016922
2.087268,-42.630786,-411.490590,6.473019,6.562455,18.446723,-240.237077,4.239552,3.452015,0.342586,6.206550,0.042361,0.017578
2.087794,-44.307918,-411.101108,6.294256,6.676262,18.389154,-240.223708,4.252055,3.469093,0.351662,6.206784,0.041685,0.017632
2.088320,-46.146077,-411.024822,6.356629,6.763617,17.333126,-240.294479,3.783647,3.529663,0.355971,6.211177,0.040769,0.015700
2.088846,-47.819142,-410.701602,6.371433,6.641202,17.635993,-239.536820,3.680780,2.577252,0.365251,6.209693,0.039992,0.015304
2.089373,-49.030581,-410.364230,6.517971,6.591579,17.152329,-240.042161,4.018889,2.945919,0.370619,6.211851,0.041600,0.016680
2.089899,-50.184211,-410.267963,6.299581,6.628106,16.075670,-240.561637,3.954911,3.432169,0.372237,6.216459,0.040847,0.016395
2.090425,-51.799225,-410.196736,6.326981,6.688715,15.578978,-240.225082,3.540215,3.270107,0.377406,6.218424,0.039799,0.014702
2.090951,-52.355481,-409.852730,6.346066,6.796252,15.066336,-240.471244,3.886444,3.232226,0.378822,6.220614,0.040882,0.016120
2.091477,-53.788635,-410.040555,6.404925,6.887192,14.369280,-240.666837,4.323183,3.115688,0.382583,6.223550,0.042198,0.017916
2.092003,-54.277011,-409.687624,6.343831,6.673514,13.197482,-239.828603,3.880656,2.559948,0.378123,6.228212,0.040477,0.016143
2.092529,-55.617909,-410.179792,6.336316,6.854045,13.239960,-239.836532,3.869973,2.573998,0.384148,6.228037,0.040331,0.016098
2.093056,-55.787522,-410.151204,6.343646,6.841483,12.266729,-240.992272,4.173534,3.176703,0.382496,6.232328,0.041607,0.017286
2.093582,-56.364199,-410.174015,6.305447,6.863229,11.376268,-239.985626,3.899700,2.664424,0.378809,6.235817,0.040436,0.016222
2.094108,-56.926234,-410.352742,6.627064,6.880344,11.352402,-240.088847,3.858757,2.714462,0.381382,6.235936,0.041601,0.016045
2.094634,-57.918166,-410.557914,6.383672,6.886529,9.029113,-240.832907,3.863256,3.014796,0.375709,6.245712,0.040938,0.016026
2.095160,-57.993299,-410.618637,6.346994,6.732206,9.033852,-240.039072,4.158429,2.633340,0.374403,6.245568,0.041145,0.017304
2.095686,-58.150775,-410.983629,6.403313,6.731698,7.003644,-240.369188,4.000014,2.815333,0.364790,6.254057,0.041166,0.016631
2.096213,-58.141750,-411.331611,6.478033,6.668222,6.772511,-240.790361,3.999387,3.023449,0.363703,6.255067,0.041522,0.016600
2.096739,-58.275509,-411.528633,6.510047,6.777537,5.238081,-239.866936,3.900138,2.533360,0.354374,6.261351,0.041234,0.016253
2.097265,-58.165867,-411.826407,6.527122,6.890558,4.451897,-240.483814,4.294328,2.653411,0.350375,6.264675,0.042558,0.017852
2.097791,-58.113916,-412.202699,6.365012,6.820455,3.012818,-240.523406,3.958284,2.867733,0.342056,6.270660,0.041071,0.016455
2.098317,-58.192589,-412.908753,6.346948,6.772381,1.926075,-240.234412,4.073947,2.548280,0.335037,6.275168,0.041071,0.016957
2.098843,-58.019479,-413.383682,6.396190,6.776100,1.781305,-239.873493,3.625998,2.517642,0.331903,6.275759,0.039991,0.015116
2.099370,-57.613786,-413.922087,6.350791,6.681684,-0.926268,-240.148838,3.926602,2.632455,0.315331,6.287042,0.040702,0.016351
2.099896,-57.033269,-414.341153,6.395609,6.812205,-0.150066,-239.758515,3.577691,2.570498,0.314977,6.283811,0.039886,0.014922
2.100422,-56.067525,-415.128373,6.331983,6.771674,-2.570469,-239.927393,3.792078,2.541162,0.296355,6.293898,0.040222,0.015804
2.100948,-55.673102,-415.911449,6.354977,6.773356,-4.111489,-239.445912,3.673804,2.133527,0.284277,6.300354,0.039827,0.015339
2.101474,-54.441752,-416.177774,6.523108,6.770685,-4.947334,-240.089020,4.243513,2.585033,0.274007,6.303789,0.042337,0.017669
2.102000,-53.805994,-417.293989,6.274064,6.836574,-6.792879,-240.277890,3.807606,2.681262,0.259594,6.311449,0.040072,0.015837
2.102526,-52.859438,-417.691054,6.454746,6.731516,-8.592182,-240.596203,3.720921,2.689011,0.244944,6.318882,0.040750,0.015451
2.103053,-51.683401,-417.854602,6.373208,6.712564,-9.372375,-240.586247,4.117018,3.098969,0.234300,6.322122,0.041575,0.017094
2.103579,-50.842058,-418.430528,6.173345,7.036019,-10.802833,-240.440074,3.806764,2.945278,0.221268,6.328085,0.039856,0.015810
2.104105,-49.333985,-418.972024,6.171795,6.836177,-12.015206,-241.279068,3.922342,3.211647,0.207010,6.332942,0.040332,0.016230
2.104631,-48.010326,-419.261988,6.467639,6.596341,-12.809370,-240.354399,3.857593,2.956697,0.194273,6.336429,0.041240,0.016017
2.105157,-46.769484,-419.858983,6.430283,6.751062,-14.963329,-240.347631,3.983157,2.885257,0.175362,6.345362,0.041454,0.016525
2.105683,-45.384337,-420.372590,6.227065,6.847396,-16.435035,-240.582682,3.709970,3.226742,0.159647,6.351393,0.039849,0.015376
2.106210,-43.856314,-420.547514,6.417100,6.864814,-16.832215,-240.483558,3.746492,3.252921,0.148969,6.353065,0.040830,0.015532
2.106736,-42.553268,-420.667188,6.334586,6.854342,-18.754375,-240.303002,3.801706,3.157163,0.131191,6.361072,0.040624,0.015758
2.107262,-40.746801,-420.928999,6.328486,6.791194,-20.220150,-240.953296,4.013989,3.196600,0.113562,6.366906,0.041372,0.016579
2.107788,-39.394678,-421.607900,6.278711,6.850137,-20.743920,-239.288396,3.838391,2.617354,0.101942,6.369659,0.040152,0.015949
2.108314,-37.775844,-421.310434,6.414859,6.609619,-22.572994,-240.485713,3.937713,3.141138,0.083878,6.376775,0.041472,0.016276
2.108840,-35.991486,-421.319872,6.452890,6.718748,-23.753874,-239.876788,4.176834,2.996044,0.067344,6.381889,0.042260,0.017287
2.109367,-34.534956,-421.706848,6.352047,6.928864,-24.101093,-239.257908,3.552412,2.889625,0.057126,6.383579,0.039829,0.014748
2.109893,-32.965878,-421.485098,6.197542,6.802120,-26.486264,-239.013486,3.622887,2.523276,0.035495,6.393550,0.039318,0.015018
2.110419,-30.976642,-421.679244,6.159874,6.975507,-26.859248,-239.154760,3.867957,2.654332,0.022554,6.395026,0.039840,0.016019
2.110945,-29.490596,-421.300592,6.200294,7.044167,-28.008543,-239.236424,3.944768,2.700590,0.008140,6.399730,0.040363,0.016318
2.111471,-27.953681,-421.158409,6.405506,6.850748,-28.558583,-238.895976,3.671826,2.523584,-0.003319,6.402165,0.040509,0.015204
2.111997,-26.065474,-420.905377,6.397240,6.658723,-29.133766,-238.608119,3.536953,2.756795,-0.016830,6.404683,0.040093,0.014672
2.112523,-24.671817,-420.720837,6.086903,6.789980,-30.539706,-238.693760,3.658858,2.679745,-0.032225,6.410439,0.038997,0.015148
2.113050,-23.317764,-420.281117,6.377419,6.811393,-31.392247,-239.011833,3.933000,3.052772,-0.044515,6.413780,0.041293,0.016260
2.113576,-21.311542,-420.291130,6.159791,6.924875,-32.470723,-238.808943,3.605505,2.863821,-0.061412,6.418326,0.039262,0.014910
2.114102,-19.765687,-420.030245,6.402663,6.806170,-32.768023,-238.648089,3.539850,3.278796,-0.071562,6.419639,0.040239,0.014676
2.114628,-18.186448,-419.558968,6.438762,6.924378,-33.365180,-238.640851,3.967927,3.052199,-0.083702,6.422098,0.041658,0.016402
2.115154,-16.490275,-419.414205,6.389494,6.944264,-34.107486,-238.524273,3.879788,2.991948,-0.097086,6.425216,0.041134,0.016036
2.115680,-15.066323,-419.010027,6.203543,6.848735,-35.022899,-237.716588,3.738206,2.686744,-0.109637,6.429463,0.039718,0.015477
2.116207,-13.888242,-418.483345,6.433421,6.742652,-34.893119,-238.103655,3.727796,3.146099,-0.115926,6.428695,0.040945,0.015444
2.116733,-11.956895,-418.656240,6.368059,6.672490,-35.410174,-238.589732,3.633040,3.642356,-0.129519,6.430524,0.040400,0.015063
2.117259,-10.731582,-418.177680,6.492151,6.570622,-35.874322,-238.567708,3.827480,3.437961,-0.139081,6.432441,0.041542,0.015831
2.117785,-9.494842,-417.789437,6.470781,6.647417,-35.467376,-238.065841,3.928708,3.162485,-0.143520,6.431079,0.041664,0.016260
2.118311,-7.682442,-417.770008,6.367271,6.754374,-35.989876,-238.630380,3.641938,3.367742,-0.156723,6.432876,0.040474,0.015067
2.118837,-6.749526,-417.566634,6.281476,6.877729,-35.929115,-238.421305,3.671373,3.509895,-0.161464,6.432756,0.040151,0.015212
2.119364,-5.365869,-417.339046,6.314519,6.917323,-35.979960,-238.175090,3.791060,3.347009,-0.169237,6.433117,0.040572,0.015700
2.119890,-4.294134,-417.073443,6.399064,6.812085,-35.887473,-238.445671,3.694624,3.512152,-0.175057,6.432570,0.040780,0.015306
2.120416,-3.436573,-417.191590,6.416926,6.877739,-35.603428,-238.297907,3.853712,3.402462,-0.177909,6.431495,0.041214,0.015956
2.120942,-2.043346,-416.821368,6.335142,6.862500,-35.446945,-238.083520,3.881559,3.266439,-0.184755,6.430984,0.040892,0.016074
2.121468,-1.031957,-416.758614,6.220034,6.865071,-35.148335,-237.495737,3.521811,2.767205,-0.188066,6.430114,0.039220,0.014609
2.121994,-0.002165,-416.687562,6.356195,6.854416,-34.598282,-237.828056,3.467199,3.001560,-0.191067,6.427648,0.039793,0.014389
2.122520,0.923023,-417.235186,6.172211,6.963674,-33.847965,-237.576663,3.580329,3.259773,-0.191176,6.424705,0.039107,0.014894
2.123047,1.789614,-416.775363,6.426573,6.815368,-32.763118,-238.084572,3.366140,3.721466,-0.191009,6.419938,0.039966,0.014035
2.123573,2.530778,-417.244701,6.400778,6.893045,-32.354876,-238.468625,3.783176,3.296834,-0.192714,6.418040,0.040862,0.015686
2.124099,3.393928,-417.354050,6.394706,6.979618,-32.262870,-238.584448,3.575573,3.660208,-0.196873,6.417596,0.040312,0.014858
2.124625,4.299776,-417.277424,6.285046,6.881532,-31.171771,-238.758740,3.406362,3.057726,-0.196145,6.413009,0.039359,0.014124
2.125151,4.633696,-417.240950,6.314458,6.912607,-30.368046,-238.609724,3.522685,3.208045,-0.193493,6.409776,0.039804,0.014625
2.125677,5.590562,-417.542203,6.396972,6.944520,-29.121537,-238.989230,3.323146,3.467626,-0.192013,6.404440,0.039746,0.013812
2.126204,5.774538,-417.934742,6.348464,6.947206,-28.438813,-239.194524,3.434252,3.599388,-0.189126,6.401524,0.039784,0.014267
2.126730,6.216941,-417.920749,6.492289,6.694825,-27.455791,-239.553512,3.436222,3.291573,-0.186587,6.397300,0.040489,0.014243
2.127256,7.161866,-418.334049,6.451053,6.709004,-26.846154,-239.209470,3.453568,3.186888,-0.187624,6.394946,0.040155,0.014334
2.127782,7.720208,-418.426418,6.375298,6.681687,-25.383158,-239.712305,3.521799,3.685962,-0.183155,6.388682,0.040138,0.014618
2.128308,7.881681,-418.701436,6.423748,6.782579,-23.931207,-239.618774,3.529481,3.610754,-0.175810,6.382727,0.040358,0.014660
2.128834,8.515702,-419.026325,6.379200,6.983061,-22.871927,-239.074793,3.843301,2.887397,-0.172685,6.378564,0.040788,0.015971
2.129361,8.625076,-419.390134,6.429290,6.762125,-21.045993,-240.046279,3.591685,2.911637,-0.163957,6.370636,0.040513,0.014886
2.129887,8.965163,-420.061978,6.370620,7.101636,-20.292871,-239.657518,3.382472,3.185987,-0.160780,6.367658,0.039549,0.014058
2.130413,9.368864,-420.401879,6.312937,7.102992,-18.124980,-239.959356,3.561413,3.435116,-0.151206,6.358576,0.039794,0.014797
2.130939,9.656089,-420.736943,6.257564,6.977121,-16.506546,-240.415887,3.647364,3.710731,-0.144084,6.351736,0.039829,0.015137
2.131465,9.631553,-420.771387,6.258984,6.985727,-15.561962,-240.399252,3.813138,3.315739,-0.138777,6.347829,0.040286,0.015821
2.131991,9.586635,-420.993587,6.270381,6.978318,-13.828967,-239.305013,3.336312,2.466033,-0.128171,6.340909,0.038799,0.013908
2.132517,9.797761,-421.070139,6.398476,6.963178,-12.571223,-239.660687,3.583637,2.380427,-0.122687,6.335592,0.040124,0.014921
2.133044,9.794337,-421.351295,6.473658,6.925990,-10.756355,-240.466084,3.724089,2.710060,-0.113127,6.327887,0.041022,0.015464
2.133570,9.880068,-421.691284,6.474853,7.023377,-8.696313,-240.537294,3.642530,2.659914,-0.102188,6.319323,0.040801,0.015129
2.134096,9.776466,-421.689140,6.369362,6.769615,-7.052600,-240.791713,3.449862,2.768278,-0.092764,6.312466,0.039874,0.014319
2.134622,9.728172,-422.145755,6.390992,7.050099,-5.292395,-240.009227,3.607023,2.348944,-0.082283,6.305233,0.040159,0.015023
2.135148,9.845802,-422.271365,6.344936,6.983384,-3.267001,-240.718615,3.453030,2.834167,-0.072101,6.296756,0.039694,0.014343
2.135674,9.955332,-422.437279,6.349025,7.018331,-1.555183,-240.058894,3.401188,2.475799,-0.063030,6.289664,0.039420,0.014168
2.136201,9.759946,-422.805275,6.247829,6.933819,0.589200,-240.738615,3.185115,2.911657,-0.050328,6.280738,0.038477,0.013231
2.136727,9.663750,-422.816500,6.321156,6.909540,1.753307,-240.476150,3.619948,2.631592,-0.043356,6.275894,0.039913,0.015053
2.137253,9.651289,-422.720022,6.300309,6.972341,4.084981,-240.728836,3.195702,2.932168,-0.030576,6.266218,0.038802,0.013273
2.137779,9.448779,-422.582276,6.373157,6.950728,5.581996,-240.718490,3.543442,2.970369,-0.021259,6.260001,0.040087,0.014715
2.138305,9.185830,-422.600234,6.205717,6.941178,7.480592,-240.568760,3.572218,3.043483,-0.009368,6.252100,0.039335,0.014840
2.138831,9.054169,-422.415897,6.255453,7.013691,9.671617,-240.857987,3.552044,3.073321,0.003401,6.243052,0.039621,0.014733
2.139358,8.814498,-422.527920,6.411600,7.099483,11.819073,-240.691760,3.528549,3.032337,0.016522,6.234120,0.040242,0.014638
2.139884,8.764326,-422.227195,6.440278,6.878911,13.741816,-240.102302,3.520037,2.873926,0.027323,6.226015,0.040285,0.014629
2.140410,8.685613,-422.290092,6.398413,6.866995,15.181241,-240.286598,3.571692,2.668788,0.035674,6.220089,0.040237,0.014822
2.140936,8.946124,-422.116839,6.287019,6.801171,16.964840,-240.016584,3.798658,2.752725,0.044006,6.212621,0.040299,0.015769
2.141462,8.457566,-421.939453,6.360678,6.913967,18.801649,-239.432116,3.679347,2.558821,0.056617,6.204820,0.040198,0.015296
2.141988,8.832775,-421.775857,6.151524,6.922585,20.910433,-239.689300,3.584001,2.835709,0.066232,6.196166,0.039022,0.014875
2.142514,8.789732,-421.687429,6.155276,6.874871,22.879779,-239.976300,3.538870,2.930553,0.077386,6.188131,0.038969,0.014659
2.143041,8.807483,-421.348852,6.237657,6.746316,23.683848,-239.484774,3.550368,2.993838,0.081618,6.184611,0.039341,0.014732
2.143567,8.891911,-421.178460,6.208134,6.793686,25.891979,-239.753148,3.644387,3.123134,0.093430,6.175608,0.039520,0.015090
2.144093,9.041163,-420.961094,6.255217,6.908940,27.149348,-239.060923,3.759469,2.727278,0.099223,6.170103,0.039931,0.015578
2.144619,9.068426,-420.317061,6.232541,6.707777,28.848798,-239.128632,3.650634,2.904771,0.108740,6.163124,0.039635,0.015117
2.145145,9.364323,-419.861305,6.402729,6.814204,30.686814,-238.255019,3.324597,2.544182,0.116875,6.155092,0.039459,0.013793
2.145671,9.737297,-419.600727,6.384650,6.807270,31.425128,-238.584660,3.618049,2.845294,0.119243,6.152224,0.040256,0.014986
2.146198,10.355568,-419.408843,6.399748,6.841101,32.819969,-238.684278,3.663771,3.028744,0.123668,6.146539,0.040501,0.015162
2.146724,10.641961,-418.872682,6.313544,6.564724,35.027236,-238.400009,3.465612,2.895452,0.134306,6.137303,0.039545,0.014337
2.147250,11.018932,-418.465779,6.278335,6.558428,36.124992,-238.571488,3.694959,2.940271,0.138664,6.132905,0.040097,0.015250
2.147776,11.992130,-418.172603,6.084962,6.587539,36.915656,-237.127975,3.786820,2.323932,0.136805,6.128747,0.039199,0.015663
2.148302,12.472724,-418.162897,6.295564,6.732627,38.663018,-237.447305,3.741215,2.359513,0.143923,6.121774,0.040084,0.015430
2.148828,12.789981,-417.512463,6.161478,6.671681,39.995532,-237.203714,3.567046,3.216842,0.149754,6.116144,0.039079,0.014790
2.149355,13.618368,-417.331673,6.384219,6.678044,41.140919,-237.566951,3.655245,2.869018,0.151923,6.111710,0.040441,0.015076
2.149881,14.601243,-417.228112,6.226789,6.767936,41.366283,-236.473043,3.664559,2.526303,0.147005,6.110007,0.039540,0.015146
2.150407,15.067242,-417.079561,6.162027,6.786501,42.925199,-236.701388,3.797160,2.785515,0.153231,6.103787,0.039669,0.015668
2.150933,16.033085,-416.856473,6.380560,6.585620,43.082846,-236.486488,3.623812,2.832883,0.148859,6.102983,0.040212,0.014981
2.151459,16.930267,-416.592771,6.245632,6.590054,44.627340,-235.830243,3.425191,2.484887,0.152041,6.096162,0.038942,0.014153
2.151985,18.242094,-416.889799,6.211948,6.615799,45.052556,-236.265649,3.852789,2.667490,0.147356,6.094761,0.040010,0.015871
2.152511,18.838789,-416.337096,6.293780,6.556465,46.033659,-236.742960,3.743039,3.190929,0.150282,6.091136,0.040310,0.015442
2.153038,20.320132,-416.019170,6.196750,6.529075,47.000426,-236.051419,3.877056,2.779354,0.147178,6.086645,0.040153,0.015958
2.153564,21.281328,-416.091259,6.480583,6.649883,48.036172,-235.961203,3.244201,2.784628,0.147453,6.082353,0.039792,0.013402
2.154090,22.756913,-416.321450,6.297616,6.673824,47.597009,-236.625181,3.657327,3.073606,0.137363,6.084685,0.040152,0.015066
2.154616,24.275814,-416.185871,6.203257,6.753112,47.653156,-235.988359,3.690541,2.761566,0.129011,6.083935,0.039731,0.015197
2.155142,24.908141,-416.341375,6.127238,6.899403,48.250419,-236.511665,3.966841,2.975572,0.129080,6.081938,0.040272,0.016290
2.155668,26.525735,-416.297856,6.285071,6.735459,48.431466,-236.456155,4.058871,2.954150,0.121209,6.081157,0.041286,0.016656
2.156195,28.119146,-416.405951,6.445782,6.764841,48.728208,-236.273690,3.932508,2.894357,0.113915,6.079801,0.041632,0.016148
2.156721,29.231390,-416.689172,6.128610,6.831619,48.541423,-235.718567,3.779895,2.610785,0.106300,6.080095,0.039571,0.015538
2.157247,31.169991,-416.980676,6.093094,7.062291,48.829920,-236.235881,3.919771,2.902701,0.097397,6.079356,0.039915,0.016098
2.157773,32.770459,-416.990065,6.232153,6.780531,48.829920,-236.235881,3.919771,2.902701,0.088614,6.079356,0.040572,0.016098
2.158299,34.131800,-417.047958,6.530345,6.635856,48.687541,-236.693118,3.846935,3.156595,0.080532,6.080316,0.041880,0.015814
2.158825,35.980246,-417.297467,6.350029,6.750878,48.431147,-236.627530,4.021935,3.161882,0.068806,6.081301,0.041504,0.016523
2.159352,37.403701,-417.694665,6.120779,6.692532,47.606809,-236.523577,3.587633,3.146453,0.056258,6.084562,0.039104,0.014803
2.159878,39.232505,-417.856040,6.115973,6.744956,47.399731,-236.547729,3.522049,3.168908,0.045016,6.085423,0.038891,0.014545
2.160404,41.043404,-418.086638,6.084577,6.957447,46.927042,-236.752899,3.514386,3.087780,0.032435,6.087510,0.038733,0.014498
2.160930,42.912797,-417.953136,6.242059,6.682970,47.514030,-236.853157,3.593333,3.108735,0.025402,6.085208,0.039758,0.014802
2.161456,44.560797,-418.119772,6.135608,6.785116,47.404566,-236.174357,3.632799,2.775596,0.015629,6.085099,0.039185,0.014959
2.161982,46.539224,-418.679255,6.206611,6.889670,45.868216,-236.215744,3.669796,2.633895,-0.003677,6.091393,0.039517,0.015116
2.162508,48.376499,-418.721753,6.192583,6.917233,45.189853,-236.533336,3.558515,2.729329,-0.017489,6.094409,0.039197,0.014670
2.163035,50.153351,-418.618742,6.363768,6.842354,44.830682,-237.049144,3.600407,2.971499,-0.029306,6.096273,0.040253,0.014842
2.163561,52.273640,-418.727351,6.295420,6.938079,43.915447,-236.926662,3.746504,2.871028,-0.045942,6.099911,0.040256,0.015441
2.164087,53.483580,-418.615379,6.026388,6.957269,43.082114,-236.833367,3.467369,2.888065,-0.057157,6.103244,0.038196,0.014333
2.164613,55.278292,-418.433044,6.100770,6.968216,42.741506,-236.916163,3.496779,2.762542,-0.068957,6.104697,0.038660,0.014439
2.165139,57.238432,-418.425874,6.122423,6.960918,41.311636,-237.329638,3.532669,2.862155,-0.087721,6.110844,0.038902,0.014590
2.165665,59.221769,-418.288655,6.046704,7.013664,40.868470,-236.646133,3.520650,2.555366,-0.100699,6.112173,0.038352,0.014559
2.166192,61.100455,-418.110340,6.098218,6.855726,39.312649,-237.452527,3.590784,2.914387,-0.120023,6.119114,0.038921,0.014851
2.166718,63.176487,-417.783692,6.037051,6.916541,38.499253,-237.185241,3.574356,2.479159,-0.135800,6.122271,0.038524,0.014776
2.167244,64.755322,-417.336609,5.999836,6.801790,37.240858,-237.689219,3.607224,2.771723,-0.151977,6.127770,0.038565,0.014920
2.167770,66.742112,-417.087126,6.163384,6.744080,37.429763,-237.130859,3.068852,2.293483,-0.161468,6.126633,0.037797,0.012715
2.168296,68.601774,-416.763349,6.068444,6.957137,35.654046,-237.200785,3.102509,2.242887,-0.181470,6.133991,0.037424,0.012866
2.168822,69.820763,-416.444147,6.255761,6.749193,34.593348,-237.252435,3.533895,2.257506,-0.194115,6.138397,0.039329,0.014648
2.169349,71.349416,-415.884246,6.048961,6.818041,33.412873,-237.266245,3.186028,2.330420,-0.209279,6.143281,0.037530,0.013237
2.169875,72.757722,-415.502696,6.145121,6.847044,32.048617,-238.499411,3.603887,2.814924,-0.226060,6.149609,0.039302,0.014924
2.170401,74.870995,-414.842903,6.074336,6.699553,30.945628,-238.656796,3.013321,3.030081,-0.244331,6.154239,0.037535,0.012523
2.170927,76.033899,-414.391875,6.198411,6.814491,29.616762,-237.980257,3.195308,2.524144,-0.257287,6.159371,0.038335,0.013286
2.171453,77.391278,-413.884907,6.307619,6.673973,28.699219,-239.040967,3.386974,2.991875,-0.271607,6.163697,0.039508,0.014046
2.171979,78.702454,-413.421601,6.190102,6.710669,27.542843,-239.252206,3.126149,3.304321,-0.285699,6.168569,0.038449,0.012991
2.172505,79.739835,-412.755960,6.317469,6.541208,26.629107,-239.179242,3.576574,2.825969,-0.296933,6.172307,0.039931,0.014827
2.173032,80.970413,-411.772620,6.125957,6.638544,25.416907,-238.646428,3.194208,2.658986,-0.310505,6.177081,0.038124,0.013286
2.173558,81.860512,-411.408246,6.386173,6.648527,24.564210,-239.472137,3.560553,2.665255,-0.321668,6.180966,0.040263,0.014757
2.174084,82.974297,-410.851499,6.154574,6.591126,22.732076,-239.086322,3.632969,2.421436,-0.337320,6.188391,0.039189,0.015089
2.174610,83.798420,-410.092089,6.527047,6.689741,22.324776,-239.125253,3.594865,2.333253,-0.345170,6.190095,0.040788,0.014931
2.175136,84.965417,-409.699653,6.639880,6.685913,20.781299,-238.804161,3.617443,2.332572,-0.359275,6.196382,0.041104,0.015058
2.175662,85.781909,-409.169347,6.310257,6.842311,20.185437,-239.082677,3.660920,2.345301,-0.368088,6.198956,0.039975,0.015226
2.176189,86.224075,-408.408161,6.398035,6.590680,18.517458,-239.033783,3.566991,2.445687,-0.380287,6.205872,0.039940,0.014854
2.176715,86.619754,-408.056137,6.541856,6.327701,17.934807,-239.292031,3.334652,2.417644,-0.386516,6.208376,0.039870,0.013878
2.177241,87.407536,-407.638808,6.548563,6.537304,16.520208,-239.435424,3.730489,2.222893,-0.398850,6.214298,0.040786,0.015520
2.177767,87.546024,-407.197616,6.457064,6.541372,16.043864,-240.050777,3.451926,3.213597,-0.404223,6.216449,0.040246,0.014344
2.178293,88.087457,-406.715305,6.364776,6.650359,14.990833,-239.909699,3.123012,2.742724,-0.413010,6.220781,0.039022,0.012986
2.178819,88.059149,-406.038914,6.375195,6.642647,14.388860,-239.493576,3.589733,2.347473,-0.416469,6.223177,0.039935,0.014946
2.179346,88.328748,-406.067667,6.650472,6.406982,13.282257,-239.536062,3.186252,2.239377,-0.423389,6.227792,0.039847,0.013271
2.179872,88.337012,-405.895720,6.606671,6.471821,12.379050,-240.266586,3.558958,2.516264,-0.429985,6.231709,0.040666,0.014783
2.180398,88.075228,-405.703096,6.393947,6.579176,11.912477,-240.250706,3.681545,2.562093,-0.431411,6.233642,0.040208,0.015295
2.180924,87.902221,-405.612803,6.451051,6.603369,10.276908,-240.212662,3.658547,2.731213,-0.438802,6.240429,0.040327,0.015210
2.181450,87.902221,-405.612803,6.451051,6.603369,9.970500,-240.649878,3.502111,2.867696,-0.441341,6.241777,0.040093,0.014536
2.181976,87.691904,-405.305962,6.479474,6.545601,9.617365,-240.155809,3.342629,2.676372,-0.441610,6.243160,0.039695,0.013903
2.182502,87.413997,-405.439137,6.353568,6.488490,8.174257,-240.689956,3.546871,2.852818,-0.448310,6.249237,0.039611,0.014725
2.183029,87.167426,-405.195982,6.385572,6.605725,8.023992,-240.657634,3.536125,2.862525,-0.448335,6.249856,0.039876,0.014683
2.183555,86.374362,-405.056523,6.518720,6.467789,7.758313,-240.062287,3.381883,2.410994,-0.444653,6.250879,0.039746,0.014077
2.184081,85.526044,-405.312917,6.375834,6.556192,6.411181,-240.131665,3.689757,2.572908,-0.446673,6.256493,0.039897,0.015357
2.184607,85.131357,-405.452559,6.348863,6.546523,6.482943,-240.416390,3.403692,2.639810,-0.444714,6.256226,0.039258,0.014150
2.185133,83.786789,-405.786427,6.454045,6.485768,6.213834,-240.831919,3.477983,2.818906,-0.439581,6.257389,0.039966,0.014435
2.185659,82.525930,-406.032290,6.064768,6.774536,5.913695,-240.780727,3.500189,2.826388,-0.434114,6.258630,0.038778,0.014531
2.186186,81.509830,-406.420106,6.234420,6.696567,5.563549,-241.623374,3.084925,3.405695,-0.431839,6.260164,0.038889,0.012765
2.186712,80.243174,-407.020760,6.382656,6.537949,5.586580,-240.819425,3.732104,2.818135,-0.422183,6.259991,0.040332,0.015492
2.187238,78.905539,-407.081554,6.283758,6.829996,5.270406,-240.886381,3.900288,2.758713,-0.417071,6.261310,0.040659,0.016186
2.187764,77.485316,-407.686600,6.331228,6.554842,5.166757,-241.084256,3.825103,2.987786,-0.409535,6.261757,0.040561,0.015861
2.188290,75.837501,-408.164437,6.347321,6.591752,4.771792,-241.506873,3.496133,3.514856,-0.403071,6.263429,0.040189,0.014474
2.188816,74.464268,-408.790562,6.078987,6.690674,4.871905,-241.438218,3.449122,3.218565,-0.394089,6.263009,0.038926,0.014282
2.189342,72.453181,-409.404111,6.360148,6.587436,4.304201,-240.991121,3.415908,2.898321,-0.384512,6.265327,0.039720,0.014172
2.189869,70.916380,-410.100257,6.692214,6.604693,4.428738,-240.948813,3.378746,3.054968,-0.374514,6.264807,0.041088,0.014020
2.190395,69.238653,-410.721914,6.322376,6.867535,3.966235,-241.074397,3.470566,3.036717,-0.367294,6.266734,0.039892,0.014394
2.190921,67.275933,-411.471018,6.245997,6.598032,3.966235,-241.074397,3.470566,3.036717,-0.355737,6.266734,0.039388,0.014394
2.191447,65.313437,-412.424028,6.219460,6.831044,4.233720,-240.938632,3.437004,3.033651,-0.342170,6.265615,0.039269,0.014262
2.191973,63.082728,-412.982023,6.025604,6.825215,4.201208,-240.929813,3.378807,2.946929,-0.329737,6.265750,0.038303,0.014021
2.192499,60.951044,-413.972574,6.138096,6.861991,4.626683,-239.796126,3.456107,2.322485,-0.312762,6.263893,0.038586,0.014409
2.193026,58.293909,-414.769997,6.228053,6.713520,5.020322,-240.740009,3.006594,3.049415,-0.297059,6.262335,0.038221,0.012486
2.193552,56.118754,-415.540797,6.393517,6.613032,5.216225,-240.780216,2.831553,3.314994,-0.283429,6.261525,0.038594,0.011758
2.194078,53.955699,-416.410378,6.179551,6.897706,5.340989,-240.493896,2.954030,2.773410,-0.269622,6.260981,0.037765,0.012280
2.194604,51.398780,-417.276461,6.321473,6.835278,6.177266,-241.364451,3.209326,3.170939,-0.251621,6.257598,0.039189,0.013292
2.195130,48.676016,-417.555038,6.159387,6.523005,6.231130,-241.427381,3.199526,3.236567,-0.236480,6.257381,0.038417,0.013248
2.195656,46.224387,-418.459007,6.413133,6.771651,6.805509,-241.468409,3.575256,3.158451,-0.219141,6.255009,0.040527,0.014799
2.196183,43.016296,-419.277080,6.108470,6.720514,6.918256,-240.731711,3.259100,2.806602,-0.199489,6.254455,0.038088,0.013531
2.196709,40.744784,-419.336212,6.106634,6.660333,7.406566,-240.492711,2.964985,3.026772,-0.184295,6.252398,0.037415,0.012323
2.197235,38.007971,-420.206156,6.343339,6.867855,7.299779,-241.100387,3.347925,3.099756,-0.169802,6.252918,0.039529,0.013879
2.197761,34.979286,-420.898306,6.193719,6.893823,7.710972,-240.638513,3.099367,2.864230,-0.150134,6.251152,0.038058,0.012872
2.198287,32.680784,-421.301472,6.043418,7.064939,8.022056,-239.677289,3.020080,2.211956,-0.134943,6.249728,0.036927,0.012590
2.198813,29.253252,-421.686763,6.148291,7.067172,8.936293,-240.982931,3.448074,3.010118,-0.111962,6.246120,0.038811,0.014296
2.199339,26.446486,-421.940706,6.121674,6.840557,9.529772,-241.455452,3.868060,3.057474,-0.093456,6.243738,0.039959,0.016003
2.199866,23.308867,-422.280342,5.992612,7.054867,10.850354,-241.185830,3.396257,3.149157,-0.068687,6.238228,0.037969,0.014065
2.200392,20.188480,-422.439851,6.325846,6.973467,11.135600,-241.016531,3.367288,3.238655,-0.049858,6.237016,0.039458,0.013955
2.200918,17.595644,-422.528381,5.787130,6.807155,11.531073,-240.727187,3.609406,3.087354,-0.033346,6.235321,0.037499,0.014972
2.201444,14.745073,-422.920711,6.030997,6.819389,11.614331,-241.212850,3.492969,3.088588,-0.017228,6.235073,0.038351,0.014460
2.201970,11.714354,-422.372228,6.267802,6.779260,11.179515,-239.925446,3.653158,2.252577,-0.002931,6.236623,0.039763,0.015200
2.202496,8.665567,-422.379175,6.193405,6.929378,12.349965,-240.519588,3.940142,2.635404,0.020257,6.231883,0.040355,0.016348
2.203023,5.283090,-422.165948,6.092467,6.878655,12.813871,-240.967509,3.783428,2.918979,0.041537,6.230059,0.039548,0.015670
2.203549,2.844592,-421.818281,6.161294,6.657346,13.075488,-241.210048,3.691684,3.074421,0.056586,6.229030,0.039708,0.015276
2.204075,-0.231348,-421.879212,6.313921,6.671326,13.245733,-241.426151,3.649459,3.140564,0.074546,6.228376,0.040304,0.015088
2.204601,-2.996296,-421.529460,6.131256,6.824310,13.883761,-241.661880,3.840412,3.227781,0.093573,6.225797,0.040062,0.015858
2.205127,-5.634356,-420.999823,6.146249,6.551250,14.140894,-241.247440,4.026928,3.111084,0.109573,6.224637,0.040627,0.016652
2.205653,-8.778199,-420.416507,6.072864,6.731935,14.764785,-241.078164,3.741496,3.109165,0.130530,6.222017,0.039462,0.015482
2.206180,-11.287929,-420.313564,6.190545,6.577760,14.250122,-240.660459,3.550549,3.052770,0.141206,6.224042,0.039341,0.014721
2.206706,-13.965436,-419.701940,6.167031,6.523942,15.236138,-240.223458,3.799438,3.006199,0.161289,6.219845,0.039826,0.015773
2.207232,-16.613916,-419.231515,5.929327,6.604955,15.202170,-240.342016,3.797393,3.022039,0.176013,6.220017,0.038790,0.015757
2.207758,-19.049862,-418.766940,6.243261,6.695617,15.337165,-240.695380,3.683429,3.092010,0.190760,6.219551,0.039994,0.015263
2.208284,-21.375789,-418.478741,6.212084,6.752023,15.322568,-240.241617,3.740155,2.794399,0.203059,6.219492,0.039859,0.015523
2.208810,-23.836984,-417.312451,6.185762,6.742372,15.409712,-240.218906,3.779133,2.788820,0.218091,6.219124,0.039975,0.015685
2.209336,-25.995363,-417.452251,6.158674,6.744913,15.301733,-240.368050,3.778538,2.872188,0.229111,6.219611,0.039766,0.015675
2.209863,-28.426373,-416.821946,6.117245,6.687910,14.979141,-240.806086,3.802807,3.246334,0.241776,6.221061,0.039806,0.015753
2.210389,-30.518097,-416.206528,6.366353,6.864109,15.496776,-241.077136,4.016223,3.233888,0.256940,6.218992,0.041592,0.016613
2.210915,-32.335372,-415.852995,6.147929,6.638478,15.451455,-241.093277,4.044070,3.230038,0.266918,6.219184,0.040626,0.016727
2.211441,-34.430701,-415.408389,6.167538,6.626472,15.496776,-241.077136,4.016223,3.233888,0.278928,6.218992,0.040592,0.016613
2.211967,-36.141389,-414.874662,6.245986,6.657160,15.514469,-240.782705,4.122582,3.057647,0.288441,6.218841,0.041142,0.017070
2.212493,-37.981902,-414.730158,6.285626,6.810128,14.989473,-240.868815,3.914665,3.015595,0.295741,6.221035,0.040762,0.016208
2.213020,-39.969043,-414.499848,6.265811,6.874055,14.848651,-241.027784,3.784564,3.116624,0.306073,6.221658,0.040351,0.015663
2.213546,-41.530205,-413.791572,6.255408,6.776319,14.848651,-241.027784,3.784564,3.116624,0.315439,6.221658,0.040310,0.015663
2.214072,-43.011901,-413.892726,6.024380,6.771597,14.205680,-241.023074,4.155905,3.064075,0.319637,6.224314,0.040255,0.017199
2.214598,-44.590820,-413.250629,6.144809,6.779680,14.048121,-241.395264,4.111661,3.087537,0.328824,6.225055,0.040749,0.016992
2.215124,-45.870074,-413.351676,6.238858,6.739734,12.945786,-241.148037,3.757465,3.074642,0.329126,6.229553,0.040095,0.015552
2.215650,-47.624763,-412.822334,6.232379,6.737225,12.824094,-240.821948,3.852238,2.969415,0.337962,6.229984,0.040210,0.015964
2.216177,-48.275837,-413.002018,6.401382,6.711948,11.989538,-240.893154,4.139463,2.823485,0.336816,6.233455,0.041604,0.017151
2.216703,-49.516723,-412.706620,6.441868,6.728396,11.792633,-241.011572,4.212283,2.876499,0.342971,6.234295,0.041987,0.017446
2.217229,-50.264774,-412.874536,6.355032,6.842160,11.166094,-241.101919,3.678878,2.934709,0.343455,6.236906,0.040316,0.015236
2.217755,-51.469611,-412.632767,6.259383,6.676695,10.673369,-240.589376,4.068844,2.676560,0.346622,6.238851,0.040644,0.016886
2.218281,-52.084365,-412.504109,6.339298,6.820416,9.764727,-240.876912,4.107787,2.833408,0.345882,6.242669,0.041302,0.017032
2.218807,-52.135150,-412.293672,6.390978,6.813179,9.066221,-241.472129,3.700983,3.242025,0.344029,6.245657,0.040802,0.015313
2.219333,-53.589600,-412.147879,6.238148,6.914872,7.968442,-240.944927,3.890740,2.965931,0.345168,6.250126,0.040520,0.016135
2.219860,-53.848433,-412.490103,6.317608,7.111868,7.665995,-241.749946,4.014603,3.341598,0.345804,6.251485,0.041486,0.016596
2.220386,-53.871289,-412.460433,6.343649,7.058963,6.718423,-240.819006,3.844766,2.911751,0.339346,6.255294,0.040887,0.015957
2.220912,-54.177719,-412.423091,6.389020,6.890762,5.598633,-240.796107,3.970639,2.808080,0.335153,6.259939,0.041343,0.016483
2.221438,-54.762760,-412.938242,6.372365,6.667052,4.946449,-241.251033,3.757465,3.074642,0.334695,6.262685,0.040664,0.015571
2.221964,-55.048074,-413.275276,6.445024,6.691712,3.914355,-240.109658,3.410733,2.499084,0.328184,6.266884,0.039778,0.014202
2.222490,-55.531614,-413.409117,6.473670,6.604410,2.762374,-240.924256,3.847783,2.964983,0.325914,6.271720,0.041201,0.015969
2.223017,-55.747201,-413.541517,6.303098,6.731988,2.118444,-240.677157,4.080313,2.815447,0.323021,6.274384,0.041074,0.016952
2.223543,-55.351982,-413.914162,6.264279,6.716664,1.212789,-240.843029,3.778739,2.981434,0.315886,6.278150,0.040196,0.015689
2.224069,-55.083222,-414.065538,6.422821,6.743525,0.116931,-240.585627,3.918938,2.753157,0.308063,6.282699,0.041210,0.016289
2.224595,-54.991895,-414.524973,6.414649,6.827315,-1.064194,-240.488334,3.819426,2.839121,0.300482,6.287610,0.040941,0.015882
2.225121,-54.557005,-415.463361,6.492915,6.581774,-2.378462,-240.142358,3.972830,2.431126,0.289269,6.293089,0.041358,0.016542
2.225647,-53.940315,-416.266512,6.225079,6.790905,-3.140153,-240.263821,3.800814,2.460297,0.280996,6.296254,0.039786,0.015817
2.226174,-53.541738,-416.250921,6.302300,6.738728,-4.965504,-240.557035,3.722525,2.770624,0.269744,6.303824,0.040141,0.015470
2.226700,-52.924571,-416.796575,6.480136,6.770555,-5.687431,-240.658811,4.168029,2.671468,0.262017,6.306814,0.042098,0.017312
2.227226,-52.373416,-417.161798,6.481700,6.516739,-6.822276,-240.739092,3.810447,2.901119,0.252675,6.311517,0.041136,0.015819
2.227752,-51.676052,-417.682296,6.265507,6.539209,-7.678761,-240.639698,4.095737,2.963220,0.243578,6.315084,0.040937,0.017007
2.228278,-50.252478,-418.103922,6.240165,6.735326,-8.939690,-240.976899,3.723188,2.949492,0.229142,6.320266,0.039976,0.015436
2.228804,-49.507603,-418.545291,6.291172,6.941573,-10.510682,-241.020938,3.676009,2.868735,0.216236,6.326767,0.040146,0.015232
2.229330,-48.710375,-418.851007,6.136061,6.905658,-11.770094,-241.181610,3.683403,3.014332,0.204995,6.331948,0.039526,0.015248
2.229857,-47.592398,-419.458021,6.319000,6.590192,-12.658432,-241.230088,3.649035,3.128589,0.193553,6.335612,0.040177,0.015101
2.230383,-46.407230,-419.705245,6.366112,6.639416,-13.490638,-241.063372,3.466492,2.931250,0.182216,6.339090,0.039907,0.014351
2.230909,-45.334555,-420.134915,6.246513,6.696939,-14.735850,-240.868655,3.698208,2.804901,0.169059,6.344287,0.039917,0.015313
2.231435,-43.895019,-420.472535,6.454194,6.806212,-16.803347,-240.690984,3.684304,2.978742,0.149567,6.352885,0.040876,0.015257
2.231961,-43.051347,-420.962638,6.247551,6.815258,-17.290456,-240.217913,3.739939,2.753394,0.141573,6.355040,0.039890,0.015510
2.232487,-41.664858,-421.003075,6.328248,6.479017,-18.485496,-240.980016,3.695748,2.941065,0.128053,6.359745,0.040356,0.015275
2.233014,-40.132035,-421.148100,6.305837,6.485422,-19.316116,-240.463993,3.764854,3.113828,0.114700,6.363342,0.040369,0.015591
2.233540,-38.979506,-421.164294,6.255633,6.757657,-20.992362,-239.942832,3.734383,2.437220,0.098931,6.370452,0.040000,0.015471
2.234066,-37.415532,-421.551619,6.228205,6.657241,-21.080869,-239.920090,3.747189,2.545763,0.089692,6.370826,0.039851,0.015526
2.234592,-35.835274,-421.250805,6.393435,6.569164,-22.884182,-239.782702,3.633510,2.733168,0.071248,6.378334,0.040415,0.015055
2.235118,-34.370336,-421.411696,6.353275,6.677214,-23.558155,-239.951296,3.641472,2.905560,0.059514,6.381051,0.040283,0.015077
2.235644,-32.832722,-421.429700,6.196741,6.687565,-24.843936,-239.694432,3.766586,2.741993,0.043930,6.386465,0.039864,0.015591
2.236171,-31.318774,-421.585948,6.178414,6.819108,-25.331196,-239.413797,3.638729,2.863546,0.032856,6.388598,0.039340,0.015082
2.236697,-30.017266,-421.034390,6.324784,6.712479,-26.863933,-239.389462,3.644838,2.673644,0.017358,6.394936,0.040181,0.015087
2.237223,-28.573387,-421.121666,6.068203,6.926240,-27.478063,-239.452149,4.085487,2.796873,0.006029,6.397439,0.040267,0.016892
2.237749,-26.587047,-420.974946,6.111693,6.746945,-28.207151,-239.460180,3.991323,3.358180,-0.008925,6.400440,0.040213,0.016520
2.238275,-25.316506,-420.882841,6.068273,6.661611,-28.818904,-239.390597,3.733319,3.013265,-0.019295,6.402993,0.039249,0.015445
2.238801,-23.491184,-420.590958,6.151928,6.878608,-28.742232,-239.137788,3.502407,3.478598,-0.028931,6.402803,0.039000,0.014540
2.239327,-21.999422,-420.548312,6.328468,6.755264,-29.794727,-239.140849,3.677931,3.277184,-0.042945,6.407137,0.040314,0.015238
2.239854,-20.862709,-420.256371,6.065831,6.902400,-30.180879,-239.024016,3.695133,2.929519,-0.051370,6.408788,0.039145,0.015293
2.240380,-19.270822,-419.985854,6.182002,6.752039,-31.015862,-239.794025,3.629692,3.302499,-0.065089,6.411815,0.039708,0.014990
2.240906,-17.676762,-419.912115,6.437633,6.816568,-31.380585,-239.208903,3.600044,3.476832,-0.075691,6.413625,0.040710,0.014913
2.241432,-16.490395,-419.785579,5.908741,6.842981,-31.614656,-239.033094,3.823795,3.352736,-0.083479,6.414683,0.038825,0.015827
2.241958,-15.005324,-419.858133,6.096078,6.742908,-31.834036,-238.738999,3.813939,3.433319,-0.092649,6.415746,0.039550,0.015809
2.242484,-13.548892,-419.097869,6.284473,6.723496,-31.472298,-238.772961,3.698371,3.579367,-0.099070,6.414238,0.040257,0.015348
2.243011,-12.437883,-419.231018,6.270197,6.964045,-32.656543,-239.407228,3.667951,3.516134,-0.111966,6.418754,0.040182,0.015169
2.243537,-11.240440,-419.211768,6.129259,6.817902,-32.041674,-239.214655,3.949691,3.604673,-0.115054,6.416338,0.040273,0.016341
2.244063,-10.089579,-418.793816,6.299183,6.854530,-32.780811,-239.348641,3.698224,3.493338,-0.125785,6.419297,0.040419,0.015293
2.244589,-8.783986,-418.968358,6.085813,6.928370,-32.562573,-239.266237,3.716995,3.532710,-0.131558,6.418448,0.039404,0.015380
2.245115,-7.536048,-419.014634,6.365546,6.832937,-32.620004,-239.371485,3.709143,3.581425,-0.138735,6.418625,0.040654,0.015344
2.245641,-6.163615,-418.797291,6.264057,6.798895,-32.208358,-239.030713,3.543990,3.492484,-0.143880,6.417124,0.039674,0.014690
2.246168,-5.197250,-419.031086,6.162015,6.893699,-32.017585,-239.131005,3.760057,3.336028,-0.147995,6.416285,0.039741,0.015556
2.246694,-4.158441,-418.825986,6.420815,6.739813,-31.395903,-239.878618,3.800270,3.178568,-0.151050,6.413328,0.041219,0.015669
2.247220,-3.238137,-419.106109,6.165646,6.825767,-31.116621,-240.058258,3.465764,3.543461,-0.154464,6.412088,0.039117,0.014323
2.247746,-1.972575,-418.797841,6.397326,6.739511,-31.151306,-238.963316,3.321605,2.942095,-0.160851,6.412815,0.039586,0.013759
2.248272,-1.060146,-418.790471,6.177535,6.904125,-30.980958,-239.333675,3.327372,3.208337,-0.165210,6.411916,0.038659,0.013780
2.248798,-0.260537,-418.698272,6.345018,6.825563,-29.828968,-239.377657,3.780026,2.977271,-0.163421,6.407157,0.040647,0.015624
2.249324,0.663180,-419.130478,6.326748,6.991423,-29.669990,-239.866467,3.352427,3.210786,-0.167622,6.406254,0.039466,0.013862
2.249851,1.360262,-419.069808,6.317792,6.911164,-28.190803,-239.793792,3.237554,3.250413,-0.163367,6.400211,0.039152,0.013410
2.250377,2.112833,-418.796328,6.347661,6.739458,-27.119154,-239.694003,3.484677,3.089561,-0.161787,6.395847,0.039928,0.014426
2.250903,2.558325,-419.137559,6.422966,6.808396,-26.644884,-239.805480,3.440532,2.979214,-0.161427,6.393842,0.040123,0.014238
2.251429,3.235896,-419.357456,6.298784,6.916485,-25.927399,-239.266894,3.183406,2.910779,-0.160543,6.391126,0.038749,0.013215
2.251955,4.290505,-419.321902,6.299737,6.911053,-24.998090,-240.760767,3.680823,3.367450,-0.162578,6.386644,0.040381,0.015193
2.252481,4.490275,-419.402162,6.357553,6.968799,-23.769819,-240.088390,3.121404,3.438098,-0.156316,6.381868,0.039112,0.012951
2.253008,5.198171,-419.433990,6.373752,6.839263,-23.135006,-239.653053,3.655013,2.749310,-0.156313,6.379423,0.040373,0.015150
2.253534,5.768100,-419.960273,6.359524,6.977355,-22.159987,-239.632234,4.030702,2.603631,-0.153653,6.375398,0.041251,0.016707
2.254060,6.149874,-420.122300,6.413433,6.820905,-21.048257,-239.380710,3.543125,2.589484,-0.149360,6.370888,0.040084,0.014718
2.254586,6.447994,-419.856866,6.437351,6.818615,-19.103128,-239.554773,3.526894,2.432682,-0.140775,6.362761,0.040297,0.014652
2.255112,7.032741,-420.432341,6.105517,6.998497,-17.534056,-239.789252,3.471166,2.570651,-0.135167,6.356178,0.038569,0.014420
2.255638,7.350370,-420.714016,6.078018,7.031269,-16.891617,-239.583922,3.550494,2.544544,-0.133047,6.353573,0.038562,0.014765
2.256165,7.578471,-420.820598,6.218117,6.922947,-15.859466,-239.024092,3.146847,2.318551,-0.128217,6.349439,0.038050,0.013123
2.256691,7.950406,-420.798161,6.432687,6.892626,-13.638860,-239.277578,3.382183,2.667882,-0.118380,6.340124,0.039767,0.014103
2.257217,8.323312,-421.111794,6.489570,6.918692,-12.802805,-239.641243,3.472547,2.392954,-0.115895,6.336559,0.040284,0.014459
2.257743,8.440715,-421.324110,6.415010,7.046156,-11.082825,-239.980363,3.645312,2.355564,-0.107247,6.329335,0.040457,0.015164
2.258269,8.600274,-421.506645,6.406900,6.987617,-10.061285,-240.416435,3.751406,2.828505,-0.102689,6.325010,0.040789,0.015584
2.258795,8.600274,-421.506645,6.406900,6.987617,-8.006949,-239.948162,3.943692,2.265266,-0.091217,6.316542,0.041257,0.016420
2.259321,8.800125,-421.808378,6.399665,6.886666,-6.335156,-239.541964,3.072486,2.383122,-0.082849,6.309626,0.038822,0.012820
2.259848,9.255042,-421.977730,6.339725,6.849135,-4.964435,-239.730128,3.657345,2.200466,-0.077865,6.303891,0.040034,0.015251
2.260374,9.447509,-422.292031,6.354545,6.739781,-2.632905,-240.242785,3.525002,2.463442,-0.066261,6.294144,0.039827,0.014671
2.260900,9.446618,-422.461790,6.322770,6.883965,-1.106438,-239.764342,3.601423,2.269989,-0.057698,6.287800,0.039761,0.015020
2.261426,9.564526,-422.622448,6.271418,6.932436,0.424498,-240.138192,3.834291,2.610552,-0.050045,6.281418,0.040232,0.015967
2.261952,9.654115,-422.663354,6.330514,6.923785,1.511825,-240.213984,3.802594,2.311929,-0.044598,6.276892,0.040435,0.015830
2.262478,9.810149,-422.732225,6.243854,6.910759,3.621085,-241.077296,3.433837,2.954223,-0.034057,6.268166,0.039207,0.014242
2.263005,10.086770,-422.874124,6.408502,6.875988,5.487685,-240.791139,3.627662,2.732094,-0.025253,6.260399,0.040430,0.015060
2.263531,10.019701,-422.835791,6.390412,6.808321,7.230657,-240.943684,3.541309,3.017561,-0.015332,6.253185,0.040162,0.014689
2.264057,9.837365,-422.788498,6.431194,6.863812,8.936914,-241.205413,3.669541,3.002174,-0.004959,6.246151,0.040777,0.015199
2.264583,9.835938,-422.884959,6.453606,6.798616,10.147939,-240.327375,3.987265,2.500527,0.001709,6.240985,0.041554,0.016567
2.265109,9.971438,-422.776741,6.502072,6.763084,11.996110,-240.731151,3.851737,2.864345,0.011121,6.233395,0.041511,0.015971
2.265635,10.086303,-422.777745,6.386184,6.939756,13.496171,-240.545156,3.535552,2.830630,0.018709,6.227137,0.040050,0.014667
2.266162,10.297413,-422.499915,6.394072,6.974617,15.004376,-239.664280,3.590006,2.379338,0.025739,6.220661,0.040094,0.014934
2.266688,10.297413,-422.499915,6.394072,6.974617,16.827108,-239.341795,3.636798,2.445666,0.035636,6.212995,0.040137,0.015137
2.267214,10.345693,-422.257494,6.459060,6.922520,18.757948,-239.613259,3.672993,2.374463,0.046026,6.205060,0.040638,0.015255
2.267740,10.717661,-422.213745,6.141439,6.993052,20.590149,-239.553743,3.709985,2.294430,0.053996,6.197444,0.039227,0.015395
2.268266,10.867371,-421.888370,6.190336,7.128454,22.111981,-240.434223,3.777345,3.006878,0.061890,6.191476,0.039899,0.015620
2.268792,11.178809,-421.453621,6.204477,7.111362,23.062876,-239.617035,3.556331,2.878276,0.065263,6.187232,0.039258,0.014750
2.269318,11.175454,-421.190767,6.215269,7.053826,25.104158,-238.675125,3.534754,2.236670,0.076167,6.178389,0.039070,0.014680
2.269845,12.136097,-420.770056,6.394077,6.935227,27.012616,-238.626082,3.542383,2.419678,0.081494,6.170465,0.040000,0.014701
2.270371,12.271788,-420.496887,6.482773,6.877218,28.006215,-238.941548,3.906058,2.646386,0.086449,6.166508,0.041524,0.016177
2.270897,12.757705,-420.392646,6.271396,6.894720,29.043627,-239.107835,3.674572,3.023539,0.089596,6.162311,0.039946,0.015220
2.271423,12.994895,-420.488399,6.237776,6.873165,30.924824,-238.681962,3.569764,2.824943,0.098303,6.154338,0.039353,0.014786
2.271949,13.786805,-419.467440,6.381497,6.769096,31.343440,-238.777922,3.799505,2.948680,0.096861,6.152665,0.040909,0.015724
2.272475,14.226755,-419.496942,6.411822,6.792588,33.091267,-238.654928,3.722386,2.824165,0.103939,6.145406,0.040773,0.015388
2.273002,14.363625,-419.340628,6.428572,7.031302,33.753453,-238.172158,3.795829,2.723177,0.106621,6.142404,0.040979,0.015704
2.273528,15.399685,-418.988195,6.376588,6.626175,35.803581,-238.073545,3.556734,2.728951,0.112307,6.133915,0.040095,0.014706
2.274054,16.105045,-418.918805,6.466834,6.860899,36.731296,-237.903692,3.587121,2.653989,0.113458,6.129999,0.040588,0.014823
2.274580,17.025401,-418.518346,6.247284,6.910322,37.438503,-237.903359,3.801064,2.646782,0.112542,6.127097,0.040238,0.015685
2.275106,17.255153,-418.373038,6.378258,6.824394,39.221403,-237.569643,3.729783,2.764292,0.120900,6.119567,0.040566,0.015397
2.275632,18.609819,-418.324095,6.273662,6.706325,39.648723,-236.666468,3.653840,2.258756,0.115303,6.117197,0.039687,0.015098
2.276159,19.194383,-417.924232,6.401021,6.871738,40.765615,-236.860438,3.662254,2.671170,0.118577,6.112747,0.040443,0.015135
2.276685,20.171433,-417.959105,6.385492,7.020296,41.342195,-237.413667,3.778097,2.995923,0.116727,6.110778,0.040831,0.015592
2.277211,20.958538,-418.168084,6.210028,6.939161,41.946041,-237.630027,3.923531,3.081608,0.115730,6.108467,0.040434,0.016165
2.277737,22.095347,-417.825079,6.545982,6.810514,42.648492,-237.729602,3.820178,3.303077,0.113632,6.105674,0.041812,0.015755
2.278263,23.007986,-417.907752,6.233159,6.812082,43.565287,-236.757719,3.593769,3.026496,0.112999,6.101213,0.039483,0.014857
2.278789,24.535565,-418.227280,6.144698,6.813054,43.415159,-236.804100,4.036228,2.883530,0.103691,6.101861,0.040308,0.016631
2.279315,25.636606,-417.645042,6.415030,6.860610,44.473430,-237.583595,3.781854,3.194158,0.104234,6.098136,0.041140,0.015570
2.279842,26.803592,-417.872779,6.259141,6.756969,44.688089,-236.248484,4.165052,2.709391,0.098153,6.096237,0.041183,0.017149
2.280368,28.276028,-417.644644,6.489379,6.890352,44.689245,-237.379325,3.926016,3.377593,0.090800,6.097102,0.041905,0.016181
2.280894,29.767872,-417.620713,6.479665,6.936640,45.218459,-236.741085,3.579137,3.052868,0.085212,6.094455,0.040783,0.014779
2.281420,30.955008,-418.273575,6.199743,7.026538,44.881172,-236.976412,3.663553,3.285736,0.076663,6.096011,0.039623,0.015138
2.281946,32.294103,-418.161970,6.421918,6.897602,45.534633,-237.000031,3.538930,3.215899,0.072957,6.093369,0.040375,0.014618
2.282472,34.113407,-418.325583,6.151864,6.972976,45.490206,-236.866279,3.976012,2.923598,0.062614,6.093445,0.040293,0.016349
2.282999,34.905786,-418.269154,6.265634,7.062459,45.357588,-236.888386,3.829974,2.969016,0.057560,6.094003,0.040425,0.015767
2.283525,36.544311,-418.356184,6.192243,6.917768,45.501163,-237.446578,3.796126,3.346840,0.049470,6.093854,0.040105,0.015640
2.284051,38.015371,-418.518671,6.454253,6.868445,45.463348,-237.475447,3.778624,3.338781,0.041116,6.094030,0.041277,0.015567
2.284577,39.573033,-418.553686,6.322449,6.887884,45.325169,-237.443843,3.686732,3.360029,0.031750,6.094566,0.040393,0.015206
2.285103,41.163300,-418.207603,6.211946,6.845868,45.125023,-237.295217,3.781780,3.233244,0.021895,6.095265,0.040191,0.015583
2.285629,42.547859,-418.487406,6.379219,6.928618,45.435269,-236.966994,3.524933,3.137048,0.015905,6.093748,0.040147,0.014555
2.286156,44.175671,-418.385887,6.472459,6.911832,44.935374,-237.462056,3.634389,3.341749,0.004199,6.096165,0.041028,0.014998
2.286682,45.744469,-418.372514,6.397154,6.795965,44.197366,-237.025515,3.792239,3.050380,-0.008531,6.098836,0.041007,0.015635
2.287208,47.702151,-418.403095,6.446174,6.899969,44.895685,-236.111125,3.488876,2.616592,-0.015394,6.095282,0.040204,0.014405
2.287734,49.471904,-418.467828,6.290376,6.785125,43.160941,-236.309439,3.794895,2.684995,-0.034632,6.102531,0.040305,0.015670
2.288260,50.943442,-418.384295,6.296143,6.943526,42.842316,-237.282178,3.694128,3.137927,-0.044703,6.104556,0.040271,0.015253
2.288786,52.439584,-418.671325,6.352081,6.980304,41.050910,-236.984980,3.509678,2.859402,-0.062601,6.111666,0.039872,0.014521
2.289312,54.000232,-418.329467,6.387648,6.992364,41.979315,-236.438527,3.135194,2.524054,-0.065993,6.107468,0.039043,0.012986
2.289839,55.840339,-417.995621,6.439823,6.796532,40.394598,-236.871115,3.731325,2.601053,-0.085071,6.114276,0.040937,0.015415
2.290365,57.553356,-418.099939,6.361667,6.808400,40.239716,-237.130999,3.696154,2.686834,-0.095382,6.115093,0.040469,0.015266
2.290891,58.935042,-418.455520,6.294958,6.900549,39.891846,-236.753089,3.292783,2.635678,-0.104423,6.116258,0.038902,0.013647
2.291417,60.730092,-418.308920,6.097861,6.851506,38.933142,-236.843625,3.431067,2.424425,-0.119544,6.120259,0.038304,0.014200
2.291943,62.217094,-417.903809,6.306369,6.880569,37.838076,-236.597777,3.303636,2.550207,-0.133662,6.124602,0.038938,0.013718
2.292469,63.563379,-417.460328,6.334284,6.724741,36.625421,-237.022598,3.350619,2.519071,-0.148198,6.129875,0.039280,0.013899
2.292996,65.476577,-417.336742,6.388685,6.795167,36.167667,-237.599563,3.072478,2.750926,-0.161643,6.132124,0.038962,0.012755
2.293522,66.709935,-416.932369,6.449564,6.776419,35.524047,-238.336376,3.486346,2.937156,-0.172874,6.135225,0.040448,0.014422
2.294048,68.479655,-416.550702,6.224902,6.988361,34.730390,-238.344765,3.528517,2.905077,-0.187167,6.138489,0.039532,0.014600
2.294574,69.860809,-416.161043,6.273188,7.068400,33.303645,-238.636444,3.475049,3.046300,-0.203088,6.144523,0.039688,0.014390
2.295100,70.951352,-416.117400,6.333412,7.040728,32.691430,-239.038910,3.596725,3.183457,-0.212791,6.147267,0.040316,0.014878
2.295626,72.268891,-415.848995,6.355276,6.874729,31.268179,-239.308786,3.516411,3.167587,-0.228200,6.153261,0.040164,0.014547
2.296153,73.663116,-415.314904,6.405234,6.524781,30.769307,-239.010147,3.535530,3.033690,-0.238657,6.155153,0.040284,0.014640
2.296679,74.511834,-414.651512,6.368174,6.649903,28.860821,-238.789677,3.610697,2.662795,-0.253979,6.162906,0.040237,0.014962
2.297205,76.335054,-414.340387,6.213714,6.909397,28.712890,-238.741623,3.517074,2.560987,-0.264829,6.163493,0.039331,0.014577
2.297731,77.096448,-414.034608,6.595271,6.706262,27.193850,-238.727879,3.716629,2.456196,-0.277324,6.169763,0.041362,0.015413
2.298257,78.204032,-413.309566,6.422416,6.632712,26.659437,-238.415914,3.583796,2.397945,-0.286605,6.171829,0.040207,0.014888
2.298783,79.059232,-412.933608,6.431726,6.622567,25.252779,-238.844636,3.529386,2.456528,-0.299761,6.177848,0.040134,0.014653
2.299309,80.066713,-412.589514,6.361348,6.786333,24.496476,-238.783017,3.593320,2.564890,-0.309453,6.180954,0.040013,0.014932
2.299836,80.941687,-412.137206,6.490968,6.817068,24.488837,-239.034574,3.637725,2.443612,-0.315248,6.181093,0.040763,0.015096
2.300362,81.671012,-411.792321,6.522906,6.764815,22.936871,-238.865781,3.491783,2.581842,-0.327423,6.187455,0.040424,0.014521
2.300888,82.150322,-410.942835,6.352279,6.877997,22.102538,-239.301598,3.409344,2.406452,-0.336536,6.191084,0.039693,0.014157
2.301414,83.014094,-410.613265,6.392888,6.692107,20.941246,-239.218426,3.700279,2.437859,-0.347469,6.195868,0.040356,0.015376
2.301940,83.368655,-410.229961,6.436336,6.719396,19.759341,-239.607301,4.038478,2.422578,-0.356847,6.200906,0.041431,0.016761
2.302466,83.625097,-409.877248,6.526082,6.707563,19.065977,-239.405392,3.623890,2.444534,-0.362018,6.203714,0.040731,0.015063
2.302993,83.846344,-409.737749,6.482271,6.810281,18.442861,-239.603841,3.639788,2.315280,-0.367007,6.206364,0.040619,0.015119
2.303519,83.965761,-408.985191,6.464566,6.632363,17.386799,-239.119948,3.569380,2.282634,-0.373549,6.210601,0.040210,0.014865
2.304045,84.330408,-408.833463,6.593723,6.705564,16.247763,-239.459136,3.739553,2.292107,-0.382200,6.215437,0.041160,0.015559
2.304571,84.410643,-408.688577,6.597054,6.648847,15.648835,-239.256918,3.224244,2.457198,-0.385529,6.217872,0.039963,0.013435
2.305097,84.463400,-408.587503,6.515428,6.699214,15.349434,-239.378343,3.083423,2.455034,-0.387772,6.219151,0.039379,0.012845
2.305623,84.360188,-408.577781,6.597081,6.676215,14.237474,-239.270020,3.711317,2.613153,-0.392665,6.223752,0.040993,0.015470
2.306150,84.360188,-408.577781,6.597081,6.676215,13.728796,-240.168217,3.178166,3.074637,-0.397120,6.226084,0.040120,0.013210
2.306676,84.000627,-408.349769,6.401386,6.601548,12.892867,-239.905812,3.549292,2.415875,-0.399450,6.229496,0.039797,0.014762
2.307202,83.891611,-408.099798,6.468942,6.653443,12.165890,-239.445075,3.731623,2.575597,-0.402109,6.232420,0.040475,0.015554
2.307728,83.582760,-408.047336,6.429673,6.695796,11.582620,-239.569711,3.196360,2.163367,-0.403866,6.234875,0.039070,0.013318
2.308254,83.276363,-407.999173,6.443982,6.701523,10.769289,-239.608223,3.523925,2.589509,-0.406594,6.238270,0.039925,0.014685
2.308780,82.079794,-408.107439,6.440097,6.662465,11.284000,-240.676212,3.468076,3.014956,-0.400036,6.236335,0.040236,0.014390
2.309306,81.392405,-407.732885,6.487238,6.412016,11.022656,-241.094054,3.518165,3.479663,-0.399572,6.237498,0.040727,0.014577
2.309833,80.610628,-408.408153,6.494036,6.510707,9.489444,-241.250887,4.137226,3.198788,-0.402273,6.243871,0.042020,0.017130
2.310359,79.647598,-408.254266,6.374797,6.742886,10.208240,-240.824151,3.316966,3.280110,-0.393145,6.240822,0.039903,0.013761
2.310885,78.226394,-408.662230,6.347853,6.645093,8.409308,-240.329927,3.698201,2.634083,-0.393163,6.248209,0.040155,0.015374
2.311411,77.699098,-409.208556,6.404860,6.582651,8.407722,-240.254122,3.664079,2.707641,-0.389199,6.248204,0.040205,0.015237
2.311937,76.237778,-409.536822,6.230240,6.677444,8.380792,-240.459007,3.556667,2.915776,-0.381657,6.248346,0.039463,0.014779
2.312463,74.895330,-410.176734,6.462569,6.590165,7.623399,-241.026602,3.724382,3.160120,-0.378527,6.251567,0.040863,0.015442
2.312990,73.598314,-410.269936,6.408082,6.755002,7.906641,-241.261622,3.422243,3.257737,-0.370718,6.250425,0.040236,0.014176
2.313516,72.028982,-410.941158,6.383124,6.589340,8.218119,-240.722367,3.204467,3.223379,-0.358662,6.249059,0.039422,0.013304
2.314042,70.690192,-411.511699,6.505785,6.628916,7.775674,-240.123443,3.325635,2.811704,-0.351816,6.250815,0.039952,0.013840
2.314568,68.931550,-411.785648,6.303263,6.616841,7.512211,-240.833759,3.675092,3.567460,-0.344917,6.252003,0.040308,0.015252
2.315094,67.593555,-412.347416,6.342717,6.826919,7.212004,-241.251120,3.659732,3.290700,-0.339265,6.253300,0.040518,0.015162
2.315620,65.682628,-412.931049,6.390435,6.622257,7.156811,-241.279611,3.603580,3.335547,-0.328596,6.253532,0.040499,0.014928
2.316147,63.820884,-413.397634,6.360410,6.590672,7.989973,-240.426255,3.217934,3.562196,-0.312219,6.249965,0.039411,0.013379
2.316673,62.052065,-414.316317,6.221004,6.869429,8.054364,-240.583220,3.326228,3.196559,-0.301343,6.249719,0.039037,0.013817
2.317199,60.121980,-414.827318,6.291810,6.693485,8.094173,-240.394353,3.163665,3.112912,-0.289867,6.249528,0.038845,0.013153
2.317725,57.801955,-415.426484,6.283704,6.608190,7.978075,-240.370031,3.141698,3.422966,-0.277284,6.250007,0.038775,0.013064
2.318251,55.846073,-416.002883,6.362359,6.807407,7.954098,-240.210465,3.097516,3.537750,-0.265980,6.250084,0.039073,0.012890
2.318777,53.372705,-416.596778,5.996973,6.690708,8.079422,-240.599861,3.090847,3.561106,-0.251887,6.249618,0.037425,0.012842
2.319303,51.312057,-417.397065,6.178810,6.842529,8.022155,-240.398565,3.113462,3.419448,-0.239869,6.249827,0.038209,0.012946
2.319830,49.145372,-417.895008,6.014405,6.609795,8.513442,-240.568212,3.194319,3.837943,-0.225248,6.247811,0.037675,0.013274
2.320356,46.617736,-418.322984,6.073529,6.768519,8.431039,-240.946278,3.180202,3.516526,-0.212049,6.248208,0.037984,0.013193
2.320882,44.050603,-418.875581,6.136009,6.691534,8.698131,-240.431737,3.239073,3.575633,-0.195583,6.247024,0.038282,0.013465
2.321408,41.467303,-419.399866,6.327723,6.572932,8.809626,-240.659557,3.471065,3.590380,-0.180717,6.246595,0.039770,0.014414
2.321934,39.076615,-419.774609,6.039662,6.609379,8.889395,-240.557170,3.539983,3.497754,-0.166873,6.246249,0.038595,0.014705
2.322460,36.575992,-420.523095,6.047765,6.748975,9.216703,-240.873661,3.526040,3.296167,-0.151131,6.244940,0.038590,0.014626
2.322987,33.667089,-420.986929,6.184510,6.805722,9.376970,-240.468686,3.494616,3.339768,-0.133754,6.244210,0.039048,0.014521
2.323513,30.908517,-421.508671,6.164041,6.744045,9.388691,-240.695065,3.512382,3.170813,-0.118459,6.244198,0.038990,0.014580
2.324039,28.594718,-422.179316,6.061058,6.914675,9.592885,-240.361628,3.626472,3.580048,-0.104132,6.243296,0.038682,0.015075
2.324565,25.461132,-422.286485,6.019055,7.207494,10.310124,-240.923630,3.815306,3.649900,-0.083346,6.240417,0.039196,0.015820
2.325091,23.031337,-422.317461,6.035389,6.900790,10.505798,-241.049106,3.781311,3.604671,-0.068990,6.239629,0.039215,0.015671
2.325617,20.461002,-422.274471,6.074499,6.943932,11.369111,-240.913312,3.537716,3.228427,-0.050089,6.236029,0.038721,0.014666
2.326144,17.920880,-422.923941,5.950432,7.055980,11.504020,-240.760216,3.535525,3.107569,-0.035211,6.235440,0.037978,0.014664
2.326670,14.931595,-422.457462,6.112939,7.092039,11.948763,-240.950247,3.615333,3.499094,-0.016432,6.233636,0.039124,0.014985
2.327196,12.097074,-422.310792,6.331482,6.774337,11.504290,-241.969612,3.564016,3.551015,-0.003287,6.235677,0.040288,0.014712
2.327722,9.318906,-422.622326,6.112200,6.580187,11.930073,-241.532721,3.924847,3.292454,0.014418,6.233832,0.040108,0.016224
2.328248,6.771517,-422.531113,6.128154,6.574827,12.080588,-242.084467,3.834738,3.611166,0.029413,6.233324,0.040046,0.015819
2.328774,3.766578,-422.406522,5.838164,6.630934,13.299840,-241.561657,3.559238,3.472774,0.052666,6.228183,0.037767,0.014711
2.329300,1.043094,-422.345040,6.178768,6.649180,13.447276,-241.326873,3.563949,3.297737,0.068418,6.227521,0.039320,0.014742
2.329827,-1.190495,-421.969684,6.142490,6.656980,13.484570,-241.052491,3.539708,3.355981,0.080938,6.227303,0.039071,0.014659
2.330353,-3.779574,-421.642582,6.083489,6.809291,13.523071,-240.159064,3.697917,3.183222,0.095053,6.226936,0.039071,0.015367
2.330879,-6.718620,-421.174291,6.091393,6.641313,13.612336,-240.032980,3.750065,3.222345,0.111770,6.226536,0.039259,0.015592
2.331405,-8.959785,-420.764864,6.215368,6.698063,13.230968,-240.527736,3.791405,3.200344,0.122503,6.228233,0.040103,0.015732
2.331931,-11.542584,-420.619493,6.297847,6.650138,13.538978,-240.476698,3.749145,3.635988,0.138342,6.226944,0.040324,0.015564
2.332457,-13.781759,-420.470928,6.154899,6.565954,13.597832,-240.601177,3.746854,3.544855,0.151059,6.226729,0.039637,0.015545
2.332984,-16.306748,-419.642109,6.307358,6.658485,13.525178,-240.439511,3.702698,3.476870,0.164958,6.226993,0.040289,0.015373
2.333510,-18.833020,-419.429645,6.142986,6.695182,13.527176,-240.580221,3.692932,3.198734,0.178999,6.227017,0.039480,0.015320
2.334036,-20.902691,-419.088535,6.193128,6.613794,13.519939,-240.761651,3.638939,3.293723,0.190686,6.227089,0.039592,0.015086
2.334562,-22.969483,-418.230162,6.096487,6.780529,13.600222,-240.135888,3.676255,3.480741,0.202524,6.226610,0.039273,0.015282
2.335088,-25.299619,-418.272800,6.199648,6.776183,13.467841,-240.517547,3.702644,3.222279,0.214732,6.227248,0.039763,0.015365
2.335614,-27.144482,-417.809637,6.242457,6.821999,13.371123,-240.669226,3.706061,3.306426,0.224853,6.227684,0.040041,0.015370
2.336141,-28.935860,-417.760752,6.124898,6.773805,13.160599,-240.740282,3.824299,3.310519,0.233469,6.228572,0.039780,0.015856
2.336667,-30.480855,-417.430345,6.336282,6.642380,13.192279,-240.802423,3.817976,3.281901,0.242399,6.228455,0.040662,0.015825
2.337193,-32.233224,-417.240176,6.279930,6.648164,12.931864,-240.807616,3.847718,3.119843,0.250609,6.229535,0.040433,0.015948
2.337719,-33.858540,-416.945443,6.167249,6.724093,12.732946,-241.016560,3.815743,3.092958,0.258888,6.230404,0.039903,0.015802
2.338245,-35.672277,-416.485532,6.275050,6.954527,13.506304,-239.986421,3.751949,2.582782,0.271741,6.226965,0.039946,0.015596
2.338771,-37.168125,-416.200179,6.246252,6.839842,12.785155,-240.481457,4.190372,3.050115,0.276973,6.230070,0.041160,0.017389
2.339297,-38.578528,-415.908155,6.496710,6.795724,11.672443,-241.068679,3.642501,3.116392,0.279869,6.234804,0.040954,0.015087
2.339824,-39.793029,-415.724177,6.355734,6.715098,11.050813,-241.042329,3.732541,2.919420,0.283240,6.237371,0.040493,0.015462
2.340350,-41.434633,-415.549218,6.311528,6.744608,11.192444,-240.828172,3.817976,3.281901,0.292563,6.236744,0.040482,0.015832
2.340876,-42.332376,-415.707570,6.346286,6.677680,9.616104,-240.457488,3.597541,2.552451,0.288174,6.243216,0.039846,0.014943
2.341402,-43.874701,-415.520068,6.394803,6.703477,9.444347,-241.388241,3.779563,3.374602,0.297135,6.244080,0.040826,0.015643
2.341928,-44.527111,-415.482919,6.555389,6.636383,8.863592,-241.067528,3.754314,2.960931,0.297055,6.246434,0.041283,0.015559
2.342454,-45.558442,-415.331478,6.348426,6.805726,8.736802,-241.381334,3.761636,3.297021,0.302549,6.247006,0.040585,0.015571
2.342981,-46.169700,-414.907927,6.269738,6.886029,7.595410,-240.822761,3.604892,2.876930,0.299550,6.251656,0.039806,0.014959
2.343507,-47.128699,-414.823260,6.458184,6.858459,7.255392,-240.994335,3.698657,3.146637,0.303213,6.253088,0.040912,0.015339
2.344033,-47.817699,-414.779169,6.242237,7.055407,6.987178,-240.308624,4.025106,2.696723,0.304361,6.254118,0.040677,0.016739
2.344559,-48.163623,-414.735453,6.321542,6.976194,5.574813,-240.378218,3.799096,2.672319,0.298971,6.259998,0.040469,0.015798
2.345085,-49.051560,-415.009079,6.536477,6.795216,4.870400,-241.068017,3.798497,2.969881,0.300607,6.262985,0.041445,0.015752
2.345611,-49.527120,-415.035132,6.355497,6.860348,4.362969,-239.900312,3.450172,2.457269,0.298512,6.265001,0.039492,0.014378
2.346138,-49.980804,-414.983588,6.394304,6.905271,3.252195,-240.205316,3.816720,2.376440,0.295648,6.269647,0.040692,0.015887
2.346664,-50.021980,-415.078142,6.311254,6.987860,3.211454,-239.883119,3.721001,2.430037,0.294987,6.269799,0.040046,0.015510
2.347190,-50.103515,-415.107760,6.358749,6.970414,1.349641,-240.611990,3.766020,2.973364,0.286742,6.277576,0.040707,0.015651
2.347716,-50.259751,-415.237601,6.518393,6.831956,0.939080,-240.729738,3.819404,2.837408,0.285381,6.279284,0.041474,0.015866
2.348242,-50.008414,-415.867769,6.393444,6.828610,-0.343192,-240.502739,4.025339,2.802324,0.275983,6.284612,0.041382,0.016737
2.348768,-50.412098,-415.948655,6.652323,6.843716,-0.645520,-240.357129,3.841229,2.786105,0.276179,6.285871,0.041973,0.015981
2.349294,-50.565550,-416.024166,6.695797,6.777578,-2.602836,-240.377409,3.728936,2.686997,0.266565,6.294013,0.041954,0.015511
2.349821,-50.325968,-416.355668,6.498670,6.953373,-2.815649,-240.476468,3.812480,2.691895,0.263833,6.294893,0.041327,0.015852
2.350347,-50.022336,-416.786090,6.354819,6.766606,-4.133673,-240.276241,4.103372,2.528965,0.254347,6.300387,0.041361,0.017074
2.350873,-49.734889,-417.350530,6.366480,6.749792,-4.781651,-240.327464,3.875996,2.602953,0.248683,6.303079,0.040738,0.016123
2.351399,-49.447636,-417.636868,6.353860,6.691465,-6.895872,-240.046590,3.891318,2.474569,0.235173,6.311905,0.040708,0.016200
2.351925,-49.208885,-418.108480,6.258947,6.921763,-6.797857,-240.023442,4.155373,2.749259,0.233795,6.311499,0.041020,0.017302
2.352451,-48.491105,-418.054891,6.474342,6.790957,-8.478619,-240.410668,3.807784,2.588449,0.221542,6.318438,0.041185,0.015824
2.352978,-47.908214,-418.650466,6.378010,6.815714,-8.649530,-240.740734,3.766020,2.973364,0.217186,6.319099,0.040662,0.015630
2.353504,-47.357125,-419.170866,6.244563,6.850751,-10.219985,-239.926628,3.774706,2.445207,0.204297,6.325756,0.039857,0.015710
2.354030,-46.472282,-419.639754,6.457095,6.780894,-11.182634,-240.318864,3.886145,2.689089,0.194313,6.329684,0.041188,0.016144
2.354556,-45.579936,-419.570567,6.279359,6.664204,-12.624444,-240.904552,3.680581,2.940869,0.182403,6.335542,0.040063,0.015250
2.355082,-45.144763,-420.152222,6.240843,6.883005,-13.185907,-240.595345,4.090491,3.157903,0.176143,6.337936,0.040933,0.016966
2.355608,-43.983527,-420.221710,6.475473,6.871537,-14.515142,-240.444240,3.718802,2.945844,0.162471,6.343480,0.040991,0.015428
2.356135,-42.658534,-420.683048,6.252297,6.941291,-15.326225,-241.453217,3.747594,3.294588,0.151333,6.346575,0.040257,0.015483
2.356661,-41.540568,-420.876363,6.203965,6.945593,-16.516831,-240.746389,3.668188,3.080078,0.138037,6.351685,0.039673,0.015190
2.357187,-40.748585,-420.818315,6.290042,6.857596,-16.992643,-240.400482,3.680624,2.734439,0.130919,6.353753,0.040057,0.015255
2.357713,-39.349316,-420.921072,6.269122,6.924728,-18.548918,-240.321987,3.819122,3.126466,0.114669,6.360216,0.040399,0.015829
2.358239,-38.292341,-421.125705,6.406056,6.739067,-18.870955,-239.852565,3.737300,2.787707,0.106732,6.361701,0.040673,0.015512
2.358765,-37.146363,-421.274388,6.248860,6.840710,-19.929326,-240.240424,3.546212,2.943194,0.094819,6.365952,0.039523,0.014695
2.359291,-35.926532,-421.168966,6.298875,6.757121,-20.874674,-240.234014,3.775339,3.071464,0.082998,6.369861,0.040450,0.015636
2.359818,-34.632948,-421.423784,6.262810,6.641357,-21.523452,-238.697012,3.080551,2.368876,0.071621,6.373113,0.038100,0.012832
2.360344,-33.270464,-421.532171,6.176717,6.582862,-22.213104,-239.179200,3.772081,2.025812,0.060563,6.375792,0.039610,0.015656
2.360870,-32.338026,-421.486276,6.274971,6.581468,-23.533670,-239.225176,3.909081,2.661777,0.048269,6.381244,0.040512,0.016220
2.361396,-30.967226,-421.450053,6.131226,6.869115,-24.273268,-239.071946,3.631412,2.895662,0.036687,6.384370,0.039049,0.015084
2.361922,-29.685344,-421.406922,6.344060,6.644403,-24.058659,-238.592129,3.640789,2.638274,0.030768,6.383682,0.039991,0.015146
2.362448,-28.527276,-421.085276,6.214252,6.725335,-25.540690,-239.416436,3.767870,3.255444,0.016438,6.389462,0.039998,0.015627
2.362975,-26.866575,-421.189152,6.098811,6.988340,-25.627046,-239.477330,3.783736,3.434524,0.006821,6.389792,0.039497,0.015695
2.363501,-25.563976,-421.183161,6.237254,6.863601,-26.487999,-239.338520,3.598462,2.833970,-0.005081,6.393408,0.039598,0.014909
2.364027,-24.202842,-420.925306,6.350694,6.735902,-27.156944,-238.953658,3.932101,2.829242,-0.016232,6.396349,0.041042,0.016300
2.364553,-23.130103,-420.547123,6.217170,6.877936,-27.650825,-239.138615,3.856614,3.180081,-0.024915,6.398301,0.040318,0.015987
2.365079,-21.966216,-420.776496,6.319129,6.674981,-27.618432,-238.969459,3.828602,3.331649,-0.031079,6.398248,0.040620,0.015890
2.365605,-20.316972,-420.780036,6.398085,6.734219,-28.364058,-239.033600,3.625183,3.220253,-0.044248,6.401294,0.040423,0.015038
2.366132,-19.279527,-420.738158,6.084393,6.720765,-28.502984,-238.759638,3.837030,3.115914,-0.050641,6.402002,0.039480,0.015919
2.366658,-17.995078,-420.673211,6.428419,6.707347,-29.132468,-238.893841,4.109362,3.301718,-0.061192,6.404533,0.041890,0.017031
2.367184,-17.093122,-420.288536,6.081395,6.864782,-29.359686,-239.252640,3.851348,3.421925,-0.067654,6.405289,0.039683,0.015953
2.367710,-15.436019,-420.369794,6.129717,6.655616,-29.423112,-239.097599,3.851679,3.320278,-0.077008,6.405629,0.039825,0.015958
2.368236,-14.349611,-420.455822,6.273757,6.750509,-29.526698,-239.085599,3.929534,3.301425,-0.083486,6.406062,0.040678,0.016276
2.368762,-13.377737,-420.480955,6.078472,6.755582,-28.794744,-238.865610,3.434186,3.379400,-0.084685,6.403154,0.038327,0.014270
2.369288,-12.131443,-420.546267,6.375112,6.678782,-28.755394,-239.243945,3.388162,3.637123,-0.091436,6.402804,0.039672,0.014076
2.369815,-11.334702,-420.357655,6.076375,6.815565,-28.791774,-239.445664,3.357325,3.785308,-0.096197,6.402854,0.038242,0.013948
2.370341,-9.946035,-420.369679,6.458301,6.560471,-28.755394,-239.243945,3.388162,3.637123,-0.103476,6.402804,0.040062,0.014076
2.370867,-9.186466,-420.203852,6.147543,6.841621,-29.532153,-239.809906,3.794905,3.719822,-0.112310,6.405717,0.039837,0.015701
2.371393,-7.523763,-420.421778,6.039474,6.771826,-28.518165,-239.245683,3.411290,3.597502,-0.115364,6.401826,0.038086,0.014169
2.371919,-7.188081,-420.382360,6.166558,6.755376,-28.401646,-240.084530,3.590623,3.765455,-0.117120,6.400937,0.039353,0.014862
2.372445,-5.966647,-420.341166,6.423179,6.761666,-28.110819,-239.536437,3.523928,3.802291,-0.121869,6.400006,0.040256,0.014627
2.372972,-5.424542,-420.107980,6.316245,6.736583,-26.702686,-239.465384,3.292517,3.789274,-0.117251,6.394236,0.039208,0.013692
2.373498,-4.857202,-419.984843,6.065771,6.685358,-26.435392,-238.783246,3.619127,3.356120,-0.118526,6.393445,0.038740,0.015052
2.374024,-3.697358,-420.226718,6.375851,6.742254,-26.897992,-239.695276,3.780391,3.255346,-0.127812,6.394935,0.040730,0.015648
2.374550,-3.114414,-419.946568,6.164041,6.744045,-25.961905,-238.815310,3.200246,3.158471,-0.125475,6.391471,0.038087,0.013320
2.375076,-2.166543,-420.585256,6.278562,6.773352,-25.174599,-239.479553,3.470414,3.453567,-0.126365,6.387923,0.039334,0.014411
2.375602,-1.186084,-420.194416,6.145807,6.717748,-24.445032,-238.992850,3.608987,2.872462,-0.127661,6.385114,0.039029,0.014994
2.376129,-0.680751,-420.397054,6.122515,6.720725,-23.122639,-239.250073,3.541890,3.354273,-0.123260,6.379532,0.038788,0.014728
2.376655,-0.139343,-420.612124,6.320746,6.639672,-22.846172,-239.783252,3.693527,3.328744,-0.124917,6.378177,0.040178,0.015321
2.377181,0.668522,-420.363420,6.045642,6.749390,-21.992369,-239.953728,3.879811,3.190294,-0.124954,6.374582,0.039532,0.016080
2.377707,1.196096,-420.291581,6.136308,6.692873,-20.663558,-239.122231,3.721390,2.970543,-0.120078,6.369385,0.039339,0.015484
2.378233,1.338119,-420.357083,6.166600,6.562900,-20.039612,-239.143462,3.827061,3.179879,-0.117427,6.366787,0.039777,0.015930
2.378759,2.569347,-420.787191,6.079214,6.603324,-18.985003,-239.858014,3.749596,3.374291,-0.118573,6.362172,0.039221,0.015575
2.379285,2.923227,-420.782635,5.974844,6.792103,-17.295037,-239.633809,3.422098,3.214892,-0.111151,6.355233,0.037820,0.014239
2.379812,3.058599,-420.933351,6.022550,6.844718,-16.541787,-239.700517,3.811432,3.343413,-0.107732,6.352086,0.039131,0.015854
2.380338,3.374467,-420.937382,5.999916,6.896557,-14.846835,-239.680256,3.693527,3.328744,-0.100191,6.345051,0.038711,0.015375
2.380864,4.112550,-421.188750,6.310521,6.784871,-14.013548,-239.573667,3.572017,3.200522,-0.099476,6.341612,0.039743,0.014879
2.381390,4.486233,-421.276909,6.309822,6.834372,-12.480557,-239.285504,3.726111,3.036028,-0.092960,6.335296,0.040098,0.015544
2.381916,4.654763,-421.565880,6.325041,6.855526,-10.838242,-239.720976,3.559413,3.199500,-0.084994,6.328366,0.039780,0.014830
2.382442,5.040157,-421.334329,6.096978,6.764943,-9.811496,-240.022606,3.287149,3.175769,-0.081730,6.324040,0.038096,0.013683
2.382969,5.343779,-421.896220,6.177935,6.779426,-8.877197,-240.550944,3.575233,2.875354,-0.078259,6.320072,0.039248,0.014849
2.383495,5.990517,-421.901004,6.302556,6.823294,-7.135930,-239.961178,3.333807,2.942375,-0.072022,6.312914,0.039096,0.013886
2.384021,6.048517,-421.928447,6.334609,6.741525,-5.437074,-240.392347,3.130714,3.157556,-0.063185,6.305799,0.038854,0.013020
2.384547,6.201023,-422.288382,6.384941,6.699020,-4.248561,-239.887842,3.536457,2.549438,-0.057227,6.300894,0.039948,0.014739
2.385073,6.877901,-422.500282,6.050288,6.776853,-2.804393,-240.714048,3.445994,2.981234,-0.053212,6.294835,0.038255,0.014315
2.385599,7.039709,-422.631176,6.106093,6.669339,-0.958750,-240.773528,3.473526,3.497528,-0.043954,6.287167,0.038597,0.014426
2.386126,7.048024,-422.733436,6.128457,6.598379,0.155987,-240.608382,3.548107,3.178222,-0.037824,6.282537,0.038857,0.014746
2.386652,7.216672,-422.482544,6.124361,6.700895,1.771293,-240.480718,3.683887,3.033802,-0.029910,6.275820,0.039252,0.015318
2.387178,7.366720,-422.655556,6.081031,6.699367,3.689389,-240.722899,3.619603,3.166725,-0.020210,6.267860,0.038890,0.015034
2.387704,7.941548,-422.674565,6.438397,6.633225,5.270566,-240.908663,3.632120,3.012051,-0.014694,6.261311,0.040665,0.015072
2.388230,7.968639,-422.932963,6.394826,6.831168,6.808826,-240.532891,3.384822,3.033013,-0.006359,6.254886,0.039667,0.014065
2.388756,8.390591,-422.854680,6.380042,6.720610,7.890283,-240.392510,3.628054,3.078701,-0.002742,6.250375,0.040224,0.015082
2.389282,8.561549,-423.203826,6.125140,6.774333,9.190161,-240.906746,3.703607,3.295347,0.003448,6.245056,0.039264,0.015360
2.389809,9.017818,-422.921207,6.133162,6.608341,11.866186,-240.594183,3.200229,2.929259,0.015621,6.233905,0.037938,0.013283
2.390335,9.309082,-422.543899,6.072086,6.657197,12.561213,-240.143367,3.376495,2.886602,0.017828,6.230926,0.038085,0.014036
2.390861,9.309082,-422.543899,6.072086,6.657197,13.707472,-240.425759,3.690541,2.761566,0.024147,6.226234,0.039006,0.015314
2.391387,9.634491,-422.429620,5.970371,6.827868,15.645145,-240.240092,3.671400,3.138120,0.032979,6.218154,0.038453,0.015241
2.391913,10.288327,-422.199121,6.306984,6.675580,17.777642,-239.940366,3.704753,3.101693,0.041069,6.209229,0.040100,0.015386
2.392439,10.621880,-421.974791,6.245253,6.404259,18.896826,-240.036190,3.470061,3.216351,0.045451,6.204622,0.039229,0.014406
2.392966,10.966980,-421.907876,6.185722,6.427606,19.896658,-239.568867,3.508985,2.785091,0.048934,6.200324,0.038954,0.014578
2.393492,11.465559,-421.752293,5.987048,6.691579,21.297487,-238.986962,3.818841,2.664131,0.053744,6.194304,0.038800,0.015884
2.394018,11.847041,-421.292665,6.166559,6.440323,23.397138,-239.522079,3.757761,3.000686,0.063457,6.185812,0.039645,0.015587
2.394544,12.691686,-421.057763,6.075181,6.452890,23.744988,-238.672312,3.609649,2.549075,0.060530,6.184024,0.038672,0.015013
2.395070,13.029094,-421.050001,6.163739,6.681096,25.147419,-238.763426,3.764077,2.984342,0.066382,6.178249,0.039535,0.015646
2.395596,13.600314,-420.726080,6.272478,6.695218,25.818576,-238.904624,3.702552,3.139400,0.067098,6.175532,0.039972,0.015383
2.396123,14.504997,-420.616765,6.179368,6.573159,27.555647,-238.079391,3.694787,2.856614,0.071374,6.167957,0.039341,0.015375
2.396649,14.803452,-420.314309,6.176610,6.736487,28.822727,-238.636566,3.806185,2.958970,0.077013,6.162987,0.039819,0.015790
2.397175,15.269698,-420.198437,6.108834,6.722204,29.845067,-237.764195,3.746458,2.849036,0.079724,6.158315,0.039161,0.015583
2.397701,16.243524,-420.089707,6.148944,6.620852,31.506158,-237.489505,3.814484,2.678752,0.083391,6.151292,0.039486,0.015852
2.398227,16.869791,-419.919079,5.955675,6.741333,33.099505,-237.606580,3.713601,2.750165,0.088787,6.144772,0.038358,0.015413
2.398753,17.251876,-419.745698,6.077811,6.481490,34.111204,-237.631070,3.558191,3.193914,0.092312,6.140612,0.038516,0.014793
2.399279,18.461520,-419.425880,5.941612,6.427459,35.320449,-237.655833,3.795461,3.273043,0.092484,6.135645,0.038629,0.015753
2.399806,19.120564,-419.384687,6.091218,6.652227,35.602434,-237.429647,3.855725,2.807294,0.090336,6.134345,0.039459,0.015977
2.400332,20.300936,-419.105001,6.264187,6.480893,35.874176,-237.910968,3.765695,2.978140,0.085737,6.133525,0.040182,0.015586
2.400858,21.004335,-419.250189,6.099516,6.672633,37.474815,-237.736211,3.726470,3.248746,0.090492,6.126840,0.039230,0.015439
2.401384,22.408283,-419.122637,6.160677,6.672583,37.935017,-237.430261,3.655130,3.070316,0.085249,6.124751,0.039290,0.015146
2.401910,23.076959,-419.065637,6.082568,6.816588,39.231805,-237.525049,3.512847,3.088096,0.088754,6.119494,0.038560,0.014548
2.402436,24.373953,-419.240004,5.980015,6.590008,39.005708,-237.199066,3.729660,2.594279,0.080204,6.120201,0.038592,0.015410
2.402963,25.349278,-419.326520,5.929964,6.587392,39.465648,-236.767104,3.658187,2.441785,0.077171,6.118018,0.038054,0.015126
2.403489,26.538940,-419.163470,6.081433,6.655916,40.634696,-237.635176,3.535780,2.793787,0.077495,6.113827,0.038642,0.014588
2.404015,27.546949,-418.665347,5.840762,6.627041,40.937110,-237.544079,3.683720,2.771629,0.073795,6.112527,0.038030,0.015186
2.404541,28.960821,-419.235867,6.065116,6.579118,41.078894,-237.481760,3.783688,3.034955,0.066574,6.111903,0.039246,0.015618
2.405067,30.418873,-419.094116,6.193232,6.556322,41.250668,-237.907613,3.824532,3.312621,0.059712,6.111503,0.040104,0.015782
2.405593,31.168619,-419.196076,6.007620,6.726522,41.717114,-237.242777,3.864638,3.222467,0.057909,6.109123,0.039199,0.015970
2.406120,32.810502,-419.186300,6.045069,6.609537,42.134005,-237.219979,3.648006,3.198913,0.051193,6.107403,0.038755,0.015088
2.406646,33.809486,-419.100901,6.132870,6.596867,42.060868,-237.378527,3.846926,3.212295,0.045375,6.107816,0.039799,0.015884
2.407172,35.319379,-419.212335,5.995448,6.698404,42.249078,-237.373345,3.825244,3.203416,0.038091,6.107044,0.039085,0.015793
2.407698,36.659075,-419.092389,6.116044,6.736092,42.527093,-237.386964,3.548788,3.271940,0.032283,6.105919,0.038897,0.014681
2.408224,38.074682,-418.832928,6.221079,6.612169,42.732020,-237.085140,3.560246,3.122465,0.025620,6.104861,0.039426,0.014725
2.408750,39.267547,-419.124858,5.976316,6.782381,42.578478,-236.914339,4.061204,3.348960,0.018169,6.105363,0.039649,0.016787
2.409276,41.025396,-419.188517,6.138758,6.414767,42.486944,-236.909419,4.122823,3.339089,0.008018,6.105733,0.040567,0.017037
2.409803,42.620172,-418.863841,6.032382,6.781670,42.498690,-237.075586,3.682217,3.290837,-0.000668,6.105807,0.038877,0.015240
2.410329,44.167468,-418.782582,6.246330,6.693168,42.629368,-236.944431,3.639968,3.240245,-0.008458,6.105177,0.039757,0.015070
2.410855,45.508801,-418.611904,5.875869,6.742439,42.200807,-236.884973,3.850821,3.404950,-0.018201,6.106886,0.038653,0.015950
2.411381,47.063132,-418.675880,5.918843,6.705032,41.850302,-237.098576,4.001295,3.372913,-0.028701,6.108475,0.039332,0.016546
2.411907,48.611095,-418.344093,6.030839,6.504092,41.284027,-236.873765,3.804483,3.298072,-0.040354,6.110631,0.039263,0.015765
2.412433,49.795711,-418.756589,6.122420,6.864712,40.886444,-236.942222,3.709071,3.014365,-0.048963,6.112309,0.039329,0.015350
2.412960,51.510073,-418.793210,5.904140,6.722073,40.708193,-237.012705,3.614044,3.030139,-0.059353,6.113090,0.038023,0.014964
2.413486,53.012985,-418.561526,6.081212,6.624365,40.152592,-237.256815,3.262577,3.238916,-0.070814,6.115537,0.037982,0.013556
2.414012,54.571127,-418.312704,6.135474,6.653003,39.345750,-237.495888,3.697577,3.332799,-0.084005,6.119007,0.039489,0.015321
2.414538,55.955695,-418.130878,5.783245,6.876967,39.545906,-236.771967,3.547375,3.054676,-0.090237,6.117692,0.037292,0.014726
2.415064,57.581389,-417.996388,5.959851,6.876984,39.134470,-236.865178,3.468306,3.072181,-0.101493,6.119446,0.037911,0.014405
2.415590,59.190346,-418.172409,6.014285,6.769041,38.174525,-236.727119,3.211517,3.007382,-0.115311,6.123302,0.037371,0.013372
2.416116,60.810272,-417.900291,6.025194,6.573988,37.219605,-237.442862,3.405216,2.894122,-0.129990,6.127699,0.038053,0.014121
2.416643,62.400306,-417.792156,6.215342,6.423625,36.230067,-237.171382,3.335747,2.555630,-0.143889,6.131598,0.038634,0.013838
2.417169,63.414253,-417.324864,5.871670,6.590472,36.116178,-236.881292,3.226153,2.433236,-0.150145,6.131885,0.036752,0.013398
2.417695,64.953958,-417.340355,6.076502,6.480917,35.100004,-237.118908,3.586121,2.768166,-0.164161,6.136225,0.038623,0.014896
2.418221,66.248575,-417.397321,6.065337,6.695843,34.204782,-237.125880,3.333268,2.692617,-0.175916,6.139926,0.037850,0.013864
2.418747,67.730881,-416.963662,6.092115,6.430799,34.434747,-237.285517,3.288491,2.546794,-0.183231,6.139072,0.037884,0.013658
2.419273,69.025935,-415.478885,6.119895,6.695392,33.033175,-236.884233,3.378188,2.793995,-0.198869,6.144630,0.038427,0.014082
2.419800,70.044320,-416.352361,6.129359,6.608339,32.328961,-237.444104,3.229157,3.123817,-0.207766,6.147863,0.037982,0.013467
2.420326,71.370200,-415.160364,6.064185,6.671355,31.290495,-237.590628,3.604219,3.026657,-0.221992,6.152240,0.038826,0.015002
2.420852,72.558765,-414.435152,6.197690,6.425008,30.740882,-237.141755,3.189146,3.377960,-0.231635,6.154273,0.038349,0.013350
2.421378,73.466550,-414.741482,5.953764,6.766803,29.897885,-237.751794,3.393142,3.001243,-0.241366,6.158089,0.037775,0.014136
2.421904,74.736364,-413.897619,6.152983,6.628829,29.287476,-237.859615,3.403124,3.440713,-0.252659,6.160673,0.038829,0.014202
2.422430,75.357062,-413.638578,6.247493,6.759429,28.070731,-238.147640,3.273109,3.113822,-0.263201,6.165856,0.038955,0.013641
2.422957,76.467049,-413.374262,6.345875,6.627119,27.721739,-238.179205,3.186651,3.046313,-0.271371,6.167316,0.039126,0.013282
2.423483,77.232649,-414.049887,5.934551,6.760677,26.878745,-239.433839,3.486567,3.147321,-0.280753,6.171394,0.038126,0.014454
2.424009,77.646695,-413.663352,6.258722,6.460727,25.787510,-238.886774,3.692904,2.720187,-0.288442,6.175653,0.039749,0.015329
2.424535,78.852975,-413.268458,5.985150,6.634438,24.767790,-238.537278,3.807598,2.950693,-0.300180,6.179724,0.038863,0.015843
2.425061,78.965795,-412.700144,6.050718,6.750744,24.119544,-237.867624,3.115661,3.052203,-0.303984,6.182132,0.037449,0.013029
2.425587,79.666656,-412.572810,6.273591,6.601503,23.451896,-238.512051,3.561342,2.971277,-0.312386,6.185175,0.039452,0.014838
2.426113,79.991848,-412.170497,6.310851,6.563146,22.834984,-238.454826,3.634428,3.106674,-0.317868,6.187714,0.039811,0.015154
2.426640,80.530278,-411.802444,6.250208,6.669875,22.255188,-238.613331,3.829531,2.880973,-0.324582,6.190186,0.040078,0.015950
2.427166,81.335439,-411.381394,6.339199,6.425212,21.185706,-238.039700,3.537075,3.120482,-0.334001,6.194418,0.039496,0.014788
2.427692,81.342339,-411.253618,6.171328,6.395041,20.816340,-238.479727,3.583090,3.324462,-0.336959,6.196118,0.039023,0.014960
2.428218,81.385192,-410.793665,6.281477,6.624144,19.308240,-238.462404,3.693779,2.944301,-0.345749,6.202392,0.039759,0.015421
2.428744,81.314133,-410.611032,6.275854,6.740219,18.854306,-238.935717,3.723827,2.827946,-0.348938,6.204439,0.039953,0.015516
2.429270,81.510611,-410.254422,6.376662,6.526322,18.717679,-239.244491,3.704678,2.735691,-0.351905,6.205108,0.040291,0.015416
2.429797,81.447390,-410.522353,6.342661,6.687108,17.569279,-238.410573,3.622081,2.846965,-0.355385,6.209625,0.039762,0.015136
2.430323,81.372742,-410.457913,6.374082,6.702670,16.983380,-238.941072,3.718064,2.981204,-0.359131,6.212227,0.040249,0.015507
2.430849,81.280684,-410.469159,6.312650,6.726877,16.599648,-239.041661,3.587682,2.951290,-0.360793,6.213854,0.039687,0.014961
2.431375,81.095456,-409.982283,6.319393,6.375597,16.086083,-238.901382,3.907432,3.010528,-0.363140,6.215953,0.040341,0.016304
2.431901,80.349607,-410.235103,6.273573,6.584681,15.558227,-239.250896,3.725322,3.271009,-0.362213,6.218248,0.039942,0.015530
2.432427,80.157663,-410.207059,6.268721,6.620063,15.196874,-239.223151,3.766709,3.229576,-0.363080,6.219745,0.040020,0.015706
2.432954,79.806048,-410.045500,6.223745,6.747839,15.094001,-240.110263,3.620413,3.250693,-0.363850,6.220405,0.039802,0.015043
2.433480,78.712367,-410.516300,6.035270,6.656262,14.349472,-239.329524,3.728646,3.104130,-0.359630,6.223300,0.038962,0.015543
2.434006,78.235447,-410.347145,6.219364,6.572261,13.380712,-239.024778,3.762979,3.119808,-0.361883,6.227263,0.039686,0.015711
2.434532,77.050586,-411.005761,6.063445,6.582533,13.092133,-239.510799,3.535391,3.585532,-0.356969,6.228578,0.038675,0.014740
2.435058,76.477131,-411.022352,5.989594,6.451352,12.849756,-240.276084,3.591368,3.146517,-0.356703,6.229757,0.038458,0.014921
2.435584,75.574366,-411.268346,6.197685,6.549513,12.688706,-240.040804,3.595020,3.153818,-0.351971,6.230374,0.039347,0.014951
2.436110,74.502034,-411.672655,6.014580,6.632146,11.851706,-240.063143,3.864751,3.452343,-0.350041,6.233856,0.039349,0.016075
2.436637,73.409687,-412.197864,6.132448,6.739225,11.535011,-240.357372,3.984122,3.557250,-0.345618,6.235231,0.040237,0.016553
2.437163,71.751935,-412.394857,6.019020,6.531789,11.597390,-240.324423,3.584101,3.686124,-0.336312,6.234965,0.038736,0.014897
2.437689,70.637443,-412.662056,5.901412,6.657322,11.720659,-240.244461,3.306752,3.452098,-0.329270,6.234438,0.037568,0.013749
2.438215,69.250294,-413.384187,6.158047,6.716775,11.073686,-240.439690,3.805284,3.502357,-0.324498,6.237162,0.039863,0.015807
2.438741,67.765244,-413.705360,6.222816,6.391553,11.376608,-240.135325,3.703710,3.393448,-0.314119,6.235845,0.039677,0.015403
2.439267,66.446014,-414.136317,6.048916,6.563948,10.925315,-240.242746,3.785995,3.410470,-0.309049,6.237740,0.039227,0.015740
2.439794,64.638079,-414.429598,6.111829,6.693516,11.073686,-240.439690,3.805284,3.502357,-0.298651,6.237162,0.039720,0.015807
2.440320,62.874590,-414.632880,6.085040,6.669781,10.936242,-240.459059,3.819755,3.648566,-0.289803,6.237736,0.039722,0.015867
2.440846,61.077465,-415.132993,6.044916,6.704645,10.912621,-240.122687,3.753880,3.488840,-0.279155,6.237771,0.039274,0.015615
2.441372,59.275800,-415.729623,5.989183,6.720599,10.716051,-240.227264,3.830919,3.573177,-0.269937,6.238607,0.039245,0.015929
2.441898,57.302876,-416.047216,5.886433,6.622557,10.932737,-239.611194,3.725296,3.361603,-0.257004,6.237590,0.038354,0.015528
2.442424,55.576292,-416.579168,6.055417,6.603910,11.222980,-239.162146,3.872582,3.211201,-0.244974,6.236293,0.039355,0.016169
2.442951,53.634557,-416.642991,5.827577,6.649772,11.222980,-239.162146,3.872582,3.211201,-0.234565,6.236293,0.038462,0.016169
2.443477,51.656723,-417.519347,6.150950,6.677484,11.256674,-239.454851,3.643464,3.839461,-0.223107,6.236210,0.039307,0.015201
2.444003,49.558433,-417.901358,6.084078,6.651092,11.158502,-238.973815,3.834661,3.327207,-0.211405,6.236526,0.039359,0.016025
2.444529,47.481972,-418.395075,6.010734,6.778999,11.437026,-239.449781,3.773043,3.499483,-0.198770,6.235458,0.038996,0.015737
2.445055,45.247596,-418.820570,6.000917,6.711217,11.270649,-239.971197,3.724431,3.471524,-0.187738,6.236253,0.038894,0.015501
2.445581,43.201803,-419.165221,5.983855,6.773484,11.125211,-239.748949,3.708730,3.342883,-0.176914,6.236815,0.038716,0.015449
2.446107,40.716405,-419.897834,6.043202,6.769847,11.125211,-239.748949,3.708730,3.342883,-0.162806,6.236815,0.038907,0.015449
2.446634,38.427828,-420.084243,5.908393,6.710597,11.230540,-239.912204,3.690843,3.265675,-0.149821,6.236408,0.038295,0.015364
2.447160,36.127229,-420.208598,5.887993,6.575155,10.948671,-239.683765,3.779622,3.745196,-0.138580,6.237537,0.038448,0.015752
2.447686,33.853208,-420.980033,5.645515,7.016004,11.135117,-240.000509,3.781824,3.607215,-0.124875,6.236822,0.037355,0.015739
2.448212,31.231358,-421.327517,5.992991,6.470647,11.119456,-240.178289,3.821738,3.472777,-0.110571,6.236922,0.039014,0.015892
2.448738,28.861033,-421.739953,6.022908,6.637037,11.259720,-240.376405,3.832475,3.563588,-0.096747,6.236377,0.039199,0.015924
2.449264,25.958999,-422.030268,6.189583,6.824727,11.778037,-240.357384,3.875493,3.512127,-0.077900,6.234222,0.040088,0.016101
2.449791,23.320815,-421.944164,5.923907,6.749905,11.778037,-240.357384,3.875493,3.512127,-0.063481,6.234222,0.038918,0.016101
2.450317,21.179236,-422.010867,6.005906,6.697680,12.264477,-240.054480,3.913262,3.319361,-0.048955,6.232139,0.039353,0.016274
2.450843,18.923846,-422.730047,6.047300,6.697650,12.587062,-239.902486,4.077487,3.314500,-0.034646,6.230766,0.039870,0.016965
2.451369,16.695995,-422.535641,6.122100,6.535491,12.721962,-240.447973,4.078556,3.439387,-0.021821,6.230325,0.040390,0.016932
2.451895,13.500193,-422.393509,5.920780,6.758300,12.842379,-240.553574,4.049739,3.408136,-0.003618,6.229849,0.039448,0.016804
2.452421,11.038315,-422.732978,6.002150,6.693605,12.842379,-240.553574,4.049739,3.408136,0.009902,6.229849,0.039743,0.016804
2.452948,8.887560,-422.769807,6.008504,6.442182,13.109511,-240.204427,4.058936,3.425837,0.023122,6.228663,0.039707,0.016866
2.453474,6.573840,-422.496747,6.124449,6.738904,13.115851,-240.374281,3.943853,3.538337,0.035906,6.228675,0.039974,0.016378
2.454000,3.919125,-422.222932,6.245415,6.441936,13.214308,-240.672252,3.785225,3.566359,0.051154,6.228335,0.040174,0.015701
2.454526,1.615899,-422.372470,5.790324,6.545065,13.145663,-240.511691,3.802904,3.458610,0.063314,6.228583,0.038027,0.015784
2.455052,-1.154688,-422.003878,6.019633,6.842894,13.145663,-240.511691,3.802904,3.458610,0.078631,6.228583,0.039130,0.015784
2.455578,-3.002338,-421.655910,6.064238,6.599729,13.302755,-240.367508,3.804683,3.567161,0.089699,6.227898,0.039346,0.015802
2.456104,-5.494468,-421.635935,6.033091,6.730978,13.302755,-240.367508,3.804683,3.567161,0.103329,6.227898,0.039168,0.015802
2.456631,-8.155516,-421.164773,5.748716,6.482938,13.145663,-240.511691,3.802904,3.458610,0.117370,6.228583,0.037927,0.015784
2.457157,-10.090971,-421.062924,5.970023,6.448536,13.356751,-240.201011,3.684035,3.607319,0.128925,6.227636,0.038501,0.015313
2.457683,-12.345565,-420.813500,5.868008,6.420980,13.776321,-240.095729,3.983184,3.549996,0.143551,6.225870,0.038869,0.016557
2.458209,-14.395597,-420.376780,5.795398,6.719163,13.420861,-240.254963,3.737078,3.555470,0.153221,6.227382,0.037930,0.015528
2.458735,-16.325946,-419.701395,5.828397,6.670364,13.417639,-240.123772,3.705468,3.650883,0.164141,6.227365,0.038050,0.015407
2.459261,-18.040109,-419.707543,6.186588,6.378221,13.506918,-239.971722,3.700890,3.567784,0.173749,6.226959,0.039522,0.015396
2.459788,-20.260172,-419.477774,6.024725,6.550032,13.473835,-239.510875,3.712492,3.300454,0.185295,6.226989,0.038698,0.015471
2.460314,-21.839963,-419.185020,6.207863,6.451924,13.372711,-239.624134,3.679171,3.240043,0.193647,6.227436,0.039438,0.015325
2.460840,-24.113302,-418.998315,6.104380,6.580984,13.032575,-240.041406,3.782498,3.461994,0.204663,6.228946,0.039350,0.015731
2.461366,-25.731525,-418.608518,6.123476,6.582185,12.301128,-240.194659,4.145340,3.315481,0.210027,6.232017,0.040530,0.017228
2.461892,-27.324965,-418.047282,6.101083,6.450464,12.368619,-239.885200,4.094900,3.534179,0.219215,6.231670,0.040258,0.017042
2.462418,-28.922399,-418.422255,6.071226,6.481236,11.512129,-240.129107,3.733243,3.471702,0.223014,6.235281,0.039046,0.015527
2.462945,-29.988511,-417.870716,6.278829,6.511247,11.767107,-239.999325,3.951136,3.636171,0.230577,6.234195,0.040615,0.016440
2.463471,-31.768899,-418.035192,6.222747,6.534728,11.071600,-240.462592,3.828613,3.681934,0.236732,6.237175,0.040057,0.015904
2.463997,-33.401447,-417.897814,6.218644,6.344840,10.631196,-239.853507,4.231536,3.023646,0.242448,6.238891,0.040861,0.017616
2.464523,-34.097288,-417.690946,6.220780,6.537518,10.329202,-240.517177,4.243404,3.130236,0.245685,6.240266,0.041136,0.017619
2.465049,-35.565679,-417.154249,6.257004,6.442832,9.585457,-240.561722,3.952263,3.183226,0.250317,6.243360,0.040531,0.016412
2.465575,-36.706366,-417.488410,6.323898,6.494354,9.130073,-240.731253,3.843875,3.337185,0.253730,6.245277,0.040494,0.015953
2.466101,-37.870277,-417.601713,6.332770,6.441603,8.599960,-240.177505,4.187050,2.748994,0.256162,6.247394,0.041194,0.017416
2.466628,-38.697322,-417.502972,5.944130,6.572846,7.585414,-240.544331,3.958252,3.326989,0.255815,6.251661,0.039123,0.016445
2.467154,-39.456165,-417.062353,6.096239,6.541950,7.114457,-240.697394,4.244064,3.134772,0.258166,6.253636,0.040660,0.017621
2.467680,-40.543578,-417.198153,6.316911,6.417647,6.261908,-240.536844,3.982206,2.935524,0.258994,6.257158,0.040716,0.016547
2.468206,-41.293892,-417.248597,6.168577,6.480610,5.845428,-240.835460,3.855447,3.244124,0.261109,6.258919,0.039827,0.016003
2.468732,-41.912668,-417.515981,6.197544,6.503034,4.593647,-240.950944,4.125529,3.179000,0.257545,6.264123,0.040703,0.017117
2.469258,-42.836437,-417.289259,6.110846,6.476602,4.449513,-241.161678,4.161855,3.183303,0.262290,6.264737,0.040478,0.017253
2.469785,-43.389824,-417.222217,6.233480,6.482052,3.719495,-240.643637,3.932064,3.137496,0.260717,6.267730,0.040267,0.016337
2.470311,-43.543401,-417.241523,6.221023,6.623957,2.238273,-240.683114,4.084886,2.930536,0.253713,6.273886,0.040735,0.016971
2.470837,-44.082687,-417.495451,6.275877,6.511246,2.181594,-240.478899,4.036587,3.164106,0.255637,6.274114,0.040707,0.016785
2.471363,-44.287437,-417.439209,6.431907,6.480113,1.163430,-240.291214,3.776352,2.753822,0.251153,6.278344,0.040645,0.015715
2.471889,-44.538131,-417.560000,6.334437,6.529345,-0.229129,-240.708083,3.896874,3.143306,0.245490,6.284137,0.040731,0.016189
2.472415,-45.187163,-417.878123,6.238366,6.567808,-0.329805,-240.392160,4.015847,2.991038,0.247553,6.284557,0.040462,0.016705
2.472942,-45.187163,-417.878123,6.238366,6.567808,-1.108634,-240.133151,4.211791,2.786612,0.243084,6.287802,0.040981,0.017539
2.473468,-45.191386,-417.982100,6.215712,6.643896,-2.336705,-239.890674,4.131951,2.617390,0.236143,6.292926,0.040652,0.017223
2.473994,-45.254871,-417.847490,6.333767,6.723666,-3.002706,-240.170763,3.745196,2.662435,0.233467,6.295687,0.040253,0.015592
2.474520,-45.308973,-418.072955,6.228781,6.636042,-4.672970,-240.138015,3.802484,2.588472,0.224525,6.302642,0.039937,0.015830
2.475046,-45.109016,-418.213586,6.194770,6.648614,-4.818579,-239.625135,3.867343,2.663795,0.221890,6.303291,0.039853,0.016134
2.475572,-45.274464,-418.518160,6.288687,6.589864,-6.170437,-240.198325,4.101811,3.137496,0.215874,6.308869,0.041076,0.017069
2.476098,-45.129973,-418.710621,6.186290,6.609770,-6.611472,-240.080916,3.807033,2.874063,0.212381,6.310717,0.039737,0.015849
2.476625,-44.613455,-418.965555,6.373565,6.658008,-8.113450,-239.734592,4.059342,2.610650,0.200901,6.317016,0.041227,0.016917
2.477151,-43.907664,-419.196126,6.160204,6.545872,-8.597468,-239.735330,3.741278,3.121109,0.194276,6.319032,0.039414,0.015593
2.477677,-43.495056,-419.369106,6.350470,6.602866,-9.097685,-239.893838,3.536688,2.971736,0.189359,6.321091,0.039771,0.014729
2.478203,-43.118239,-419.661898,6.307899,6.643960,-10.421500,-240.738450,3.947314,3.350202,0.180747,6.326448,0.040911,0.016377
2.478729,-42.620164,-419.798106,6.360478,6.717008,-11.801348,-240.644666,4.157591,3.399166,0.170357,6.332187,0.041790,0.017249
2.479255,-42.032285,-420.350430,6.431523,6.899095,-12.495292,-240.379769,3.726470,3.248746,0.162671,6.335120,0.040785,0.015477
2.479782,-41.216718,-420.588364,6.230165,6.617818,-13.868920,-239.757051,4.212234,3.374995,0.150096,6.340967,0.041110,0.017529
2.480308,-40.403809,-420.693045,6.333689,6.501647,-14.221358,-240.456214,3.983184,3.549996,0.144258,6.342260,0.041073,0.016530
2.480834,-39.664587,-420.752573,6.335173,6.568153,-15.519990,-240.201933,4.116028,3.561913,0.132939,6.347708,0.041466,0.017091
2.481360,-38.968829,-420.960264,6.266432,6.626695,-16.357485,-240.000429,3.783478,3.512159,0.124308,6.351236,0.040154,0.015723
2.481886,-37.720801,-421.384858,6.315717,6.545571,-16.793468,-239.761141,3.697356,3.101690,0.114718,6.353114,0.040024,0.015372
2.482412,-36.874936,-421.373254,6.155598,6.580382,-17.809706,-239.725913,3.984147,3.106599,0.104575,6.357341,0.040143,0.016556
2.482939,-36.582727,-421.372246,6.091769,6.575388,-18.698879,-239.709581,3.718527,3.225793,0.098129,6.361034,0.039108,0.015454
2.483465,-35.258828,-421.591148,6.245219,6.440519,-19.952709,-239.420144,3.909022,3.090448,0.083824,6.366331,0.040293,0.016250
2.483991,-34.525861,-421.567976,6.241555,6.691113,-20.751705,-239.478949,3.719335,3.190950,0.075501,6.369623,0.039793,0.015458
2.484517,-33.413063,-422.083488,6.128944,6.697857,-21.095128,-239.328238,3.771469,3.228271,0.067299,6.371101,0.039294,0.015682
2.485043,-32.667491,-421.785032,6.077735,6.886077,-22.453010,-239.225265,3.708963,3.148501,0.055893,6.376768,0.038948,0.015417
2.485569,-31.180326,-421.870310,6.128937,6.734231,-22.686068,-239.682341,3.628396,3.233945,0.046590,6.377555,0.039056,0.015057
2.486095,-30.397105,-421.731085,6.160985,6.553829,-23.168654,-239.701337,4.012158,3.600710,0.039689,6.379542,0.040360,0.016646
2.486622,-29.209929,-422.053793,6.111266,6.754691,-23.690028,-239.267393,4.114411,3.170327,0.030189,6.381874,0.040287,0.017078
2.487148,-28.275792,-421.891500,6.180360,6.668468,-24.647122,-239.452807,3.771129,3.235195,0.019887,6.385755,0.039677,0.015644
2.487674,-27.151021,-421.601992,6.159892,6.509586,-24.744170,-239.321163,3.769847,3.292354,0.013203,6.386212,0.039616,0.015649
2.488200,-26.424598,-421.398104,6.250711,6.698429,-25.387327,-239.097589,4.117216,3.197608,0.005690,6.388969,0.041057,0.017086
2.488726,-25.054944,-421.872836,6.062526,6.759526,-25.289363,-238.963287,3.974702,3.185881,-0.001282,6.388622,0.039633,0.016508
2.489252,-23.618706,-421.556665,6.125518,6.481427,-26.319730,-239.002081,3.710106,3.354720,-0.014795,6.392867,0.039225,0.015413
2.489779,-23.076828,-421.506422,6.065047,6.701920,-26.524327,-239.614376,3.796482,3.299443,-0.018951,6.393432,0.039332,0.015725
2.490305,-21.437169,-421.444160,6.117372,6.796770,-26.608339,-239.087334,3.778746,3.477897,-0.028350,6.394021,0.039416,0.015693
2.490831,-20.939207,-421.225242,6.106790,6.761928,-26.743681,-239.531493,3.837683,3.471623,-0.031936,6.394375,0.039678,0.015905
2.491357,-19.756781,-420.980160,6.173640,6.651256,-27.084917,-239.284072,4.038131,3.291692,-0.040310,6.395897,0.040568,0.016733
2.491883,-18.950655,-421.130122,6.160944,6.543635,-27.006950,-239.059953,4.052954,3.198133,-0.044219,6.395680,0.040463,0.016806
2.492409,-17.460252,-420.975051,6.145406,6.599200,-27.202960,-239.231527,4.090919,3.286230,-0.053556,6.396409,0.040562,0.016952
2.492936,-17.025524,-421.055948,6.093297,6.615862,-27.050530,-239.041075,4.075643,3.197394,-0.055022,6.395869,0.040215,0.016901
2.493462,-15.561380,-421.210910,6.125166,6.843360,-27.154911,-239.029930,4.152830,3.180083,-0.063552,6.396305,0.040542,0.017217
2.493988,-15.061102,-421.052776,6.116826,6.505044,-27.252295,-239.211636,4.108649,3.310257,-0.066943,6.396622,0.040430,0.017027
2.494514,-13.508096,-420.848443,6.130018,6.357942,-27.050530,-239.041075,4.075643,3.197394,-0.074351,6.395869,0.040370,0.016901
2.495040,-13.073008,-420.914774,6.029054,6.569371,-27.050530,-239.041075,4.075643,3.197394,-0.076702,6.395869,0.039897,0.016901
2.495566,-12.174414,-421.294799,5.933533,6.750501,-26.900112,-239.235063,3.854660,3.310382,-0.080708,6.395157,0.038754,0.015985
2.496092,-11.316819,-420.768436,6.067970,6.638013,-26.317942,-239.140959,3.587294,3.385975,-0.082406,6.392796,0.038694,0.014901
2.496619,-10.907102,-420.711088,6.088032,6.555785,-26.096453,-239.082547,3.842805,3.139791,-0.083435,6.391907,0.039503,0.015947
2.497145,-9.547852,-421.079471,6.137536,6.720000,-24.850530,-239.457679,3.663985,3.342573,-0.084057,6.386594,0.039232,0.015206
2.497671,-8.992897,-420.931609,6.085494,6.674142,-24.522328,-238.851278,3.676003,3.034608,-0.085083,6.385495,0.038914,0.015284
2.498197,-8.726666,-421.235583,6.046225,6.732884,-24.102792,-239.075255,3.514646,3.154912,-0.084210,6.383663,0.038274,0.014613
2.498723,-7.191697,-421.232851,6.068233,6.900505,-23.128152,-239.388842,3.517646,3.250345,-0.087415,6.379500,0.038451,0.014616
2.499249,-6.921669,-421.272396,6.129140,6.705974,-22.757342,-239.054031,3.718904,3.157459,-0.086687,6.378097,0.039206,0.015467
2.499776,-6.058368,-421.369666,6.305916,6.643348,-22.349291,-239.046846,3.654198,2.855895,-0.089115,6.376408,0.039813,0.015194
2.500302,-5.412271,-421.396605,6.328588,6.822667,-21.630844,-239.392207,4.191611,3.147797,-0.088876,6.373298,0.041539,0.017408
2.500828,-5.147283,-421.547121,6.184477,6.575834,-20.733513,-239.729528,3.652600,3.631258,-0.085515,6.369458,0.039373,0.015179
2.501354,-4.787238,-421.572408,6.001693,6.706991,-20.270598,-239.550273,3.575294,3.500071,-0.084859,6.367604,0.038265,0.014870
2.501880,-3.708146,-421.597658,6.386236,6.563063,-18.862514,-239.371732,3.748897,3.098193,-0.082972,6.361823,0.040493,0.015598
2.502406,-3.162461,-421.623615,6.188893,6.571211,-18.077316,-239.758480,3.724492,3.283360,-0.081827,6.358441,0.039589,0.015481
2.502933,-2.647762,-421.952136,5.981812,6.666835,-16.800211,-239.179991,3.758704,3.251745,-0.077278,6.353311,0.038549,0.015667
2.503459,-1.536011,-421.991431,6.063974,6.653916,-16.231243,-239.204693,3.540966,3.110810,-0.080223,6.350936,0.038305,0.014761
2.503985,-1.437527,-422.196919,6.150990,6.543073,-14.817496,-239.820731,3.790172,2.993162,-0.073233,6.344893,0.039509,0.015763
2.504511,-1.015407,-421.738772,6.133572,6.564442,-14.042707,-239.869114,3.424967,3.200612,-0.071508,6.341662,0.038536,0.014251
2.505037,-0.900125,-421.863176,6.095458,6.494007,-13.455259,-239.964821,3.971739,3.487273,-0.068914,6.339198,0.039904,0.016519
2.505563,-0.303706,-422.179543,6.180262,6.522990,-11.887901,-240.207599,3.600930,3.360992,-0.063573,6.332635,0.039232,0.014970
2.506089,0.403805,-422.188768,6.317433,6.593736,-10.572626,-239.417436,3.814957,2.887180,-0.059983,6.327316,0.040302,0.015912
2.506616,0.795178,-422.357488,6.156287,6.527341,-8.807233,-239.860022,3.609981,3.328499,-0.052568,6.319887,0.039054,0.015039
2.507142,0.933425,-422.148176,6.148103,6.600409,-8.167432,-239.926752,3.606062,3.485329,-0.049902,6.317214,0.039071,0.015021
2.507668,1.264718,-422.224016,6.045178,6.539771,-6.701712,-239.914730,3.605638,3.427897,-0.043670,6.311112,0.038576,0.015022
2.508194,1.527315,-422.542904,6.009206,6.879880,-5.105476,-240.011871,3.470347,3.238559,-0.036322,6.304454,0.037997,0.014455
2.508720,2.361008,-422.358056,6.342801,6.464012,-4.585296,-240.399146,3.569712,3.118865,-0.038157,6.302257,0.039970,0.014846
2.509246,2.614964,-422.412253,6.171819,6.525446,-2.764237,-240.140181,3.646692,3.218783,-0.029503,6.294696,0.039313,0.015184
2.509773,3.040280,-422.889098,6.150677,6.523767,-0.896167,-240.237091,3.703905,3.375018,-0.021548,6.286916,0.039300,0.015418
2.510299,3.283921,-422.457401,6.101177,6.532100,0.366616,-240.089155,3.277307,3.317718,-0.015995,6.281658,0.037972,0.013650
2.510825,3.439042,-422.648913,6.079736,6.795936,1.982954,-240.119818,3.563379,3.277796,-0.007977,6.274927,0.038607,0.014839
2.511351,4.158339,-422.629487,6.401227,6.689842,3.370293,-239.884422,3.726138,3.014911,-0.004312,6.269137,0.040530,0.015531
2.511877,4.538416,-422.434741,6.206112,6.520764,4.347895,-239.859848,3.236497,3.421792,-0.001044,6.265060,0.038337,0.013491
2.512403,5.148195,-422.249659,6.174603,6.603792,5.427289,-240.085621,3.757547,3.226448,0.001532,6.260584,0.039679,0.015646
2.512930,5.309414,-422.595397,6.072086,6.657197,7.026176,-239.970872,3.719221,3.266119,0.009400,6.253914,0.038989,0.015490
2.513456,5.680633,-422.534844,6.169087,6.640533,8.606985,-240.050918,3.582534,3.273042,0.016035,6.247346,0.039089,0.014913
2.513982,6.440999,-422.392995,6.169065,6.679195,10.111168,-240.088699,4.100542,3.315419,0.020129,6.241096,0.040625,0.017059
2.514508,6.861866,-422.695666,6.134150,6.490718,11.234603,-239.959939,3.646692,3.218783,0.023925,6.236401,0.039042,0.015177
2.515034,7.167798,-422.523570,6.120400,6.441246,12.184617,-239.494158,3.275620,3.049126,0.027403,6.232353,0.037914,0.013657
2.515560,7.415530,-422.253564,6.141563,6.513705,13.390933,-239.752328,3.764227,3.084538,0.032730,6.227390,0.039449,0.015668
2.516086,8.079719,-422.291178,6.322985,6.464398,14.857884,-239.391166,3.681945,3.010525,0.037042,6.221200,0.039976,0.015341
2.516613,8.587793,-422.371353,6.215112,6.487882,16.184286,-239.442660,3.275620,3.049126,0.041503,6.215696,0.038374,0.013645
2.517139,9.406291,-422.246204,6.120448,6.571973,17.647433,-239.476808,3.548436,3.209486,0.045060,6.209627,0.038672,0.014770
2.517665,9.937337,-421.373203,5.970416,6.448531,18.872399,-238.531329,3.589156,3.353162,0.048829,6.204231,0.038058,0.014994
2.518191,10.469078,-421.290775,6.204543,6.437414,19.541872,-238.744950,3.610265,3.375747,0.049661,6.201515,0.039277,0.015065
2.518717,11.331133,-421.258948,5.953480,6.556991,20.925261,-238.364914,3.713682,3.435171,0.052409,6.195623,0.038319,0.015512
2.519243,11.789709,-421.324467,5.848449,6.523978,22.736989,-238.601700,3.640807,3.388477,0.059840,6.188180,0.037644,0.015181
2.519770,12.671196,-420.961677,6.274978,6.443935,23.364867,-238.903680,3.683719,3.252622,0.058670,6.185695,0.039897,0.015330
2.520296,13.167208,-421.128144,6.245496,6.552481,24.874792,-238.741579,3.658502,3.174812,0.064103,6.179369,0.039605,0.015221
2.520822,14.426484,-420.853208,6.123076,6.431235,25.387569,-238.434743,3.717569,3.188675,0.060015,6.177109,0.039198,0.015481
2.521348,14.839310,-419.799023,6.197788,6.417167,26.861051,-237.206147,3.722495,2.978656,0.065744,6.170426,0.039506,0.015558
2.521874,15.848387,-419.844859,5.915208,6.664356,27.691462,-237.100576,3.600246,3.075082,0.064716,6.166920,0.037823,0.015054
2.522400,16.672428,-419.601071,6.099421,6.623197,28.860487,-237.418518,3.820499,3.059476,0.066801,6.162219,0.039420,0.015932
2.522927,17.412284,-419.556583,5.844990,6.639687,29.625134,-237.278410,3.643014,3.156279,0.066901,6.158974,0.037712,0.015206
2.523453,18.523366,-420.452972,5.988673,6.541046,30.619975,-238.101417,3.546071,3.032750,0.066240,6.155287,0.038089,0.014739
2.523979,19.235428,-420.387459,5.964460,6.530959,31.329617,-237.691264,3.847618,2.972920,0.066102,6.152133,0.038767,0.015993
2.524505,20.149961,-419.743575,6.008902,6.468896,31.559296,-237.573551,3.621018,3.095036,0.062548,6.151118,0.038439,0.015074
2.525031,21.240488,-420.348784,6.182418,6.570828,32.815051,-238.018854,4.205328,2.826449,0.063396,6.146182,0.040919,0.017413
2.525557,22.508773,-420.203350,6.176693,6.505968,32.999552,-238.237925,3.717483,3.257138,0.057589,6.145546,0.039554,0.015423
2.526083,23.616001,-419.734941,6.105595,6.755096,33.399890,-237.296156,3.791184,3.005155,0.053577,6.143352,0.039340,0.015763
2.526610,24.719086,-420.209080,6.164745,6.600360,34.458485,-238.116136,3.913844,3.261931,0.053435,6.139470,0.040045,0.016216
2.527136,25.830929,-419.716096,5.934287,6.559703,35.244414,-237.978280,3.754531,3.340620,0.051751,6.136155,0.038593,0.015572
2.527662,26.677651,-419.877603,6.075181,6.452890,35.203555,-237.393996,3.738920,3.094262,0.046688,6.135967,0.039049,0.015527
2.528188,27.644600,-419.440070,6.223119,6.498179,36.688161,-237.260093,3.606753,3.346582,0.049600,6.129768,0.039435,0.014999
2.528714,29.249206,-420.332452,6.134914,6.587329,37.260941,-237.926924,3.659744,3.237927,0.043894,6.127840,0.039128,0.015157
2.529240,30.521207,-420.032511,5.996316,6.681490,37.058183,-237.741576,3.710421,3.248540,0.035845,6.128554,0.038660,0.015378
2.529767,31.582120,-419.808179,5.987156,6.622648,37.091687,-237.569701,3.749903,3.126113,0.030224,6.128306,0.038749,0.015539
2.530293,33.358254,-420.106012,6.022565,6.546146,37.408362,-237.282484,3.803879,2.984085,0.022149,6.126819,0.038953,0.015761
2.530819,34.490534,-419.984427,5.837954,6.439955,37.589835,-237.572555,3.749511,3.352967,0.016989,6.126262,0.038032,0.015550
2.531345,35.906288,-420.133591,5.737303,6.727388,37.663444,-238.146317,3.970604,3.401386,0.009655,6.126332,0.038338,0.016415
2.531871,37.158180,-420.272510,6.115421,6.364435,37.926555,-237.807582,3.946276,3.208440,0.004211,6.125033,0.039888,0.016318
2.532397,38.304353,-419.354619,5.970347,6.310140,38.138170,-236.793382,4.023608,3.177047,-0.000910,6.123496,0.039437,0.016696
2.532924,39.419702,-419.684235,5.935431,6.710896,37.861068,-237.638874,3.915496,3.390043,-0.008562,6.125191,0.039058,0.016221
2.533450,41.275252,-419.423617,6.007645,6.502590,38.140971,-237.609790,3.978686,3.301162,-0.017237,6.124024,0.039626,0.016468
2.533976,42.724236,-418.760394,6.104196,6.526550,37.944390,-236.923432,3.938572,3.152512,-0.026280,6.124379,0.039937,0.016341
2.534502,44.412940,-419.779621,6.107507,6.475643,37.559094,-236.988585,3.810793,3.159351,-0.037478,6.126008,0.039355,0.015821
2.535028,45.535724,-418.865931,6.042131,6.597032,37.554671,-236.323301,3.591131,3.220421,-0.043694,6.125591,0.038471,0.014971
2.535554,47.161497,-419.126534,6.024478,6.446715,37.871475,-236.784982,3.618262,3.315809,-0.050904,6.124588,0.038494,0.015059
2.536080,48.814634,-418.862551,6.151936,6.471237,37.597664,-236.226374,3.667028,2.815389,-0.061340,6.125350,0.039138,0.015252
2.536607,49.948959,-418.397946,5.960738,6.439697,37.863809,-236.246828,3.615503,3.052317,-0.066250,6.124265,0.038193,0.015057
2.537133,51.291096,-417.945610,5.915747,6.624567,37.252491,-236.074552,3.694913,3.286140,-0.077037,6.126676,0.038251,0.015421
2.537659,53.046995,-418.033934,6.109807,6.535144,37.038156,-236.186149,3.709795,3.199974,-0.087808,6.127634,0.039161,0.015470
2.538185,54.376712,-418.387029,5.988181,6.493092,37.035148,-237.094760,3.565565,3.171230,-0.095365,6.128233,0.038281,0.014821
2.538711,55.625192,-418.604482,5.942589,6.503034,36.945051,-236.780266,3.520024,3.198916,-0.102378,6.128402,0.037808,0.014658
2.539237,57.160668,-418.336790,6.044610,6.419174,35.545464,-237.318159,3.687010,3.203927,-0.118846,6.134511,0.038845,0.015323
2.539764,58.819774,-417.797163,6.080693,6.566830,35.465618,-237.034748,3.663330,3.065525,-0.128486,6.134665,0.038962,0.015234
2.540290,60.396593,-417.516675,6.026149,6.578908,34.851952,-236.840275,3.585031,3.113852,-0.140452,6.137080,0.038456,0.014937
2.540816,61.209651,-416.813001,6.034848,6.474860,34.828363,-236.857512,3.428488,3.112091,-0.145562,6.137188,0.038190,0.014294
2.541342,62.733929,-417.704172,5.934721,6.703991,34.041127,-237.062620,3.509272,3.056669,-0.157522,6.140565,0.037761,0.014617
2.541868,63.862196,-417.026732,6.111239,6.407706,33.542556,-236.868732,3.610409,2.873747,-0.166732,6.142512,0.038841,0.015037
2.542394,65.050176,-417.037684,6.110972,6.375943,33.490052,-238.110125,3.536842,3.009781,-0.174589,6.143452,0.038860,0.014670
2.542921,66.320563,-416.379643,5.995912,6.618098,32.767140,-236.987023,3.398711,2.824421,-0.184903,6.145791,0.037822,0.014165
2.543447,67.103618,-417.136291,5.990314,6.647827,31.520354,-237.764929,3.633627,3.401751,-0.195835,6.151384,0.038412,0.015134
2.543973,68.474615,-415.999421,6.399590,6.357482,31.483625,-237.759292,3.623710,3.419572,-0.204630,6.151533,0.040369,0.015095
2.544499,69.408361,-416.458540,6.102687,6.497180,31.099344,-238.515540,3.359727,3.557421,-0.212052,6.153530,0.038383,0.013982
2.545025,70.749966,-416.998898,6.156674,6.596042,29.740916,-238.827807,3.599991,2.940277,-0.226227,6.159294,0.039034,0.014920
2.545551,71.410425,-415.745236,6.252006,6.606868,29.714535,-238.519392,3.572882,3.148545,-0.231068,6.159245,0.039586,0.014839
2.546077,72.345934,-415.131185,6.285945,6.498082,28.463717,-238.471166,4.044600,3.004329,-0.243472,6.164388,0.040965,0.016788
2.546604,73.685733,-415.401761,5.722117,6.883590,28.098550,-239.440983,3.917788,3.107395,-0.253502,6.166369,0.038374,0.016210
2.547130,73.903003,-415.238719,6.217365,6.604823,27.274531,-239.248257,3.709830,3.022159,-0.258998,6.169674,0.039775,0.015373
2.547656,74.944528,-414.801004,6.078509,6.839027,27.337622,-238.981111,3.663854,3.219004,-0.264430,6.169288,0.039142,0.015209
2.548182,75.308768,-414.247082,6.093079,6.594734,26.742611,-239.090913,3.553173,3.115335,-0.270479,6.171797,0.038901,0.014748
2.548708,76.152591,-414.062493,6.178380,6.515642,25.918925,-239.003413,3.503585,3.171310,-0.279444,6.175162,0.039060,0.014558
2.549234,76.751192,-414.189156,6.036298,6.663350,25.471530,-239.318878,3.528900,3.008956,-0.285247,6.177151,0.038511,0.014640
2.549761,76.922483,-412.995006,6.179834,6.361251,25.101531,-238.411440,3.526788,3.055182,-0.288542,6.178285,0.039045,0.014691
2.550287,77.679595,-412.916094,6.187152,6.394950,24.729165,-238.639185,3.556059,3.188771,-0.294966,6.179928,0.039184,0.014807
2.550813,77.932356,-413.194319,6.223373,6.488337,23.273724,-238.337125,3.589563,2.846546,-0.302967,6.185843,0.039168,0.014963
2.551339,78.562456,-412.238786,5.979539,6.531823,23.283280,-238.555974,3.574939,3.442666,-0.308139,6.185893,0.038438,0.014910
2.551865,78.770978,-412.501081,6.016082,6.516211,22.738152,-239.676099,3.509912,3.023545,-0.313524,6.188598,0.038453,0.014562
2.552391,78.971956,-412.038579,6.006138,6.749857,22.400394,-238.311129,3.968014,3.178749,-0.314805,6.189464,0.039539,0.016551
2.552918,78.809836,-412.125905,6.094047,6.730089,21.353620,-238.473675,3.624694,3.102443,-0.319531,6.193881,0.038941,0.015123
2.553444,78.905573,-411.717232,6.054716,6.444886,20.863932,-237.795937,3.623629,3.111701,-0.322102,6.195671,0.038540,0.015165
2.553970,78.905297,-411.695774,6.020609,6.481695,20.105889,-238.146884,3.946140,2.829771,-0.326668,6.198959,0.039215,0.016483
2.554496,78.818062,-411.710024,5.966533,6.694587,19.688941,-238.640095,3.536899,3.429804,-0.329216,6.200867,0.038272,0.014768
2.555022,78.711981,-411.128186,5.937321,6.596404,19.183599,-238.018391,3.606894,3.452619,-0.331209,6.202762,0.038247,0.015101
2.555548,77.897019,-411.473894,6.106163,6.514621,19.075413,-238.465635,3.595842,3.122238,-0.327732,6.203363,0.038858,0.015019
2.556074,77.838738,-411.654690,6.150174,6.425111,18.625912,-238.639795,3.644589,3.292742,-0.329746,6.205293,0.039135,0.015218
2.556601,77.525108,-411.618330,6.195190,6.465905,18.537799,-239.051553,3.562053,2.982113,-0.329372,6.205793,0.039171,0.014843
2.557127,76.861232,-411.985509,6.289896,6.708174,17.614016,-238.845384,3.622183,3.102229,-0.329702,6.209572,0.039740,0.015113
2.557653,76.243525,-412.265953,6.290534,6.468922,17.211221,-239.028670,3.729924,3.237698,-0.328419,6.211305,0.039914,0.015554
2.558179,75.479355,-411.961363,6.115476,6.593254,17.106213,-239.443032,3.516576,3.451486,-0.326267,6.211865,0.038958,0.014648
2.558705,74.374649,-412.218696,6.309959,6.563729,16.832597,-238.941785,3.654495,3.242819,-0.320623,6.212855,0.039953,0.015249
2.559231,73.790788,-412.276955,6.064377,6.759961,15.798072,-239.077443,3.695022,3.180930,-0.323099,6.217202,0.039088,0.015413
2.559758,72.695069,-412.542277,6.367308,6.656194,15.549181,-238.763022,3.666418,3.136367,-0.317703,6.218153,0.040170,0.015315
2.560284,71.578521,-413.037205,6.152847,6.472126,15.647515,-238.961772,3.628901,2.939773,-0.310885,6.217797,0.039051,0.015143
2.560810,70.577805,-413.334869,6.226068,6.582336,15.575253,-239.205778,3.547575,3.070209,-0.305954,6.218165,0.039290,0.014791
2.561336,69.351252,-413.225906,6.238365,6.658132,15.053079,-238.644160,3.701510,3.388175,-0.301535,6.220191,0.039781,0.015475
2.561862,68.359228,-413.542523,6.179148,6.419445,14.804185,-239.328215,3.607053,3.563999,-0.298240,6.221407,0.039346,0.015042
2.562388,67.043585,-413.823314,5.902381,6.667869,14.791802,-238.578946,3.546951,3.721224,-0.289773,6.221265,0.038008,0.014841
2.562915,65.629711,-415.377725,6.111004,6.403098,15.054142,-239.963406,3.528921,3.456840,-0.280708,6.220532,0.038748,0.014676
2.563441,64.196527,-415.373848,6.219918,6.513229,14.751011,-239.397519,3.483565,3.265371,-0.273916,6.221646,0.039064,0.014521
2.563967,62.857331,-415.667869,6.039431,6.634006,14.661160,-239.411545,3.427722,3.286672,-0.266919,6.222023,0.038184,0.014288
2.564493,61.014582,-415.997306,6.039600,6.753073,15.184234,-239.497021,3.593887,3.532124,-0.254051,6.219870,0.038754,0.014975
2.565019,59.477832,-416.834157,6.063244,6.491990,14.698528,-239.740790,3.582756,3.812344,-0.247666,6.221952,0.038720,0.014920
2.565545,57.855780,-415.750866,6.205674,6.580558,13.914350,-239.013018,3.923183,3.628101,-0.243684,6.225035,0.040369,0.016382
2.566071,56.132627,-416.512946,6.288252,6.221981,14.213356,-238.895068,3.876946,3.698670,-0.231767,6.223759,0.040436,0.016197
2.566598,54.731842,-416.302378,5.981201,6.258886,14.079904,-238.347586,3.831996,3.541958,-0.224586,6.224181,0.038939,0.016045
2.567124,53.035727,-417.241428,5.889923,6.691585,13.836125,-238.556119,3.475193,3.179124,-0.215957,6.225251,0.037532,0.014539
2.567650,51.116246,-417.603877,5.893194,6.483566,14.200932,-238.932501,3.211718,3.022971,-0.203743,6.223820,0.036889,0.013416
2.568176,49.064363,-417.636695,5.933894,6.470878,13.979486,-238.667811,3.321907,3.152769,-0.193584,6.224679,0.037371,0.013892
2.568702,46.936854,-417.813300,6.041951,6.370571,13.911370,-238.493839,3.503879,3.194183,-0.182130,6.224921,0.038331,0.014663
2.569228,45.164438,-418.748852,6.063692,6.605402,14.200932,-238.932501,3.211718,3.022971,-0.170523,6.223820,0.037672,0.013416
2.569755,43.043792,-419.117046,5.998978,6.727673,14.259399,-238.868525,3.206580,3.010180,-0.158356,6.223560,0.037346,0.013397
2.570281,41.048578,-419.633243,6.107350,6.468173,14.200932,-238.932501,3.211718,3.022971,-0.147496,6.223820,0.037801,0.013416
2.570807,38.942210,-419.803838,6.029097,6.609140,14.319510,-238.767742,3.232907,3.103361,-0.135180,6.223285,0.037492,0.013514
2.571333,36.797606,-419.960033,6.040303,6.400171,14.144988,-238.693675,3.188519,3.181595,-0.124324,6.223995,0.037417,0.013335
2.571859,34.138638,-420.113244,6.087891,6.442252,14.703028,-238.992177,3.444208,3.281968,-0.106898,6.221742,0.038413,0.014382
2.572385,31.746140,-420.491778,5.884798,6.357617,14.717189,-239.478988,3.403650,3.474361,-0.093800,6.221807,0.037414,0.014187
2.572912,30.007233,-420.465401,6.055388,6.317501,14.641069,-239.299544,3.395414,3.590104,-0.084616,6.222078,0.038196,0.014166
2.573438,27.561706,-420.742641,5.936398,6.486901,14.314998,-239.466957,3.710142,3.433432,-0.072945,6.223478,0.038525,0.015462
2.573964,25.514491,-420.920270,5.931031,6.636615,14.224055,-239.121381,3.751707,3.189375,-0.062024,6.223771,0.038536,0.015654
2.574490,23.238913,-421.252882,5.896485,6.511618,14.944285,-238.895607,3.527826,3.080704,-0.045454,6.220711,0.037645,0.014732
2.575016,20.975376,-421.446765,5.972692,6.550072,14.888787,-239.051694,3.508220,2.945023,-0.033358,6.220983,0.037957,0.014639
2.575542,18.750366,-421.488288,5.920717,6.661564,14.922733,-238.882585,3.553564,2.841926,-0.020958,6.220797,0.037808,0.014836
2.576068,16.565220,-422.294370,5.994105,6.737418,14.924727,-239.875194,3.614082,3.033099,-0.008993,6.221047,0.038368,0.015029
2.576595,14.299914,-422.158914,6.218395,6.538166,15.103121,-239.727790,3.592622,2.848583,0.004403,6.220267,0.039366,0.014946
2.577121,12.338449,-422.204904,5.912440,6.613675,15.233597,-239.856064,3.588415,2.824400,0.015876,6.219759,0.037924,0.014919
2.577647,9.678854,-422.387151,5.873128,6.672491,15.297254,-239.621892,3.505531,2.923656,0.030731,6.219433,0.037408,0.014591
2.578173,7.758546,-422.333244,5.914542,6.699970,15.190598,-239.572441,3.574242,2.927847,0.040643,6.219863,0.037785,0.014880
2.578699,5.555731,-422.057166,5.908136,6.441368,14.285564,-240.071186,4.022124,2.877357,0.047933,6.223750,0.039228,0.016710
2.579225,3.322976,-422.060653,6.187298,6.699757,14.203578,-239.750269,3.888487,3.024907,0.059611,6.224011,0.040014,0.016179
2.579752,1.104692,-421.706774,6.043540,6.382018,14.131400,-239.692463,3.914037,2.921941,0.071448,6.224297,0.039453,0.016289
2.580278,-0.895142,-421.732523,6.043540,6.382018,14.004829,-239.489224,3.699754,3.238662,0.081577,6.224774,0.038756,0.015416
2.580804,-2.877292,-421.792529,6.011932,6.389783,13.674149,-239.276093,3.564321,3.189064,0.090437,6.226099,0.038143,0.014867
2.581330,-4.673685,-421.603033,6.030397,6.820439,14.051688,-239.476377,3.995256,2.707423,0.102455,6.224576,0.039516,0.016639
2.581856,-6.424780,-421.483291,6.041190,6.592830,13.467901,-239.979040,3.479537,3.431636,0.109163,6.227123,0.038212,0.014476
2.582382,-8.712009,-420.628258,6.131782,6.767506,13.280126,-240.122371,3.576170,3.298677,0.121239,6.227936,0.039072,0.014867
2.582909,-10.382198,-421.309118,5.892027,6.561988,13.365941,-239.953034,3.629262,2.933044,0.130207,6.227540,0.037860,0.015093
2.583435,-12.619299,-420.327242,6.077733,6.598758,12.868619,-239.817461,3.881643,2.988175,0.140272,6.229577,0.039562,0.016153
2.583961,-14.159921,-420.088225,6.397684,6.372480,12.559611,-239.872227,4.099591,2.961077,0.147192,6.230873,0.041642,0.017056
2.584487,-15.852133,-420.129721,6.206913,6.611718,11.656634,-239.695753,3.628597,2.916171,0.151294,6.234593,0.039396,0.015114
2.585013,-17.370596,-419.535443,6.205217,6.422127,12.383915,-239.953793,4.014753,2.960297,0.164196,6.231621,0.040556,0.016699
2.585539,-19.071880,-419.735606,6.165281,6.469050,11.660721,-240.013187,3.628901,2.939773,0.169362,6.234640,0.039229,0.015096
2.586065,-20.906092,-419.521573,6.075556,6.638197,11.318504,-239.903909,3.623669,2.974274,0.177518,6.236041,0.038800,0.015082
2.586592,-21.817123,-418.871719,6.183415,6.760333,11.156016,-240.000613,3.696156,2.982429,0.182294,6.236735,0.039641,0.015378
2.587118,-23.434358,-419.109926,6.117881,6.938604,10.542541,-240.063143,4.052598,3.090546,0.187536,6.239298,0.040317,0.016858
2.587644,-25.086889,-419.036686,6.132099,6.818465,10.195960,-239.891938,3.914107,2.950471,0.194463,6.240709,0.039875,0.016295
2.588170,-26.099637,-418.819707,6.122938,6.739695,9.701494,-240.119523,3.626104,3.182879,0.197724,6.242804,0.039119,0.015086
2.588696,-27.480186,-418.571587,6.303763,6.640280,9.364277,-240.647312,3.592759,3.329923,0.204193,6.244292,0.039972,0.014917
2.589222,-28.904776,-418.991081,6.052448,6.726428,8.549810,-240.366785,4.046832,3.216417,0.206689,6.247630,0.039933,0.016822
2.589749,-29.474375,-418.548616,6.196047,6.675108,7.903631,-240.034381,4.027168,2.879320,0.206402,6.250270,0.040490,0.016764
2.590275,-30.932575,-418.754874,6.095292,6.776249,7.515078,-240.792248,3.657185,3.366729,0.212773,6.251986,0.039157,0.015180
2.590801,-31.463370,-418.670496,6.277548,6.668847,7.215433,-240.768893,3.662227,3.335154,0.214085,6.253226,0.039967,0.015203
2.591327,-32.541113,-418.803430,6.298559,6.745889,6.382357,-240.418423,3.866435,3.134913,0.214832,6.256645,0.040490,0.016075
2.591853,-33.538983,-418.149234,6.231991,6.622125,5.317252,-240.389249,3.657232,3.046167,0.215203,6.261070,0.039728,0.015209
2.592379,-34.324693,-418.304589,6.351475,6.503385,5.185392,-239.684340,3.788164,2.732998,0.217691,6.261554,0.040341,0.015799
2.592906,-35.169528,-418.460640,6.241904,6.647648,3.881431,-240.767725,3.975870,3.382233,0.216328,6.267066,0.040692,0.016511
2.593432,-35.781706,-418.520946,6.218097,6.629271,3.002475,-240.106577,3.843181,2.801599,0.214052,6.270681,0.040009,0.016004
2.593958,-36.470002,-418.681296,6.238787,6.776652,1.912561,-240.442372,3.920485,2.766288,0.212104,6.275231,0.040402,0.016305
2.594484,-37.192339,-418.799819,6.183270,6.802416,1.910982,-240.774328,3.817974,3.325578,0.216217,6.275249,0.039948,0.015856
2.595010,-37.498187,-418.892352,6.179470,6.795055,1.307030,-239.792187,3.750331,2.714987,0.213370,6.277735,0.039467,0.015640
2.595536,-37.635718,-418.649043,6.246880,6.710852,0.173501,-240.463339,3.886627,3.224546,0.209089,6.282464,0.040412,0.016163
2.596062,-38.140695,-418.783910,6.059046,6.715268,-1.021472,-239.829748,3.810227,2.881734,0.204523,6.287444,0.039197,0.015887
2.596589,-38.834577,-418.808560,6.081325,6.812343,-1.722341,-239.935481,4.084808,2.941699,0.204576,6.290364,0.040123,0.017024
2.597115,-38.608465,-420.093760,6.126217,6.811606,-2.754673,-240.882977,3.738920,3.094262,0.197458,6.294621,0.039335,0.015520
2.597641,-39.119503,-419.989396,6.195076,6.852097,-3.322583,-240.968621,4.010303,3.019460,0.197357,6.296973,0.040446,0.016640
2.598167,-39.097302,-419.878865,6.227580,6.804415,-4.317000,-241.747924,3.657505,3.459837,0.192825,6.301041,0.039878,0.015127
2.598693,-39.190538,-418.952542,6.182990,6.780651,-4.827627,-239.694381,3.767253,2.808692,0.189397,6.303323,0.039687,0.015712
2.599219,-39.161778,-419.303552,6.155864,7.022403,-5.966786,-240.521220,3.976645,3.215244,0.183582,6.307988,0.040377,0.016527
2.599746,-39.254037,-419.335630,6.269453,6.854700,-6.780899,-240.148646,3.770341,3.223948,0.179279,6.311414,0.040220,0.015692
2.600272,-38.897172,-419.557238,6.107003,6.821838,-7.722011,-239.970006,4.071283,2.976806,0.171881,6.315353,0.040284,0.016953
2.600798,-38.961722,-419.527358,6.125532,6.775169,-8.495484,-240.023366,3.758598,2.790503,0.168122,6.318565,0.039494,0.015645
2.601324,-38.885145,-419.882401,6.190197,6.722453,-8.333861,-239.596398,3.590364,3.503798,0.167865,6.317954,0.039202,0.014976
2.601850,-38.564028,-420.144575,6.330316,6.486925,-10.050854,-240.109714,4.024795,3.131186,0.157071,6.325020,0.041114,0.016742
2.602376,-38.382279,-420.504838,6.176634,6.600103,-10.957647,-240.009196,3.794024,2.930161,0.150787,6.328809,0.039702,0.015785
2.602903,-37.378373,-420.371161,6.120942,6.454010,-12.328281,-239.596304,3.605317,3.021987,0.137694,6.334594,0.038927,0.015022
2.603429,-37.230811,-420.217195,6.232463,6.594085,-13.137453,-239.350136,3.676681,2.661418,0.132431,6.338018,0.039646,0.015327
2.603955,-37.187248,-420.551373,6.221309,6.535539,-13.453362,-239.944016,4.130617,3.122579,0.130663,6.339195,0.040975,0.017176
2.604481,-36.884065,-420.599827,6.256244,6.601553,-14.461820,-239.615168,3.701689,3.130754,0.123262,6.343467,0.039864,0.015412
2.605007,-36.124416,-420.941918,6.283131,6.590176,-15.034269,-239.817816,3.980195,3.144364,0.115918,6.345794,0.040779,0.016552
2.605533,-35.515263,-421.019904,6.432467,6.633130,-15.811214,-239.502097,3.914688,2.995589,0.108128,6.349107,0.041226,0.016295
2.606059,-35.078738,-420.902612,6.168723,6.757972,-16.544064,-239.431816,3.795165,3.053547,0.101783,6.352173,0.039714,0.015800
2.606586,-34.823215,-420.928161,6.082666,6.798960,-17.307742,-239.773891,4.152222,3.009695,0.096389,6.355244,0.040470,0.017251
2.607112,-33.927973,-421.099535,6.278870,6.719803,-18.020096,-239.462100,4.021793,2.786602,0.087357,6.358296,0.040887,0.016723
2.607638,-33.103124,-421.099578,6.096624,6.774837,-18.593966,-239.359562,3.738301,3.289606,0.079666,6.360712,0.039239,0.015560
2.608164,-32.672331,-421.101018,6.044440,6.715720,-19.201804,-239.372043,4.061711,2.749544,0.073989,6.363231,0.039962,0.016885
2.608690,-31.515015,-421.425917,6.116523,6.912401,-19.717560,-239.256442,3.841809,3.276583,0.064671,6.365411,0.039577,0.015988
2.609216,-31.122777,-421.341617,6.179293,6.852147,-20.649340,-239.723824,3.719027,3.095776,0.057604,6.369111,0.039650,0.015439
2.609743,-30.262692,-421.396245,5.794397,6.900780,-21.119713,-239.336582,4.061866,2.785547,0.050178,6.371200,0.038824,0.016871
2.610269,-29.474390,-421.303084,6.120725,6.852133,-21.360344,-239.061019,3.511624,2.830233,0.044494,6.372300,0.038686,0.014611
2.610795,-28.995007,-421.378450,6.102319,6.721397,-21.531700,-239.009508,3.980246,3.119481,0.040901,6.373030,0.039918,0.016560
2.611321,-27.808599,-422.364376,6.298952,6.779496,-22.596866,-239.952643,3.623332,3.203107,0.028563,6.377081,0.039822,0.015019
2.611847,-27.181864,-422.348992,6.189684,6.663458,-22.676292,-239.894862,3.587957,3.187169,0.024689,6.377431,0.039201,0.014876
2.612373,-26.846276,-422.195137,6.156704,6.786593,-23.133242,-239.864510,4.027695,2.909906,0.020361,6.379331,0.040342,0.016677
2.612900,-25.293876,-422.223615,6.191120,6.678157,-23.506291,-240.159193,4.191697,2.791087,0.009818,6.380752,0.041064,0.017325
2.613426,-24.926938,-422.011566,6.147642,6.897566,-23.533531,-240.206077,3.935377,3.252301,0.007664,6.380846,0.040148,0.016281
2.613952,-23.991578,-421.777187,6.401466,6.644760,-24.256517,-239.727431,3.616068,3.147219,-0.001455,6.384026,0.040386,0.014989
2.614478,-23.390416,-422.086279,6.430239,6.644701,-24.429332,-239.661925,3.686735,3.182525,-0.005695,6.384767,0.040631,0.015284
2.615004,-22.603565,-421.833711,6.352899,6.591223,-24.429332,-239.661925,3.686735,3.182525,-0.010022,6.384767,0.040318,0.015284
2.615530,-21.992910,-421.714393,6.519135,6.673564,-24.313952,-239.746161,3.567138,3.297121,-0.012755,6.384255,0.040835,0.014792
2.616056,-21.181616,-421.409043,6.223025,6.532597,-24.345794,-239.769787,3.993662,3.301550,-0.017418,6.384377,0.040702,0.016544
2.616583,-20.111358,-421.897628,6.371613,6.551278,-24.567831,-239.788572,3.712266,3.281147,-0.024467,6.385285,0.040481,0.015383
2.617109,-19.651636,-421.484921,6.350182,6.591778,-24.330870,-239.753182,3.732865,3.441456,-0.025742,6.384322,0.040520,0.015478
2.617635,-19.089846,-421.577249,6.134411,6.656188,-24.695398,-239.435409,3.794372,3.260657,-0.030766,6.385962,0.039584,0.015742
2.618161,-18.019474,-421.754157,6.429494,6.606095,-24.353257,-239.159317,3.628597,2.916171,-0.034674,6.384664,0.040407,0.015067
2.618687,-17.165621,-420.527408,6.136757,6.679759,-24.354274,-238.663074,3.580607,3.081383,-0.039507,6.384878,0.039039,0.014905
2.619213,-16.632179,-420.453836,6.287296,6.749609,-23.815215,-238.628415,3.881247,3.036939,-0.039485,6.382656,0.040605,0.016153
2.619740,-15.768547,-420.843117,6.329430,6.708899,-23.571302,-238.918349,3.915954,3.339036,-0.042864,6.381525,0.040875,0.016290
2.620266,-15.293261,-420.823177,6.139618,6.777000,-23.201626,-239.333976,3.926638,3.393128,-0.043547,6.379826,0.040121,0.016311
2.620792,-14.824926,-420.651233,6.130826,6.667545,-22.610660,-238.881303,3.623451,3.212304,-0.042807,6.377556,0.039146,0.015087
2.621318,-14.123738,-420.722768,6.522407,6.458267,-22.370338,-238.952733,3.618952,3.470187,-0.045337,6.376531,0.040992,0.015074
2.621844,-13.488082,-420.935627,6.343792,6.550518,-22.406945,-239.020597,3.610447,3.496207,-0.048988,6.376657,0.040078,0.015035
2.622370,-12.862441,-420.887261,6.220702,6.611365,-21.813666,-239.444105,3.841580,3.170691,-0.049294,6.374036,0.040247,0.015957
2.622897,-12.284124,-420.927587,6.522921,6.446421,-21.278032,-238.979303,3.990042,3.115868,-0.049391,6.371988,0.041968,0.016605
2.623423,-11.354665,-420.979654,6.124152,6.792364,-20.457726,-238.975408,3.702094,3.404953,-0.049974,6.368583,0.039276,0.015426
2.623949,-11.230741,-420.835307,6.168650,6.849807,-19.826834,-239.355369,3.781612,3.188261,-0.047331,6.365831,0.039829,0.015730
2.624475,-10.386432,-420.698332,6.506962,6.618019,-19.771885,-239.336378,3.835555,3.225740,-0.051704,6.365609,0.041589,0.015956
2.625001,-9.769848,-421.026967,6.425934,6.657148,-18.593966,-239.359562,3.738301,3.289606,-0.048535,6.360712,0.040874,0.015560
2.625527,-9.395740,-421.395189,6.216193,6.611084,-17.649688,-239.587285,3.719377,3.058743,-0.045368,6.356720,0.039803,0.015469
2.626053,-8.947695,-421.258923,6.120045,6.642418,-16.703319,-238.835225,3.681749,3.200669,-0.042489,6.353008,0.039118,0.015369
2.626580,-8.305648,-421.330705,6.259609,6.612511,-15.977616,-239.186042,3.475334,3.251042,-0.042095,6.349886,0.039275,0.014494
2.627106,-7.609771,-421.323930,6.394614,6.573996,-15.144910,-239.676981,4.012710,3.249836,-0.041459,6.346290,0.041523,0.016697
2.627632,-7.354819,-422.138456,6.371367,6.674072,-14.471722,-239.888780,3.685549,2.837211,-0.039030,6.343439,0.040355,0.015324
2.628158,-6.765617,-422.574241,6.077634,6.601906,-12.686144,-240.660027,3.628004,3.321321,-0.032534,6.335851,0.038890,0.015051
2.628684,-5.696840,-422.100272,6.456040,6.607600,-12.900855,-240.771202,3.735574,2.765034,-0.039708,6.336716,0.041100,0.015483
2.629210,-5.597063,-422.298099,6.394614,6.573996,-11.773411,-240.705213,3.577311,2.961086,-0.033999,6.332059,0.040326,0.014838
2.629737,-5.232169,-422.387282,6.237722,6.795027,-10.724794,-240.445633,3.659319,3.222190,-0.030180,6.327760,0.039732,0.015200
2.630263,-4.758102,-422.551453,6.018262,6.704919,-8.642930,-240.600031,3.588087,3.021988,-0.021348,6.319092,0.038501,0.014901
2.630789,-3.958111,-422.513299,6.348919,6.666976,-8.417349,-240.100749,3.783950,2.664990,-0.024441,6.318229,0.040505,0.015745
2.631315,-3.817167,-422.451133,6.454020,6.446874,-7.247473,-240.557319,4.008774,3.238891,-0.018857,6.313304,0.041762,0.016654
2.631841,-3.411102,-422.434153,6.564928,6.529141,-6.239730,-240.524435,3.570685,3.099566,-0.015548,6.309122,0.041076,0.014839
2.632367,-2.903080,-422.526311,6.273632,6.729870,-4.626532,-240.653486,3.630006,2.990811,-0.009476,6.302408,0.039851,0.015080
2.632894,-2.773487,-422.705201,6.207161,6.659957,-4.108063,-240.519463,3.535542,2.650022,-0.007325,6.300264,0.039209,0.014697
2.633420,-1.893459,-422.985683,6.507582,6.764976,-2.862261,-240.537012,3.738387,2.856287,-0.005310,6.295084,0.041134,0.015540
2.633946,-1.623776,-422.986877,6.519702,6.771712,-1.080523,-240.707413,3.493627,2.853053,0.002980,6.287674,0.040579,0.014514
2.634472,-0.795872,-422.832976,6.174555,6.682490,-0.601037,-240.466140,3.597361,2.747846,0.001068,6.285685,0.039185,0.014960
2.634998,-0.652099,-422.873893,6.164478,6.836088,0.197883,-240.834036,3.969841,2.839735,0.004669,6.282364,0.040277,0.016484
2.635524,0.005702,-423.097605,6.347480,6.693205,2.326883,-240.179121,3.163522,2.699663,0.012689,6.273497,0.038769,0.013171
2.636050,1.047590,-421.897162,6.189639,6.649334,3.327073,-239.425985,3.708212,3.030227,0.012492,6.269290,0.039540,0.015486
2.636577,1.240925,-421.919581,6.233992,6.616964,5.318844,-239.400340,3.642982,2.890618,0.022339,6.260972,0.039550,0.015212
2.637103,1.859176,-421.961950,6.571615,6.523143,6.187462,-239.452246,3.239329,2.751798,0.023711,6.257351,0.040132,0.013522
2.637629,2.475902,-421.842747,6.418836,6.860990,6.984339,-239.303687,3.716375,2.729543,0.024693,6.254008,0.040620,0.015520
2.638155,3.133398,-421.673583,6.247926,6.652972,7.608972,-239.102034,3.671065,3.049280,0.024509,6.251373,0.039680,0.015343
2.638681,3.367289,-421.698639,6.142841,6.725257,9.219047,-239.140428,3.593994,2.875136,0.032043,6.244654,0.038966,0.015014
2.639207,4.331597,-421.689437,6.488589,6.855583,10.539842,-239.261683,3.533816,2.609088,0.034018,6.239162,0.040477,0.014749
2.639734,4.703208,-421.310747,6.511626,6.732835,12.016425,-238.756720,3.304207,2.776209,0.040039,6.232899,0.039967,0.013817
2.640260,5.178941,-421.472012,6.205699,6.731717,12.828316,-239.461357,3.598482,2.979349,0.042002,6.229665,0.039380,0.014999
2.640786,6.134482,-421.330593,6.411236,6.772883,13.669349,-239.603718,3.523225,2.738606,0.041439,6.226197,0.040221,0.014671
2.641312,6.816778,-421.045335,6.359411,6.720452,14.932003,-239.607894,3.513990,2.897557,0.044698,6.220947,0.040006,0.014628
2.641838,7.233689,-420.825763,6.287753,6.775838,15.979960,-239.242043,3.480065,2.544915,0.048129,6.216490,0.039532,0.014499
2.642364,8.265530,-422.003963,6.317127,6.912163,16.840004,-240.343359,3.788100,2.733790,0.047166,6.213233,0.040503,0.015704
2.642890,9.136069,-421.793477,6.226967,6.788186,18.412291,-240.611640,4.055077,2.848452,0.051154,6.206811,0.040959,0.016779
2.643417,9.900368,-421.606457,6.212729,6.782109,19.385401,-240.349019,3.636402,3.054926,0.052281,6.202704,0.039665,0.015066
2.643943,11.096464,-421.575788,6.273186,6.935817,20.098610,-240.160976,3.633405,2.758110,0.049581,6.199692,0.039914,0.015054
2.644469,11.563166,-421.399847,6.501790,6.891802,21.285257,-239.851323,3.644152,2.830730,0.053500,6.194674,0.040996,0.015110
2.644995,12.756002,-421.374454,6.143489,6.753626,21.911221,-239.867530,3.707989,2.958371,0.050397,6.192091,0.039487,0.015371
2.645521,13.299522,-421.247280,6.230458,6.982276,23.291392,-239.227635,3.680954,2.680618,0.054839,6.186130,0.039701,0.015281
2.646047,14.239465,-421.079285,6.413672,6.740988,23.636867,-238.905205,3.532761,2.581605,0.051539,6.184568,0.040139,0.014682
2.646574,15.134829,-421.046893,6.200641,6.835329,25.020324,-239.039521,3.688438,2.528438,0.054260,6.178895,0.039583,0.015302
2.647100,16.372062,-421.117585,6.344774,6.675575,25.069310,-238.683041,3.564874,2.525019,0.047637,6.178537,0.039845,0.014813
2.647626,17.228369,-420.800664,6.102734,6.717068,25.320118,-238.744131,3.654092,2.581394,0.044417,6.177525,0.039033,0.015178
2.648152,18.370381,-420.381478,6.455355,6.689800,26.945517,-238.764713,3.692058,2.565971,0.047181,6.170807,0.040898,0.015316
2.648678,19.636728,-420.653441,6.461878,6.704178,27.573474,-238.271137,3.547819,2.578300,0.043490,6.167975,0.040379,0.014745
2.649204,20.816147,-420.492547,6.282468,6.923926,28.514599,-238.585284,3.998478,2.429061,0.042296,6.164234,0.040901,0.016567
2.649731,21.841987,-420.483994,6.360591,6.665968,29.361581,-238.590736,3.608873,2.678088,0.041317,6.160738,0.040170,0.014962
2.650257,22.897822,-420.613458,6.241970,6.861341,29.646355,-238.781530,3.628901,2.939773,0.037097,6.159661,0.039683,0.015042
2.650783,24.027989,-420.218230,6.367144,6.760935,30.409307,-238.734666,4.011930,2.811260,0.035147,6.156491,0.041441,0.016602
2.651309,25.539671,-420.389135,6.272770,6.678167,31.273140,-238.266512,3.714195,2.712676,0.031471,6.152679,0.040007,0.015395
2.651835,26.516834,-420.236415,6.213992,6.695588,31.361258,-238.523681,3.628881,2.652074,0.026653,6.152454,0.039587,0.015024
2.652361,27.825401,-420.375579,6.384385,6.640103,31.414247,-237.955765,3.700739,2.442760,0.019671,6.151927,0.040444,0.015344
2.652887,29.279270,-420.332664,6.079817,6.775151,31.327937,-238.696381,3.686168,2.849420,0.011278,6.152685,0.039142,0.015259
2.653414,30.677505,-420.433726,6.184337,6.811657,32.422816,-238.597324,4.098156,2.644492,0.009598,6.148123,0.040798,0.016929
2.653940,31.564484,-419.555373,6.054348,6.952290,32.236570,-237.629223,3.925171,2.781139,0.003694,6.148349,0.039661,0.016294
2.654466,33.241667,-419.325761,6.215398,6.701038,33.390383,-237.088742,3.633678,2.539065,0.000816,6.143271,0.039507,0.015101
2.654992,34.309057,-419.114395,6.459736,6.735060,33.401667,-237.187688,3.577299,2.568518,-0.004988,6.143282,0.040588,0.014864
2.655518,35.535760,-419.150721,6.319816,6.723597,33.689391,-237.498602,3.521469,2.832990,-0.010164,6.142275,0.039825,0.014629
2.656044,37.054475,-418.945618,6.234032,6.777534,33.975442,-237.045912,3.195914,2.634526,-0.016925,6.140826,0.038508,0.013303
2.656571,38.554617,-418.967059,6.385763,6.786477,33.384347,-238.011524,3.716303,3.047663,-0.028564,6.143831,0.040814,0.015414
2.657097,39.863200,-418.918891,6.352467,6.606999,33.889717,-238.310784,3.813140,3.098610,-0.033062,6.141924,0.041000,0.015788
2.657623,41.333376,-419.058705,6.207922,6.761836,33.889717,-238.310784,3.813140,3.098610,-0.041159,6.141924,0.040275,0.015788
2.658149,42.748223,-418.853918,6.222112,6.815031,33.982367,-237.967325,3.698433,3.131431,-0.048423,6.141342,0.039972,0.015342
2.658675,44.146884,-419.952236,6.479696,6.623641,33.970743,-238.901139,3.816667,3.105888,-0.056147,6.141936,0.041467,0.015764
2.659201,45.334472,-419.790607,6.166600,6.562900,33.918662,-238.906205,3.778908,3.115775,-0.063027,6.142153,0.039905,0.015611
2.659728,46.994227,-419.952049,6.097810,6.782422,33.870665,-239.180692,3.917124,3.130738,-0.072470,6.142509,0.039994,0.016158
2.660254,48.283039,-419.501889,6.425807,6.611602,33.435156,-239.060388,3.703883,3.046862,-0.082101,6.144226,0.040960,0.015296
2.660780,49.881596,-419.517962,6.423334,6.863018,33.664370,-238.100114,3.709601,2.560613,-0.089155,6.142729,0.040720,0.015347
2.661306,50.676103,-418.868085,6.359112,6.803206,33.280072,-238.307808,3.569766,2.644177,-0.096048,6.144431,0.040203,0.014771
2.661832,52.456839,-418.738327,6.442733,6.822796,33.165287,-238.665755,3.655368,2.797281,-0.106725,6.145108,0.040900,0.015110
2.662358,53.422198,-419.184275,6.158734,6.854158,33.321630,-238.810095,3.493927,2.930596,-0.110980,6.144548,0.039041,0.014449
2.662884,54.556679,-418.674966,6.423148,6.822520,33.019517,-238.828545,3.576011,2.981446,-0.119186,6.145800,0.040594,0.014790
2.663411,56.338757,-418.519959,6.361419,6.806460,33.129886,-238.712866,3.539601,2.973504,-0.128367,6.145281,0.040167,0.014646
2.663937,57.338076,-418.460577,6.371705,6.694974,32.370413,-239.074766,3.586651,3.064537,-0.138296,6.148605,0.040377,0.014830
2.664463,58.535801,-417.959919,6.337930,6.557914,32.114756,-238.905316,3.492988,2.975457,-0.146501,6.149562,0.039979,0.014455
2.664989,59.967334,-417.768137,6.356034,6.383940,31.454788,-239.596479,3.590439,3.228247,-0.158683,6.152649,0.040437,0.014834
2.665515,61.304097,-417.670141,6.148958,6.748754,31.135490,-239.325366,3.561959,3.139882,-0.167573,6.153815,0.039340,0.014732
2.666041,62.340492,-417.358385,6.345960,6.504200,30.828422,-239.353660,3.559297,2.917910,-0.175214,6.155092,0.040225,0.014709
2.666568,63.245129,-417.229226,6.147682,6.565215,31.080940,-239.058134,3.330658,3.036426,-0.178601,6.153896,0.038661,0.013797
2.667094,64.581070,-417.118426,6.247600,6.576403,29.950972,-238.116241,3.180036,2.157749,-0.191101,6.158059,0.038433,0.013195
2.667620,65.412811,-416.854333,6.282477,6.461076,30.133541,-238.258480,3.027545,2.308087,-0.195026,6.157379,0.038285,0.012565
2.668146,66.211098,-416.492632,6.374584,6.343848,29.167600,-238.761615,3.214561,2.535349,-0.205483,6.161626,0.039255,0.013327
2.668672,67.156405,-416.198185,6.528310,6.432696,28.524700,-238.598933,3.555894,2.400412,-0.214185,6.164199,0.040765,0.014741
2.669198,68.139052,-416.040629,6.364477,6.434886,27.973002,-238.244948,3.108250,2.401211,-0.222182,6.166308,0.038802,0.012922
2.669725,69.276658,-415.787817,6.062568,6.657230,27.570504,-238.759642,3.147827,2.546062,-0.231371,6.168221,0.037647,0.013067
2.670251,70.050293,-415.469761,6.309424,6.518467,27.397245,-238.967909,3.784452,2.493598,-0.237112,6.169035,0.040406,0.015676
2.670777,71.010001,-415.665043,6.049951,6.645540,27.123813,-239.019581,3.582819,2.426190,-0.243512,6.170189,0.038644,0.014843
2.671303,71.584664,-415.303517,6.260774,6.486169,26.647607,-238.779538,3.530538,2.558332,-0.249272,6.172046,0.039388,0.014652
2.671829,71.728240,-414.871122,6.269458,6.534642,26.387304,-238.874378,3.540145,2.585734,-0.252141,6.173166,0.039557,0.014689
2.672355,72.482804,-414.837680,6.277107,6.380267,25.672381,-238.835061,3.101123,2.547237,-0.259947,6.176106,0.038396,0.012886
2.672881,72.859527,-414.527011,6.388772,6.490228,24.887267,-239.004757,3.421766,2.427891,-0.266796,6.179430,0.039711,0.014202
2.673408,73.574309,-414.624166,6.366311,6.470379,24.828259,-239.029767,3.507823,2.681488,-0.270787,6.179685,0.039785,0.014564
2.673934,73.854628,-413.371107,6.310627,6.567236,24.593025,-237.862852,3.499842,2.540209,-0.273639,6.180160,0.039517,0.014599
2.674460,74.087420,-413.931790,6.394233,6.686513,23.926127,-239.925976,3.671363,3.075381,-0.280664,6.183791,0.040710,0.015204
2.674986,74.452689,-413.702725,6.267633,6.698027,23.061679,-239.245427,3.595228,2.468665,-0.286474,6.187089,0.039691,0.014922
2.675512,74.536547,-413.666499,6.314753,6.684168,22.567399,-239.732650,3.649569,2.771952,-0.290343,6.189326,0.040152,0.015128
2.676038,74.872603,-413.749637,6.526907,6.528730,21.881438,-238.729185,3.174993,2.444409,-0.293997,6.191783,0.039562,0.013222
2.676565,74.865035,-413.644411,6.503906,6.612097,22.538832,-238.997236,3.409840,2.611967,-0.291100,6.189158,0.040175,0.014178
2.677091,75.067431,-413.596166,6.361861,6.662980,21.174175,-239.323756,3.487233,2.469779,-0.299919,6.194940,0.039701,0.014486
2.677617,75.179483,-413.153557,6.439632,6.642178,21.152972,-239.103602,3.432555,2.690472,-0.300978,6.194947,0.039979,0.014279
2.678143,75.018165,-413.368192,6.369793,6.792558,20.643035,-239.798215,3.634441,2.775083,-0.303591,6.197312,0.040322,0.015077
2.678669,74.966459,-413.406869,6.540292,6.741173,20.830236,-239.558986,3.396390,2.963609,-0.301882,6.196451,0.040471,0.014112
2.679195,74.628911,-413.375542,6.346667,6.792461,20.649822,-238.976291,3.499087,2.621615,-0.300163,6.196990,0.039714,0.014564
2.679722,74.307512,-413.284433,6.254138,6.806830,19.831377,-238.861414,3.150564,2.622201,-0.302723,6.200351,0.038468,0.013131
2.680248,73.929980,-413.406912,6.397816,6.797443,20.276130,-239.023780,3.476187,2.621299,-0.298486,6.198559,0.039910,0.014469
2.680774,73.760484,-413.400212,6.349115,6.622718,19.295983,-239.127512,3.482435,2.676686,-0.302907,6.202666,0.039613,0.014497
2.681300,73.207109,-413.565069,6.333413,6.775867,18.770563,-239.544965,3.676248,2.918838,-0.303174,6.204986,0.040189,0.015283
2.681826,72.785452,-413.721388,6.464485,6.612451,18.979528,-239.246731,3.561162,2.453495,-0.299135,6.204021,0.040270,0.014814
2.682352,71.997411,-414.007941,6.244060,6.790382,18.626500,-239.199425,3.458583,2.355059,-0.296322,6.205472,0.039076,0.014392
2.682878,71.263019,-414.184457,6.328644,6.752377,18.681886,-239.201054,3.553010,2.442009,-0.291908,6.205242,0.039688,0.014785
2.683405,70.397120,-414.153747,6.375961,6.724330,18.461560,-239.470936,3.498772,2.385297,-0.288990,6.206244,0.039847,0.014544
2.683931,69.548429,-414.762854,6.289579,6.761718,17.837483,-239.278048,3.210151,2.352536,-0.286564,6.208776,0.038642,0.013362
2.684457,68.564992,-414.751753,6.366447,6.998962,18.564099,-240.623984,3.235979,3.272787,-0.279627,6.206188,0.039676,0.013409
2.684983,67.573377,-414.871294,6.268880,6.780469,17.735347,-239.307681,3.139149,2.462585,-0.276598,6.209209,0.038500,0.013068
2.685509,66.302453,-415.272781,6.431435,6.746383,18.210089,-239.564386,3.496299,2.504811,-0.267162,6.207318,0.040137,0.014532
2.686035,65.445383,-415.890870,6.274666,6.745204,17.135533,-239.518625,3.419885,2.492829,-0.267351,6.211765,0.039095,0.014225
2.686562,64.557664,-415.929646,6.006927,7.081961,17.082260,-239.540141,3.395861,2.496462,-0.262920,6.211993,0.038010,0.014124
2.687088,63.130056,-415.987077,6.088059,6.630379,16.662427,-239.980981,3.538313,2.752940,-0.258122,6.213864,0.038732,0.014695
2.687614,61.805678,-416.261412,6.104614,6.655805,16.425323,-240.709072,3.367222,3.127357,-0.252963,6.215054,0.038584,0.013952
2.688140,60.714115,-416.576840,6.115262,6.965647,16.529875,-240.529535,3.375693,3.238039,-0.245900,6.214570,0.038722,0.013999
2.688666,58.992675,-416.985755,6.136481,6.989963,16.470493,-240.617981,3.363943,3.185228,-0.236584,6.214841,0.038790,0.013944
2.689192,57.575723,-417.295093,6.268892,6.706004,16.382036,-240.374655,3.413417,3.056873,-0.228762,6.215138,0.039361,0.014161
2.689719,56.017672,-417.397586,6.391401,6.691236,16.793042,-239.442013,3.416423,2.475567,-0.216949,6.213166,0.039742,0.014217
2.690245,54.362331,-417.799149,6.123794,6.588892,16.355102,-240.266391,3.472601,3.090292,-0.210902,6.215219,0.038834,0.014413
2.690771,52.897863,-418.518766,6.189496,6.746765,16.442081,-240.507226,3.423495,3.220129,-0.202001,6.214927,0.039018,0.014198
2.691297,50.947925,-418.765756,6.171791,6.744040,16.559569,-239.599388,3.437812,2.384791,-0.189629,6.214181,0.038741,0.014296
2.691823,49.420669,-418.989329,6.321204,6.814334,16.606731,-239.609794,3.445034,2.565724,-0.180930,6.213989,0.039492,0.014328
2.692349,47.710734,-419.431988,6.212838,6.866105,16.663437,-240.239397,3.279917,3.015433,-0.171559,6.213934,0.038709,0.013615
2.692875,46.217627,-419.733331,6.342257,6.771901,16.724068,-240.150625,3.290336,3.066963,-0.162781,6.213658,0.039303,0.013664
2.693402,44.243887,-419.714145,6.345353,6.797501,16.645765,-239.484717,3.449012,2.485113,-0.151947,6.213790,0.039612,0.014351
2.693928,42.596325,-420.169134,6.123055,6.629666,16.306740,-239.364544,3.295916,2.474385,-0.144391,6.215165,0.038074,0.013724
2.694454,40.529125,-420.446849,6.079727,6.747720,16.483540,-239.310515,3.457791,2.505533,-0.131977,6.214415,0.038297,0.014399
2.694980,38.626341,-420.678697,6.122134,6.545733,16.580549,-239.414444,3.451873,2.456316,-0.121028,6.214041,0.038487,0.014367
2.695506,36.819949,-420.830098,6.190710,6.670940,16.533279,-240.217892,3.295990,3.013606,-0.111853,6.214468,0.038610,0.013683
2.696032,34.820115,-420.855847,6.190710,6.670940,16.695836,-240.379982,3.430951,2.945634,-0.100089,6.213841,0.039034,0.014230
2.696559,32.884793,-421.257454,6.201888,6.557820,16.749711,-240.220984,3.377039,3.060315,-0.088891,6.213572,0.038861,0.014018
2.697085,31.085169,-421.615347,6.053676,6.740100,16.736303,-240.313339,3.347147,3.019720,-0.078979,6.213654,0.038052,0.013888
2.697611,29.008783,-421.822311,6.040572,6.836447,16.793777,-240.226252,3.354740,3.071570,-0.067164,6.213391,0.037979,0.013925
2.698137,27.018477,-421.632986,5.977446,6.779875,16.737709,-240.292020,3.422949,3.001726,-0.056632,6.213642,0.037933,0.014203
2.698663,24.834424,-421.727207,6.084890,6.687515,16.197792,-240.397580,3.717484,3.050009,-0.047593,6.215908,0.039282,0.015418
2.699189,22.806446,-421.628300,6.173816,6.713552,15.698656,-241.442551,3.708609,3.353537,-0.039427,6.218256,0.039942,0.015322
2.699716,21.035389,-421.804292,6.222256,6.773288,15.683695,-241.155342,3.750371,3.162967,-0.029616,6.218241,0.040200,0.015509
2.700242,18.962366,-421.758576,6.191080,6.749249,15.608306,-241.218019,3.773728,3.101399,-0.018576,6.218569,0.040154,0.015601
2.700768,17.191761,-421.771562,6.136960,6.782336,15.577591,-241.368768,3.805646,3.241212,-0.008947,6.218736,0.040027,0.015725
2.701294,15.191927,-421.797311,6.136960,6.782336,15.370410,-241.161078,3.929403,3.193652,0.000988,6.219536,0.040342,0.016250
2.701820,13.330095,-422.176456,6.012847,6.654105,14.976579,-241.117694,3.649765,3.259623,0.009093,6.221152,0.038847,0.015102
2.702346,11.248752,-422.230499,6.003101,6.563746,14.965796,-241.120486,3.595809,3.190878,0.020521,6.221197,0.038630,0.014878
2.702872,9.221010,-422.162188,6.198340,6.603710,14.788858,-241.021090,3.512196,3.215539,0.030728,6.221903,0.039312,0.014540
2.703399,7.371630,-422.010014,6.129756,6.743827,15.406654,-241.571600,3.933379,3.326452,0.044501,6.219495,0.040327,0.016240
2.703925,5.992919,-422.043896,6.270554,6.601668,15.071582,-241.478899,3.726249,3.358496,0.050237,6.220853,0.040347,0.015395
2.704451,3.977346,-421.974743,6.249458,6.661133,14.364232,-241.064327,3.527795,3.154846,0.057352,6.223669,0.039607,0.014603
2.704977,1.944567,-421.784295,6.187274,6.776603,14.385628,-240.938318,3.624709,3.056789,0.068685,6.223549,0.039565,0.015010
2.705503,0.332881,-421.882548,5.957855,6.773800,13.922659,-240.930108,3.784181,3.256163,0.074961,6.225462,0.038910,0.015674
2.706029,-1.425863,-421.760289,6.086256,6.802161,13.492890,-241.143888,3.906600,3.163374,0.082412,6.227290,0.039916,0.016166
2.706556,-3.075323,-421.657516,6.206937,6.679378,13.316919,-241.288784,3.729908,3.191142,0.090633,6.228050,0.039990,0.015428
2.707082,-5.006926,-421.444953,6.152627,6.737669,12.612784,-240.887203,3.552071,2.931922,0.097277,6.230873,0.039174,0.014719
2.707608,-6.928005,-421.230196,6.261880,6.719688,12.107371,-240.685185,3.775379,2.876396,0.105045,6.232924,0.040276,0.015658
2.708134,-8.401624,-421.336087,6.250931,6.681010,12.445078,-240.582314,3.786550,2.770005,0.114825,6.231502,0.040161,0.015708
2.708660,-9.524316,-421.000489,6.290356,6.582548,11.742727,-240.465362,3.980721,2.694367,0.117260,6.234391,0.040926,0.016524
2.709186,-11.466159,-420.950033,6.279833,6.553711,10.569258,-240.781134,3.519787,2.833828,0.121700,6.239318,0.039657,0.014599
2.709713,-12.759756,-421.261430,6.142261,6.645982,10.732631,-241.052778,3.582676,2.934219,0.129631,6.238691,0.039142,0.014843
2.710239,-13.866172,-420.928709,6.328730,6.444966,10.814027,-240.024089,3.672701,2.701874,0.135590,6.238162,0.040044,0.015279
2.710765,-15.293762,-420.869781,6.290740,6.499037,10.470141,-240.854213,3.813406,3.014112,0.142155,6.239742,0.040432,0.015812
2.711291,-16.803915,-421.027763,6.186640,6.625041,9.264435,-240.686951,3.690861,2.858420,0.143556,6.244713,0.039537,0.015319
2.711817,-17.529511,-420.863155,6.286607,6.547573,8.969310,-240.728452,3.614654,2.746371,0.146058,6.245944,0.039811,0.015001
2.712343,-19.051871,-420.283440,6.167569,6.816088,8.753485,-240.708592,3.727232,2.841650,0.153620,6.246836,0.039681,0.015470
2.712869,-20.201140,-420.235129,6.204629,6.907129,7.507986,-240.505581,3.622441,2.760689,0.152967,6.251978,0.039541,0.015051
2.713396,-21.033294,-420.225527,6.237535,6.883886,7.061214,-240.858798,3.768699,2.934216,0.155369,6.253877,0.040167,0.015638
2.713922,-22.797840,-420.433582,6.266001,6.843376,6.850299,-240.919638,3.806185,2.958970,0.163680,6.254759,0.040313,0.015790
2.714448,-23.299442,-420.368399,6.273549,6.867621,5.319827,-240.714436,3.652435,2.857005,0.157975,6.261089,0.039929,0.015168
2.714974,-24.576455,-420.487243,6.228059,6.818479,4.983742,-240.814436,3.591492,2.761790,0.163062,6.262493,0.039508,0.014909
2.715500,-25.289861,-420.325535,6.178051,6.664317,4.868791,-240.746410,3.669820,2.738415,0.166388,6.262964,0.039465,0.015239
2.716026,-26.081634,-420.257094,6.313053,6.720827,4.361496,-240.840204,3.567530,2.910611,0.168077,6.265078,0.039858,0.014810
2.716553,-26.977227,-420.524284,6.198837,6.830019,3.282884,-240.848547,3.667569,2.916366,0.166849,6.269556,0.039564,0.015226
2.717079,-27.288745,-420.427561,6.246651,6.808060,2.608794,-240.939457,3.590798,2.869786,0.165056,6.272358,0.039625,0.014902
2.717605,-27.996752,-420.098113,6.339901,6.747316,1.489171,-241.024780,3.479687,2.908128,0.163194,6.277007,0.039866,0.014437
2.718131,-28.977061,-420.550033,6.198837,6.830019,0.893291,-241.273364,3.643590,2.939235,0.165099,6.279483,0.039599,0.015101
2.718657,-29.230343,-420.372887,6.233563,6.773457,0.446722,-241.221282,3.532855,2.991858,0.164163,6.281333,0.039493,0.014646
2.719183,-29.631661,-420.512958,6.134276,6.839527,-0.491351,-240.608577,3.622441,2.760689,0.160582,6.285227,0.039125,0.015055
2.719710,-30.382175,-420.368970,6.214735,6.738727,-0.974622,-240.875487,3.658809,2.813959,0.162394,6.287231,0.039663,0.015189
2.720236,-30.974328,-420.615240,6.231582,6.936344,-1.806818,-240.917778,3.817156,2.867361,0.160911,6.290685,0.040170,0.015844
2.720762,-31.051542,-420.616234,6.204250,6.935992,-2.723936,-240.638287,3.737511,2.726392,0.156114,6.294504,0.039783,0.015530
2.721288,-31.260615,-420.572590,6.231752,6.865915,-3.453252,-240.615836,3.651261,2.749320,0.153310,6.297536,0.039687,0.015172
2.721814,-31.522432,-420.428117,6.254120,6.847368,-4.819507,-241.038578,3.666823,3.012498,0.147769,6.303177,0.040001,0.015209
2.722340,-31.980257,-420.301433,6.404444,6.791718,-5.326912,-240.691854,3.588320,2.649811,0.147321,6.305313,0.040424,0.014903
2.722866,-32.065990,-420.269246,6.352749,6.805746,-6.368900,-240.710832,3.329044,2.745374,0.142147,6.309638,0.039559,0.013824
2.723393,-32.578031,-420.537285,6.287348,6.965667,-7.198592,-240.736606,3.662362,2.711583,0.140227,6.313079,0.040093,0.015203
2.723919,-32.851842,-420.539922,6.227865,6.999943,-7.516599,-240.736753,3.472707,2.733024,0.139984,6.314398,0.039312,0.014416
2.724445,-32.710095,-420.757290,6.347022,6.814972,-8.904611,-240.927336,3.685146,2.906582,0.131613,6.320128,0.040466,0.015281
2.724971,-32.934723,-420.846849,6.194887,6.839024,-9.288261,-240.905190,3.579668,2.777118,0.130663,6.321722,0.039444,0.014844
2.725497,-32.868180,-421.201761,6.201097,6.637047,-10.572803,-240.596415,3.611845,2.688732,0.122827,6.327101,0.039434,0.014991
2.726023,-32.771528,-421.289667,6.154488,6.883479,-11.003811,-240.557303,3.737869,2.723675,0.119864,6.328896,0.039572,0.015515
2.726550,-32.771524,-421.231501,6.186383,6.775660,-11.501179,-240.165029,3.667748,2.403624,0.116937,6.331037,0.039448,0.015244
2.727076,-32.822580,-421.600936,6.171660,6.844947,-11.497712,-240.501082,3.957165,2.585498,0.117212,6.330956,0.040203,0.016424
2.727602,-32.343615,-421.483649,6.420956,6.683044,-13.104867,-240.503012,3.640853,2.637627,0.105905,6.337621,0.040545,0.015105
2.728128,-32.702776,-421.658922,6.150858,6.853693,-14.098250,-240.620052,3.194734,2.770675,0.102406,6.341710,0.038112,0.013249
2.728654,-32.241302,-421.810679,6.428039,6.891487,-15.122319,-240.598794,3.563310,2.545806,0.094190,6.345956,0.040378,0.014767
2.729180,-31.842395,-421.866971,6.468616,6.682945,-15.688718,-240.847751,3.645165,2.895189,0.089002,6.348233,0.040849,0.015091
2.729707,-31.586600,-421.873160,6.410438,6.706699,-16.053584,-240.377754,3.900790,2.549146,0.085375,6.349871,0.041182,0.016171
2.730233,-31.286670,-421.914521,6.175259,6.754496,-17.154939,-240.954959,3.725123,3.144075,0.077935,6.354261,0.039740,0.015410
2.730759,-31.131151,-421.990119,6.151391,6.507113,-17.422610,-240.898136,3.547296,3.197319,0.075555,6.355383,0.039104,0.014680
2.731285,-30.683186,-421.177106,6.160013,6.746958,-18.001399,-239.526586,3.684698,2.915217,0.069701,6.358198,0.039424,0.015324
2.731811,-30.255753,-421.047702,6.273133,6.664025,-18.919822,-239.502091,3.608435,2.923274,0.062360,6.362018,0.039786,0.015004
2.732337,-29.607433,-422.394692,6.304968,6.739769,-19.327043,-240.329064,3.598241,2.819258,0.056405,6.363432,0.039810,0.014905
2.732863,-29.464810,-422.266258,6.395584,6.644141,-19.465997,-240.489847,3.516565,2.930888,0.054951,6.363952,0.040090,0.014560
2.733390,-29.141919,-422.269317,6.228342,6.815900,-19.936128,-240.925251,3.712940,3.110695,0.050721,6.365745,0.039937,0.015343
2.733916,-28.660503,-422.184036,6.345955,6.788329,-21.197318,-240.322307,3.588011,2.810470,0.041015,6.371161,0.040053,0.014850
2.734442,-28.225341,-421.973335,6.278212,6.632726,-21.225719,-240.297947,3.655714,2.830164,0.038509,6.371287,0.039959,0.015131
2.734968,-27.570981,-422.081138,6.365172,6.708857,-21.533795,-240.683660,3.607179,3.070976,0.033269,6.372417,0.040311,0.014911
2.735494,-27.096055,-422.013032,6.235339,6.861711,-21.808816,-240.653242,3.469518,3.134091,0.029145,6.373562,0.039330,0.014347
2.736020,-26.894113,-422.127453,6.168361,6.860480,-21.957952,-240.635945,3.705930,3.080459,0.027191,6.374183,0.039636,0.015317
2.736547,-25.940784,-422.217368,6.394501,6.812857,-22.409061,-240.810359,3.869707,3.015663,0.019466,6.375975,0.041194,0.015973
2.737073,-25.663299,-421.843807,6.461337,6.799981,-22.509955,-240.682486,3.868199,3.072593,0.017405,6.376440,0.041563,0.015976
2.737599,-25.135426,-421.952901,6.192393,6.911083,-22.971057,-239.863802,3.684124,2.897701,0.011886,6.378661,0.039568,0.015263
2.738125,-24.456141,-421.901633,6.357984,6.952373,-23.007896,-239.886040,3.569734,2.921646,0.007957,6.378805,0.040059,0.014791
2.738651,-23.768045,-421.998443,6.438197,6.858682,-23.106068,-239.857604,3.625558,2.909014,0.003634,6.379221,0.040566,0.015021
2.739177,-23.266366,-422.006362,6.172683,6.900227,-22.649703,-240.271362,3.934633,2.982271,0.003393,6.377175,0.040279,0.016273
2.739704,-23.176111,-421.896136,6.170074,6.905314,-23.345128,-240.203440,3.666188,2.873186,-0.000930,6.380070,0.039501,0.015164
2.740230,-22.496050,-421.920121,6.232106,7.046473,-23.453977,-240.091698,3.597041,2.970314,-0.005268,6.380564,0.039574,0.014889
2.740756,-21.725957,-421.796416,6.480395,6.851760,-23.502717,-240.076146,3.624973,2.964928,-0.009777,6.380771,0.040860,0.015004
2.741282,-21.462815,-421.843594,6.330001,6.932321,-23.453977,-240.091698,3.597041,2.970314,-0.010955,6.380564,0.040056,0.014889
2.741808,-20.869469,-422.111171,6.142650,7.001923,-23.453977,-240.091698,3.597041,2.970314,-0.014198,6.380564,0.039104,0.014889
2.742334,-20.745726,-421.993167,6.100835,6.982266,-23.393552,-240.059114,3.633883,2.991928,-0.014553,6.380328,0.039028,0.015043
2.742860,-19.927051,-421.908463,6.376291,6.704059,-23.265282,-239.835176,3.627338,3.033982,-0.018332,6.379888,0.040284,0.015033
2.743387,-19.361622,-422.014844,6.187986,6.749809,-22.712054,-239.931557,3.702960,3.165480,-0.018398,6.377565,0.039598,0.015346
2.743913,-19.092928,-421.924638,6.242662,6.759641,-22.443045,-240.609259,3.886093,3.113025,-0.018475,6.376192,0.040549,0.016056
2.744439,-18.115214,-421.983110,6.214372,6.754092,-22.030810,-240.789234,3.803662,3.294881,-0.021607,6.374425,0.040202,0.015715
2.744965,-17.655539,-421.996551,6.316878,6.716090,-21.254833,-240.646977,3.618808,3.105002,-0.019845,6.371280,0.040136,0.014964
2.745491,-17.420756,-422.199496,6.391920,6.694237,-21.271255,-241.020845,3.572819,2.575409,-0.021249,6.371212,0.040407,0.014739
2.746017,-17.067693,-422.111801,6.241194,6.728522,-20.959873,-240.174775,3.613450,3.046470,-0.021390,6.370234,0.039630,0.014972
2.746544,-16.164741,-422.456046,6.345514,6.577006,-20.058622,-240.450431,3.690226,3.023344,-0.021391,6.366414,0.040322,0.015277
2.747070,-15.585940,-422.193315,6.449724,6.692397,-19.485582,-239.655980,3.616079,2.426362,-0.021360,6.364313,0.040498,0.015012
2.747596,-15.228341,-422.278031,6.206100,6.671210,-19.119093,-239.759388,3.659144,2.479684,-0.021314,6.362760,0.039464,0.015187
2.748122,-15.010786,-422.457366,6.219611,6.662477,-18.234065,-240.892471,3.857245,3.190061,-0.017751,6.358735,0.040302,0.015952
2.748648,-14.559247,-422.669449,6.078025,6.846249,-16.950354,-239.541016,3.619831,2.328470,-0.013056,6.353829,0.038627,0.015052
2.749174,-13.916332,-422.787707,6.417782,6.850052,-16.964857,-239.634220,3.652553,2.255069,-0.016643,6.353862,0.040312,0.015181
2.749701,-13.437790,-422.693898,6.140064,6.604464,-16.629824,-240.025562,3.730077,2.472360,-0.017473,6.352358,0.039323,0.015482
2.750227,-13.224647,-422.679368,6.218039,6.655557,-15.965159,-239.988239,3.300563,2.370320,-0.015000,6.349612,0.038529,0.013708
2.750753,-12.806301,-422.741407,6.179587,6.897163,-14.950099,-240.791107,3.756267,2.962567,-0.011782,6.345193,0.039743,0.015558
2.751279,-12.250326,-422.748873,6.291291,6.859858,-14.763711,-240.188237,3.758024,2.475740,-0.013767,6.344575,0.040138,0.015600
2.751805,-11.794865,-422.735286,6.269648,6.892352,-12.950411,-239.867404,3.860512,2.380657,-0.006319,6.337123,0.040263,0.016056
2.752331,-11.102753,-422.593997,6.217507,6.904079,-12.013425,-240.491221,3.160352,2.659889,-0.005001,6.333098,0.038300,0.013120
2.752857,-10.679877,-422.595498,6.090858,6.813500,-11.687819,-239.919335,4.044413,2.174633,-0.005518,6.331862,0.040023,0.016823
2.753384,-10.055330,-422.658036,6.453443,6.633021,-10.715557,-239.776346,3.587353,2.041196,-0.003610,6.327845,0.040373,0.014936
2.753910,-9.833524,-422.707355,6.369526,6.867699,-9.285892,-239.941506,3.670738,2.273465,0.002996,6.321867,0.040224,0.015280
2.754436,-9.474086,-422.237268,6.441060,6.635070,-8.546072,-239.862215,3.646584,2.103677,0.005088,6.318799,0.040584,0.015187
2.754962,-8.911285,-422.570949,6.129920,6.811008,-7.857383,-239.842236,3.264012,2.326568,0.005768,6.315934,0.038005,0.013598
2.755488,-8.136241,-422.598293,6.453980,6.705445,-6.712605,-239.860832,3.531941,2.139186,0.007790,6.311163,0.040260,0.014716
2.756014,-7.739708,-422.659738,6.351758,6.650638,-5.825207,-240.705922,3.926084,2.721263,0.010522,6.307381,0.041037,0.016303
2.756541,-6.972100,-422.573761,6.122132,6.936193,-4.937692,-240.171925,3.595401,2.257171,0.011153,6.303741,0.038922,0.014965
2.757067,-6.680209,-422.544000,6.090858,6.813500,-3.188116,-239.940759,3.504093,2.285204,0.019122,6.296472,0.038475,0.014602
2.757593,-5.925334,-422.627779,6.466589,6.748940,-3.001451,-240.104457,3.706138,2.237608,0.016018,6.295685,0.040829,0.015434
2.758119,-5.497360,-422.410939,6.410252,6.750647,-1.293520,-239.798004,3.688794,2.249278,0.023016,6.288579,0.040489,0.015383
2.758645,-5.096450,-422.612116,6.239515,6.844550,-0.437600,-240.899576,3.634333,2.810953,0.025633,6.285002,0.039725,0.015086
2.759171,-4.465883,-422.508621,6.261245,6.689636,0.134917,-241.018100,3.025169,3.172015,0.025345,6.282626,0.038304,0.012552
2.759698,-3.655997,-422.796012,6.326006,7.052463,1.202020,-240.029925,3.697175,2.254535,0.026574,6.278178,0.040077,0.015403
2.760224,-3.154441,-422.241509,6.226205,6.846446,2.889699,-240.224540,3.681623,2.617769,0.033194,6.271157,0.039718,0.015324
2.760750,-2.312385,-422.511826,6.343979,6.725138,4.054174,-240.416706,4.176560,2.482531,0.034949,6.266324,0.041683,0.017368
2.761276,-1.858796,-422.453737,6.398917,6.825282,5.160059,-240.054501,3.468476,2.492107,0.038462,6.261693,0.039875,0.014444
2.761802,-1.177720,-422.510695,6.252626,6.897116,5.832946,-239.865982,3.251016,2.291128,0.038365,6.258873,0.038558,0.013547
2.762328,-0.278639,-422.504379,6.319899,6.647489,6.707024,-239.788750,3.568146,2.315327,0.038214,6.255222,0.039690,0.014871
2.762854,0.636463,-422.519451,6.225806,6.704361,7.997716,-240.700574,4.089380,2.761037,0.040465,6.249971,0.040933,0.016975
2.763381,0.819771,-422.408915,6.279008,6.553586,9.005637,-240.313477,3.615353,2.599631,0.044923,6.245728,0.039747,0.015029
2.763907,1.922548,-421.768235,6.375044,6.627111,10.396588,-239.601650,3.537373,2.834665,0.046485,6.239821,0.039978,0.014745
2.764433,2.851704,-422.579399,6.211551,6.600233,11.231617,-239.477449,3.528554,2.180440,0.045734,6.236319,0.038973,0.014708
2.764959,2.957737,-422.400072,6.236197,6.433501,11.986227,-239.679467,3.189839,2.250349,0.049371,6.233218,0.038286,0.013284
2.765485,4.222818,-422.373164,6.352356,6.517452,13.028983,-240.267962,3.505820,2.696809,0.048320,6.229011,0.039794,0.014561
2.766011,4.971655,-422.123800,6.259611,6.888524,13.448465,-240.392605,3.622428,2.575827,0.046611,6.227300,0.039754,0.015034
2.766538,5.863323,-421.863086,6.363947,6.739719,13.919743,-239.330300,3.271163,2.209615,0.044108,6.225090,0.039162,0.013632
2.767064,6.840387,-421.881875,6.123394,6.751035,15.350435,-239.510560,3.667732,2.167990,0.046629,6.219182,0.039096,0.015262
2.767590,7.466409,-422.121442,6.078402,6.711387,16.179803,-240.168470,3.118358,3.070895,0.047852,6.215918,0.037510,0.012954
2.768116,8.796023,-421.765849,6.127083,6.700386,16.692694,-240.643546,3.627534,2.922639,0.043571,6.213929,0.039277,0.015026
2.768642,9.826473,-421.974234,6.266849,6.865928,17.217419,-240.528496,3.606175,2.992989,0.040711,6.211726,0.039818,0.014943
2.769168,10.425870,-421.591908,6.365172,6.708857,18.599877,-239.524409,3.749550,2.571009,0.044865,6.205687,0.040532,0.015582
2.769695,11.397952,-421.801478,6.072863,6.943251,18.912691,-239.620799,3.848592,2.516313,0.041225,6.204421,0.039433,0.015983
2.770221,12.837777,-421.745357,6.150710,6.706018,20.535130,-239.325720,3.613547,2.440906,0.042171,6.197591,0.039071,0.015014
2.770747,14.218908,-421.496161,6.378656,6.644852,20.899810,-239.208987,3.770267,2.447293,0.036634,6.196036,0.040618,0.015667
2.771273,14.879412,-421.754366,6.158005,6.712625,21.183096,-239.330706,3.782893,2.394592,0.034541,6.194906,0.039593,0.015708
2.771799,16.330717,-421.543907,6.148970,6.615785,21.905562,-239.376448,4.013039,2.574344,0.030593,6.191929,0.040287,0.016654
2.772325,17.318252,-421.303899,6.282702,6.794419,22.902178,-239.041581,3.467871,2.469582,0.030627,6.187669,0.039355,0.014409
2.772851,18.757997,-421.468970,6.096047,6.966494,23.548861,-239.472555,3.518867,2.950426,0.026318,6.185164,0.038664,0.014603
2.773378,19.608173,-421.208714,6.443818,6.809898,23.507248,-238.906874,3.583917,2.578612,0.021385,6.185106,0.040437,0.014895
2.773904,20.851192,-421.261360,6.094193,6.681644,24.963043,-239.078077,3.598410,2.749322,0.022566,6.179149,0.038838,0.014936
2.774430,22.134757,-421.269929,6.294028,6.793014,25.483316,-238.607162,3.504514,2.356448,0.018330,6.176788,0.039432,0.014559
2.774956,22.863129,-421.346429,6.072947,6.768375,26.184388,-238.327271,3.117105,2.436838,0.018145,6.173757,0.037292,0.012971
2.775482,24.634732,-421.448367,6.187986,6.749809,26.341078,-239.049153,3.702432,2.712084,0.009355,6.173437,0.039533,0.015352
2.776008,25.649794,-420.947991,6.216168,6.686524,26.670407,-239.182155,3.572329,2.799307,0.005615,6.172137,0.039443,0.014808
2.776535,27.070186,-421.080483,6.139378,6.668896,27.831914,-238.817895,3.142182,2.518108,0.004179,6.167168,0.037839,0.013037
2.777061,28.702159,-421.277065,6.165717,6.769367,27.310750,-239.277032,3.568767,2.922517,-0.007645,6.169539,0.039142,0.014787
2.777587,29.763405,-420.604554,6.469467,6.619571,27.960399,-240.176474,3.700451,3.336938,-0.009993,6.167291,0.041305,0.015285
2.778113,31.186781,-420.668328,6.181375,6.747196,27.865311,-240.166797,3.805755,3.299237,-0.018399,6.167677,0.040209,0.015715
2.778639,32.700119,-420.907242,6.089840,6.776271,28.379062,-239.527074,3.956297,3.039366,-0.023819,6.165256,0.040027,0.016356
2.779165,33.743409,-420.766602,6.471419,6.673029,29.093510,-238.990238,3.500686,2.708231,-0.025575,6.162046,0.040462,0.014498
2.779692,35.155350,-420.682029,6.111552,6.858315,29.183753,-238.583409,3.453853,2.510929,-0.032781,6.161469,0.038531,0.014319
2.780218,36.465344,-420.863607,6.297549,6.841543,28.973900,-239.169775,3.574583,2.924375,-0.041208,6.162629,0.039823,0.014802
2.780744,37.947896,-420.619352,6.476985,6.960858,29.049094,-239.277146,3.551342,3.101317,-0.049033,6.162373,0.040688,0.014708
2.781270,39.246530,-420.393894,6.117341,6.952509,29.088390,-239.269682,3.590564,3.086553,-0.056025,6.162207,0.039110,0.014868
2.781796,40.577838,-420.431876,6.244387,6.795044,29.062308,-239.628363,3.526205,3.324281,-0.063605,6.162494,0.039592,0.014596
2.782322,41.955780,-420.293268,6.354014,6.863982,28.987638,-240.081388,3.596742,3.269549,-0.071837,6.163026,0.040420,0.014855
2.782848,43.172966,-420.177971,6.114939,7.029780,29.371832,-240.019044,3.573236,3.355692,-0.076456,6.161418,0.039221,0.014764
2.783375,44.997099,-420.039396,6.066579,6.916320,29.315352,-239.966445,3.529934,3.400528,-0.086866,6.161623,0.038861,0.014594
2.783901,46.113134,-419.773943,6.333337,6.709866,29.280694,-239.941889,3.542258,3.402523,-0.093329,6.161753,0.040190,0.014646
2.784427,47.298646,-419.704408,6.144922,6.642607,29.280694,-239.941889,3.542258,3.402523,-0.099898,6.161753,0.039281,0.014646
2.784953,48.674055,-419.902400,6.080631,6.966990,29.315352,-239.966445,3.529934,3.400528,-0.107174,6.161623,0.038899,0.014594
2.785479,50.033301,-419.833980,6.466169,6.877909,29.658914,-239.975732,3.820105,3.375440,-0.112799,6.160218,0.041502,0.015772
2.786005,51.474404,-419.355073,6.165895,6.976685,29.314890,-240.000874,3.384191,3.373533,-0.122929,6.161642,0.038983,0.013996
2.786532,52.339848,-419.348345,6.245650,6.928015,29.173427,-240.177822,3.525172,3.266806,-0.128585,6.162311,0.039743,0.014555
2.787058,53.509853,-419.237993,6.289660,7.013787,29.316127,-240.147420,3.370580,3.301279,-0.134279,6.161711,0.039550,0.013928
2.787584,54.965981,-418.737485,6.083274,6.900771,29.247928,-239.298010,3.153179,3.045420,-0.142355,6.161565,0.037879,0.013073
2.788110,56.279334,-418.546412,6.389955,7.000303,29.636987,-238.539313,3.078636,2.555258,-0.146940,6.159575,0.039022,0.012777
2.788636,56.922593,-418.294914,6.208919,6.789384,28.679540,-238.993618,3.747766,2.748886,-0.156234,6.163755,0.039965,0.015519
2.789162,58.511433,-418.093135,6.265043,6.979271,29.303834,-238.297977,3.194727,2.449364,-0.161043,6.160828,0.038661,0.013265
2.789689,59.311594,-418.096553,6.118383,6.746292,29.152459,-238.407049,3.441864,2.751467,-0.166290,6.161509,0.038569,0.014292
2.790215,60.442276,-417.561112,6.267646,6.532414,29.072520,-238.553545,3.438277,2.750811,-0.173481,6.161913,0.039326,0.014269
2.790741,61.518782,-417.798155,6.343616,6.605163,28.894078,-238.517920,3.487038,2.748489,-0.180006,6.162633,0.039710,0.014474
2.791267,62.377163,-417.163679,6.355444,6.723324,28.264770,-239.028967,3.575490,3.169430,-0.189207,6.165484,0.040233,0.014833
2.791793,63.369631,-417.417721,6.151032,6.846667,27.180499,-239.310052,3.589077,3.174436,-0.200458,6.170091,0.039279,0.014881
2.792319,64.243293,-417.038972,6.337858,6.624426,27.249820,-238.863946,3.661249,2.904748,-0.204716,6.169595,0.040202,0.015193
2.792845,65.240527,-416.740637,6.431201,6.585194,27.460885,-238.461349,3.565322,2.504653,-0.208823,6.168532,0.040279,0.014804
2.793372,65.985288,-416.599978,6.360547,6.555109,27.225471,-238.777776,3.494719,2.546546,-0.214613,6.169655,0.039821,0.014498
2.793898,66.513501,-416.308526,6.380433,6.653948,26.510600,-238.836920,3.623226,2.606222,-0.221699,6.172639,0.040282,0.015033
2.794424,67.238588,-416.008419,6.444685,6.595448,26.382734,-239.543345,3.578433,3.102466,-0.227515,6.173490,0.040674,0.014827
2.794950,67.910030,-415.843325,6.238873,6.780068,26.363084,-239.666251,3.502521,3.061594,-0.231594,6.173627,0.039612,0.014506
2.795476,68.461285,-415.769013,6.450415,6.913623,26.002473,-240.139355,3.810765,3.134964,-0.237201,6.175325,0.041494,0.015747
2.796002,69.471071,-415.622484,6.297197,6.758535,26.117199,-239.329935,3.294724,1.987883,-0.241135,6.174489,0.039128,0.013634
2.796529,69.707074,-415.471969,6.291618,6.632508,25.034976,-239.281451,3.631441,2.618098,-0.248312,6.178939,0.039922,0.015055
2.797055,69.996742,-415.410359,6.398506,6.697018,24.873875,-239.141921,3.668849,2.615229,-0.250608,6.179545,0.040474,0.015219
2.797581,70.260534,-415.266326,6.397346,6.708963,25.150833,-239.980247,3.646685,3.155033,-0.251883,6.178763,0.040701,0.015092
2.798107,70.575574,-415.303372,6.390020,6.776370,24.653484,-238.988539,3.704124,2.527128,-0.254794,6.180391,0.040485,0.015374
2.798633,70.975758,-415.023519,6.340482,6.776004,24.557157,-238.924357,3.691149,2.659048,-0.257731,6.180763,0.040265,0.015329
2.799159,71.529130,-415.093112,6.361922,6.642563,23.971692,-239.142932,4.017550,2.571220,-0.263981,6.183279,0.041136,0.016667
2.799686,71.591739,-415.041241,6.404629,6.711557,23.982298,-239.068150,3.985813,2.619935,-0.264224,6.183204,0.041256,0.016542
2.800212,71.493968,-415.063910,6.372597,6.679262,24.209695,-240.670749,3.674967,3.481893,-0.264770,6.182930,0.040780,0.015185
2.800738,71.714267,-415.073660,6.463991,6.657352,23.838201,-240.405627,3.997917,3.318917,-0.267527,6.184350,0.041904,0.016524
2.801264,71.714267,-415.073660,6.463991,6.657352,23.428217,-240.091491,3.593133,3.138733,-0.269248,6.185913,0.040728,0.014878
2.801790,71.793912,-414.847660,6.445392,6.745247,23.364313,-239.921707,3.622554,3.213032,-0.270092,6.186108,0.040766,0.015013
2.802316,71.500102,-414.820552,6.362099,6.812285,22.841590,-238.989525,3.617878,2.530260,-0.269978,6.187899,0.040096,0.015035
2.802842,71.614232,-414.687798,6.398625,6.792099,23.069428,-239.999638,3.652965,3.162445,-0.271055,6.187357,0.040687,0.015133
2.803369,71.032260,-414.555052,6.070763,6.970852,22.804443,-239.324299,3.667815,2.525677,-0.268575,6.188185,0.039153,0.015220
2.803895,71.219897,-414.610994,6.208034,6.936174,22.091604,-239.291534,4.012858,2.595714,-0.273214,6.191125,0.040605,0.016658
2.804421,70.230901,-414.863136,6.460625,6.857899,21.868222,-239.463368,3.935771,2.557296,-0.269043,6.192116,0.041485,0.016329
2.804947,70.017832,-414.771073,6.502851,6.755045,21.095641,-239.108215,3.608260,2.771118,-0.271618,6.195187,0.040731,0.015008
2.805473,69.451012,-415.069391,6.283199,6.681522,21.425918,-240.232894,3.576362,3.242745,-0.268074,6.194233,0.039952,0.014818
2.805999,68.669931,-415.172131,6.315502,6.783017,21.226077,-240.096394,3.527926,3.034922,-0.264635,6.195008,0.039956,0.014622
2.806526,68.012019,-415.243269,6.347910,6.889347,20.903943,-239.151424,3.638583,2.654990,-0.261399,6.195998,0.040164,0.015130
2.807052,67.636599,-415.412620,6.339449,6.844200,21.000852,-239.393897,3.655228,2.539475,-0.258997,6.195684,0.040181,0.015180
2.807578,66.740824,-415.515595,6.117740,6.831085,21.065435,-239.901499,3.488009,3.169984,-0.254452,6.195601,0.038985,0.014474
2.808104,65.994400,-415.525795,6.391508,6.699530,20.832302,-239.369529,3.680507,2.540491,-0.250970,6.196374,0.040487,0.015288
2.808630,65.282937,-416.092212,6.397749,6.815876,21.190042,-239.924311,3.647255,3.222663,-0.245251,6.195094,0.040610,0.015130
2.809156,64.333971,-416.015426,6.216718,6.860372,21.158666,-240.039056,3.658268,3.150202,-0.240595,6.195266,0.039917,0.015166
2.809683,62.942598,-416.515886,6.189456,6.685678,21.116241,-240.000037,3.569300,3.137981,-0.232664,6.195427,0.039458,0.014802
2.810209,62.260038,-416.663169,6.313902,6.755568,20.219622,-240.042495,3.793733,3.048447,-0.233678,6.199150,0.040585,0.015729
2.810735,60.943019,-416.862302,6.134708,6.927221,20.937256,-240.327036,3.534126,3.302138,-0.222852,6.196285,0.039280,0.014643
2.811261,60.017340,-417.346088,6.391401,6.691236,21.126181,-240.351670,3.635728,2.993848,-0.216294,6.195514,0.040571,0.015050
2.811787,58.493702,-417.329148,6.379731,6.807573,21.006316,-240.486630,3.554949,3.112705,-0.208889,6.196057,0.040445,0.014713
2.812313,57.674316,-417.752792,6.397783,6.686975,21.043343,-240.312378,3.460405,2.969214,-0.203581,6.195841,0.040155,0.014330
2.812839,56.178937,-417.802486,6.375486,6.634004,19.637953,-239.512728,3.766431,2.498837,-0.202153,6.201377,0.040619,0.015643
2.813366,55.076599,-418.135660,6.069744,6.915557,20.003702,-239.687867,3.686754,3.013250,-0.194071,6.199921,0.039143,0.015311
2.813892,53.936462,-418.113445,6.344827,6.752502,19.965444,-240.498096,3.620079,3.202161,-0.188979,6.200358,0.040429,0.014990
2.814418,52.345864,-418.851104,6.285450,6.778640,19.877694,-240.477278,3.689884,3.193121,-0.180052,6.200713,0.040237,0.015279
2.814944,50.942924,-418.875448,6.149939,6.829541,19.873346,-240.434676,3.677574,3.222140,-0.172389,6.200717,0.039626,0.015232
2.815470,49.506365,-419.497169,6.294057,6.730117,19.799724,-240.572699,3.716689,3.120314,-0.164528,6.201068,0.040317,0.015382
2.815996,48.132786,-419.740539,6.291516,6.787293,19.718858,-240.559003,3.668477,3.374832,-0.157267,6.201397,0.040185,0.015191
2.816523,46.320021,-419.940584,6.348324,6.665744,19.805684,-240.393490,3.675075,3.254451,-0.146614,6.200982,0.040426,0.015225
2.817049,45.071538,-419.858420,6.056264,6.735703,19.651206,-240.510028,3.611826,3.179665,-0.140799,6.201660,0.038973,0.014956
2.817575,43.200189,-420.389638,6.098047,6.849059,19.554084,-240.493650,3.820254,3.357888,-0.130694,6.202056,0.039701,0.015821
2.818101,41.849683,-420.322004,6.145576,6.852144,19.460455,-240.699675,3.877758,3.183484,-0.124007,6.202511,0.040170,0.016041
2.818627,39.595351,-420.607740,5.916244,6.916700,19.006114,-240.467219,3.805265,3.140053,-0.113802,6.204311,0.038838,0.015760
2.819153,38.688081,-420.735758,6.168828,6.754842,18.881025,-240.574316,3.629989,3.045638,-0.109501,6.204863,0.039508,0.015029
2.819680,36.896196,-420.719456,6.207056,6.782671,19.533454,-240.082776,3.427492,2.986873,-0.095825,6.202003,0.039089,0.014218
2.820206,34.890728,-420.983854,6.191871,6.605634,18.888513,-239.361814,3.877172,2.748853,-0.087880,6.204437,0.040063,0.016123
2.820732,33.346527,-421.089982,6.038231,6.822375,18.703340,-240.253286,3.751690,2.960371,-0.080798,6.205494,0.039195,0.015551
2.821258,32.079296,-421.347816,6.391219,6.747085,18.658703,-240.557640,4.059713,3.132701,-0.074097,6.205776,0.041762,0.016805
2.821784,30.527426,-421.298233,6.248336,6.888614,18.526863,-240.676346,4.021823,3.081636,-0.066343,6.206358,0.041052,0.016641
2.822310,28.390124,-421.459308,6.288508,6.722363,18.810686,-240.497710,3.708320,3.227905,-0.052887,6.205129,0.040289,0.015361
2.822836,26.898681,-421.588398,6.116095,6.890877,17.956448,-240.133957,3.857849,3.180481,-0.049241,6.208547,0.039808,0.016006
2.823363,25.107457,-422.047807,6.027072,6.815117,18.026087,-240.425182,3.823457,3.209037,-0.038970,6.208349,0.039272,0.015845
2.823889,23.283042,-421.982193,6.054799,6.868596,17.872350,-240.404888,3.710311,3.234579,-0.029789,6.208979,0.039094,0.015381
2.824415,21.372130,-421.958793,6.079653,6.805815,17.807952,-240.326506,3.694608,3.185710,-0.019621,6.209221,0.039162,0.015321
2.824941,20.125205,-422.068606,6.401344,6.680303,17.462347,-240.132949,3.677239,3.273193,-0.014635,6.210594,0.040573,0.015265
2.825467,18.257447,-422.129676,6.396553,6.766662,17.160875,-240.297955,3.702844,3.159549,-0.006031,6.211891,0.040647,0.015360
2.825993,16.500951,-422.161840,6.133243,6.838684,17.009157,-240.535389,3.751992,3.140454,0.002798,6.212589,0.039586,0.015548
2.826520,14.969030,-422.075652,6.050158,6.775516,16.776876,-240.770912,3.858397,3.262427,0.009971,6.213618,0.039577,0.015975
2.827046,12.898717,-421.951604,6.228760,6.867413,16.446534,-240.904553,3.924057,3.212182,0.019594,6.215021,0.040655,0.016239
2.827572,11.459825,-421.951553,6.052763,6.661790,15.990988,-240.483181,3.767885,2.999987,0.024964,6.216788,0.039277,0.015621
2.828098,10.314057,-421.989162,6.047958,6.855968,15.975016,-240.442812,3.950192,3.053980,0.031172,6.216843,0.039772,0.016378
2.828624,8.464727,-421.989313,6.173834,6.911859,15.492771,-239.991628,3.718570,2.506032,0.038597,6.218719,0.039572,0.015445
2.829150,6.699161,-421.859230,6.236294,6.917782,15.066096,-241.042227,3.718729,3.242133,0.046240,6.220763,0.040118,0.015390
2.829677,4.966549,-421.496740,6.191916,6.817981,14.652627,-241.042967,3.983607,3.295222,0.053625,6.222472,0.040746,0.016487
2.830203,3.595836,-421.810657,6.054726,6.878806,14.340852,-240.933006,3.996315,3.172057,0.059335,6.223733,0.040044,0.016547
2.830729,2.337182,-421.911697,6.096809,6.920712,14.353095,-240.871813,3.982520,3.227558,0.066274,6.223668,0.040145,0.016494
2.831255,0.826632,-421.770721,6.145072,6.785784,13.378248,-240.830569,3.797297,3.401929,0.069258,6.227692,0.039837,0.015738
2.831781,-0.910803,-422.077668,6.190541,6.713984,12.983833,-240.404888,3.871738,3.091816,0.076333,6.229230,0.040077,0.016073
2.832307,-1.906076,-421.606195,5.975670,6.765164,12.449302,-240.464033,4.160857,2.994476,0.079084,6.231459,0.040077,0.017269
2.832833,-3.316279,-421.416274,6.161704,6.650535,12.329519,-240.541189,3.917256,3.388051,0.086286,6.231973,0.040224,0.016258
2.833360,-4.993961,-421.519775,6.213519,6.835521,11.499157,-240.908645,3.721447,3.388353,0.091066,6.235489,0.039953,0.015427
2.833886,-6.055383,-421.839676,6.187324,6.780523,11.452175,-240.460354,3.830047,2.812401,0.096226,6.235595,0.039937,0.015902
2.834412,-7.120821,-421.970204,6.086038,6.791416,11.022894,-239.988300,3.802437,3.158613,0.099372,6.237287,0.039257,0.015822
2.834938,-8.656613,-421.583071,6.047446,6.733269,10.058988,-240.497801,3.769756,3.004101,0.102987,6.241384,0.039159,0.015656
2.835464,-9.414436,-421.965390,6.170383,6.799146,9.299448,-240.570618,3.854116,3.100663,0.102803,6.244549,0.039907,0.016005
2.835990,-10.738642,-421.648599,6.093005,6.720673,9.533238,-240.228963,3.773631,2.870426,0.111279,6.243522,0.039270,0.015691
2.836517,-11.860368,-421.693999,6.086877,6.631663,9.116640,-240.370757,3.630974,2.995694,0.115176,6.245276,0.038843,0.015091
2.837043,-13.121446,-421.427029,6.138850,6.715457,7.189572,-240.714600,3.738028,3.031341,0.111924,6.253327,0.039536,0.015520
2.837569,-13.898653,-421.620677,6.071104,6.636252,6.999574,-240.730163,3.750132,3.306018,0.115020,6.254117,0.039209,0.015570
2.838095,-14.910459,-421.565556,6.082931,6.763079,7.155612,-241.323055,3.653450,3.591005,0.121818,6.253542,0.039124,0.015132
2.838621,-15.856336,-421.365460,6.213066,6.600883,5.401276,-240.244587,3.787275,2.834599,0.116832,6.260707,0.039893,0.015759
2.839147,-16.830274,-421.516857,6.126655,6.786664,5.505533,-240.521164,3.711656,3.025633,0.122784,6.260299,0.039301,0.015426
2.839674,-17.646043,-421.424797,6.143030,6.720313,4.148749,-241.314212,4.031341,3.041834,0.120422,6.265995,0.040502,0.016702
2.840200,-18.575669,-421.498958,6.288542,6.647574,3.421456,-241.362431,3.781202,3.193598,0.121512,6.269011,0.040437,0.015664
2.840726,-19.063888,-421.661714,6.249933,6.770116,2.436687,-241.388910,4.049232,3.151700,0.118706,6.273091,0.041021,0.016774
2.841252,-19.659552,-421.489007,6.231331,6.713858,2.071932,-241.192291,3.908436,3.044945,0.119953,6.274595,0.040506,0.016204
2.841778,-20.909111,-421.608690,6.167877,6.774943,1.250881,-241.288584,3.739195,3.115619,0.122279,6.278001,0.039722,0.015497
2.842304,-21.200830,-421.851510,6.193772,6.695399,1.450648,-240.806218,3.716956,3.402660,0.124468,6.277161,0.039615,0.015435
2.842830,-21.406767,-421.422460,6.305846,6.482369,0.318564,-241.322719,3.869002,3.335404,0.120049,6.281865,0.040774,0.016032
2.843357,-22.714334,-421.755111,6.143780,6.731670,-0.347932,-240.959537,3.661589,3.335590,0.123086,6.284629,0.039291,0.015196
2.843883,-22.829777,-421.594104,6.126655,6.786664,-0.783040,-241.292436,3.633609,3.277570,0.121673,6.286430,0.039249,0.015059
2.844409,-23.209345,-421.617999,6.338425,6.768079,-2.155547,-240.811202,3.711725,2.897497,0.115922,6.292136,0.040353,0.015413
2.844935,-23.674623,-421.608484,6.396735,6.769009,-2.523913,-241.051448,3.645790,3.219029,0.116610,6.293655,0.040511,0.015124
2.845461,-24.334252,-421.872628,6.348355,6.621287,-4.007993,-241.103893,3.722387,2.990258,0.111973,6.299807,0.040449,0.015436
2.845987,-24.679124,-421.986903,6.122142,6.768435,-4.554168,-241.165656,3.680443,3.028958,0.110841,6.302067,0.039281,0.015257
2.846514,-24.858810,-421.867749,6.152115,6.681284,-4.908730,-241.106481,3.764624,3.244415,0.109922,6.303542,0.039675,0.015610
2.847040,-25.243347,-422.058951,6.183753,6.666094,-6.205581,-241.082538,3.652468,3.267006,0.104809,6.308920,0.039481,0.015144
2.847566,-25.333893,-422.064101,6.146753,6.756520,-6.510500,-240.559490,3.650656,3.374234,0.103338,6.310243,0.039202,0.015169
2.848092,-25.785721,-422.314982,6.365151,6.704183,-7.233053,-240.507153,4.138359,3.330961,0.101693,6.313250,0.041538,0.017196
2.848618,-26.183148,-421.865608,6.393063,6.736691,-8.047695,-240.687782,3.913394,3.032385,0.099765,6.316609,0.041161,0.016247
2.849144,-26.253109,-421.851004,6.415375,6.709646,-8.670482,-240.742719,3.755667,3.273147,0.096780,6.319185,0.040856,0.015588
2.849671,-26.432575,-421.889208,6.299346,6.742991,-8.781949,-240.376265,3.735176,3.488599,0.096937,6.319703,0.040171,0.015527
2.850197,-26.438542,-421.899907,6.429274,6.693654,-10.340042,-240.629820,3.647158,3.117368,0.088577,6.326130,0.040617,0.015139
2.850723,-26.782895,-422.166430,6.198115,6.759291,-10.777662,-240.902860,3.768162,3.427583,0.088070,6.327894,0.039876,0.015624
2.851249,-26.669883,-421.995916,6.332139,6.784972,-11.585223,-240.997874,4.055077,2.848452,0.083149,6.331220,0.041394,0.016797
2.851775,-27.020352,-421.851973,6.163719,6.695720,-12.359248,-241.015056,3.761673,3.313531,0.080897,6.334420,0.039809,0.015583
2.852301,-27.098310,-421.890819,6.202047,6.683296,-12.738291,-240.685392,3.832475,3.563588,0.079082,6.336061,0.040118,0.015898
2.852827,-27.041756,-421.800337,6.213246,6.733392,-13.198500,-240.242978,3.994961,3.086279,0.076100,6.338068,0.040568,0.016594
2.853354,-27.011717,-421.896220,6.191296,6.659906,-14.445149,-240.394384,3.810186,3.205831,0.069126,6.343203,0.039961,0.015813
2.853880,-27.011717,-421.896220,6.191296,6.659906,-14.576818,-240.615448,3.737078,3.555470,0.068487,6.343693,0.039807,0.015500
2.854406,-27.011717,-421.896220,6.191296,6.659906,-15.259632,-240.578232,4.157179,3.534128,0.064724,6.346529,0.041045,0.017236
2.854932,-26.891083,-421.889867,6.173148,6.679907,-15.443991,-240.423618,4.224261,3.374172,0.062998,6.347334,0.041139,0.017521
2.855458,-26.891083,-421.889867,6.173148,6.679907,-16.380650,-240.731025,3.966078,3.509469,0.057953,6.351126,0.040439,0.016429
2.855984,-26.582035,-422.122884,6.305529,6.802332,-16.657268,-240.770885,3.786703,3.570818,0.054672,6.352258,0.040502,0.015686
2.856511,-26.622212,-421.776284,6.347418,6.662846,-16.893248,-240.183288,3.921993,3.476233,0.053524,6.353404,0.041030,0.016280
2.857037,-26.418060,-422.051085,6.399131,6.804004,-16.502691,-239.555407,3.677858,3.183043,0.054279,6.351965,0.040386,0.015307
2.857563,-26.418060,-422.051085,6.399131,6.804004,-18.184815,-240.490443,3.971374,3.137033,0.045316,6.358657,0.041438,0.016449
2.858089,-26.362618,-421.959627,6.343830,6.721462,-18.060579,-239.659693,3.957879,3.192354,0.045509,6.358402,0.040973,0.016452
2.858615,-26.097234,-421.970320,6.508431,6.680490,-18.500737,-239.995516,4.132448,3.370716,0.041721,6.360121,0.042327,0.017151
2.859141,-25.586212,-421.949630,6.385985,6.625674,-18.448150,-240.413059,4.024407,3.712079,0.039300,6.359770,0.041548,0.016683
2.859668,-25.586212,-421.949630,6.385985,6.625674,-19.127932,-240.152642,3.992124,3.386339,0.035510,6.362667,0.041399,0.016556
2.860194,-25.305850,-422.418859,6.395652,6.795959,-19.150367,-240.387137,3.929639,3.541958,0.033803,6.362682,0.041214,0.016286
2.860720,-25.287708,-422.308570,6.414297,6.704816,-19.079991,-240.539269,3.977975,3.633918,0.034138,6.362341,0.041500,0.016477
2.861246,-24.867045,-422.455745,6.245947,6.662150,-19.614265,-240.246411,4.108892,3.265262,0.028820,6.364647,0.041014,0.017025
2.861772,-24.463922,-422.460240,6.258248,6.625942,-19.418396,-240.375877,4.118889,3.510825,0.027703,6.363794,0.041130,0.017064
2.862298,-24.187369,-422.244558,6.329834,6.492938,-19.493755,-240.835077,4.123220,3.584377,0.025867,6.363952,0.041628,0.017051
2.862824,-23.972700,-422.473456,6.397668,6.620392,-19.492532,-240.334557,4.085175,3.508521,0.024593,6.364114,0.041662,0.016928
2.863351,-23.614464,-422.545833,6.351716,6.725730,-19.819241,-240.599846,3.982476,3.404930,0.020856,6.365374,0.041195,0.016481
2.863877,-23.589168,-422.410699,6.324930,6.682746,-19.870999,-240.899189,4.017877,3.558342,0.020482,6.365486,0.041274,0.016610
2.864403,-23.342634,-422.548034,6.424952,6.751667,-19.967951,-240.702193,4.028725,3.471378,0.018556,6.365953,0.041696,0.016665
2.864929,-22.947742,-422.495019,6.203553,6.649388,-19.638178,-240.497454,4.127175,3.591133,0.018183,6.364661,0.040934,0.017090
2.865455,-23.031270,-422.430502,6.159032,6.635047,-19.555842,-239.935130,4.121645,3.447127,0.019042,6.364510,0.040602,0.017104
2.865981,-22.356283,-422.472015,6.294129,6.615288,-19.519118,-240.610666,4.094658,3.662815,0.015599,6.364131,0.041284,0.016951
2.866508,-21.899915,-422.019887,6.286015,6.603860,-19.414185,-240.474601,4.074131,3.590761,0.013691,6.363743,0.041258,0.016875
2.867034,-21.595845,-422.294956,6.381855,6.731373,-19.272527,-240.562543,4.135809,3.602076,0.012784,6.363129,0.041843,0.017124
2.867560,-21.455562,-422.518097,6.392674,6.666711,-19.079991,-240.539269,3.977975,3.633918,0.013053,6.362341,0.041371,0.016477
2.868086,-21.117200,-422.177970,6.130007,6.626848,-18.683558,-240.189237,3.938312,3.537616,0.013372,6.360816,0.040033,0.016338
2.868612,-20.971727,-422.085989,6.207272,6.845947,-18.542620,-240.241397,3.864789,3.268497,0.013357,6.360216,0.040207,0.016026
2.869138,-20.883770,-422.358848,6.239086,6.688171,-17.753953,-240.329285,4.201702,3.307141,0.017192,6.356925,0.041317,0.017418
2.869665,-20.191844,-422.037914,6.348203,6.531339,-17.320027,-240.082886,4.168877,3.193712,0.015782,6.355202,0.041734,0.017301
2.870191,-19.721762,-422.323951,6.386672,6.391739,-17.389327,-240.782096,4.150586,3.508650,0.012847,6.355280,0.041953,0.017180
2.870717,-19.615098,-421.847030,6.329100,6.613908,-16.530723,-240.379091,3.820411,3.378427,0.016995,6.351847,0.040733,0.015848
2.871243,-18.980334,-422.253234,6.163583,6.766580,-16.466708,-240.776170,4.021791,3.513284,0.013850,6.351469,0.040551,0.016655
2.871769,-18.956036,-422.541310,6.225978,6.586395,-15.631908,-240.449569,4.139430,3.411693,0.018253,6.348105,0.041052,0.017168
2.872295,-18.728645,-422.390743,6.198394,6.589660,-14.198517,-239.928871,3.551456,3.471354,0.024823,6.342294,0.039141,0.014775
2.872821,-17.794781,-422.338078,6.313010,6.340135,-14.334710,-240.436789,3.657573,3.465145,0.019019,6.342734,0.040102,0.015182
2.873348,-17.703434,-422.387526,6.366367,6.339675,-14.530096,-240.740391,3.705504,3.581639,0.017468,6.343468,0.040546,0.015362
2.873874,-17.335918,-422.660449,6.184440,6.643902,-13.139917,-239.435935,4.089847,3.070305,0.022897,6.338009,0.040456,0.017044
2.874400,-16.956952,-422.501485,6.112506,6.624633,-12.628485,-240.475040,3.852326,3.436967,0.023775,6.335652,0.039683,0.015993
2.874926,-16.548364,-422.612325,6.096499,6.566404,-11.574079,-240.317271,4.088647,3.373300,0.027280,6.331310,0.040253,0.016988
2.875452,-16.139953,-422.718227,6.181451,6.655417,-11.160815,-240.459997,4.173003,3.191564,0.027312,6.329566,0.040905,0.017328
2.875978,-15.452176,-422.631289,6.161783,6.558140,-10.769611,-240.307927,3.896402,2.851362,0.025677,6.327971,0.039972,0.016190
2.876505,-15.234498,-422.847513,6.201317,6.498242,-10.016035,-240.525944,3.942074,3.150880,0.028614,6.324803,0.040287,0.016370
2.877031,-14.754714,-422.915790,6.092593,6.666038,-8.578234,-240.384895,3.703940,3.333584,0.033825,6.318856,0.039042,0.015397
2.877557,-14.370857,-422.733545,6.274126,6.582102,-7.970129,-240.179702,3.567510,3.252876,0.035048,6.316357,0.039513,0.014844
2.878083,-13.531901,-422.973025,6.202847,6.597901,-7.686292,-241.446149,4.116696,3.116131,0.032191,6.315009,0.040989,0.017038
2.878609,-13.071392,-422.022075,6.195866,6.491469,-6.895431,-239.977575,3.851701,3.310344,0.033913,6.311911,0.040052,0.016042
2.879135,-12.807751,-421.987553,6.174555,6.682490,-6.446335,-240.444754,3.653167,3.186027,0.035027,6.309989,0.039496,0.015187
2.879661,-12.113029,-421.893891,6.312177,6.589031,-4.881641,-239.911579,3.843875,3.337185,0.039716,6.303530,0.040579,0.016018
2.880188,-11.395586,-422.138872,6.059237,6.718485,-4.629770,-240.150899,3.759540,3.268110,0.037160,6.302462,0.039158,0.015651
2.880714,-10.967866,-422.299050,6.009279,6.747731,-2.794500,-239.237833,3.647115,2.719872,0.044619,6.294866,0.038364,0.015243
2.881240,-10.702135,-421.801471,6.072086,6.657197,-2.189637,-239.416364,3.735415,2.872173,0.046639,6.292331,0.039047,0.015601
2.881766,-10.331136,-421.887526,5.955901,6.881217,-0.903006,-239.551351,3.821882,2.928819,0.051661,6.286955,0.038765,0.015954
2.882292,-9.148122,-422.038724,6.067909,6.773567,-0.881972,-239.860081,3.843875,3.337185,0.045343,6.286862,0.039392,0.016025
2.882818,-8.643989,-421.984012,6.099522,6.754672,-0.318501,-239.962095,3.743915,3.171793,0.045707,6.284513,0.039281,0.015602
2.883345,-7.720992,-423.000104,6.064492,6.770722,1.427016,-240.446909,3.750256,3.083694,0.050070,6.277251,0.039015,0.015597
2.883871,-7.136634,-422.513874,6.305009,6.602645,1.442037,-240.600351,3.755121,3.155860,0.047123,6.277192,0.040296,0.015607
2.884397,-6.466689,-422.618088,6.010992,6.724748,2.998428,-240.788022,3.604091,3.002399,0.052008,6.270733,0.038498,0.014966
2.884923,-5.498661,-422.604794,6.163396,6.488171,3.230340,-240.726984,3.894590,3.093569,0.047957,6.269767,0.040039,0.016176
2.885449,-5.053863,-422.313213,6.141598,6.729475,4.064410,-240.787624,4.184757,3.153039,0.050189,6.266307,0.040889,0.017376
2.885975,-4.151011,-422.194189,6.163966,6.391269,5.568362,-240.309365,3.760528,3.353108,0.053386,6.260018,0.039642,0.015644
2.886502,-3.278391,-422.276182,6.101483,6.684476,5.679326,-240.305033,3.654467,3.125881,0.049186,6.259556,0.039040,0.015202
2.887028,-2.662273,-422.176575,6.067945,6.635201,6.929867,-240.076714,4.097514,3.510921,0.052627,6.254328,0.040155,0.017059
2.887554,-1.691090,-421.852877,6.334407,6.477611,7.614153,-240.120849,3.794506,3.249622,0.051158,6.251486,0.040576,0.015792
2.888080,-1.047131,-422.110345,6.209543,6.646613,9.193028,-239.731259,3.730270,2.922643,0.056089,6.244857,0.039656,0.015544
2.888606,-0.157552,-422.543717,5.799586,6.725679,9.735279,-240.022104,3.762775,3.228274,0.054148,6.242648,0.037830,0.015661
2.889132,0.974798,-422.113247,6.171253,6.624487,9.571925,-239.715911,3.795777,3.006590,0.047099,6.243276,0.039678,0.015817
2.889658,1.653355,-422.135090,6.030170,6.440902,11.318452,-239.864182,3.739544,3.024497,0.052976,6.236033,0.038874,0.015567
2.890185,2.825550,-422.033642,6.168266,6.583299,11.770290,-240.209240,3.764610,3.378519,0.049155,6.234224,0.039698,0.015650
2.890711,3.890081,-422.317228,6.146573,6.576157,12.097776,-240.179568,3.855323,3.226813,0.045033,6.232858,0.039796,0.016025
2.891237,4.756680,-422.228730,6.210663,6.704242,12.973131,-240.059914,3.648244,2.806885,0.045073,6.229197,0.039500,0.015166
2.891763,5.546425,-422.085628,6.114794,6.414912,13.405812,-240.057907,3.738761,2.889847,0.043150,6.227399,0.039336,0.015540
2.892289,6.720604,-422.428454,6.221403,6.509766,14.599641,-240.018906,3.694998,2.802585,0.043167,6.222433,0.039630,0.015354
2.892815,7.631685,-421.392057,6.008640,6.556202,15.334354,-239.312086,3.680768,2.923137,0.042279,6.219196,0.038666,0.015338
2.893342,9.245676,-421.349041,6.118870,6.466220,15.495017,-239.446867,3.750785,3.108833,0.034342,6.218564,0.039432,0.015621
2.893868,10.342154,-421.629577,6.072834,6.710039,16.251838,-239.618693,3.978247,3.489920,0.032457,6.215465,0.039868,0.016556
2.894394,11.417189,-421.764361,6.015115,6.973662,17.307829,-239.517581,3.711996,3.122735,0.032311,6.211049,0.038767,0.015446
2.894920,12.673765,-421.479454,6.136724,6.551736,17.287719,-239.677520,3.878316,3.467550,0.025374,6.211181,0.039919,0.016131
2.895446,14.129773,-421.759487,6.045640,6.657212,18.525698,-239.432693,4.086492,3.035579,0.024105,6.205966,0.040011,0.016994
2.895972,14.972803,-421.881600,5.947938,6.629070,19.604201,-238.804212,3.749511,3.352967,0.025292,6.201276,0.038394,0.015638
2.896499,16.635938,-421.429174,6.142062,6.922379,19.821928,-238.920103,3.694788,3.241247,0.017455,6.200410,0.039268,0.015399
2.897025,17.429946,-421.442837,6.081007,6.623593,20.088401,-238.615681,3.514854,3.355171,0.014540,6.199196,0.038414,0.014674
2.897551,18.472814,-421.274752,6.338968,6.437571,20.577276,-238.510160,4.153911,2.912829,0.011514,6.197124,0.041464,0.017319
2.898077,19.924522,-421.497392,6.247797,6.667553,21.157582,-239.446429,3.745991,3.214051,0.006773,6.195054,0.040014,0.015568
2.898603,21.144418,-421.884955,6.202944,6.521386,21.061318,-239.197647,3.897516,3.040199,-0.000455,6.195362,0.040100,0.016207
2.899129,22.510641,-421.852460,6.143463,6.501411,21.403232,-239.677051,3.978492,3.220492,-0.006079,6.194121,0.040176,0.016511
2.899655,23.668499,-421.819047,5.967783,6.639793,21.604904,-239.528176,4.053748,3.288648,-0.011320,6.193231,0.039574,0.016832
2.900182,25.058635,-421.423433,6.140864,6.712791,22.116935,-239.475176,4.033507,3.050906,-0.016166,6.191091,0.040375,0.016741
2.900708,26.414309,-421.508465,6.315093,6.682960,22.573772,-239.543589,4.138318,3.153301,-0.021103,6.189226,0.041483,0.017168
2.901234,27.290805,-421.087439,6.132492,6.673628,23.318217,-239.172212,3.683518,3.098899,-0.021834,6.185997,0.039316,0.015307
2.901760,29.071799,-421.192934,6.081306,6.768509,23.346712,-239.226446,3.746563,3.242722,-0.031452,6.185901,0.039236,0.015569
2.902286,30.733496,-421.152720,6.087911,6.761886,23.865276,-239.069072,4.047073,3.052363,-0.037702,6.183689,0.040121,0.016809
2.902812,31.550241,-420.629369,6.041606,6.394936,23.999130,-239.025704,4.183386,3.013933,-0.041556,6.183117,0.040427,0.017372
2.903339,33.095708,-420.624414,6.149425,6.494984,24.111737,-239.175669,4.069766,3.261640,-0.049472,6.182713,0.040589,0.016899
2.903865,34.357544,-420.875196,6.360327,6.490601,25.069477,-238.696003,3.622343,2.768094,-0.050939,6.178542,0.040122,0.015058
2.904391,35.431096,-420.727082,6.177154,6.696815,24.433806,-239.404246,4.096428,3.108469,-0.060576,6.181477,0.040802,0.016985
2.904917,37.071914,-420.752365,6.051688,6.598237,24.573607,-239.517840,4.138318,3.153301,-0.068853,6.180947,0.040356,0.017150
2.905443,38.562381,-420.906778,6.019869,6.761872,24.760527,-239.802511,4.138415,3.335312,-0.076062,6.180296,0.040228,0.017135
2.905969,39.479243,-420.864137,6.245058,6.690629,25.076123,-239.478174,3.774316,3.204684,-0.079240,6.178854,0.040107,0.015651
2.906496,41.014626,-420.652079,6.048334,6.681954,25.300727,-240.012182,4.088621,3.410892,-0.086772,6.178159,0.040272,0.016913
2.907022,42.392839,-419.536701,5.830450,6.856350,25.287853,-239.012265,4.088621,3.410892,-0.094470,6.177776,0.039299,0.016983
2.907548,43.322424,-419.728855,6.060311,6.847523,25.425126,-239.311015,3.997157,3.597376,-0.098876,6.177339,0.040069,0.016592
2.908074,45.209173,-419.831727,6.082182,6.868500,25.574970,-239.243043,3.971680,3.283945,-0.108298,6.176690,0.040012,0.016477
2.908600,46.435650,-419.572424,6.175863,6.881765,25.761826,-239.257266,3.855745,3.337338,-0.114155,6.175924,0.040142,0.016000
2.909126,47.503604,-419.771162,5.913359,6.919011,26.154952,-238.855375,3.814420,3.323858,-0.117460,6.174119,0.038678,0.015852
2.909652,48.800274,-419.117435,6.093732,6.854669,26.202369,-238.851629,3.846434,3.313634,-0.124708,6.173921,0.039700,0.015983
2.910179,49.784004,-419.167463,5.779222,6.948799,26.259172,-238.983274,3.863785,3.412898,-0.129826,6.173746,0.038334,0.016050
2.910705,51.287059,-419.226369,6.088864,7.051417,25.910430,-238.932493,3.802379,3.259908,-0.139833,6.175165,0.039493,0.015797
2.911231,52.024014,-418.949631,6.063466,6.875779,26.167076,-239.035495,3.824685,3.401919,-0.142741,6.174150,0.039499,0.015886
2.911757,52.935427,-418.275267,6.103777,6.601539,26.112210,-238.452981,3.914552,3.086157,-0.148073,6.174113,0.039887,0.016282
2.912283,54.204126,-418.341921,6.101470,6.807881,26.027628,-238.143115,3.860846,3.465926,-0.155107,6.174323,0.039644,0.016098
2.912809,55.083620,-418.859229,6.159503,6.560791,26.522238,-239.007462,3.546347,3.459153,-0.157490,6.172669,0.039072,0.014743
2.913336,55.871409,-418.419298,6.119487,6.688031,26.486558,-238.983225,3.560488,3.460759,-0.162321,6.172806,0.039005,0.014803
2.913862,57.252200,-418.384060,6.062487,6.677856,26.077645,-239.042472,3.860988,3.119370,-0.172108,6.174523,0.039515,0.016024
2.914388,57.970284,-418.071966,6.303089,6.653303,25.886009,-238.942473,3.800546,3.540360,-0.177233,6.175270,0.040476,0.015801
2.914914,59.041444,-417.619031,6.050865,6.542124,25.827901,-239.088258,3.863550,3.301637,-0.183935,6.175576,0.039562,0.016041
2.915440,59.676412,-417.412077,6.108447,6.482535,25.775747,-239.257705,3.894776,3.177630,-0.188040,6.175867,0.039942,0.016154
2.915966,60.911120,-417.385811,6.024602,6.533796,25.892021,-239.130672,3.884772,3.455618,-0.193985,6.175330,0.039507,0.016131
2.916493,61.680798,-416.892412,5.896899,6.715406,25.850401,-239.126491,3.907715,3.445633,-0.198895,6.175500,0.039115,0.016226
2.917019,62.387315,-417.068550,6.234496,6.643916,25.954965,-239.227504,3.457756,3.388773,-0.202063,6.175113,0.039346,0.014366
2.917545,62.973495,-416.453106,6.037743,6.806720,25.942331,-238.523640,3.560738,3.421007,-0.205194,6.174849,0.038713,0.014834
2.918071,63.672416,-416.393077,6.133421,6.641830,25.619073,-238.776994,3.513012,3.192323,-0.211054,6.176301,0.038986,0.014614
2.918597,63.892970,-416.441767,6.187067,6.613952,25.657683,-238.689900,3.505540,3.248931,-0.211876,6.176103,0.039175,0.014591
2.919123,64.290557,-415.876691,6.272382,6.448448,25.113759,-239.326303,3.888609,3.456795,-0.218363,6.178633,0.040792,0.016141
2.919649,65.050750,-416.151033,6.098290,6.782620,25.494145,-238.653306,3.509471,3.280289,-0.219274,6.176764,0.038825,0.014612
2.920176,65.408889,-416.387349,6.293734,6.622687,24.960130,-239.846486,3.611341,3.359598,-0.225231,6.179491,0.040111,0.014965
2.920702,65.797806,-416.021365,6.235028,6.354276,24.806283,-239.871187,3.689296,3.568010,-0.228639,6.180137,0.040070,0.015293
2.921228,66.067025,-415.882866,6.306160,6.448905,24.617475,-240.077096,3.779674,3.443616,-0.231541,6.181003,0.040692,0.015648
2.921754,66.481796,-414.961787,6.374082,6.503082,24.996845,-238.798355,3.582903,3.276035,-0.231277,6.178888,0.040393,0.014909
2.922280,66.863932,-415.539245,6.168957,6.660804,24.362059,-238.921686,3.794450,3.365363,-0.236153,6.181570,0.039936,0.015782
2.922806,67.379131,-415.404087,6.287557,6.643155,24.833444,-238.931908,3.517777,3.236760,-0.236575,6.179622,0.039746,0.014632
2.923333,67.297723,-415.505879,6.297811,6.668925,25.050875,-239.342450,3.607502,3.049063,-0.235371,6.178900,0.040086,0.014967
2.923859,67.603145,-415.491057,6.335311,6.613063,24.834813,-239.281885,3.526932,3.028011,-0.238109,6.179767,0.039995,0.014640
2.924385,67.603145,-415.491057,6.335311,6.613063,25.017860,-239.433766,3.537513,3.212672,-0.237325,6.179075,0.040088,0.014681
2.924911,67.603145,-415.491057,6.335311,6.613063,24.427143,-239.397752,3.851545,3.362408,-0.240445,6.181501,0.040894,0.015986
2.925437,67.657213,-415.441304,6.228114,6.633285,24.921416,-239.178091,3.510799,3.379322,-0.237864,6.179364,0.039511,0.014594
2.925963,67.657213,-415.441304,6.228114,6.633285,24.427685,-239.337652,3.813554,3.348113,-0.240718,6.181474,0.040314,0.015833
2.926490,67.556651,-415.466063,6.305102,6.613263,24.073449,-239.496393,4.070566,3.351945,-0.242253,6.183005,0.041375,0.016884
2.927016,67.473129,-415.567118,6.317455,6.638564,24.046505,-239.075871,3.779285,3.218921,-0.241263,6.182941,0.040508,0.015707
2.927542,66.929439,-415.408122,6.578810,6.645157,24.046505,-239.075871,3.779285,3.218921,-0.238563,6.182941,0.041747,0.015707
2.928068,66.729655,-416.187102,6.397854,6.771820,24.030337,-240.021736,3.826607,3.216024,-0.237796,6.183400,0.041140,0.015840
2.928594,66.478988,-416.290048,6.421346,6.729591,23.389514,-240.397083,3.815481,3.194155,-0.240244,6.186195,0.041240,0.015775
2.929120,65.907553,-416.031757,6.240139,6.773729,22.723634,-239.395255,3.721969,3.014547,-0.239776,6.188548,0.040004,0.015454
2.929646,65.460638,-416.169128,6.351100,6.730855,23.460574,-239.460576,3.687621,3.112585,-0.233350,6.185524,0.040455,0.015305
2.930173,65.110850,-416.416294,6.555181,6.658914,23.306248,-239.418763,3.579086,3.128733,-0.231937,6.186146,0.041034,0.014862
2.930699,64.562970,-415.950045,6.395928,6.520611,23.318881,-239.747299,3.622703,3.292732,-0.229932,6.186226,0.040606,0.015027
2.931225,63.779144,-417.400152,6.196035,6.616488,23.165406,-240.512866,3.672507,3.172471,-0.225691,6.187165,0.039724,0.015181
2.931751,62.804589,-417.475186,6.574900,6.864908,22.918936,-240.567730,3.630591,3.182112,-0.221753,6.188202,0.041431,0.015008
2.932277,62.337225,-417.264333,6.382741,6.694446,22.980582,-240.371565,3.531090,3.189052,-0.218923,6.187871,0.040284,0.014611
2.932803,61.557242,-417.652613,6.284327,6.901513,22.971360,-240.437974,3.572892,3.134008,-0.214389,6.187935,0.039948,0.014777
2.933330,60.574382,-417.420375,6.355336,6.697885,23.021024,-240.452372,3.539243,3.140151,-0.209102,6.187736,0.040240,0.014638
2.933856,59.578641,-417.708488,6.186941,6.681867,22.971360,-240.437974,3.572892,3.134008,-0.203643,6.187935,0.039524,0.014777
2.934382,58.797338,-417.996476,6.316497,6.686230,22.843482,-240.574817,3.585262,3.225499,-0.199939,6.188515,0.040157,0.014824
2.934908,58.279209,-417.494892,6.278484,6.827823,22.870464,-239.597051,3.567050,3.225400,-0.196472,6.188020,0.039881,0.014808
2.935434,56.985889,-417.411198,6.342767,6.578825,22.816355,-239.094399,3.587157,2.929580,-0.189328,6.188045,0.040118,0.014913
2.935960,56.022032,-418.138362,6.295120,6.752282,22.831251,-239.624896,3.564388,3.028181,-0.183830,6.188193,0.039873,0.014789
2.936487,55.013703,-418.422329,6.226353,7.011250,22.685901,-240.285796,3.940466,3.310900,-0.179524,6.189052,0.040769,0.016305
2.937013,53.748929,-418.252178,6.162181,6.771397,22.644019,-240.172575,3.866872,3.434762,-0.172924,6.189181,0.040296,0.016014
2.937539,52.756260,-418.042462,6.294449,6.679827,22.511896,-239.350037,3.859150,3.328648,-0.167665,6.189407,0.040751,0.016035
2.938065,51.542519,-418.342065,6.296712,6.658041,22.511896,-239.350037,3.859150,3.328648,-0.160789,6.189407,0.040736,0.016035
2.938591,50.292584,-419.097939,6.291336,6.780249,22.374484,-239.544694,3.867207,3.412902,-0.154251,6.190051,0.040668,0.016059
2.939117,49.182326,-418.874158,6.073141,6.747076,22.978494,-239.467763,3.520334,3.222975,-0.145033,6.187522,0.038771,0.014623
2.939643,47.856262,-419.708730,6.145827,6.771382,22.180948,-239.828189,3.875439,3.389151,-0.141778,6.190961,0.040021,0.016075
2.940170,46.755679,-419.517333,6.156661,6.711775,21.886633,-240.352011,3.813340,3.078897,-0.137924,6.192375,0.040052,0.015778
2.940696,45.294537,-420.032278,6.039358,6.764365,21.895510,-240.130863,3.800695,3.231033,-0.129340,6.192255,0.039367,0.015744
2.941222,44.089857,-419.852648,6.281242,6.750117,21.391357,-240.120398,3.520884,3.047701,-0.125626,6.194334,0.039766,0.014591
2.941748,42.741910,-419.736763,6.110177,6.661389,21.383827,-240.265806,3.599800,3.095465,-0.118449,6.194418,0.039258,0.014908
2.942274,41.226796,-419.915556,6.100034,6.722514,21.406017,-239.971443,3.573385,3.294673,-0.109707,6.194218,0.039080,0.014823
2.942800,39.508523,-420.204743,5.967826,6.817928,21.309965,-240.138969,3.718577,3.229674,-0.100724,6.194677,0.038882,0.015410
2.943327,38.629699,-419.929991,6.103752,6.770901,21.455525,-240.148533,3.658995,3.104892,-0.095239,6.194079,0.039422,0.015159
2.943853,36.938104,-420.161074,6.099356,6.735003,20.881420,-239.953572,3.628275,3.216323,-0.088866,6.196381,0.039243,0.015052
2.944379,35.740747,-421.146753,6.313403,6.601284,20.596833,-240.242777,3.757080,2.855735,-0.083518,6.197661,0.040464,0.015557
2.944905,33.729419,-421.115529,5.882213,6.814900,19.605705,-240.602426,3.825257,2.372250,-0.078083,6.201879,0.038759,0.015814
2.945431,32.888303,-420.913616,6.079103,6.887610,19.745408,-239.652127,3.951457,2.816476,-0.072381,6.200979,0.039901,0.016405
2.945957,31.010468,-420.975248,6.119656,6.944962,19.860850,-240.368605,3.820802,3.224196,-0.061656,6.200746,0.039879,0.015826
2.946484,30.121986,-420.883604,6.200869,6.805168,19.727507,-239.582498,4.016697,2.908038,-0.057270,6.201029,0.040684,0.016682
2.947010,28.694382,-420.998302,6.128521,6.878372,19.522358,-240.050865,3.786188,3.423840,-0.050646,6.202038,0.039767,0.015711
2.947536,26.819885,-422.191144,6.038614,6.726855,18.773551,-239.856466,3.651797,2.681194,-0.044101,6.205075,0.038668,0.015157
2.948062,25.367807,-421.835912,6.084036,6.903207,18.948572,-240.294488,3.625578,3.031706,-0.035345,6.204493,0.038991,0.015027
2.948588,24.151991,-421.991100,6.281450,6.787430,18.629260,-240.606895,3.496784,3.183644,-0.030438,6.205913,0.039618,0.014482
2.949114,22.717554,-421.793917,6.052652,6.715609,18.627681,-240.725483,3.550362,3.218208,-0.022584,6.205958,0.038745,0.014697
2.949640,21.118789,-422.388621,6.141334,6.671394,17.782846,-240.986556,3.859732,3.178585,-0.018388,6.209527,0.039979,0.015959
2.950167,19.771926,-422.471715,6.331806,6.801566,17.397293,-239.891274,3.592557,2.618095,-0.013005,6.210790,0.039869,0.014918
2.950693,18.405313,-422.393972,6.267244,6.985169,16.931061,-240.525126,3.586479,2.962211,-0.008106,6.212909,0.039703,0.014863
2.951219,16.777050,-421.380109,6.113209,6.871582,17.063898,-239.920225,3.553472,3.138053,0.001581,6.212182,0.038967,0.014766
2.951745,15.948491,-421.520583,6.261267,6.635810,16.662305,-240.374243,3.570040,3.435811,0.003941,6.213978,0.039788,0.014814
2.952271,14.253978,-421.792609,6.314819,6.748426,16.101872,-239.825599,3.867230,2.749085,0.010155,6.216146,0.040691,0.016071
2.952797,12.801685,-422.128993,6.223403,6.902143,15.404818,-239.477017,3.442709,2.274550,0.014251,6.218947,0.038935,0.014330
2.953324,11.305437,-421.854517,6.086474,6.783230,15.378922,-240.909836,3.468396,3.093677,0.022509,6.219435,0.038707,0.014362
2.953850,10.195212,-422.118207,6.427312,6.714483,14.876239,-241.657351,3.761923,3.373426,0.025933,6.221704,0.041255,0.015532
2.954376,8.781316,-422.493030,6.272207,6.868477,14.762002,-241.116693,3.520591,3.110933,0.032962,6.222038,0.039637,0.014568
2.954902,7.477017,-421.521183,6.119049,6.795078,14.241660,-240.325750,3.962613,3.023009,0.037316,6.223995,0.040206,0.016448
2.955428,6.363762,-421.644055,6.077185,6.885157,13.660638,-240.479204,3.815217,3.101586,0.040256,6.226440,0.039579,0.015831
2.955954,5.022724,-421.907740,6.138348,7.023035,13.110597,-239.650964,3.531399,2.560646,0.044347,6.228533,0.038822,0.014703
2.956481,3.903672,-421.792203,6.264983,6.869006,13.059420,-239.625469,3.526896,2.531020,0.050218,6.228740,0.039419,0.014686
2.957007,2.416617,-421.989112,6.359737,6.717651,12.415179,-239.797544,3.973310,2.465721,0.054824,6.231458,0.041092,0.016534
2.957533,1.476225,-422.056127,6.344937,6.711320,11.370068,-239.726307,3.484106,2.500674,0.054210,6.235791,0.039641,0.014509
2.958059,0.583289,-421.581246,6.134702,6.730847,11.399723,-239.353298,3.700409,2.270093,0.059287,6.235594,0.039245,0.015432
2.958585,-0.835572,-421.631318,6.219179,6.628418,10.101071,-240.706935,4.049656,2.958538,0.060375,6.241246,0.040942,0.016802
2.959111,-1.970166,-422.161628,6.413517,6.833437,11.102446,-239.544964,3.517420,2.479201,0.071463,6.236870,0.039952,0.014660
2.959637,-3.192175,-421.951515,6.268008,6.805933,8.792487,-240.500447,3.616716,3.055236,0.065953,6.246642,0.039801,0.015025
2.960164,-3.912436,-421.644071,6.436776,7.011134,8.970508,-239.684432,3.841674,2.506183,0.070683,6.245776,0.041092,0.016010
2.960690,-5.285394,-422.574773,6.228759,7.034599,8.025470,-241.473875,3.733465,3.055156,0.073368,6.249962,0.040004,0.015450
2.961216,-6.118800,-422.223194,6.428183,6.909688,7.339585,-240.371978,3.671585,2.389697,0.073873,6.252661,0.040594,0.015263
2.961742,-7.109529,-422.133494,6.079137,6.838036,7.441890,-240.550375,3.564406,2.620341,0.079966,6.252258,0.038695,0.014807
2.962268,-7.859352,-422.211123,6.283005,6.843385,5.985754,-240.589679,4.032868,2.597708,0.076083,6.258311,0.040984,0.016754
2.962794,-8.869036,-422.081605,6.199292,6.920988,5.375083,-240.125404,3.783785,2.354088,0.078124,6.260805,0.039795,0.015751
2.963321,-9.723867,-421.847409,6.321872,6.738548,4.862264,-241.334700,3.629850,3.259983,0.080629,6.263041,0.040260,0.015037
2.963847,-10.409188,-422.988528,6.031431,6.888540,3.970041,-242.249909,3.683676,2.880480,0.079391,6.266799,0.038994,0.015203
2.964373,-11.107507,-422.915941,6.129283,7.000796,2.986749,-240.503373,3.667004,2.167982,0.077113,6.270767,0.039045,0.015245
2.964899,-11.901036,-422.833600,6.411248,6.755955,3.078356,-240.669487,3.738226,2.272637,0.082046,6.270395,0.040593,0.015531
2.965425,-13.139269,-422.879839,6.167783,6.924523,1.582382,-240.489744,3.622840,2.161041,0.080541,6.276606,0.039095,0.015064
2.965951,-13.373738,-422.898513,6.243197,6.940497,1.317388,-240.451944,3.545047,2.063524,0.080350,6.277707,0.039226,0.014743
2.966478,-13.738484,-422.972210,6.423321,6.738806,0.621687,-240.508658,3.291759,2.245916,0.078540,6.280600,0.039431,0.013687
2.967004,-14.924729,-422.630432,6.228395,6.875598,-0.614021,-240.535806,3.638925,2.079093,0.078428,6.285738,0.039491,0.015128
2.967530,-15.177653,-422.657756,6.237657,6.746316,-0.853573,-240.257968,3.675239,2.024740,0.078370,6.286738,0.039564,0.015297
2.968056,-15.674019,-423.068130,6.217275,6.817396,-0.699695,-240.968696,3.765759,2.447235,0.082047,6.286089,0.039781,0.015627
2.968582,-16.618155,-422.026955,6.183647,6.855138,-2.861508,-239.654555,3.675236,2.024485,0.075289,6.295125,0.039330,0.015334
2.969108,-17.098979,-421.721510,6.306945,6.778506,-2.854637,-239.963537,3.583353,2.380470,0.078210,6.295081,0.039785,0.014931
2.969634,-17.342979,-422.038631,6.323455,6.770976,-4.068379,-239.826787,3.290506,2.284631,0.072724,6.300148,0.039018,0.013717
2.970161,-18.020147,-422.311075,6.349085,6.755073,-4.645128,-239.891021,3.570878,2.141135,0.073189,6.302546,0.039819,0.014881
2.970687,-18.646768,-422.220068,6.242100,6.769955,-4.690715,-240.403053,3.740104,2.333366,0.076609,6.302695,0.039902,0.015553
2.971213,-18.864476,-422.572107,6.195406,6.782967,-5.655283,-240.854247,4.181860,2.589666,0.072563,6.306661,0.041019,0.017355
2.971739,-19.139244,-421.524721,6.321995,6.796342,-6.622769,-239.070721,3.583660,2.136873,0.068493,6.310880,0.039733,0.014981
2.972265,-19.395025,-421.792973,6.264064,6.798389,-6.426578,-239.585885,3.640205,2.457955,0.071054,6.310003,0.039662,0.015185
2.972791,-20.403237,-421.812303,6.267842,6.770659,-7.992203,-241.108521,3.915002,3.227325,0.068574,6.316321,0.040803,0.016226
2.973318,-20.674464,-421.884577,6.157519,6.788978,-8.975951,-240.465236,3.560234,3.081121,0.064394,6.320495,0.039133,0.014793
2.973844,-20.915275,-422.138371,6.250450,6.885627,-9.316299,-240.798876,3.715926,3.403357,0.063876,6.321855,0.040027,0.015418
2.974370,-20.936134,-422.248724,6.233945,6.974134,-9.374455,-240.007701,4.104036,2.424296,0.063357,6.322224,0.040871,0.017078
2.974896,-20.936134,-422.248724,6.233945,6.974134,-10.254633,-239.380839,3.557748,2.413573,0.058345,6.325997,0.039188,0.014841
2.975422,-21.474587,-422.050112,6.288184,6.636047,-10.656356,-239.037801,3.615612,2.082897,0.059043,6.327736,0.039560,0.015101
2.975948,-21.861262,-422.019109,6.552982,6.865835,-10.923462,-239.680527,3.349037,2.465995,0.059914,6.328729,0.040286,0.013952
2.976475,-22.020134,-421.865346,6.488253,6.738571,-11.518426,-239.686182,4.001390,2.452434,0.057581,6.331205,0.041766,0.016663
2.977001,-22.276954,-421.675901,6.382248,6.823443,-12.599962,-239.017367,3.550053,2.140539,0.052929,6.335852,0.039924,0.014819
2.977527,-22.721549,-422.717945,6.212497,6.870593,-13.343295,-240.863941,3.677214,2.569684,0.051525,6.338526,0.039647,0.015231
2.978053,-22.872758,-422.406322,6.326031,6.918569,-13.292907,-241.017910,3.896490,2.830762,0.052765,6.338283,0.040904,0.016131
2.978579,-22.987384,-422.447563,6.280198,6.900778,-14.289584,-240.464781,3.730370,2.523679,0.047758,6.342540,0.040093,0.015471
2.979105,-23.020957,-422.280357,6.295372,6.848293,-14.761679,-240.925386,3.561020,2.893735,0.045511,6.344380,0.039843,0.014744
2.979631,-23.079177,-422.171175,6.254724,6.807322,-15.555465,-240.657285,3.563643,3.066691,0.041426,6.347733,0.039628,0.014769
2.980158,-23.251353,-421.840237,6.272248,6.842694,-15.674756,-240.629385,3.556885,3.072764,0.041787,6.348234,0.039759,0.014742
2.980684,-23.251353,-421.840237,6.272248,6.842694,-15.498042,-239.687601,3.584011,2.476238,0.042539,6.347755,0.039624,0.014905
2.981210,-23.343808,-422.739533,6.286029,6.910617,-16.098899,-241.576948,3.913060,3.176143,0.039970,6.349728,0.040841,0.016150
2.981736,-23.343808,-422.739533,6.286029,6.910617,-16.963913,-240.904010,3.693240,2.818545,0.035072,6.353487,0.040072,0.015277
2.982262,-23.547560,-422.708870,6.454280,6.867760,-16.780543,-240.546064,3.801563,2.482030,0.037131,6.352833,0.041091,0.015744
2.982788,-23.520876,-422.609854,6.440175,6.936960,-16.688404,-240.571864,3.523633,2.467373,0.037516,6.352444,0.040299,0.014594
2.983315,-23.603942,-422.558485,6.487067,6.857163,-17.100450,-241.067903,3.664273,3.114842,0.035818,6.354003,0.041026,0.015152
2.983841,-23.610471,-422.865063,6.412751,6.936530,-17.069812,-240.747854,3.679823,2.996907,0.035899,6.353970,0.040573,0.015234
2.984367,-23.653230,-422.955220,6.410214,6.883853,-17.155134,-240.939808,3.750763,2.982761,0.035686,6.354266,0.040778,0.015514
2.984893,-23.721453,-423.005601,6.436016,6.882518,-17.203026,-241.351807,3.805711,3.224075,0.035868,6.354343,0.041135,0.015717
2.985419,-23.777879,-422.100693,6.437528,6.820689,-17.565108,-239.921193,3.740282,2.973678,0.034089,6.356267,0.040844,0.015533
2.985945,-23.866222,-422.327503,6.393771,6.836340,-17.779029,-240.685408,3.843913,3.128391,0.033499,6.356920,0.041049,0.015913
2.986472,-23.783113,-422.282594,6.442467,6.830145,-17.846738,-240.802716,3.804838,3.087010,0.032699,6.357164,0.041206,0.015743
2.986998,-23.742326,-422.463324,6.450506,6.775346,-18.043146,-241.156557,3.951647,3.215129,0.031424,6.357865,0.041702,0.016325
2.987524,-23.680083,-422.554133,6.363584,6.856229,-18.009610,-241.189241,3.997102,3.168060,0.031255,6.357717,0.041415,0.016509
2.988050,-23.690665,-422.658782,6.345319,6.882484,-18.130306,-241.361489,3.898492,3.331787,0.030660,6.358161,0.041059,0.016095
2.988576,-23.773134,-422.751107,6.444200,6.800560,-18.086028,-241.361224,3.845535,3.261552,0.031343,6.357979,0.041351,0.015876
2.989102,-23.590949,-423.015698,6.491326,7.001531,-17.496084,-241.123318,3.549188,3.209196,0.033496,6.355619,0.040653,0.014674
2.989628,-23.292046,-423.067747,6.244310,7.061105,-17.436734,-241.392290,3.540072,3.048004,0.032218,6.355294,0.039492,0.014617
2.990155,-23.287251,-421.958001,6.261750,6.972715,-17.680935,-240.627711,3.713502,3.125692,0.030908,6.356532,0.040131,0.015379
2.990681,-23.448152,-422.039596,6.426314,6.944088,-17.537988,-240.541827,3.739310,3.123675,0.032552,6.355967,0.040944,0.015492
2.991207,-23.243268,-422.090455,6.253765,6.978894,-17.296256,-240.673487,3.747240,3.082410,0.032769,6.354928,0.040167,0.015517
2.991733,-22.975413,-422.372191,6.285218,6.861531,-17.363306,-240.367638,3.670341,2.936978,0.030825,6.355297,0.039972,0.015216
2.992259,-22.988228,-422.080900,6.276735,6.801171,-16.805166,-240.223976,3.859000,3.169900,0.033987,6.353028,0.040494,0.016012
2.992785,-22.893547,-421.998042,6.272160,6.993334,-17.122026,-240.346740,3.715944,3.073632,0.031762,6.354304,0.040115,0.015409
2.993312,-22.582703,-422.024694,6.464741,6.885540,-16.009242,-239.318861,3.537942,2.426787,0.035963,6.349981,0.040309,0.014733
2.993838,-22.260142,-422.816760,6.419763,6.732261,-15.174568,-240.210167,3.629258,2.296834,0.038783,6.346274,0.040353,0.015061
2.994364,-21.955222,-422.608424,6.495742,6.826218,-15.121684,-240.288575,3.644930,2.250781,0.037464,6.346034,0.040823,0.015121
2.994890,-21.980070,-422.533223,6.565101,7.002977,-15.533679,-241.147764,3.623424,2.890540,0.035525,6.347512,0.041315,0.014983
2.995416,-21.762943,-422.479122,6.457712,6.989742,-14.607444,-240.678173,3.761052,2.662632,0.039339,6.343804,0.041074,0.015584
2.995942,-21.390483,-422.666114,6.356690,7.070084,-14.009779,-239.833288,3.341102,2.294696,0.040347,6.341534,0.039248,0.013895
2.996469,-21.073944,-422.410707,6.269279,6.856932,-13.066632,-240.020428,3.772128,2.320265,0.043874,6.337571,0.040076,0.015678
2.996995,-20.811420,-422.427296,6.381876,6.985326,-12.527033,-240.462862,3.750802,2.854900,0.045496,6.335234,0.040641,0.015568
2.997521,-20.352562,-422.226768,6.529252,6.925041,-12.374644,-240.072365,3.587264,2.410629,0.043770,6.334685,0.040858,0.014912
2.998047,-20.111330,-422.313795,6.544207,6.839115,-11.075672,-240.332563,3.674260,2.719044,0.049611,6.329237,0.041188,0.015265
2.998573,-19.761894,-422.383043,6.500310,6.734426,-10.876838,-240.323213,3.541802,2.635906,0.048764,6.328414,0.040610,0.014716
2.999099,-19.277218,-422.480229,6.177996,6.891733,-10.138817,-239.734794,3.404780,2.329414,0.049965,6.325452,0.038556,0.014183
2.999625,-18.959657,-422.072750,6.388594,6.840706,-9.871116,-239.272722,3.194161,2.106777,0.049678,6.324417,0.039025,0.013332
3.000152,-18.313739,-422.072399,6.479576,6.742544,-9.429952,-240.256961,3.873437,2.671508,0.048823,6.322415,0.041467,0.016103
3.000678,-18.107602,-421.967074,6.557659,6.731939,-8.257725,-239.544655,3.207518,2.096561,0.053943,6.317644,0.039955,0.013378
3.001204,-17.692877,-422.266271,6.390547,6.908307,-7.886589,-239.990402,3.334902,2.520447,0.053747,6.316036,0.039492,0.013885
3.001730,-17.349061,-422.259219,6.412113,6.915800,-7.543538,-239.836806,3.671935,2.268677,0.053700,6.314628,0.040445,0.015298
3.002256,-16.928961,-422.249221,6.215636,6.933165,-6.846245,-239.686104,3.592275,2.109744,0.055173,6.311741,0.039265,0.014977
3.002782,-16.098860,-422.353009,6.540337,6.899957,-6.116685,-240.821122,3.846673,2.783078,0.054933,6.308579,0.041733,0.015966
3.003309,-15.489772,-422.264165,6.388760,6.798404,-5.417373,-239.913606,3.553132,2.122230,0.055180,6.305762,0.040025,0.014804
3.003835,-14.983257,-422.315984,6.205662,6.879758,-5.145674,-239.944685,3.582182,2.239879,0.053890,6.304627,0.039234,0.014924
3.004361,-14.585442,-422.277815,6.323027,6.948202,-4.108430,-239.747350,3.107779,2.169271,0.057336,6.300320,0.038540,0.012960
3.004887,-14.004815,-422.325394,6.470482,6.924115,-3.183353,-240.632785,3.517888,2.783371,0.059489,6.296414,0.040465,0.014618
3.005413,-13.239475,-422.662033,6.231681,7.004663,-2.990519,-239.854131,3.707884,2.136953,0.056005,6.295653,0.039606,0.015457
3.005939,-12.900876,-422.529858,6.188628,7.034493,-2.009768,-239.488886,3.214145,2.209254,0.059431,6.291577,0.038039,0.013420
3.006466,-11.769476,-422.424838,6.455212,6.853353,-1.121399,-240.063407,3.683631,2.338203,0.058324,6.287857,0.040683,0.015344
3.006992,-10.995985,-422.674787,6.282694,6.754125,-0.857248,-240.043039,3.741704,2.247934,0.055458,6.286757,0.039975,0.015587
3.007518,-10.073931,-422.707218,6.388446,6.824697,-1.000471,-241.080322,3.679222,3.033938,0.049915,6.287335,0.040540,0.015261
3.008044,-9.702064,-422.397653,6.404171,6.710000,0.943966,-239.976712,3.691521,2.282394,0.058294,6.279252,0.040447,0.015383
3.008570,-9.174884,-422.505811,6.241325,6.844977,1.470609,-240.366631,3.625412,2.650571,0.058381,6.277067,0.039563,0.015082
3.009096,-7.825501,-422.418068,6.411722,6.845913,2.357761,-240.214303,3.082635,2.643926,0.055831,6.273370,0.038989,0.012832
3.009622,-7.239972,-422.584786,6.231681,7.004663,3.279939,-240.943385,3.598035,2.783447,0.057851,6.269573,0.039556,0.014931
3.010149,-6.880318,-422.345637,6.204828,6.953684,3.716117,-240.051981,3.527160,2.545767,0.058063,6.267706,0.039092,0.014691
3.010675,-5.810126,-422.422425,6.383023,6.854054,3.528674,-239.869303,3.771546,2.256893,0.051112,6.268476,0.040557,0.015721
3.011201,-5.130115,-422.143640,6.321588,6.764705,5.038395,-239.885570,3.622637,2.219883,0.055734,6.262185,0.039911,0.015096
3.011727,-4.102005,-422.478817,6.404536,6.815876,4.622071,-240.348069,3.737011,2.513740,0.047863,6.263957,0.040664,0.015544
3.012253,-3.196989,-422.334984,6.223403,6.902143,5.117166,-240.029226,3.775624,2.380972,0.045574,6.261870,0.039887,0.015724
3.012779,-2.036428,-422.243079,6.323488,6.893285,7.014461,-240.330341,3.600311,2.607002,0.049713,6.254007,0.039952,0.014971
3.013306,-1.106177,-422.263718,6.217170,6.877936,6.849314,-241.130780,3.722502,2.940515,0.043893,6.254788,0.039970,0.015429
3.013832,-0.304399,-422.206637,6.242146,6.847109,7.588676,-240.299763,3.544980,2.671144,0.043364,6.251616,0.039427,0.014742
3.014358,0.893657,-422.237969,6.217170,6.877936,8.349299,-240.553026,3.879808,2.955973,0.041013,6.248490,0.040304,0.016115
3.014884,2.081334,-422.418127,6.458660,6.588331,8.787626,-240.773734,3.644999,3.024875,0.036903,6.246704,0.040799,0.015125
3.015410,3.009066,-422.418566,6.209498,6.777536,10.247363,-239.231319,3.371894,2.225181,0.039493,6.240377,0.038543,0.014075
3.015936,4.265408,-422.416326,6.333506,6.701729,11.095334,-239.869661,3.722326,2.813440,0.037397,6.236963,0.040215,0.015494
3.016463,5.217303,-422.105721,6.376290,6.839218,11.005969,-239.586661,3.759357,2.338583,0.031705,6.237280,0.040533,0.015664
3.016989,6.707164,-421.988776,6.233519,6.740558,11.270068,-239.654550,3.682474,2.301710,0.025020,6.236194,0.039694,0.015338
3.017515,7.431146,-422.247675,6.433435,6.663886,12.853975,-239.492731,3.633033,2.238128,0.029664,6.229565,0.040408,0.015134
3.018041,8.821451,-422.381950,6.252626,6.897116,13.143716,-239.473518,3.574294,2.142255,0.023626,6.228354,0.039365,0.014889
3.018567,10.075483,-422.453110,6.406524,6.691589,13.051723,-239.821652,3.618191,2.242055,0.016295,6.228816,0.040281,0.015051
3.019093,10.893188,-422.139536,6.284478,6.639525,12.913678,-240.640383,3.443368,2.823778,0.011132,6.229573,0.039480,0.014282
3.019619,12.667407,-422.078872,6.140380,6.768431,14.559749,-239.809753,3.576899,2.319240,0.010382,6.222546,0.038985,0.014872
3.020146,13.712982,-422.252737,6.267846,6.782647,14.669905,-240.692848,3.611746,3.123013,0.005271,6.222312,0.039843,0.014971
3.020672,14.863256,-421.937751,6.141125,6.675717,14.737362,-240.852510,3.581554,3.216030,-0.000695,6.222073,0.039259,0.014837
3.021198,16.162962,-422.002240,6.409336,6.575412,14.917247,-240.894077,3.508062,3.186518,-0.006878,6.221340,0.040343,0.014530
3.021724,17.208192,-422.428775,6.071084,6.911824,15.180855,-239.643392,3.690639,2.324144,-0.011091,6.219922,0.038868,0.015351
3.022250,18.479520,-422.020754,6.354107,6.895329,16.859951,-240.410235,3.542658,3.215421,-0.008918,6.213170,0.040057,0.014693
3.022776,19.731645,-421.946315,6.220702,6.791920,16.994438,-239.392179,3.794277,2.266351,-0.014993,6.212314,0.039910,0.015784
3.023303,21.047569,-421.847578,6.025082,6.760981,16.643139,-239.832015,3.849692,2.630145,-0.024193,6.213901,0.039271,0.015993
3.023829,22.379109,-421.750499,6.351285,6.692217,16.892773,-239.781364,3.744976,2.345820,-0.030141,6.212851,0.040499,0.015556
3.024355,24.014703,-421.956021,6.437939,6.605189,17.237152,-239.558767,3.712015,2.280144,-0.037141,6.211355,0.040712,0.015430
3.024881,24.837455,-421.643068,6.182278,6.696643,17.228413,-239.599068,3.694612,2.303473,-0.041774,6.211404,0.039527,0.015356
3.025407,26.218803,-421.727115,6.399324,6.675437,18.551253,-239.479987,3.600689,2.148746,-0.042047,6.205875,0.040251,0.014962
3.025933,27.241880,-421.785648,6.094988,6.745261,18.836032,-239.613173,3.725917,2.173031,-0.046110,6.204736,0.039171,0.015470
3.026460,28.768012,-421.711554,6.206100,6.671210,18.744837,-239.745558,3.782849,2.256461,-0.055027,6.205158,0.039878,0.015700
3.026986,30.289414,-421.547800,6.412718,6.744299,18.910159,-239.565373,3.850513,2.329778,-0.062448,6.204413,0.041015,0.015992
3.027512,31.426710,-421.748683,6.282280,6.576290,19.541787,-239.295176,3.568335,2.238367,-0.065048,6.201702,0.039509,0.014832
3.028038,32.710489,-421.424327,6.181515,6.716856,19.378384,-239.304375,3.690423,2.283860,-0.073075,6.202384,0.039422,0.015340
3.028564,33.613978,-421.109709,6.367586,6.706406,20.562138,-239.297220,3.675836,2.342299,-0.071664,6.197469,0.040329,0.015271
3.029090,34.905235,-420.982893,6.208859,6.737532,20.638113,-239.292726,3.647541,2.445804,-0.078364,6.197152,0.039511,0.015156
3.029616,36.402040,-420.977331,6.336687,6.972482,21.269287,-240.533316,3.519740,3.297270,-0.083668,6.194989,0.040049,0.014569
3.030143,37.773693,-420.546022,6.367907,7.014423,21.116841,-239.256461,3.717145,2.410061,-0.091623,6.195153,0.040503,0.015441
3.030669,38.687272,-420.872845,6.336663,6.846814,20.761865,-240.474509,3.595189,3.162730,-0.099041,6.197062,0.040202,0.014883
3.031195,39.590484,-420.589887,6.135879,7.028359,21.703486,-239.496315,4.077057,2.703114,-0.098453,6.192811,0.040492,0.016915
3.031721,41.084481,-420.229353,6.064570,6.720089,21.203192,-239.397761,3.648519,2.437792,-0.109504,6.194847,0.038909,0.015148
3.032247,42.233552,-420.025991,6.378521,6.658482,21.169651,-239.540621,3.638292,2.584704,-0.116181,6.195038,0.040397,0.015101
3.032773,43.300234,-420.386467,6.058443,7.098363,21.893092,-239.491509,3.893342,2.472284,-0.117792,6.192024,0.039559,0.016149
3.033300,44.324266,-419.880178,6.339457,6.758735,21.846126,-240.179812,3.786140,2.879911,-0.124440,6.192478,0.040770,0.015672
3.033826,45.560817,-419.928085,6.257062,6.730437,22.023916,-239.951710,3.776348,2.752632,-0.130040,6.191657,0.040261,0.015641
3.034352,46.756667,-419.471774,6.310620,6.659617,23.068322,-239.641143,3.553304,2.693358,-0.130972,6.187219,0.039922,0.014731
3.034878,47.902376,-419.827478,6.458605,6.674858,22.899009,-239.955797,3.537370,3.014726,-0.138122,6.188043,0.040546,0.014657
3.035404,48.926673,-419.059626,6.181387,6.713765,22.967772,-239.975167,3.521747,3.017700,-0.143951,6.187767,0.039343,0.014591
3.035930,49.772626,-419.600830,6.427659,6.556264,23.015356,-239.942552,3.471496,3.054862,-0.147847,6.187558,0.040210,0.014387
3.036457,50.857552,-419.025880,6.201888,6.557820,22.899620,-240.080303,3.520550,3.097329,-0.154984,6.188090,0.039391,0.014583
3.036983,51.533937,-418.553665,6.242029,6.500724,22.988347,-240.113390,3.474019,3.102821,-0.158629,6.187737,0.039539,0.014389
3.037509,52.389933,-418.833900,6.416981,6.607975,23.008099,-240.414554,3.357521,3.208564,-0.163214,6.187774,0.040067,0.013897
3.038035,53.384708,-418.716877,6.326620,6.875548,23.378784,-240.539351,3.284824,3.616054,-0.166839,6.186296,0.039555,0.013605
3.038561,54.255613,-418.483560,6.357907,6.639584,23.112461,-239.382040,3.536238,2.474006,-0.172164,6.186933,0.039990,0.014669
3.039087,54.842732,-418.375406,6.164944,6.787795,23.484691,-239.887934,3.832829,3.189185,-0.173913,6.185598,0.040098,0.015878
3.039613,55.983887,-418.219772,6.305027,6.945132,23.371272,-240.224445,3.342861,3.249286,-0.181212,6.186201,0.039535,0.013847
3.040140,56.470256,-418.497058,6.356123,6.891007,23.337967,-239.389226,3.544264,2.512110,-0.182917,6.186003,0.039965,0.014701
3.040666,57.128062,-417.804562,6.180531,6.733841,23.519844,-239.165993,3.577946,2.659925,-0.185962,6.185159,0.039307,0.014856
3.041192,57.948725,-417.936374,6.380047,6.632050,23.519844,-239.165993,3.577946,2.659925,-0.190258,6.185159,0.040146,0.014856
3.041718,58.258315,-417.834706,6.473515,6.770288,24.012526,-238.939631,3.222539,2.615556,-0.189141,6.183025,0.039706,0.013396
3.042244,59.046227,-417.600382,6.172280,6.831667,23.913722,-238.890491,3.178480,2.616587,-0.194114,6.183414,0.038197,0.013218
3.042770,59.674962,-417.846093,6.357431,6.861735,24.111971,-238.625716,3.143267,2.475231,-0.195887,6.182482,0.038857,0.013080
3.043297,60.096724,-418.009337,6.366322,6.916307,24.061716,-238.531186,3.155702,2.415039,-0.198142,6.182651,0.038863,0.013135
3.043823,60.412380,-417.929119,6.379231,6.938538,23.780950,-239.492304,2.983710,3.304877,-0.202478,6.184212,0.038811,0.012411
3.044349,61.470653,-417.790449,6.275635,6.895511,23.813375,-238.676541,3.113651,2.321182,-0.207224,6.183742,0.038339,0.012953
3.044875,61.571242,-417.612589,6.374972,6.972101,24.003737,-238.398946,3.135166,2.491417,-0.206632,6.182836,0.038868,0.013061
3.045401,61.806702,-417.540849,6.369248,7.038127,24.061716,-238.531186,3.155702,2.415039,-0.207810,6.182651,0.038933,0.013135
3.045927,62.057513,-417.352233,6.493064,6.734081,23.484036,-238.791423,3.538913,2.639988,-0.212755,6.185155,0.040441,0.014718
3.046454,62.373008,-417.599769,6.414665,6.918003,23.371762,-238.922829,3.514379,2.560411,-0.214907,6.185674,0.040010,0.014607
3.046980,62.570661,-417.493398,6.305254,6.975367,23.371762,-238.922829,3.514379,2.560411,-0.216088,6.185674,0.039538,0.014607
3.047506,62.564482,-417.146318,6.283746,6.764634,23.283223,-239.061887,3.515304,2.465867,-0.217100,6.186097,0.039482,0.014600
3.048032,62.616071,-416.990132,6.270948,6.876686,23.371762,-238.922829,3.514379,2.560411,-0.216923,6.185674,0.039462,0.014607
3.048558,62.616071,-416.990132,6.270948,6.876686,23.371762,-238.922829,3.514379,2.560411,-0.216923,6.185674,0.039462,0.014607
3.049084,62.728420,-416.832905,6.325714,6.878003,23.371762,-238.922829,3.514379,2.560411,-0.217710,6.185674,0.039741,0.014607
3.049610,62.843477,-417.008431,6.346601,6.975667,23.781387,-239.444394,3.720200,2.952936,-0.216540,6.184191,0.040519,0.015433
3.050137,62.843477,-417.008431,6.346601,6.975667,23.973354,-238.865486,3.851235,2.584026,-0.214829,6.183157,0.040719,0.015998
3.050663,62.709084,-417.589118,6.313187,7.111121,23.484036,-238.791423,3.538913,2.639988,-0.215961,6.185155,0.039627,0.014718
3.051189,62.670623,-417.544155,6.472997,6.942914,23.484036,-238.791423,3.538913,2.639988,-0.215808,6.185155,0.040326,0.014718
3.051715,62.402187,-417.666046,6.437357,7.053200,24.053625,-238.493275,3.124382,2.551316,-0.210850,6.182669,0.039136,0.013012
3.052241,62.066349,-417.194172,6.525154,6.608310,24.053625,-238.493275,3.124382,2.551316,-0.209593,6.182669,0.039563,0.013012
3.052767,61.991637,-417.513417,6.496875,6.734750,23.948941,-238.627815,3.101708,2.474695,-0.209543,6.183159,0.039359,0.012910
3.053294,61.875467,-417.647401,6.458605,6.674858,23.930676,-238.858954,3.111872,2.332708,-0.209130,6.183331,0.039202,0.012935
3.053820,61.734324,-417.900055,6.345018,6.825563,24.005725,-238.769255,3.122469,2.382419,-0.207586,6.182983,0.038667,0.012985
3.054346,60.948260,-418.092333,6.696420,6.784370,23.781906,-240.170766,3.583224,3.011255,-0.205931,6.184486,0.041745,0.014826
3.054872,60.322159,-417.911714,6.433338,6.872775,23.648555,-240.223947,3.703060,2.987400,-0.203536,6.185058,0.040929,0.015315
3.055398,59.600610,-417.796985,6.318853,6.718807,24.002210,-239.269440,3.847657,2.627071,-0.196819,6.183205,0.040601,0.015958
3.055924,59.285160,-418.134488,6.349760,6.897177,23.852472,-239.485131,3.851660,2.474792,-0.195796,6.183914,0.040756,0.015958
3.056451,58.529940,-418.178566,6.448429,6.794589,23.802025,-239.466930,3.870166,2.471985,-0.191932,6.184115,0.041253,0.016036
3.056977,57.941496,-417.758952,6.394900,6.691558,23.337967,-239.389226,3.544264,2.512110,-0.191619,6.186003,0.040208,0.014701
3.057503,57.182732,-418.533316,6.326791,6.972978,23.337967,-239.389226,3.544264,2.512110,-0.186724,6.186003,0.039808,0.014701
3.058029,56.552051,-418.549314,6.400778,6.893045,23.987005,-239.051273,3.131147,2.419811,-0.179471,6.183178,0.039092,0.013007
3.058555,55.718718,-418.723098,6.429779,6.880899,23.840542,-239.578565,3.057409,2.811384,-0.176103,6.184002,0.039182,0.012689
3.059081,54.767141,-418.687494,6.336369,6.861081,23.878851,-239.000246,3.078561,2.419030,-0.170236,6.183604,0.038675,0.012793
3.059607,54.021369,-418.639739,6.343804,6.715446,24.007494,-238.743013,3.135646,2.559116,-0.165317,6.182964,0.038816,0.013046
3.060134,53.037708,-418.890861,6.081158,6.838747,23.828428,-238.972443,3.098771,2.421515,-0.160943,6.183802,0.037507,0.012878
3.060660,52.288764,-419.056800,6.369456,7.030716,23.936503,-239.023520,3.151738,2.422867,-0.156201,6.183375,0.039038,0.013094
3.061186,51.439020,-419.024762,6.377703,6.697699,23.771237,-238.884643,3.105636,2.371835,-0.152399,6.184003,0.038924,0.012910
3.061712,50.566294,-419.213658,6.272791,6.779810,23.659508,-239.484221,3.012435,2.828272,-0.148604,6.184711,0.038339,0.012511
3.062238,49.188627,-419.336968,6.076822,6.624085,22.829353,-239.477540,3.681116,2.698589,-0.145519,6.188143,0.039090,0.015270
3.062764,48.260697,-419.599113,6.476636,6.789559,22.564615,-240.154935,3.547294,3.184147,-0.142231,6.189502,0.040749,0.014694
3.063291,47.218228,-419.799329,6.045184,6.799828,22.577437,-239.836877,3.358182,3.069597,-0.136076,6.189325,0.038129,0.013930
3.063817,46.423476,-419.692082,6.227999,6.621869,22.462558,-240.117183,3.607179,3.070976,-0.132648,6.189908,0.039737,0.014939
3.064343,45.025057,-419.904104,6.067562,6.777594,22.392643,-240.046578,3.619267,3.070504,-0.125177,6.190170,0.039007,0.014994
3.064869,44.614441,-419.909391,6.207489,6.734586,23.010356,-238.830291,3.550438,2.448338,-0.118746,6.187136,0.039215,0.014762
3.065395,43.033586,-420.029347,6.089626,6.712897,23.033515,-238.792593,3.672080,2.448814,-0.109909,6.187025,0.039002,0.015267
3.065921,42.191260,-420.089436,6.355417,6.718521,22.253965,-238.936545,3.999481,2.581445,-0.109617,6.190316,0.041183,0.016625
3.066448,40.699864,-420.638421,6.347515,6.832548,21.791888,-239.163239,3.912867,2.682729,-0.103816,6.192319,0.040861,0.016258
3.066974,39.629744,-420.715999,6.371822,6.879397,21.611882,-239.885872,3.769419,3.179694,-0.099312,6.193336,0.040748,0.015632
3.067500,38.713625,-420.321332,6.404422,6.679266,21.143449,-239.843469,3.568217,3.092639,-0.097048,6.195257,0.040432,0.014806
3.068026,37.416239,-420.673583,6.370646,6.803004,20.814381,-240.016112,3.559610,2.780207,-0.091639,6.196681,0.040228,0.014754
3.068552,36.343327,-420.480210,6.347972,6.576280,20.565157,-240.268640,3.595934,3.022262,-0.087331,6.197801,0.040327,0.014896
3.069078,34.909790,-421.018800,6.194026,6.893119,20.300229,-240.219069,3.736984,3.015941,-0.080630,6.198878,0.039892,0.015482
3.069604,33.405537,-421.344141,6.031946,6.884291,20.095960,-240.326311,3.671555,2.963677,-0.073394,6.199760,0.038918,0.015206
3.070131,32.817277,-421.626590,6.158313,6.922017,20.755356,-239.172014,3.456580,2.293752,-0.066013,6.196622,0.038627,0.014368
3.070657,31.178048,-421.222730,6.152069,6.656686,19.427250,-239.488317,3.599662,2.475060,-0.064569,6.202243,0.039139,0.014956
3.071183,30.122495,-421.760849,6.457585,6.620793,20.038581,-239.593591,3.937041,2.544328,-0.055299,6.199744,0.041446,0.016342
3.071709,28.857364,-421.716986,6.185419,6.712875,19.308263,-239.569149,3.519508,2.167687,-0.052377,6.202763,0.039016,0.014614
3.072235,28.109090,-421.895130,6.437217,6.710674,18.578637,-239.993695,3.763323,2.562699,-0.052346,6.205926,0.040932,0.015609
3.072761,26.502107,-421.979363,6.234101,6.747256,18.158832,-240.697529,3.444361,2.823010,-0.045991,6.207885,0.039249,0.014256
3.073288,25.199145,-422.298439,6.130712,6.815828,18.061487,-240.527701,3.609184,2.904404,-0.039247,6.208235,0.039111,0.014948
3.073814,24.072962,-422.038532,6.428340,6.767102,17.782339,-240.565733,3.776914,3.084573,-0.034650,6.209401,0.041060,0.015643
3.074340,22.925551,-422.100160,6.165576,6.767255,17.135776,-240.506232,3.550292,3.170599,-0.031872,6.212057,0.039161,0.014717
3.074866,21.382271,-422.119966,6.069936,6.803757,17.205489,-239.386194,3.559821,2.118666,-0.022853,6.211435,0.038499,0.014808
3.075392,20.383703,-422.237671,6.311283,6.576058,17.140778,-239.377258,3.593257,2.109756,-0.017733,6.211702,0.039709,0.014947
3.075918,18.908717,-422.023300,6.078637,6.670444,15.506965,-239.613309,3.618025,2.135948,-0.018647,6.218559,0.038773,0.015047
3.076445,17.847861,-421.980546,6.277045,6.745968,15.475253,-239.530009,3.794472,2.239652,-0.013003,6.218668,0.040198,0.015787
3.076971,16.894601,-422.213181,6.237741,6.513621,15.292920,-239.405651,3.612782,2.025093,-0.008761,6.219393,0.039430,0.015039
3.077497,15.369625,-422.132794,6.120624,6.616230,15.268871,-239.292345,3.598572,2.049861,-0.000551,6.219463,0.038832,0.014987
3.078023,14.531416,-422.101563,6.151928,6.878608,14.921606,-239.840472,3.584141,2.371807,0.002141,6.221051,0.039064,0.014899
3.078549,13.298464,-422.112157,6.174141,6.843990,13.687647,-240.533599,3.157646,2.974038,0.002143,6.226341,0.038191,0.013104
3.079075,12.180155,-422.140142,6.379996,6.620070,12.577957,-240.181948,3.758670,2.494085,0.002186,6.230865,0.040695,0.015616
3.079601,10.790226,-422.188674,6.221689,6.717875,12.527854,-240.167115,3.775544,2.487737,0.009546,6.231069,0.039980,0.015687
3.080128,9.632245,-422.213072,6.235394,6.861363,11.945109,-240.240314,4.063562,2.542124,0.012709,6.233505,0.040896,0.016881
3.080654,8.750546,-422.081617,6.188106,6.763879,11.899289,-240.449041,4.020400,2.504667,0.017334,6.233738,0.040622,0.016687
3.081180,7.484248,-422.177610,6.107413,6.820282,10.914747,-240.736301,3.400958,2.949740,0.018905,6.237877,0.038522,0.014109
3.081706,6.525564,-422.285962,6.149753,6.728806,10.750507,-241.435541,3.373789,3.401816,0.023357,6.238687,0.038777,0.013960
3.082232,5.329226,-422.487961,6.112497,6.750350,11.114745,-240.377604,3.585281,2.563292,0.031759,6.236980,0.038894,0.014892
3.082758,4.489760,-422.174202,6.334440,6.743750,9.717333,-241.113854,3.835425,2.818821,0.028864,6.242905,0.040881,0.015888
3.083285,3.220568,-422.242309,6.133789,6.851430,8.534167,-240.746987,3.609647,2.827797,0.029268,6.247751,0.039198,0.014980
3.083811,2.379189,-422.600709,6.281869,7.022771,7.418772,-239.981248,3.580069,2.393706,0.027589,6.252281,0.039578,0.014907
3.084337,1.261485,-422.313736,6.208458,6.752466,8.079311,-239.935600,4.169436,2.248962,0.037366,6.249525,0.040975,0.017360
3.084863,0.552906,-422.488412,6.135507,7.031851,6.735972,-240.650056,3.502777,2.799223,0.033990,6.255202,0.038834,0.014548
3.085389,-0.503323,-422.377559,6.128883,6.759962,6.748869,-239.924426,3.811667,2.419567,0.039727,6.255064,0.039526,0.015877
3.085915,-1.307620,-422.093423,6.252529,6.625228,5.249080,-239.828357,3.721328,2.264694,0.035958,6.261302,0.039893,0.015511
3.086442,-2.202481,-422.291975,6.377517,6.593184,5.226765,-239.885608,3.741713,2.188560,0.040707,6.261400,0.040499,0.015592
3.086968,-3.138382,-422.671645,6.146489,6.895036,4.927685,-239.793707,3.703554,2.163966,0.044078,6.262639,0.039202,0.015439
3.087494,-3.867311,-422.644697,6.368431,6.962718,3.926422,-241.006746,3.810163,3.029176,0.042882,6.266895,0.040821,0.015806
3.088020,-5.112352,-422.615082,6.214105,6.660417,2.829767,-240.371145,3.834846,2.601443,0.043552,6.271413,0.040028,0.015952
3.088546,-5.621363,-422.848378,6.317052,6.953223,2.536781,-240.730128,3.637442,2.758672,0.044766,6.272648,0.039988,0.015109
3.089072,-6.641315,-422.920746,6.082595,6.776844,1.457800,-240.363495,3.384819,2.642544,0.044336,6.277120,0.038096,0.014082
3.089598,-7.031562,-422.596528,6.242059,6.682970,1.212195,-240.827223,3.446040,2.760840,0.045322,6.278152,0.039187,0.014309
3.090125,-7.946679,-422.654144,6.325729,6.775968,0.577356,-240.959377,3.621509,2.806798,0.046880,6.280789,0.040073,0.015029
3.090651,-8.811042,-422.347418,6.204662,6.841790,-0.406642,-239.995707,3.427796,2.056018,0.046056,6.284880,0.038832,0.014283
3.091177,-9.592387,-422.522891,6.411873,6.821754,-0.790358,-239.931284,3.586861,2.192922,0.048169,6.286479,0.040188,0.014949
3.091703,-10.134391,-422.731674,6.371318,6.694616,-1.196961,-240.015529,3.761385,2.263840,0.048875,6.288172,0.040441,0.015671
3.092229,-10.876820,-422.736791,6.287631,6.814090,-1.523909,-240.040377,4.172717,2.260241,0.051149,6.289534,0.041246,0.017383
3.092755,-11.468765,-422.697453,6.418500,6.941517,-2.961832,-240.723161,3.569429,2.885437,0.046714,6.295489,0.040317,0.014826
3.093282,-12.051947,-422.648709,6.415975,6.828238,-3.428513,-240.355270,3.775823,2.483336,0.047270,6.297449,0.040791,0.015707
3.093808,-12.950837,-422.607086,6.284552,6.698228,-3.011186,-239.868735,3.809978,2.217577,0.054339,6.295738,0.040153,0.015882
3.094334,-13.336777,-422.704910,6.235765,6.663885,-5.038889,-239.975228,3.668118,2.196789,0.045380,6.304180,0.039549,0.015280
3.094860,-13.870878,-422.625182,6.247643,6.763472,-4.845955,-239.745941,3.523909,2.041620,0.049309,6.303395,0.039173,0.014694
3.095386,-14.602861,-422.455858,6.101231,6.867553,-4.613821,-239.800229,3.682657,2.095643,0.054633,6.302423,0.038959,0.015352
3.095912,-15.087595,-422.113812,6.278292,6.977163,-6.243479,-239.810727,3.447089,2.212027,0.048475,6.309214,0.039244,0.014366
3.096439,-15.484265,-422.492731,6.355836,6.868781,-6.108035,-239.672478,3.136073,2.097627,0.051242,6.308665,0.038718,0.013078
3.096965,-15.806530,-422.454864,6.316424,6.852480,-7.411516,-240.855008,3.664061,2.896082,0.046195,6.313947,0.040169,0.015203
3.097491,-16.090262,-422.714749,6.488444,6.792725,-7.646699,-240.852473,3.600028,2.776041,0.046395,6.314923,0.040757,0.014936
3.098017,-16.810379,-422.450413,6.204662,6.841790,-8.876445,-240.490845,3.575754,2.667180,0.043575,6.320078,0.039321,0.014854
3.098543,-17.383997,-422.465552,6.200217,6.873741,-9.082317,-240.203161,3.608752,2.319922,0.045517,6.320978,0.039321,0.015007
3.099069,-17.718745,-422.687996,6.366593,6.780027,-9.185898,-240.313792,3.778009,2.440974,0.046753,6.321391,0.040547,0.015703
3.099595,-18.176395,-422.698059,6.436442,6.798705,-9.236692,-240.379483,3.712240,2.730088,0.048994,6.321592,0.040704,0.015427
3.100122,-18.932560,-422.617284,6.195719,6.939790,-10.403660,-241.300678,3.913652,2.869045,0.047004,6.326274,0.040375,0.016197
3.100648,-19.154780,-422.424594,6.123858,6.787087,-10.542902,-240.121278,3.247049,2.364063,0.047204,6.327064,0.037982,0.013503
3.101174,-19.589507,-422.448025,6.372794,6.835388,-10.943054,-240.825039,3.729386,2.611109,0.047571,6.328594,0.040608,0.015462
3.101700,-19.837121,-422.769710,6.419173,6.869784,-11.115103,-241.214069,3.722507,2.842247,0.048004,6.329233,0.040825,0.015409
3.102226,-20.170583,-422.589840,6.430172,6.711666,-11.452200,-241.366421,3.639281,3.107340,0.048071,6.330597,0.040724,0.015056
3.102752,-20.836053,-422.950490,6.211404,6.773830,-11.767328,-240.101855,4.112775,2.266025,0.049556,6.332156,0.040688,0.017094
3.103279,-20.836053,-422.950490,6.211404,6.773830,-11.712341,-240.189673,4.093825,2.608948,0.049880,6.331910,0.040651,0.017012
3.103805,-20.976475,-422.734842,6.194683,6.991560,-12.180096,-240.897030,3.947913,3.052373,0.048337,6.333704,0.040354,0.016359
3.104331,-21.173889,-422.660305,6.241325,6.844977,-12.419091,-241.030566,3.813992,3.265355,0.048164,6.334665,0.040228,0.015797
3.104857,-21.663936,-422.847579,6.415370,6.600199,-13.099836,-240.174572,3.699074,2.534202,0.046848,6.337674,0.040491,0.015367
3.105383,-21.671597,-422.520697,6.325186,6.840217,-13.024984,-241.247205,3.744293,3.226744,0.047663,6.337123,0.040505,0.015492
3.105909,-21.749867,-422.656047,6.313406,6.762862,-13.391195,-241.085993,3.786862,3.249635,0.046003,6.338674,0.040505,0.015677
3.106435,-22.019347,-422.398953,6.497709,6.915352,-13.430463,-241.051100,3.815031,3.453982,0.047326,6.338844,0.041505,0.015798
3.106962,-22.526863,-422.502942,6.305123,6.888074,-13.854366,-241.079142,4.003532,3.216024,0.047766,6.340590,0.041122,0.016570
3.107488,-22.771914,-422.557477,6.311462,6.946737,-13.758936,-241.212562,4.000912,3.286366,0.049660,6.340164,0.041159,0.016551
3.108014,-22.934823,-422.467248,6.195355,6.911499,-13.976052,-241.236404,4.001669,3.310099,0.049393,6.341056,0.040650,0.016552
3.108540,-22.955611,-422.575694,6.178901,6.995052,-14.140391,-241.056849,3.983816,3.233513,0.048526,6.341778,0.040459,0.016488
3.109066,-22.955611,-422.575694,6.178901,6.995052,-14.134523,-241.046498,4.008853,3.266337,0.048555,6.341756,0.040531,0.016593
3.109592,-23.088509,-422.682775,6.240506,7.023192,-14.188595,-241.008540,4.029865,3.279478,0.048949,6.341989,0.040845,0.016682
3.110119,-23.088509,-422.682775,6.240506,7.023192,-13.775878,-240.649365,4.104956,3.308683,0.051114,6.340368,0.040985,0.017020
3.110645,-23.229871,-422.432284,6.212785,6.889109,-13.917341,-240.708231,4.046078,3.265489,0.051201,6.340939,0.040748,0.016771
3.111171,-23.310405,-422.495039,6.166604,6.878905,-14.045755,-240.841327,4.001484,3.192906,0.050958,6.341439,0.040419,0.016576
3.111697,-23.564075,-422.366814,6.346927,6.794895,-14.555039,-241.082816,3.829833,3.312720,0.049655,6.343486,0.040843,0.015850
3.112223,-23.634657,-422.415192,6.375104,6.791215,-14.558976,-240.892587,3.716305,3.254771,0.049956,6.343550,0.040603,0.015393
3.112749,-23.634657,-422.415192,6.375104,6.791215,-14.558976,-240.892587,3.716305,3.254771,0.049956,6.343550,0.040603,0.015393
3.113276,-23.634657,-422.415192,6.375104,6.791215,-14.108475,-240.768626,3.922264,3.091689,0.052396,6.341716,0.041150,0.016252
3.113802,-23.717904,-422.461826,6.326570,6.796350,-14.222559,-240.862047,3.900270,3.209348,0.052240,6.342165,0.040872,0.016156
3.114328,-23.717904,-422.461826,6.326570,6.796350,-13.945547,-240.777668,4.007962,3.142094,0.053736,6.341039,0.041162,0.016607
3.114854,-23.671432,-422.546446,6.325186,6.840217,-14.404127,-241.246188,3.887134,3.378744,0.051071,6.342822,0.040899,0.016077
3.115380,-23.599533,-422.255703,6.397913,6.665652,-13.873269,-240.883946,4.005873,3.116949,0.053575,6.340715,0.041556,0.016592
3.115906,-23.616538,-422.507036,6.394984,6.735010,-13.525726,-240.719452,4.071035,3.010495,0.055452,6.339315,0.041634,0.016873
3.116432,-23.589175,-422.499523,6.372794,6.835388,-13.391441,-240.957144,4.225586,3.030929,0.056114,6.338704,0.042050,0.017497
3.116959,-23.551134,-422.769782,6.436311,6.698840,-12.939911,-240.985543,3.801827,3.077342,0.058306,6.336830,0.041050,0.015746
3.117485,-23.395909,-422.783288,6.452577,6.714863,-12.801790,-241.430469,3.817507,3.245412,0.058351,6.336160,0.041270,0.015784
3.118011,-23.094556,-422.622067,6.284499,6.857181,-12.884466,-241.312443,3.753992,3.182992,0.056254,6.336528,0.040315,0.015528
3.118537,-23.128432,-422.862498,6.333618,6.702376,-12.705734,-241.008456,3.708336,3.022038,0.057251,6.335856,0.040293,0.015358
3.119063,-22.982594,-422.418980,6.205662,6.879758,-12.167729,-240.767670,4.038694,2.891627,0.059466,6.333680,0.040689,0.016742
3.119589,-22.883348,-422.307019,6.249279,6.790572,-11.698091,-241.317859,4.059655,3.063980,0.061722,6.331623,0.041096,0.016795
3.120116,-22.417653,-422.170441,6.280680,6.798233,-10.728108,-241.114654,3.632120,3.012051,0.064474,6.327650,0.039993,0.015044
3.120642,-22.100197,-422.309693,6.297418,6.894930,-10.713735,-240.915700,3.778800,2.992919,0.062690,6.327627,0.040412,0.015664
3.121168,-21.718069,-422.436077,6.326570,6.796350,-10.844380,-241.303035,3.735605,3.187066,0.059960,6.328096,0.040492,0.015461
3.121694,-21.420424,-422.250994,6.165994,6.905492,-10.037814,-241.405262,3.981028,3.103460,0.062858,6.324742,0.040509,0.016471
3.122220,-21.139238,-422.204537,6.156345,6.805903,-9.094107,-240.773513,3.589850,2.960302,0.066292,6.320938,0.039201,0.014896
3.122746,-20.907550,-422.189911,6.232156,6.843955,-9.252250,-240.085926,4.249049,2.449981,0.063916,6.321703,0.041330,0.017676
3.123273,-20.477868,-422.085953,6.242793,6.648133,-8.527785,-240.243932,3.859662,2.644111,0.065622,6.318667,0.040271,0.016050
3.123799,-19.880556,-422.338416,6.363999,6.895986,-8.624508,-240.927724,3.770570,2.951970,0.061968,6.318967,0.040700,0.015636
3.124325,-19.791397,-422.165692,6.365666,6.803917,-8.342632,-240.559654,3.715504,2.751279,0.062958,6.317852,0.040505,0.015432
3.124851,-19.215982,-422.273860,6.198768,6.743610,-7.598681,-241.265330,3.824875,2.998638,0.064093,6.314670,0.040160,0.015843
3.125377,-18.768073,-422.062542,6.175049,6.844427,-7.564420,-240.494557,3.783076,2.572907,0.061627,6.314629,0.039810,0.015718
3.125903,-18.039129,-422.352404,6.350259,6.539005,-6.407375,-240.696578,3.878803,2.859990,0.063945,6.309799,0.040873,0.016107
3.126429,-17.352262,-422.359022,6.184517,6.564648,-6.169273,-241.366900,3.912715,3.130502,0.061709,6.308739,0.040356,0.016203
3.126956,-17.067938,-422.080229,6.158028,6.652521,-5.483964,-241.039556,4.103541,2.994972,0.063898,6.305933,0.040789,0.017018
3.127482,-16.382490,-422.551470,6.398048,6.359923,-4.582394,-240.430073,3.768159,2.645674,0.064702,6.302242,0.040674,0.015668
3.128008,-15.392083,-422.532160,6.221549,6.432527,-4.625541,-240.111761,3.757714,2.354378,0.058952,6.302447,0.039767,0.015645
3.128534,-15.197312,-422.557185,6.110253,6.744882,-4.191170,-240.463130,3.729833,2.651252,0.060369,6.300613,0.039243,0.015508
3.129060,-14.572217,-422.634657,6.135420,6.268988,-3.192155,-241.047821,4.020776,2.912975,0.062588,6.296427,0.040309,0.016678
3.129586,-13.975844,-421.651559,6.209080,6.599793,-2.577230,-239.777029,3.642356,2.749502,0.062591,6.293933,0.039501,0.015189
3.130113,-12.913956,-421.602306,6.041595,6.522412,-2.423226,-239.026580,3.552945,2.254482,0.057396,6.293323,0.038324,0.014863
3.130639,-12.689359,-421.947949,6.022059,6.578563,-1.207463,-240.357519,3.560276,3.071295,0.063146,6.288209,0.038454,0.014812
3.131165,-11.477405,-421.721200,6.153274,6.566204,-0.286832,-239.459357,3.752319,2.633233,0.061321,6.284383,0.039466,0.015670
3.131691,-10.977552,-421.752245,6.151403,6.836756,-0.472616,-239.621147,3.715710,2.511805,0.057614,6.285158,0.039394,0.015507
3.132217,-9.711857,-421.899300,6.125876,6.698186,-0.509404,-240.583630,3.900505,3.004423,0.050710,6.285303,0.040003,0.016213
3.132743,-9.305668,-421.800895,6.235975,6.576428,0.622398,-239.727498,4.033567,2.620288,0.054474,6.280589,0.040724,0.016826
3.133270,-8.369042,-421.487746,6.230471,6.517814,1.534689,-239.630702,3.653940,2.718577,0.054405,6.276781,0.039656,0.015248
3.133796,-7.245219,-421.860832,6.099323,6.486533,1.640351,-239.541747,3.716219,2.567504,0.048698,6.276338,0.039126,0.015513
3.134322,-6.643302,-421.553620,6.054321,6.549349,2.708441,-238.984989,3.286185,2.391675,0.051178,6.271853,0.037684,0.013749
3.134848,-5.484109,-421.370620,6.136062,6.601161,2.393563,-239.239712,4.167570,2.443221,0.043226,6.273181,0.040685,0.017419
3.135374,-4.984538,-421.312124,6.335033,6.578082,3.669188,-239.049101,3.620822,2.334065,0.047444,6.267837,0.039985,0.015144
3.135900,-3.710360,-421.425673,6.315867,6.647888,3.517658,-239.013704,3.542204,2.314911,0.039604,6.268469,0.039665,0.014818
3.136426,-3.218162,-421.303223,6.078284,6.432398,4.398380,-238.708110,3.202040,2.242603,0.041689,6.264762,0.037592,0.013411
3.136953,-1.562253,-422.500007,6.175466,6.553027,5.428757,-240.614543,3.465688,2.798029,0.038417,6.260627,0.038905,0.014399
3.137479,-0.840261,-421.927336,5.978824,6.701062,5.163359,-239.902384,3.686697,2.298019,0.032970,6.261666,0.038568,0.015362
3.138005,0.423514,-422.089952,6.095095,6.766574,6.145676,-240.973159,3.873177,2.919300,0.031583,6.257687,0.039854,0.016066
3.138531,1.253440,-422.172746,6.060097,6.705458,6.200583,-240.370550,3.794742,2.574414,0.027205,6.257395,0.039315,0.015779
3.139057,2.328884,-422.214026,6.313885,6.601870,7.334785,-240.566088,3.755540,3.050688,0.027551,6.252705,0.040427,0.015602
3.139583,3.387524,-422.387092,5.981016,6.807798,7.559183,-240.737310,3.601592,2.857073,0.022961,6.251795,0.038426,0.014951
3.140110,4.539038,-421.820127,6.131608,6.542740,8.583430,-240.046380,3.899947,2.702769,0.022246,6.247443,0.039967,0.016231
3.140636,5.235605,-421.922842,5.964860,6.649679,8.282706,-240.368360,4.041124,2.593217,0.016782,6.248741,0.039679,0.016796
3.141162,6.699006,-421.729650,6.099421,6.623197,9.671841,-240.492693,3.556535,2.901505,0.016402,6.242990,0.038953,0.014773
3.141688,7.524628,-420.859670,6.068913,6.545332,9.850019,-239.506542,3.504617,2.907596,0.012822,6.242082,0.038641,0.014616
3.142214,8.806162,-420.715511,6.049427,6.691658,9.797697,-239.456318,3.628658,3.100448,0.005470,6.242292,0.038918,0.015138
3.142740,10.087035,-421.184664,6.332123,6.576932,10.344498,-239.321995,3.544421,2.665454,0.001416,6.239988,0.039902,0.014790
3.143267,11.036996,-420.818649,6.070021,6.541627,11.397756,-238.889343,3.608700,2.456835,0.001983,6.235510,0.038816,0.015080
3.143793,12.492834,-420.958272,6.118363,6.591262,12.285595,-238.824967,3.116686,2.390674,-0.001138,6.231789,0.037700,0.013026
3.144319,13.293128,-421.239095,5.987715,6.727042,11.993393,-239.105669,3.629865,2.639422,-0.007136,6.233068,0.038444,0.015153
3.144845,14.539942,-421.022286,6.116810,6.641179,12.975722,-239.021118,3.167297,2.690513,-0.008594,6.228952,0.037846,0.013226
3.145371,15.852605,-421.029777,5.763798,6.795572,13.638857,-239.048458,3.005150,2.712955,-0.012164,6.226192,0.035717,0.012547
3.145897,17.125199,-420.997130,5.958325,6.846996,13.422543,-239.235316,3.416174,2.616655,-0.020368,6.227138,0.037780,0.014248
3.146423,17.955915,-421.037786,5.793620,6.570186,13.458436,-238.822095,3.542866,2.254352,-0.024677,6.226891,0.037258,0.014797
3.146950,19.261997,-421.271617,6.026510,6.614822,13.678902,-239.357520,3.709601,2.560613,-0.030681,6.226099,0.038883,0.015460
3.147476,20.877959,-419.995357,6.174595,6.629295,14.189146,-238.665111,3.911248,2.728667,-0.036871,6.223803,0.040280,0.016344
3.148002,21.536794,-420.006511,6.051164,6.665216,15.357660,-238.193723,3.490527,2.652355,-0.033973,6.218799,0.038402,0.014611
3.148528,23.037758,-419.959817,6.102000,6.614778,15.242640,-238.241779,3.599038,2.656427,-0.042870,6.219293,0.038950,0.015062
3.149054,24.086100,-419.809853,6.352836,6.466904,15.777142,-238.506925,3.500929,2.871250,-0.045797,6.217132,0.039964,0.014636
3.149580,25.011487,-419.605292,6.106405,6.782367,15.579532,-238.613412,3.572192,2.971417,-0.052065,6.217986,0.039040,0.014929
3.150107,26.329850,-419.497936,6.401283,6.602836,16.366348,-238.541096,3.815166,2.735841,-0.055005,6.214682,0.041114,0.015938
3.150633,27.175157,-420.371554,6.066980,6.698796,16.398599,-239.561143,3.821032,2.899264,-0.059531,6.214839,0.039587,0.015897
3.151159,28.863084,-420.046403,6.073658,6.760670,16.924127,-239.109600,3.512624,2.707338,-0.065889,6.212523,0.038700,0.014639
3.151685,30.018368,-420.296952,6.310874,6.794243,17.426839,-238.453974,3.511228,2.397010,-0.069134,6.210232,0.039620,0.014665
3.152211,30.887107,-419.928866,6.170123,6.685429,17.171545,-238.452619,3.641195,2.576742,-0.075434,6.211297,0.039366,0.015211
3.152737,32.387283,-419.456771,6.339307,6.548429,17.453118,-238.994084,3.569096,3.260268,-0.082567,6.210287,0.040177,0.014888
3.153264,33.084255,-419.608624,6.054880,6.792288,17.773160,-238.965371,3.902716,2.696003,-0.084557,6.208947,0.039739,0.016263
3.153790,34.418576,-419.556501,6.310437,6.669403,18.177458,-239.131829,3.970262,2.872415,-0.089774,6.207317,0.041147,0.016532
3.154316,35.314203,-419.033152,6.144601,6.655898,17.964791,-238.753606,3.911450,2.707947,-0.095941,6.208083,0.040213,0.016313
3.154842,36.328946,-418.959470,6.396072,6.876391,18.814260,-238.331051,3.649022,2.517424,-0.096663,6.204407,0.040575,0.015238
3.155368,37.471575,-419.041403,6.070666,6.712956,19.312205,-238.168194,3.641425,2.449783,-0.100063,6.202276,0.038946,0.015212
3.155894,38.838352,-419.073192,5.995952,6.717089,19.348413,-238.181328,3.698810,2.612830,-0.107330,6.202129,0.038732,0.015453
3.156420,39.988189,-418.837539,6.382996,6.687527,19.482777,-239.058868,3.503656,3.167936,-0.113568,6.201867,0.040249,0.014599
3.156947,40.968643,-418.417823,6.029086,6.647088,19.923247,-239.131308,3.818452,3.119671,-0.116849,6.200062,0.039550,0.015895
3.157473,42.074715,-418.856094,6.434195,6.682880,20.145213,-239.216388,3.864560,3.111418,-0.121474,6.199170,0.041463,0.016078
3.157999,42.905943,-418.543413,6.066840,6.697960,20.450125,-239.352303,3.949095,3.303174,-0.124668,6.197953,0.040104,0.016421
3.158525,43.828936,-418.484127,6.355050,6.564068,21.046943,-239.365655,3.616632,3.338552,-0.126510,6.195483,0.040501,0.015043
3.159051,44.850560,-418.252988,6.184971,6.661726,21.130945,-238.990734,3.462109,3.033158,-0.131554,6.194997,0.039221,0.014417
3.159577,45.644866,-418.557303,6.317730,6.522433,21.332029,-238.215509,3.560472,2.480131,-0.134007,6.193874,0.039825,0.014856
3.160104,46.672441,-418.430293,6.218987,6.531278,21.486141,-238.220943,3.524160,2.490158,-0.138862,6.193235,0.039267,0.014704
3.160630,47.333983,-418.519325,6.225718,6.508965,21.716758,-239.037486,3.396579,3.001571,-0.141771,6.192583,0.039126,0.014138
3.161156,48.184250,-418.387069,6.353919,6.902212,21.721950,-239.166412,3.578435,2.814758,-0.146593,6.192610,0.040272,0.014878
3.161682,48.682677,-416.870028,6.228279,6.588306,22.096512,-238.225906,4.073201,2.514540,-0.147738,6.190695,0.041158,0.016980
3.162208,49.318333,-416.846544,6.039779,6.814034,21.980650,-238.840037,3.927266,2.967088,-0.152386,6.191413,0.040033,0.016344
3.162734,50.219357,-416.584963,6.322153,6.661990,22.060142,-238.578676,3.628116,3.028580,-0.156892,6.190983,0.040450,0.015123
3.163261,51.115153,-416.840625,6.041176,6.844203,22.158813,-238.592558,3.647353,3.017881,-0.161043,6.190578,0.039140,0.015201
3.163787,51.499799,-416.419004,5.985136,6.770513,22.679236,-238.410223,3.336498,3.062753,-0.160512,6.188344,0.038085,0.013922
3.164313,52.383398,-416.813977,6.355901,6.809376,22.477917,-238.546144,3.679024,3.157832,-0.166208,6.189234,0.040653,0.015337
3.164839,52.634613,-416.692934,6.336663,6.846814,23.217327,-237.314471,3.503955,2.299251,-0.162549,6.185662,0.039832,0.014655
3.165365,53.634523,-416.613270,6.225817,6.702984,22.969710,-237.668406,3.330275,2.773122,-0.169716,6.186838,0.038921,0.013927
3.165891,53.980994,-415.994652,6.326268,6.607894,23.238204,-237.987521,3.687044,2.859135,-0.171018,6.185849,0.040515,0.015390
3.166417,54.225268,-415.901178,6.298274,6.542192,23.277779,-237.915068,3.699223,2.897184,-0.172155,6.185655,0.040408,0.015446
3.166944,54.512988,-415.958750,6.361665,6.509838,23.546897,-237.754370,3.579767,2.819407,-0.172049,6.184468,0.040325,0.014956
3.167470,55.229335,-416.014108,6.138438,6.577973,23.734496,-237.823971,3.576708,3.006597,-0.174942,6.183716,0.039283,0.014943
3.167996,55.512787,-415.981255,6.061882,6.651197,23.880074,-237.600201,3.893833,2.798059,-0.175508,6.183016,0.039771,0.016267
3.168522,56.165037,-416.954438,6.311048,6.597065,23.953992,-239.102706,3.938465,3.039998,-0.179170,6.183336,0.041128,0.016357
3.169048,56.387780,-416.684967,6.306142,6.593269,23.906300,-238.789557,3.786529,3.115023,-0.180598,6.183403,0.040664,0.015753
3.169574,56.627350,-416.805287,6.363895,6.508568,23.829887,-238.941394,3.877618,2.951894,-0.182348,6.183783,0.041149,0.016115
3.170101,57.215657,-416.464613,6.309761,6.574582,23.870730,-238.744774,3.852433,3.005886,-0.185470,6.183532,0.040854,0.016025
3.170627,57.382450,-416.552108,6.296271,6.474339,25.025668,-238.529886,3.368820,3.067336,-0.179794,6.178651,0.039470,0.014033
3.171153,57.625540,-416.372539,6.357924,6.628415,24.474328,-238.591156,3.565367,2.997263,-0.184354,6.180964,0.040304,0.014843
3.171679,57.715970,-416.372312,6.414889,6.603483,24.474328,-238.591156,3.565367,2.997263,-0.184846,6.180964,0.040562,0.014843
3.172205,57.830667,-416.448952,6.360830,6.564761,24.637929,-238.719743,3.636143,3.046875,-0.184633,6.180341,0.040507,0.015128
3.172731,57.767035,-416.458522,6.416569,6.651440,24.680518,-238.709282,3.655922,3.037997,-0.184035,6.180160,0.040832,0.015209
3.173258,57.921669,-416.693683,6.339046,6.734740,24.715913,-238.875022,3.614373,3.145284,-0.184613,6.180084,0.040365,0.015031
3.173784,57.992696,-416.581472,6.371009,6.772271,24.692750,-239.046272,3.572955,3.261154,-0.185414,6.180253,0.040479,0.014854
3.174310,57.909153,-416.690664,6.467714,6.689837,24.630469,-238.826126,3.657870,3.151156,-0.184963,6.180417,0.041057,0.015215
3.174836,57.909153,-416.690664,6.467714,6.689837,24.630469,-238.826126,3.657870,3.151156,-0.184963,6.180417,0.041057,0.015215
3.175362,57.898174,-416.545343,6.435551,6.789580,24.888314,-239.024213,3.739152,3.276062,-0.183849,6.179435,0.041238,0.015540
3.175888,57.812125,-416.562277,6.383151,6.812072,24.972601,-239.073143,3.694301,3.269278,-0.182954,6.179107,0.040893,0.015351
3.176414,57.776987,-415.813120,6.426876,6.633192,25.325088,-237.953257,3.419116,3.281852,-0.180472,6.177156,0.040287,0.014282
3.176941,57.385468,-415.865224,6.546316,6.596222,25.155821,-237.696396,3.387112,3.121883,-0.178959,6.177746,0.040696,0.014159
3.177467,57.231515,-415.936862,6.473686,6.579086,25.027315,-237.578993,3.471706,3.045014,-0.178635,6.178229,0.040514,0.014514
3.177993,56.596706,-415.988927,6.379693,6.602138,24.779600,-237.884962,3.573056,3.153535,-0.176779,6.179393,0.040416,0.014922
3.178519,56.369223,-416.100856,6.315082,6.504884,25.268510,-238.064817,3.491825,3.363864,-0.172943,6.177440,0.039945,0.014580
3.179045,56.223568,-415.981826,6.392200,6.560454,24.978595,-238.287550,3.593084,3.370565,-0.174056,6.178741,0.040650,0.014987
3.179571,55.469872,-416.002712,6.086882,6.645852,24.978595,-238.287550,3.593084,3.370565,-0.169919,6.178741,0.039263,0.014987
3.180098,55.252070,-416.218918,6.275303,6.635491,24.978595,-238.287550,3.593084,3.370565,-0.168527,6.178741,0.040098,0.014987
3.180624,54.608454,-416.450044,6.373917,6.671600,24.978595,-238.287550,3.593084,3.370565,-0.164800,6.178741,0.040536,0.014987
3.181150,54.074196,-416.470515,6.264875,6.637597,24.851296,-238.262722,3.613534,3.372849,-0.162536,6.179259,0.040080,0.015074
3.181676,53.809435,-416.411090,6.133157,6.696494,25.231163,-238.164248,3.396024,3.376098,-0.158977,6.177639,0.038905,0.014179
3.182202,53.179770,-416.835152,6.282751,6.550584,24.836630,-237.854931,3.373246,3.139768,-0.157055,6.179143,0.039370,0.014095
3.182728,52.662551,-416.813455,6.377886,6.622249,24.814048,-238.275969,3.597013,3.380419,-0.154734,6.179419,0.040538,0.015005
3.183255,52.046730,-416.531166,6.268366,6.646880,24.331793,-237.980980,3.601910,3.221436,-0.153993,6.181297,0.040032,0.015041
3.183781,51.183587,-417.062285,5.985159,6.773501,24.663345,-238.300528,3.715001,3.353999,-0.147281,6.180056,0.039043,0.015492
3.184307,50.505310,-416.646031,6.337194,6.535310,24.353796,-238.320218,3.905269,3.319351,-0.145612,6.181349,0.041288,0.016278
3.184833,49.678818,-416.799326,6.163779,6.555317,24.618488,-238.307182,3.686467,3.363953,-0.139488,6.180245,0.039867,0.015374
3.185359,49.010430,-416.896067,6.128744,6.695382,24.169066,-238.115030,3.857656,3.211614,-0.138065,6.182030,0.040140,0.016093
3.185885,48.688839,-417.123233,6.121518,6.573843,23.882068,-238.234781,3.819673,3.328564,-0.137793,6.183273,0.039969,0.015934
3.186411,47.573319,-417.230386,6.175305,6.686060,23.892710,-238.145373,3.802550,3.150074,-0.131468,6.183192,0.040159,0.015863
3.186938,47.183306,-418.308003,6.066366,6.665341,24.079522,-239.063455,3.705314,3.155781,-0.128189,6.182799,0.039357,0.015400
3.187464,46.280000,-418.040627,6.431223,6.442057,23.606368,-239.038056,3.569284,3.248878,-0.125996,6.184749,0.040753,0.014847
3.187990,45.361713,-418.331074,5.950242,6.662009,23.217373,-239.117869,3.582359,3.426449,-0.122941,6.186393,0.038510,0.014906
3.188516,44.457246,-417.983117,6.310166,6.563549,23.427849,-238.976602,3.490530,3.421573,-0.116942,6.185463,0.040024,0.014534
3.189042,43.352124,-418.397274,6.012818,6.655594,23.244778,-239.142160,3.425890,3.380157,-0.111705,6.186289,0.038404,0.014257
3.189568,42.854477,-418.368362,6.013026,6.517802,22.990577,-239.231031,3.593036,3.366839,-0.110435,6.187378,0.038887,0.014942
3.190095,41.354107,-418.634593,6.058717,6.601637,21.570532,-238.800434,3.367062,3.250783,-0.109570,6.193101,0.038342,0.014039
3.190621,40.651199,-418.624652,6.374837,6.590921,22.026313,-238.720898,3.830277,2.959737,-0.103159,6.191178,0.041107,0.015950
3.191147,39.481188,-418.918343,6.200457,6.529219,21.895277,-238.819858,3.842746,3.072648,-0.097337,6.191760,0.040308,0.015999
3.191673,39.059285,-418.971573,6.070449,6.677637,21.474918,-239.007824,3.738483,3.233117,-0.097401,6.193576,0.039443,0.015563
3.192199,37.613195,-419.022182,6.245881,6.477595,21.338575,-238.045834,3.620383,2.529050,-0.089686,6.193784,0.039719,0.015117
3.192725,37.037258,-419.090208,6.111266,6.690703,21.139659,-238.461284,3.632222,3.111432,-0.087786,6.194766,0.039218,0.015157
3.193252,35.917439,-419.018225,6.293767,6.480436,21.014382,-238.690397,3.481671,3.089934,-0.082457,6.195371,0.039750,0.014518
3.193778,34.809425,-419.301968,6.083173,6.643478,19.800738,-238.405559,3.597205,2.498465,-0.082779,6.200321,0.038935,0.015010
3.194304,33.416033,-419.525290,6.052294,6.603763,19.593943,-239.694166,3.652184,3.317285,-0.076711,6.201621,0.039203,0.015177
3.194830,32.888588,-418.856826,6.124395,6.691272,19.505096,-238.585688,3.725693,3.192945,-0.074105,6.201614,0.039664,0.015550
3.195356,31.774548,-418.926242,6.247259,6.589896,19.360784,-238.612350,3.639516,3.189261,-0.068737,6.202224,0.040005,0.015191
3.195882,30.772618,-418.949517,6.189262,6.690569,19.441387,-238.038501,3.465335,2.670615,-0.062553,6.201693,0.039135,0.014490
3.196408,30.006608,-419.194174,6.268951,6.581635,18.532077,-238.607145,3.561193,2.915303,-0.063455,6.205673,0.039844,0.014865
3.196935,28.479137,-419.367079,6.312812,6.696713,18.409173,-237.481650,3.175738,2.257915,-0.055308,6.205822,0.038793,0.013313
3.197461,27.866423,-419.641923,6.189598,6.824158,18.443248,-237.723337,3.369117,2.394572,-0.051753,6.205758,0.038689,0.014109
3.197987,26.637819,-419.690812,6.139940,6.734276,17.836100,-238.184324,3.610047,2.561043,-0.048455,6.208441,0.039197,0.015093
3.198513,25.200626,-419.841981,5.979462,6.817243,17.796521,-238.346752,3.540015,2.783046,-0.040772,6.208657,0.038258,0.014795
3.199039,24.695019,-419.885228,6.045771,6.690043,16.930419,-239.000814,3.679776,2.950898,-0.042899,6.212465,0.039094,0.015344
3.199565,23.152866,-419.949871,5.981135,6.850399,16.326686,-238.710113,4.053527,2.808821,-0.037646,6.214896,0.039839,0.016921
3.200092,22.432330,-419.963197,6.239665,6.589275,15.607614,-238.867484,3.666839,3.309372,-0.037668,6.217938,0.039937,0.015312
3.200618,21.105792,-420.111048,6.066431,6.739114,15.258488,-239.087564,3.627624,3.159616,-0.032290,6.219452,0.039028,0.015135
3.201144,20.309623,-419.716286,6.299091,6.612508,15.222805,-238.730184,3.552275,3.143584,-0.028099,6.219506,0.039942,0.014843
3.201670,18.969896,-419.945985,6.069701,6.598688,14.159762,-237.672297,3.941040,2.279946,-0.026384,6.223679,0.039689,0.016533
3.202196,18.250156,-419.739767,6.017132,6.863899,13.941692,-238.386699,3.474026,2.974343,-0.023753,6.224768,0.038303,0.014542
3.202722,16.983667,-420.796828,6.015036,6.773806,13.677600,-238.740784,3.553429,2.560813,-0.018158,6.225957,0.038368,0.014848
3.203249,16.449031,-420.761292,6.153575,6.849000,13.364669,-238.685584,3.600182,2.582338,-0.016938,6.227251,0.039151,0.015048
3.203775,15.005379,-420.743140,6.027056,6.662664,12.654997,-238.710379,3.568069,2.639648,-0.012911,6.230221,0.038474,0.014917
3.204301,14.202387,-420.746999,6.201719,6.756931,11.574959,-239.208669,3.486334,2.599054,-0.014472,6.234834,0.039186,0.014550
3.204827,12.946847,-420.703524,6.089980,6.641304,11.216977,-238.858843,3.742954,2.619973,-0.009513,6.236259,0.039308,0.015644
3.205353,12.174683,-420.822322,6.371716,6.846938,10.835509,-239.129681,3.700801,2.894384,-0.007370,6.237904,0.040554,0.015454
3.205879,11.013220,-420.641230,6.068403,6.711405,9.929043,-238.477273,3.238667,2.274323,-0.005952,6.241574,0.037760,0.013563
3.206405,10.089895,-420.647244,6.235448,6.822087,9.428456,-238.717375,3.598041,2.322952,-0.003636,6.243710,0.039570,0.015054
3.206932,8.897325,-420.535948,6.180680,6.768127,9.027146,-238.896134,3.623795,2.515315,0.000715,6.245416,0.039444,0.015152
3.207458,8.197746,-420.724689,6.312279,6.547903,9.019735,-239.320429,3.581191,2.875431,0.004531,6.245514,0.040006,0.014950
3.207984,6.969853,-420.752115,6.153381,6.745129,8.561800,-239.193317,3.350424,2.951566,0.008768,6.247406,0.038589,0.013996
3.208510,6.121194,-420.898296,6.266766,6.871476,7.859764,-239.047350,3.746458,2.849036,0.009560,6.250318,0.040148,0.015660
3.209036,5.022570,-420.681374,6.089343,6.718259,7.247819,-239.022169,3.687127,2.751188,0.012249,6.252872,0.039184,0.015416
3.209562,4.454154,-420.700595,6.087480,6.758184,6.572172,-239.332611,3.519394,2.997302,0.011677,6.255732,0.038767,0.014698
3.210089,3.130601,-420.825023,6.207020,6.739281,5.406944,-239.641534,3.742494,2.925761,0.012563,6.260627,0.040001,0.015612
3.210615,2.323989,-420.947944,6.299091,6.612508,5.335264,-239.482252,3.699047,3.119154,0.016593,6.260911,0.040249,0.015441
3.211141,1.326235,-421.128804,6.076114,6.853735,4.456486,-239.761473,3.747867,2.713426,0.017257,6.264600,0.039357,0.015628
3.211667,0.609941,-421.247949,6.121992,6.797708,4.008590,-238.865278,3.628016,2.554264,0.018633,6.266405,0.039012,0.015185
3.212193,-0.546513,-420.182132,5.975234,6.876916,3.729968,-238.621145,3.657487,2.830212,0.023550,6.267555,0.038577,0.015325
3.212719,-0.909487,-421.038969,6.061552,6.633277,2.618999,-238.498750,3.303518,2.561363,0.019328,6.272205,0.037811,0.013850
3.213246,-1.725425,-420.798867,6.413170,6.670789,2.042845,-239.003960,3.830704,2.722397,0.020725,6.274638,0.041082,0.016027
3.213772,-2.869483,-420.917743,6.049973,6.725690,0.916857,-239.245462,3.673787,2.945265,0.020839,6.279353,0.038953,0.015356
3.214298,-3.562252,-421.008303,6.181398,6.557207,0.969610,-239.160161,3.789831,2.879541,0.024916,6.279131,0.039860,0.015846
3.214824,-4.600240,-420.842261,6.139574,6.647783,0.518508,-238.778757,3.221678,2.717938,0.028108,6.281014,0.038069,0.013492
3.215350,-5.010842,-420.951903,6.182340,6.477996,-0.197429,-238.595166,3.513034,2.685614,0.026389,6.284013,0.038980,0.014724
3.215876,-5.925121,-420.962047,5.951138,6.635497,-0.517744,-238.558747,3.649218,2.389868,0.029636,6.285356,0.038255,0.015297
3.216402,-6.674472,-420.819784,6.182801,6.569475,-0.459132,-238.562497,3.704900,2.560252,0.034089,6.285110,0.039524,0.015530
3.216929,-7.270145,-421.032388,6.205092,6.517082,-1.033150,-239.059193,3.540162,2.590884,0.034261,6.287507,0.039234,0.014809
3.217455,-8.039387,-420.877684,6.262608,6.631399,-2.243243,-238.687294,3.699246,2.690405,0.031803,6.292583,0.039902,0.015497
3.217981,-8.938853,-420.832201,6.076371,6.552824,-2.620262,-239.466843,3.657706,3.018840,0.034825,6.294127,0.039082,0.015273
3.218507,-9.391992,-420.917804,6.149107,6.443880,-3.647171,-237.858668,3.422883,2.154580,0.031372,6.298517,0.038424,0.014388
3.219033,-10.504768,-421.639377,6.030564,6.522416,-2.765836,-240.137300,3.583527,2.966568,0.042612,6.294703,0.038616,0.014922
3.219559,-10.949572,-421.496393,6.189560,6.783273,-3.949323,-239.187827,3.864847,2.390049,0.038379,6.299695,0.039996,0.016155
3.220086,-11.619315,-421.355931,6.426104,6.608861,-4.388107,-239.177355,3.592879,2.332633,0.039672,6.301530,0.040378,0.015018
3.220612,-12.034128,-420.946712,6.400284,6.722187,-4.670303,-239.681224,3.673673,3.022314,0.040602,6.302668,0.040678,0.015323
3.221138,-12.992616,-420.880806,6.118503,6.706365,-4.575679,-239.452528,3.577725,3.048016,0.046359,6.302292,0.039028,0.014938
3.221664,-13.227636,-420.940748,6.148388,6.616561,-5.660789,-239.284335,3.405019,3.341854,0.041631,6.306838,0.038660,0.014226
3.222190,-14.339354,-420.795512,6.045515,6.737274,-6.355664,-239.572716,3.698732,3.109845,0.044026,6.309708,0.039074,0.015432
3.222716,-14.876196,-421.726265,6.129840,6.717029,-6.486692,-239.997692,3.729561,2.978957,0.046132,6.310207,0.039444,0.015532
3.223243,-15.201327,-421.774263,6.193772,6.695399,-6.380185,-239.948291,3.834347,2.928954,0.048476,6.309769,0.040017,0.015972
3.223769,-15.454741,-421.826786,6.045296,6.695655,-7.280500,-240.471554,3.585997,2.977479,0.045043,6.313452,0.038722,0.014903
3.224295,-16.402676,-421.484179,6.115333,6.623676,-8.214593,-240.766718,3.463690,3.300370,0.045278,6.317291,0.038855,0.014377
3.224821,-16.881944,-421.870965,6.151330,6.765775,-8.080463,-240.314728,3.556784,2.920203,0.048440,6.316797,0.039095,0.014789
3.225347,-17.271856,-421.742010,6.191872,6.740693,-8.513531,-240.543848,3.637370,3.164051,0.048298,6.318563,0.039589,0.015110
3.225873,-17.518280,-420.899399,6.189817,6.676268,-8.928704,-239.754662,3.725205,3.105545,0.047383,6.320409,0.039839,0.015524
3.226399,-17.987717,-420.824811,6.418913,6.627409,-9.058744,-239.412368,3.716687,2.899581,0.049180,6.321005,0.040835,0.015509
3.226926,-18.703925,-420.986435,6.214743,6.871337,-8.972321,-239.327079,3.711149,3.105028,0.053519,6.320658,0.039794,0.015492
3.227452,-18.973410,-420.934311,6.191437,6.752180,-9.213821,-239.522382,3.832907,3.188576,0.053746,6.321634,0.040085,0.015987
3.227978,-19.126841,-420.956016,6.184518,6.678418,-9.996172,-240.104924,3.948776,2.873354,0.050444,6.324794,0.040520,0.016425
3.228504,-19.962554,-421.236031,6.495333,6.624757,-10.476451,-240.132445,3.598462,2.833970,0.052332,6.326785,0.040942,0.014966
3.229030,-20.056215,-421.449483,6.585507,6.559145,-10.576466,-240.280254,3.588615,2.935926,0.052278,6.327174,0.041335,0.014916
3.229556,-20.750655,-420.635847,6.203854,6.532667,-10.620992,-239.522234,3.704316,3.023406,0.055872,6.327499,0.039833,0.015445
3.230083,-20.889258,-420.781477,6.274540,6.498313,-10.434977,-239.720836,3.538930,3.215899,0.057675,6.326688,0.039721,0.014746
3.230609,-20.865755,-420.681339,6.257097,6.566471,-10.514342,-239.660176,3.504107,3.198287,0.057121,6.327029,0.039555,0.014605
3.231135,-21.127999,-420.702577,6.237741,6.513621,-10.612758,-239.620175,3.571129,3.194042,0.058004,6.327446,0.039627,0.014886
3.231661,-21.493181,-420.807378,6.205884,6.724293,-10.871778,-239.823856,3.678797,3.200917,0.058620,6.328487,0.039798,0.015320
3.232187,-21.805241,-420.751834,6.388589,6.676336,-10.957870,-239.729785,3.700983,3.242025,0.059851,6.328863,0.040714,0.015418
3.232713,-22.013935,-420.846638,6.349149,6.650148,-10.895727,-239.593376,3.735723,3.200627,0.061264,6.328630,0.040567,0.015572
3.233240,-22.632281,-420.884742,6.113755,6.652527,-10.669143,-239.243025,3.578444,3.201209,0.065766,6.327751,0.038923,0.014940
3.233766,-22.724908,-420.825605,6.174334,6.659991,-10.976238,-239.428478,3.752796,3.086994,0.064677,6.328997,0.039751,0.015652
3.234292,-22.858437,-420.636292,6.215701,6.597576,-11.448093,-239.495353,3.986263,3.129254,0.062908,6.330950,0.040682,0.016618
3.234818,-22.903121,-421.604294,6.155732,6.647144,-11.479018,-240.274571,3.979234,3.171599,0.062919,6.330924,0.040344,0.016535
3.235344,-22.976341,-421.531745,6.184923,6.671375,-11.574767,-240.175593,4.024991,3.218611,0.062786,6.331341,0.040610,0.016732
3.235870,-22.998578,-421.277045,6.190437,6.835283,-11.442273,-240.120967,4.023964,3.227175,0.063706,6.330801,0.040678,0.016732
3.236396,-23.075245,-421.023015,6.185495,6.763068,-11.522720,-240.164004,3.984410,3.225361,0.063789,6.331127,0.040602,0.016565
3.236923,-23.203263,-421.056507,6.172843,6.757112,-11.208188,-239.972753,3.832607,3.165304,0.066144,6.329857,0.040041,0.015948
3.237449,-23.556027,-420.844213,6.359141,6.663908,-11.609602,-239.429578,4.073144,3.179242,0.065757,6.331636,0.041533,0.016984
3.237975,-23.512608,-420.747497,6.356407,6.727149,-11.516587,-239.428734,3.781656,3.223089,0.066064,6.331249,0.040704,0.015771
3.238501,-23.482801,-421.638612,6.375714,6.639351,-11.523327,-240.267246,3.738851,3.329599,0.065844,6.331109,0.040664,0.015540
3.239027,-23.718943,-421.443943,6.476226,6.628184,-11.374627,-240.274728,3.770827,3.273097,0.068032,6.330490,0.041267,0.015672
3.239553,-23.664889,-421.663596,6.426493,6.671819,-11.454921,-240.314421,3.951705,3.251225,0.067227,6.330816,0.041504,0.016419
3.240080,-23.685688,-421.521205,6.431265,6.646582,-11.358279,-240.254731,3.828883,3.320388,0.067903,6.330426,0.041195,0.015915
3.240606,-23.631043,-421.621815,6.438338,6.692307,-10.771738,-240.416024,3.653951,3.470681,0.070846,6.327960,0.040755,0.015182
3.241132,-23.466530,-421.705307,6.367775,6.747775,-10.832900,-240.736774,3.693601,3.334525,0.069698,6.328154,0.040584,0.015325
3.241658,-23.479404,-420.705390,6.367775,6.747775,-10.811376,-239.710383,3.705833,3.338895,0.069877,6.328257,0.040611,0.015441
3.242184,-23.232461,-421.633817,6.220265,6.749316,-10.787434,-240.594285,3.785225,3.276526,0.068634,6.327992,0.040131,0.015713
3.242710,-23.024923,-420.844805,6.191296,6.659906,-10.186449,-239.338679,3.584877,3.180473,0.070615,6.325720,0.039324,0.014962
3.243237,-22.894321,-420.948295,6.151330,6.765775,-10.405083,-239.406624,3.794296,2.919916,0.068687,6.326620,0.039721,0.015828
3.243763,-22.824417,-420.762641,6.215327,6.706329,-10.086367,-239.619063,3.684890,3.077254,0.070205,6.325254,0.039795,0.015360
3.244289,-22.646372,-421.012981,6.156169,6.601445,-8.594536,-239.355011,3.673131,3.195095,0.077200,6.319077,0.039351,0.015334
3.244815,-22.106954,-421.243800,6.391440,6.642667,-8.762349,-239.875146,3.670722,3.127221,0.073445,6.319698,0.040528,0.015290
3.245341,-21.679132,-421.289422,6.445671,6.403790,-8.565448,-239.703244,3.747667,3.205026,0.072092,6.318904,0.040945,0.015622
3.245867,-21.676558,-421.223487,6.403089,6.455483,-8.712586,-240.007961,3.648886,2.961641,0.071417,6.319471,0.040558,0.015190
3.246393,-20.900325,-420.486777,6.238525,6.657594,-8.714180,-239.972947,3.558409,3.432172,0.067406,6.319483,0.039704,0.014818
3.246920,-20.835443,-420.512195,6.198453,6.661098,-8.112625,-239.251822,3.728234,2.926960,0.070076,6.317081,0.039809,0.015571
3.247446,-20.631786,-420.405180,6.126103,6.687841,-7.886049,-239.625734,3.854464,3.237906,0.070388,6.316083,0.039943,0.016074
3.247972,-20.031170,-420.163445,6.369845,6.866953,-7.460272,-238.823013,4.092924,2.633503,0.069211,6.314413,0.041647,0.017125
3.248498,-19.081344,-420.671503,6.216890,6.718059,-6.987035,-239.808806,3.407897,3.224473,0.066771,6.312313,0.039121,0.014204
3.249024,-18.801378,-420.590646,6.239479,6.553706,-6.604414,-239.782295,3.498463,3.347737,0.067356,6.310722,0.039479,0.014584
3.249550,-18.617781,-420.556859,6.120756,6.595857,-6.407337,-238.541978,3.735521,2.524675,0.066985,6.310039,0.039305,0.015651
3.250077,-17.749915,-420.367099,6.392856,6.579998,-6.593427,-238.603638,3.633678,2.539065,0.061302,6.310812,0.040374,0.015220
3.250603,-17.135338,-420.373780,6.167568,6.675786,-5.221574,-238.129687,3.454487,2.383894,0.065280,6.305109,0.038707,0.014501
3.251129,-16.848197,-420.124796,6.104821,6.746567,-4.765837,-238.413757,3.535449,2.588460,0.066394,6.303172,0.038742,0.014825
3.251655,-15.714525,-420.038146,6.122338,6.621384,-4.283041,-238.550675,3.590849,2.710522,0.062905,6.301138,0.039032,0.015049
3.252181,-15.394175,-421.178989,6.197978,6.508323,-4.261737,-239.838762,3.633041,3.022202,0.061313,6.300953,0.039543,0.015145
3.252707,-14.694454,-421.317387,6.198874,6.682172,-4.833838,-240.295410,3.622074,3.213736,0.054418,6.303299,0.039606,0.015070
3.253234,-14.231228,-421.050157,6.093491,6.770136,-2.494803,-239.672012,3.558761,2.886367,0.064617,6.293594,0.038831,0.014847
3.253760,-13.174086,-421.097034,6.094409,6.782213,-2.684634,-239.723332,3.545056,3.173535,0.057769,6.294384,0.038816,0.014787
3.254286,-12.626600,-421.308472,6.071664,6.449969,-2.514327,-239.585914,3.679582,2.896482,0.055589,6.293679,0.039008,0.015357
3.254812,-11.563626,-420.600553,6.041444,6.605006,-2.943557,-240.238798,3.663597,3.105428,0.047757,6.295437,0.039132,0.015248
3.255338,-10.945259,-420.962280,6.164544,6.544075,-2.057798,-239.737074,3.356717,3.009228,0.049002,6.291769,0.038688,0.014001
3.255864,-10.597555,-420.964320,6.050566,6.563600,-0.886901,-239.824021,3.691430,2.906663,0.053557,6.286883,0.039074,0.015392
3.256390,-9.301292,-420.933781,6.104487,6.481605,-1.201521,-239.242894,3.698202,2.577817,0.044550,6.288207,0.039242,0.015458
3.256917,-8.971158,-420.709999,6.085182,6.710340,-0.423408,-239.237769,3.715003,2.625217,0.047067,6.284955,0.039245,0.015528
3.257443,-7.881242,-420.607303,6.295738,6.602017,-0.419506,-239.434366,3.710795,3.130871,0.041162,6.284937,0.040303,0.015498
3.257969,-7.009424,-421.188143,6.158856,6.525208,0.973784,-239.243581,3.520024,3.198916,0.043849,6.279115,0.038953,0.014713
3.258495,-6.354346,-420.896177,6.065781,6.544624,1.558113,-239.362755,3.651396,3.004505,0.043559,6.276676,0.038965,0.015254
3.259021,-5.124333,-421.068442,6.152973,6.567124,1.823583,-239.164551,3.660067,3.105245,0.038177,6.275561,0.039330,0.015303
3.259547,-4.460800,-421.007966,6.086458,6.662298,1.745740,-239.494857,3.628906,3.123998,0.034180,6.275896,0.039018,0.015152
3.260074,-3.280801,-420.957173,6.103488,6.644748,3.219311,-239.333103,3.372684,3.114934,0.035774,6.269735,0.038372,0.014091
3.260600,-2.540033,-421.123723,6.062048,6.598739,3.616059,-238.984728,3.540843,2.717643,0.033786,6.268056,0.038523,0.014814
3.261126,-1.287455,-420.984313,6.126347,6.719722,3.651700,-239.379119,3.577393,3.007777,0.027191,6.267932,0.039051,0.014942
3.261652,-0.710737,-420.912303,6.146391,6.935878,3.576260,-239.186271,3.715003,2.625217,0.023586,6.268235,0.039510,0.015529
3.262178,0.449844,-420.172008,6.365348,6.577023,4.381793,-238.232307,3.215514,2.664696,0.021608,6.264794,0.039187,0.013494
3.262704,1.499364,-420.464520,6.063400,6.660820,4.402493,-238.522935,3.896339,2.575533,0.015955,6.264730,0.039609,0.016331
3.263231,2.495093,-420.564057,6.312387,6.567683,5.572103,-238.491041,3.528242,2.713559,0.016898,6.259826,0.039712,0.014788
3.263757,3.438779,-420.726308,6.055884,6.829273,5.540409,-238.867783,3.579544,2.810607,0.011556,6.259995,0.038680,0.014980
3.264283,4.404158,-420.548725,6.346941,6.810766,5.837094,-238.338818,3.610047,2.561043,0.007864,6.258699,0.040072,0.015140
3.264809,5.552627,-420.678681,6.038844,6.854766,5.963591,-238.546731,3.610102,2.588903,0.002256,6.258191,0.038629,0.015127
3.265335,6.376405,-420.907673,6.290875,6.826255,7.179320,-238.228331,3.499342,2.429535,0.004395,6.253058,0.039406,0.014679
3.265861,7.501698,-420.730383,6.042814,6.880748,7.269721,-238.541819,3.547789,2.573134,-0.001273,6.252719,0.038462,0.014863
3.266387,8.935304,-421.042703,6.071936,6.666639,7.578654,-238.175600,3.561937,2.414528,-0.007419,6.251376,0.038495,0.014943
3.266914,9.561359,-420.569752,6.051176,6.812970,7.707942,-238.359880,3.595297,2.518588,-0.010172,6.250859,0.038628,0.015072
3.267440,10.690644,-420.269641,6.117311,6.693079,9.225113,-238.403538,3.543421,2.737004,-0.008058,6.244509,0.038871,0.014848
3.267966,11.587057,-420.506461,6.049024,6.801728,9.214822,-238.436465,3.541156,2.619399,-0.013029,6.244558,0.038495,0.014835
3.268492,12.935246,-420.093575,6.121037,6.749222,9.176236,-238.947415,3.609602,2.880021,-0.020748,6.244801,0.039221,0.015091
3.269018,14.460879,-419.980941,6.106558,6.530357,9.823634,-238.829333,3.936409,2.873710,-0.025593,6.242076,0.040093,0.016462
3.269544,15.208756,-419.867188,5.921114,6.842812,11.082413,-238.613951,3.608245,3.089337,-0.022762,6.236774,0.038247,0.015101
3.270071,16.313340,-419.828624,6.318050,6.527829,11.034256,-238.059405,3.534956,2.766028,-0.029035,6.236868,0.039812,0.014827
3.270597,17.108876,-419.755301,6.017049,6.758531,11.441106,-238.445456,3.593893,3.007214,-0.031250,6.235240,0.038639,0.015050
3.271123,18.242329,-420.483155,6.266165,6.716430,11.303263,-239.760374,3.640196,3.156923,-0.038377,6.236076,0.040071,0.015162
3.271649,19.405281,-420.479894,6.003449,6.839489,11.822934,-239.329188,3.733270,3.120939,-0.041832,6.233825,0.038996,0.015574
3.272175,20.756482,-420.246169,6.100187,6.682433,12.771118,-239.107003,3.553714,2.717537,-0.044056,6.229824,0.038938,0.014833
3.272701,21.870226,-420.240473,6.392289,6.688014,13.387722,-238.942646,3.481289,2.616457,-0.046754,6.227215,0.040103,0.014537
3.273228,22.899853,-420.104309,6.111147,6.833406,13.475728,-238.792981,3.555051,2.608662,-0.051931,6.226812,0.038945,0.014853
3.273754,24.041989,-420.165448,6.278532,6.777994,13.817427,-239.245831,3.502832,3.029811,-0.056454,6.225495,0.039680,0.014611
3.274280,24.977454,-420.038723,6.071401,6.845858,14.228195,-239.073025,3.781921,3.293548,-0.059330,6.223741,0.039466,0.015784
3.274806,25.856942,-420.006360,6.414848,6.716889,14.164384,-238.983792,3.863599,3.315167,-0.064502,6.223985,0.041282,0.016131
3.275332,26.981016,-419.892533,6.084141,6.702317,14.731469,-238.938842,3.537312,3.364302,-0.067591,6.221610,0.038816,0.014774
3.275858,28.397148,-419.790301,6.028303,6.730655,15.164479,-238.256161,3.694174,2.324269,-0.072765,6.219623,0.038845,0.015455
3.276384,29.052212,-419.702586,6.044397,6.773463,15.397124,-239.105929,3.799082,2.821287,-0.075467,6.218880,0.039425,0.015841
3.276911,30.427805,-419.432906,6.043510,6.623534,15.521009,-239.010340,3.824466,2.555491,-0.082434,6.218338,0.039503,0.015949
3.277437,31.190290,-419.685615,6.075637,6.878644,16.181594,-239.573002,3.824716,2.803527,-0.083137,6.215744,0.039732,0.015912
3.277963,31.836128,-419.703479,6.265223,6.612380,16.356006,-238.685753,3.796684,2.427380,-0.085310,6.214767,0.040312,0.015847
3.278489,32.953155,-419.847367,6.098592,6.825724,17.367795,-238.935545,3.417014,2.780860,-0.085937,6.210625,0.038514,0.014251
3.279015,33.793844,-418.714601,6.226308,6.770808,17.359966,-237.974191,3.533269,2.842902,-0.090676,6.210365,0.039455,0.014794
3.279541,34.743799,-418.671910,6.156661,6.711775,17.640401,-238.396385,3.585134,2.993197,-0.094591,6.209324,0.039354,0.014985
3.280068,35.983819,-418.103689,6.343327,6.439314,17.953217,-238.255584,3.720966,2.915327,-0.099921,6.207975,0.040671,0.015556
3.280594,36.837280,-418.619735,6.090434,6.731624,18.269576,-238.100165,3.823647,2.763280,-0.102497,6.206605,0.039632,0.015990
3.281120,37.531200,-418.174440,6.273127,6.689287,18.828059,-238.499597,3.461101,3.135331,-0.103721,6.204405,0.039674,0.014459
3.281646,38.319507,-418.479532,6.326834,6.742669,19.356203,-238.453409,3.587198,2.949811,-0.104949,6.202189,0.040183,0.014978
3.282172,39.146518,-418.053901,6.099451,6.550759,19.413169,-238.493002,3.642805,2.890159,-0.109459,6.201965,0.039333,0.015205
3.282698,40.249685,-418.590475,6.233841,6.659430,19.694555,-238.442454,3.576763,3.182213,-0.113610,6.200776,0.039652,0.014939
3.283225,41.142644,-418.398178,6.073590,6.674792,19.899669,-238.485271,3.748624,2.974595,-0.117529,6.199936,0.039410,0.015644
3.283751,41.762131,-418.130391,6.270461,6.505566,20.039092,-238.467504,3.887365,3.255028,-0.120326,6.199349,0.040759,0.016227
3.284277,42.708446,-417.908043,6.030272,6.695126,19.907770,-238.908335,3.986930,3.289218,-0.126696,6.200049,0.040083,0.016612
3.284803,43.308889,-417.816521,6.166600,6.562900,20.047175,-238.761367,3.797263,3.206036,-0.129190,6.199419,0.040114,0.015832
3.285329,44.021607,-418.182628,6.239896,6.814965,20.327197,-238.771349,3.707654,3.195845,-0.131308,6.198258,0.040134,0.015458
3.285855,44.998058,-417.658503,6.110585,6.429395,20.836730,-238.422306,3.837374,3.195150,-0.133994,6.196013,0.039893,0.016015
3.286381,45.748528,-418.709731,6.340800,6.449592,21.848108,-238.576597,3.520411,2.823084,-0.131912,6.191863,0.039892,0.014673
3.286908,46.333115,-418.757722,6.273943,6.718803,21.379628,-238.537245,3.581717,3.012484,-0.137586,6.193796,0.039722,0.014938
3.287434,46.789868,-418.233285,6.139813,6.651471,21.588680,-239.472526,3.907929,3.401076,-0.140054,6.193277,0.040336,0.016237
3.287960,47.223433,-418.096239,6.062004,6.525601,21.950563,-238.987906,3.809304,3.195088,-0.140178,6.191594,0.039593,0.015853
3.288486,48.082135,-417.840716,6.269931,6.468942,22.461190,-238.947852,3.499120,3.248046,-0.142252,6.189460,0.039738,0.014571
3.289012,48.535139,-417.675658,6.448799,6.617907,22.326874,-238.712795,3.694710,3.034834,-0.145412,6.189926,0.041074,0.015389
3.289538,49.009771,-417.842789,6.193129,6.834466,22.671056,-238.834036,3.676578,3.147020,-0.146088,6.188545,0.039844,0.015307
3.290065,49.321521,-417.216213,6.133285,6.519973,22.715344,-238.827730,3.585702,3.276071,-0.148056,6.188359,0.039414,0.014935
3.290591,50.139490,-417.474236,6.205627,6.622778,22.845438,-238.475343,3.633510,3.148891,-0.151316,6.187679,0.039733,0.015150
3.291117,50.509744,-417.338181,6.319938,6.738467,23.136568,-238.623679,3.627506,3.264209,-0.151986,6.186529,0.040330,0.015117
3.291643,50.613450,-417.327974,6.362073,6.605806,23.390012,-238.597473,3.641759,3.170056,-0.151154,6.185466,0.040547,0.015173
3.292169,51.346017,-417.367120,6.103777,6.670699,23.259592,-238.625181,3.684431,3.083511,-0.155859,6.186019,0.039434,0.015346
3.292695,51.539145,-417.433299,6.238055,6.641622,23.900903,-238.781684,3.905773,3.054615,-0.153488,6.183422,0.040706,0.016244
3.293222,51.904445,-417.222176,6.412468,6.688025,23.947365,-238.790739,3.879709,3.062630,-0.155419,6.183234,0.041479,0.016136
3.293748,52.093388,-417.309900,6.282490,6.698270,23.941730,-238.622845,3.847531,3.202810,-0.156263,6.183187,0.040734,0.016019
3.294274,52.338054,-417.393078,6.382741,6.694446,23.411869,-238.657651,3.506560,3.114055,-0.160447,6.185400,0.040236,0.014608
3.294800,52.510658,-417.494313,6.415234,6.808296,23.841077,-239.372913,3.829501,3.380502,-0.159587,6.183915,0.041430,0.015902
3.295326,52.642198,-417.592244,6.314519,6.917323,24.036391,-239.198819,3.872678,3.282583,-0.158999,6.183034,0.041035,0.016086
3.295852,52.929883,-417.849782,6.149939,6.829541,24.172701,-238.723727,4.031294,2.860598,-0.159183,6.182271,0.040540,0.016759
3.296378,53.108338,-416.905256,6.289527,6.795561,24.556548,-237.281922,4.031789,3.041638,-0.157635,6.180061,0.041073,0.016863
3.296905,53.108338,-416.905256,6.289527,6.795561,24.723689,-238.213848,3.685474,3.047124,-0.157531,6.179768,0.040312,0.015363
3.297431,53.323375,-417.035172,6.198516,6.803396,25.069571,-238.258561,3.426759,3.207454,-0.156743,6.178351,0.039193,0.014294
3.297957,53.284102,-417.003882,6.179198,6.797477,25.332638,-238.606893,3.487258,3.312520,-0.155418,6.177413,0.039357,0.014525
3.298483,53.415924,-417.037995,6.262574,6.778100,25.029616,-238.288790,3.408178,3.201105,-0.157490,6.178530,0.039445,0.014215
3.299009,53.439172,-417.236791,6.300900,6.640525,25.566321,-237.859234,3.431071,3.230573,-0.154154,6.176111,0.039550,0.014333
3.299535,53.415924,-417.037995,6.262574,6.778100,25.643701,-237.791520,3.466018,3.253235,-0.153716,6.175759,0.039509,0.014482
3.300062,53.415924,-417.037995,6.262574,6.778100,25.525274,-237.686926,3.468781,3.081071,-0.154273,6.176205,0.039480,0.014493
3.300588,53.415924,-417.037995,6.262574,6.778100,25.544428,-237.373650,3.486308,2.992593,-0.153904,6.175985,0.039454,0.014581
3.301114,53.323375,-417.035172,6.198516,6.803396,25.185930,-237.569013,3.539418,2.978174,-0.155518,6.177565,0.039332,0.014791
3.301640,53.240161,-416.939985,6.372531,6.777060,25.574368,-237.696506,3.437530,3.090411,-0.153139,6.176005,0.039949,0.014363
3.302166,52.957733,-416.881764,6.171842,6.836089,25.574368,-237.696506,3.437530,3.090411,-0.151648,6.176005,0.039030,0.014363
3.302692,52.860000,-417.723641,6.150155,6.890493,25.983056,-239.174491,3.646456,3.306096,-0.149408,6.174973,0.039661,0.015141
3.303219,52.582426,-417.764801,6.315403,6.824317,25.399092,-238.761843,3.364294,3.194344,-0.150708,6.177206,0.039570,0.014004
3.303745,52.423901,-417.604474,6.285531,6.690342,25.538148,-238.686843,3.468781,3.081071,-0.149153,6.176596,0.039703,0.014433
3.304271,52.235815,-417.436065,6.233841,6.659430,25.203739,-238.474901,3.565709,2.906500,-0.149917,6.177889,0.039690,0.014842
3.304797,52.094482,-417.412280,6.305577,6.625230,24.885714,-238.376120,3.640447,3.092587,-0.150820,6.179165,0.040210,0.015167
3.305323,51.233366,-417.391427,6.143560,6.872778,25.435756,-237.783212,3.441792,3.041958,-0.142657,6.176620,0.038864,0.014375
3.305849,50.931354,-417.795536,6.214963,6.820565,24.903709,-238.421015,3.554607,3.042389,-0.144097,6.179110,0.039537,0.014807
3.306375,50.832937,-417.640408,6.165167,6.805121,25.223068,-237.902580,3.460762,2.805980,-0.141532,6.177557,0.038975,0.014438
3.306902,50.323793,-417.393978,6.381513,6.637658,25.271262,-237.723682,3.502774,2.684751,-0.138543,6.177278,0.040116,0.014618
3.307428,49.792212,-417.656329,6.173641,6.604721,25.306714,-238.300608,3.424571,3.189606,-0.135680,6.177385,0.039029,0.014280
3.307954,48.945606,-417.920197,6.104386,6.824966,24.457077,-238.615559,3.709903,3.083122,-0.135735,6.181046,0.039508,0.015442
3.308480,48.637629,-417.846723,6.357835,6.772876,24.478233,-238.825054,3.727482,3.111001,-0.134142,6.181048,0.040806,0.015502
3.309006,48.291255,-417.949836,6.377610,6.635921,23.844026,-238.596957,3.778982,2.997337,-0.135473,6.183582,0.040941,0.015731
3.309532,47.540018,-418.173582,6.172923,6.740052,23.781665,-238.435462,3.813039,2.888842,-0.131421,6.183774,0.040027,0.015880
3.310059,47.131961,-418.171733,6.050243,6.739731,24.008394,-238.778465,3.897773,3.049230,-0.128192,6.182975,0.039808,0.016210
3.310585,46.770326,-418.272628,6.081510,6.829180,23.945526,-238.347381,3.045687,3.040808,-0.126183,6.183056,0.037563,0.012714
3.311111,45.979901,-418.697266,6.311762,6.673342,23.839824,-237.805377,3.052223,2.549155,-0.121788,6.183270,0.038482,0.012752
3.311637,45.476056,-418.590337,6.169323,6.557826,23.260686,-237.948640,3.462390,2.500277,-0.122366,6.185740,0.038866,0.014449
3.312163,44.770533,-418.881576,6.050130,6.695382,23.064106,-238.632342,3.452334,2.753324,-0.119847,6.186833,0.038390,0.014376
3.312689,44.106696,-418.991939,6.324270,6.647878,23.077456,-238.186313,3.532087,2.466900,-0.115788,6.186599,0.039784,0.014725
3.313216,43.088661,-419.219300,6.109979,6.751346,22.904652,-238.161694,3.581996,2.466948,-0.111020,6.187307,0.038884,0.014935
3.313742,42.738878,-419.114646,6.149158,6.664798,22.178611,-239.366113,3.790037,2.978094,-0.113889,6.190793,0.039931,0.015740
3.314268,42.036143,-419.184493,6.319357,6.562348,22.041456,-238.966259,3.885906,2.816162,-0.110495,6.191209,0.040895,0.016160
3.314794,41.051217,-419.548093,6.044397,6.773463,21.310172,-239.148143,3.543164,3.237582,-0.108996,6.194311,0.038641,0.014748
3.315320,40.334199,-419.516883,6.232128,6.663141,21.392386,-239.046426,3.469443,3.200557,-0.104575,6.193933,0.039323,0.014447
3.315846,39.768931,-419.701432,6.112495,6.764425,21.113000,-239.619949,3.562006,3.102231,-0.103229,6.195302,0.039099,0.014794
3.316372,38.732558,-419.644733,6.122284,6.742497,21.241906,-239.114737,3.418555,2.981740,-0.096584,6.194582,0.038679,0.014227
3.316899,37.999075,-419.907161,6.289570,6.532144,20.660093,-239.290030,3.512197,3.050387,-0.095705,6.197060,0.039702,0.014610
3.317425,36.901131,-419.805246,6.124395,6.691272,20.569542,-239.336803,3.532950,3.017598,-0.090250,6.197452,0.039031,0.014693
3.317951,36.427883,-419.819899,6.267744,6.802102,19.333055,-239.054792,3.434773,2.590761,-0.094289,6.202488,0.039369,0.014301
3.318477,35.353690,-420.063755,6.010951,6.697408,19.218079,-238.374536,3.470733,2.258773,-0.088576,6.202738,0.038058,0.014486
3.319003,34.444894,-419.788300,6.316502,6.602527,18.937698,-238.955737,3.304134,2.650978,-0.085545,6.204099,0.039276,0.013769
3.319529,33.875335,-420.022357,6.002297,6.904103,17.735280,-239.016769,3.669580,2.632703,-0.088934,6.209120,0.038729,0.015290
3.320056,32.944872,-419.952204,6.119920,6.750585,19.367353,-238.175794,3.393346,2.749798,-0.074555,6.202048,0.038398,0.014184
3.320582,32.440944,-419.896117,6.060874,6.821106,18.000449,-239.171263,3.804631,2.516826,-0.079734,6.208065,0.039475,0.015838
3.321108,30.901628,-419.882492,6.124395,6.691272,17.274435,-238.911472,3.382531,2.681034,-0.075159,6.211006,0.038558,0.014108
3.321634,30.146448,-420.008457,6.303026,6.837663,17.063739,-238.949094,3.472439,2.871992,-0.072131,6.211895,0.039648,0.014484
3.322160,28.985357,-419.898455,6.115442,6.825941,16.291111,-238.902976,3.004141,2.756508,-0.070021,6.215099,0.037568,0.012541
3.322686,28.251717,-420.255908,6.265019,6.763010,15.384940,-239.195941,3.560595,2.758949,-0.070944,6.218954,0.039702,0.014843
3.323213,27.124405,-420.219269,6.120080,6.795010,15.539197,-239.179455,3.506856,2.702208,-0.063905,6.218308,0.038888,0.014619
3.323739,26.731245,-420.204612,6.162615,6.832748,15.379929,-238.972697,3.403157,2.580901,-0.062552,6.218915,0.038774,0.014199
3.324265,25.357953,-420.522585,5.925353,6.862021,14.691599,-238.539215,3.556063,2.469004,-0.058545,6.221673,0.037916,0.014865
3.324791,24.766275,-420.371826,6.168650,6.849807,14.388122,-239.125555,3.644502,2.880569,-0.057197,6.223088,0.039471,0.015203
3.325317,23.443743,-420.617495,5.978754,6.937826,13.377632,-239.270715,3.574157,2.718936,-0.055451,6.227333,0.038360,0.014905
3.325843,22.722644,-420.306882,6.172162,6.797904,13.338046,-239.587435,3.530331,2.961310,-0.051882,6.227572,0.039297,0.014706
3.326369,21.418708,-420.804711,6.061636,6.906923,13.067171,-239.128544,3.495884,2.657994,-0.045937,6.228595,0.038480,0.014588
3.326896,20.775631,-420.750957,6.210766,6.733427,12.685461,-239.417289,3.485461,2.980671,-0.044585,6.230250,0.039239,0.014532
3.327422,19.534653,-420.696920,6.024300,6.862275,12.795554,-238.642908,3.332519,2.281619,-0.037000,6.229619,0.037793,0.013934
3.327948,18.825915,-420.997567,6.142207,6.645605,10.976958,-239.294467,3.496286,2.557582,-0.043170,6.237345,0.038861,0.014588
3.328474,17.917544,-420.887796,6.165804,6.704414,11.296052,-238.672228,3.519508,2.167687,-0.036323,6.235892,0.038936,0.014719
3.329000,16.945797,-421.025906,6.114206,6.632112,11.008235,-239.220642,3.367521,2.530668,-0.032647,6.237201,0.038374,0.014056
3.329526,15.745280,-421.282152,6.233514,6.933376,10.350106,-239.107665,3.986898,2.434674,-0.029607,6.239926,0.040599,0.016649
3.330053,14.857199,-421.034463,6.163749,6.614525,9.572831,-238.689853,3.635092,2.554763,-0.028972,6.243101,0.039227,0.015211
3.330579,14.385685,-421.312686,6.093012,6.800788,8.965948,-239.820087,3.570739,2.814713,-0.029853,6.245817,0.038896,0.014875
3.331105,13.301744,-421.390517,6.049758,6.725156,8.439329,-239.626991,3.438833,2.895615,-0.026745,6.247981,0.038273,0.014339
3.331631,12.569844,-421.398158,6.167826,6.851997,7.434076,-239.605733,3.452153,2.794203,-0.028243,6.252169,0.038867,0.014398
3.332157,11.303211,-421.641030,6.018197,6.861805,7.353670,-239.158776,3.571649,2.394046,-0.021640,6.252447,0.038342,0.014923
3.332683,10.374060,-421.318481,6.234751,6.972245,6.545394,-239.348830,3.695870,2.510863,-0.021037,6.255845,0.039822,0.015432
3.333209,9.261486,-422.056868,6.063414,6.678985,7.046069,-238.682391,3.482506,2.203026,-0.012081,6.253673,0.038129,0.014580
3.333736,8.648277,-421.971346,5.994842,6.595752,6.199582,-239.861262,3.839426,2.969050,-0.013445,6.257345,0.039088,0.015999
3.334262,7.458314,-421.763416,5.949086,6.924082,5.353836,-239.184525,3.571649,2.394046,-0.011526,6.260805,0.038003,0.014927
3.334788,6.975343,-421.735412,6.115292,6.534779,5.372555,-239.281714,3.701706,2.427515,-0.008784,6.260736,0.039178,0.015464
3.335314,5.477072,-421.486924,6.055146,7.048179,5.905513,-239.214200,3.050149,2.899986,0.002351,6.258503,0.037197,0.012746
3.335840,5.050660,-421.523726,6.077152,6.777199,4.808864,-239.389048,3.304065,2.882805,-0.001328,6.263100,0.037979,0.013799
3.336366,4.217226,-421.639466,5.978014,6.938119,4.020793,-238.933680,3.151078,2.362828,-0.001075,6.266359,0.036987,0.013185
3.336893,3.142757,-421.769168,6.111432,6.853915,3.231680,-238.698659,3.512286,2.209796,0.000486,6.269647,0.038503,0.014712
3.337419,2.243248,-421.685665,6.302689,6.841453,2.988546,-239.672031,3.548514,2.821375,0.004095,6.270717,0.039738,0.014804
3.337945,1.197668,-421.661127,6.146698,6.632824,2.899374,-239.593786,3.360630,2.872734,0.009346,6.271085,0.038475,0.014025
3.338471,0.614905,-421.603051,6.199649,6.555890,2.020959,-238.959429,3.151078,2.362828,0.007698,6.274728,0.038076,0.013186
3.338997,-0.487596,-421.490187,6.063400,6.660820,1.307188,-238.757490,3.536956,2.139250,0.009822,6.277710,0.038413,0.014814
3.339523,-0.918610,-421.585250,6.136558,6.619034,0.878630,-240.328020,3.637731,3.117324,0.009915,6.279529,0.039355,0.015136
3.340050,-1.612444,-421.715777,6.114011,6.923760,0.704352,-240.130863,3.630922,3.017582,0.012758,6.280252,0.039157,0.015121
3.340576,-2.812889,-421.529163,6.070765,6.803988,0.137853,-240.283783,2.980177,3.400900,0.016279,6.282612,0.037309,0.012403
3.341102,-3.643953,-421.225683,6.278026,6.755234,-0.671702,-240.139740,3.603658,3.064344,0.016412,6.285982,0.039969,0.015006
3.341628,-4.603870,-421.341950,6.034878,6.820163,-0.848200,-239.961189,3.570684,2.843626,0.020703,6.286720,0.038652,0.014880
3.342154,-5.171456,-421.571924,6.208736,6.592732,-0.746690,-239.790963,3.477575,3.115428,0.024336,6.286299,0.039137,0.014502
3.342680,-5.968651,-421.702436,6.176402,6.561605,-1.512462,-240.327919,3.464890,3.239460,0.024564,6.289479,0.039035,0.014417
3.343206,-6.800983,-421.817397,6.087258,6.658196,-2.080658,-239.159046,3.734334,2.407460,0.025837,6.291885,0.039084,0.015614
3.343733,-7.178659,-421.411304,6.156066,6.829958,-2.541196,-238.953625,3.578446,2.211912,0.025411,6.293820,0.039013,0.014974
3.344259,-7.970917,-421.290360,6.361818,6.808036,-2.523854,-239.767470,3.587435,2.916308,0.029999,6.293711,0.040217,0.014961
3.344785,-8.813954,-421.519261,6.096066,6.972324,-2.989305,-240.022061,3.601833,3.145024,0.032081,6.295639,0.038996,0.015005
3.345311,-9.324440,-421.314879,6.166604,6.878905,-4.377462,-239.616463,3.592612,3.012033,0.027220,6.301452,0.039265,0.014990
3.345837,-10.273889,-421.169655,6.153661,6.952822,-4.344545,-240.151863,3.459129,2.958805,0.032744,6.301274,0.038980,0.014401
3.346363,-10.704420,-421.230572,6.083478,6.759293,-4.842280,-240.281232,3.732461,2.875781,0.032385,6.303335,0.039424,0.015529
3.346890,-11.324274,-421.340628,6.166604,6.878905,-4.805828,-240.168813,3.646034,3.028515,0.035964,6.303193,0.039519,0.015177
3.347416,-11.922201,-421.242593,6.323061,6.839059,-5.282299,-240.306899,3.817500,3.254017,0.036681,6.305163,0.040796,0.015881
3.347942,-13.007127,-421.371479,6.260694,6.668389,-5.797144,-240.014193,3.921960,3.083959,0.039735,6.307334,0.040703,0.016334
3.348468,-13.326973,-421.597195,6.213535,6.767943,-5.846191,-239.664335,3.775703,2.957199,0.041095,6.307574,0.039931,0.015748
3.348994,-13.597703,-421.407050,6.158219,6.981748,-6.038765,-240.330887,3.972793,3.039348,0.041720,6.308307,0.040439,0.016523
3.349520,-14.694752,-421.673111,6.145784,6.510842,-6.145887,-239.868778,3.497383,2.830895,0.046988,6.308802,0.038852,0.014574
3.350047,-15.075041,-421.378963,6.162501,6.869560,-6.656760,-240.198952,3.608549,3.276142,0.046430,6.310892,0.039379,0.015016
3.350573,-15.319004,-421.614938,6.225643,6.758272,-6.679401,-240.138206,3.630894,3.079146,0.047571,6.310993,0.039671,0.015113
3.351099,-15.550928,-421.800286,6.231056,6.730035,-7.043753,-240.061658,3.259846,3.142349,0.046776,6.312518,0.038657,0.013573
3.351625,-16.217477,-421.543480,6.445973,6.616867,-7.190423,-240.453269,3.522689,3.167445,0.049807,6.313080,0.040514,0.014642
3.352151,-16.950165,-421.452130,6.279395,6.670151,-8.046913,-239.954246,3.814816,2.842048,0.049015,6.316708,0.040432,0.015885
3.352677,-17.399003,-421.554755,6.157222,6.802251,-8.487222,-240.014704,3.644302,3.103251,0.049051,6.318532,0.039369,0.015172
3.353203,-18.024989,-421.690397,6.300145,6.718266,-8.139053,-240.086818,3.932158,3.230240,0.054383,6.317073,0.040834,0.016366
3.353730,-18.269102,-421.617125,6.134345,6.835120,-8.425909,-240.194709,3.723692,3.325759,0.054203,6.318250,0.039504,0.015491
3.354256,-18.849802,-421.231471,6.204063,6.825877,-8.522715,-240.073497,3.713839,3.326690,0.056944,6.318671,0.039856,0.015458
3.354782,-18.995800,-421.367565,6.205662,6.879758,-8.375029,-240.155652,3.912984,3.230075,0.058543,6.318045,0.040421,0.016280
3.355308,-19.326275,-421.386638,6.193255,6.838208,-8.863131,-240.029947,3.742670,2.924865,0.057630,6.320094,0.039838,0.015578
3.355834,-19.391999,-421.254869,6.189972,6.909587,-8.899444,-240.186399,3.700668,3.021135,0.057883,6.320221,0.039769,0.015393
3.356360,-19.865636,-421.161397,6.396681,6.867299,-9.077100,-240.385058,3.741496,3.109165,0.059608,6.320928,0.040923,0.015550
3.356887,-20.169609,-421.072199,6.559946,6.768732,-8.818916,-240.023248,3.691212,2.971071,0.062612,6.319911,0.041491,0.015365
3.357413,-20.908172,-421.107477,6.135245,6.765235,-9.086746,-240.266432,3.685544,3.221331,0.065276,6.320987,0.039501,0.015326
3.357939,-20.970474,-421.175181,6.152537,6.780595,-9.118610,-240.243181,3.703978,3.223315,0.065411,6.321123,0.039614,0.015404
3.358465,-21.068418,-421.322787,6.174259,6.857617,-9.267851,-240.214043,3.806994,3.228443,0.065065,6.321748,0.039974,0.015833
3.358991,-21.109100,-421.293063,6.152064,6.853474,-9.310777,-240.192088,3.830345,3.230008,0.065056,6.321930,0.039940,0.015932
3.359517,-21.220656,-421.073746,6.155276,6.874871,-9.310777,-240.192088,3.830345,3.230008,0.065749,6.321930,0.040002,0.015932
3.360044,-21.433299,-421.251077,6.165994,6.905492,-9.088207,-239.954290,3.696837,3.426135,0.067988,6.321042,0.039577,0.015394
3.360570,-21.433299,-421.251077,6.165994,6.905492,-9.164844,-240.134168,3.707377,3.288257,0.067634,6.321332,0.039645,0.015425
3.361096,-21.433299,-421.251077,6.165994,6.905492,-9.538940,-239.518801,3.467161,3.078807,0.065357,6.322990,0.038854,0.014462
3.361622,-21.650620,-421.051373,6.370887,6.738006,-9.856592,-239.773804,3.917743,2.964923,0.064969,6.324270,0.041168,0.016320
3.362148,-21.682279,-421.184787,6.365800,6.866901,-10.384444,-239.643230,3.561194,3.094238,0.062153,6.326491,0.040107,0.014843
3.362674,-21.720636,-421.101980,6.398020,6.736826,-10.637662,-239.808561,3.575630,2.977236,0.061057,6.327515,0.040354,0.014891
3.363200,-21.720636,-421.101980,6.398020,6.736826,-10.637662,-239.808561,3.575630,2.977236,0.061057,6.327515,0.040354,0.014891
3.363727,-21.763570,-421.075372,6.423321,6.738806,-9.839361,-239.941080,3.941901,3.305089,0.065736,6.324170,0.041516,0.016411
3.364253,-21.924772,-421.054457,6.411338,6.762944,-9.379741,-239.853699,3.744610,3.153514,0.069122,6.322271,0.040879,0.015597
3.364779,-21.847390,-421.119399,6.374251,6.745655,-9.327959,-239.860225,3.706471,3.162838,0.068960,6.322055,0.040585,0.015438
3.365305,-21.847390,-421.119399,6.374251,6.745655,-8.950826,-239.954668,3.639615,3.200440,0.071067,6.320470,0.040418,0.015155
3.365831,-21.833759,-421.278348,6.343352,6.870422,-9.485231,-239.964949,3.457378,2.900059,0.068001,6.322692,0.039759,0.014393
3.366357,-21.749060,-421.334514,6.342811,6.872169,-8.899444,-240.186399,3.700668,3.021135,0.070816,6.320221,0.040441,0.015393
3.366884,-21.708503,-421.260524,6.366881,6.861762,-8.984394,-240.237541,3.659157,3.014161,0.070175,6.320566,0.040471,0.015217
3.367410,-21.773123,-421.523808,6.416746,6.779505,-8.899444,-240.186399,3.700668,3.021135,0.070874,6.320221,0.040747,0.015393
3.367936,-21.195606,-421.302051,6.154175,6.867090,-8.899444,-240.186399,3.700668,3.021135,0.067787,6.320221,0.039567,0.015393
3.368462,-21.098796,-421.238987,6.188685,6.924261,-9.074589,-239.974157,3.673292,2.906799,0.066238,6.320982,0.039623,0.015292
3.368988,-20.995634,-421.393314,6.205662,6.879758,-8.819331,-240.034027,3.553499,2.876269,0.067039,6.319911,0.039349,0.014791
3.369514,-20.707753,-421.155861,6.144110,6.827062,-7.823732,-240.349034,3.945692,2.901670,0.071138,6.315725,0.040287,0.016404
3.370041,-20.301594,-421.520077,6.130619,6.617190,-8.178768,-239.046308,3.251016,2.291128,0.066339,6.317386,0.037947,0.013588
3.370567,-19.722224,-421.231044,6.290840,6.871786,-7.975161,-239.756708,3.108181,2.904401,0.064641,6.316437,0.038595,0.012956
3.371093,-19.367972,-421.357266,6.169466,6.834341,-8.114202,-240.111478,3.167988,3.099058,0.062012,6.316966,0.038204,0.013186
3.371619,-19.086984,-421.385040,6.269279,6.856932,-7.342739,-240.216404,3.659157,3.014161,0.064734,6.313743,0.039989,0.015223
3.372145,-18.913695,-421.190827,6.206277,6.776268,-6.850600,-240.050767,3.509023,2.809722,0.066497,6.311716,0.039278,0.014610
3.372671,-18.262098,-421.362588,6.058872,6.843076,-6.935729,-240.467620,3.691684,3.074421,0.062531,6.312020,0.039154,0.015344
3.373197,-17.683839,-421.109407,6.297518,6.811175,-6.665661,-240.054689,3.490260,2.846771,0.060781,6.310945,0.039698,0.014532
3.373724,-17.148858,-421.334125,6.129319,6.847775,-5.294020,-240.262456,3.506795,2.978711,0.065377,6.305216,0.038925,0.014591
3.374250,-16.975144,-421.230865,6.222474,6.790227,-5.534614,-239.955408,3.506989,2.853377,0.063028,6.306246,0.039329,0.014610
3.374776,-16.454047,-421.296537,6.121114,6.859004,-5.227775,-239.828531,3.493487,2.816411,0.061785,6.304980,0.038772,0.014562
3.375302,-15.409511,-421.256279,6.124186,6.779650,-5.212622,-239.987657,3.467764,2.859213,0.056194,6.304902,0.038770,0.014445
3.375828,-14.996244,-421.508007,6.249353,6.758839,-5.166590,-239.972882,3.624637,2.901190,0.054095,6.304712,0.039740,0.015100
3.376354,-14.651191,-421.406135,6.204638,6.634738,-5.252688,-240.139445,3.709160,3.021244,0.051803,6.305055,0.039827,0.015441
3.376881,-13.718068,-421.092675,5.984996,6.841213,-3.791101,-239.556630,3.898385,2.558539,0.054629,6.299009,0.039290,0.016270
3.377407,-13.166414,-421.380962,6.178551,6.599207,-3.899101,-240.180846,3.857785,3.015588,0.051100,6.299418,0.040146,0.016059
3.377933,-12.724197,-421.553602,6.161465,6.746761,-3.979941,-240.415531,3.809696,3.110609,0.048237,6.299738,0.039948,0.015843
3.378459,-11.588366,-421.244528,6.095095,6.766574,-2.952484,-239.854428,3.522662,2.885738,0.047574,6.295494,0.038771,0.014685
3.378985,-10.892019,-422.366080,6.167640,6.653009,-2.378194,-241.116765,3.627239,2.982465,0.046939,6.293048,0.039435,0.015043
3.379511,-10.531083,-422.345562,6.053285,6.908036,-2.793119,-241.142982,3.646034,3.028515,0.042677,6.294768,0.038967,0.015118
3.380038,-9.427678,-422.481874,6.111244,6.747186,-1.992199,-241.427066,4.075801,2.999573,0.041044,6.291437,0.040538,0.016881
3.380564,-9.047165,-422.497295,6.246377,6.743520,-1.280810,-241.098351,3.681895,2.809767,0.042788,6.288498,0.039935,0.015271
3.381090,-8.258842,-422.251367,6.200655,6.794100,-0.589211,-240.982534,3.466835,3.028935,0.042286,6.285630,0.039159,0.014386
3.381616,-7.396773,-421.145516,6.131288,6.912747,-1.017306,-239.665821,3.516078,2.863443,0.035138,6.287430,0.038925,0.014671
3.382142,-6.561384,-421.665172,6.099415,6.783319,-0.448166,-239.291589,3.571268,2.333469,0.033508,6.285058,0.038735,0.014924
3.382668,-5.590048,-421.845748,6.192587,6.696184,-0.587542,-240.726492,3.817231,3.142311,0.027613,6.285626,0.040150,0.015857
3.383194,-5.171761,-421.744289,6.273495,6.608422,-0.704489,-240.531011,3.587064,3.096605,0.024647,6.286114,0.039867,0.014913
3.383721,-3.681584,-421.614651,6.344113,6.500383,0.604672,-240.253088,3.604178,3.050133,0.023629,6.280669,0.040220,0.015002
3.384247,-3.084194,-421.942236,6.226480,7.030543,0.937786,-240.152119,3.499053,3.072316,0.022121,6.279280,0.039281,0.014570
3.384773,-2.157304,-422.126881,5.795138,6.936085,1.375453,-240.254210,3.521775,3.122641,0.019422,6.277460,0.037281,0.014658
3.385299,-1.326627,-422.011032,6.179270,6.771207,1.423963,-240.017609,3.588057,2.854652,0.015113,6.277253,0.039258,0.014949
3.385825,-0.482837,-421.658172,6.074327,6.735814,1.312572,-240.485226,3.762506,3.154488,0.009910,6.277727,0.039437,0.015645
3.386351,0.805545,-421.884064,6.036143,6.681580,2.779365,-240.511894,3.894909,3.157826,0.010882,6.271630,0.039605,0.016193
3.386878,1.442810,-421.600589,6.011376,6.786008,3.102903,-240.483155,3.694668,3.182997,0.009166,6.270283,0.038957,0.015362
3.387404,2.167961,-421.888958,6.268680,6.594480,3.184749,-240.577913,3.683067,3.141117,0.005608,6.269948,0.040099,0.015308
3.387930,2.581290,-421.668691,6.381955,6.576014,3.390493,-240.549388,3.838287,3.065794,0.004468,6.269091,0.041118,0.015954
3.388456,4.084896,-421.798991,6.400122,6.649405,5.203527,-240.004334,3.468395,2.994117,0.006153,6.261508,0.040042,0.014447
3.388982,4.985031,-421.673843,6.233947,6.544519,5.109239,-239.826628,3.515319,2.845621,0.000683,6.261885,0.039356,0.014653
3.389508,6.021435,-421.730916,6.340388,6.754947,5.600075,-239.945152,3.459978,3.000435,-0.002318,6.259851,0.039734,0.014415
3.390035,7.148134,-421.534741,6.106890,6.908843,5.298600,-240.189128,3.645565,2.944902,-0.010199,6.261129,0.039218,0.015173
3.390561,8.005531,-421.804781,6.360451,6.686737,5.457484,-240.197494,3.754173,2.916870,-0.014030,6.260468,0.040665,0.015624
3.391087,8.852905,-421.303712,6.054792,6.988652,6.541494,-240.068478,3.751849,2.989919,-0.012753,6.255944,0.039300,0.015620
3.391613,10.155907,-421.769203,6.350473,6.810953,6.884726,-240.248956,3.669902,3.103259,-0.018019,6.254537,0.040400,0.015267
3.392139,10.665152,-421.621202,6.135242,6.659080,7.308469,-239.790111,3.594030,2.936661,-0.018458,6.252716,0.039098,0.014979
3.392665,11.943718,-421.513213,6.420381,6.592654,7.564396,-239.768747,3.716346,2.889516,-0.024091,6.251647,0.040805,0.015489
3.393191,12.732392,-421.182864,6.106781,6.769172,7.878206,-239.886396,3.938594,3.037887,-0.026768,6.250356,0.040068,0.016406
3.393718,13.571053,-421.296878,6.047891,6.771326,8.842870,-239.654578,3.471906,2.883654,-0.026024,6.246304,0.038380,0.014474
3.394244,14.966022,-421.454270,6.232459,6.835816,9.310633,-239.916820,3.543161,3.017585,-0.031143,6.244397,0.039474,0.014754
3.394770,16.421947,-421.241340,6.015654,6.891853,9.279767,-239.515439,3.728472,3.239196,-0.039282,6.244461,0.038920,0.015552
3.395296,16.818768,-421.164175,6.043301,6.977201,9.997662,-240.216021,3.982827,3.065710,-0.037679,6.241590,0.039973,0.016560
3.395822,17.500956,-421.237317,5.988067,6.941617,10.628073,-240.037822,3.825267,3.167938,-0.037912,6.238938,0.039190,0.015916
3.396348,18.755180,-421.318158,6.052916,6.627945,10.968170,-240.145046,3.712737,3.112069,-0.042955,6.237544,0.039160,0.015440
3.396875,19.734011,-421.096478,6.122060,6.614507,10.993890,-238.904339,3.654789,2.433249,-0.047935,6.237200,0.039089,0.015273
3.397401,20.947457,-420.990496,6.121037,6.749222,10.889303,-240.153313,3.603825,3.076279,-0.055563,6.237873,0.039224,0.014987
3.397927,21.792546,-421.369666,6.202741,6.829087,11.431632,-239.959747,3.680443,3.028958,-0.057051,6.235582,0.039698,0.015315
3.398453,22.741974,-420.839471,6.100593,6.847483,12.737135,-239.777087,3.571397,2.909636,-0.055200,6.230114,0.038989,0.014867
3.398979,23.491389,-420.998096,5.953371,6.781615,12.994903,-239.666291,3.490059,2.890557,-0.057821,6.229018,0.038002,0.014534
3.399505,24.631988,-420.991643,6.078472,6.755582,12.968004,-240.119297,3.712737,3.112069,-0.064398,6.229231,0.039305,0.015433
3.400032,25.190468,-420.907455,6.101456,6.600711,13.258836,-239.646177,3.749720,3.409603,-0.065731,6.227915,0.039431,0.015619
3.400558,26.175194,-421.028027,6.451284,6.330708,14.039035,-239.354069,3.298662,3.143659,-0.066703,6.224599,0.039790,0.013756
3.401084,27.216534,-420.936207,6.023533,6.590636,14.937874,-239.828861,3.574037,3.030003,-0.067694,6.220980,0.038591,0.014866
3.401610,28.551985,-421.141288,6.180840,6.440602,15.286103,-239.543768,3.622887,3.158417,-0.072921,6.219458,0.039347,0.015086
3.402136,29.121064,-420.598754,6.034590,6.788731,15.481527,-239.724252,3.507018,3.033469,-0.075266,6.218694,0.038494,0.014591
3.402662,30.248715,-420.636583,6.002754,6.712688,15.434764,-239.474655,3.705936,2.972487,-0.081590,6.218822,0.038822,0.015432
3.403188,30.793001,-420.429044,6.062185,6.573227,15.348319,-238.899553,3.723572,2.533518,-0.084876,6.219028,0.039048,0.015537
3.403715,31.823223,-420.598322,6.246380,6.648933,16.022087,-239.992591,3.977360,3.126634,-0.087267,6.216523,0.040843,0.016522
3.404241,32.589007,-420.203125,6.123722,6.583319,16.725680,-239.231469,3.476628,3.019593,-0.087433,6.213385,0.038771,0.014488
3.404767,33.093513,-420.390061,6.045805,6.673482,17.278498,-239.474789,3.611281,3.188522,-0.087195,6.211158,0.038793,0.015032
3.405293,34.207941,-420.001195,6.245461,6.490054,17.537958,-238.612226,3.606839,2.578984,-0.091644,6.209817,0.039583,0.015055
3.405819,34.809723,-420.048685,6.190647,6.666066,17.221119,-239.673598,3.545396,3.157662,-0.097204,6.211456,0.039377,0.014747
3.406345,35.805443,-420.037040,6.122322,6.746577,18.734973,-239.679318,3.424142,2.998422,-0.094367,6.205177,0.038739,0.014233
3.406872,36.903984,-419.948178,6.112719,6.722780,18.618801,-239.401096,3.892497,3.152927,-0.100932,6.205569,0.039944,0.016194
3.407398,37.513468,-419.853266,6.097886,6.731217,18.959223,-239.603316,3.689513,3.174581,-0.102575,6.204222,0.039351,0.015338
3.407924,38.000843,-419.852533,6.370701,6.594264,18.806387,-239.201870,3.651110,2.975611,-0.105855,6.204725,0.040412,0.015201
3.408450,38.916634,-419.548070,6.122263,6.527812,19.195546,-239.211507,3.528287,2.881295,-0.108924,6.203112,0.038956,0.014687
3.408976,39.808297,-419.392653,6.091519,6.745249,19.296088,-238.842245,3.553034,2.844497,-0.113124,6.202570,0.038828,0.014810
3.409502,40.583616,-419.194966,6.123055,6.629666,19.317241,-238.559334,3.868180,2.579540,-0.117191,6.202387,0.039810,0.016133
3.410029,40.875827,-419.381208,6.020543,6.516610,19.963965,-238.717934,4.013408,2.588463,-0.115238,6.199750,0.039769,0.016720
3.410555,41.370784,-419.005158,6.148374,6.688764,20.395764,-239.181567,3.798103,3.195094,-0.116117,6.198118,0.039932,0.015805
3.411081,42.192972,-418.982646,6.375486,6.634004,21.357410,-238.508819,3.525450,2.943339,-0.114940,6.193878,0.040099,0.014705
3.411607,42.554679,-418.979483,6.373276,6.640066,21.363380,-238.278393,3.588592,2.812940,-0.116739,6.193767,0.040193,0.014977
3.412133,43.276659,-419.726599,6.158343,6.513076,21.389181,-240.331632,3.549129,3.347989,-0.121407,6.194421,0.039347,0.014703
3.412659,44.205680,-419.956814,6.375486,6.634004,21.354252,-239.628527,3.671375,2.960134,-0.126049,6.194306,0.040466,0.015240
3.413185,44.671884,-420.015217,6.086892,6.654138,21.345401,-239.529289,3.607642,3.002853,-0.128530,6.194306,0.038901,0.014984
3.413712,44.997380,-419.631033,6.014346,6.512640,22.259395,-239.225558,3.753278,3.382756,-0.125377,6.190405,0.039010,0.015609
3.414238,45.174463,-419.543817,6.083131,6.576446,22.321537,-239.888996,3.517101,3.599728,-0.126525,6.190403,0.038842,0.014601
3.414764,45.853036,-419.910513,6.161121,6.724983,23.134399,-239.345340,3.384084,2.996712,-0.125162,6.186828,0.038654,0.014059
3.415290,46.188324,-419.835620,6.355141,6.697081,22.828308,-239.396343,3.954258,3.040494,-0.128746,6.188115,0.041127,0.016413
3.415816,46.827746,-419.476539,6.025725,6.724352,23.256636,-239.204000,3.607433,3.014741,-0.130015,6.186265,0.038662,0.014989
3.416342,46.782312,-419.317666,6.335473,6.544892,23.198415,-239.013868,3.605399,2.932737,-0.130063,6.186430,0.040077,0.014990
3.416869,47.447849,-419.500472,6.149553,6.531573,23.421606,-239.103819,3.680395,3.025221,-0.132406,6.185541,0.039383,0.015296
3.417395,47.482766,-419.735351,6.253173,6.634734,23.134564,-239.448754,3.735667,3.191855,-0.134241,6.186868,0.040047,0.015509
3.417921,47.977760,-419.750997,6.427902,6.511626,23.104530,-239.690348,3.768531,3.199651,-0.137269,6.187089,0.040972,0.015630
3.418447,48.188067,-419.823800,6.503744,6.618995,23.467437,-239.276051,3.501863,3.046254,-0.136074,6.185421,0.040524,0.014548
3.418973,48.461642,-419.728893,6.361439,6.633306,23.522658,-239.718819,3.707656,3.198054,-0.137666,6.185372,0.040517,0.015374
3.419499,48.595939,-419.679541,6.300788,6.698271,23.522658,-239.718819,3.707656,3.198054,-0.138435,6.185372,0.040247,0.015374
3.420026,48.971285,-419.516222,6.099612,6.755707,23.760891,-239.778457,3.857537,3.157978,-0.139353,6.184413,0.039790,0.015984
3.420552,49.365801,-418.638765,6.223152,6.611437,23.781215,-238.839267,3.831994,3.290645,-0.141346,6.183942,0.040250,0.015945
3.421078,49.385887,-418.622648,6.267862,6.448710,24.155118,-238.881123,3.814420,3.323858,-0.139461,6.182410,0.040416,0.015867
3.421604,49.608368,-418.828878,6.360780,6.519353,24.155118,-238.881123,3.814420,3.323858,-0.140516,6.182410,0.040800,0.015867
3.422130,49.743407,-418.982609,6.396894,6.616412,24.605003,-238.841711,3.464310,3.389923,-0.138653,6.180529,0.040013,0.014425
3.422656,49.904169,-418.896652,6.479905,6.611678,24.187854,-238.904015,3.806133,3.322301,-0.141914,6.182284,0.041320,0.015831
3.423182,49.990509,-418.862291,6.530606,6.598131,24.451312,-239.094135,3.638472,3.255154,-0.141123,6.181273,0.041159,0.015123
3.423709,49.975128,-418.768441,6.509436,6.660606,24.451312,-239.094135,3.638472,3.255154,-0.141112,6.181273,0.041087,0.015123
3.424235,50.074052,-418.753098,6.434195,6.682880,24.294157,-238.985719,3.564862,3.232063,-0.142436,6.181878,0.040511,0.014827
3.424761,50.074052,-418.753098,6.434195,6.682880,24.491691,-238.940227,3.469979,3.247528,-0.141324,6.181041,0.040263,0.014437
3.425287,50.074052,-418.753098,6.434195,6.682880,24.534011,-238.921164,3.493249,3.243411,-0.141078,6.180857,0.040319,0.014534
3.425813,50.103905,-418.651831,6.421461,6.756935,24.679044,-238.886760,3.594391,3.220135,-0.140502,6.180242,0.040547,0.014951
3.426339,50.103905,-418.651831,6.421461,6.756935,24.846558,-238.672844,3.634563,3.328397,-0.139424,6.179456,0.040616,0.015133
3.426866,50.074052,-418.753098,6.434195,6.682880,24.846558,-238.672844,3.634563,3.328397,-0.139184,6.179456,0.040647,0.015133
3.427392,50.074052,-418.753098,6.434195,6.682880,25.232804,-238.435545,3.694826,3.215370,-0.136902,6.177751,0.040762,0.015389
3.427918,49.894054,-419.544877,6.469801,6.629039,25.100846,-239.557833,3.755650,3.256612,-0.136888,6.178786,0.041165,0.015571
3.428444,49.560020,-419.458585,6.345241,6.503138,24.857263,-239.413080,3.691255,3.142805,-0.136352,6.179730,0.040382,0.015313
3.428970,49.465796,-419.458683,6.282686,6.528213,24.857263,-239.413080,3.691255,3.142805,-0.135838,6.179730,0.040095,0.015313
3.429496,49.324925,-419.309222,6.228358,6.619950,24.682599,-239.489285,3.595035,3.154966,-0.136191,6.180484,0.039637,0.014914
3.430023,48.945425,-419.268237,6.177248,6.758858,24.293361,-239.779418,3.842815,3.278839,-0.136492,6.182214,0.040179,0.015923
3.430549,48.658118,-419.438031,6.348355,6.807930,24.690941,-239.654477,3.539202,3.332451,-0.132530,6.180520,0.040104,0.014681
3.431075,48.491469,-419.593946,6.364925,6.779944,24.433006,-239.750951,3.812934,3.299924,-0.132985,6.181626,0.040904,0.015801
3.431601,48.320227,-419.841834,6.321398,6.646767,23.802783,-239.626674,3.665308,3.261949,-0.135215,6.184177,0.040186,0.015206
3.432127,47.927248,-419.664720,6.427645,6.462998,23.538092,-239.554251,3.640520,3.001587,-0.134594,6.185242,0.040617,0.015101
3.432653,47.474390,-419.711264,6.288436,6.607832,23.538092,-239.554251,3.640520,3.001587,-0.132090,6.185242,0.039980,0.015101
3.433179,47.062719,-419.768675,6.048230,6.742119,23.353044,-239.450164,3.581896,2.929665,-0.130738,6.185965,0.038681,0.014865
3.433706,46.261451,-419.739735,6.403296,6.694990,23.278697,-239.070604,3.586242,3.032741,-0.126529,6.186120,0.040298,0.014910
3.434232,46.187086,-420.013168,6.443970,6.571193,23.289398,-239.291150,3.561989,3.089671,-0.126030,6.186164,0.040410,0.014798
3.434758,45.668204,-420.078909,6.386338,6.640395,22.981934,-239.559314,3.678390,2.969306,-0.125017,6.187544,0.040499,0.015260
3.435284,44.848067,-420.034936,6.278356,6.619140,22.859296,-239.818711,3.728966,3.039613,-0.121413,6.188153,0.040220,0.015456
3.435810,44.548757,-420.059034,6.267715,6.597962,22.957486,-240.014212,3.752909,2.913168,-0.119352,6.187825,0.040279,0.015537
3.436336,44.109750,-419.229073,6.351900,6.634575,22.962485,-238.943150,3.617050,2.881638,-0.116765,6.187379,0.040263,0.015043
3.436863,43.607278,-419.780190,6.205799,6.878669,22.660593,-239.315956,3.443016,3.457324,-0.115554,6.188778,0.039110,0.014323
3.437389,42.839243,-419.600547,6.328423,6.661564,22.617357,-239.082777,3.489233,2.789469,-0.111556,6.188865,0.039783,0.014506
3.437915,42.382884,-419.379134,6.315166,6.485388,22.063655,-239.405348,3.359024,3.316534,-0.112425,6.191285,0.039503,0.013970
3.438441,41.873505,-419.601157,6.194568,6.660109,21.329473,-239.496507,3.698864,3.472533,-0.113576,6.194360,0.039823,0.015376
3.438967,40.957931,-419.924115,6.214963,6.820565,21.098156,-239.673490,3.725919,3.082276,-0.109736,6.195383,0.039975,0.015467
3.439493,40.571042,-419.804462,6.328588,6.822667,21.169812,-239.328151,3.763273,2.827369,-0.107089,6.194960,0.040565,0.015637
3.440020,40.141937,-419.912624,6.178057,6.832623,21.014548,-239.187745,3.586743,2.757021,-0.105445,6.195552,0.039323,0.014915
3.440546,38.973313,-419.908247,6.123665,6.626345,20.682665,-238.823920,3.405145,2.600204,-0.100665,6.196799,0.038504,0.014183
3.441072,38.534704,-419.963159,6.315851,6.774337,19.527541,-239.221782,3.533833,2.708964,-0.104777,6.201736,0.039826,0.014703
3.441598,37.965674,-419.975919,6.063725,6.877921,19.355012,-239.700426,3.687918,2.933176,-0.102870,6.202613,0.039183,0.015317
3.442124,37.056885,-419.922014,6.113658,6.765158,19.510697,-239.317961,3.637885,3.384822,-0.096849,6.201839,0.039230,0.015144
3.442650,36.445881,-420.033491,6.301256,6.686439,19.376472,-239.357464,3.549129,3.347989,-0.094196,6.202409,0.039862,0.014774
3.443176,35.586487,-419.945012,6.125054,6.685879,18.450024,-238.834685,3.532223,2.755748,-0.094338,6.206088,0.038874,0.014728
3.443703,34.670716,-420.951497,6.382459,6.563089,18.739847,-239.507412,3.555436,3.140360,-0.087576,6.205101,0.040110,0.014790
3.444229,34.176090,-421.080698,6.327624,6.815469,18.093064,-239.079259,3.175100,2.388914,-0.088139,6.207651,0.038753,0.013226
3.444755,33.072152,-421.103271,6.136520,6.787209,17.413093,-239.752727,3.602929,2.904934,-0.086133,6.210683,0.039105,0.014974
3.445281,32.683708,-421.051182,6.149232,6.803640,17.671369,-239.314830,3.501122,2.859843,-0.082418,6.209478,0.038815,0.014577
3.445807,31.694569,-421.122641,6.213438,6.762041,17.401133,-239.776870,3.471551,2.813952,-0.078656,6.210740,0.039134,0.014427
3.446333,30.812078,-421.281426,6.164285,6.767538,16.513433,-240.109216,3.987593,2.864159,-0.078760,6.214519,0.040397,0.016549
3.446860,30.227743,-421.495371,5.920214,6.709900,16.140876,-240.305414,3.801930,3.106763,-0.077590,6.216118,0.038727,0.015774
3.447386,29.079845,-421.330463,6.061921,6.586175,16.059241,-239.724211,3.110511,2.622463,-0.071574,6.216295,0.037429,0.012938
3.447912,28.345343,-421.560219,6.289874,6.652513,15.626150,-239.810777,3.572034,2.710614,-0.069868,6.218117,0.039700,0.014850
3.448438,27.491737,-421.646647,6.187390,6.440386,15.251486,-239.610199,3.538242,2.669222,-0.067140,6.219620,0.039063,0.014724
3.448964,26.684856,-421.785541,6.158579,6.675942,14.894173,-240.380990,3.518185,3.052518,-0.064905,6.221304,0.039022,0.014601
3.449490,25.863997,-421.748771,6.269087,6.718092,13.664790,-240.825617,3.712094,3.090180,-0.067326,6.226505,0.040181,0.015382
3.450017,24.858875,-421.860110,6.165419,6.785035,13.574523,-240.744164,3.577772,3.155133,-0.062224,6.226859,0.039289,0.014833
3.450543,23.443027,-422.112472,6.089060,6.709094,13.237026,-240.749949,3.649480,3.142236,-0.056215,6.228258,0.039086,0.015130
3.451069,22.820248,-422.191173,6.195764,6.727263,13.187599,-240.734859,3.683016,3.137158,-0.053035,6.228459,0.039669,0.015270
3.451595,22.104640,-421.908818,6.453079,6.647520,12.456982,-240.643650,3.775801,3.152380,-0.053174,6.231466,0.041186,0.015663
3.452121,21.298716,-422.340428,6.061782,6.687762,12.453923,-240.284217,3.092554,3.102538,-0.048545,6.231402,0.037343,0.012853
3.452647,20.670380,-421.488709,5.948321,6.741808,11.416104,-239.865113,3.567533,3.083238,-0.050909,6.235627,0.038147,0.014852
3.453173,19.242542,-421.325515,6.070046,6.884671,11.282984,-239.535105,3.600437,3.028655,-0.043756,6.236116,0.038790,0.015009
3.453700,18.856135,-421.884753,6.007282,6.946048,10.788476,-239.910542,3.402308,2.973084,-0.044305,6.238247,0.037909,0.014164
3.454226,17.369576,-421.346926,6.038938,6.950649,10.335810,-240.059488,4.006839,3.173202,-0.038780,6.240157,0.039950,0.016670
3.454752,17.017509,-421.707749,6.023655,7.045260,9.924930,-239.536256,3.819366,3.197172,-0.038914,6.241775,0.039128,0.015927
3.455278,15.904127,-421.859761,5.970472,6.772177,9.394751,-239.359766,3.753794,3.330814,-0.035653,6.243956,0.038623,0.015668
3.455804,14.862033,-421.907748,6.023222,6.661410,9.045313,-240.002414,3.698291,3.229538,-0.031966,6.245515,0.038837,0.015396
3.456330,14.021657,-421.790567,6.330473,6.679595,9.181738,-239.919491,3.531791,3.236575,-0.026606,6.244934,0.039845,0.014708
3.456857,13.111648,-421.844485,6.149628,6.715576,8.044433,-239.868810,3.923845,3.097360,-0.027838,6.249661,0.040072,0.016346
3.457383,12.518752,-422.129241,6.209953,6.673528,7.744917,-239.438007,3.683588,2.936870,-0.026125,6.250850,0.039509,0.015373
3.457909,11.302586,-421.592451,6.018338,6.872737,7.670745,-239.793322,3.466943,3.087125,-0.019975,6.251207,0.038198,0.014449
3.458435,10.422552,-421.412695,6.319752,6.950842,7.658863,-239.682737,3.449252,3.130283,-0.015206,6.251242,0.039614,0.014382
3.458961,9.411474,-421.661936,6.139574,6.647783,6.255676,-239.993591,3.936693,3.244065,-0.017369,6.257125,0.040140,0.016396
3.459487,8.761172,-422.088376,6.081134,6.672961,6.424247,-239.375944,3.792072,2.907523,-0.012789,6.256354,0.039220,0.015833
3.460014,8.058230,-421.870353,6.344841,6.702708,5.007872,-240.330477,3.670425,3.185396,-0.016801,6.262351,0.040371,0.015268
3.460540,7.087681,-423.100624,6.137363,6.760014,5.167050,-240.954582,3.765570,3.088588,-0.010544,6.261745,0.039529,0.015623
3.461066,6.294083,-422.604776,6.062579,6.842528,4.808170,-240.854314,3.986160,3.086946,-0.008175,6.263225,0.039920,0.016545
3.461592,5.212162,-422.784321,6.114617,6.780616,4.439642,-240.395075,3.153118,3.185536,-0.004236,6.264719,0.037720,0.013114
3.462118,4.330453,-423.129512,6.370472,6.521182,4.358173,-240.582161,3.144730,3.298902,0.000152,6.265072,0.038918,0.013069
3.462644,3.256430,-423.070164,6.180051,6.676724,3.385089,-241.033581,3.624425,3.081529,0.000707,6.269142,0.039357,0.015035
3.463170,2.824715,-422.896811,6.092465,6.430043,2.627709,-240.670494,3.882863,2.979066,-0.001081,6.272267,0.039646,0.016132
3.463697,1.446154,-422.662542,6.121748,6.717253,2.261870,-240.697212,3.803046,2.993403,0.004483,6.273788,0.039605,0.015799
3.464223,1.190790,-422.397666,6.152978,6.577041,1.718757,-240.659200,3.675643,3.078745,0.002905,6.276044,0.039437,0.015273
3.464749,0.599581,-423.076321,6.135647,6.464443,1.385254,-241.059330,3.624425,3.081529,0.004316,6.277439,0.039151,0.015035
3.465275,-0.251515,-422.632200,5.895484,6.692411,1.169719,-241.129274,3.696156,2.982429,0.007830,6.278334,0.038336,0.015328
3.465801,-1.151492,-422.894078,6.094450,6.583763,1.015547,-240.952350,3.826577,3.076988,0.011910,6.278971,0.039549,0.015881
3.466327,-1.581026,-422.758369,6.199142,6.685139,0.445998,-241.202114,3.826209,2.992117,0.011164,6.281336,0.040122,0.015863
3.466854,-2.715140,-422.665657,6.018931,6.691142,0.174654,-240.981601,3.850064,3.347762,0.015904,6.282461,0.039322,0.015977
3.467380,-3.232815,-422.735310,6.133964,6.716530,-0.471635,-241.236670,3.714770,2.940879,0.015212,6.285140,0.039506,0.015399
3.467906,-4.656413,-422.593112,6.161479,6.479349,-0.598076,-240.826636,3.598347,3.262228,0.022323,6.285669,0.039246,0.014942
3.468432,-4.951899,-422.728659,6.211203,6.608400,-0.657847,-241.140764,3.603916,3.482963,0.023643,6.285913,0.039536,0.014945
3.468958,-5.955064,-423.128705,6.036211,6.580633,-1.321653,-241.031743,3.894914,3.090864,0.025439,6.288669,0.039438,0.016159
3.469484,-6.619008,-422.827301,6.142841,6.725257,-2.038117,-241.574351,3.931601,3.382016,0.025268,6.291622,0.040226,0.016274
3.470011,-7.054966,-422.869387,6.137520,6.749110,-2.075712,-241.387085,3.938753,3.082373,0.027430,6.291784,0.040169,0.016316
3.470537,-7.898180,-423.188194,6.314224,6.440357,-2.353905,-241.047870,3.728618,3.257609,0.030430,6.292950,0.040241,0.015467
3.471063,-8.825705,-423.093570,6.126951,6.674330,-2.597013,-241.362709,3.675270,3.068968,0.034261,6.293945,0.039293,0.015226
3.471589,-9.080513,-422.320272,6.157228,6.643177,-2.849612,-240.125935,3.667522,3.024774,0.034186,6.295052,0.039314,0.015272
3.472115,-9.512951,-422.120663,6.194488,6.568232,-3.406103,-240.494644,3.743038,3.041501,0.033611,6.297347,0.039826,0.015562
3.472641,-10.668790,-421.670442,6.161479,6.479349,-3.424046,-240.226737,3.905640,2.966676,0.039907,6.297438,0.040172,0.016256
3.473167,-10.929745,-421.830652,6.252741,6.682051,-4.382765,-239.995765,3.645600,2.943172,0.035990,6.301445,0.039779,0.015187
3.473694,-11.445698,-422.108038,6.237014,6.581040,-4.436625,-239.948644,3.696755,3.181512,0.038459,6.301673,0.039773,0.015403
3.474220,-12.684123,-421.745971,6.168622,6.446934,-4.424553,-239.904394,3.687129,3.213124,0.045391,6.301626,0.039481,0.015366
3.474746,-12.884530,-421.808150,6.169750,6.469896,-4.677687,-240.179105,3.791501,3.230738,0.045154,6.302659,0.039830,0.015782
3.475272,-13.171516,-421.707503,6.195088,6.729245,-5.008129,-240.526809,3.763234,3.355311,0.045026,6.304004,0.039970,0.015642
3.475798,-13.366066,-421.897827,6.243084,6.497887,-5.439476,-240.409185,3.993112,3.297041,0.043648,6.305807,0.040794,0.016604
3.476324,-14.540017,-421.666881,6.070942,6.520174,-5.478257,-239.862378,3.876362,2.978109,0.049802,6.306021,0.039570,0.016155
3.476851,-14.581023,-421.773350,6.090576,6.472607,-5.351475,-239.735795,4.009665,3.269667,0.050658,6.305504,0.040005,0.016720
3.477377,-15.035540,-421.980370,6.208030,6.627155,-5.903669,-239.838978,3.857670,3.006645,0.050094,6.307795,0.040077,0.016078
3.477903,-15.379570,-422.867250,6.202466,6.647374,-5.987598,-241.578694,4.015813,3.349098,0.051760,6.307966,0.040704,0.016617
3.478429,-15.708374,-422.613162,6.352677,6.813179,-5.948746,-241.021954,4.004705,3.318516,0.053693,6.307862,0.041296,0.016609
3.478955,-16.631662,-422.642689,6.137922,6.525384,-6.517127,-240.802838,3.693729,3.261310,0.055566,6.310243,0.039337,0.015332
3.479481,-16.817385,-422.517856,6.218189,6.582491,-6.433327,-240.717836,3.621562,3.289960,0.057056,6.309905,0.039520,0.015039
3.480008,-16.997413,-422.428429,6.137360,6.656286,-6.616068,-240.736079,3.738787,3.274896,0.057075,6.310661,0.039493,0.015523
3.480534,-17.245425,-422.430321,6.230090,6.737111,-6.551050,-240.615340,3.673483,3.380993,0.058752,6.310405,0.039717,0.015261
3.481060,-17.390962,-422.354705,6.140217,6.795735,-6.762759,-240.636052,3.851591,3.346207,0.058421,6.311282,0.039825,0.015998
3.481586,-18.087288,-422.232964,6.103438,6.783449,-6.912589,-240.426946,3.839822,3.235212,0.061388,6.311929,0.039594,0.015962
3.482112,-18.597823,-422.824079,6.105266,6.655771,-7.311959,-240.831824,3.994707,3.444467,0.061934,6.313537,0.040017,0.016578
3.482638,-18.622445,-422.658634,6.135052,6.528030,-7.187020,-240.443012,4.064665,3.196482,0.062675,6.313067,0.040307,0.016894
3.483164,-18.842291,-422.460574,6.212085,6.693001,-7.348442,-240.556764,3.991888,3.161463,0.063103,6.313723,0.040513,0.016584
3.483691,-18.912727,-422.436302,6.178108,6.859993,-7.431935,-240.607933,4.033416,3.171619,0.063057,6.314064,0.040501,0.016752
3.484217,-18.982925,-422.367482,6.205662,6.879758,-7.510591,-240.558852,3.980784,3.161320,0.063018,6.314397,0.040476,0.016537
3.484743,-18.982925,-422.367482,6.205662,6.879758,-7.550968,-240.628214,4.001332,3.173229,0.062820,6.314555,0.040553,0.016617
3.485269,-19.224616,-422.831329,6.282105,6.714955,-7.468527,-240.576973,3.961322,3.163365,0.064415,6.314220,0.040665,0.016455
3.485795,-19.259767,-422.969991,6.276863,6.632650,-7.542407,-241.108746,3.994500,3.459638,0.064341,6.314457,0.040827,0.016557
3.486321,-19.520341,-422.798824,6.369713,6.628205,-7.620928,-241.138065,3.953849,3.470501,0.065410,6.314779,0.041181,0.016387
3.486848,-19.617338,-422.910892,6.394890,6.559488,-7.620928,-241.138065,3.953849,3.470501,0.065901,6.314779,0.041270,0.016387
3.487374,-19.703452,-422.963606,6.345012,6.558921,-7.706523,-241.311864,3.957584,3.333675,0.065948,6.315110,0.041075,0.016390
3.487900,-19.808147,-422.945224,6.427832,6.538037,-7.706523,-241.311864,3.957584,3.333675,0.066528,6.315110,0.041462,0.016390
3.488426,-19.807965,-422.956919,6.353479,6.546589,-7.706523,-241.311864,3.957584,3.333675,0.066523,6.315110,0.041114,0.016390
3.488952,-19.735026,-421.759094,6.347475,6.531035,-7.719398,-240.311947,3.957584,3.333675,0.066125,6.315297,0.041131,0.016458
3.489478,-19.771986,-422.040301,6.352491,6.588619,-7.719398,-240.311947,3.957584,3.333675,0.066225,6.315297,0.041092,0.016458
3.490005,-19.736706,-421.968048,6.388677,6.514599,-7.782179,-240.411449,4.003240,3.266857,0.065750,6.315544,0.041430,0.016640
3.490531,-19.733268,-421.895628,6.423044,6.463467,-7.915860,-240.545184,3.855660,3.408779,0.065071,6.316081,0.041218,0.016018
3.491057,-19.459268,-421.964396,6.240557,6.640412,-7.747366,-240.554505,3.964869,3.342022,0.064471,6.315380,0.040672,0.016471
3.491583,-19.454339,-421.723348,6.460884,6.475631,-7.747357,-240.512403,3.953015,3.374219,0.064515,6.315386,0.041705,0.016425
3.492109,-19.215648,-421.925559,6.300859,6.656410,-7.490917,-240.359642,4.039758,3.264311,0.064486,6.314341,0.041136,0.016796
3.492635,-19.077600,-421.817607,6.240346,6.623961,-7.434465,-240.430970,3.975202,3.331337,0.064102,6.314097,0.040707,0.016523
3.493161,-18.875607,-421.767268,6.239901,6.657355,-7.282886,-240.479337,3.923718,3.362843,0.063860,6.313461,0.040578,0.016307
3.493688,-18.777761,-421.756677,6.203804,6.523656,-7.062708,-240.388775,3.846426,3.300287,0.064503,6.312557,0.040163,0.015992
3.494214,-18.531212,-421.718270,6.074772,6.520224,-6.887773,-240.230640,3.794786,3.458100,0.064068,6.311849,0.039390,0.015789
3.494740,-17.851797,-422.550702,6.501995,6.670004,-6.701175,-241.279606,3.816686,3.409946,0.061436,6.310952,0.041513,0.015811
3.495266,-17.303402,-422.333800,6.220175,6.520953,-6.244538,-241.299370,3.962567,3.370157,0.061011,6.309058,0.040662,0.016415
3.495792,-17.307794,-422.013233,6.212357,6.594850,-6.142292,-241.028247,3.624332,3.258514,0.061615,6.308663,0.039668,0.015031
3.496318,-17.041639,-422.293299,6.179535,6.780139,-6.370174,-241.109697,3.834480,3.259083,0.058831,6.309599,0.040074,0.015896
3.496845,-16.834755,-422.416588,6.194265,6.701045,-5.647238,-240.943375,3.894995,3.170671,0.061570,6.306619,0.040246,0.016160
3.497371,-16.536230,-422.346875,6.095139,6.623351,-5.298079,-240.968365,4.065414,3.070669,0.061881,6.305168,0.040316,0.016865
3.497897,-15.974832,-422.581334,6.244855,6.419565,-5.252662,-240.774508,4.120171,3.390547,0.058907,6.304998,0.041076,0.017107
3.498423,-15.270266,-422.637212,6.207026,6.496328,-5.180203,-240.810017,4.091859,3.394029,0.055436,6.304694,0.040823,0.016987
3.498949,-14.799752,-422.611533,6.055006,6.776283,-4.552167,-240.515772,3.673354,3.370969,0.056217,6.302110,0.038840,0.015270
3.499475,-14.444995,-422.586638,6.015005,6.592493,-4.868766,-240.911496,3.843875,3.337185,0.052662,6.303392,0.039241,0.015951
3.500002,-13.836002,-422.873092,6.403758,6.660736,-4.785536,-240.951610,3.798945,3.338385,0.049708,6.303044,0.040878,0.015763
3.500528,-13.343244,-422.661793,6.407841,6.570919,-4.364017,-241.042744,3.589837,3.346948,0.049400,6.301288,0.040392,0.014890
3.501054,-12.823017,-422.696619,6.143299,6.550279,-4.567007,-241.131605,3.525685,3.125242,0.045440,6.302123,0.038973,0.014618
3.501580,-11.974479,-422.450403,6.305349,6.555134,-3.864096,-241.376573,3.953397,3.264115,0.044761,6.299193,0.041058,0.016376
3.502106,-11.420403,-422.758095,6.163009,6.579410,-3.146760,-241.242927,3.805915,3.298980,0.045549,6.296229,0.039865,0.015775
3.502632,-10.878883,-422.796208,6.118379,6.666848,-2.827336,-240.915600,4.076529,3.275191,0.044239,6.294921,0.040384,0.016919
3.503158,-10.414083,-422.605782,6.047891,6.771326,-2.873572,-240.740420,3.787777,2.857205,0.041438,6.295121,0.039207,0.015732
3.503685,-9.523327,-422.721161,6.159279,6.734100,-1.781853,-240.984746,3.860122,3.135475,0.042572,6.290579,0.039962,0.016018
3.504211,-9.138458,-422.585524,6.247044,6.633301,-2.015164,-241.217885,3.922358,3.212946,0.039255,6.291539,0.040639,0.016260
3.504737,-8.203422,-422.843751,6.185574,6.539379,-1.524525,-240.925622,3.893876,3.094763,0.036697,6.289513,0.040151,0.016162
3.505263,-7.471388,-423.023775,6.139464,6.751457,-1.525950,-240.470695,4.051868,2.464268,0.032557,6.289531,0.040273,0.016849
3.505789,-6.889179,-423.166872,6.154133,6.666066,-1.250432,-241.423027,3.884441,3.050768,0.031016,6.288365,0.040024,0.016089
3.506315,-6.351239,-423.004328,6.218848,6.582339,-0.379569,-241.323864,3.593769,3.026496,0.032857,6.284758,0.039513,0.014892
3.506842,-5.211901,-423.119693,6.182471,6.687408,-0.776881,-240.946339,3.760797,3.149168,0.024340,6.286410,0.039712,0.015608
3.507368,-4.768747,-423.021768,6.098785,6.609047,0.139393,-241.361021,3.923229,3.125816,0.027012,6.282608,0.039904,0.016255
3.507894,-3.558991,-423.084549,6.149454,6.895494,0.693727,-240.468595,4.069661,2.613485,0.023284,6.280300,0.040370,0.016924
3.508420,-3.009766,-423.020785,6.139259,6.795895,1.539402,-241.606983,3.467780,3.454050,0.025071,6.276814,0.038857,0.014353
3.508946,-1.730825,-422.697004,6.356327,6.621694,1.150752,-241.279158,3.838304,3.482860,0.015882,6.278416,0.040924,0.015908
3.509472,-1.399207,-422.953657,6.129816,6.765576,1.393955,-241.056271,3.601322,3.544386,0.015354,6.277403,0.039081,0.014939
3.509999,-0.632617,-422.758552,6.081031,6.699367,1.703231,-241.272584,3.579001,3.268350,0.012870,6.276126,0.038877,0.014833
3.510525,0.488709,-423.225737,6.086591,6.757924,1.563900,-240.422906,3.662994,2.664705,0.005882,6.276681,0.038860,0.015235
3.511051,1.146724,-422.905704,6.033788,6.523328,2.264140,-240.565733,4.067050,2.645714,0.006128,6.273774,0.039905,0.016905
3.511577,1.553222,-422.705679,5.951858,6.744553,2.285536,-241.027458,4.047791,2.957324,0.004031,6.273703,0.039618,0.016793
3.512103,2.710017,-422.967141,6.200687,6.758010,3.410665,-240.774359,3.882154,3.297722,0.003846,6.269021,0.040153,0.016122
3.512629,3.367100,-422.880958,6.049367,6.843015,3.644429,-240.772011,3.775208,3.167585,0.001523,6.268050,0.039156,0.015677
3.513155,4.842306,-423.244934,6.064686,6.597903,4.401853,-240.912271,3.961349,3.095052,-0.002416,6.264916,0.039728,0.016439
3.513682,5.300906,-422.722675,6.030145,6.835838,4.442735,-240.903123,3.978521,3.086520,-0.004720,6.264745,0.039733,0.016511
3.514208,6.323058,-423.031354,5.830022,6.786765,4.781753,-240.783197,4.100497,3.088911,-0.008457,6.263329,0.039108,0.017025
3.514734,7.116556,-423.010182,6.127318,6.616490,5.826440,-240.424712,3.569026,3.462411,-0.007066,6.258956,0.038836,0.014840
3.515260,7.633431,-422.785538,6.010900,6.953877,5.561867,-241.004487,3.653167,3.186027,-0.011395,6.260112,0.038693,0.015153
3.515786,8.757708,-423.092602,6.020935,6.782470,5.925153,-241.094064,3.849690,3.096645,-0.015562,6.258614,0.039262,0.015961
3.516312,9.550312,-422.779785,5.920636,6.889578,6.578014,-240.792139,3.925353,2.880502,-0.016331,6.255874,0.039029,0.016293
3.516839,10.654162,-422.596834,6.107063,6.899517,6.535226,-240.939155,3.932933,2.913007,-0.022670,6.256068,0.039977,0.016315
3.517365,11.315460,-422.592368,6.018338,6.872737,6.967088,-240.761683,3.910761,3.242423,-0.023910,6.254256,0.039463,0.016234
3.517891,12.529100,-422.306542,6.172430,6.665469,7.512334,-240.932572,3.616336,3.366553,-0.027653,6.252015,0.039429,0.015001
3.518417,13.154803,-422.640340,6.111432,6.853915,8.370224,-241.104154,3.573362,3.320683,-0.026350,6.248483,0.038986,0.014811
3.518943,14.542533,-423.162506,6.109479,6.904343,8.586272,-241.311881,3.753917,3.177223,-0.032742,6.247619,0.039413,0.015544
3.519469,15.102048,-422.972799,6.087524,6.814311,9.024311,-241.235439,3.805972,3.214969,-0.033430,6.245794,0.039484,0.015763
3.519996,15.658338,-422.820492,6.234292,6.551089,9.209690,-241.001696,3.805509,3.390991,-0.035453,6.244990,0.040147,0.015776
3.520522,17.101883,-422.947050,6.087524,6.814311,9.498439,-241.150729,3.796482,3.299443,-0.041800,6.243818,0.039433,0.015728
3.521048,18.232709,-422.832617,6.139871,6.879515,9.789380,-241.139028,3.837183,3.055683,-0.046437,6.242611,0.039809,0.015895
3.521574,18.884675,-423.045564,6.067979,6.802745,10.763805,-241.218071,3.652128,3.105916,-0.044633,6.238592,0.038916,0.015121
3.522100,19.255416,-422.325432,6.070046,6.884671,10.808654,-240.976956,3.966664,2.972212,-0.046544,6.238362,0.039945,0.016437
3.522626,20.588207,-422.460863,6.135608,6.759036,11.337183,-241.223693,3.763786,3.217722,-0.050999,6.236221,0.039669,0.015581
3.523152,21.363666,-422.385468,6.015961,6.845660,11.842294,-239.791877,3.656732,2.414197,-0.052098,6.233840,0.038507,0.015221
3.523679,22.617189,-421.918370,6.133964,6.641400,12.477113,-240.119644,3.951835,2.549506,-0.055719,6.231270,0.040071,0.016423
3.524205,23.134716,-422.283517,6.039474,6.895069,12.323055,-240.997797,4.044325,3.283311,-0.059568,6.232096,0.040031,0.016752
3.524731,24.280841,-422.146460,6.269474,6.744082,12.434910,-240.779529,3.902181,3.115352,-0.065222,6.231587,0.040631,0.016177
3.525257,24.870667,-421.726985,6.215036,6.661669,14.531119,-239.668123,3.243958,2.902960,-0.056731,6.222629,0.038451,0.013505
3.525783,25.334763,-421.766094,5.970838,6.725156,14.037344,-240.154823,3.596633,2.880456,-0.062127,6.224801,0.038314,0.014942
3.526309,26.599182,-421.671309,6.118939,6.589885,14.165691,-240.837313,3.742557,2.990486,-0.068648,6.224434,0.039573,0.015503
3.526836,27.224639,-421.678504,6.001894,6.768145,14.385389,-240.482608,3.963070,2.948383,-0.070740,6.223438,0.039599,0.016437
3.527362,28.529262,-421.609648,6.111674,6.777853,15.050287,-240.457977,3.510093,3.166792,-0.074270,6.220677,0.038813,0.014564
3.527888,28.880189,-421.633020,6.149856,6.807231,15.219074,-240.304910,3.655010,3.015685,-0.075197,6.219937,0.039351,0.015170
3.528414,29.219034,-421.276740,6.131291,6.733199,15.401827,-240.747589,3.571679,3.261654,-0.076388,6.219297,0.039203,0.014801
3.528940,30.698472,-421.564495,6.182942,6.616749,15.953500,-239.885146,3.605053,2.746760,-0.080982,6.216778,0.039266,0.014981
3.529466,31.048315,-421.289264,6.101702,6.707242,15.667566,-240.101779,3.511021,3.127357,-0.084686,6.218024,0.038729,0.014586
3.529993,32.218037,-421.164620,5.980461,6.800519,16.784396,-240.197008,3.471992,2.921209,-0.085078,6.213421,0.038094,0.014409
3.530519,32.611860,-421.338727,6.061685,6.704017,17.273568,-240.436365,3.507175,3.210828,-0.084585,6.211466,0.038591,0.014543
3.531045,33.394342,-421.452908,5.947366,6.632639,17.099738,-240.678630,3.620186,3.174379,-0.089895,6.212256,0.038377,0.014995
3.531571,34.176090,-421.080698,6.327624,6.815469,17.534861,-240.058005,3.491238,3.130968,-0.091671,6.210271,0.039768,0.014497
3.532097,34.842927,-421.482905,6.130597,6.752735,17.692698,-239.850045,3.825266,2.608869,-0.094143,6.209553,0.039609,0.015882
3.532623,35.281358,-421.011348,6.084020,6.791015,18.106092,-239.588531,3.756081,2.493175,-0.094389,6.207757,0.039240,0.015608
3.533149,36.117922,-421.112016,6.336336,6.700679,18.394319,-239.609290,3.911503,2.469788,-0.097341,6.206568,0.040817,0.016248
3.533676,36.925972,-420.853495,6.111748,6.591619,18.760406,-240.339684,3.990262,3.026852,-0.100295,6.205285,0.040229,0.016531
3.534202,37.545276,-420.964776,5.890714,6.731647,19.473299,-240.057907,3.590933,2.750903,-0.099566,6.202243,0.037967,0.014889
3.534728,38.056654,-420.871429,6.332825,6.519231,19.060367,-240.643741,3.545062,3.299853,-0.105014,6.204145,0.040050,0.014679
3.535254,38.986188,-420.908164,6.123665,6.626345,19.533046,-239.785554,3.429170,2.746784,-0.106993,6.201904,0.038538,0.014237
3.535780,39.063794,-421.006943,6.081317,6.851114,19.552349,-240.467180,3.629098,3.513762,-0.107655,6.202054,0.039040,0.015039
3.536306,40.266076,-420.142518,6.033369,6.764789,19.849641,-238.954136,3.536118,2.679419,-0.112207,6.200307,0.038374,0.014726
3.536833,40.604272,-419.708962,6.083406,6.700462,20.796204,-238.959813,3.288156,2.995178,-0.109153,6.196376,0.038059,0.013700
3.537359,41.066417,-419.592543,6.029500,6.677432,21.133267,-239.217093,3.427663,3.367607,-0.110063,6.195071,0.038256,0.014271
3.537885,41.206301,-419.453231,5.981098,6.720218,21.331357,-239.642789,3.516368,3.332562,-0.110086,6.194406,0.038392,0.014610
3.538411,42.227065,-420.329604,6.085685,6.858448,21.787520,-239.875854,3.474885,3.215481,-0.112787,6.192606,0.038629,0.014418
3.538937,42.361855,-420.524443,6.285509,6.648246,21.656803,-239.474487,3.397048,2.946437,-0.113866,6.192996,0.039216,0.014114
3.539463,42.822986,-420.509117,6.109940,6.739541,22.033298,-239.789029,3.475313,3.249381,-0.114535,6.191556,0.038674,0.014425
3.539990,43.154693,-419.962999,6.139806,6.429996,21.933226,-239.527358,3.669095,2.880802,-0.117075,6.191871,0.039361,0.015230
3.540516,43.378330,-419.708902,6.081004,6.536401,22.187253,-239.620237,3.629570,3.323415,-0.117132,6.190855,0.039074,0.015072
3.541042,43.402936,-419.824981,6.063401,6.633433,22.984611,-239.399465,3.339597,3.235129,-0.112688,6.187469,0.038156,0.013882
3.541568,44.292655,-419.926381,6.322875,6.650694,22.923625,-239.031991,3.385307,2.990441,-0.117585,6.187576,0.039383,0.014084
3.542094,44.883475,-419.860564,6.017269,6.564192,22.917405,-240.018414,3.442470,3.584396,-0.121539,6.187992,0.038309,0.014283
3.542620,45.034600,-419.799542,6.044634,6.542043,22.884482,-239.172205,3.581605,2.972234,-0.122020,6.187794,0.038622,0.014886
3.543146,45.126892,-419.774059,6.124135,6.393519,23.258944,-239.071518,3.628475,3.225692,-0.120431,6.186202,0.039111,0.015091
3.543673,45.302844,-419.608130,6.050297,6.509984,23.459240,-239.241954,3.706057,3.284184,-0.120520,6.185441,0.039068,0.015401
3.544199,45.677748,-419.795692,6.137158,6.531935,23.483473,-238.971189,3.668522,3.121966,-0.122128,6.185231,0.039254,0.015258
3.544725,45.902651,-419.626253,6.240113,6.528942,23.488943,-238.923617,3.656551,3.160663,-0.123406,6.185189,0.039722,0.015212
3.545251,45.797941,-419.797370,6.317158,6.558655,23.488943,-238.923617,3.656551,3.160663,-0.122720,6.185189,0.040050,0.015212
3.545777,46.216298,-419.835612,6.404801,6.632766,23.570736,-239.358210,3.687010,3.203927,-0.124824,6.185027,0.040628,0.015312
3.546303,46.455395,-419.902757,6.236434,6.657955,23.542536,-239.221675,3.593389,3.113095,-0.126141,6.185088,0.039533,0.014931
3.546830,46.513703,-419.839386,6.225668,6.647199,23.019619,-239.755815,3.773266,3.339505,-0.129729,6.187466,0.040100,0.015650
3.547356,46.727054,-419.695440,6.230587,6.620227,23.730683,-239.452672,3.558834,3.002532,-0.126900,6.184404,0.039498,0.014769
3.547882,46.740857,-419.892343,6.281113,6.504979,23.451194,-239.799282,3.626963,3.152038,-0.128606,6.185700,0.039939,0.015036
3.548408,46.853884,-418.949410,6.282517,6.537136,23.676960,-239.027292,3.614651,3.497806,-0.128111,6.184452,0.039970,0.015044
3.548934,46.853884,-418.949410,6.282517,6.537136,23.467765,-239.350012,3.599156,3.472182,-0.129484,6.185450,0.039992,0.014961
3.549460,46.766693,-419.362406,6.237187,6.690469,23.467765,-239.350012,3.599156,3.472182,-0.128714,6.185450,0.039704,0.014961
3.549987,46.811319,-419.052198,6.287604,6.465135,24.162829,-238.798661,3.562540,3.225930,-0.124993,6.182344,0.039779,0.014829
3.550513,46.872781,-419.138482,6.298820,6.510517,23.691905,-239.340944,3.628894,3.458162,-0.128220,6.184519,0.040108,0.015082
3.551039,46.827031,-419.444119,6.249030,6.727648,23.329308,-239.470758,3.698864,3.472533,-0.129828,6.186071,0.040038,0.015365
3.551565,46.991229,-419.388007,6.032493,6.736712,23.389487,-239.115508,3.704040,3.153317,-0.130182,6.185679,0.038970,0.015397
3.552091,46.991229,-419.388007,6.032493,6.736712,23.471070,-238.994071,3.717682,3.230050,-0.129651,6.185291,0.038988,0.015463
3.552617,46.628948,-419.356081,6.215128,6.680661,23.463132,-239.170346,3.763547,3.099929,-0.127865,6.185396,0.040004,0.015637
3.553143,46.766693,-419.362406,6.237187,6.690469,23.478161,-239.327502,3.672751,3.327638,-0.128641,6.185398,0.039894,0.015260
3.553670,46.553341,-419.399446,6.248873,6.671532,23.478161,-239.327502,3.672751,3.327638,-0.127450,6.185398,0.039944,0.015260
3.554196,46.462799,-419.426391,6.307339,6.652419,23.162609,-239.733564,3.704728,3.285276,-0.128947,6.186866,0.040379,0.015367
3.554722,46.395230,-420.367578,6.298138,6.659214,23.446463,-240.229106,3.673483,3.380993,-0.126713,6.185893,0.040167,0.015208
3.555248,46.293507,-419.979677,6.322673,6.635009,23.270713,-240.432208,3.728271,3.470011,-0.127531,6.186699,0.040562,0.015425
3.555774,46.103529,-419.898974,6.454981,6.620516,23.318428,-239.675385,3.763209,3.294519,-0.125760,6.186199,0.041125,0.015610
3.556300,45.762240,-419.774684,6.341049,6.468987,23.536267,-238.981942,3.629441,3.129846,-0.122322,6.185016,0.040101,0.015095
3.556827,45.399518,-419.707118,6.268126,6.469221,23.231561,-239.646411,3.812727,3.283811,-0.122497,6.186546,0.040433,0.015817
3.557353,45.176151,-419.666783,6.127936,6.502833,23.264933,-239.325538,3.667440,2.906354,-0.120906,6.186279,0.039310,0.015226
3.557879,44.941893,-420.044075,6.066808,6.648023,22.918424,-239.641166,3.777218,3.025440,-0.121478,6.187839,0.039335,0.015665
3.558405,44.459279,-420.027795,6.259545,6.591061,22.391934,-239.561316,3.593387,3.002631,-0.121675,6.189986,0.039701,0.014915
3.558931,44.013162,-419.699635,6.402422,6.399387,22.346016,-239.570673,3.568467,3.012064,-0.119712,6.190179,0.040381,0.014812
3.559457,43.598015,-419.730313,6.256988,6.469077,22.132872,-239.755327,3.925831,3.007291,-0.118707,6.191132,0.040734,0.016277
3.559983,43.193869,-419.769335,6.105337,6.585954,21.733330,-240.202237,3.877303,3.305153,-0.118948,6.192952,0.040003,0.016058
3.560510,42.814988,-420.228609,6.021376,6.576152,21.815869,-239.813871,3.843460,3.074719,-0.115872,6.192465,0.039338,0.015937
3.561036,42.552558,-420.057850,6.158600,6.471475,21.425458,-239.781469,3.629018,2.980024,-0.116661,6.194068,0.039381,0.015055
3.561562,42.009071,-420.026277,6.343327,6.439314,21.159286,-239.722071,3.869721,3.420385,-0.115125,6.195148,0.040928,0.016066
3.562088,41.240529,-420.403672,6.123864,6.817913,21.548577,-239.489344,3.688212,3.337029,-0.108420,6.193450,0.039312,0.015327
3.562614,40.828996,-420.674325,6.169306,6.746505,21.116103,-239.915752,3.690952,2.869546,-0.108627,6.195397,0.039547,0.015302
3.563140,40.389156,-420.510587,6.302786,6.514131,21.046139,-239.683177,3.726252,2.712704,-0.106564,6.195602,0.040245,0.015459
3.563667,39.967876,-421.007539,6.234297,6.868587,21.215458,-240.275210,3.663844,3.014284,-0.103388,6.195117,0.039813,0.015170
3.564193,39.150471,-420.944698,6.055234,6.645520,20.679739,-240.184349,3.342097,3.124006,-0.101830,6.197298,0.038089,0.013857
3.564719,38.877522,-419.932439,6.191871,6.605634,20.045284,-239.369139,3.769756,3.004101,-0.103921,6.199638,0.039931,0.015674
3.565245,38.380844,-420.263966,6.321864,6.505915,19.778131,-239.372579,3.635082,3.068741,-0.102479,6.200748,0.040097,0.015120
3.565771,37.180222,-420.042613,6.027810,6.613749,19.453693,-239.241398,3.752666,3.165481,-0.097732,6.202050,0.039097,0.015619
3.566297,36.968570,-420.249625,6.133572,6.564442,19.433175,-239.120776,3.603097,3.225365,-0.096511,6.202094,0.039101,0.015009
3.566824,36.492584,-420.573928,6.120119,6.564860,19.185073,-239.307633,3.646776,3.086215,-0.095193,6.203187,0.039131,0.015176
3.567350,35.378251,-420.687457,6.049157,6.687184,18.938083,-239.533344,3.584802,2.927267,-0.090504,6.204287,0.038669,0.014904
3.567876,35.038159,-420.592654,6.085279,6.611363,18.102399,-240.092713,3.930220,3.070007,-0.093553,6.207930,0.039960,0.016305
3.568402,34.367091,-420.469052,6.027472,6.650830,17.896455,-240.229975,3.887300,3.153125,-0.091129,6.208825,0.039637,0.016122
3.568928,33.320517,-420.452518,6.067048,6.494399,17.276311,-240.181390,3.822062,3.175324,-0.088767,6.211379,0.039623,0.015860
3.569454,32.942684,-420.681151,6.119787,6.645236,16.932580,-240.096622,3.757465,3.074642,-0.088426,6.212778,0.039617,0.015598
3.569980,32.202743,-420.633761,6.331836,6.524309,16.379311,-240.229100,3.824515,3.156026,-0.087487,6.215109,0.040840,0.015872
3.570507,31.373905,-420.609575,6.111119,6.437581,16.442584,-239.931632,3.908923,2.982859,-0.082453,6.214762,0.040008,0.016238
3.571033,30.849295,-421.683696,6.140174,6.609462,15.997802,-240.633257,3.837994,2.903692,-0.081846,6.216801,0.039860,0.015899
3.571559,29.857788,-421.550366,5.762150,6.732647,15.338098,-240.767838,3.683518,3.098899,-0.080144,6.219566,0.037729,0.015259
3.572085,29.061923,-421.834987,6.075833,6.613957,15.176592,-240.606860,3.770210,3.155780,-0.076469,6.220192,0.039346,0.015629
3.572611,28.461722,-421.627181,6.398434,6.686940,14.840569,-240.904501,3.882517,3.266589,-0.075228,6.221660,0.041294,0.016077
3.573137,27.431048,-421.464080,6.096864,6.562235,14.763422,-240.622181,3.982956,3.149645,-0.069934,6.221907,0.040172,0.016510
3.573664,26.913084,-421.674318,6.077350,6.648387,14.350650,-240.052363,3.977502,2.899764,-0.069058,6.223475,0.039895,0.016526
3.574190,26.468644,-421.722427,6.081833,6.723473,13.725702,-240.637750,3.709520,3.514279,-0.070254,6.226208,0.039256,0.015388
3.574716,25.188112,-422.035185,5.973752,6.766232,13.545135,-240.529487,3.799188,3.021707,-0.064059,6.226931,0.038932,0.015761
3.575242,24.554547,-421.700058,6.133977,6.717941,13.002802,-240.748894,3.785218,3.304579,-0.063753,6.229228,0.039759,0.015694
3.575768,23.328786,-422.010370,6.038360,6.683289,12.303359,-240.696580,3.876361,3.162940,-0.060734,6.232114,0.039507,0.016077
3.576294,22.702146,-421.605640,6.191120,6.678157,11.575590,-239.586753,3.784478,2.706545,-0.061053,6.234908,0.039790,0.015768
3.576821,21.896882,-421.545499,6.303519,6.521561,11.694949,-240.501676,3.614324,3.472377,-0.056291,6.234596,0.040074,0.015009
3.577347,21.110402,-421.779020,5.985343,6.718767,11.231744,-239.737879,3.632536,2.567065,-0.054213,6.236369,0.038407,0.015127
3.577873,20.430294,-422.177059,6.071629,6.761507,11.305385,-240.588290,3.685769,3.039203,-0.050208,6.236229,0.039070,0.015298
3.578399,19.200380,-422.392527,5.964280,6.854667,10.853328,-240.674734,3.846266,3.396441,-0.045902,6.238120,0.039020,0.015961
3.578925,19.006130,-422.304544,6.049803,6.838826,10.175075,-240.521245,3.887390,3.283784,-0.048542,6.240906,0.039517,0.016144
3.579451,17.321287,-422.377377,6.030411,6.871581,9.439299,-239.688982,3.876726,2.747996,-0.043118,6.243824,0.039208,0.016155
3.579977,16.918118,-422.427465,6.025047,6.875449,9.583318,-240.540359,3.806861,3.242568,-0.040304,6.243366,0.039156,0.015810
3.580504,15.830035,-421.856749,6.091796,6.823485,9.365910,-239.668681,3.881894,3.118025,-0.035466,6.244127,0.039626,0.016180
3.581030,15.119637,-421.805407,6.006923,6.926126,8.554115,-239.989382,4.048351,3.173116,-0.036095,6.247557,0.039818,0.016854
3.581556,14.660097,-421.675796,6.064891,6.731130,8.576945,-239.937010,3.588126,3.233426,-0.033459,6.247454,0.038755,0.014943
3.582082,13.274283,-421.772910,6.057177,6.735062,7.582535,-239.822844,3.604892,2.876930,-0.031272,6.251579,0.038722,0.015021
3.582608,12.710727,-422.005792,6.048235,6.800307,7.826547,-239.910954,3.605995,3.276054,-0.026816,6.250574,0.038658,0.015021
3.583134,12.103569,-421.846311,6.356340,6.822047,7.374121,-239.922310,3.615332,2.851318,-0.025991,6.252460,0.040182,0.015059
3.583661,10.855228,-422.067886,6.119845,6.711488,6.619437,-240.140236,4.069526,3.133831,-0.023279,6.255627,0.040387,0.016937
3.584187,10.244938,-422.252868,6.260089,6.701209,6.151829,-240.160227,3.962215,3.048487,-0.022474,6.257575,0.040676,0.016491
3.584713,9.195417,-422.131201,6.114604,7.000681,6.133632,-240.245554,3.884841,3.044477,-0.016832,6.257660,0.039824,0.016163
3.585239,8.777750,-422.225800,6.105938,6.737290,5.435972,-240.335477,3.680395,3.025221,-0.018370,6.260571,0.039190,0.015308
3.585765,7.522356,-422.010057,6.060890,6.756130,4.989175,-240.489158,3.913313,3.064573,-0.013954,6.262442,0.039741,0.016267
3.586291,6.908266,-422.267523,6.143938,6.751894,4.672634,-240.367073,4.023380,2.973393,-0.012290,6.263748,0.040371,0.016734
3.586818,6.489286,-421.994667,6.164374,6.525883,4.469555,-240.197764,4.059343,3.060940,-0.011109,6.264580,0.040597,0.016896
3.587344,5.308526,-421.798923,6.033282,6.606670,4.705092,-239.964740,3.443006,3.084100,-0.003319,6.263580,0.038203,0.014345
3.587870,4.830633,-423.113619,6.129980,6.748975,3.037347,-240.965557,3.681456,2.826618,-0.009845,6.270581,0.039255,0.015276
3.588396,3.487088,-422.766043,6.207342,6.687541,2.803149,-240.914642,3.793560,3.316269,-0.003761,6.271550,0.040004,0.015745
3.588922,3.048903,-422.739475,6.116233,6.708667,3.034433,-241.225955,3.858350,3.266508,-0.000080,6.270607,0.039840,0.015993
3.589448,2.431403,-422.702706,6.117194,6.572597,2.918967,-240.302280,4.106380,2.739068,0.002673,6.271039,0.040393,0.017086
3.589974,1.245988,-422.696691,5.989307,6.558507,2.355310,-240.610163,4.018068,3.263512,0.006092,6.273397,0.039608,0.016698
3.590501,0.538109,-422.799739,6.153586,6.334215,1.809990,-240.860990,3.472874,3.088933,0.006991,6.275671,0.038836,0.014418
3.591027,0.131958,-422.629424,6.079427,6.629511,1.427251,-240.415855,3.765650,3.077869,0.007109,6.277249,0.039245,0.015663
3.591553,-0.858264,-422.462882,6.176780,6.497823,1.227957,-240.703116,3.757745,3.463184,0.011477,6.278084,0.039775,0.015611
3.592079,-1.250214,-422.961745,6.069344,6.640659,0.883483,-240.835767,3.844495,3.389784,0.011715,6.279517,0.039445,0.015963
3.592605,-2.142389,-422.397930,5.855640,6.595616,0.597752,-240.810004,4.053448,3.353463,0.015089,6.280703,0.039215,0.016832
3.593131,-2.882273,-422.631871,6.106158,6.448917,0.060553,-240.856845,3.751322,3.111772,0.016188,6.282934,0.039419,0.015575
3.593658,-3.271676,-422.539830,6.234682,6.320263,-0.224588,-240.909754,3.774548,3.288411,0.016775,6.284118,0.040121,0.015668
3.594184,-4.731960,-422.520654,6.131184,6.455448,-0.168117,-240.410460,3.603568,3.115855,0.025056,6.283885,0.039040,0.014989
3.594710,-4.964395,-422.722611,6.025644,6.614752,-0.608913,-240.699367,3.750077,3.248398,0.023924,6.285715,0.038981,0.015580
3.595236,-5.337078,-422.630025,6.204881,6.704701,-0.972837,-240.745842,3.900485,2.999882,0.023990,6.287226,0.040283,0.016201
3.595762,-6.391503,-422.381124,6.022660,6.659374,-1.073298,-240.894922,4.008487,3.104547,0.029295,6.287641,0.039847,0.016640
3.596288,-6.876999,-422.958932,6.060640,6.662288,-1.599438,-240.850641,3.960865,3.057444,0.028972,6.289826,0.039741,0.016445
3.596815,-7.194533,-423.060975,6.097796,6.512586,-2.050913,-241.053630,3.740781,2.993515,0.028253,6.291693,0.039289,0.015518
3.597341,-7.625743,-422.937045,6.199954,6.615093,-2.383364,-241.041946,3.593698,3.020933,0.028813,6.293073,0.039381,0.014908
3.597867,-8.710292,-421.870671,6.152179,6.614322,-2.575705,-240.069107,3.588057,2.854652,0.033731,6.293914,0.039153,0.014945
3.598393,-9.030770,-422.143117,6.063807,6.555105,-2.528579,-240.195882,3.560925,2.938898,0.035721,6.293712,0.038625,0.014824
3.598919,-9.481773,-422.432823,6.158086,6.470391,-2.577130,-240.177258,3.588615,2.935926,0.037866,6.293915,0.039079,0.014940
3.599445,-10.600652,-422.051503,6.151941,6.601375,-3.208739,-240.113129,3.993051,2.857035,0.040606,6.296548,0.040277,0.016628
3.599971,-10.804371,-422.200869,6.115876,6.540281,-3.821995,-240.585115,3.987931,3.167965,0.038427,6.299070,0.040171,0.016573
3.600498,-11.015862,-422.013851,6.205821,6.377850,-3.863053,-240.340059,3.977583,3.243060,0.039351,6.299257,0.040540,0.016547
3.601024,-11.480314,-422.351171,6.256902,6.476999,-4.135030,-240.425985,4.043263,3.257134,0.040353,6.300382,0.040914,0.016814
3.601550,-12.431707,-422.294871,6.072380,6.515168,-4.464951,-240.306989,3.762478,3.297557,0.043748,6.301763,0.039217,0.015654
3.602076,-12.797347,-422.056835,6.125049,6.347281,-4.826845,-240.181025,3.785857,3.012489,0.043796,6.303279,0.039551,0.015758
3.602602,-12.875270,-421.929244,6.128196,6.410816,-4.168601,-240.093711,3.647018,3.192101,0.047846,6.300546,0.039174,0.015187
3.603128,-13.264864,-422.117854,6.219538,6.542407,-4.645090,-239.729468,3.648426,2.788951,0.047225,6.302559,0.039489,0.015215
3.603655,-13.488126,-422.179976,6.216926,6.554393,-4.483898,-239.733716,3.697866,3.179316,0.049313,6.301887,0.039600,0.015421
3.604181,-13.815977,-423.260669,6.021833,6.580619,-4.710983,-240.807172,3.864849,3.160579,0.049862,6.302746,0.039171,0.016045
3.604707,-14.604309,-422.872046,6.115868,6.598690,-5.130985,-240.746526,4.152830,3.180083,0.051969,6.304495,0.040535,0.017244
3.605233,-14.705077,-422.633962,6.115407,6.446738,-4.988582,-240.852608,3.812552,3.138746,0.053401,6.303895,0.039587,0.015825
3.605759,-14.956200,-422.681748,6.250370,6.443526,-5.512892,-240.817121,3.992617,3.089953,0.051878,6.306074,0.040723,0.016573
3.606285,-14.997579,-422.402680,6.137360,6.656286,-5.567789,-240.542228,3.917725,3.306162,0.051805,6.306328,0.039986,0.016281
3.606812,-15.214596,-421.966414,6.148388,6.616561,-5.571138,-240.418832,3.883093,3.393157,0.053068,6.306354,0.040001,0.016146
3.607338,-15.556168,-422.426067,6.153802,6.571936,-5.838186,-240.294055,3.784932,3.332812,0.053306,6.307477,0.039613,0.015746
3.607864,-15.920693,-422.191004,6.235445,6.466192,-5.838186,-240.294055,3.784932,3.332812,0.055373,6.307477,0.040039,0.015746
3.608390,-16.600547,-422.169000,6.086714,6.716776,-6.032143,-240.463233,3.805984,3.447505,0.058097,6.308266,0.039448,0.015822
3.608916,-16.846555,-422.178129,6.100513,6.631362,-6.287436,-240.169692,3.687888,3.363312,0.057949,6.309358,0.039106,0.015349
3.609442,-16.822448,-422.124631,6.104821,6.746567,-6.077125,-240.866543,4.056794,3.580891,0.059213,6.308410,0.040374,0.016836
3.609968,-16.774558,-422.039714,6.104111,6.707740,-6.287542,-240.543451,3.696845,3.563847,0.057717,6.309318,0.039262,0.015363
3.610495,-16.964565,-422.227280,6.163719,6.746305,-6.287542,-240.543451,3.696845,3.563847,0.058700,6.309318,0.039500,0.015363
3.611021,-16.964565,-422.227280,6.163719,6.746305,-6.287542,-240.543451,3.696845,3.563847,0.058700,6.309318,0.039500,0.015363
3.611547,-17.035465,-422.158821,6.191291,6.765695,-6.485376,-240.438763,3.733361,3.480850,0.057992,6.310152,0.039726,0.015521
3.612073,-17.045228,-422.290773,6.119150,6.735660,-6.434877,-240.659876,3.767357,3.358212,0.058351,6.309917,0.039502,0.015648
3.612599,-16.997821,-422.626395,6.182407,6.526527,-6.411512,-240.930061,3.687129,3.213124,0.058198,6.309791,0.039552,0.015297
3.613125,-17.094491,-422.642612,6.249952,6.503190,-6.512185,-241.020741,3.723066,3.532010,0.058200,6.310198,0.039989,0.015441
3.613652,-17.025982,-423.006954,6.202797,6.513030,-6.488377,-241.312578,3.787337,3.332276,0.057931,6.310067,0.039933,0.015688
3.614178,-17.135295,-422.020135,6.269427,6.488954,-6.231983,-240.448488,3.985395,3.276889,0.059978,6.309098,0.040838,0.016567
3.614704,-17.135295,-422.020135,6.269427,6.488954,-6.140779,-240.028145,3.630278,3.258590,0.060339,6.308763,0.039735,0.015118
3.615230,-17.121971,-422.226764,6.247253,6.572331,-6.305028,-240.649768,3.945778,3.252889,0.059502,6.309379,0.040620,0.016389
3.615756,-17.001188,-422.306767,6.143458,6.573943,-6.029731,-240.578002,3.888242,3.242586,0.060300,6.308244,0.039936,0.016155
3.616282,-16.870389,-422.252822,6.082325,6.619293,-6.030735,-240.821578,3.894881,3.440378,0.059674,6.308222,0.039742,0.016167
3.616809,-16.811534,-422.335665,6.092748,6.657268,-6.143395,-240.772050,3.909783,3.292805,0.058690,6.308695,0.039807,0.016232
3.617335,-16.788070,-422.226967,6.109355,6.575122,-6.143395,-240.772050,3.909783,3.292805,0.058596,6.308695,0.039906,0.016232
3.617861,-16.691303,-422.165183,6.139954,6.646221,-6.120648,-240.718257,3.919253,3.233910,0.058192,6.308606,0.040079,0.016275
3.618387,-16.293715,-422.050448,6.418533,6.541655,-6.100991,-240.643105,3.938768,3.188190,0.056128,6.308533,0.041443,0.016361
3.618913,-16.104028,-421.997282,6.365897,6.562703,-5.880778,-240.489425,3.989451,3.286576,0.056265,6.307634,0.041322,0.016582
3.619439,-15.431922,-421.813092,6.226169,6.707685,-5.395668,-240.126275,4.080386,2.957744,0.055183,6.305652,0.040908,0.016986
3.619965,-15.179457,-421.945503,6.216922,6.672617,-5.263960,-240.068334,4.010718,2.958814,0.054464,6.305109,0.040616,0.016701
3.620492,-15.018304,-422.687524,6.282193,6.526332,-5.178836,-240.988155,4.128036,3.251959,0.054100,6.304672,0.041307,0.017124
3.621018,-14.946170,-422.773547,6.231639,6.479620,-4.691466,-240.851802,3.726576,3.079990,0.056309,6.302661,0.039847,0.015469
3.621544,-14.853819,-422.871761,6.185508,6.593690,-4.479587,-240.644810,3.714882,2.949607,0.056869,6.301798,0.039531,0.015434
3.622070,-14.390142,-422.775213,5.998610,6.617877,-4.622066,-240.341316,3.703710,3.393448,0.053492,6.302414,0.038594,0.015407
3.622596,-13.782796,-422.699455,6.364608,6.577644,-4.684467,-240.585677,3.666599,3.501308,0.049918,6.302654,0.040284,0.015237
3.623122,-13.282560,-422.212667,6.225049,6.587516,-4.283369,-240.472683,3.687844,3.359916,0.049476,6.300996,0.039765,0.015333
3.623649,-13.098895,-422.011905,6.135371,6.689832,-3.313537,-240.422719,3.094880,3.353290,0.053835,6.296967,0.037798,0.012872
3.624175,-12.680886,-422.380001,6.114245,6.385993,-3.643764,-240.740199,4.111252,3.169416,0.049712,6.298320,0.040510,0.017075
3.624701,-12.407098,-422.261476,6.164390,6.637152,-3.601775,-240.681961,3.988621,3.021541,0.048455,6.298149,0.040387,0.016570
3.625227,-11.381633,-422.127408,6.197978,6.508323,-3.421394,-240.882989,4.021658,3.131967,0.043892,6.297388,0.040724,0.016693
3.625753,-11.103347,-422.276924,6.151940,6.535674,-3.135444,-240.504104,4.166877,3.014227,0.043806,6.296222,0.040835,0.017323
3.626279,-10.571880,-422.376473,6.063943,6.504059,-2.367639,-240.330259,3.697853,3.132759,0.045036,6.293037,0.038977,0.015386
3.626806,-9.616429,-422.800447,6.190886,6.542761,-2.888189,-240.514264,3.967892,3.282125,0.036894,6.295193,0.040312,0.016496
3.627332,-9.253561,-422.630031,6.251944,6.702936,-2.568317,-240.812403,3.874917,3.276963,0.036752,6.293850,0.040428,0.016090
3.627858,-8.788148,-422.762411,6.097860,6.433667,-1.952144,-240.966302,3.947726,3.097029,0.037585,6.291286,0.039929,0.016382
3.628384,-8.422990,-422.675782,5.985322,6.719123,-1.693939,-241.155057,3.966841,2.975572,0.037053,6.290209,0.039532,0.016449
3.628910,-7.312181,-422.860950,6.158293,6.611857,-1.044049,-240.769686,4.004426,2.906602,0.034409,6.287522,0.040316,0.016632
3.629436,-7.011472,-422.852179,6.236238,6.732521,-0.362733,-240.838991,3.569612,3.062174,0.036513,6.284691,0.039454,0.014822
3.629962,-6.420966,-421.787675,6.213649,6.531280,-0.444483,-239.999399,3.621819,3.016625,0.032864,6.285037,0.039542,0.015091
3.630489,-5.377931,-422.301190,6.209165,6.596363,-0.396405,-240.016280,3.593698,3.020933,0.027321,6.284837,0.039342,0.014973
3.631015,-5.040380,-422.102496,6.183401,6.619115,-0.268122,-240.170094,3.619804,3.108785,0.026225,6.284302,0.039370,0.015072
3.631541,-4.745798,-422.150712,6.160349,6.480121,-0.303850,-240.415121,3.744809,3.174650,0.024437,6.284449,0.039657,0.015576
3.632067,-3.761113,-422.347976,6.100716,6.661778,0.414060,-240.226376,4.067146,3.241074,0.022921,6.281462,0.040249,0.016930
3.632593,-3.038811,-422.562377,6.128742,6.586743,0.650312,-240.340393,4.077657,3.157968,0.020242,6.280480,0.040389,0.016966
3.633119,-2.517931,-422.480101,5.957869,6.756058,0.868187,-240.643641,4.078059,3.235568,0.018620,6.279578,0.039699,0.016946
3.633646,-1.199375,-422.693225,6.111266,6.754691,0.920366,-240.555748,3.869404,3.309136,0.011638,6.279359,0.039711,0.016085
3.634172,-0.921062,-422.639305,6.119119,6.664279,1.072398,-240.299491,3.870858,3.087849,0.010932,6.278723,0.039707,0.016108
3.634698,-0.091527,-422.476836,5.939346,6.708067,1.553002,-240.341759,3.653167,3.186027,0.009029,6.276724,0.038283,0.015199
3.635224,0.739666,-422.590874,6.097490,6.725526,1.660398,-240.197507,3.642501,3.116392,0.005048,6.276273,0.038941,0.015164
3.635750,1.177803,-422.028314,6.136507,6.856687,2.049826,-240.326307,3.857888,3.085035,0.004799,6.274656,0.039892,0.016052
3.636276,2.152209,-422.864209,6.145006,6.778968,2.969253,-241.075890,3.539362,2.929235,0.004494,6.270869,0.039009,0.014680
3.636803,2.818254,-422.858233,6.192493,6.532379,3.441936,-241.231908,3.584150,3.057234,0.003434,6.268918,0.039393,0.014856
3.637329,3.129583,-422.637487,6.247431,6.681466,3.616892,-241.294787,3.593695,3.328818,0.002687,6.268197,0.039744,0.014891
3.637855,4.769529,-422.708038,6.090284,6.942887,4.113376,-241.218642,3.759965,3.448010,-0.003615,6.266134,0.039437,0.015585
3.638381,5.145054,-422.655420,6.120622,6.608198,4.776187,-240.457414,3.770512,3.321438,-0.002025,6.263325,0.039456,0.015677
3.638907,6.473808,-422.793527,6.135908,6.824711,4.783891,-240.649457,3.953439,2.846425,-0.009278,6.263309,0.040072,0.016423
3.639433,6.913641,-422.744589,6.151742,6.504217,5.551432,-240.346054,3.633079,3.359211,-0.007468,6.260092,0.039168,0.015111
3.639959,7.361400,-422.412491,6.124159,6.784273,5.301547,-240.244836,3.648579,3.191557,-0.011307,6.261122,0.039130,0.015182
3.640486,8.747932,-422.690489,6.113508,6.672782,5.552671,-240.290261,3.653167,3.186027,-0.017516,6.260081,0.039040,0.015198
3.641012,8.953807,-422.048399,6.098755,6.808369,5.970562,-239.279036,3.582482,2.972840,-0.016321,6.258238,0.038695,0.014966
3.641538,9.564108,-422.328688,6.121662,6.644051,6.248041,-239.566319,3.260528,2.843188,-0.018142,6.257111,0.037944,0.013604
3.642064,10.943021,-422.597164,6.233874,6.606996,7.253917,-239.602717,3.803415,2.891294,-0.020157,6.252920,0.039898,0.015864
3.642590,11.477315,-422.211719,6.080757,6.723191,7.508440,-239.637674,3.714661,2.932478,-0.021735,6.251863,0.039020,0.015491
3.643116,12.203958,-421.889564,6.352827,6.804616,7.479105,-239.721146,3.747824,3.201520,-0.025931,6.251996,0.040477,0.015624
3.643643,12.870503,-422.030703,6.097085,6.858824,7.640620,-239.193961,3.654314,3.113267,-0.028596,6.251253,0.038864,0.015268
3.644169,14.531266,-422.546914,5.943927,6.871718,8.913487,-240.127198,3.514177,3.118481,-0.030786,6.246082,0.037838,0.014622
3.644695,15.423597,-422.474691,6.083249,6.721536,8.761941,-240.128461,3.570508,3.132773,-0.036517,6.246713,0.038660,0.014857
3.645221,15.991454,-422.431720,6.076634,6.874165,9.254515,-240.224739,3.892737,3.074438,-0.036957,6.244680,0.039582,0.016188
3.645747,17.083018,-422.577556,6.214008,6.770257,10.012608,-240.285636,3.750866,3.027216,-0.038767,6.241540,0.039788,0.015592
3.646273,17.738257,-422.372008,6.097490,6.725526,10.289876,-239.868988,3.733070,3.056937,-0.040790,6.240314,0.039144,0.015544
3.646800,18.219303,-421.997363,6.124868,6.749930,10.688199,-239.305343,3.717896,2.662118,-0.041200,6.238552,0.039186,0.015513
3.647326,19.067541,-422.468263,6.232797,6.672345,11.345318,-240.287112,3.983828,3.329127,-0.042362,6.236005,0.040568,0.016555
3.647852,19.905167,-422.307073,6.105546,6.888924,10.929896,-239.596299,3.656615,2.629537,-0.049083,6.237599,0.038908,0.015238
3.648378,20.716369,-422.308931,6.022828,6.665668,12.248452,-239.957723,3.471347,2.847565,-0.046404,6.232185,0.038085,0.014442
3.648904,21.853306,-422.788667,6.066303,6.865756,12.404839,-240.355939,3.645623,2.789940,-0.051745,6.231621,0.038748,0.015139
3.649430,22.365631,-422.588331,6.022824,6.816725,12.456275,-241.164656,3.705966,2.974801,-0.054566,6.231581,0.038927,0.015339
3.649956,23.708555,-423.153092,6.049949,6.680445,12.801346,-240.773419,3.642418,2.717585,-0.059734,6.230068,0.038654,0.015097
3.650483,24.302794,-423.277139,5.984750,6.827899,13.779006,-241.268071,3.600628,2.682148,-0.057756,6.226137,0.038316,0.014889
3.651009,25.428957,-423.599471,6.077404,6.798462,14.188759,-241.257229,3.719936,2.959261,-0.061566,6.224441,0.039010,0.015383
3.651535,25.951089,-422.875124,6.082035,6.631708,14.547596,-241.183188,3.615109,3.033112,-0.062681,6.222941,0.038870,0.014954
3.652061,26.983131,-424.002108,5.728818,6.845386,14.861135,-241.997400,3.543700,3.125690,-0.066504,6.221852,0.036950,0.014610
3.652587,27.903116,-423.440407,6.134724,6.572311,15.004329,-241.525821,3.894603,2.914560,-0.070787,6.221142,0.039843,0.016080
3.653113,28.267487,-422.606073,6.086103,6.883453,15.698636,-241.048311,4.032256,2.954784,-0.069118,6.218151,0.040120,0.016676
3.653640,29.397350,-422.743538,6.297911,6.631212,16.213311,-240.903905,3.784258,2.832006,-0.072377,6.215985,0.040296,0.015658
3.654166,29.061439,-421.872290,6.061666,6.614121,15.533518,-239.971260,3.724385,2.874575,-0.074233,6.218545,0.039007,0.015475
