# time (s), x1 (pixels), y1 (pixels), x1 error (pixels), y1 error (pixels), x2 (pixels), y2 (pixels), x2 error (pixels), y2 error (pixels), angle1 (the smaller arm) (rad), angle2 (the larger arm) (rad), angle1 error (rad), angle2 error (rad)
0.000000,-45.300498,-320.688763,6.577199,6.488737,87.804699,-195.286473,2.974183,2.573162,0.815187,5.860647,0.038788,0.013594
0.000531,-45.342865,-320.371660,6.686535,6.511677,87.670383,-195.389596,2.973487,2.668095,0.816517,5.861417,0.039284,0.013656
0.001062,-45.357202,-319.992361,6.684499,6.472562,88.069000,-195.122064,3.169593,2.602826,0.818510,5.859206,0.039269,0.014392
0.001593,-45.332308,-319.752690,6.635068,6.639343,88.069000,-195.122064,3.169593,2.602826,0.819376,5.859206,0.039634,0.014392
0.002125,-45.806051,-319.348406,6.437222,6.592960,88.069000,-195.122064,3.169593,2.602826,0.822764,5.859206,0.039032,0.014392
0.002656,-45.877329,-319.270291,6.461432,6.629689,88.255266,-194.940546,3.355450,2.646723,0.823308,5.858064,0.039393,0.015168
0.003187,-45.834823,-319.184696,6.488417,6.629737,88.308882,-194.906749,3.330128,2.691776,0.823557,5.857771,0.039479,0.015096
0.003718,-45.807008,-319.088135,6.502409,6.565366,88.308882,-194.906749,3.330128,2.691776,0.823841,5.857771,0.039356,0.015096
0.004249,-45.854902,-318.988241,6.500433,6.639539,88.308882,-194.906749,3.330128,2.691776,0.824420,5.857771,0.039558,0.015096
0.004780,-46.447828,-319.031877,6.568010,6.674110,88.077845,-194.949585,3.127759,2.718650,0.825759,5.858837,0.039549,0.014315
0.005311,-46.659924,-318.854534,6.536609,6.764863,88.066498,-195.008455,3.141901,2.676072,0.827452,5.858999,0.039698,0.014338
0.005842,-46.863240,-318.448818,6.605798,6.630575,88.553187,-194.608892,2.823621,2.588176,0.830021,5.856155,0.038953,0.013024
0.006374,-46.894035,-317.924101,6.601431,6.712479,88.573908,-194.647138,2.812685,2.596488,0.832479,5.856141,0.039241,0.012985
0.006905,-46.721326,-317.748975,6.741478,6.679715,88.901336,-194.644662,3.003586,2.574491,0.833745,5.854743,0.039635,0.013711
0.007436,-46.627187,-317.564882,6.707684,6.698051,89.003669,-194.675442,2.963629,2.583793,0.834644,5.854368,0.039607,0.013555
0.007967,-46.750669,-317.537233,6.751271,6.552346,89.050745,-194.697625,2.950532,2.589985,0.835471,5.854211,0.039278,0.013505
0.008498,-47.165971,-317.655155,6.578881,6.551519,88.996116,-194.574295,2.983228,2.628450,0.835815,5.854204,0.038865,0.013670
0.009029,-47.191057,-317.454603,6.593923,6.655232,89.099817,-194.807242,2.965413,2.520376,0.838040,5.854216,0.039092,0.013507
0.009560,-47.041267,-317.342886,6.665102,6.667493,88.946336,-194.677852,2.992788,2.569421,0.836860,5.854617,0.039413,0.013662
0.010091,-47.092919,-317.253434,6.667546,6.725818,89.104348,-194.916010,2.935429,2.586475,0.838956,5.854408,0.039555,0.013429
0.010623,-47.092919,-317.253434,6.667546,6.725818,89.104348,-194.916010,2.935429,2.586475,0.838956,5.854408,0.039555,0.013429
0.011154,-47.378440,-316.981692,6.758641,6.529862,89.199577,-194.815740,2.908436,2.668477,0.841041,5.853809,0.039241,0.013387
0.011685,-47.378440,-316.981692,6.758641,6.529862,89.049389,-194.736744,3.033638,2.629790,0.840173,5.854293,0.039338,0.013859
0.012216,-47.410619,-316.610835,6.592066,6.594855,89.105524,-194.746613,3.004716,2.641739,0.842044,5.854074,0.039164,0.013752
0.012747,-47.379533,-316.708201,6.577779,6.664990,89.151595,-194.768592,2.991322,2.647498,0.841792,5.853921,0.039309,0.013700
0.013278,-47.483635,-316.540569,6.618675,6.621995,89.209994,-194.767306,2.958758,2.661922,0.843061,5.853671,0.039260,0.013581
0.013809,-47.526092,-316.517210,6.595984,6.622267,89.151595,-194.768592,2.991322,2.647498,0.843103,5.853921,0.039232,0.013700
0.014340,-47.628514,-316.637778,6.636107,6.679027,89.151595,-194.768592,2.991322,2.647498,0.842984,5.853921,0.039447,0.013700
0.014872,-47.628514,-316.637778,6.636107,6.679027,89.151595,-194.768592,2.991322,2.647498,0.842984,5.853921,0.039447,0.013700
0.015403,-47.628514,-316.637778,6.636107,6.679027,89.151595,-194.768592,2.991322,2.647498,0.842984,5.853921,0.039447,0.013700
0.015934,-47.453123,-316.587568,6.569474,6.595306,89.151595,-194.768592,2.991322,2.647498,0.842551,5.853921,0.039100,0.013700
0.016465,-47.362829,-316.536875,6.628140,6.595234,89.151595,-194.768592,2.991322,2.647498,0.842429,5.853921,0.039252,0.013700
0.016996,-47.362829,-316.536875,6.628140,6.595234,89.151595,-194.768592,2.991322,2.647498,0.842429,5.853921,0.039252,0.013700
0.017527,-47.362829,-316.536875,6.628140,6.595234,89.151595,-194.768592,2.991322,2.647498,0.842429,5.853921,0.039252,0.013700
0.018058,-47.362829,-316.536875,6.628140,6.595234,89.151595,-194.768592,2.991322,2.647498,0.842429,5.853921,0.039252,0.013700
0.018590,-47.410619,-316.610835,6.592066,6.594855,89.151595,-194.768592,2.991322,2.647498,0.842302,5.853921,0.039152,0.013700
0.019121,-47.410619,-316.610835,6.592066,6.594855,89.151595,-194.768592,2.991322,2.647498,0.842302,5.853921,0.039152,0.013700
0.019652,-47.254458,-316.813448,6.686215,6.662893,89.198491,-194.779327,2.976958,2.660034,0.841122,5.853743,0.039544,0.013651
0.020183,-47.327385,-316.853043,6.744015,6.603537,89.209994,-194.767306,2.958758,2.661922,0.841219,5.853671,0.039472,0.013581
0.020714,-47.240319,-316.863001,6.694438,6.625553,89.209994,-194.767306,2.958758,2.661922,0.840862,5.853671,0.039434,0.013581
0.021245,-47.166328,-316.919774,6.666675,6.615509,89.209994,-194.767306,2.958758,2.661922,0.840361,5.853671,0.039347,0.013581
0.021776,-47.166328,-316.919774,6.666675,6.615509,89.151595,-194.768592,2.991322,2.647498,0.840154,5.853921,0.039374,0.013700
0.022307,-47.166328,-316.919774,6.666675,6.615509,89.151595,-194.768592,2.991322,2.647498,0.840154,5.853921,0.039374,0.013700
0.022839,-47.060356,-317.107598,6.662027,6.483564,89.151595,-194.768592,2.991322,2.647498,0.839003,5.853921,0.038990,0.013700
0.023370,-46.948012,-317.310755,6.653693,6.594333,89.151595,-194.768592,2.991322,2.647498,0.837768,5.853921,0.039267,0.013700
0.023901,-46.948012,-317.310755,6.653693,6.594333,89.198491,-194.779327,2.976958,2.660034,0.837983,5.853743,0.039260,0.013651
0.024432,-46.853472,-317.339096,6.716307,6.580546,89.196393,-194.671197,3.006384,2.594270,0.837076,5.853541,0.039319,0.013725
0.024963,-46.853472,-317.339096,6.716307,6.580546,89.196393,-194.671197,3.006384,2.594270,0.837076,5.853541,0.039319,0.013725
0.025494,-46.640907,-317.288602,6.891228,6.548054,89.196393,-194.671197,3.006384,2.594270,0.836503,5.853541,0.039676,0.013725
0.026025,-46.640907,-317.288602,6.891228,6.548054,89.145908,-194.608185,3.021574,2.590909,0.836063,5.853633,0.039688,0.013788
0.026556,-46.732404,-317.260307,6.835469,6.561357,89.256733,-194.789538,3.008471,2.647771,0.837654,5.853516,0.039637,0.013763
0.027088,-46.732404,-317.260307,6.835469,6.561357,89.257475,-194.668676,2.971991,2.608858,0.837166,5.853277,0.039541,0.013598
0.027619,-46.641465,-317.258072,6.779628,6.584401,89.151595,-194.768592,2.991322,2.647498,0.836861,5.853921,0.039585,0.013700
0.028150,-46.662237,-317.349692,6.761611,6.643923,89.257475,-194.668676,2.971991,2.608858,0.836547,5.853277,0.039598,0.013598
0.028681,-46.641465,-317.258072,6.779628,6.584401,89.257475,-194.668676,2.971991,2.608858,0.836843,5.853277,0.039491,0.013598
0.029212,-46.641465,-317.258072,6.779628,6.584401,89.257475,-194.668676,2.971991,2.608858,0.836843,5.853277,0.039491,0.013598
0.029743,-46.732404,-317.260307,6.835469,6.561357,89.317111,-194.680589,3.003495,2.597015,0.837433,5.853047,0.039552,0.013711
0.030274,-46.732404,-317.260307,6.835469,6.561357,89.257475,-194.668676,2.971991,2.608858,0.837166,5.853277,0.039541,0.013598
0.030805,-46.732404,-317.260307,6.835469,6.561357,89.257475,-194.668676,2.971991,2.608858,0.837166,5.853277,0.039541,0.013598
0.031337,-46.732404,-317.260307,6.835469,6.561357,89.343701,-194.842158,3.073711,2.622871,0.838186,5.853249,0.039669,0.013997
0.031868,-46.732404,-317.260307,6.835469,6.561357,89.169444,-194.548634,3.046869,2.504971,0.836357,5.853417,0.039506,0.013831
0.032399,-47.001165,-317.220183,6.656991,6.654350,89.269130,-194.644023,2.952762,2.607384,0.838253,5.853180,0.039325,0.013523
0.032930,-47.001165,-317.220183,6.656991,6.654350,89.343701,-194.842158,3.073711,2.622871,0.839330,5.853249,0.039481,0.013997
0.033461,-47.001165,-317.220183,6.656991,6.654350,89.209707,-194.778809,3.023058,2.635527,0.838584,5.853694,0.039456,0.013814
0.033992,-47.021127,-316.913163,6.655127,6.531282,89.209707,-194.778809,3.023058,2.635527,0.839904,5.853694,0.039150,0.013814
0.034523,-46.990827,-317.108294,6.736738,6.670362,89.257475,-194.668676,2.971991,2.608858,0.838727,5.853277,0.039594,0.013598
0.035055,-46.988271,-316.765590,6.709521,6.603109,89.161209,-194.664907,2.946454,2.719706,0.839745,5.853679,0.039507,0.013584
0.035586,-47.250501,-316.604949,6.705703,6.540127,89.257475,-194.668676,2.971991,2.608858,0.841721,5.853277,0.039189,0.013598
0.036117,-47.061180,-316.644444,6.693823,6.609826,89.151595,-194.768592,2.991322,2.647498,0.840892,5.853921,0.039475,0.013700
0.036648,-47.362829,-316.536875,6.628140,6.595234,89.151595,-194.768592,2.991322,2.647498,0.842429,5.853921,0.039252,0.013700
0.037179,-47.455169,-316.367378,6.635163,6.697224,89.148405,-194.661494,3.020564,2.581397,0.843008,5.853726,0.039505,0.013774
0.037710,-47.455169,-316.367378,6.635163,6.697224,89.148405,-194.661494,3.020564,2.581397,0.843008,5.853726,0.039505,0.013774
0.038241,-47.458967,-316.268490,6.612890,6.769407,89.148405,-194.661494,3.020564,2.581397,0.843426,5.853726,0.039674,0.013774
0.038772,-47.593145,-316.053632,6.681955,6.746406,89.151595,-194.768592,2.991322,2.647498,0.845241,5.853921,0.039828,0.013700
0.039304,-47.664022,-315.747561,6.693924,6.809920,89.101288,-194.640257,3.033744,2.575156,0.846044,5.853885,0.040020,0.013825
0.039835,-47.958061,-315.809868,6.758925,6.809458,89.148405,-194.661494,3.020564,2.581397,0.847112,5.853726,0.040093,0.013774
0.040366,-47.777969,-315.482464,6.606396,6.611600,89.151595,-194.768592,2.991322,2.647498,0.848254,5.853921,0.039329,0.013700
0.040897,-48.308347,-315.531214,6.930256,6.609673,89.148405,-194.661494,3.020564,2.581397,0.849520,5.853726,0.039892,0.013774
0.041428,-48.362054,-315.291404,6.760862,6.531965,89.148405,-194.661494,3.020564,2.581397,0.850698,5.853726,0.039317,0.013774
0.041959,-48.477472,-315.402732,6.817211,6.577429,89.148405,-194.661494,3.020564,2.581397,0.850657,5.853726,0.039536,0.013774
0.042490,-48.442755,-315.164930,6.739271,6.601484,89.100486,-194.560365,3.006019,2.639336,0.850920,5.853733,0.039512,0.013766
0.043021,-48.725113,-315.205205,6.771004,6.657682,89.148405,-194.661494,3.020564,2.581397,0.852359,5.853726,0.039644,0.013774
0.043553,-48.733230,-315.155055,6.870251,6.638391,89.148405,-194.661494,3.020564,2.581397,0.852595,5.853726,0.039815,0.013774
0.044084,-48.920159,-315.143292,6.593775,6.622127,89.100486,-194.560365,3.006019,2.639336,0.852727,5.853733,0.039176,0.013766
0.044615,-49.003390,-315.031485,6.585852,6.573215,89.100486,-194.560365,3.006019,2.639336,0.853485,5.853733,0.039021,0.013766
0.045146,-49.003390,-315.031485,6.585852,6.573215,89.100486,-194.560365,3.006019,2.639336,0.853485,5.853733,0.039021,0.013766
0.045677,-48.986115,-314.902908,6.572889,6.497429,89.100486,-194.560365,3.006019,2.639336,0.853952,5.853733,0.038798,0.013766
0.046208,-49.213172,-314.637706,6.622327,6.689135,89.100486,-194.560365,3.006019,2.639336,0.855858,5.853733,0.039452,0.013766
0.046739,-49.213172,-314.637706,6.622327,6.689135,89.100486,-194.560365,3.006019,2.639336,0.855858,5.853733,0.039452,0.013766
0.047270,-49.318481,-314.756042,6.667210,6.742620,88.999441,-194.533250,3.046203,2.619177,0.855274,5.854110,0.039698,0.013915
0.047802,-49.514105,-314.761766,6.562133,6.674620,88.999441,-194.533250,3.046203,2.619177,0.855950,5.854110,0.039244,0.013915
0.048333,-49.514105,-314.761766,6.562133,6.674620,88.999441,-194.533250,3.046203,2.619177,0.855950,5.854110,0.039244,0.013915
0.048864,-49.408204,-314.640237,6.517387,6.618348,88.955868,-194.503175,3.056509,2.621638,0.855792,5.854237,0.039036,0.013960
0.049395,-49.308537,-314.659208,6.589791,6.599154,88.903335,-194.440647,3.067600,2.614848,0.854911,5.854338,0.039154,0.014005
0.049926,-49.308537,-314.659208,6.589791,6.599154,88.943137,-194.557223,3.069857,2.585925,0.855534,5.854396,0.039133,0.013985
0.050457,-49.308537,-314.659208,6.589791,6.599154,88.948425,-194.612535,2.974505,2.580086,0.855781,5.854481,0.039039,0.013600
0.050988,-49.308537,-314.659208,6.589791,6.599154,88.987066,-194.588264,3.059819,2.582309,0.855820,5.854269,0.039116,0.013940
0.051520,-49.308537,-314.659208,6.589791,6.599154,88.999441,-194.533250,3.046203,2.619177,0.855637,5.854110,0.039134,0.013915
0.052051,-49.308537,-314.659208,6.589791,6.599154,88.846270,-194.635749,3.029402,2.562177,0.855511,5.854960,0.039093,0.013807
0.052582,-49.308537,-314.659208,6.589791,6.599154,88.846270,-194.635749,3.029402,2.562177,0.855511,5.854960,0.039093,0.013807
0.053113,-49.501505,-314.770525,6.683702,6.632486,88.890093,-194.668444,3.019947,2.557158,0.856035,5.854837,0.039327,0.013763
0.053644,-49.341913,-314.917818,6.594638,6.605221,88.846270,-194.635749,3.029402,2.562177,0.854565,5.854960,0.039080,0.013807
0.054175,-49.299046,-315.230359,6.688552,6.542466,88.846270,-194.635749,3.029402,2.562177,0.853126,5.854960,0.039071,0.013807
0.054706,-49.306851,-315.178873,6.708645,6.661150,88.846270,-194.635749,3.029402,2.562177,0.853365,5.854960,0.039458,0.013807
0.055237,-49.219960,-315.190894,6.658110,6.682646,88.846270,-194.635749,3.029402,2.562177,0.853004,5.854960,0.039422,0.013807
0.055769,-49.010161,-315.447199,6.635091,6.653438,88.846270,-194.635749,3.029402,2.562177,0.851198,5.854960,0.039288,0.013807
0.056300,-48.920323,-315.446042,6.578809,6.677025,88.846270,-194.635749,3.029402,2.562177,0.850880,5.854960,0.039247,0.013807
0.056831,-48.233756,-315.527097,6.625522,6.686929,88.890093,-194.668444,3.019947,2.557158,0.848362,5.854837,0.039461,0.013763
0.057362,-47.972984,-315.941640,6.463345,6.786544,88.833443,-194.606885,3.029597,2.552574,0.845261,5.854959,0.039382,0.013803
0.057893,-47.733704,-316.785307,6.609078,6.615240,88.789252,-194.574144,3.038304,2.556905,0.840657,5.855083,0.039151,0.013844
0.058424,-46.959675,-317.293677,6.570766,6.634615,88.613445,-194.467117,2.825611,2.662141,0.834687,5.855624,0.039087,0.013094
0.058955,-46.590993,-318.079694,6.469894,6.547739,88.225975,-194.910961,2.656800,2.816815,0.830518,5.858132,0.038702,0.012548
0.059486,-45.734883,-319.165105,6.477799,6.529839,88.176790,-194.886473,2.678256,2.810364,0.822691,5.858294,0.038661,0.012628
0.060018,-45.330125,-320.247247,6.634527,6.769498,88.337416,-194.645466,2.643202,2.622026,0.816498,5.857145,0.039279,0.012349
0.060549,-44.473052,-321.551614,6.286165,6.654335,87.863356,-194.685830,2.933602,2.547329,0.806501,5.859244,0.038379,0.013446
0.061080,-43.801799,-323.137858,6.401648,6.614799,87.643243,-195.283861,3.016751,2.554914,0.799246,5.861330,0.038633,0.013756
0.061611,-42.699198,-324.778617,6.252933,6.551345,87.516036,-195.353532,2.999199,2.504560,0.788441,5.862006,0.037990,0.013652
0.062142,-41.833611,-326.916782,6.348853,6.543316,87.306353,-195.248367,3.079210,2.409234,0.775704,5.862700,0.038039,0.013924
0.062673,-40.116088,-328.675679,6.391093,6.593568,86.185640,-195.870759,3.189260,2.387334,0.760305,5.868668,0.038637,0.014362
0.063204,-39.340346,-330.835120,6.556251,6.505499,85.546184,-195.809279,3.047291,2.224443,0.746407,5.871291,0.038432,0.013717
0.063736,-38.259423,-333.037570,6.398949,6.571303,84.487576,-195.917732,2.643350,2.105603,0.730146,5.876041,0.037565,0.012029
0.064267,-36.864974,-335.772464,6.533046,6.802462,83.197092,-196.900234,2.991322,2.647498,0.712881,5.883405,0.039408,0.013763
0.064798,-34.722108,-338.778360,6.448024,6.631763,82.521018,-196.969933,2.620720,2.532611,0.690853,5.886448,0.038135,0.012211
0.065329,-33.336741,-341.539104,6.679627,6.793544,82.346507,-196.983501,2.700481,1.991408,0.674904,5.887227,0.038651,0.012212
0.065860,-31.946965,-344.772848,6.398579,6.821074,79.720374,-198.114590,3.010884,2.507612,0.650765,5.900616,0.038757,0.013795
0.066391,-29.777720,-347.458280,6.504645,6.940147,78.633449,-198.078938,2.949963,2.312532,0.627796,5.905285,0.039022,0.013474
0.066922,-27.749464,-350.996735,6.540256,6.805682,76.877333,-198.805296,3.112558,2.404270,0.602266,5.914200,0.039175,0.014214
0.067453,-25.292879,-354.158205,6.562930,6.682719,74.549810,-199.517521,2.593739,2.193898,0.573306,5.925598,0.038301,0.011964
0.067985,-23.222949,-357.244579,6.573374,6.730002,73.176762,-199.487374,3.247944,2.253662,0.548515,5.931602,0.039317,0.014808
0.068516,-20.621261,-360.486169,6.715286,6.864738,71.292683,-199.788082,2.818325,1.910563,0.519552,5.940429,0.039132,0.012874
0.069047,-17.443459,-364.088550,6.573071,6.805993,68.523618,-201.342858,2.740850,2.386807,0.485975,5.955148,0.038801,0.012724
0.069578,-14.788601,-367.121905,6.593390,6.794048,66.518084,-201.761661,2.754691,2.214176,0.456981,5.964721,0.038779,0.012740
0.070109,-11.638682,-370.609692,6.611390,6.849745,64.103447,-201.594562,3.027689,1.862226,0.421305,5.975314,0.039107,0.013898
0.070640,-8.339061,-373.936334,6.353019,7.114382,61.222438,-202.385470,2.826654,1.906521,0.385227,5.989433,0.037885,0.013059
0.071171,-4.817962,-376.636796,6.461242,6.848297,58.564066,-203.937344,2.754691,2.214176,0.351745,6.003543,0.038294,0.012807
0.071702,-1.330742,-379.358506,6.665602,6.750210,55.179532,-204.387448,2.958577,2.193246,0.312394,6.019497,0.039563,0.013760
0.072234,2.322714,-382.136251,6.306016,6.866018,52.351823,-205.170527,3.111209,1.996250,0.275515,6.033354,0.038285,0.014427
0.072765,6.331068,-384.954916,6.387490,6.819350,49.033996,-205.864394,2.646177,1.958829,0.234073,6.049356,0.037607,0.012352
0.073296,10.397211,-387.361582,6.347198,7.163794,45.575267,-207.353465,3.081615,2.495457,0.192993,6.066830,0.038579,0.014400
0.073827,14.519151,-388.922482,6.373425,6.921306,41.998912,-207.172273,3.193573,1.829917,0.150059,6.083171,0.038786,0.014906
0.074358,18.885440,-390.154648,6.241429,6.882293,38.158778,-208.565068,3.612424,2.287170,0.105741,6.102228,0.039494,0.016871
0.074889,23.388696,-391.326323,6.363526,6.842772,33.828442,-208.810787,3.202012,2.124318,0.057137,6.122575,0.038968,0.015028
0.075420,28.021096,-391.931794,6.514529,6.785851,30.688754,-209.571502,3.657818,1.972124,0.014627,6.137783,0.040965,0.017141
0.075951,32.610169,-392.247067,6.125375,6.866854,27.020932,-210.640626,3.571703,2.294414,-0.030767,6.155602,0.039026,0.016738
0.076483,37.048688,-392.378603,6.156479,7.121273,23.107655,-210.615030,3.619875,1.988650,-0.076549,6.173907,0.039185,0.017014
0.077014,41.530370,-391.416009,6.560418,6.700311,18.404036,-212.105245,3.138027,2.939846,-0.128265,6.196634,0.040228,0.014733
0.077545,46.123849,-390.498227,6.346963,6.714076,14.793281,-211.222534,3.119411,2.206626,-0.173015,6.213263,0.038858,0.014714
0.078076,50.187474,-389.557755,6.416682,7.081064,11.997667,-211.664474,3.107240,2.297264,-0.211469,6.226563,0.039262,0.014646
0.078607,54.063508,-387.069876,6.566417,6.787561,7.203775,-211.377200,2.685223,2.193008,-0.260647,6.249118,0.039029,0.012694
0.079138,58.136852,-384.885270,6.428976,6.853367,3.476423,-211.473590,2.691912,2.211082,-0.305348,6.266748,0.038450,0.012727
0.079669,62.522548,-381.994512,6.329866,6.840554,-0.235952,-211.687773,3.104751,2.046127,-0.353062,6.284300,0.038904,0.014667
0.080201,65.640415,-379.350549,6.455857,6.750929,-3.759016,-211.890166,3.030090,2.038856,-0.392878,6.300924,0.039278,0.014297
0.080732,69.200147,-375.788131,6.304388,6.680976,-7.493062,-212.131793,3.001382,2.224329,-0.438233,6.318493,0.038692,0.014136
0.081263,72.257588,-372.841491,6.684154,6.584153,-10.844454,-211.930820,3.460791,2.317594,-0.476719,6.334310,0.040945,0.016297
0.081794,74.980819,-369.438180,6.506066,6.725693,-14.232848,-211.880705,3.207261,2.263341,-0.515218,6.350258,0.039852,0.015086
0.082325,77.492318,-365.578574,6.446013,6.671651,-17.922027,-211.933264,3.059228,2.105119,-0.555721,6.367549,0.039238,0.014357
0.082856,80.410092,-361.985477,6.628099,6.347352,-20.173127,-211.430082,3.041532,2.287426,-0.588981,6.378310,0.039371,0.014292
0.083387,82.162176,-358.516432,6.503190,6.565017,-23.583070,-211.255131,3.029842,2.136334,-0.622757,6.394358,0.039072,0.014209
0.083918,84.098657,-354.535542,6.684139,6.313889,-26.003478,-210.881374,3.148232,2.379759,-0.653939,6.405875,0.039548,0.014769
0.084450,85.929426,-350.802487,6.695184,6.265622,-29.093476,-210.713694,3.401716,2.099056,-0.687458,6.420389,0.039503,0.015899
0.084981,87.905319,-347.128983,6.620455,6.418868,-31.518742,-210.429683,3.687941,2.296975,-0.718051,6.431863,0.039989,0.017216
0.085512,89.186020,-343.691978,6.713388,6.573621,-34.492999,-210.124735,3.103298,2.200855,-0.746978,6.445889,0.039474,0.014478
0.086043,90.303190,-340.534678,6.705972,6.245836,-36.416498,-209.400445,3.168741,2.608609,-0.768280,6.455372,0.038997,0.014838
0.086574,91.710620,-336.922114,6.753253,6.272252,-38.495335,-208.605095,3.182146,2.462684,-0.792705,6.465669,0.038871,0.014902
0.087105,92.104853,-333.635868,6.941091,6.339103,-40.604645,-208.888214,3.225001,2.314150,-0.816313,6.475176,0.039461,0.015021
0.087636,93.124658,-330.714067,6.836522,6.194377,-42.672848,-208.626678,3.177976,2.246640,-0.838512,6.484944,0.038496,0.014773
0.088167,93.819673,-328.098128,6.758877,6.252458,-44.204186,-208.414424,3.209010,2.301565,-0.856445,6.492186,0.038459,0.014904
0.088699,94.825198,-325.311496,6.875749,6.377405,-46.217579,-208.008594,3.233470,2.238054,-0.877033,6.501824,0.038779,0.014988
0.089230,94.921525,-322.660734,6.787920,6.363758,-47.063008,-207.428399,3.500910,2.645507,-0.889032,6.506296,0.039359,0.016286
0.089761,95.279252,-320.370462,6.795777,6.307129,-48.947970,-207.531892,3.423747,2.230562,-0.906900,6.514810,0.038516,0.015812
0.090292,95.184335,-318.254043,6.814699,6.228212,-50.874021,-206.980070,3.531671,2.120210,-0.919757,6.524199,0.038133,0.016265
0.090823,95.593307,-316.240841,7.081946,6.140363,-51.555191,-207.082861,3.710549,2.233204,-0.932550,6.527184,0.038682,0.017061
0.091354,95.775811,-314.266011,6.953637,6.191225,-52.852541,-206.669993,3.774364,2.387793,-0.944192,6.533553,0.038698,0.017365
0.091885,96.184927,-312.726677,6.737548,6.177110,-54.300089,-206.532817,3.276921,2.141350,-0.956270,6.540280,0.037299,0.015058
0.092416,95.933882,-311.767132,6.981162,6.118276,-55.382997,-206.062574,3.591987,2.016606,-0.961035,6.545748,0.037576,0.016441
0.092948,95.818079,-310.086761,7.045676,6.143770,-55.371749,-206.330026,3.388241,3.055966,-0.969346,6.545373,0.039166,0.015761
0.093479,96.158472,-309.517591,7.063455,6.339594,-57.294403,-204.995973,3.461799,2.121280,-0.972846,6.555721,0.038137,0.015892
0.094010,95.242928,-308.259585,7.061842,6.061721,-57.807884,-205.185544,3.713124,2.381193,-0.978103,6.557802,0.037952,0.017037
0.094541,94.744135,-307.908631,6.880110,6.278216,-58.350380,-205.136908,3.243579,2.219637,-0.979596,6.560312,0.037785,0.014903
0.095072,94.621485,-307.717195,6.875231,6.188257,-59.278889,-205.039684,3.535174,2.158019,-0.982446,6.564621,0.037499,0.016157
0.095603,94.500839,-307.614920,6.877841,6.216827,-59.332617,-205.133674,3.730088,2.249161,-0.983129,6.564740,0.037905,0.017033
0.096134,94.195665,-307.192843,6.820383,6.219280,-59.369417,-206.603032,3.395287,3.232569,-0.990893,6.563006,0.039208,0.015738
0.096666,93.861274,-307.435392,6.905058,6.278201,-59.628211,-205.300071,3.704746,2.256295,-0.983656,6.565852,0.038235,0.016900
0.097197,92.609464,-307.757846,6.804440,6.198948,-60.048134,-205.146537,3.434592,2.213299,-0.978996,6.567939,0.037635,0.015693
0.097728,92.377136,-308.548683,6.949321,6.286578,-59.616828,-205.338865,3.687577,2.277714,-0.974277,6.565751,0.038538,0.016827
0.098259,91.096079,-309.333946,6.808401,6.279976,-59.819238,-205.328249,3.501818,2.303974,-0.967379,6.566673,0.038275,0.016007
0.098790,90.414592,-310.384518,6.837464,6.027119,-59.556453,-206.998652,3.174545,3.482757,-0.967239,6.563333,0.039264,0.014852
0.099321,89.345758,-311.734948,6.691342,6.089970,-59.865146,-206.764877,3.039407,3.449651,-0.957724,6.565011,0.039011,0.014276
0.099852,88.795189,-313.415448,6.774604,6.327125,-59.372921,-206.980687,3.295199,3.439115,-0.947869,6.562537,0.040103,0.015355
0.100383,87.597435,-315.006392,6.938485,6.348204,-59.554545,-205.298449,3.714274,2.256505,-0.930155,6.565524,0.039023,0.016945
0.100915,86.573313,-316.883907,6.859556,6.047071,-59.228828,-205.294199,3.503608,2.243856,-0.917543,6.564065,0.037793,0.016022
0.101446,85.163963,-318.509129,6.839511,6.125952,-58.895256,-205.115465,3.368008,2.450704,-0.903951,6.562795,0.038226,0.015497
0.101977,84.518642,-321.065825,6.723821,6.112427,-57.554091,-205.618665,3.534195,2.584492,-0.888424,6.556108,0.038422,0.016270
0.102508,83.076406,-323.577919,6.882873,6.045287,-57.234851,-205.629431,3.681456,2.457374,-0.871773,6.554654,0.038645,0.016900
0.103039,81.450461,-326.399787,6.826804,6.353439,-55.955592,-205.997984,3.236509,2.583806,-0.851260,6.548417,0.039243,0.014972
0.103570,79.931728,-329.204641,6.590722,6.185967,-54.852787,-206.521523,3.606476,2.332985,-0.832365,6.542795,0.038594,0.016551
0.104101,78.852374,-332.658687,6.658637,6.209699,-54.235875,-206.610331,3.369065,2.359052,-0.812558,6.539897,0.038418,0.015511
0.104632,76.514079,-335.241965,6.506042,6.167060,-53.002963,-206.581101,3.706313,2.469132,-0.788714,6.534340,0.038755,0.017077
0.105164,74.835682,-338.514447,6.590495,6.036491,-51.410451,-207.281098,3.666521,2.353292,-0.766031,6.526302,0.038720,0.016873
0.105695,72.401016,-342.040518,6.631620,6.252902,-49.822856,-207.227816,3.416290,2.371579,-0.736460,6.519133,0.039137,0.015800
0.106226,71.225604,-345.620655,6.498729,6.525398,-47.068841,-208.659007,3.476992,3.520037,-0.712397,6.505050,0.040830,0.016265
0.106757,68.787597,-349.348392,6.303529,6.662163,-46.542641,-207.722832,3.632092,2.612828,-0.683419,6.503606,0.039574,0.016864
0.107288,66.213589,-352.993532,6.511577,6.546873,-44.246303,-207.510974,3.612215,2.759673,-0.649405,6.493263,0.040091,0.016870
0.107819,63.217388,-356.581742,6.318592,6.744344,-42.535141,-208.419361,3.645384,2.417452,-0.619902,6.484505,0.039834,0.016944
0.108350,60.729766,-360.802158,6.619375,6.812733,-39.810875,-208.964388,3.594819,3.043839,-0.584875,6.471444,0.041245,0.016815
0.108881,57.230198,-364.140515,6.522812,6.741747,-38.422278,-208.937276,3.612056,2.800755,-0.552322,6.465047,0.040664,0.016891
0.109413,54.150199,-367.942466,6.489571,6.597559,-35.152034,-209.628141,3.627575,2.762398,-0.513590,6.449327,0.040533,0.016968
0.109944,50.542303,-371.338551,6.518217,6.845424,-32.487770,-211.232238,3.630094,3.266842,-0.478411,6.435791,0.041514,0.016948
0.110475,47.102548,-375.128446,6.484346,6.982115,-30.024414,-210.356354,3.205795,2.611008,-0.437789,6.424959,0.039981,0.015036
0.111006,43.344145,-378.810545,6.395732,7.036278,-26.723515,-210.999438,3.383726,3.021612,-0.395534,6.409167,0.040142,0.015884
0.111537,39.219322,-381.722829,6.431795,6.796902,-24.594524,-210.965407,3.495174,2.690133,-0.357640,6.399242,0.040149,0.016411
0.112068,34.979634,-384.846863,6.407369,7.082895,-21.363185,-210.866529,3.343950,2.684808,-0.313188,6.384152,0.039705,0.015749
0.112599,30.162162,-387.182188,6.543899,6.906166,-17.654101,-211.168503,3.248457,2.356553,-0.265260,6.366593,0.040052,0.015305
0.113131,25.664247,-389.725467,6.443322,6.850678,-13.662008,-211.323803,3.260449,2.766888,-0.216967,6.347745,0.039572,0.015388
0.113662,20.972609,-391.212953,6.298099,6.953188,-10.485142,-212.051005,3.518454,2.648387,-0.173811,6.332591,0.039698,0.016563
0.114193,15.753069,-392.783672,6.428065,7.022923,-6.760573,-211.810049,3.506227,2.613691,-0.123767,6.315093,0.040165,0.016541
0.114724,10.729568,-393.960822,6.232129,7.003668,-3.977224,-211.679347,3.715879,2.612130,-0.080507,6.301972,0.039685,0.017550
0.115255,5.375048,-394.139567,6.565163,6.963719,0.744878,-211.849176,3.284143,2.905544,-0.025395,6.279669,0.040257,0.015502
0.115786,0.526355,-394.313007,6.273016,6.941186,4.424371,-212.284080,3.271779,2.861536,0.021411,6.262347,0.038860,0.015408
0.116317,-4.923779,-393.771067,6.425162,6.934349,8.254744,-212.143716,3.174812,2.669635,0.072431,6.244294,0.039363,0.014951
0.116848,-9.701438,-393.139217,6.301709,6.794930,11.784452,-211.876450,3.503927,2.694434,0.117984,6.227623,0.039509,0.016502
0.117380,-15.131736,-391.847190,6.288739,6.892258,15.772275,-211.557911,3.739287,2.864862,0.169764,6.208770,0.040022,0.017606
0.117911,-19.496688,-390.090190,6.376411,6.942356,19.625876,-210.775204,3.641514,2.593270,0.214812,6.190340,0.040026,0.017166
0.118442,-24.179327,-388.104249,6.376182,6.930481,22.110191,-210.996679,3.780018,2.818591,0.255645,6.178777,0.040517,0.017774
0.118973,-28.326188,-385.722350,6.392844,6.841662,25.238756,-210.679881,3.317362,2.491783,0.296962,6.163957,0.039382,0.015586
0.119504,-32.909641,-382.709260,6.379873,6.678067,29.253950,-209.947140,3.692217,2.590186,0.345398,6.144737,0.040019,0.017334
0.120035,-36.860422,-380.211560,6.471986,6.800192,31.388133,-209.440859,3.843345,2.668428,0.380205,6.134426,0.040766,0.018044
0.120566,-40.910790,-376.846745,6.488344,6.787177,34.549879,-209.226915,3.278016,2.760460,0.423011,6.119531,0.039599,0.015398
0.121097,-44.459169,-373.382067,6.468864,6.733516,37.183271,-209.767375,3.606140,3.216942,0.462841,6.107748,0.040565,0.016875
0.121629,-47.615392,-369.909096,6.501143,6.714692,39.525563,-209.212022,3.596140,2.901813,0.496888,6.096460,0.040500,0.016788
0.122160,-51.149807,-366.214498,6.497748,6.504528,42.010070,-207.686237,3.295181,2.318642,0.531293,6.083602,0.039102,0.015396
0.122691,-53.675668,-362.621174,6.520298,6.561254,45.221713,-207.038017,3.576793,2.523497,0.566225,6.068140,0.039717,0.016684
0.123222,-56.554748,-358.806239,6.253965,6.551758,47.565744,-207.178439,3.611993,2.703059,0.601734,6.057508,0.039031,0.016804
0.123753,-59.662325,-355.875402,6.479415,6.746777,49.863921,-206.427275,3.149667,2.304421,0.632448,6.046169,0.038742,0.014640
0.124284,-61.699753,-351.630502,6.496166,6.625685,51.761732,-206.166150,3.108184,2.277681,0.662423,6.037202,0.038639,0.014420
0.124815,-63.880781,-348.113702,6.422328,6.792911,53.324945,-205.621391,3.549188,2.370316,0.688335,6.029440,0.039459,0.016414
0.125346,-65.707491,-344.798151,6.491026,6.732010,54.203693,-205.774185,3.813358,2.755167,0.711719,6.025623,0.040420,0.017640
0.125878,-67.446766,-341.564131,6.324087,6.507736,56.682128,-204.659473,3.534446,2.375360,0.736494,6.012999,0.038439,0.016315
0.126409,-69.134435,-338.038966,6.528147,6.677383,57.107265,-205.296469,3.676364,2.933337,0.760302,6.011875,0.040387,0.017026
0.126940,-70.508887,-335.060574,6.595504,6.485334,58.741826,-205.051362,3.807870,2.635631,0.782473,6.004184,0.039909,0.017496
0.127471,-71.907218,-331.816258,6.315648,6.644213,60.463302,-204.291538,3.700101,2.477028,0.804041,5.995434,0.039182,0.016977
0.128002,-73.067670,-329.297763,6.550675,6.506765,60.965536,-203.744398,3.555100,2.540557,0.818053,5.992439,0.039246,0.016377
0.128533,-74.268650,-326.483224,6.465282,6.568665,63.516949,-202.887696,2.980577,2.224700,0.839634,5.979786,0.037915,0.013740
0.129064,-75.170016,-323.946684,6.474193,6.517681,63.379628,-203.403028,3.745274,2.605619,0.854783,5.981124,0.039320,0.017173
0.129596,-75.538820,-321.664893,6.454750,6.517191,64.727095,-202.558336,3.510757,2.334926,0.866797,5.973893,0.038606,0.016077
0.130127,-76.437678,-319.803092,6.373063,6.537738,65.978156,-202.345952,3.175533,2.476532,0.881146,5.967989,0.038156,0.014637
0.130658,-77.479279,-317.771457,6.454657,6.494102,65.876897,-202.386748,3.731969,2.427428,0.893086,5.968501,0.038816,0.017043
0.131189,-78.080087,-316.159665,6.572504,6.301683,66.280393,-202.748753,3.796301,2.691064,0.904892,5.967228,0.038908,0.017365
0.131720,-78.370901,-314.789629,6.265291,6.524116,66.826385,-202.703318,3.592237,2.665198,0.913389,5.964730,0.038779,0.016456
0.132251,-78.962848,-313.735725,6.553250,6.577684,68.231745,-201.539554,3.171645,2.203502,0.919514,5.956745,0.038173,0.014504
0.132782,-79.222170,-312.217994,6.523042,6.504213,67.182867,-201.969800,3.635072,2.480841,0.925355,5.962061,0.039005,0.016617
0.133313,-79.370196,-311.755995,6.464212,6.565343,68.246904,-201.837208,3.848756,2.714811,0.930747,5.957125,0.039428,0.017592
0.133845,-79.527442,-311.358689,6.577725,6.737531,68.325084,-201.670555,3.748480,2.722599,0.932515,5.956527,0.040067,0.017171
0.134376,-79.842008,-310.975560,6.670935,6.606216,68.211585,-202.077641,3.778705,2.985919,0.936620,5.957643,0.040257,0.017373
0.134907,-79.715388,-310.872245,6.596315,6.574751,68.266328,-202.286784,3.753833,2.881287,0.937760,5.957714,0.039908,0.017209
0.135438,-79.763922,-310.793111,6.598609,6.536290,68.462422,-202.316185,3.725506,2.885178,0.939024,5.956888,0.039736,0.017080
0.135969,-79.778595,-311.043738,6.647884,6.661128,68.356166,-202.334056,3.780782,2.839298,0.937707,5.957386,0.040197,0.017303
0.136500,-79.499282,-311.398348,6.560292,6.643714,68.356166,-202.334056,3.780782,2.839298,0.935252,5.957386,0.040000,0.017303
0.137031,-79.301808,-311.954537,6.459520,6.554410,68.299958,-202.403173,3.769411,2.807339,0.932300,5.957739,0.039475,0.017239
0.137562,-78.751866,-313.312570,6.466216,6.498993,68.252158,-202.522368,3.760878,2.783944,0.924961,5.958129,0.039230,0.017187
0.138094,-78.609376,-314.327864,6.431582,6.630715,67.674264,-202.154052,3.939508,2.481283,0.916614,5.960146,0.039353,0.017909
0.138625,-78.170848,-315.790254,6.244429,6.690092,66.704432,-202.705195,3.719509,2.673014,0.908017,5.965276,0.039332,0.017013
0.139156,-77.527868,-317.404017,6.398279,6.579695,66.549038,-203.058658,3.821970,2.759122,0.899945,5.966483,0.039466,0.017466
0.139687,-76.742858,-319.121247,6.495775,6.575821,65.803765,-202.415905,3.292277,2.531106,0.884746,5.968870,0.038767,0.015163
0.140218,-76.146249,-321.391906,6.576776,6.617057,65.259551,-203.130082,3.667703,2.789795,0.874293,5.972331,0.039746,0.016848
0.140749,-75.381233,-323.352653,6.524502,6.679313,65.185929,-202.576014,3.610706,2.522828,0.860980,5.971864,0.039262,0.016555
0.141280,-74.597637,-325.509113,6.426941,6.440163,63.109412,-203.544198,3.638323,2.956933,0.845947,5.982532,0.039246,0.016817
0.141811,-73.313815,-327.892484,6.533673,6.536066,62.742922,-203.191805,3.448696,2.603709,0.828921,5.983687,0.039005,0.015911
0.142343,-72.056069,-330.695785,6.250381,6.612777,60.789363,-204.059206,3.619429,2.825588,0.809321,5.993656,0.039264,0.016726
0.142874,-70.864792,-333.729947,6.549904,6.637023,60.624299,-203.728864,3.591630,2.296076,0.791089,5.993956,0.039195,0.016486
0.143405,-69.510101,-336.582009,6.251024,6.588601,59.666851,-203.762165,3.145191,2.031684,0.771495,5.998323,0.037500,0.014469
0.143936,-67.767249,-339.735270,6.287320,6.725916,57.037610,-205.092316,3.731151,2.731004,0.747497,6.011933,0.039693,0.017233
0.144467,-66.088148,-342.945522,6.378909,6.489774,56.170595,-205.095413,3.331677,2.658271,0.725528,6.015865,0.038622,0.015468
0.144998,-64.034874,-346.440802,6.319699,6.633220,54.846751,-205.942225,3.911503,3.091571,0.702250,6.022906,0.040126,0.018124
0.145529,-62.057960,-350.107948,6.336279,6.647960,53.576709,-205.401627,3.126905,2.287518,0.674191,6.028032,0.038071,0.014511
0.146061,-59.934578,-353.694017,6.461788,6.837684,51.811809,-205.946507,3.165595,2.278819,0.647542,6.036721,0.038866,0.014691
0.146592,-57.645963,-357.611035,6.404520,6.761465,49.045509,-206.310821,3.664188,2.209437,0.614183,6.049791,0.039385,0.016982
0.147123,-55.020357,-360.562360,6.543930,6.533975,47.270044,-206.438598,3.626609,2.274343,0.585939,6.058087,0.039540,0.016864
0.147654,-51.868412,-364.166097,6.406627,6.587244,45.206333,-207.176217,3.462952,2.565886,0.553803,6.068350,0.039139,0.016163
0.148185,-49.080383,-367.671660,6.445372,6.727582,42.041603,-208.357378,3.319659,2.665160,0.519549,6.084082,0.039484,0.015509
0.148716,-45.484935,-371.581980,6.366763,6.610852,40.342474,-208.187102,3.155557,2.536895,0.483663,6.091778,0.038471,0.014785
0.149247,-42.238772,-375.028244,6.302703,6.699536,36.620144,-209.493849,3.821531,3.008887,0.444582,6.110131,0.040172,0.017868
0.149778,-38.646778,-378.171387,6.469930,6.810280,34.545772,-208.480280,3.203219,2.336962,0.407218,6.118975,0.039049,0.015063
0.150310,-34.584703,-381.425382,6.431056,6.725117,31.842670,-209.304122,3.573110,2.417321,0.368322,6.132207,0.039730,0.016773
0.150841,-30.361006,-384.086924,6.421047,6.741236,28.396769,-209.684810,3.167432,2.325334,0.324966,6.148578,0.038889,0.014907
0.151372,-26.221427,-386.681527,6.302720,7.054332,25.289194,-211.034857,3.688149,2.875497,0.285264,6.163920,0.040034,0.017304
0.151903,-21.737379,-389.024663,6.241407,6.806459,21.822078,-211.342237,3.618773,2.782215,0.240412,6.180295,0.039480,0.016995
0.152434,-17.485963,-390.687814,6.179913,6.987318,18.360300,-211.913741,3.784101,3.215611,0.197887,6.196761,0.039840,0.017772
0.152965,-12.263970,-392.318435,6.451655,7.017383,15.615400,-211.562952,3.548404,2.920459,0.153032,6.209509,0.040290,0.016712
0.153496,-7.624044,-393.768966,6.176089,7.001651,11.965194,-212.480023,3.573046,3.295507,0.107638,6.226933,0.039170,0.016785
0.154027,-2.470863,-393.998710,6.551171,6.908150,8.386408,-212.100882,3.295069,2.869315,0.059618,6.243666,0.040246,0.015520
0.154559,2.493135,-394.291327,6.246494,7.123357,4.240809,-212.511144,3.180412,3.042970,0.009614,6.263232,0.038559,0.014963
0.155090,7.318011,-394.367059,6.138989,6.899970,-0.139807,-212.722574,3.508412,2.935801,-0.041034,6.283843,0.038898,0.016493
0.155621,12.701197,-393.763935,6.210832,7.012867,-3.459668,-212.302441,3.187348,2.727864,-0.088825,6.299480,0.038343,0.015011
0.156152,17.626172,-392.414844,6.299364,6.927520,-6.008277,-211.986936,3.689915,2.823054,-0.130250,6.311520,0.040136,0.017396
0.156683,22.711787,-390.819171,6.195468,6.993156,-9.378061,-211.772635,3.240011,2.807889,-0.177343,6.327440,0.038533,0.015281
0.157214,27.319620,-389.166125,6.429013,7.039915,-13.629959,-212.375847,3.253432,2.788891,-0.227614,6.347276,0.039811,0.015279
0.157745,31.966314,-386.889423,6.366086,6.814247,-16.883837,-212.723962,3.460093,3.171789,-0.273455,6.362389,0.040167,0.016207
0.158276,36.283958,-384.420294,6.384410,7.052170,-20.251664,-211.351436,3.635782,2.651731,-0.315738,6.378714,0.040454,0.017088
0.158808,40.722082,-381.357233,6.330981,6.974081,-22.940096,-211.028151,3.361189,2.472964,-0.357683,6.391466,0.039578,0.015792
0.159339,44.442054,-378.468924,6.361267,6.845737,-25.342997,-210.342208,3.243887,2.733107,-0.393433,6.403092,0.039415,0.015279
0.159870,48.495494,-374.954637,6.332772,6.866265,-28.673665,-210.136960,3.544258,2.442165,-0.437893,6.418800,0.039907,0.016631
0.160401,51.890092,-372.000736,6.606731,6.589831,-31.095035,-210.643705,3.220619,2.845143,-0.475018,6.429746,0.040311,0.015090
0.160932,55.547585,-368.182324,6.361610,6.856192,-34.191115,-210.003279,3.492862,2.469964,-0.516046,6.444581,0.039947,0.016310
0.161463,58.664758,-364.626729,6.638773,6.751660,-36.709910,-209.398449,3.579784,2.820191,-0.550952,6.456733,0.041064,0.016743
0.161994,61.488000,-361.004152,6.486831,6.465811,-38.554265,-209.436831,3.629332,2.968389,-0.583409,6.465233,0.040405,0.016950
0.162526,64.402072,-357.519062,6.533279,6.492641,-40.451262,-209.596334,3.623245,3.172906,-0.616633,6.473837,0.040757,0.016902
0.163057,66.755387,-354.049394,6.605091,6.421289,-42.447328,-209.214047,3.607839,3.055902,-0.646042,6.483358,0.040678,0.016806
0.163588,69.138307,-350.251109,6.517097,6.480638,-44.499526,-207.149164,3.456855,3.130724,-0.671135,6.494788,0.039993,0.016251
0.164119,71.640934,-346.856415,6.572048,6.507964,-45.549594,-207.768940,3.282972,2.584172,-0.700163,6.499003,0.039618,0.015299
0.164650,73.636145,-343.418306,6.641896,6.400020,-47.002507,-206.913944,3.202972,3.048336,-0.723776,6.506554,0.039799,0.015060
0.165181,75.637837,-340.474529,6.728708,6.421259,-48.811803,-207.458629,3.634782,3.126867,-0.752139,6.514267,0.040712,0.016938
0.165712,77.618261,-337.149465,6.624441,6.426043,-49.972886,-207.866691,3.194137,3.522769,-0.778813,6.519116,0.040417,0.015029
0.166243,79.359206,-334.555678,6.615250,6.540441,-51.681414,-206.818757,3.740697,2.616197,-0.798164,6.528058,0.040001,0.017282
0.166775,81.109144,-331.153236,6.668838,6.054657,-52.351467,-207.578227,3.562882,3.088074,-0.823839,6.530235,0.039363,0.016519
0.167306,82.491043,-329.058033,6.552071,6.400762,-53.219614,-207.395875,3.679392,3.187791,-0.839928,6.534374,0.040135,0.017051
0.167837,83.521452,-326.396381,6.801400,6.205692,-54.068985,-206.290223,3.090445,3.810662,-0.853143,6.539521,0.040322,0.014732
0.168368,85.128763,-324.407135,6.759678,6.077210,-55.070837,-206.414018,3.501702,4.012474,-0.871194,6.543910,0.040499,0.016561
0.168899,86.421663,-321.761177,6.760421,6.023175,-54.928729,-206.582561,3.545006,3.432178,-0.887069,6.543065,0.039599,0.016550
0.169430,87.137890,-320.279322,6.893054,5.998866,-55.995459,-206.710840,3.109855,3.893149,-0.900065,6.547724,0.040023,0.014800
0.169961,88.389387,-318.482043,6.915109,6.147277,-56.021355,-207.039863,3.176077,3.705683,-0.913549,6.547440,0.040249,0.014989
0.170492,89.193372,-316.832705,6.913127,6.278501,-56.168526,-207.638487,3.125006,3.385435,-0.926535,6.547373,0.040152,0.014614
0.171024,90.505678,-315.547654,6.687698,6.172134,-56.551681,-205.818278,3.655525,3.036546,-0.929753,6.551333,0.038985,0.016939
0.171555,90.922829,-314.538554,6.977561,6.349334,-56.375373,-206.635223,3.529887,3.296619,-0.938557,6.549529,0.040491,0.016407
0.172086,91.404083,-313.775961,6.818420,6.219214,-56.619194,-205.981343,3.522068,2.860982,-0.941376,6.551436,0.039013,0.016289
0.172617,92.605040,-312.995917,6.964164,6.302233,-56.735488,-205.512776,3.650591,3.220153,-0.946959,6.552544,0.039972,0.016988
0.173148,92.886953,-312.606384,7.012356,6.339768,-56.785191,-205.502868,3.684489,3.212249,-0.949685,6.552781,0.040169,0.017134
0.173679,92.829245,-312.003184,6.846903,6.218574,-56.785191,-205.502868,3.684489,3.212249,-0.952174,6.552781,0.039584,0.017134
0.174210,93.886846,-312.068746,7.075010,6.120441,-56.526123,-206.416485,3.533888,3.658815,-0.958452,6.550477,0.040241,0.016554
0.174741,94.394841,-312.136137,6.970830,6.222043,-55.064885,-206.228426,3.505098,3.214729,-0.954319,6.544107,0.039744,0.016334
0.175273,94.711837,-312.313326,7.050024,6.278722,-54.789188,-206.391964,3.508831,3.045202,-0.954389,6.542663,0.039789,0.016298
0.175804,95.137653,-313.237471,7.026939,6.411163,-54.374585,-206.836122,3.462468,3.183792,-0.952290,6.540256,0.040283,0.016109
0.176335,95.382389,-313.867436,6.798806,6.247768,-53.563319,-205.692741,3.329142,2.886331,-0.942657,6.537932,0.038718,0.015539
0.176866,95.690663,-314.736039,6.833471,6.392311,-52.832857,-206.415311,3.394117,3.743232,-0.940664,6.533760,0.040721,0.016035
0.177397,96.003645,-315.650953,7.116825,6.032848,-52.252846,-205.273450,3.241488,3.227121,-0.930822,6.532444,0.038986,0.015299
0.177928,95.682752,-316.889791,7.069763,6.181175,-51.092779,-206.571129,3.737062,2.291079,-0.926263,6.525656,0.038838,0.017243
0.178459,95.620191,-318.802943,7.035102,6.319400,-50.155018,-206.661945,3.172477,2.085800,-0.915074,6.521273,0.038433,0.014681
0.178991,95.766338,-320.721170,7.004300,6.308348,-48.916633,-207.878851,3.771859,2.732357,-0.908415,6.514294,0.039797,0.017441
0.179522,95.485383,-322.654186,6.871145,6.275700,-47.798105,-207.634433,3.296397,2.607641,-0.894385,6.509447,0.038808,0.015325
0.180053,95.498347,-324.752688,6.811289,6.347528,-46.212325,-207.312128,3.314683,2.932990,-0.878778,6.502511,0.039312,0.015525
0.180584,94.946499,-326.664510,6.754998,5.985628,-44.493432,-208.205426,3.716803,2.598815,-0.866572,6.493718,0.038512,0.017262
0.181115,94.612950,-329.674956,6.597106,6.320180,-43.199444,-207.461185,3.393170,3.136991,-0.845315,6.488481,0.039185,0.015964
0.181646,93.622479,-332.194623,6.861971,6.300429,-41.916014,-207.491263,3.287826,3.064143,-0.827009,6.482516,0.039574,0.015492
0.182177,93.489305,-334.872400,6.718569,6.429585,-39.704289,-208.787109,3.587078,2.608517,-0.812807,6.471108,0.039621,0.016739
0.182708,92.184889,-338.051693,6.775285,6.172536,-38.020915,-209.456560,3.315735,2.904904,-0.791622,6.462752,0.039273,0.015518
0.183240,91.757946,-341.093294,6.682243,6.379298,-36.202527,-208.397411,3.230320,3.402901,-0.767233,6.455187,0.039764,0.015297
0.183771,90.010059,-343.838162,6.822121,6.429609,-33.815117,-209.311839,3.281612,2.920151,-0.744001,6.443355,0.040152,0.015436
0.184302,88.886711,-347.489754,6.930631,6.339638,-32.013615,-209.301418,3.199050,2.908124,-0.718771,6.434964,0.040058,0.015079
0.184833,87.728382,-350.428041,6.669048,6.310149,-29.162361,-210.192168,3.573440,2.415965,-0.694854,6.421047,0.039686,0.016753
0.185364,86.021362,-353.965197,6.621768,6.324799,-26.711641,-210.303592,3.536428,2.570437,-0.665349,6.409523,0.039731,0.016619
0.185895,83.667343,-357.315938,6.732663,6.499826,-24.220053,-211.694796,3.572967,3.379495,-0.637637,6.397100,0.041485,0.016757
0.186426,82.078748,-360.902754,6.589643,6.473150,-22.072066,-210.806494,3.533562,2.899185,-0.606616,6.387508,0.040256,0.016641
0.186957,79.988224,-364.401556,6.356739,6.482004,-19.085564,-210.778926,3.486926,3.023201,-0.572793,6.373487,0.039506,0.016459
0.187489,77.148788,-367.755017,6.412642,6.548153,-15.989709,-211.647713,3.646851,3.246220,-0.537939,6.358591,0.040484,0.017172
0.188020,75.042958,-371.322093,6.514944,6.526342,-12.175472,-212.407428,3.464105,3.279105,-0.501951,6.340444,0.040609,0.016279
0.188551,71.899362,-374.148179,6.255176,6.829674,-9.133465,-211.742878,3.168817,2.875713,-0.462811,6.326293,0.039081,0.014949
0.189082,68.974874,-377.227330,6.416712,6.672088,-5.700893,-212.189572,3.499161,3.216192,-0.424912,6.310046,0.040440,0.016484
0.189613,65.411339,-380.164336,6.380353,6.649047,-2.281388,-211.766168,3.129110,2.765034,-0.382212,6.293958,0.039228,0.014775
0.190144,61.955651,-382.599071,6.392393,6.905356,0.749182,-212.980290,3.629566,3.294375,-0.346305,6.279668,0.040960,0.017042
0.190675,58.384031,-385.068406,6.195457,6.664106,4.616675,-212.751692,3.235289,3.384582,-0.302453,6.261489,0.038966,0.015204
0.191207,54.328157,-387.308679,6.219648,6.758431,8.346743,-212.367656,3.276615,3.355613,-0.257026,6.243902,0.039055,0.015418
0.191738,50.548149,-388.941072,6.097623,6.823831,12.452272,-212.088661,3.299402,3.481481,-0.212169,6.224540,0.038511,0.015533
0.192269,46.220467,-390.136358,6.309695,6.900242,16.124792,-211.872933,3.661007,3.101489,-0.167250,6.207226,0.040393,0.017215
0.192800,42.006835,-391.479473,6.419569,7.005822,19.575427,-211.563801,3.758181,3.209247,-0.124037,6.190921,0.041051,0.017668
0.193331,37.589916,-392.208724,6.254808,7.022397,23.198756,-211.862128,3.816235,3.032385,-0.079629,6.174121,0.040511,0.017867
0.193862,33.041974,-392.084035,6.122537,6.938060,26.717387,-210.215835,3.199566,2.737380,-0.034762,6.156768,0.037965,0.015067
0.194393,28.806632,-391.579443,6.256935,6.777535,31.240781,-209.616418,3.584903,2.787837,0.013376,6.135236,0.039626,0.016843
0.194924,24.369077,-391.094344,6.328448,6.789660,34.437472,-209.291794,3.304575,2.784456,0.055324,6.120104,0.039213,0.015520
0.195456,20.161291,-390.311058,6.246672,6.719644,37.888228,-209.112810,3.643649,2.796241,0.097521,6.103944,0.039723,0.017033
0.195987,15.377699,-388.966797,6.088211,6.817354,41.599073,-208.859818,3.623157,2.904446,0.144572,6.086586,0.038964,0.016897
0.196518,11.932335,-387.161117,6.247459,6.809536,44.790387,-208.340871,3.779573,3.413983,0.181722,6.071422,0.040219,0.017664
0.197049,7.706304,-384.957624,6.203023,6.789995,47.207486,-207.621290,3.853441,2.992844,0.219169,6.059613,0.040225,0.017921
0.197580,3.706714,-382.957721,6.286621,6.800501,50.511247,-206.027398,4.106024,2.559084,0.258613,6.042760,0.040942,0.019018
0.198111,-0.136888,-380.412493,6.324525,6.613740,53.650824,-205.625572,3.609291,2.937527,0.298536,6.027960,0.039798,0.016800
0.198642,-3.432883,-377.847783,6.405689,6.640299,55.518835,-205.007281,3.825287,2.557550,0.328703,6.018715,0.040663,0.017667
0.199173,-6.690758,-374.762008,6.424195,6.693993,59.340110,-204.030768,3.749777,2.660076,0.369035,6.000154,0.040470,0.017302
0.199705,-10.332886,-372.365681,6.274725,6.625764,61.665281,-203.479158,3.769022,2.906103,0.402980,5.988929,0.039799,0.017422
0.200236,-12.943809,-369.387057,6.324366,6.510776,65.024692,-202.824369,3.452547,2.768248,0.437806,5.972942,0.039053,0.015938
0.200767,-15.499982,-366.534141,6.477370,6.551321,65.648367,-202.378914,3.718516,2.575706,0.459109,5.969511,0.040337,0.017039
0.201298,-18.386565,-363.416812,6.622171,6.495614,67.959456,-202.517519,3.136236,2.898071,0.492533,5.959420,0.039867,0.014573
0.201829,-21.164063,-360.988171,6.460352,6.602779,69.051544,-201.836992,3.749570,3.001998,0.515691,5.953552,0.040546,0.017243
0.202360,-23.545297,-358.183867,6.565144,6.819950,71.262757,-200.512541,3.789510,2.475819,0.541376,5.941705,0.040740,0.017226
0.202891,-25.479428,-355.422759,6.394020,6.660871,73.348309,-200.108277,3.652313,2.438226,0.566689,5.931849,0.039582,0.016565
0.203422,-27.721297,-352.845710,6.479088,6.731952,73.898771,-200.545129,3.562527,2.642292,0.588395,5.930135,0.040114,0.016214
0.203954,-29.520700,-350.427354,6.524381,6.681351,76.815552,-199.504357,3.549764,2.620125,0.613788,5.915649,0.039786,0.016109
0.204485,-31.643417,-347.802995,6.421618,6.703667,78.034895,-198.372964,3.179729,2.448394,0.633168,5.908403,0.038604,0.014504
0.205016,-32.661355,-345.132927,6.203966,6.890362,78.681876,-198.803156,3.878998,2.907630,0.650445,5.906324,0.040118,0.017596
0.205547,-34.214247,-343.170209,6.366686,6.539597,79.471311,-198.566755,3.347349,2.883561,0.666262,5.902485,0.039010,0.015369
0.206078,-35.665684,-341.444889,6.398023,6.358163,80.061124,-198.338061,3.755475,2.656927,0.680008,5.899528,0.039201,0.016933
0.206609,-36.881643,-339.398437,6.002611,6.409427,81.460485,-198.292262,3.309897,2.995860,0.697882,5.893395,0.037720,0.015237
0.207140,-38.165855,-337.270785,6.333753,6.593371,82.232060,-197.690908,3.740352,2.676960,0.711749,5.888994,0.039355,0.016829
0.207672,-38.920770,-335.857667,6.392115,6.491763,83.038054,-196.913448,3.571943,2.480385,0.720388,5.884115,0.038742,0.016048
0.208203,-40.075339,-334.556575,6.463889,6.569346,84.171134,-196.878779,3.119452,2.752296,0.734164,5.879176,0.038569,0.014317
0.208734,-40.634733,-332.981283,6.220831,6.709369,83.841665,-195.951027,3.175533,2.476532,0.737429,5.878886,0.038140,0.014441
0.209265,-41.906902,-331.848378,6.397319,6.391149,83.049648,-196.843122,3.568268,2.869069,0.746763,5.883937,0.039028,0.016250
0.209796,-42.518797,-330.789456,6.283380,6.712775,83.046483,-197.299331,3.718611,3.238743,0.754816,5.884779,0.040231,0.017053
0.210327,-42.762456,-329.797861,6.439469,6.621823,83.155488,-196.670936,3.870051,2.883894,0.757576,5.883167,0.040259,0.017502
0.210858,-43.744213,-329.502876,6.456498,6.573938,83.339499,-196.664647,4.277747,2.859386,0.763262,5.882362,0.040662,0.019166
0.211389,-44.148839,-329.220869,6.387551,6.687792,83.585880,-197.328862,3.938244,3.281223,0.769387,5.882512,0.040726,0.017944
0.211921,-44.475795,-329.411848,6.474404,6.601580,83.585880,-197.328862,3.938244,3.281223,0.769941,5.882512,0.040653,0.017944
0.212452,-44.731855,-329.336786,6.381316,6.679629,82.859811,-196.582187,3.936931,2.789329,0.765570,5.884281,0.040051,0.017748
0.212983,-44.756513,-329.434050,6.396776,6.615701,84.031224,-196.317368,3.313822,2.686413,0.768871,5.878745,0.038729,0.015101
0.213514,-45.065364,-329.667761,6.457752,6.789018,83.646220,-196.169236,3.151855,2.403748,0.767144,5.880131,0.038792,0.014296
0.214045,-45.230027,-330.640615,6.582992,6.672598,82.055357,-196.828271,3.376649,2.578911,0.760405,5.888206,0.039436,0.015338
0.214576,-45.536115,-331.530572,6.531514,6.643547,82.160541,-196.763936,3.355430,2.214388,0.758468,5.887634,0.038696,0.015062
0.215107,-45.470139,-332.730992,6.636112,6.444441,80.576902,-197.122823,3.666976,2.118807,0.748873,5.895146,0.039013,0.016378
0.215638,-45.111982,-333.974666,6.537625,6.644511,80.122243,-197.563612,3.284330,2.327869,0.742707,5.897902,0.038835,0.014854
0.216170,-44.506553,-335.060427,6.266577,6.710169,79.068983,-197.970781,3.479544,2.399093,0.733600,5.903199,0.038735,0.015722
0.216701,-44.537372,-336.688651,6.298514,6.476826,77.641335,-198.229086,3.280923,2.498593,0.723014,5.909876,0.038083,0.014975
0.217232,-44.311341,-338.650432,6.346566,6.425932,76.545988,-199.201103,3.529664,2.823288,0.714096,5.916317,0.038794,0.016152
0.217763,-43.667603,-340.555381,6.435317,6.516743,76.225447,-198.895705,3.104186,2.288982,0.702369,5.917207,0.037970,0.014141
0.218294,-42.987850,-342.649530,6.488515,6.461262,74.372483,-199.765711,3.157083,2.464392,0.687636,5.926785,0.038378,0.014454
0.218825,-42.329892,-344.943290,6.244502,6.733387,72.948118,-200.016683,3.561931,2.425769,0.671944,5.933466,0.038754,0.016195
0.219356,-41.868742,-347.422622,6.494901,6.820715,70.780475,-200.697518,3.722964,2.467528,0.654769,5.944132,0.040008,0.016943
0.219887,-40.514458,-349.461492,6.278647,6.812958,68.761703,-202.492854,3.802411,3.072705,0.639350,5.955827,0.040341,0.017459
0.220419,-39.154346,-352.226589,6.506452,6.455659,67.151193,-202.714008,3.781461,2.733759,0.618080,5.963301,0.040101,0.017285
0.220950,-37.869101,-355.084917,6.408801,6.718802,66.106259,-202.490714,3.148795,2.626884,0.598123,5.967628,0.038797,0.014564
0.221481,-36.455984,-357.970262,6.697733,6.427388,63.682845,-203.703510,3.495618,2.975818,0.575762,5.980186,0.040334,0.016177
0.222012,-35.394489,-361.183999,6.422505,6.665101,61.082917,-203.875390,3.747102,2.503878,0.550142,5.992087,0.039833,0.017200
0.222543,-33.373502,-363.729490,6.558669,6.621797,59.231507,-204.290886,3.744400,2.490035,0.526197,6.000986,0.040322,0.017219
0.223074,-31.296291,-366.364172,6.562827,6.580556,57.012133,-204.671047,3.495796,2.525009,0.499881,6.011517,0.039887,0.016168
0.223605,-29.265186,-369.472263,6.469092,6.833318,54.014215,-206.545212,3.650864,3.062820,0.472524,6.027401,0.040665,0.016938
0.224137,-27.437027,-372.087955,6.710876,6.782785,50.840282,-207.079235,3.921715,2.772307,0.442945,6.042436,0.042122,0.018129
0.224668,-24.663357,-374.952203,6.449807,6.862659,49.050831,-206.710106,3.547253,2.581244,0.412950,6.050202,0.040049,0.016486
0.225199,-22.164323,-377.665848,6.316439,6.695724,45.880675,-207.420185,3.597071,2.764359,0.380237,6.065494,0.039628,0.016770
0.225730,-19.217127,-380.223217,6.480261,6.776373,43.343337,-208.334476,3.572949,3.114863,0.349056,6.078064,0.040492,0.016707
0.226261,-16.381589,-382.773059,6.412726,6.690413,39.977341,-208.002400,3.040625,2.460965,0.311945,6.093304,0.038664,0.014267
0.226792,-13.402432,-385.037369,6.470133,6.608337,35.096692,-209.200972,3.802588,2.443422,0.269128,6.116968,0.040971,0.017782
0.227323,-9.817916,-387.219167,6.292043,6.587072,32.892008,-209.560257,3.980479,2.665996,0.235927,6.127498,0.040648,0.018640
0.227854,-6.682737,-389.251024,5.985477,6.673883,28.619238,-210.307103,3.260205,3.002192,0.194778,6.147933,0.037475,0.015339
0.228386,-2.939582,-390.730700,6.146057,6.827178,25.743631,-210.319118,3.729801,2.615797,0.157668,6.161388,0.039372,0.017536
0.228917,0.625181,-391.610395,6.253322,6.750220,21.530576,-211.139009,3.590264,2.540998,0.115324,6.181563,0.039689,0.016873
0.229448,4.478717,-392.977246,6.208836,6.816234,17.615036,-211.824604,3.574076,3.055558,0.072388,6.200218,0.039452,0.016799
0.229979,8.350386,-393.168615,6.083924,6.866906,12.409998,-212.309627,3.220873,2.913811,0.022443,6.224799,0.038054,0.015140
0.230510,12.408163,-393.696529,6.181731,6.906243,8.924000,-211.844194,3.688304,2.458480,-0.019157,6.241085,0.039577,0.017386
0.231041,16.063977,-393.270197,6.091788,6.912435,5.245309,-212.027565,3.555814,2.791877,-0.059621,6.258452,0.038857,0.016763
0.231572,19.756244,-392.502183,6.266982,6.847723,1.980391,-211.855606,3.492147,2.451493,-0.098086,6.273838,0.039529,0.016483
0.232103,23.178058,-391.833189,6.172452,6.888992,-1.616978,-212.261853,3.305956,2.730476,-0.137211,6.290803,0.038670,0.015574
0.232635,27.176665,-390.873509,6.255047,6.946834,-5.631420,-212.751088,3.207499,3.008348,-0.182147,6.309649,0.038913,0.015070
0.233166,30.748876,-388.899379,6.210730,6.883924,-9.765299,-212.057426,3.330025,2.470486,-0.225212,6.329203,0.038918,0.015679
0.233697,34.097028,-387.004224,6.389117,6.849516,-13.484191,-211.294888,3.364090,2.664064,-0.264453,6.346916,0.039714,0.015877
0.234228,37.644054,-384.925241,6.306589,6.857778,-16.062828,-211.203800,3.678280,3.332410,-0.299835,6.359093,0.040310,0.017357
0.234759,40.909617,-382.500488,6.295210,6.971942,-20.444550,-211.289200,3.750412,2.950257,-0.344097,6.379646,0.040444,0.017636
0.235290,43.562376,-379.976703,6.372687,6.694021,-22.901620,-210.487726,3.469122,2.838044,-0.373715,6.391562,0.039866,0.016353
0.235821,46.095488,-377.117816,6.327023,6.964122,-26.779930,-210.586513,3.645549,3.663128,-0.412501,6.409675,0.040688,0.017174
0.236352,48.983645,-374.554439,6.547976,6.624786,-29.563558,-210.531951,3.367896,2.996356,-0.446610,6.422696,0.040395,0.015810
0.236884,51.183364,-371.643617,6.597026,6.538507,-32.675168,-209.240574,3.380643,3.334690,-0.476650,6.438095,0.040473,0.015958
0.237415,53.377673,-368.642891,6.388235,6.681850,-35.695531,-210.062555,3.223828,3.330808,-0.511775,6.451506,0.039758,0.015144
0.237946,55.203821,-365.680620,6.525182,6.643933,-38.692237,-209.139577,3.777942,3.024741,-0.540285,6.466124,0.040962,0.017657
0.238477,57.063503,-362.264812,6.561925,6.404859,-40.911794,-210.251869,3.476856,3.161244,-0.572513,6.475368,0.040608,0.016181
0.239008,58.716803,-359.604262,6.634266,6.535097,-43.350647,-209.213016,3.519955,3.208733,-0.596273,6.487502,0.040926,0.016417
0.239539,60.424671,-356.484406,6.631122,6.397551,-46.095008,-207.889837,3.217601,2.529921,-0.621944,6.501383,0.039423,0.014975
0.240070,61.845207,-353.557224,6.535448,6.580059,-48.456213,-207.382570,3.641068,2.932370,-0.646430,6.512723,0.040311,0.016941
0.240602,62.718265,-350.900544,6.627303,6.469236,-49.955320,-207.563795,3.299414,3.199434,-0.666193,6.519368,0.040219,0.015429
0.241133,64.127697,-348.124919,6.626655,6.086010,-52.092925,-206.680347,3.387398,3.552901,-0.687815,6.530089,0.039797,0.015940
0.241664,65.267559,-345.740991,6.469684,6.442033,-53.777994,-206.447345,3.573521,3.035150,-0.707180,6.538015,0.039722,0.016602
0.242195,66.010916,-343.286412,6.715080,6.412701,-55.497312,-206.141551,3.577571,2.928724,-0.725018,6.546169,0.040213,0.016570
0.242726,66.746811,-341.100668,6.631478,6.395627,-56.930014,-206.092563,3.677610,2.711245,-0.741623,6.552699,0.039868,0.016920
0.243257,67.496248,-338.793523,6.714278,6.250187,-58.091684,-206.058431,3.349484,2.951378,-0.757738,6.557972,0.039566,0.015516
0.243788,67.759887,-336.352465,6.908803,6.157846,-59.878443,-205.138625,3.770937,2.492053,-0.771586,6.567188,0.039878,0.017251
0.244319,68.273802,-334.829985,6.777821,6.203100,-60.691160,-205.468324,3.611373,3.680127,-0.783863,6.570398,0.040789,0.016882
0.244851,68.966417,-333.280344,6.930977,6.215600,-62.488635,-204.084048,3.503867,2.880290,-0.794064,6.580312,0.039686,0.016187
0.245382,69.268215,-332.071042,6.746180,6.271676,-62.523118,-204.244266,3.680718,3.293975,-0.800668,6.580247,0.040204,0.017084
0.245913,69.329893,-330.774359,6.711591,6.265678,-62.971976,-203.958776,3.475054,3.633581,-0.806568,6.582649,0.040354,0.016346
0.246444,69.312270,-329.333725,6.825466,6.287529,-64.443335,-203.417168,3.234703,2.851588,-0.815577,6.589986,0.039283,0.015004
0.246975,69.386354,-328.943074,6.877223,6.293402,-64.998539,-203.712613,3.470004,3.717240,-0.820645,6.592044,0.040802,0.016338
0.247506,69.547975,-328.146015,6.900774,6.257471,-65.300164,-204.221032,3.553224,3.602477,-0.827584,6.592664,0.040805,0.016594
0.248037,69.419269,-327.566062,6.854456,6.410670,-66.264768,-202.882318,3.509840,2.517198,-0.827622,6.598879,0.039458,0.016055
0.248568,69.532890,-327.461141,6.804971,6.374182,-65.979530,-202.294417,3.195353,2.794119,-0.825065,6.598462,0.039149,0.014846
0.249100,69.454180,-327.410297,6.836363,6.378863,-66.138125,-203.871121,3.429363,3.018074,-0.831878,6.596885,0.039966,0.015828
0.249631,69.220479,-327.375841,6.786661,6.401521,-66.695782,-204.151702,3.591918,3.232909,-0.834337,6.598951,0.040361,0.016571
0.250162,69.014059,-327.441890,6.765384,6.444095,-66.395559,-202.982162,3.674952,3.216727,-0.827509,6.599316,0.040420,0.017012
0.250693,68.252015,-328.031254,6.955181,6.363295,-66.412086,-203.014456,3.666882,3.225912,-0.822532,6.599342,0.040709,0.016978
0.251224,67.824289,-329.045998,6.843608,6.400788,-66.519310,-203.463207,3.753371,2.843368,-0.819090,6.599167,0.040176,0.017170
0.251755,67.255183,-329.732523,6.757140,6.402794,-66.300197,-203.349064,3.659349,2.844153,-0.812982,6.598359,0.039888,0.016780
0.252286,66.424458,-331.246608,6.667319,6.447100,-65.872269,-203.699404,3.280891,2.731432,-0.803674,6.595951,0.039243,0.015101
0.252817,65.719490,-332.277476,6.856451,6.452708,-65.581304,-203.310704,3.649167,2.398251,-0.794366,6.595215,0.039832,0.016618
0.253349,65.175481,-333.571544,6.768051,6.470987,-64.532232,-203.454984,3.594128,2.822578,-0.783825,6.590330,0.040107,0.016541
0.253880,64.268770,-335.540598,7.001028,6.301461,-63.427820,-204.554354,3.184733,3.191599,-0.772682,6.583862,0.040409,0.014873
0.254411,63.372161,-337.234112,6.716404,6.445701,-62.987535,-204.487631,3.557104,3.248457,-0.760754,6.581989,0.040492,0.016504
0.254942,62.011001,-339.332067,6.716264,6.210635,-62.688216,-204.038888,3.656139,2.850402,-0.744673,6.581268,0.039591,0.016836
0.255473,61.334853,-341.392798,6.676766,6.363522,-61.022500,-204.687017,3.492724,3.412223,-0.730069,6.572922,0.040318,0.016322
0.256004,59.792711,-343.717510,6.696542,6.611402,-60.037469,-203.795583,3.238901,3.088584,-0.708202,6.569677,0.040056,0.015190
0.256535,58.634038,-346.230292,6.868672,6.357276,-58.922846,-205.539541,3.584922,3.223332,-0.696056,6.562372,0.040903,0.016644
0.257067,57.217490,-348.441156,6.825652,6.679906,-57.387691,-206.337196,3.309035,3.262894,-0.678685,6.554455,0.041226,0.015435
0.257598,55.823149,-351.162493,6.649296,6.481238,-55.611463,-206.321303,3.186166,3.309247,-0.655775,6.546467,0.040152,0.014950
0.258129,54.178655,-354.088997,6.652295,6.588536,-54.991928,-206.023780,3.677894,2.726964,-0.635333,6.544024,0.040438,0.016988
0.258660,52.317583,-356.898103,6.605889,6.666765,-52.738047,-207.208674,3.663294,3.254830,-0.611949,6.532410,0.041063,0.017023
0.259191,50.497984,-359.989217,6.602297,6.475297,-50.679691,-207.596842,3.538425,3.038838,-0.586105,6.522627,0.040394,0.016436
0.259722,48.565752,-362.840690,6.574626,6.649945,-48.739813,-207.730735,3.449161,3.295676,-0.560275,6.513646,0.040543,0.016128
0.260253,46.000944,-365.822312,6.714561,6.544853,-46.319958,-207.225433,3.680779,2.825574,-0.527162,6.503095,0.041017,0.017164
0.260784,43.319380,-368.973052,6.586229,6.664198,-44.575120,-208.606587,3.543493,2.951289,-0.501372,6.493700,0.040659,0.016500
0.261316,41.045587,-371.529580,6.422924,6.799540,-42.399297,-208.945710,3.547462,2.792547,-0.474185,6.483387,0.040166,0.016513
0.261847,38.592152,-374.865639,6.311677,6.743330,-39.401741,-209.038581,3.267758,2.685398,-0.439633,6.469490,0.038935,0.015276
0.262378,35.240052,-377.723807,6.341713,6.762504,-36.465474,-208.884105,3.746809,3.096694,-0.401613,6.456016,0.040215,0.017587
0.262909,32.244074,-380.303484,6.140879,6.772371,-33.241768,-210.012979,3.264533,3.751973,-0.367120,6.440167,0.038702,0.015413
0.263440,29.086227,-382.789913,6.348270,6.893092,-30.598762,-210.343287,3.521981,3.023286,-0.333202,6.427643,0.039943,0.016524
0.263971,25.400419,-385.245784,6.394801,6.828805,-27.423673,-210.262541,3.267892,2.750774,-0.293181,6.412879,0.039373,0.015374
0.264502,21.731828,-387.256874,6.385402,6.803042,-23.827450,-211.407608,3.492607,3.392314,-0.253507,6.395420,0.040180,0.016411
0.265033,18.049026,-389.172004,6.352130,6.815773,-20.524404,-211.513596,3.602160,3.111025,-0.213803,6.379918,0.040215,0.016931
0.265565,14.124630,-390.546674,6.390042,6.785821,-17.200819,-212.318096,3.181677,3.385418,-0.173983,6.364023,0.039523,0.014943
0.266096,10.009085,-392.291578,6.451776,6.698914,-13.883596,-212.133354,3.729049,3.102627,-0.131851,6.348540,0.040998,0.017530
0.266627,5.815702,-393.192397,6.397773,6.887049,-10.017833,-211.982009,3.687131,2.808424,-0.087155,6.330408,0.040597,0.017366
0.267158,2.111438,-393.808381,6.364778,6.754837,-6.289637,-212.041168,3.656658,2.824249,-0.046186,6.312839,0.040340,0.017234
0.267689,-2.608061,-394.321757,6.178725,6.950497,-2.573628,-211.990856,3.558981,2.692516,0.000189,6.295325,0.039107,0.016787
0.268220,-6.842724,-393.783341,6.246637,6.860041,1.156521,-212.128731,3.554519,2.667939,0.044007,6.277733,0.039528,0.016756
0.268751,-10.746197,-393.387582,6.114640,6.897172,4.291992,-212.463290,4.006099,2.752336,0.082928,6.262987,0.040270,0.018850
0.269282,-14.363961,-392.486868,6.394163,6.899055,8.831269,-212.018581,3.184649,2.962503,0.127827,6.241556,0.039293,0.015006
0.269814,-18.628754,-391.532267,6.467278,6.643077,11.245475,-212.860352,3.883944,3.427108,0.165669,6.230404,0.041634,0.018215
0.270345,-22.264470,-389.661513,6.337847,6.797727,15.454832,-211.621977,3.592700,2.516363,0.208772,6.210284,0.040022,0.016909
0.270876,-26.149819,-388.022518,6.255162,6.755783,18.887387,-211.363076,4.232152,2.854978,0.249621,6.194062,0.041354,0.019901
0.271407,-29.662187,-385.844722,6.409468,6.719472,23.387727,-211.017600,3.597849,3.072793,0.294612,6.172803,0.040249,0.016918
0.271938,-32.756241,-383.676811,6.323661,6.806597,25.718911,-211.089697,3.651238,3.240542,0.326676,6.161944,0.040208,0.017143
0.272469,-36.281153,-381.392420,6.490653,6.638949,29.477144,-210.398979,3.543001,3.144678,0.367131,6.143990,0.040330,0.016642
0.273000,-38.998129,-378.280128,6.539207,6.781075,32.060542,-209.903419,3.570242,2.888796,0.399346,6.131617,0.040701,0.016748
0.273532,-42.242073,-375.382987,6.366050,6.741166,34.719505,-209.520442,4.215923,2.695173,0.434442,6.118968,0.041402,0.019694
0.274063,-44.703182,-372.767076,6.415402,6.868077,37.325334,-209.213366,3.794644,2.697656,0.464878,6.106635,0.040655,0.017719
0.274594,-46.837728,-369.954727,6.507080,6.593403,39.784951,-208.579770,3.703012,2.595168,0.492636,6.094707,0.040398,0.017283
0.275125,-49.215936,-366.696503,6.537625,6.618335,42.766715,-208.272304,3.753743,2.686045,0.526040,6.080660,0.040618,0.017480
0.275656,-51.209911,-364.069852,6.469443,6.604462,45.351358,-207.824287,3.661581,2.892899,0.553557,6.068334,0.040140,0.017066
0.276187,-53.155691,-360.344111,6.496305,6.455374,47.274839,-207.123512,3.780543,2.724995,0.580207,6.058785,0.040212,0.017582
0.276718,-54.541168,-357.818236,5.990537,6.778332,49.583102,-206.989672,3.821894,2.856018,0.604219,6.048072,0.039216,0.017740
0.277249,-56.033452,-354.996383,6.360067,6.535351,52.918275,-206.550479,3.458015,2.676817,0.633149,6.032380,0.038981,0.016017
0.277781,-57.669190,-352.470267,6.465514,6.551603,53.611421,-205.464711,3.566238,2.431942,0.647955,6.027949,0.039280,0.016506
0.278312,-58.509130,-349.099333,6.236007,6.581045,55.294356,-205.039592,3.636186,2.570823,0.668598,6.019775,0.039001,0.016830
0.278843,-59.783986,-346.890184,6.324560,6.452648,57.249603,-204.591673,3.707933,2.626589,0.688282,6.010340,0.039005,0.017135
0.279374,-60.422742,-344.438840,6.320666,6.577464,58.646119,-205.165100,3.872735,2.793216,0.707347,6.004762,0.039847,0.017817
0.279905,-61.216654,-341.817136,6.186248,6.781041,60.687948,-204.786311,3.839712,3.077622,0.727048,5.995083,0.040100,0.017716
0.280436,-61.970063,-340.282370,6.298841,6.454918,62.051642,-204.189076,3.885418,3.084036,0.739023,5.988161,0.039591,0.017919
0.280967,-62.122127,-338.049529,6.312824,6.607334,63.442590,-203.128064,3.658125,2.763509,0.749493,5.980457,0.039250,0.016859
0.281498,-62.542101,-335.952232,6.227194,6.678677,64.904154,-202.889883,3.672135,2.860703,0.763843,5.973575,0.039331,0.016921
0.282030,-62.822298,-335.001229,6.419828,6.606173,65.799879,-202.565415,3.744966,2.728000,0.770791,5.969105,0.039516,0.017185
0.282561,-63.080135,-333.388387,6.437509,6.579919,66.759142,-202.855967,3.928210,2.851615,0.782736,5.965253,0.039974,0.017964
0.283092,-63.074301,-331.965807,6.581986,6.570304,68.481109,-202.320849,3.226896,2.892475,0.792712,5.956812,0.039274,0.014954
0.283623,-62.816756,-331.109100,6.643832,6.530039,69.648574,-201.130306,3.593752,2.523864,0.794872,5.949823,0.039212,0.016420
0.284154,-62.817637,-329.965365,6.496955,6.598785,69.082380,-201.145969,4.029965,2.618495,0.797213,5.952363,0.039979,0.018362
0.284685,-63.186360,-329.517362,6.436959,6.617026,70.034282,-201.720674,4.004948,3.264792,0.806175,5.949021,0.040499,0.018414
0.285216,-62.397162,-328.872252,6.389740,6.572610,70.538312,-201.219724,3.845758,2.783128,0.805669,5.946017,0.039571,0.017560
0.285747,-62.391319,-328.768308,6.411902,6.494923,72.097921,-200.395497,3.216746,2.589767,0.808663,5.937826,0.038076,0.014797
0.286279,-62.199093,-328.520765,6.300655,6.563728,70.696995,-200.942609,3.933494,2.724701,0.805812,5.944884,0.039422,0.017929
0.286810,-61.499634,-328.069838,6.380967,6.585732,72.311799,-200.181552,3.239013,2.640578,0.808028,5.936540,0.038490,0.014920
0.287341,-60.786305,-328.432258,6.367969,6.899646,71.810128,-200.765370,3.522230,2.877432,0.804337,5.939683,0.040099,0.016205
0.287872,-59.795938,-329.411875,6.327739,6.610703,71.998170,-200.822401,3.821571,2.921262,0.797705,5.938944,0.039690,0.017484
0.288403,-59.393322,-329.373942,6.535495,6.573025,71.973892,-200.913979,3.801540,2.990345,0.796587,5.939195,0.040216,0.017422
0.288934,-58.502341,-330.329389,6.262655,6.693462,71.973892,-200.913979,3.801540,2.990345,0.789480,5.939195,0.039879,0.017422
0.289465,-57.453838,-331.330119,6.454302,6.596723,72.148085,-200.780850,3.884335,3.040864,0.781757,5.938216,0.040230,0.017799
0.289997,-56.352520,-332.701673,6.399154,6.438584,72.148085,-200.780850,3.884335,3.040864,0.772266,5.938216,0.039695,0.017799
0.290528,-55.387825,-334.387804,6.540351,6.408263,72.868558,-200.042420,3.276771,2.491894,0.762215,5.933859,0.038275,0.015006
0.291059,-54.171117,-335.696594,6.257096,6.596513,71.756864,-200.838155,4.098074,2.749514,0.751167,5.940034,0.039707,0.018608
0.291590,-52.687855,-337.134908,6.218427,6.580012,70.705637,-201.896521,3.831459,3.280233,0.739632,5.946326,0.040017,0.017648
0.292121,-51.263725,-339.315590,6.619692,6.723965,71.291071,-200.931252,3.729117,2.562348,0.724809,5.942238,0.040161,0.016967
0.292652,-49.973861,-341.496326,6.387451,6.686151,70.035139,-201.191115,4.016249,2.501351,0.707587,5.948202,0.039951,0.018218
0.293183,-48.196758,-343.747647,6.300421,6.572613,69.548135,-201.568598,3.651380,2.810756,0.691669,5.950941,0.039154,0.016749
0.293714,-46.444054,-345.976707,6.385741,6.644434,69.074306,-201.560987,3.685366,2.488793,0.674681,5.953031,0.039289,0.016795
0.294246,-44.311822,-348.310951,6.386216,6.477390,67.232208,-202.716018,3.557509,2.893146,0.653742,5.962944,0.039425,0.016375
0.294777,-42.306119,-351.239226,6.273935,6.833021,67.056064,-202.370211,3.555473,2.546415,0.633585,5.963218,0.039193,0.016271
0.295308,-40.029955,-353.916726,6.483572,6.661738,65.394291,-202.283961,3.652313,2.438226,0.607538,5.970510,0.039691,0.016723
0.295839,-37.751645,-356.075940,6.533146,6.425223,64.537484,-202.937603,3.200879,2.606906,0.588892,5.975283,0.038943,0.014797
0.296370,-35.478423,-359.441460,6.501895,6.544749,63.175413,-203.284989,3.292522,2.733821,0.563448,5.981875,0.039158,0.015254
0.296901,-33.358539,-362.076140,6.611490,6.504195,61.263087,-203.921311,3.761471,2.491972,0.539157,5.991339,0.040385,0.017251
0.297432,-30.486729,-365.216145,6.400469,6.681263,59.554891,-204.255978,3.657458,2.533928,0.510034,5.999480,0.039681,0.016837
0.297963,-27.382602,-367.818172,6.434993,6.706635,56.857517,-205.053666,3.948650,2.764840,0.477595,6.012700,0.040859,0.018216
0.298495,-24.449156,-370.599695,6.384374,6.698253,55.712211,-205.068865,3.859832,2.627632,0.450983,6.017912,0.040294,0.017826
0.299026,-20.828210,-373.202241,6.410116,6.685379,53.542745,-205.996637,3.654838,3.186023,0.418511,6.028892,0.040346,0.017041
0.299557,-17.452378,-375.803181,6.012392,6.758764,52.483337,-205.521204,3.171085,2.364382,0.389701,6.033162,0.037217,0.014745
0.300088,-14.292014,-378.888801,6.360096,6.717709,49.473595,-206.561872,3.655702,2.521137,0.354404,6.048104,0.039820,0.016964
0.300619,-10.203932,-381.216861,6.335606,6.695066,46.722468,-207.381913,3.568600,2.618366,0.316468,6.061588,0.039709,0.016599
0.301150,-6.133382,-383.444882,6.279729,6.666900,44.476701,-207.166604,3.241120,2.820610,0.279583,6.071705,0.038605,0.015214
0.301681,-2.083711,-385.501236,6.282783,6.766469,42.009981,-208.103514,3.581481,2.641074,0.243621,6.083992,0.039573,0.016718
0.302212,2.017512,-387.770916,6.151004,6.749957,38.668634,-208.470761,3.265669,2.905458,0.201634,6.099783,0.038140,0.015349
0.302744,6.483370,-389.553594,6.285477,6.820407,35.300447,-209.533506,3.459955,2.741146,0.158730,6.116281,0.039379,0.016199
0.303275,11.004049,-390.973573,6.218401,6.907926,31.806888,-209.631481,3.662122,2.673370,0.114217,6.132606,0.039550,0.017181
0.303806,16.117277,-391.734174,6.232140,6.806774,29.481615,-211.218158,3.601234,3.624691,0.073899,6.144502,0.039781,0.016888
0.304337,20.761663,-392.981313,6.224575,6.778821,26.096377,-210.491777,3.619328,3.250897,0.029225,6.159837,0.039441,0.017039
0.304868,25.290364,-392.959998,6.335177,6.721179,22.528189,-211.668382,3.785423,3.241421,-0.015235,6.177153,0.040703,0.017757
0.305399,30.511917,-393.088308,6.238975,6.841010,19.604570,-211.642214,3.599490,3.408077,-0.060041,6.190818,0.039634,0.016927
0.305930,34.785613,-392.455496,6.163165,6.820626,15.544153,-212.565955,3.460808,3.111201,-0.106557,6.210189,0.039098,0.016229
0.306462,39.522235,-391.753874,6.397898,6.678377,12.370489,-212.187430,3.135479,2.937168,-0.150070,6.224951,0.039254,0.014749
0.306993,44.125086,-390.538367,6.352015,7.027244,9.075261,-212.351350,3.409668,3.034796,-0.194223,6.240474,0.039792,0.016039
0.307524,48.352178,-388.643741,6.291852,6.943189,5.678091,-212.885357,3.463811,3.064262,-0.238191,6.256520,0.039839,0.016264
0.308055,52.583426,-386.971069,6.372665,6.770935,2.346713,-212.934536,3.298289,3.291331,-0.281017,6.272165,0.039766,0.015489
0.308586,57.298519,-384.451143,6.375597,6.966547,-0.805604,-212.868691,3.457688,3.055345,-0.326516,6.286970,0.040243,0.016243
0.309117,60.778315,-382.292723,6.600563,6.722755,-3.833957,-212.872350,3.258692,3.019923,-0.364346,6.301194,0.040603,0.015305
0.309648,64.627989,-379.369080,6.425243,6.696265,-7.256409,-212.614679,3.529612,3.114185,-0.407009,6.317301,0.040418,0.016589
0.310179,67.860761,-376.694942,6.428156,6.755643,-10.067774,-212.477185,3.137547,3.479099,-0.443076,6.330533,0.039814,0.014754
0.310711,71.343860,-373.633831,6.388642,6.652876,-13.014280,-212.470057,3.678902,3.559255,-0.482216,6.344361,0.040734,0.017280
0.311242,74.247214,-370.741069,6.635294,6.499430,-14.707950,-212.567472,3.433968,3.416156,-0.512305,6.352267,0.041001,0.016116
0.311773,77.198532,-367.413841,6.407030,6.597773,-17.686093,-211.291948,3.403878,2.819320,-0.546106,6.366695,0.039594,0.016036
0.312304,80.314121,-363.549586,6.483068,6.706819,-19.768557,-210.461261,3.246861,3.213026,-0.579012,6.376840,0.039950,0.015358
0.312835,82.490562,-360.323422,6.523532,6.499611,-22.921632,-211.104935,3.612994,2.761274,-0.615027,6.391341,0.040110,0.016973
0.313366,84.429427,-357.016982,6.698876,6.560928,-24.523571,-211.559497,3.558097,3.279612,-0.642884,6.398588,0.041247,0.016690
0.313897,86.789279,-353.274372,6.581065,6.455418,-26.253808,-210.518144,3.468904,3.468091,-0.669758,6.407255,0.040620,0.016351
0.314428,88.760371,-350.094401,6.657239,6.536848,-28.576273,-209.716826,3.569891,3.520242,-0.696230,6.418612,0.040998,0.016862
0.314960,90.440585,-347.359539,6.752938,6.317312,-30.233353,-209.881507,3.390097,3.878010,-0.720396,6.426251,0.040967,0.016037
0.315491,92.107841,-343.927663,6.816142,6.261947,-31.408393,-209.557476,3.356815,3.560153,-0.743335,6.431958,0.040653,0.015863
0.316022,93.773232,-340.803623,6.775325,6.334866,-33.311183,-208.756748,3.387668,3.185720,-0.766250,6.441421,0.040085,0.016002
0.316553,95.330976,-338.227788,6.707000,6.283130,-35.064482,-208.959259,3.795183,3.111409,-0.789738,6.449442,0.040106,0.017831
0.317084,96.120789,-335.389223,6.753592,6.308719,-36.658939,-208.648826,3.693759,3.324732,-0.808665,6.457107,0.040351,0.017387
0.317615,97.405849,-332.817182,6.854163,6.388013,-38.093466,-208.189993,3.344312,2.853101,-0.827169,6.464158,0.039608,0.015732
0.318146,98.225540,-330.422280,7.049788,6.319716,-39.196126,-208.943841,3.679946,2.552519,-0.846901,6.468622,0.039997,0.017157
0.318678,99.169567,-328.424885,6.880784,6.276080,-40.563747,-207.967889,3.427579,2.778824,-0.859349,6.475815,0.039170,0.016075
0.319209,99.533254,-326.503096,6.842808,6.141578,-40.670721,-209.119090,3.781284,2.906502,-0.873758,6.475273,0.039561,0.017617
0.319740,100.432380,-324.543742,6.966137,6.212586,-41.751455,-208.447130,3.618611,3.286377,-0.886060,6.480867,0.040139,0.016964
0.320271,101.203777,-322.483180,6.924433,6.267897,-42.370041,-208.787289,3.751536,2.921891,-0.901015,6.483400,0.039862,0.017472
0.320802,101.324355,-321.419915,6.926502,6.186119,-42.875210,-208.558098,3.410709,3.382552,-0.906707,6.485940,0.039933,0.016013
0.321333,101.721178,-320.260931,7.061775,6.134511,-43.571145,-208.351027,3.563462,3.987840,-0.914467,6.489338,0.041130,0.016829
0.321864,102.255239,-318.992373,7.040419,6.192422,-44.263943,-209.681995,3.516605,3.475365,-0.929829,6.491231,0.040399,0.016401
0.322395,102.536727,-318.312225,7.069163,6.301467,-44.524510,-208.807715,3.583070,3.917794,-0.930748,6.493271,0.041473,0.016854
0.322927,102.896177,-317.846161,6.960520,6.175060,-44.904827,-208.768360,3.495475,3.931360,-0.935017,6.495051,0.040769,0.016465
0.323458,103.042547,-317.396243,7.018818,6.076924,-44.761727,-208.467208,3.533710,3.394364,-0.935679,6.494692,0.039700,0.016545
0.323989,102.950738,-316.970081,7.025277,6.309388,-44.900902,-208.845610,3.519678,3.600745,-0.939369,6.494957,0.040818,0.016493
0.324520,103.080193,-317.098538,7.013999,6.315465,-44.979196,-209.005751,3.568040,3.569129,-0.940177,6.495158,0.040770,0.016690
0.325051,103.001877,-316.974994,6.948690,6.435609,-44.979196,-209.005751,3.568040,3.569129,-0.940470,6.495158,0.041048,0.016690
0.325582,102.938053,-317.315327,6.909275,6.442694,-45.034046,-208.937469,3.576705,3.598016,-0.938641,6.495476,0.041009,0.016739
0.326113,102.922394,-317.922175,7.002582,6.495854,-45.155756,-209.160056,3.576814,3.706826,-0.937295,6.495813,0.041452,0.016743
0.326644,102.827675,-318.298152,6.921672,6.412697,-45.026671,-209.272316,3.526147,3.677159,-0.935417,6.495113,0.040972,0.016504
0.327176,101.683977,-320.003901,6.993713,6.332326,-44.818008,-208.886646,3.516349,3.661082,-0.921897,6.494538,0.040822,0.016490
0.327707,101.375396,-320.900226,7.000074,6.413267,-44.487966,-208.429080,3.722533,3.307395,-0.913945,6.493474,0.040662,0.017386
0.328238,101.243981,-322.084121,6.959600,6.462377,-43.581047,-208.263888,3.302496,3.248304,-0.904703,6.489467,0.040261,0.015510
0.328769,100.805579,-323.798228,6.817120,6.248972,-42.786015,-208.978818,3.597166,3.503807,-0.896284,6.485133,0.040147,0.016846
0.329300,99.530836,-325.552661,6.878811,6.433637,-42.808064,-208.633207,3.689539,2.591512,-0.883133,6.485560,0.039624,0.017145
0.329831,98.985018,-327.176315,6.885387,6.377221,-41.485212,-208.953559,3.573297,2.550093,-0.871187,6.479175,0.039489,0.016617
0.330362,97.775212,-329.022778,6.880278,6.235894,-40.712192,-208.443532,3.506015,2.527810,-0.854414,6.476072,0.039069,0.016362
0.330893,97.205664,-331.445272,6.840290,6.647774,-40.087056,-208.367866,3.248408,2.540415,-0.839941,6.473249,0.039717,0.015203
0.331425,95.885597,-334.114204,7.031724,6.488877,-38.772505,-208.218192,3.593261,2.949429,-0.819014,6.467288,0.040664,0.016873
0.331956,94.818335,-336.754281,7.011091,6.381935,-37.455987,-208.307660,3.557467,2.762600,-0.800078,6.461095,0.040182,0.016704
0.332487,93.850238,-339.093117,6.772908,6.503871,-36.817756,-208.695485,3.587238,2.578796,-0.786434,6.457807,0.039747,0.016804
0.333018,91.994210,-341.836715,6.806942,6.541756,-34.731183,-209.101728,3.641339,2.928720,-0.762240,6.447780,0.040658,0.017097
0.333549,90.591804,-345.481839,6.908122,6.287226,-33.623934,-209.898677,3.399131,3.111723,-0.741671,6.442027,0.040215,0.015958
0.334080,88.559920,-348.665095,6.972290,6.389056,-31.883708,-210.042889,3.297078,2.940886,-0.715343,6.433831,0.040449,0.015484
0.334611,87.122825,-352.225496,6.876432,6.503701,-30.231601,-209.779969,3.475283,3.292361,-0.689118,6.426311,0.040852,0.016380
0.335143,84.725703,-354.908841,6.616060,6.489679,-28.486674,-211.846015,3.543534,3.497808,-0.669443,6.416852,0.040859,0.016574
0.335674,82.816204,-358.890869,6.684565,6.746425,-26.113329,-211.435893,3.739502,3.375327,-0.636250,6.406068,0.041559,0.017528
0.336205,80.329433,-362.069842,6.702500,6.537518,-24.274644,-211.406396,3.572615,3.062738,-0.606883,6.397509,0.040755,0.016760
0.336736,77.966934,-365.040370,6.538726,6.602944,-22.128967,-211.564851,3.293602,3.167323,-0.577916,6.387403,0.039960,0.015477
0.337267,75.021554,-368.460392,6.524885,6.685869,-19.350346,-211.590574,3.255138,3.343624,-0.541591,6.374383,0.040100,0.015324
0.337798,72.207246,-371.979879,6.232241,6.841062,-16.946520,-212.602820,3.497930,3.769295,-0.510023,6.362727,0.040032,0.016409
0.338329,68.790296,-375.231435,6.457409,6.740365,-14.106028,-212.994910,3.503199,3.766856,-0.472377,6.349316,0.040758,0.016417
0.338860,65.234709,-378.077171,6.446063,6.843336,-11.106843,-212.563316,3.206423,3.124352,-0.432161,6.335390,0.039816,0.015063
0.339392,61.657350,-380.041020,6.388299,6.814564,-8.933863,-211.850865,3.479426,2.761798,-0.397382,6.325331,0.039946,0.016404
0.339923,57.738573,-382.777963,6.341366,7.019514,-6.191051,-211.859465,3.524636,3.759620,-0.357925,6.312399,0.040254,0.016631
0.340454,53.750022,-385.429657,6.347836,7.011374,-3.289816,-212.460717,3.209062,3.155701,-0.318539,6.298668,0.039375,0.015102
0.340985,49.613406,-387.380954,6.287906,7.039604,-0.021108,-212.480568,3.565871,3.039910,-0.276517,6.283285,0.039945,0.016782
0.341516,45.429610,-389.065870,6.297933,7.051223,2.956284,-212.591383,3.318057,2.980038,-0.236185,6.269280,0.039385,0.015606
0.342047,40.378164,-390.920620,6.335295,7.068122,6.358543,-211.960361,3.462129,2.943250,-0.187855,6.253196,0.039718,0.016324
0.342578,35.854092,-392.179526,6.467324,6.980555,9.569273,-212.264820,3.720786,2.782190,-0.145070,6.238134,0.041042,0.017503
0.343109,31.495221,-392.894722,6.527253,6.756715,12.778657,-212.542437,3.183708,3.136013,-0.103408,6.223135,0.040063,0.014951
0.343641,26.535482,-393.495658,6.199862,6.788594,15.670773,-212.524359,3.657504,3.115895,-0.059964,6.209582,0.039710,0.017150
0.344172,21.775102,-393.754395,6.395657,6.863776,18.202568,-212.286035,3.332250,3.087151,-0.019684,6.197649,0.039734,0.015632
0.344703,16.959965,-393.349108,6.073091,6.831350,22.457332,-211.897164,3.311509,3.164233,0.030287,6.177597,0.038107,0.015533
0.345234,12.425422,-392.365477,6.337223,6.819284,26.070730,-211.352563,3.534195,3.266911,0.075241,6.160453,0.039982,0.016578
0.345765,7.208719,-391.392172,6.128346,6.794450,28.661042,-211.352744,3.182088,3.470830,0.118594,6.148400,0.038143,0.014945
0.346296,2.792589,-389.361768,6.272904,6.837071,32.089573,-209.979669,3.709967,2.927861,0.161892,6.131536,0.040118,0.017390
0.346827,-1.284207,-388.457261,6.246862,6.630500,34.926645,-210.086399,3.573231,2.968245,0.200287,6.118443,0.039555,0.016708
0.347358,-5.745896,-386.428437,6.196833,6.959375,37.563261,-209.685268,3.587738,3.510894,0.240305,6.105924,0.039555,0.016831
0.347890,-9.799255,-384.009617,6.217009,6.719015,39.944804,-209.564101,3.619996,3.437340,0.277783,6.094836,0.039809,0.016939
0.348421,-14.155673,-381.642632,6.357886,6.671737,43.160125,-208.886247,3.425088,3.440118,0.320345,6.079432,0.039834,0.016061
0.348952,-17.831471,-379.111565,6.303342,6.558526,44.778005,-206.982042,3.118743,2.498432,0.348858,6.070131,0.038387,0.014609
0.349483,-21.387766,-376.082098,6.324421,6.702749,47.237137,-207.369650,3.763638,2.727237,0.386317,6.059215,0.040312,0.017488
0.350014,-24.906692,-373.792442,6.450139,6.724363,49.954554,-206.219276,3.717748,2.808678,0.420138,6.045523,0.040422,0.017312
0.350545,-27.867737,-371.454998,6.142541,6.632789,52.441898,-206.399473,3.196583,3.258793,0.452839,6.034371,0.038223,0.015028
0.351076,-31.320243,-368.281419,6.597544,6.685702,53.880288,-205.153086,3.730078,2.688006,0.481321,6.026351,0.040756,0.017311
0.351608,-33.930874,-366.444633,6.651250,6.382334,56.356220,-205.954279,3.222992,2.683797,0.512443,6.016089,0.039542,0.014932
0.352139,-37.429385,-363.997080,6.408109,6.733792,57.024476,-206.522395,3.680001,3.159540,0.540275,6.013780,0.040312,0.017015
0.352670,-39.648624,-360.797175,6.512174,6.524473,58.287471,-206.652749,3.325167,3.163594,0.566009,6.008272,0.039942,0.015432
0.353201,-41.946649,-358.822873,6.337939,6.516854,59.901125,-205.634653,3.724866,2.774325,0.586747,5.999730,0.039521,0.017086
0.353732,-44.143498,-355.577602,6.379738,6.462888,60.703154,-205.188435,4.174236,3.150439,0.608823,5.995548,0.040827,0.019167
0.354263,-46.300014,-353.124479,6.480539,6.389580,62.607117,-204.657854,3.688214,2.979555,0.632887,5.986314,0.039738,0.016975
0.354794,-48.105862,-350.434590,6.268019,6.634349,63.161365,-204.475062,3.832815,2.903608,0.651337,5.983588,0.039821,0.017574
0.355325,-49.957662,-348.339987,6.435657,6.760802,65.086219,-203.637137,3.498042,2.636377,0.671706,5.973828,0.039481,0.016031
0.355857,-52.122659,-345.872940,6.425887,6.724293,66.056568,-203.288410,3.887581,2.388696,0.692078,5.969008,0.039743,0.017639
0.356388,-53.468087,-343.274513,6.337673,6.606944,65.836532,-202.431700,3.753309,2.735493,0.702794,5.968747,0.039423,0.017232
0.356919,-55.203849,-341.432414,6.276096,6.693411,66.469249,-202.409935,3.292537,2.716425,0.718946,5.965891,0.038684,0.015213
0.357450,-56.115566,-339.698512,6.277711,6.459808,66.829283,-202.918380,3.916085,2.824125,0.732179,5.965032,0.039395,0.017895
0.357981,-57.630307,-337.694279,6.269142,6.764313,66.835545,-202.847913,3.795436,2.852886,0.745389,5.964901,0.039968,0.017388
0.358512,-58.756522,-336.707651,6.462386,6.411484,67.229835,-202.745331,3.976182,2.781137,0.754725,5.962998,0.039765,0.018138
0.359043,-59.992847,-335.391894,6.318253,6.577519,67.551832,-202.746177,3.825796,2.790572,0.765796,5.961569,0.039514,0.017479
0.359574,-60.650083,-334.117573,6.351149,6.521046,67.429364,-203.264267,3.666504,3.150150,0.774686,5.962876,0.039808,0.016897
0.360106,-61.481186,-333.538040,6.446702,6.529630,67.541667,-203.180813,3.678361,3.296342,0.780254,5.962256,0.040178,0.017010
0.360637,-62.683310,-332.933422,6.401064,6.467058,67.494077,-203.299054,3.649186,3.266549,0.787488,5.962641,0.039772,0.016867
0.361168,-63.120497,-332.151243,6.501134,6.776561,67.471979,-203.262876,3.653454,3.249764,0.791965,5.962685,0.040804,0.016881
0.361699,-63.600190,-331.823068,6.478180,6.685513,67.996973,-202.974525,3.502781,3.059542,0.795951,5.959933,0.039953,0.016167
0.362230,-64.170975,-331.534087,6.339619,6.639464,67.842699,-203.020326,3.396310,3.078136,0.798831,5.960685,0.039390,0.015724
0.362761,-64.474241,-331.731325,6.519021,6.663675,66.941566,-202.812662,3.932767,2.927182,0.794990,5.964378,0.040439,0.018006
0.363292,-64.642131,-331.908398,6.570684,6.630895,66.665431,-202.710132,3.944286,2.765119,0.793495,5.965456,0.040301,0.018019
0.363823,-65.082528,-332.051116,6.609972,6.804435,66.231463,-202.568139,3.332974,2.550827,0.792419,5.967183,0.039770,0.015323
0.364355,-65.074031,-332.520310,6.587752,6.861610,65.663542,-202.598068,3.773929,2.698847,0.788526,5.969761,0.040598,0.017304
0.364886,-65.304586,-333.471521,6.579852,6.448128,64.660247,-203.135705,3.845573,2.946968,0.783973,5.975016,0.039992,0.017693
0.365417,-65.447155,-334.516831,6.495589,6.330325,64.820711,-202.675234,3.329723,2.667157,0.779394,5.973641,0.038254,0.015386
0.365948,-65.662357,-335.542546,6.327739,6.610703,63.436925,-203.861256,3.617362,2.974909,0.775497,5.981506,0.039420,0.016699
0.366479,-65.296897,-337.061365,6.577701,6.491383,63.356321,-203.480477,3.713490,2.904614,0.766609,5.981336,0.039600,0.017123
0.367010,-64.792613,-338.407153,6.423639,6.574996,62.188738,-203.307811,3.253044,2.771295,0.754433,5.986339,0.038671,0.015120
0.367541,-64.422155,-340.062181,6.297317,6.790249,59.921374,-204.597139,3.906860,2.989307,0.742618,5.998278,0.040323,0.018023
0.368073,-63.879736,-341.658381,6.387551,6.687792,58.985452,-204.670579,3.893054,2.629964,0.731103,6.002592,0.039947,0.017892
0.368604,-63.777925,-344.292526,6.292461,6.799604,57.688425,-204.501901,3.497776,2.528338,0.715374,6.008237,0.039003,0.016169
0.369135,-62.562981,-345.796136,6.543100,6.762441,56.017848,-205.483591,3.398852,2.916369,0.701654,6.017038,0.040116,0.015812
0.369666,-61.890893,-347.984580,6.409377,6.816844,55.249023,-205.317722,3.718943,2.979142,0.687459,6.020321,0.040207,0.017278
0.370197,-60.982126,-351.832155,6.701549,6.388089,52.816049,-206.395090,3.378161,2.629399,0.663952,6.032664,0.039444,0.015663
0.370728,-59.638080,-354.443198,6.457957,6.682681,51.572169,-206.721838,3.672357,2.654678,0.645315,6.038700,0.039717,0.016994
0.371259,-58.201743,-357.162097,6.232200,6.519049,49.619269,-207.667265,4.126458,2.502510,0.624836,6.048646,0.039659,0.018994
0.371790,-57.177553,-359.494865,6.484574,6.492476,47.385353,-208.174340,3.719411,2.644682,0.604662,6.059375,0.039843,0.017208
0.372322,-55.423572,-362.446444,6.449645,6.743555,45.662575,-207.870955,3.975358,2.315412,0.579154,6.066952,0.040312,0.018393
0.372853,-53.560225,-365.322098,6.466128,6.549975,43.776208,-209.368751,4.075437,3.226099,0.557979,6.077068,0.041064,0.018904
0.373384,-51.639800,-368.093882,6.378092,6.840159,41.258643,-209.485731,3.874981,2.846600,0.529846,6.088722,0.040526,0.017992
0.373915,-49.697127,-370.120747,6.269087,6.658578,39.241047,-209.148942,3.738948,3.273873,0.504767,6.097719,0.039845,0.017501
0.374446,-47.542233,-372.617867,6.338770,6.719235,36.521198,-209.128970,3.262847,2.526450,0.474931,6.110294,0.038837,0.015278
0.374977,-44.777932,-375.391588,6.388473,6.706932,34.604660,-209.601944,3.218691,2.812749,0.446557,6.119564,0.039039,0.015104
0.375508,-42.293369,-378.240978,6.373278,6.747344,31.739905,-209.936539,3.561151,2.920663,0.414404,6.133134,0.039752,0.016711
0.376039,-39.443219,-380.554533,6.336868,6.753967,28.786077,-210.354023,3.257441,2.881872,0.381261,6.147184,0.039024,0.015312
0.376571,-36.145020,-383.034638,6.317452,6.617971,25.997520,-210.687368,3.618398,3.005367,0.346056,6.160412,0.039730,0.017005
0.377102,-33.409978,-385.733840,6.201689,6.885915,22.284643,-211.230030,4.218588,2.749453,0.308941,6.178075,0.040904,0.019798
0.377633,-29.708027,-387.724630,6.428242,6.776785,19.666464,-211.741308,3.840240,2.927226,0.273531,6.190571,0.040925,0.018026
0.378164,-25.987520,-389.601327,6.349296,6.705584,15.717841,-212.077881,3.790343,2.845289,0.230744,6.209207,0.040519,0.017802
0.378695,-22.681064,-391.167341,6.379913,6.713162,12.593264,-212.056897,3.314037,2.903967,0.194453,6.223869,0.039408,0.015594
0.379226,-18.976400,-392.553382,6.159556,6.975669,9.478096,-212.534697,3.800317,3.047282,0.156767,6.238619,0.039763,0.017857
0.379757,-14.776563,-393.459471,6.339969,6.898321,5.728875,-212.633061,3.721636,2.974068,0.112916,6.256249,0.040408,0.017494
0.380288,-10.698269,-394.144257,6.088747,6.930974,2.940074,-212.385622,3.523067,2.889513,0.074895,6.269343,0.038609,0.016586
0.380820,-6.605542,-394.364601,6.507336,6.815462,-0.589750,-212.504821,3.710540,3.011630,0.033067,6.285961,0.041168,0.017461
0.381351,-2.733086,-394.449110,6.125799,6.979043,-4.690239,-213.097112,3.675494,3.044823,-0.010792,6.305192,0.039390,0.017242
0.381882,1.488223,-394.224325,6.313819,6.975950,-8.164795,-212.324954,3.752085,3.558459,-0.053018,6.321621,0.040328,0.017657
0.382413,5.414293,-393.446472,6.400050,6.728145,-11.516880,-212.258894,3.894890,3.490217,-0.093175,6.337391,0.041175,0.018317
0.382944,9.455900,-392.285201,6.389451,6.799251,-14.817598,-212.379045,3.670313,2.856662,-0.134113,6.352842,0.040591,0.017224
0.383475,13.587856,-390.686994,6.316470,6.999793,-17.508323,-212.325321,3.258447,2.907153,-0.172608,6.365459,0.039336,0.015284
0.384006,17.055501,-389.129594,6.287969,7.092386,-21.256246,-210.721003,3.403100,2.936086,-0.211529,6.383719,0.039314,0.016048
0.384538,20.562460,-387.183337,6.385639,7.162666,-24.277756,-211.073201,3.705273,3.275324,-0.249317,6.397703,0.040796,0.017415
0.385069,24.895697,-385.244918,6.374595,7.058090,-27.406265,-211.206957,3.499398,3.301023,-0.291934,6.412225,0.040260,0.016416
0.385600,27.780152,-383.088802,6.545658,6.783156,-30.205291,-210.862933,3.598128,3.450165,-0.324762,6.425464,0.041182,0.016878
0.386131,31.139147,-380.491126,6.557413,6.725294,-32.783059,-209.879469,3.700943,3.531434,-0.358477,6.438133,0.041373,0.017404
0.386662,34.194603,-378.035491,6.124650,6.777751,-34.750033,-210.077677,3.654569,3.609903,-0.389515,6.447116,0.039732,0.017157
0.387193,36.920383,-376.117859,6.421601,6.471743,-38.004367,-210.557149,3.354467,3.388063,-0.424974,6.461757,0.039924,0.015683
0.387724,40.168162,-373.922963,6.195878,6.852921,-40.238583,-210.037666,3.747248,3.188173,-0.456122,6.472470,0.040009,0.017436
0.388255,42.705017,-371.278644,6.573671,6.525966,-42.611035,-209.809280,3.643308,3.606508,-0.486088,6.483554,0.041084,0.017011
0.388787,44.931455,-368.685683,6.565639,6.902779,-44.955221,-209.659156,3.614280,3.536735,-0.514461,6.494408,0.041379,0.016840
0.389318,47.051882,-365.828064,6.540899,6.683448,-46.419917,-209.207139,3.508307,3.217499,-0.538065,6.501533,0.040688,0.016310
0.389849,49.234316,-363.277186,6.495033,6.561021,-47.716311,-208.724419,3.100295,3.555854,-0.560250,6.507932,0.039864,0.014593
0.390380,50.903542,-359.479591,6.637400,6.592297,-49.887963,-207.180512,3.316851,3.142181,-0.584626,6.519482,0.040434,0.015521
0.390911,52.790154,-356.892899,6.726091,6.231276,-51.559564,-207.503882,3.576215,3.168511,-0.609725,6.526728,0.040707,0.016621
0.391442,54.789456,-354.467431,6.868194,6.157524,-53.135903,-207.303454,3.618219,3.186818,-0.632771,6.534103,0.041005,0.016790
0.391973,56.473029,-352.163804,6.719336,6.557648,-53.910054,-206.110122,3.225225,3.608199,-0.647184,6.539014,0.040775,0.015260
0.392504,57.744142,-349.972951,6.776741,6.565672,-55.428219,-206.337369,3.572938,3.821944,-0.667327,6.545619,0.041761,0.016804
0.393036,59.440836,-347.751451,6.616825,6.382964,-56.098319,-205.969870,3.254758,3.483022,-0.683766,6.549097,0.040095,0.015323
0.393567,60.332683,-346.265156,6.726421,6.222984,-57.117438,-206.410859,3.608553,3.310722,-0.698545,6.553147,0.040503,0.016754
0.394098,61.979013,-344.585110,6.850177,6.263099,-58.043017,-205.645949,3.297356,3.075808,-0.712478,6.558277,0.039989,0.015357
0.394629,62.731938,-342.518764,6.885041,6.341998,-58.773329,-205.577978,3.688011,3.275688,-0.725745,6.561650,0.041086,0.017111
0.395160,63.709363,-341.143446,6.739630,6.416971,-59.409802,-205.798657,3.537156,3.117963,-0.738132,6.564224,0.040440,0.016371
0.395691,64.713984,-339.732084,6.899682,6.335595,-59.591118,-205.546683,3.437294,3.629016,-0.747194,6.565365,0.041130,0.016133
0.396222,65.364203,-338.796771,6.711051,6.434698,-59.967672,-205.734759,3.598977,3.638743,-0.755491,6.566808,0.041091,0.016809
0.396753,65.968352,-337.620840,6.814383,6.371006,-60.570187,-206.231674,3.522370,3.568557,-0.766594,6.568852,0.041092,0.016405
0.397285,66.797959,-336.848657,6.881516,6.234952,-60.665934,-205.919757,3.508361,3.545456,-0.771989,6.569689,0.040831,0.016357
0.397816,67.386311,-336.136974,6.737444,6.218955,-60.858916,-205.420724,3.571601,3.792963,-0.775856,6.571212,0.040739,0.016756
0.398347,67.857939,-335.816803,6.822251,6.362496,-61.062163,-205.566582,3.539531,3.883059,-0.780266,6.571927,0.041317,0.016641
0.398878,68.139552,-335.436335,6.965082,6.248695,-60.615037,-205.111379,3.577631,3.480700,-0.779337,6.570529,0.040956,0.016691
0.399409,68.310917,-335.484727,7.009895,6.317156,-60.615037,-205.111379,3.577631,3.480700,-0.779816,6.570529,0.041189,0.016691
0.399940,68.843140,-335.396910,7.051462,6.248861,-60.365787,-205.298976,3.681441,2.855639,-0.781970,6.569164,0.040555,0.016929
0.400471,68.905814,-335.680415,7.002560,6.418523,-59.931325,-205.062390,3.370969,3.056750,-0.778534,6.567525,0.040620,0.015668
0.401003,69.471957,-335.853932,6.895398,6.381873,-59.186196,-205.894059,3.585055,3.681746,-0.780365,6.563098,0.041419,0.016769
0.401534,69.755977,-336.844944,6.806495,6.392825,-58.697709,-205.842684,3.628710,3.290161,-0.775576,6.560971,0.040667,0.016839
0.402065,69.698161,-337.335396,6.769316,6.540422,-57.839722,-205.855129,3.296397,2.607641,-0.770179,6.557096,0.039835,0.015204
0.402596,69.587700,-338.552549,6.747574,6.400299,-57.352435,-205.318758,3.668938,3.301750,-0.761213,6.555576,0.040519,0.017092
0.403127,69.297656,-340.741195,6.959451,6.453465,-55.651910,-206.645389,3.300122,2.784358,-0.750105,6.546255,0.040356,0.015270
0.403658,69.130217,-342.191980,6.851797,6.280651,-54.837242,-206.629760,3.677872,3.009722,-0.740752,6.542594,0.040380,0.017016
0.404189,68.324926,-343.805667,6.811063,6.468924,-53.750101,-207.361894,3.423926,2.701655,-0.729874,6.536812,0.040185,0.015793
0.404720,68.173779,-345.563129,6.829304,6.585627,-52.503660,-207.501012,3.625196,3.464414,-0.718309,6.531012,0.041487,0.016893
0.405252,67.783522,-347.340532,6.962462,6.476276,-51.013983,-207.391586,3.594867,3.294386,-0.703834,6.524376,0.041414,0.016755
0.405783,66.858599,-349.367725,6.682975,6.527930,-49.813251,-207.745566,3.275525,3.594382,-0.689100,6.518522,0.040582,0.015417
0.406314,66.310256,-351.514227,6.841244,6.397674,-48.329836,-208.707026,3.565042,2.850914,-0.676422,6.510742,0.040650,0.016488
0.406845,65.665951,-354.191098,6.747404,6.458488,-46.617759,-208.881207,3.701746,3.172477,-0.657883,6.502765,0.040912,0.017187
0.407376,64.453242,-355.361185,6.711073,6.534228,-44.593571,-207.911438,3.661693,2.560106,-0.636781,6.494468,0.040511,0.017025
0.407907,63.421761,-357.634375,6.741481,6.563750,-42.803678,-207.933398,3.833316,2.971175,-0.617129,6.486202,0.041269,0.017910
0.408438,62.445922,-360.543034,6.583922,6.714209,-40.783941,-209.239484,3.676340,3.083226,-0.598727,6.475687,0.040907,0.017152
0.408969,60.898825,-363.215910,6.583566,6.596544,-38.547175,-208.606236,3.806697,3.031822,-0.571585,6.465909,0.040829,0.017836
0.409501,59.399186,-365.994931,6.578811,6.779419,-36.651828,-208.542261,3.679773,3.193863,-0.547763,6.457161,0.040806,0.017315
0.410032,57.828362,-368.437740,6.572127,6.862926,-33.956207,-210.527177,3.620788,3.354960,-0.526514,6.443099,0.041271,0.016949
0.410563,55.797866,-371.025978,6.508505,6.677527,-31.199191,-210.480509,3.594626,2.969917,-0.496591,6.430342,0.040561,0.016836
0.411094,53.942294,-373.762643,6.426068,6.658075,-28.278193,-211.289300,3.568704,3.120145,-0.468480,6.416231,0.040370,0.016706
0.411625,51.542227,-376.088761,6.340837,6.680688,-25.819756,-211.286849,3.258645,2.998577,-0.438889,6.404785,0.039353,0.015292
0.412156,49.534253,-378.949031,6.376081,7.001901,-22.589847,-211.679308,3.659299,3.419726,-0.407097,6.389500,0.040747,0.017177
0.412687,46.981022,-381.313336,6.359017,6.763810,-19.685981,-211.808791,3.244485,3.189896,-0.374722,6.375861,0.039448,0.015250
0.413218,44.031877,-383.375583,6.439279,7.019103,-16.647999,-211.870774,3.687252,3.503303,-0.340064,6.361600,0.041054,0.017345
0.413750,41.354340,-385.793819,6.488647,6.731403,-13.739594,-212.635600,3.417491,3.221798,-0.308043,6.347711,0.040424,0.016035
0.414281,38.352354,-387.848797,6.132326,7.092288,-10.121349,-212.373246,3.674148,3.283472,-0.269520,6.330808,0.039539,0.017277
0.414812,35.025139,-389.231610,6.210640,7.095790,-7.023860,-212.060165,3.531887,2.917025,-0.233024,6.316295,0.039396,0.016643
0.415343,32.164050,-390.754252,6.419850,6.962721,-3.382383,-212.367163,3.170173,2.883102,-0.196689,6.299111,0.039444,0.014926
0.415874,28.585761,-391.867168,6.291875,6.881731,-0.086397,-212.435836,3.608585,3.317286,-0.158455,6.283592,0.039971,0.016987
0.416405,25.202812,-392.769604,6.453379,7.034688,3.640263,-212.219787,3.683847,3.110979,-0.118864,6.266034,0.040887,0.017355
0.416936,21.741443,-393.807376,6.003617,6.919690,7.361786,-212.211718,3.546514,3.060603,-0.079020,6.248508,0.038299,0.016700
0.417468,18.211019,-393.532237,6.434340,6.858411,11.439317,-212.345702,3.543526,3.153658,-0.037357,6.229366,0.040515,0.016658
0.417999,14.292358,-393.741839,6.444309,6.919010,13.858976,-212.137597,3.766852,3.083997,-0.002386,6.217948,0.041103,0.017706
0.418530,10.723106,-393.298756,6.265981,6.800533,18.029178,-211.736160,3.600115,3.512070,0.040218,6.198241,0.039774,0.016939
0.419061,7.127618,-392.606760,6.169104,6.852038,21.590691,-211.564778,3.672680,3.228504,0.079719,6.181485,0.039545,0.017250
0.419592,3.980230,-391.771296,6.168775,6.859389,25.694721,-210.358287,3.719872,2.850763,0.119130,6.161640,0.039444,0.017500
0.420123,0.607522,-390.315255,6.321724,6.767261,28.904522,-210.199040,4.005532,3.019400,0.155830,6.146532,0.041037,0.018802
0.420654,-2.919730,-389.108290,6.140066,6.897388,31.735714,-210.021500,3.612045,3.144716,0.191149,6.133213,0.039147,0.016959
0.421185,-5.997509,-386.971963,6.223705,6.687904,34.677504,-209.174917,4.085077,2.676248,0.224902,6.118897,0.040752,0.019119
0.421717,-8.766461,-386.242940,6.470680,6.679052,37.959032,-210.018251,3.689915,2.823054,0.259183,6.104374,0.040787,0.017176
0.422248,-11.901380,-384.119487,6.343989,6.750251,40.344932,-209.565475,3.843487,3.060564,0.290827,6.092995,0.040707,0.017891
0.422779,-14.559640,-381.875577,6.381086,6.706980,43.217967,-209.445531,3.797142,3.076788,0.323320,6.079697,0.040806,0.017630
0.423310,-16.782579,-379.597936,6.445894,6.835273,45.819569,-208.858010,3.788280,2.962399,0.351432,6.067225,0.041096,0.017558
0.423841,-18.974089,-376.697661,6.420800,6.730897,49.264968,-207.561332,3.612094,2.903115,0.383482,6.050146,0.040365,0.016772
0.424372,-21.594118,-374.285348,6.511547,6.807163,51.474777,-206.878137,3.829475,2.908042,0.411549,6.039320,0.041225,0.017740
0.424903,-23.398548,-371.373545,6.596219,6.857433,54.219260,-206.116132,3.822331,3.135400,0.439097,6.025961,0.041674,0.017744
0.425434,-25.357286,-369.023578,6.464195,6.781643,55.638713,-205.772409,3.796008,3.016602,0.460558,6.019110,0.041055,0.017583
0.425966,-27.152478,-366.911708,6.526881,6.770695,58.557750,-204.771461,3.225571,2.732053,0.486279,6.004653,0.039722,0.014982
0.426497,-29.105656,-364.792764,6.545696,6.818697,59.883460,-204.756801,3.933670,2.721952,0.507482,5.998659,0.041330,0.018056
0.427028,-30.261068,-361.908355,6.417323,6.562057,62.523632,-204.235643,3.978496,3.213056,0.531894,5.986110,0.040933,0.018347
0.427559,-31.542788,-360.179124,6.506519,6.651441,63.803220,-203.693297,3.657982,3.058800,0.547226,5.979634,0.040524,0.016905
0.428090,-33.202107,-358.016597,6.496322,6.456125,65.799879,-202.565415,3.744966,2.728000,0.567089,5.969105,0.039938,0.017185
0.428621,-33.657811,-355.929741,6.596497,6.432348,67.092144,-203.377882,3.769434,3.119772,0.583673,5.964538,0.040828,0.017327
0.429152,-34.476788,-353.896146,6.423600,6.644573,68.885973,-202.799488,3.621047,2.984169,0.599964,5.955738,0.040124,0.016624
0.429684,-35.623303,-352.546595,6.475812,6.567674,69.496092,-202.881967,3.732467,3.276465,0.612312,5.953168,0.040626,0.017194
0.430215,-36.113491,-350.798104,6.374565,6.756090,71.643013,-201.371136,3.712882,3.064146,0.624768,5.941374,0.040120,0.017057
0.430746,-36.949011,-349.297781,6.461299,6.753710,72.734919,-200.963608,3.764225,2.787191,0.636707,5.935922,0.040208,0.017146
0.431277,-37.349308,-347.776712,6.625088,6.640116,72.965735,-201.491518,3.854910,3.217328,0.646126,5.935747,0.041275,0.017669
0.431808,-37.767947,-346.654385,6.495916,6.733369,75.194085,-200.228537,3.735275,2.732880,0.657096,5.923940,0.040066,0.016955
0.432339,-38.060420,-345.304118,6.454606,6.777721,76.082543,-199.825290,3.177187,2.637663,0.665281,5.919387,0.039069,0.014564
0.432870,-37.905580,-344.918115,6.492272,6.712390,75.175510,-199.970752,3.932204,2.859211,0.662521,5.923597,0.040689,0.017861
0.433401,-38.078158,-344.176282,6.537396,6.538894,76.154101,-199.971106,4.005406,3.260462,0.669937,5.919317,0.040931,0.018314
0.433933,-38.102933,-343.357866,6.466225,6.846839,77.358943,-199.237055,3.643357,3.038596,0.675440,5.912827,0.040337,0.016703
0.434464,-37.971627,-343.420826,6.509433,6.815703,76.872690,-199.102538,3.826331,2.887786,0.672157,5.914722,0.040629,0.017420
0.434995,-37.859353,-342.971679,6.477633,6.821249,77.818817,-199.010848,3.636065,2.884279,0.676895,5.910437,0.040176,0.016592
0.435526,-37.930424,-343.286110,6.491105,6.894573,77.376428,-199.118502,3.986641,2.954659,0.674626,5.912549,0.041018,0.018102
0.436057,-37.858208,-343.257865,6.451378,6.789812,77.368331,-199.272586,4.056308,3.290625,0.674903,5.912846,0.041164,0.018546
0.436588,-36.740302,-343.515163,6.525942,6.817095,77.757586,-199.069155,4.226385,3.002469,0.670255,5.910803,0.041508,0.019116
0.437119,-36.148785,-343.437911,6.483784,6.677450,77.531402,-198.978523,4.331189,3.004348,0.666724,5.911636,0.041448,0.019576
0.437650,-35.537299,-344.309261,6.582464,6.682690,77.594018,-199.211680,4.202533,3.020094,0.662234,5.911759,0.041487,0.019021
0.438182,-35.231018,-344.995190,6.581249,6.806114,77.252364,-199.479321,3.927622,3.190029,0.658058,5.913701,0.041372,0.017949
0.438713,-34.011112,-346.090587,6.519777,6.598236,76.960074,-199.429498,3.959906,3.044786,0.647744,5.914892,0.040773,0.018027
0.439244,-33.588364,-347.330161,6.401849,6.790362,77.266941,-198.553347,3.724644,2.601259,0.640365,5.912068,0.039662,0.016883
0.439775,-32.044141,-348.502293,6.421191,6.727856,76.578974,-199.978225,3.802108,3.305152,0.631458,5.917475,0.040619,0.017476
0.440306,-31.587028,-349.940823,6.477644,6.443445,75.196153,-199.968472,3.799243,3.152315,0.618747,5.923503,0.040185,0.017437
0.440837,-29.833163,-351.612571,6.469102,6.622864,74.653833,-200.223500,3.822015,2.936252,0.604111,5.926299,0.040381,0.017433
0.441368,-28.992274,-353.279410,6.459320,6.824781,73.194045,-200.290826,3.785073,2.734566,0.588880,5.932823,0.040469,0.017243
0.441899,-27.492294,-355.129893,6.529744,6.829917,72.614004,-200.873379,3.923668,2.989340,0.575644,5.936310,0.041166,0.017919
0.442431,-25.661510,-357.226061,6.466282,6.631467,71.844717,-201.028276,3.840519,2.909740,0.558059,5.939946,0.040425,0.017551
0.442962,-23.971947,-359.330489,6.575194,6.700658,70.483694,-200.751131,3.396697,2.511301,0.537205,5.945531,0.039752,0.015562
0.443493,-22.115151,-361.660884,6.495308,6.526110,69.568358,-201.351433,3.814602,2.729894,0.519513,5.950519,0.040191,0.017434
0.444024,-20.643578,-363.538084,6.330899,6.713560,67.412921,-201.641826,3.842056,2.515364,0.498153,5.960547,0.039894,0.017544
0.444555,-18.465454,-366.086231,6.389723,6.814251,65.660808,-202.865435,3.782578,2.691580,0.475903,5.970160,0.040325,0.017319
0.445086,-16.487703,-368.409719,6.352674,6.807587,65.025608,-202.865939,3.733136,2.663610,0.457547,5.972997,0.039870,0.017118
0.445617,-14.019994,-370.617801,6.521597,6.719919,63.333926,-203.084240,3.396365,2.600026,0.432559,5.980883,0.039708,0.015670
0.446149,-11.132081,-372.831666,6.596615,6.662637,60.552361,-204.621547,4.173651,3.137486,0.402853,5.995472,0.042329,0.019213
0.446680,-8.669834,-375.352059,6.422739,6.524244,58.504422,-205.003101,4.132418,2.907967,0.375612,6.005192,0.041355,0.019012
0.447211,-6.072124,-377.510612,6.402516,6.828706,56.734848,-205.534701,3.988710,3.003827,0.350158,6.013857,0.041148,0.018418
0.447742,-3.035188,-380.094567,6.521712,6.646810,54.924303,-205.945315,3.609580,3.222980,0.321284,6.022558,0.040576,0.016821
0.448273,-0.164387,-382.162396,6.376715,6.656841,51.667468,-206.717499,3.694380,3.273627,0.287260,6.038261,0.040305,0.017228
0.448804,2.806498,-384.249550,6.294085,6.891811,48.981434,-207.343733,4.254827,2.938353,0.255318,6.051205,0.041517,0.019693
0.449335,6.367334,-386.155512,6.272131,6.955039,46.266807,-207.842893,4.228857,2.838385,0.220135,6.064152,0.041386,0.019601
0.449866,10.180858,-387.763717,6.300073,6.868224,43.861996,-207.626180,3.707963,2.790667,0.184840,6.074992,0.039909,0.017311
0.450398,13.344664,-389.116024,6.226496,6.914157,40.286000,-208.848080,4.365988,2.996441,0.148354,6.092630,0.041714,0.020331
0.450929,17.059579,-390.411810,6.205296,6.684638,37.264581,-209.836841,3.899320,3.127260,0.111429,6.107429,0.040337,0.018196
0.451460,20.876458,-391.512708,6.158514,6.986187,35.007982,-209.964579,3.633602,3.160000,0.077682,6.117972,0.039285,0.017014
0.451991,24.671972,-392.148014,6.197020,6.836547,31.940132,-209.598977,3.780276,2.963618,0.039794,6.131962,0.039735,0.017752
0.452522,28.535266,-392.038864,6.287801,6.935777,29.081617,-210.462726,3.434455,2.921873,0.003009,6.145875,0.039458,0.016123
0.453053,32.337615,-392.770838,6.390671,6.816518,24.897784,-210.838222,3.197433,3.449330,-0.040871,6.165640,0.039250,0.015078
0.453584,36.456625,-392.453493,6.412449,6.778447,21.728320,-211.580712,3.849151,2.996330,-0.081250,6.180849,0.041211,0.018060
0.454115,40.086332,-391.804889,6.388538,6.919747,18.505009,-211.272754,3.298702,3.736237,-0.118978,6.195820,0.039599,0.015571
0.454647,44.202897,-391.061917,6.447242,6.756887,15.263872,-211.868577,3.425430,3.250051,-0.160114,6.211266,0.040249,0.016122
0.455178,47.786655,-389.853283,6.280138,6.893545,11.878946,-211.684000,3.679868,2.896788,-0.198873,6.227128,0.040092,0.017346
0.455709,51.274387,-388.684733,6.267410,6.966471,8.346743,-212.367656,3.276615,3.355613,-0.238822,6.243902,0.039185,0.015418
0.456240,54.576554,-386.998898,6.325484,6.804034,5.174717,-212.098248,3.371296,3.273402,-0.275285,6.258792,0.039598,0.015890
0.456771,57.900458,-384.845498,6.449165,6.647049,1.989215,-212.668906,3.323297,3.251553,-0.313989,6.273832,0.040154,0.015626
0.457302,61.192911,-382.779071,6.411981,6.694889,-1.176856,-211.502239,3.291444,3.418955,-0.349221,6.288750,0.039743,0.015562
0.457833,63.687157,-380.299534,6.520324,6.679340,-4.313078,-212.331045,3.588823,3.240223,-0.384671,6.303496,0.041057,0.016898
0.458364,67.042888,-377.940493,6.363194,6.874523,-7.016493,-211.948456,3.412884,3.489967,-0.419658,6.316278,0.040185,0.016094
0.458896,69.480626,-376.363451,6.520203,6.674577,-10.093900,-212.321979,3.608576,3.751607,-0.451647,6.330690,0.041089,0.016978
0.459427,71.423197,-373.517077,6.501274,6.633381,-12.951122,-212.349840,3.556273,3.412804,-0.482286,6.344099,0.040793,0.016714
0.459958,73.616481,-370.647269,6.473948,6.471418,-15.774943,-212.510158,3.557433,3.698514,-0.514497,6.357281,0.040754,0.016698
0.460489,75.921060,-368.304359,6.816642,6.414364,-18.404050,-211.371880,3.810655,3.200954,-0.541195,6.370036,0.041752,0.017940
0.461020,78.006759,-365.535893,6.731815,6.529622,-20.214097,-212.072297,3.734602,3.422256,-0.569332,6.378215,0.041739,0.017518
0.461551,79.961259,-362.682327,6.738888,6.451330,-22.505517,-211.731517,3.635767,3.692769,-0.596362,6.389080,0.041587,0.017078
0.462082,80.976102,-359.258675,6.614243,6.460192,-24.952531,-211.190677,3.583057,3.541162,-0.620990,6.400792,0.041032,0.016846
0.462614,82.605563,-356.272773,6.668421,6.526996,-27.334691,-210.330672,3.614512,3.480394,-0.645619,6.412422,0.041142,0.017031
0.463145,83.865936,-353.782703,6.578945,6.473465,-29.301282,-210.310310,3.496359,3.826397,-0.667858,6.421618,0.040918,0.016497
0.463676,84.624901,-351.227784,6.726460,6.476050,-30.974168,-209.498347,3.591491,3.236889,-0.684200,6.429971,0.040863,0.016925
0.464207,86.043347,-349.036504,6.796359,6.344882,-32.561063,-209.917027,3.617800,3.765307,-0.705965,6.437073,0.041385,0.017047
0.464738,86.529596,-346.878904,6.875852,6.318348,-34.479569,-209.454106,3.670178,3.489150,-0.721964,6.446338,0.041220,0.017268
0.465269,87.751186,-344.894540,6.707521,6.227293,-36.353200,-209.866941,3.733417,3.252172,-0.743270,6.454704,0.040271,0.017467
0.465800,87.920912,-342.755274,6.660443,6.353832,-37.134501,-209.602793,3.664050,3.296941,-0.754050,6.458532,0.040495,0.017163
0.466331,88.240379,-341.146989,6.913590,6.292243,-38.649839,-209.014945,3.657247,2.905323,-0.765164,6.466034,0.040435,0.017101
0.466863,88.760561,-339.294178,6.845031,6.225535,-40.624514,-209.089731,3.804178,3.060908,-0.782242,6.475087,0.040317,0.017745
0.467394,89.229389,-338.046521,6.682379,6.250387,-41.395640,-209.804926,3.815694,3.410338,-0.794605,6.477989,0.040468,0.017775
0.467925,89.321760,-336.422211,6.769386,6.292024,-42.264151,-208.837351,3.578370,3.456856,-0.800835,6.482867,0.040454,0.016772
0.468456,89.549904,-335.355928,6.802283,6.484314,-43.369538,-208.508366,3.813764,2.729390,-0.808768,6.488260,0.040324,0.017725
0.468987,89.401060,-334.332236,6.809280,6.366999,-44.671582,-207.733483,3.749829,3.149890,-0.814062,6.495002,0.040276,0.017533
0.469518,89.505862,-333.356413,6.802283,6.484314,-45.289989,-207.982347,3.678804,3.077271,-0.821596,6.497597,0.040418,0.017165
0.470049,89.391215,-332.966119,6.843080,6.339857,-45.020541,-207.542633,3.559248,3.613801,-0.819977,6.496798,0.040763,0.016771
0.470580,89.244844,-332.852758,6.898390,6.311809,-46.800307,-206.779399,3.693862,3.322601,-0.823423,6.505765,0.040224,0.017342
0.471112,89.001214,-332.321133,6.793233,6.311790,-46.031722,-207.336759,3.310432,3.048009,-0.824025,6.501656,0.039495,0.015531
0.471643,88.616403,-332.222801,6.803995,6.381829,-46.946960,-206.869285,3.604194,3.382298,-0.824509,6.506346,0.040330,0.016941
0.472174,87.883166,-332.142337,6.807132,6.402568,-47.146100,-208.529764,3.615870,3.625937,-0.829510,6.505535,0.041076,0.016915
0.472705,87.557558,-332.205239,6.780534,6.451526,-47.147813,-208.279503,3.600609,3.788861,-0.827054,6.505801,0.041368,0.016905
0.473236,87.137775,-332.373758,6.697502,6.461140,-47.337914,-208.397177,3.664601,3.810152,-0.825999,6.506547,0.041347,0.017182
0.473767,85.822883,-333.314707,6.813424,6.396115,-47.462268,-208.817886,3.617908,3.732313,-0.819477,6.506679,0.041401,0.016921
0.474298,85.571915,-333.998371,6.797604,6.351460,-47.186581,-208.761955,3.626125,3.757283,-0.814546,6.505480,0.041282,0.016973
0.474829,84.950721,-334.761027,6.617230,6.215157,-47.807805,-208.549834,3.899987,4.109529,-0.810675,6.508531,0.041277,0.018278
0.475361,83.558275,-337.543915,6.726921,6.325925,-47.017849,-209.694862,3.544360,3.778853,-0.795950,6.503758,0.040956,0.016547
0.475892,82.396553,-338.649086,6.854701,6.306974,-47.144225,-209.563686,3.593725,3.830324,-0.787159,6.504465,0.041344,0.016785
0.476423,81.513560,-340.038947,6.726845,6.403681,-46.454638,-209.315460,3.479088,3.565451,-0.774748,6.501581,0.040752,0.016246
0.476954,80.039735,-342.176866,6.690476,6.514188,-46.413586,-209.450877,3.645502,3.392446,-0.761201,6.501258,0.040856,0.016939
0.477485,78.665601,-344.020254,6.916598,6.401735,-45.693753,-209.260779,3.463166,3.824571,-0.745283,6.498169,0.041493,0.016249
0.478016,77.535465,-345.791938,6.622143,6.404275,-44.672997,-208.911293,3.573102,3.184981,-0.728829,6.493850,0.040120,0.016650
0.478547,75.861092,-347.927144,6.723391,6.461838,-43.878530,-209.654051,3.235786,3.837962,-0.713690,6.489498,0.040920,0.015235
0.479079,74.332291,-350.390541,6.706784,6.453547,-42.931061,-209.049890,3.525830,3.259774,-0.692561,6.485732,0.040498,0.016473
0.479610,72.303722,-352.729493,6.624859,6.509093,-41.710321,-209.457155,3.223522,3.316941,-0.672166,6.479749,0.040106,0.015110
0.480141,70.580083,-355.592525,6.679443,6.592157,-40.693088,-209.645035,3.406079,3.735518,-0.651402,6.474906,0.041013,0.016008
0.480672,68.725995,-357.041520,6.517567,6.829286,-39.448849,-208.203772,3.384253,2.813484,-0.628485,6.470438,0.039993,0.015885
0.481203,66.330487,-359.785664,6.549934,6.644916,-38.673807,-208.956966,3.855894,2.871527,-0.608159,6.466195,0.040725,0.018011
0.481734,64.170997,-362.575920,6.471006,6.676302,-36.680646,-209.391377,3.591990,3.529404,-0.582235,6.456603,0.040605,0.016888
0.482265,61.377071,-365.381750,6.493351,6.605400,-34.520736,-209.426102,3.617139,3.465612,-0.551307,6.446551,0.040639,0.017023
0.482796,58.909428,-368.054268,6.482394,6.637591,-33.023115,-210.654918,3.532771,3.682972,-0.528625,6.438684,0.040795,0.016585
0.483328,56.016621,-371.002378,6.570432,6.427358,-31.370307,-211.143692,3.712137,3.511732,-0.500268,6.430680,0.041145,0.017370
0.483859,53.200458,-373.747088,6.514378,6.758964,-29.080131,-211.141306,3.465326,3.290565,-0.468446,6.420053,0.040646,0.016244
0.484390,49.938952,-376.361570,6.454144,6.837677,-26.971321,-211.586967,3.554841,3.347816,-0.436704,6.409973,0.040765,0.016651
0.484921,46.804888,-379.395490,6.367014,6.827658,-24.715779,-210.966571,3.576784,3.295828,-0.401561,6.399809,0.040146,0.016822
0.485452,43.140710,-381.392275,6.408435,6.705610,-22.727735,-211.703070,3.611717,3.495968,-0.370268,6.390132,0.040563,0.016957
0.485983,39.636758,-383.701622,6.434101,6.694249,-20.152953,-211.689135,3.774323,3.667483,-0.334526,6.378100,0.041066,0.017745
0.486514,35.977807,-386.035918,6.281526,7.070489,-17.348218,-211.621921,3.347810,3.275467,-0.296718,6.364980,0.039357,0.015765
0.487045,31.959278,-387.827786,6.274732,6.884750,-14.535521,-212.077370,3.773090,3.273125,-0.258625,6.351617,0.040385,0.017739
0.487577,27.692386,-389.774748,6.337688,6.853140,-11.865806,-212.427944,3.526124,3.522487,-0.219463,6.338985,0.040036,0.016573
0.488108,23.415076,-391.287003,6.328394,6.942865,-9.391663,-212.032973,3.368214,3.155494,-0.181015,6.327450,0.039424,0.015868
0.488639,19.513728,-392.386206,6.369783,6.987820,-6.909032,-212.427156,4.182425,3.472870,-0.145785,6.315698,0.041916,0.019675
0.489170,14.995006,-393.034660,6.070965,7.047592,-3.086844,-212.033478,3.677394,2.845256,-0.099569,6.297743,0.039049,0.017341
0.489701,10.446704,-393.935303,6.194763,6.645813,-0.492631,-211.746773,3.798483,2.898974,-0.059972,6.285512,0.039813,0.017939
0.490232,6.240283,-394.314654,6.300517,6.846882,2.715336,-212.227428,3.568247,3.021377,-0.019356,6.270392,0.039759,0.016812
0.490763,1.571260,-393.710700,6.424050,6.819955,5.904777,-211.614410,3.644014,2.825435,0.023793,6.255289,0.040547,0.017211
0.491294,-3.069123,-393.474037,6.284935,6.949610,8.758899,-212.211988,3.926568,3.424202,0.065161,6.241934,0.040805,0.018484
0.491826,-7.408220,-392.612181,6.358053,6.838697,11.092437,-211.647662,4.269067,2.983059,0.101880,6.230823,0.042089,0.020129
0.492357,-11.477483,-391.872351,6.204931,6.780023,14.449250,-211.679158,4.160553,3.217921,0.142902,6.215031,0.041041,0.019591
0.492888,-15.665512,-391.274431,6.348037,6.877194,17.357962,-212.906596,3.857133,3.412601,0.183070,6.201837,0.040995,0.018044
0.493419,-20.032234,-389.858380,6.257722,6.924783,20.390480,-212.599213,4.146509,3.265074,0.224209,6.187567,0.041330,0.019381
0.493950,-24.118278,-388.154435,6.316230,6.752809,22.823096,-212.023612,3.992308,3.130499,0.260460,6.175954,0.040983,0.018680
0.494481,-28.013191,-386.255123,6.349235,6.696815,26.128581,-211.144270,3.684561,3.005504,0.299863,6.160064,0.040051,0.017275
0.495012,-31.900935,-383.795929,6.246701,6.702085,27.752583,-211.218405,3.725543,2.939824,0.332805,6.152541,0.039859,0.017432
0.495544,-34.753110,-381.619032,6.405731,6.540676,30.479252,-210.789697,4.196218,2.670726,0.364769,6.139585,0.041479,0.019582
0.496075,-38.410800,-378.920350,6.363516,6.814906,32.277017,-211.093957,3.976681,3.205126,0.398644,6.131457,0.041229,0.018547
0.496606,-41.151168,-376.705557,6.486948,6.700271,34.878611,-210.556975,4.127276,3.200833,0.429157,6.119027,0.041833,0.019235
0.497137,-44.372002,-374.179357,6.387146,6.871343,36.812248,-210.106699,4.190795,2.937481,0.459484,6.109738,0.041554,0.019497
0.497668,-47.087931,-370.342080,6.579478,6.682555,39.261240,-209.192408,3.787299,3.242517,0.491901,6.097663,0.041326,0.017713
0.498199,-49.464426,-368.168338,6.515311,6.499151,40.385398,-208.467011,4.278922,2.643478,0.512474,6.091830,0.041556,0.019924
0.498730,-51.672648,-365.588284,6.421511,6.742387,43.071045,-207.693878,3.393142,2.720443,0.540452,6.078706,0.039453,0.015879
0.499261,-54.046693,-362.640102,6.372960,6.671559,44.195232,-207.629916,4.063839,2.721248,0.564886,6.073460,0.040643,0.018913
0.499793,-56.313443,-360.433340,6.247083,6.465381,45.937390,-208.237567,3.930096,3.079068,0.591574,6.066062,0.039884,0.018264
0.500324,-58.163701,-357.962413,6.287227,6.645284,46.894550,-208.364598,3.799965,3.261888,0.612249,6.061814,0.040289,0.017679
0.500855,-60.183200,-355.686293,6.192650,6.686889,48.930302,-207.040618,3.806975,2.687029,0.633215,6.051112,0.039304,0.017656
0.501386,-61.767617,-352.986922,6.494486,6.360503,50.265588,-206.736140,4.046520,2.559833,0.653685,6.044675,0.039992,0.018698
0.501917,-63.497826,-351.047028,6.454632,6.460970,50.907508,-206.766221,3.847030,2.592644,0.670418,6.041779,0.039677,0.017782
0.502448,-64.197777,-348.932897,6.378583,6.630342,51.692315,-206.012055,3.630446,2.450803,0.681333,6.037342,0.039311,0.016815
0.502979,-65.721423,-347.143434,6.413506,6.521676,53.072912,-206.122289,3.919565,2.697374,0.700058,6.031177,0.039750,0.018111
0.503510,-66.816400,-345.343277,6.576221,6.455767,53.368304,-206.180969,3.987474,3.183974,0.712354,6.029902,0.040703,0.018508
0.504042,-67.512262,-343.682612,6.313469,6.675009,54.065757,-206.468716,3.948014,3.132504,0.725053,6.027076,0.040443,0.018277
0.504573,-68.696314,-342.280346,6.537140,6.557550,54.950132,-205.922947,3.791212,2.959747,0.736549,6.022414,0.040178,0.017556
0.505104,-69.455246,-341.328700,6.397347,6.641384,55.105212,-206.386920,3.694945,3.424104,0.745415,6.022272,0.040441,0.017216
0.505635,-69.839454,-339.734590,6.435723,6.692261,56.509622,-205.644971,3.964901,3.157683,0.755686,6.015012,0.040624,0.018351
0.506166,-70.143991,-338.983491,6.411288,6.516085,56.224458,-206.101222,4.162555,3.446171,0.760278,6.016865,0.040985,0.019271
0.506697,-71.082843,-338.395199,6.619244,6.510864,56.841629,-205.802769,3.707117,3.454245,0.767482,6.013709,0.040616,0.017282
0.507228,-71.267005,-337.718662,6.570644,6.615476,56.894280,-206.054039,3.772883,3.392558,0.771916,6.013784,0.040862,0.017530
0.507759,-71.397541,-337.095545,6.646442,6.350144,56.917484,-205.762134,3.888084,3.309934,0.773774,6.013316,0.040530,0.018033
0.508291,-71.694205,-336.628393,6.468955,6.427857,57.105376,-205.728691,3.742739,3.216831,0.777312,6.012426,0.039939,0.017365
0.508822,-71.873369,-336.583745,6.403958,6.521610,57.196010,-205.817434,3.779027,3.257120,0.778867,6.012128,0.040080,0.017527
0.509353,-71.957723,-336.531495,6.447063,6.525370,57.196010,-205.817434,3.779027,3.257120,0.779394,6.012128,0.040187,0.017527
0.509884,-71.720102,-337.648599,6.439266,6.570071,57.124917,-206.731928,3.719407,3.286867,0.777423,6.013589,0.040244,0.017206
0.510415,-71.725663,-338.181999,6.493068,6.632615,56.930887,-206.827718,3.797244,3.316481,0.775023,6.014580,0.040628,0.017553
0.510946,-71.621397,-338.771909,6.313469,6.675009,56.773018,-206.945550,3.710260,3.186348,0.772210,6.015435,0.039990,0.017130
0.511477,-70.937057,-339.408358,6.467590,6.622280,56.466402,-207.191368,3.561173,3.311383,0.766860,6.017114,0.040266,0.016505
0.512009,-70.034030,-340.779796,6.433832,6.639955,55.147431,-206.930073,3.750314,3.225890,0.751946,6.022736,0.040470,0.017361
0.512540,-69.865610,-341.875718,6.539070,6.490222,55.057573,-207.265466,3.716979,3.247870,0.748091,6.023544,0.040298,0.017197
0.513071,-69.141128,-343.183081,6.486273,6.818167,54.815953,-207.162841,3.854910,3.217328,0.739031,6.024510,0.040985,0.017810
0.513602,-68.120775,-344.691786,6.397432,6.764094,53.955452,-206.649706,4.092323,2.645030,0.724096,6.027791,0.040432,0.018801
0.514133,-67.108041,-346.447994,6.475121,6.529097,53.582132,-206.529082,3.755404,2.700467,0.711748,6.029341,0.039556,0.017331
0.514664,-65.996093,-348.210370,6.393644,6.642288,51.692041,-206.786407,3.786106,2.338719,0.694049,6.038227,0.039536,0.017437
0.515195,-65.678753,-349.609496,6.420312,6.795914,51.239366,-206.893286,3.781620,2.740954,0.686360,6.040409,0.040120,0.017497
0.515726,-63.886430,-351.371944,6.387204,6.776825,49.390969,-206.903745,3.773664,2.562318,0.664970,6.048856,0.040053,0.017481
0.516258,-62.348854,-353.592130,6.296665,6.889596,48.949534,-207.156890,3.840630,2.720796,0.649903,6.051149,0.040163,0.017804
0.516789,-61.322285,-356.301754,6.396139,6.750880,48.938964,-206.677006,3.504600,2.412073,0.635076,6.050678,0.039006,0.016268
0.517320,-59.495690,-358.205152,6.536492,6.691654,46.456948,-207.521028,4.115279,2.701439,0.612833,6.062950,0.041040,0.019087
0.517851,-57.708712,-360.450051,6.476179,6.486087,44.976444,-207.886291,3.667683,2.903605,0.592418,6.070118,0.039910,0.017099
0.518382,-55.577267,-363.245577,6.479864,6.816827,42.915189,-208.582976,3.775698,3.129358,0.567055,6.080271,0.040903,0.017617
0.518913,-53.233492,-365.895565,6.567930,6.689228,41.066898,-208.730856,3.785802,2.895726,0.540427,6.088921,0.040946,0.017658
0.519444,-51.167741,-368.487317,6.434591,6.739121,40.791717,-208.648216,3.506069,2.593679,0.522079,6.090116,0.039594,0.016354
0.519975,-48.608041,-371.348966,6.325847,6.783013,38.638921,-208.884360,3.366316,2.659215,0.492824,6.100275,0.039004,0.015748
0.520507,-46.104820,-373.574445,6.261308,6.768849,35.499700,-209.916974,3.864529,3.004539,0.462551,6.115657,0.040287,0.018052
0.521038,-43.038973,-376.167561,6.500097,6.545295,34.438039,-209.711013,3.285993,2.818664,0.435627,6.120421,0.039518,0.015408
0.521569,-40.462401,-378.858710,6.405950,6.626586,31.590308,-210.247601,3.643357,3.038596,0.403843,6.134048,0.040125,0.017079
0.522100,-36.802932,-381.118687,6.520881,6.680730,29.681614,-210.339538,3.689197,3.045125,0.371249,6.142998,0.040775,0.017313
0.522631,-34.016017,-383.412449,6.365518,6.768541,27.117493,-210.981048,3.818672,3.232571,0.340712,6.155356,0.040623,0.017911
0.523162,-30.282512,-385.320356,6.385557,6.849483,25.039895,-211.011408,3.701732,3.061799,0.307326,6.165072,0.040421,0.017382
0.523693,-26.627158,-386.971200,6.317344,6.697453,22.788511,-210.905426,3.964024,3.002818,0.273626,6.175552,0.040737,0.018640
0.524224,-22.903198,-388.739802,6.541573,6.899138,19.066202,-211.448347,4.323195,2.860693,0.232446,6.193259,0.042931,0.020317
0.524756,-18.745583,-390.465469,6.438397,7.032772,15.634427,-212.426768,3.765046,3.226096,0.190756,6.209719,0.041189,0.017663
0.525287,-14.926667,-391.803411,6.182787,6.778108,13.407593,-212.082548,3.738615,3.076193,0.156370,6.220051,0.039742,0.017582
0.525818,-10.906771,-392.995364,6.223413,6.637126,10.191121,-212.679564,3.865500,3.164509,0.116476,6.235304,0.040356,0.018148
0.526349,-6.580961,-393.451223,6.348435,6.598850,7.588043,-212.576328,3.656721,3.230116,0.078176,6.247505,0.040382,0.017189
0.526880,-1.763146,-395.105489,6.158259,6.966018,4.974738,-213.326759,3.474525,2.962913,0.037049,6.259870,0.038875,0.016282
0.527411,2.451048,-395.281574,6.231325,6.876469,2.429401,-212.900752,3.308021,3.438415,-0.000119,6.271775,0.038683,0.015537
0.527942,6.676873,-395.049029,6.222746,6.908084,-1.042112,-212.752268,3.477639,3.582348,-0.042318,6.288084,0.039076,0.016346
0.528474,10.922044,-394.432990,6.268248,6.842309,-3.367165,-212.208491,3.248743,3.111812,-0.078255,6.299051,0.038641,0.015307
0.529005,15.030068,-393.900098,6.127233,7.049956,-6.547284,-212.012112,3.647534,3.348722,-0.118078,6.314057,0.038985,0.017195
0.529536,19.222473,-392.625875,6.099379,6.819168,-9.393543,-213.020013,3.205899,3.813427,-0.157999,6.327254,0.038021,0.015041
0.530067,23.532274,-390.938462,6.231410,6.859502,-13.043971,-213.395518,3.979844,3.528346,-0.203171,6.344235,0.040862,0.018608
0.530598,27.656394,-389.603992,6.431813,7.000059,-14.711595,-212.509688,3.551711,3.128424,-0.234826,6.352303,0.040447,0.016664
0.531129,31.343371,-387.540810,6.463266,6.915039,-18.286998,-212.691485,3.783528,3.458028,-0.276572,6.368953,0.041306,0.017713
0.531660,35.491463,-384.565502,6.430627,6.864920,-20.756174,-211.176053,3.546597,2.880586,-0.313690,6.381159,0.040341,0.016687
0.532191,38.820973,-382.709651,6.290889,6.711618,-22.523849,-211.271809,3.779674,3.364926,-0.343629,6.389395,0.040412,0.017769
0.532723,42.623436,-380.575302,6.327771,6.806295,-25.064411,-211.265197,3.609343,3.190309,-0.380322,6.401273,0.040130,0.016940
0.533254,45.403059,-377.593050,6.454502,6.632790,-26.998307,-210.915621,3.555938,2.972604,-0.409789,6.410498,0.040464,0.016682
0.533785,48.673846,-375.555202,6.347148,6.729243,-29.130271,-211.288405,3.625836,3.215089,-0.442342,6.420191,0.040367,0.016966
0.534316,51.450246,-372.893980,6.370157,6.836557,-31.137896,-210.714048,3.580716,3.918989,-0.471010,6.429897,0.040820,0.016846
0.534847,54.300494,-370.396822,6.449428,6.729159,-32.905680,-210.329481,3.540987,3.738774,-0.498849,6.438376,0.040799,0.016656
0.535378,57.160162,-368.001361,6.531548,6.773384,-34.740925,-210.184790,3.567773,3.641950,-0.527324,6.446992,0.041101,0.016757
0.535909,59.186086,-365.055416,6.433637,6.724032,-36.909742,-209.036432,3.692309,3.018146,-0.552046,6.457955,0.040411,0.017307
0.536440,61.755541,-362.525013,6.458101,6.574424,-38.523049,-209.365179,3.569266,2.920265,-0.579694,6.465149,0.040006,0.016676
0.536972,64.257800,-360.014544,6.605376,6.735138,-39.488851,-208.800110,3.618748,3.108743,-0.601329,6.470100,0.040873,0.016952
0.537503,65.891983,-357.856464,6.891253,6.574658,-40.323687,-209.067691,3.552383,3.053656,-0.619973,6.473719,0.041500,0.016606
0.538034,68.006403,-355.455016,6.605847,6.590261,-41.428850,-209.222785,3.727069,3.571267,-0.642455,6.478670,0.041352,0.017448
0.538565,70.039166,-353.212387,6.610669,6.710061,-42.428969,-208.634780,3.628675,3.446891,-0.661125,6.483814,0.041175,0.017011
0.539096,71.628463,-350.816818,6.623816,6.481860,-43.360675,-208.426811,3.474116,3.752978,-0.679337,6.488298,0.040889,0.016375
0.539627,72.913066,-348.771370,6.550721,6.674144,-44.944180,-207.503187,3.682069,3.281601,-0.695297,6.496486,0.040674,0.017262
0.540158,74.262675,-347.082814,6.733117,6.525892,-44.777603,-207.583036,3.847239,3.237345,-0.706428,6.495639,0.041226,0.017999
0.540689,76.101758,-345.299638,6.765141,6.369745,-46.049523,-207.682884,3.619279,2.875958,-0.725933,6.501385,0.040101,0.016866
0.541221,77.045303,-343.660224,6.475966,6.707420,-46.308222,-208.610477,3.994632,3.831552,-0.740166,6.501627,0.041889,0.018659
0.541752,78.322178,-342.398599,6.864559,6.302149,-46.520387,-207.681988,3.655929,3.959892,-0.747375,6.503546,0.041513,0.017249
0.542283,79.348971,-341.869222,6.727301,6.267806,-46.600517,-208.407568,3.779675,3.358918,-0.756448,6.503169,0.040529,0.017610
0.542814,80.143140,-340.709868,6.811049,6.350300,-46.783649,-208.896495,3.664624,3.406867,-0.766514,6.503506,0.040904,0.017063
0.543345,80.985043,-339.796574,7.029331,6.367078,-46.644663,-208.572540,3.774552,3.102839,-0.771513,6.503203,0.041280,0.017524
0.543876,81.822475,-338.898398,6.822236,6.514028,-46.492134,-209.015827,3.735023,3.392655,-0.779326,6.502056,0.041445,0.017371
0.544407,82.020654,-338.510868,6.813455,6.484663,-46.564584,-208.883822,3.687704,3.307942,-0.781363,6.502520,0.041181,0.017152
0.544939,83.344160,-338.138208,6.819735,6.438436,-46.694198,-208.343357,3.615920,3.690455,-0.786335,6.503663,0.041209,0.016952
0.545470,83.484182,-337.780215,6.806950,6.397040,-46.793093,-208.381486,3.769968,3.103274,-0.788781,6.504076,0.040578,0.017515
0.546001,83.908032,-337.976481,6.867609,6.423073,-46.024843,-209.219797,3.917252,3.512904,-0.789945,6.499720,0.041638,0.018203
0.546532,84.260113,-337.698731,7.051669,6.290008,-45.240375,-208.865697,3.685586,3.499233,-0.787982,6.496491,0.041522,0.017208
0.547063,84.909603,-338.326461,7.104956,6.384572,-44.876262,-208.736933,3.571719,3.542176,-0.786155,6.494951,0.041619,0.016723
0.547594,85.350496,-338.577019,6.784573,6.645986,-44.591171,-209.107475,3.730972,3.777729,-0.787218,6.493284,0.041943,0.017460
0.548125,85.596640,-339.633943,6.840091,6.387433,-43.804381,-209.362824,3.845959,3.916434,-0.782047,6.489437,0.041789,0.017994
0.548656,85.655530,-340.501541,6.765893,6.446969,-42.697386,-209.475617,3.684441,3.818795,-0.775093,6.484261,0.041443,0.017260
0.549188,85.612962,-341.396808,6.817249,6.330618,-41.739889,-208.985182,3.691102,3.067280,-0.765926,6.480318,0.040367,0.017217
0.549719,85.736758,-342.925172,6.747629,6.346872,-40.833041,-209.120963,3.823334,3.368747,-0.757621,6.476019,0.040676,0.017870
0.550250,85.448819,-344.168803,6.944492,6.454526,-39.901685,-209.782877,3.969999,3.511360,-0.750625,6.471145,0.041916,0.018520
0.550781,85.075686,-346.130794,6.951917,6.427675,-38.841426,-210.163391,3.683513,3.072666,-0.739063,6.465939,0.040983,0.017148
0.551312,84.373807,-347.711681,6.747226,6.375467,-37.092131,-210.114838,3.570641,3.168097,-0.723212,6.457918,0.040388,0.016681
0.551843,83.934511,-348.523172,6.733920,6.309438,-36.009437,-209.306872,3.983416,3.104692,-0.711170,6.453559,0.040796,0.018650
0.552374,83.808329,-350.623238,6.603589,6.332256,-34.626546,-209.125903,3.577069,2.943246,-0.696905,6.447274,0.039548,0.016802
0.552905,82.483052,-352.467407,6.600173,6.588578,-32.439345,-210.030940,3.631408,3.633919,-0.678893,6.436425,0.041142,0.017088
0.553437,82.027431,-354.787112,6.650128,6.486005,-30.531420,-210.092069,3.635360,3.643439,-0.661122,6.427499,0.041057,0.017125
0.553968,80.740066,-357.016156,6.662019,6.646902,-28.975208,-210.649587,3.620514,3.457724,-0.643240,6.419879,0.041275,0.017013
0.554499,80.063201,-359.473785,6.594915,6.639844,-26.966438,-211.808643,3.612875,3.424874,-0.627186,6.409819,0.041141,0.016907
0.555030,78.585345,-362.002763,6.624780,6.592852,-25.093046,-210.914066,3.599847,3.929757,-0.601410,6.401602,0.041385,0.016971
0.555561,76.962993,-364.269508,6.625365,6.623651,-22.923615,-211.254122,3.544038,3.541566,-0.578333,6.391274,0.041114,0.016678
0.556092,75.196746,-366.872491,6.558985,6.672948,-21.230161,-211.921788,3.497849,3.533272,-0.556660,6.383031,0.040910,0.016425
0.556623,73.570494,-369.515191,6.523521,6.598307,-18.365984,-211.704112,3.642155,3.628464,-0.527507,6.369722,0.040990,0.017139
0.557155,72.017812,-371.998490,6.653281,6.726727,-16.456553,-210.733729,3.517943,3.175465,-0.501789,6.361119,0.040806,0.016634
0.557686,69.679852,-374.278166,6.492444,6.760830,-13.227263,-212.275452,3.464187,3.340081,-0.473014,6.345417,0.040646,0.016285
0.558217,67.702208,-376.691358,6.394047,6.789480,-10.599774,-211.692735,3.685796,3.252585,-0.443090,6.333215,0.040560,0.017384
0.558748,65.160665,-378.943502,6.541281,6.738103,-8.040657,-212.098259,3.594858,3.225519,-0.413449,6.321077,0.040972,0.016934
0.559279,62.756645,-382.043472,6.411921,6.700128,-4.994019,-213.025313,3.406049,3.404603,-0.381238,6.306624,0.040069,0.015985
0.559810,59.796835,-384.130242,6.401412,6.704940,-2.185175,-213.115363,3.622268,3.361421,-0.347711,6.293438,0.040529,0.016996
0.560341,56.965211,-386.256364,6.388049,6.852265,0.486513,-213.031975,3.289645,3.295959,-0.315175,6.280902,0.039663,0.015442
0.560872,53.769428,-388.050555,6.429796,6.873352,3.825592,-213.547640,3.590777,3.206520,-0.278754,6.265273,0.040667,0.016812
0.561404,50.666230,-389.540236,6.177955,7.151288,6.447902,-212.330919,3.578876,3.683101,-0.244532,6.252827,0.039398,0.016848
0.561935,47.434096,-391.063102,6.302440,7.033787,9.529797,-212.637395,3.714188,3.703508,-0.209326,6.238398,0.040261,0.017450
0.562466,43.926114,-392.013081,6.455512,7.036652,13.034389,-212.802996,3.444782,3.300486,-0.170700,6.222011,0.040311,0.016155
0.562997,40.628731,-392.488986,6.222127,6.879980,16.629260,-212.691127,3.789116,3.236359,-0.132696,6.205159,0.040193,0.017746
0.563528,36.727354,-393.092692,6.181421,6.976019,19.428730,-212.460430,3.735181,3.127749,-0.095476,6.191993,0.039823,0.017486
0.564059,33.132933,-393.416114,6.161649,7.090691,22.848149,-212.361965,4.056262,3.275128,-0.056744,6.176007,0.040687,0.018953
0.564590,29.373811,-393.447884,6.089628,6.992674,25.773305,-211.216240,3.659945,2.900919,-0.019755,6.161762,0.038981,0.017153
0.565121,25.948120,-392.961314,6.552835,6.796469,28.940341,-211.426418,3.486503,3.004003,0.016481,6.147149,0.040883,0.016299
0.565653,22.514264,-392.752283,6.248333,6.832300,32.371599,-210.702814,3.298495,3.216410,0.054094,6.130741,0.038762,0.015464
0.566184,18.731918,-392.023394,6.341784,6.826041,34.425901,-210.909133,4.150318,2.981573,0.086436,6.121386,0.041686,0.019299
0.566715,14.999863,-391.101278,6.223961,6.932339,37.477964,-210.129405,3.855492,3.276114,0.123575,6.106685,0.040177,0.017986
0.567246,12.152838,-389.719463,6.288407,6.728009,40.835467,-210.543058,3.706095,3.418956,0.158734,6.091611,0.040260,0.017234
0.567777,8.629088,-388.422079,6.295876,6.958719,43.192710,-209.913362,3.797408,3.457976,0.191258,6.080253,0.040522,0.017658
0.568308,5.599878,-386.400060,6.357134,6.770348,45.396337,-209.321374,3.766669,3.148972,0.221066,6.069619,0.040734,0.017467
0.568839,2.495888,-383.372187,6.381810,6.774866,48.389439,-207.565875,4.284321,2.870896,0.255348,6.054148,0.042191,0.019814
0.569370,-0.113490,-381.550918,6.354990,6.873691,51.554648,-207.322251,3.673688,2.801160,0.288292,6.039460,0.040429,0.016985
0.569902,-2.992717,-379.885738,6.561400,6.639426,53.587257,-206.211940,3.656562,2.532634,0.314940,6.028944,0.040916,0.016877
0.570433,-6.112897,-378.136182,6.374240,6.756357,55.699195,-205.881080,3.675385,3.158915,0.344529,6.018970,0.040268,0.017078
0.570964,-8.390306,-376.128519,6.431278,6.748207,57.676272,-205.247588,3.789996,2.749820,0.368922,6.009242,0.040621,0.017466
0.571495,-10.597484,-374.137704,6.376997,6.622663,59.360276,-204.963334,3.930858,3.021366,0.392111,6.001284,0.040753,0.018127
0.572026,-12.946090,-371.792616,6.399579,6.570739,60.894182,-204.962860,4.057411,3.199801,0.416690,5.994392,0.041296,0.018683
0.572557,-15.025711,-369.808694,6.498209,6.593133,62.720806,-204.509018,3.962480,3.032146,0.439637,5.985603,0.041321,0.018191
0.573088,-16.895908,-367.747446,6.477963,6.437206,64.253689,-203.933380,3.656458,3.255346,0.459942,5.977959,0.040450,0.016940
0.573620,-18.866938,-365.761914,6.393620,6.534275,65.792532,-203.293052,3.805953,2.920065,0.480370,5.970189,0.040289,0.017461
0.574151,-20.907903,-364.256399,6.541789,6.703163,67.708593,-202.090781,3.722042,2.623366,0.500119,5.959899,0.040327,0.017014
0.574682,-21.778590,-362.147333,6.574812,6.765699,69.398177,-202.035992,3.473943,3.084317,0.517660,5.952318,0.040358,0.016079
0.575213,-23.606479,-360.432997,6.424560,6.755420,70.257403,-201.344674,3.244033,2.647983,0.533042,5.947454,0.039046,0.014934
0.575744,-25.023975,-360.196541,6.472221,6.767758,70.251512,-203.051463,3.672496,3.143824,0.545032,5.950097,0.040524,0.016847
0.576275,-25.816606,-358.510064,6.433860,6.508466,71.704404,-201.829511,3.639666,2.832442,0.556741,5.941821,0.039616,0.016613
0.576806,-27.245130,-356.823072,6.490961,6.492537,72.453194,-201.387915,3.168066,2.588694,0.570316,5.937834,0.038750,0.014518
0.577337,-27.912563,-356.002995,6.491047,6.924934,72.977581,-201.902354,3.398736,2.967716,0.579674,5.936347,0.040120,0.015612
0.577869,-29.279070,-354.543714,6.427239,6.719023,73.215444,-201.539770,3.783494,2.906137,0.590225,5.934729,0.040268,0.017218
0.578400,-29.702466,-353.913202,6.541580,6.875483,73.327341,-201.678437,3.947604,2.948722,0.594973,5.934459,0.041294,0.017915
0.578931,-30.037149,-352.953885,6.447535,6.520430,73.483464,-201.547084,3.875019,2.949458,0.599719,5.933566,0.040388,0.017612
0.579462,-30.593241,-352.836831,6.612984,6.589601,73.752491,-201.990401,4.060079,3.581456,0.605157,5.933097,0.041853,0.018633
0.579993,-31.518352,-352.209302,6.424523,6.880684,73.782098,-201.863257,3.979941,3.648806,0.610986,5.932765,0.041591,0.018343
0.580524,-31.728775,-352.134098,6.512708,6.979171,73.723668,-201.745862,4.092702,3.652037,0.611532,5.932832,0.042212,0.018824
0.581055,-31.865846,-351.988382,6.535455,6.981650,73.731396,-201.786334,3.973614,3.714181,0.612760,5.932863,0.042130,0.018358
0.581586,-31.947033,-352.133708,6.473075,6.792518,73.682615,-201.876020,3.822825,3.756451,0.612730,5.933220,0.041375,0.017753
0.582118,-31.906198,-352.223557,6.466225,6.846839,73.571370,-202.200988,3.687582,3.690015,0.612789,5.934223,0.041201,0.017139
0.582649,-32.149136,-352.388101,6.607893,6.876388,73.307796,-202.062521,3.611347,3.362137,0.611748,5.935155,0.041233,0.016670
0.583180,-32.157386,-352.600359,6.620051,6.759876,72.683422,-202.161809,3.768735,3.145885,0.608643,5.938045,0.041257,0.017236
0.583711,-32.078049,-353.654089,6.565250,6.841089,71.800107,-202.569849,3.607201,3.239202,0.602322,5.942555,0.040994,0.016602
0.584242,-31.770452,-354.520750,6.565427,6.664987,71.479615,-201.608949,3.725016,2.531576,0.593905,5.942466,0.040215,0.016883
0.584773,-31.612202,-355.738353,6.554590,6.970122,70.879375,-202.665069,3.589369,3.066441,0.590002,5.946745,0.040806,0.016470
0.585304,-31.237803,-356.470404,6.514221,6.738627,70.320280,-202.168680,4.003247,2.669293,0.582103,5.948445,0.040752,0.018133
0.585835,-30.688718,-357.758918,6.600816,6.710053,70.595647,-202.294742,3.491356,2.953025,0.577427,5.947425,0.040027,0.016041
0.586367,-29.749343,-359.016391,6.523524,6.587919,69.278579,-203.427068,3.598511,3.032345,0.566805,5.954947,0.040089,0.016491
0.586898,-29.408622,-359.373001,6.480396,6.730160,67.570841,-202.413820,3.611869,2.734732,0.553452,5.960992,0.039981,0.016560
0.587429,-28.359411,-360.956924,6.434649,6.796281,66.253546,-203.369809,3.952442,3.004496,0.540703,5.968249,0.040911,0.018101
0.587960,-27.296935,-362.742070,6.600543,6.830736,64.807422,-203.817217,3.797191,3.252576,0.525244,5.975326,0.041389,0.017536
0.588491,-26.677032,-364.779360,6.505109,6.872837,63.825289,-203.097556,3.602553,2.799187,0.510302,5.978698,0.040113,0.016618
0.589022,-25.124993,-366.770406,6.507246,6.921185,61.449284,-204.617858,3.809974,3.401573,0.490403,5.991442,0.041231,0.017683
0.589553,-23.548464,-368.053175,6.544668,6.684683,59.699089,-204.915926,3.643253,3.180854,0.471847,5.999697,0.040799,0.016910
0.590085,-22.625599,-370.527649,6.382234,6.687379,58.643440,-204.846900,3.197330,2.700556,0.456032,6.004363,0.038760,0.014842
0.590616,-20.764911,-372.378861,6.530806,6.726874,56.405246,-205.063628,3.329705,2.736368,0.432150,6.014761,0.039721,0.015476
0.591147,-18.844776,-374.668846,6.495602,6.638310,54.783655,-205.236284,3.189413,2.650026,0.409939,6.022337,0.039095,0.014859
0.591678,-16.799489,-376.442681,6.458567,6.719121,53.162754,-206.149803,3.563112,3.033123,0.389812,6.030800,0.040062,0.016592
0.592209,-14.704518,-378.143222,6.444938,6.729055,50.129410,-206.651404,3.664026,2.403157,0.361449,6.045203,0.040257,0.016956
0.592740,-12.578810,-380.270844,6.474002,6.783228,47.617732,-207.124671,3.908526,2.904306,0.334591,6.057213,0.041147,0.018183
0.593271,-10.334370,-383.048689,6.378799,6.715663,45.644503,-208.417976,3.790343,2.845289,0.310207,6.067585,0.040398,0.017587
0.593802,-8.171905,-385.161853,6.372746,6.839718,43.445752,-209.094348,3.840451,2.987926,0.285179,6.078320,0.040563,0.017836
0.594334,-5.637033,-386.535256,6.374178,6.783368,39.964747,-209.260213,3.608255,2.907535,0.251779,6.094477,0.040034,0.016832
0.594865,-2.826625,-388.271209,6.516644,6.705427,37.759679,-209.453040,3.656388,2.860488,0.223188,6.104824,0.040703,0.017075
0.595396,-0.226106,-389.927554,6.268058,6.598265,34.744234,-210.273740,3.619363,2.844281,0.192250,6.119432,0.039536,0.016896
0.595927,2.662537,-391.295636,6.308269,6.854600,31.565645,-211.107327,3.736107,2.731569,0.159050,6.134761,0.040182,0.017414
0.596458,5.950471,-392.200235,6.213808,6.891520,29.346666,-210.993845,3.644865,2.662549,0.128403,6.144984,0.039445,0.017034
0.596989,8.856248,-393.030644,6.262360,6.779512,26.358978,-211.726895,3.848224,3.188127,0.096240,6.159327,0.040361,0.017993
0.597520,12.094995,-393.532967,6.406282,6.882828,23.390102,-212.051432,3.518028,3.010544,0.062158,6.173326,0.040199,0.016464
0.598051,15.061056,-393.886416,6.224467,7.061246,19.626591,-212.641971,3.599490,3.408077,0.025185,6.191147,0.039662,0.016848
0.598583,18.493011,-394.603799,6.253030,6.979466,16.646196,-212.950069,3.548268,3.471307,-0.010166,6.205174,0.039577,0.016610
0.599114,21.713626,-394.352829,6.294270,6.900000,12.763170,-213.571250,3.522962,3.334711,-0.049469,6.223496,0.039857,0.016463
0.599645,24.640167,-394.140385,6.168635,6.785508,9.313182,-213.262549,3.619076,3.199738,-0.084535,6.239543,0.039413,0.016950
0.600176,28.209613,-393.240362,6.162063,6.702490,6.238736,-213.396238,3.948762,3.208198,-0.121564,6.253958,0.040404,0.018494
0.600707,30.849373,-392.349395,6.235082,6.901124,3.078566,-213.521503,3.634361,3.194460,-0.154063,6.268768,0.039931,0.017019
0.601238,34.119138,-391.344542,6.372859,6.856882,-0.746195,-213.608869,3.524091,3.285434,-0.193704,6.286679,0.040274,0.016498
0.601769,37.131959,-390.063842,6.363709,6.753553,-3.232950,-213.923588,3.522962,3.334711,-0.225274,6.298297,0.040325,0.016466
0.602300,39.859426,-388.905058,6.298789,6.959043,-6.693522,-213.473294,3.616570,3.158929,-0.259384,6.314530,0.040158,0.016931
0.602832,42.726911,-386.882216,6.254678,6.680675,-10.077327,-213.511458,3.837000,3.168330,-0.295648,6.330348,0.040514,0.017945
0.603363,45.318325,-385.366005,6.344526,6.872134,-12.517461,-213.873627,3.544002,3.153668,-0.325271,6.341646,0.040323,0.016536
0.603894,47.496825,-382.339888,6.441427,6.828863,-15.533750,-211.442262,3.932828,2.912826,-0.353342,6.356519,0.041353,0.018528
0.604425,49.882701,-380.235173,6.447670,6.770716,-18.310671,-211.218383,3.610287,2.976791,-0.383495,6.369660,0.040551,0.017008
0.604956,51.781385,-378.058283,6.410261,6.732675,-21.129045,-211.081048,3.642836,2.947576,-0.411696,6.382952,0.040446,0.017143
0.605487,53.978721,-375.880025,6.572627,6.705479,-22.864536,-211.776019,3.635667,3.003291,-0.437934,6.390734,0.041290,0.017037
0.606018,55.839725,-373.726655,6.570243,6.641252,-26.155563,-210.427858,3.745402,2.994199,-0.465341,6.406848,0.041087,0.017615
0.606550,57.304586,-371.708884,6.608362,6.584045,-28.522395,-211.403936,3.779674,3.364926,-0.491564,6.417294,0.041602,0.017686
0.607081,59.041147,-369.367533,6.663450,6.738728,-30.596694,-210.244776,3.593606,3.789006,-0.513016,6.427700,0.041666,0.016934
0.607612,60.639671,-366.973371,6.597836,6.629083,-32.782152,-210.044237,3.724329,3.850034,-0.536965,6.438009,0.041614,0.017533
0.608143,61.240703,-364.832460,6.574884,6.567084,-34.703274,-209.312872,3.787024,3.394384,-0.552772,6.447487,0.041231,0.017802
0.608674,62.786448,-363.131254,6.661928,6.588564,-36.728050,-208.920843,3.729906,3.154365,-0.573076,6.457206,0.041080,0.017508
0.609205,63.866561,-360.848295,6.876453,6.449624,-38.722599,-208.923721,3.742013,3.127946,-0.593931,6.466449,0.041610,0.017523
0.609736,64.706975,-358.796865,6.573491,6.585127,-40.374373,-208.660850,3.944384,3.564064,-0.610664,6.474316,0.041515,0.018498
0.610267,65.428167,-358.224262,6.782415,6.555423,-40.982680,-210.061076,3.631177,3.765531,-0.622837,6.475864,0.041927,0.016990
0.610799,66.393052,-356.675817,6.776195,6.561311,-42.682136,-209.655588,3.778337,3.517120,-0.638301,6.484023,0.041780,0.017612
0.611330,66.888310,-354.957855,6.678756,6.621157,-43.772032,-209.845067,3.851965,3.416763,-0.651505,6.488829,0.041732,0.017889
0.611861,67.100461,-353.619474,6.842807,6.360193,-45.519176,-208.292214,3.674289,3.291069,-0.659271,6.498338,0.041039,0.017156
0.612392,67.600480,-351.823496,6.828764,6.358616,-46.704266,-209.222911,3.864431,3.535329,-0.675699,6.502812,0.041739,0.017957
0.612923,67.971568,-351.285224,6.626342,6.364599,-47.796366,-208.619993,3.871543,3.680857,-0.681693,6.508406,0.041084,0.018046
0.613454,68.013261,-350.242486,6.695645,6.533829,-48.439024,-208.866842,3.716501,3.629795,-0.689031,6.511070,0.041408,0.017313
0.613985,67.844877,-349.371665,6.675944,6.420409,-49.241753,-208.633813,3.813547,3.153724,-0.693920,6.514964,0.040825,0.017641
0.614516,68.197493,-348.627571,6.701974,6.447182,-50.054894,-207.762222,3.874930,3.542512,-0.698350,6.519604,0.041239,0.018050
0.615048,67.934557,-348.319293,6.774732,6.515719,-50.688169,-208.534808,3.720530,3.175380,-0.703687,6.521629,0.041081,0.017205
0.615579,67.858576,-348.034097,6.700249,6.390405,-51.597389,-207.755116,3.783743,2.584183,-0.705399,6.526617,0.039992,0.017399
0.616110,67.821625,-347.749586,6.661780,6.715322,-51.479021,-207.040539,3.577820,2.995510,-0.703247,6.526886,0.040521,0.016624
0.616641,67.679157,-347.603403,6.609764,6.651058,-51.818837,-207.863432,3.773724,3.727883,-0.707474,6.527498,0.041426,0.017603
0.617172,67.069688,-347.958674,6.952133,6.493003,-52.216187,-207.556988,4.052167,3.861912,-0.704264,6.529646,0.042578,0.018881
0.617703,66.674408,-348.088848,6.943491,6.612012,-52.019932,-208.270862,3.875838,3.689164,-0.703867,6.527948,0.042501,0.018005
0.618234,65.894746,-348.401646,6.751532,6.496792,-51.979431,-208.124852,3.624363,3.719836,-0.698834,6.527930,0.041426,0.016922
0.618765,65.604459,-348.926825,6.675765,6.628436,-52.268093,-207.994990,3.639151,3.754462,-0.696534,6.529382,0.041416,0.017001
0.619297,64.197902,-350.078608,6.757480,6.779944,-51.951157,-207.841732,3.582304,3.928807,-0.684775,6.528122,0.042061,0.016821
0.619828,63.590689,-350.793964,6.653192,6.562982,-51.808627,-208.244056,3.823347,3.788512,-0.680529,6.527023,0.041634,0.017807
0.620359,62.706093,-352.029827,6.910509,6.614563,-51.187102,-208.219881,3.410812,3.844615,-0.669826,6.524237,0.041892,0.016029
0.620890,61.527224,-353.165321,6.667320,6.519668,-51.053637,-208.736164,3.522713,3.653637,-0.662108,6.523061,0.041040,0.016428
0.621421,60.242318,-354.794206,6.731189,6.482490,-50.726478,-208.695094,3.582892,3.408742,-0.649582,6.521626,0.040970,0.016638
0.621952,58.771544,-356.073484,6.670161,6.317846,-50.185343,-208.655380,3.981009,3.217224,-0.636489,6.519220,0.041106,0.018374
0.622483,57.758003,-356.961931,6.847847,6.687740,-48.989185,-208.200722,3.550466,3.380846,-0.622424,6.514280,0.041724,0.016559
0.623015,56.367360,-358.748200,6.531123,6.716890,-48.527282,-207.976296,3.527032,3.448698,-0.607846,6.512415,0.040641,0.016496
0.623546,54.986728,-360.606438,6.838528,6.661893,-46.908806,-208.137459,3.582873,3.763512,-0.589135,6.504856,0.041984,0.016835
0.624077,53.270571,-362.533007,6.549875,6.689157,-46.579776,-207.628432,3.536557,2.973330,-0.572565,6.503873,0.040194,0.016503
0.624608,51.728085,-364.382879,6.641183,6.746417,-44.991047,-207.304547,3.713148,3.056249,-0.551911,6.496900,0.040948,0.017377
0.625139,49.536633,-366.359925,6.802363,6.641233,-43.306356,-208.536022,3.475319,3.562722,-0.531749,6.487943,0.041574,0.016334
0.625670,47.504166,-368.936282,6.730099,6.774250,-42.761173,-207.983327,3.647018,3.578159,-0.511111,6.485959,0.041489,0.017163
0.626201,45.243539,-371.447600,6.503567,6.798842,-40.643339,-208.054283,3.558834,3.381446,-0.483952,6.476105,0.040375,0.016758
0.626732,42.984681,-374.394181,6.409573,6.946254,-38.401085,-210.163783,3.686159,2.810610,-0.460088,6.463911,0.040448,0.017137
0.627264,40.851508,-376.496053,6.404599,7.055996,-36.593167,-211.243117,3.463286,3.370265,-0.438249,6.454711,0.040443,0.016142
0.627795,38.177330,-378.777828,6.581888,6.887767,-34.488304,-210.520097,3.586362,2.906725,-0.407676,6.445567,0.040880,0.016736
0.628326,35.586350,-381.181597,6.451163,6.783199,-32.729572,-211.135530,3.660155,3.762499,-0.382014,6.436978,0.040737,0.017142
0.628857,32.773097,-383.079028,6.358723,6.923124,-30.409357,-211.489925,3.631307,3.619275,-0.352813,6.425993,0.040375,0.016994
0.629388,29.692589,-385.056164,6.371664,7.102254,-28.572602,-211.703045,3.719703,3.298544,-0.324245,6.417340,0.040601,0.017379
0.629919,26.483980,-387.045802,6.186753,7.132867,-26.334774,-212.344159,3.664350,3.367105,-0.293599,6.406575,0.039732,0.017105
0.630450,23.324781,-388.940932,6.254613,7.073380,-23.669003,-212.507327,3.298289,3.291331,-0.260310,6.394108,0.039005,0.015425
0.630981,19.858059,-390.349346,6.398788,7.138489,-20.972881,-212.531294,3.822122,3.707952,-0.225709,6.381548,0.041021,0.017892
0.631513,16.142792,-391.500661,6.478935,6.874356,-18.361180,-212.786769,3.605945,3.509075,-0.190722,6.369261,0.040799,0.016880
0.632044,12.587949,-392.810616,6.236287,7.120061,-14.467624,-212.972725,3.727883,3.070091,-0.149324,6.351013,0.040012,0.017451
0.632575,8.971037,-393.697437,6.206446,7.094748,-12.223501,-213.329013,3.565590,3.272906,-0.116971,6.340422,0.039464,0.016682
0.633106,5.750077,-394.324030,6.436853,6.934877,-9.483224,-213.794173,3.610055,3.273218,-0.084182,6.327513,0.040747,0.016866
0.633637,1.610071,-394.650172,6.079378,6.789189,-6.383417,-213.914995,3.721328,3.599487,-0.044199,6.313017,0.039406,0.017388
0.634168,-2.046907,-395.200486,6.312190,6.855148,-3.909956,-213.953948,3.397655,3.426919,-0.010279,6.301458,0.039549,0.015878
0.634699,-5.594743,-395.193187,6.259678,6.956471,-0.653220,-214.229785,3.563122,3.398457,0.027300,6.286234,0.039790,0.016632
0.635230,-9.522262,-395.231354,6.227475,6.960001,2.444554,-212.809624,3.309353,2.828057,0.065506,6.271699,0.038587,0.015549
0.635762,-13.086045,-394.304583,6.279000,6.823371,5.003512,-213.876258,3.715840,3.258239,0.099925,6.259795,0.040251,0.017368
0.636293,-17.100628,-393.281520,6.207230,7.027131,7.688127,-213.400358,3.764398,3.264762,0.136944,6.247174,0.040031,0.017626
0.636824,-20.289045,-392.518046,6.255516,6.673779,10.438105,-213.157415,4.301564,3.055283,0.169668,6.234255,0.041680,0.020144
0.637355,-23.884352,-391.161981,6.399916,6.789125,13.801735,-212.678598,3.885047,3.106981,0.208090,6.218381,0.041037,0.018215
0.637886,-27.554260,-389.749129,6.431176,6.480499,15.541433,-213.343348,3.765162,3.098373,0.239606,6.210467,0.040956,0.017587
0.638417,-30.245526,-387.653115,6.355063,6.878794,18.967665,-213.090492,3.456020,2.808051,0.274791,6.194407,0.039967,0.016133
0.638948,-33.651920,-386.167710,6.365779,6.857594,21.665263,-212.568555,3.654305,2.949894,0.308477,6.181615,0.040350,0.017072
0.639480,-36.350239,-383.127363,6.375342,6.767251,23.958509,-211.594122,3.667175,3.021789,0.338087,6.170437,0.040484,0.017186
0.640011,-38.700623,-380.850045,6.415429,6.590917,26.534266,-211.251491,4.238868,3.203979,0.367198,6.158235,0.042065,0.019843
0.640542,-41.483854,-378.697803,6.520342,6.645087,29.267876,-210.931217,3.855037,3.307635,0.399095,6.145310,0.041477,0.018058
0.641073,-43.981812,-376.946941,6.279994,6.703592,31.219914,-210.548138,3.922282,3.482450,0.424463,6.135979,0.040689,0.018385
0.641604,-46.659623,-374.736797,6.421336,6.765135,32.880921,-210.018731,3.821643,3.047752,0.449865,6.127884,0.040798,0.017899
0.642135,-48.501463,-372.371619,6.306345,6.527386,35.257512,-209.471361,3.647970,2.824097,0.474922,6.116432,0.039578,0.017079
0.642666,-50.160017,-369.898309,6.567562,6.629350,37.135509,-209.219873,3.869059,2.852374,0.497680,6.107520,0.041190,0.018081
0.643197,-51.558744,-367.878278,6.424923,6.813929,39.061882,-209.392410,3.816834,3.218015,0.519418,6.098757,0.041019,0.017832
0.643729,-53.324610,-366.169427,6.558669,6.621797,41.128254,-209.051805,3.832369,3.183332,0.541272,6.088929,0.041080,0.017883
0.644260,-55.088284,-364.969924,6.390972,6.494653,42.578160,-209.283821,4.053897,3.091701,0.560273,6.082478,0.040614,0.018823
0.644791,-55.903747,-362.879137,6.402074,6.655671,43.798250,-209.173593,3.937185,3.101423,0.575430,6.076780,0.040746,0.018276
0.645322,-57.725254,-360.740902,6.454606,6.777721,45.714966,-209.028572,4.258535,3.150986,0.598419,6.067873,0.041672,0.019696
0.645853,-58.786267,-358.622470,6.561013,6.821370,46.486223,-208.525752,4.144366,2.878485,0.611641,6.063844,0.041698,0.019159
0.646384,-59.539621,-357.036483,6.484450,6.827777,47.670630,-208.547232,4.315535,3.046605,0.625343,6.058462,0.041953,0.019920
0.646915,-59.746507,-355.472003,6.514797,6.475809,48.979954,-208.361938,3.793988,2.864111,0.636477,6.052306,0.040346,0.017525
0.647446,-61.078968,-354.067269,6.525299,6.438066,50.664462,-208.346686,4.147515,3.200179,0.654188,6.044642,0.041036,0.019123
0.647978,-61.550113,-353.006349,6.443888,6.799643,51.469424,-207.644252,3.708800,2.776335,0.660872,6.040209,0.040195,0.017115
0.648509,-61.852146,-351.754878,6.440484,6.405654,51.961258,-207.485385,3.958253,2.847063,0.667932,6.037799,0.040018,0.018240
0.649040,-61.907274,-350.766490,6.524710,6.822211,53.299055,-206.867490,3.572153,2.953576,0.675110,6.031021,0.040344,0.016556
0.649571,-62.028026,-349.759284,6.340462,6.460519,54.036879,-206.751374,3.339179,3.058726,0.681773,6.027542,0.038869,0.015545
0.650102,-62.352418,-349.357502,6.536638,6.522948,55.322296,-206.435735,3.448241,3.112727,0.688818,6.021350,0.039567,0.016034
0.650633,-62.167256,-348.926416,6.411735,6.762134,54.674768,-206.693822,3.862092,3.146292,0.687705,6.024588,0.040605,0.017864
0.651164,-62.190868,-348.519734,6.575878,6.831706,55.600029,-206.781776,3.630287,3.297741,0.693387,6.020515,0.040923,0.016854
0.651695,-61.976030,-348.342322,6.463587,6.787855,55.607998,-206.284699,4.197454,2.869617,0.691417,6.019875,0.041059,0.019289
0.652227,-61.953793,-348.302560,6.462834,6.805034,55.607998,-206.284699,4.197454,2.869617,0.691461,6.019875,0.041100,0.019289
0.652758,-61.874523,-348.375787,6.424403,6.775071,56.215986,-206.368478,4.467022,2.975752,0.693703,6.017232,0.041441,0.020480
0.653289,-61.518798,-348.726215,6.345360,6.770217,56.239936,-206.347764,4.429486,2.973181,0.691038,6.017099,0.041136,0.020313
0.653820,-60.223542,-348.773371,6.580311,6.817621,56.508076,-206.424040,4.276161,3.005088,0.686839,6.015984,0.041775,0.019625
0.654351,-59.848736,-349.172455,6.430839,6.792841,56.261129,-206.380308,4.423364,2.993071,0.682701,6.017043,0.041596,0.020287
0.654882,-58.699140,-349.994068,6.568840,6.475959,56.508076,-206.424040,4.276161,3.005088,0.676231,6.015984,0.041135,0.019625
0.655413,-57.947635,-351.010609,6.476744,6.731741,56.929946,-206.655856,3.996450,3.101677,0.672175,6.014371,0.040838,0.018381
0.655945,-57.129554,-352.139135,6.349590,6.693400,56.328349,-206.549047,4.161125,2.986831,0.661989,6.016948,0.040599,0.019107
0.656476,-55.703718,-352.896034,6.522673,6.689064,55.938053,-206.710940,4.089834,3.100785,0.652213,6.018905,0.041211,0.018819
0.657007,-54.781550,-354.753845,6.172957,6.889109,55.706889,-206.785773,3.868126,3.193057,0.641389,6.020038,0.040054,0.017866
0.657538,-53.509099,-355.979647,6.549113,6.774898,55.217476,-206.602698,3.739026,2.964907,0.629185,6.022025,0.040546,0.017266
0.658069,-51.567190,-357.396850,6.609326,6.459464,54.249535,-206.371988,4.034678,2.672289,0.611167,6.026128,0.040692,0.018562
0.658600,-50.234796,-359.262235,6.599448,6.545461,53.595482,-206.563209,3.779307,2.623999,0.597154,6.029320,0.040262,0.017418
0.659131,-48.862814,-361.065537,6.390983,6.701277,53.176797,-206.483280,3.600505,2.637920,0.583442,6.031127,0.039385,0.016641
0.659662,-47.151970,-362.986034,6.485639,6.651533,52.320459,-207.491236,4.181929,3.126413,0.569111,6.036177,0.041238,0.019284
0.660194,-45.027421,-364.882259,6.441500,6.643397,51.698716,-207.312074,3.481941,2.545816,0.550549,6.038794,0.039299,0.016073
0.660725,-42.853272,-366.856210,6.486395,6.714926,48.926937,-208.226878,3.872017,2.889662,0.524523,6.052402,0.040890,0.017891
0.661256,-40.541608,-368.924746,6.527382,6.546028,49.218632,-207.814760,3.422383,2.788775,0.508306,6.050631,0.039640,0.015881
0.661787,-38.833670,-370.987676,6.501100,6.691138,46.976207,-208.739190,3.907736,2.858676,0.486483,6.061826,0.040964,0.018058
0.662318,-35.306431,-373.401217,6.436518,6.666224,45.172726,-209.436264,3.777527,3.060700,0.456286,6.070752,0.040725,0.017496
0.662849,-33.048483,-375.903495,6.355985,6.803540,44.546592,-208.642058,3.240374,2.811665,0.434365,6.072836,0.038914,0.015106
0.663380,-30.381665,-377.615068,6.515430,6.741190,41.953705,-209.519211,3.678958,3.054272,0.406370,6.085561,0.040818,0.017114
0.663911,-27.039620,-379.881866,6.397348,6.781699,41.437553,-209.722934,3.373161,3.163435,0.382600,6.088115,0.039623,0.015743
0.664443,-24.204467,-381.708555,6.411108,6.640590,39.046812,-210.311965,3.875859,3.267164,0.353531,6.099614,0.040947,0.018032
0.664974,-21.184094,-383.874243,6.002933,6.904028,37.143424,-210.493025,3.904184,3.226074,0.324519,6.108524,0.039408,0.018178
0.665505,-17.750593,-385.687210,6.275463,6.705890,35.110769,-210.439353,3.868203,2.846177,0.292959,6.117863,0.040234,0.018018
0.666036,-14.171939,-387.417299,6.370941,6.687595,33.210137,-210.375237,3.733615,2.799569,0.261503,6.126616,0.040243,0.017437
0.666567,-10.392212,-388.835841,6.389426,6.813861,30.064770,-211.486390,4.012311,3.099740,0.224282,6.141972,0.041460,0.018708
0.667098,-6.584353,-390.396463,6.345425,6.715014,27.995946,-211.146551,3.709924,2.622089,0.190575,6.151364,0.040236,0.017342
0.667629,-2.675153,-391.972429,5.991740,6.751480,25.745701,-211.851542,3.681991,2.989421,0.156497,6.162251,0.038615,0.017210
0.668160,1.124852,-392.876535,6.102668,6.834533,23.095859,-212.689096,3.733488,2.936066,0.121335,6.175019,0.039435,0.017412
0.668692,5.204746,-393.427662,6.054522,6.819632,20.558245,-213.054956,3.785184,3.230556,0.084916,6.186990,0.039461,0.017662
0.669223,9.181394,-394.184538,6.181117,6.732460,18.259129,-213.540156,3.352008,3.447586,0.050210,6.197886,0.038883,0.015644
0.669754,13.353679,-394.779419,6.112145,6.956140,15.214894,-213.315050,3.398373,2.951244,0.010256,6.211980,0.038537,0.015881
0.670285,17.946075,-394.923613,6.320242,6.930934,13.096312,-213.263024,3.409668,3.034796,-0.026690,6.221853,0.039519,0.015952
0.670816,21.940489,-394.547099,6.202005,6.791857,10.026958,-213.795278,3.181919,3.134586,-0.065816,6.236320,0.038494,0.014866
0.671347,26.309158,-393.984544,6.306825,6.989835,7.034379,-213.469438,3.538206,3.007602,-0.106374,6.250245,0.039858,0.016563
0.671878,30.305332,-393.153881,6.076338,6.718415,4.740752,-213.821687,3.463423,2.862515,-0.141600,6.261017,0.038645,0.016192
0.672410,34.447571,-391.910804,6.275500,6.847094,1.675410,-213.665308,3.373897,3.004267,-0.181829,6.275344,0.039379,0.015790
0.672941,38.413758,-391.033105,6.251153,7.050736,-0.748200,-213.492662,3.477735,3.039930,-0.217104,6.286690,0.039485,0.016290
0.673472,42.176376,-389.275017,6.437091,7.051107,-2.888553,-213.566642,3.399177,3.069171,-0.251064,6.296710,0.040274,0.015915
0.674003,45.659725,-387.590579,6.480660,6.987380,-5.459353,-214.108751,3.326570,3.100983,-0.286555,6.308678,0.040441,0.015531
0.674534,49.401600,-385.647416,6.413574,6.852565,-7.737985,-213.606023,3.322632,3.408815,-0.320664,6.319395,0.040087,0.015545
0.675065,53.157097,-383.387272,6.407457,7.004834,-10.259841,-213.187373,3.589365,3.582743,-0.356667,6.331274,0.040798,0.016817
0.675596,55.864746,-381.298806,6.510056,6.661585,-12.149348,-213.449135,3.469950,3.398155,-0.384988,6.340043,0.040813,0.016229
0.676127,59.218465,-378.989935,6.513773,6.735506,-14.378370,-212.482555,3.734130,2.600404,-0.416184,6.350751,0.040989,0.017513
0.676659,61.945776,-377.089197,6.505074,6.667312,-16.884467,-213.120731,3.642524,3.676114,-0.448141,6.362245,0.041144,0.017039
0.677190,65.096684,-374.647810,6.493717,6.724068,-18.707183,-212.757213,3.650970,2.561628,-0.477674,6.370887,0.040575,0.017061
0.677721,67.428196,-371.760927,6.481340,6.913478,-19.766429,-212.048469,3.272035,2.948026,-0.499727,6.376133,0.040227,0.015352
0.678252,70.562839,-369.583610,6.428339,6.835954,-21.803255,-212.462131,3.211677,3.181936,-0.531448,6.385449,0.039935,0.015036
0.678783,72.604840,-367.383161,6.561718,6.900558,-22.846057,-212.485468,3.577364,3.312057,-0.552260,6.390292,0.041351,0.016726
0.679314,74.495224,-364.708427,6.556797,6.720107,-24.567341,-212.723107,3.659299,3.419726,-0.577633,6.398166,0.041441,0.017074
0.679845,76.878705,-362.571481,6.562496,6.534193,-26.165981,-212.516695,3.639731,3.290805,-0.601753,6.405693,0.040897,0.016975
0.680376,78.557708,-360.271264,6.718722,6.461290,-27.052323,-212.725823,3.617583,3.089481,-0.621238,6.409676,0.041198,0.016834
0.680908,80.415074,-358.152944,6.710540,6.526450,-29.156719,-212.378141,3.536889,3.149816,-0.644557,6.419619,0.040935,0.016467
0.681439,82.164849,-356.322089,6.821384,6.450417,-29.928578,-211.976436,3.256702,3.388741,-0.660286,6.423446,0.040806,0.015225
0.681970,84.140664,-353.100927,6.719670,6.506228,-31.257990,-210.335208,3.847446,2.752864,-0.679786,6.430716,0.040760,0.017998
0.682501,85.342208,-351.368005,6.342887,6.604754,-31.331505,-211.081717,3.538771,3.080035,-0.693763,6.430542,0.039861,0.016540
0.683032,86.256306,-349.459705,6.699865,6.505658,-32.884912,-211.034914,3.620544,3.719813,-0.710669,6.437769,0.041416,0.016963
0.683563,87.665188,-347.700758,6.601054,6.436282,-33.417993,-210.501827,3.491682,4.009009,-0.723083,6.440625,0.041086,0.016446
0.684094,88.367250,-346.177419,6.683790,6.341297,-33.846855,-210.268267,3.734826,4.000423,-0.732392,6.442786,0.041504,0.017569
0.684626,89.834775,-344.952846,6.830350,6.596617,-34.529798,-210.906819,3.828739,3.691104,-0.747950,6.445466,0.042143,0.017899
0.685157,90.329536,-344.701491,6.823023,6.478334,-34.869913,-211.203667,3.664642,3.901779,-0.753332,6.446810,0.041854,0.017150
0.685688,91.353470,-343.687668,6.692197,6.322948,-34.829448,-211.011932,3.731106,3.757277,-0.760321,6.446769,0.041059,0.017449
0.686219,91.690251,-342.816862,6.743635,6.306462,-34.755345,-210.919680,3.580803,4.134975,-0.764299,6.446498,0.041542,0.016825
0.686750,92.311730,-342.264181,6.805878,6.456692,-34.725368,-211.279643,3.589982,3.905502,-0.770100,6.446086,0.041776,0.016807
0.687281,92.948507,-341.826702,6.951706,6.474580,-35.233035,-211.589969,3.870824,3.945254,-0.777445,6.448187,0.042545,0.018055
0.687812,93.468582,-341.476545,6.749802,6.515014,-35.233035,-211.589969,3.870824,3.945254,-0.780816,6.448187,0.042110,0.018055
0.688343,93.825303,-341.495027,6.790419,6.477531,-34.982112,-211.185145,3.668649,3.820821,-0.779600,6.447341,0.041594,0.017158
0.688875,93.950093,-341.159663,6.849270,6.493472,-34.686623,-211.379420,3.551727,3.839678,-0.780973,6.445832,0.041760,0.016617
0.689406,94.023075,-341.380076,6.884569,6.471809,-34.550983,-211.100645,3.633566,3.587426,-0.778810,6.445418,0.041505,0.016981
0.689937,93.977914,-341.399018,6.861817,6.480378,-34.477878,-211.071160,3.666922,3.573610,-0.778164,6.445102,0.041507,0.017134
0.690468,94.066319,-341.635143,6.906369,6.488584,-34.214349,-210.951290,3.579933,3.294372,-0.776118,6.443976,0.041157,0.016719
0.690999,93.903651,-342.505742,6.982768,6.558066,-33.359412,-211.445923,3.498844,3.925726,-0.770702,6.439664,0.042312,0.016396
0.691530,94.040121,-343.540529,6.849195,6.493867,-32.554232,-210.743900,3.458604,3.332017,-0.761492,6.436447,0.040863,0.016205
0.692061,93.664525,-344.442448,6.865140,6.656790,-32.687133,-211.015187,3.674510,2.526514,-0.758168,6.436868,0.040700,0.017102
0.692592,93.707964,-345.920026,6.794015,6.472529,-31.656747,-211.269805,3.843718,3.362616,-0.749702,6.431919,0.041160,0.017946
0.693124,92.657003,-347.117448,6.659343,6.569418,-30.636437,-211.046164,3.685819,3.576007,-0.736172,6.427343,0.041129,0.017273
0.693655,92.278826,-348.405634,6.638396,6.441622,-29.821988,-211.556975,3.673343,3.490790,-0.728507,6.423227,0.040745,0.017177
0.694186,91.666479,-350.089459,6.648271,6.471019,-28.488295,-211.553698,3.770966,3.002433,-0.714463,6.417042,0.040510,0.017608
0.694717,90.587606,-352.084642,6.765646,6.406553,-27.458943,-212.501089,3.759857,3.045637,-0.701995,6.411691,0.040903,0.017498
0.695248,90.117533,-353.758532,6.711760,6.538008,-26.952332,-211.444416,3.745704,2.565170,-0.688380,6.409969,0.040296,0.017498
0.695779,88.453790,-355.524902,6.752522,6.459185,-24.727401,-212.606239,3.629132,3.105161,-0.669799,6.398971,0.041016,0.016925
0.696310,87.929349,-357.852806,6.749921,6.479970,-24.823284,-211.358738,3.596720,2.799271,-0.655974,6.400096,0.040217,0.016856
0.696841,86.473806,-360.069979,6.703063,6.563841,-22.807422,-212.109817,3.633353,2.554171,-0.636156,6.390300,0.040363,0.016982
0.697373,84.698195,-362.158248,6.653668,6.480089,-20.576238,-212.826241,3.634662,3.733217,-0.614053,6.379567,0.041309,0.017003
0.697904,83.114862,-364.833818,6.461700,6.886089,-19.045455,-211.887644,3.680284,3.023151,-0.588890,6.372829,0.040572,0.017277
0.698435,81.285667,-366.164474,6.524320,6.721426,-17.384171,-211.622915,3.724476,2.783550,-0.568226,6.365148,0.040602,0.017515
0.698966,79.375798,-368.288689,6.435299,6.781207,-15.419092,-211.502761,3.739141,2.741688,-0.543805,6.355959,0.040437,0.017611
0.699497,77.274298,-371.033046,6.512029,6.605811,-12.942326,-211.840952,3.627068,2.425012,-0.515586,6.344204,0.040195,0.017072
0.700028,75.365409,-373.469599,6.479542,6.787765,-10.844370,-212.633278,3.570645,2.956067,-0.492038,6.334141,0.040548,0.016764
0.700559,72.839773,-375.529060,6.401979,6.641511,-8.756460,-212.359557,3.667982,3.315530,-0.463704,6.324396,0.040493,0.017255
0.701091,70.338248,-377.584644,6.192423,6.873195,-6.636323,-212.573931,3.465383,3.003351,-0.436476,6.314394,0.039379,0.016292
0.701622,67.626752,-379.860599,6.383811,6.782092,-4.260346,-212.032710,3.543980,3.375110,-0.404695,6.303275,0.040228,0.016711
0.702153,64.596155,-381.559949,6.579891,6.832920,-1.768359,-212.444527,3.261153,3.156066,-0.373956,6.291509,0.040559,0.015350
0.702684,61.757581,-384.871426,6.455589,6.833364,0.887264,-213.826134,3.548909,3.025998,-0.341897,6.279036,0.040643,0.016597
0.703215,58.398036,-386.445968,6.405955,6.862357,3.387308,-213.772060,3.511048,3.172524,-0.308416,6.267341,0.040441,0.016422
0.703746,55.094493,-388.413525,6.111540,7.010953,5.763991,-213.688206,3.566352,3.174702,-0.275170,6.256218,0.039237,0.016682
0.704277,51.893539,-389.640070,6.415873,7.023421,8.641194,-213.443686,3.508313,3.078591,-0.240718,6.242723,0.040419,0.016420
0.704808,48.362365,-390.992830,6.346640,6.824466,11.113399,-213.421426,3.334927,2.972402,-0.206771,6.231160,0.039580,0.015601
0.705340,44.621659,-391.843312,6.253800,6.965993,13.609959,-213.495466,3.595131,3.205914,-0.172162,6.219523,0.039924,0.016798
0.705871,40.777127,-392.815209,6.297856,6.830018,16.623063,-212.870139,3.221060,2.928226,-0.133433,6.205253,0.038997,0.015078
0.706402,36.962010,-393.448256,6.219661,6.883215,20.093457,-213.184703,3.129142,3.006622,-0.093305,6.189209,0.038483,0.014608
0.706933,33.472165,-393.366067,6.427334,6.927233,22.639253,-212.245908,3.205403,3.202563,-0.059739,6.176922,0.039593,0.015017
0.707464,29.521462,-393.379875,6.301419,6.633604,25.065261,-211.652406,3.549561,2.719695,-0.024516,6.165308,0.039786,0.016607
0.707995,25.771175,-393.113971,6.329064,6.763244,28.522358,-212.107919,3.181622,3.477145,0.015198,6.149516,0.039132,0.014892
0.708526,21.854206,-392.427897,6.353947,6.773908,30.275690,-211.133293,3.246579,2.829888,0.046419,6.140760,0.039318,0.015184
0.709057,18.314509,-391.669422,6.387686,6.561249,32.372666,-210.129034,3.209628,2.467834,0.077284,6.130326,0.039256,0.015025
0.709589,14.436384,-391.006944,6.429689,6.662812,35.559102,-210.096705,3.652931,2.466265,0.116232,6.115523,0.040579,0.017013
0.710120,10.555191,-390.267251,6.305882,6.810815,37.929041,-210.262395,3.709331,2.775194,0.150917,6.104716,0.040186,0.017240
0.710651,6.968205,-389.003510,6.118889,6.807099,39.704118,-210.424301,3.661570,2.824586,0.181300,6.096692,0.039320,0.016980
0.711182,3.918346,-387.522972,6.380325,6.758192,42.662959,-209.614105,3.997398,3.081522,0.214430,6.082397,0.041326,0.018536
0.711713,0.483878,-385.918899,6.325096,6.759409,43.863340,-208.538459,3.734217,2.728932,0.239848,6.075870,0.040207,0.017349
0.712244,-2.357265,-384.228870,6.394598,6.657181,46.825243,-209.211209,3.698665,3.223025,0.273949,6.062996,0.040638,0.017153
0.712775,-5.476137,-382.421903,6.229316,6.824532,47.510428,-208.411574,3.755137,2.689540,0.295582,6.059051,0.040016,0.017355
0.713306,-8.265226,-380.561984,6.398105,6.787941,49.485238,-208.772350,3.798904,2.994272,0.324301,6.050451,0.041044,0.017527
0.713838,-10.868385,-377.662779,6.375542,6.864192,51.103085,-207.495624,4.074459,3.363619,0.349251,6.041706,0.041830,0.018892
0.714369,-14.083276,-376.245306,6.344109,6.740383,52.812892,-207.049776,4.243451,3.267003,0.376515,6.033437,0.041846,0.019610
0.714900,-16.362783,-374.440051,6.388386,6.699572,54.869960,-205.964182,4.074381,3.019592,0.400012,6.022827,0.041237,0.018828
0.715431,-18.716419,-372.556726,6.482984,6.685639,55.623616,-206.103867,4.082659,2.912806,0.420034,6.019584,0.041697,0.018803
0.715962,-20.925759,-370.495929,6.462077,6.731822,57.270581,-205.568156,3.789489,3.045535,0.442734,6.011478,0.040939,0.017530
0.716493,-23.093793,-368.776894,6.611170,6.788877,59.134634,-204.765356,3.420228,2.560092,0.464733,6.002042,0.040367,0.015773
0.717024,-25.072012,-366.948808,6.605806,6.861858,59.660254,-204.381894,3.598871,2.471122,0.480475,5.999171,0.040770,0.016549
0.717556,-26.932513,-365.307880,6.485205,6.688135,60.336774,-204.675094,3.958511,2.511093,0.497673,5.996512,0.041009,0.018103
0.718087,-28.950485,-363.807207,6.457374,6.725814,61.934306,-204.491272,3.674093,2.987620,0.518422,5.989097,0.040413,0.016949
0.718618,-29.949947,-362.480880,6.645060,6.853711,61.886990,-204.513143,3.562097,3.322573,0.526605,5.989339,0.041369,0.016580
0.719149,-31.665417,-361.067142,6.523278,6.806293,62.433469,-203.380320,3.277800,2.506759,0.538023,5.985338,0.039689,0.015129
0.719680,-33.276869,-360.489343,6.541046,6.682294,62.656737,-204.897973,4.006349,3.064551,0.552517,5.986421,0.041490,0.018364
0.720211,-34.682395,-359.659597,6.659725,6.761765,63.429869,-204.212303,3.775710,2.744442,0.563017,5.982026,0.041102,0.017287
0.720742,-35.467562,-358.774402,6.558046,6.621783,63.493531,-204.271915,3.868153,2.807170,0.569678,5.981824,0.040842,0.017702
0.721273,-36.985650,-357.964523,6.712074,6.869214,63.530927,-205.120574,4.125370,3.420279,0.581729,5.982831,0.042732,0.018947
0.721805,-37.550362,-357.001210,6.590336,6.508953,63.703450,-205.233965,4.098868,3.450508,0.588348,5.982220,0.041886,0.018828
0.722336,-38.444471,-356.401475,6.814886,6.747072,63.703450,-205.233965,4.098868,3.450508,0.594249,5.982220,0.042956,0.018828
0.722867,-39.123490,-356.405780,6.672323,6.844243,63.838034,-205.173268,4.010095,3.450953,0.597734,5.981538,0.042344,0.018448
0.723398,-39.841393,-356.234134,6.632599,6.922121,63.838034,-205.173268,4.010095,3.450953,0.601501,5.981538,0.042275,0.018448
0.723929,-39.972209,-356.117331,6.517069,6.989335,63.703450,-205.233965,4.098868,3.450508,0.602032,5.982220,0.042223,0.018828
0.724460,-40.926408,-356.123088,6.749493,6.907846,63.430954,-204.837431,3.866424,3.090815,0.603850,5.982885,0.041957,0.017744
0.724991,-41.081816,-356.141556,6.829146,6.948230,63.057154,-203.497511,3.317398,2.402333,0.598703,5.982701,0.040678,0.015244
0.725522,-41.293591,-356.382534,6.734485,6.859016,61.728272,-203.842574,3.684275,2.557025,0.594008,5.989140,0.041107,0.016918
0.726054,-41.601984,-356.650009,6.585445,6.943129,61.318838,-204.244668,3.909942,2.599937,0.593962,5.991524,0.041233,0.017907
0.726585,-41.643953,-357.839132,6.579860,7.030560,61.359589,-204.572169,3.744939,2.590152,0.591722,5.991783,0.040867,0.017153
0.727116,-41.573473,-358.004228,6.664282,6.933614,60.090959,-205.316758,3.349920,2.715932,0.587426,5.998463,0.040641,0.015446
0.727647,-41.648032,-359.142291,6.632769,6.642393,58.862666,-205.784716,3.898800,2.767728,0.580163,6.004585,0.041163,0.017871
0.728178,-41.521536,-360.272112,6.569048,6.920721,57.656825,-205.904497,3.824310,2.692954,0.571072,6.010161,0.041151,0.017554
0.728709,-41.263812,-361.673575,6.643464,6.916652,57.432383,-205.912409,3.924528,2.708663,0.564787,6.011182,0.041403,0.018008
0.729240,-40.886156,-362.972565,6.558443,6.590998,55.811121,-206.329119,3.630842,2.808602,0.553049,6.019012,0.040233,0.016753
0.729771,-39.789934,-363.052607,6.560181,6.978311,55.096752,-205.923091,3.641556,2.546377,0.543264,6.021749,0.040768,0.016789
0.730303,-39.508376,-364.929334,6.608137,6.947813,53.806757,-206.025845,3.567087,2.636824,0.530987,6.027726,0.040643,0.016508
0.730834,-38.998404,-366.961939,6.540228,6.891311,51.827606,-206.391403,3.769066,2.488707,0.514776,6.037159,0.040630,0.017413
0.731365,-37.542652,-368.098654,6.657158,6.736054,51.012969,-207.000793,3.749229,2.531855,0.502613,6.041561,0.041013,0.017310
0.731896,-36.854820,-369.716901,6.589562,6.883362,49.721646,-207.006823,3.727246,2.627632,0.488989,6.047458,0.040835,0.017266
0.732427,-35.199659,-371.510431,6.446776,6.671711,47.274595,-207.792288,3.842898,2.711109,0.466649,6.059484,0.040611,0.017809
0.732958,-34.536343,-373.397721,6.479944,6.795649,45.310367,-208.028578,3.791601,2.828341,0.449825,6.068726,0.040733,0.017629
0.733489,-32.670887,-375.286697,6.583444,6.768736,43.350500,-208.439757,3.656874,3.109448,0.427531,6.078132,0.040997,0.017078
0.734021,-31.186048,-377.334042,6.507308,6.919506,40.921368,-209.534255,3.780894,3.115870,0.405864,6.090316,0.041261,0.017605
0.734552,-29.362802,-379.264057,6.569278,6.841619,39.145101,-209.858064,3.850656,2.847930,0.384294,6.098773,0.041516,0.017900
0.735083,-27.931347,-380.754192,6.332492,6.788832,36.139849,-209.717372,4.011832,2.815284,0.358424,6.112535,0.040945,0.018713
0.735614,-25.761839,-382.908226,6.298379,6.826663,34.605510,-209.856749,3.611853,2.792304,0.335641,6.119755,0.039683,0.016891
0.736145,-23.952413,-385.337478,6.433771,6.673545,31.486679,-211.390616,3.735393,3.074707,0.308535,6.135322,0.040703,0.017416
0.736676,-21.460491,-386.814453,6.266195,6.813500,29.813715,-211.679378,3.620467,3.058542,0.284810,6.143262,0.039759,0.016889
0.737207,-19.159932,-388.528779,6.430249,6.694535,27.675007,-211.995164,3.643194,3.216649,0.259329,6.153374,0.040478,0.017009
0.737738,-16.182584,-389.953311,6.323465,6.624293,24.782268,-212.751975,3.814085,3.040558,0.227186,6.167224,0.040576,0.017763
0.738270,-13.803496,-390.976212,6.354921,6.766040,21.588135,-213.084384,3.767059,3.070690,0.196386,6.182217,0.040739,0.017559
0.738801,-11.415714,-391.846245,6.309645,6.725982,18.907983,-212.647355,4.003078,2.524516,0.167630,6.194501,0.041071,0.018707
0.739332,-8.535021,-393.006144,6.409727,6.900382,16.099437,-212.732514,3.623376,2.795489,0.135809,6.207650,0.040476,0.016964
0.739863,-5.298861,-393.677605,6.271411,6.777639,13.733514,-213.425775,3.530420,3.015387,0.105198,6.218926,0.039720,0.016498
0.740394,-2.736636,-394.324715,6.315744,6.829944,10.394361,-212.644502,3.303915,2.637812,0.072150,6.234343,0.039136,0.015512
0.740925,0.444200,-394.746804,6.301132,6.722363,7.903022,-213.190341,3.621933,2.862398,0.041060,6.246132,0.039998,0.016973
0.741456,3.273732,-394.801973,6.247462,7.017182,4.677256,-213.154545,3.195168,2.598060,0.007726,6.261246,0.038629,0.014985
0.741987,6.609409,-394.642635,6.199392,6.898783,1.873721,-213.242645,3.696821,2.942928,-0.026100,6.274399,0.039778,0.017335
0.742519,9.075771,-394.612156,6.232336,6.888236,-1.489517,-213.885911,3.358323,3.013439,-0.058394,6.290149,0.039115,0.015701
0.743050,12.436127,-394.183231,6.384274,6.919962,-4.926485,-214.185428,3.760135,3.160670,-0.096163,6.306182,0.040983,0.017550
0.743581,15.622389,-393.477797,6.462386,6.877181,-7.361127,-213.723322,3.487739,3.327523,-0.127171,6.317614,0.040550,0.016308
0.744112,18.212282,-392.598875,6.459143,6.993486,-10.546358,-213.759700,3.468856,3.347789,-0.159442,6.332483,0.040536,0.016207
0.744643,21.358669,-391.677032,6.200117,7.136310,-13.094663,-213.520777,3.437788,3.200354,-0.191030,6.344436,0.039222,0.016066
0.745174,23.729285,-390.038224,6.553612,6.798858,-16.375116,-213.743161,3.542967,3.205917,-0.223678,6.359647,0.041224,0.016519
0.745705,26.081363,-388.398098,6.512948,6.631511,-18.801654,-213.525389,3.346418,3.289966,-0.251238,6.371012,0.040586,0.015610
0.746236,28.801437,-387.113908,6.568846,6.890691,-21.010529,-212.687377,3.454840,3.324960,-0.278171,6.381652,0.041012,0.016159
0.746768,31.795776,-384.637518,6.375936,6.967096,-23.918145,-212.279287,3.063558,3.417561,-0.312644,6.395385,0.039426,0.014363
0.747299,33.961502,-383.173036,6.374213,6.982502,-26.681763,-211.554209,3.435340,3.564761,-0.339665,6.408645,0.040160,0.016121
0.747830,35.979559,-381.437890,6.360687,6.963225,-28.244344,-211.223315,3.166626,3.261234,-0.360796,6.416115,0.039470,0.014867
0.748361,37.891236,-379.481563,6.243687,7.010853,-30.753504,-211.741616,3.465011,3.347612,-0.388441,6.427417,0.039915,0.016183
0.748892,39.985938,-377.185831,6.330154,6.757853,-32.582994,-211.262844,3.445723,3.192221,-0.412297,6.436209,0.040037,0.016093
0.749423,41.786888,-375.772830,6.374236,6.883272,-34.619756,-210.569900,3.479113,3.792990,-0.433202,6.446137,0.040494,0.016344
0.749954,43.113809,-373.619599,6.575146,6.734086,-36.761287,-210.236906,3.588400,3.775659,-0.454715,6.456292,0.041435,0.016840
0.750486,44.811289,-371.596572,6.575363,6.580349,-38.477575,-210.373608,3.623525,3.098664,-0.476845,6.464087,0.041104,0.016869
0.751017,46.235116,-370.151942,6.644779,6.744451,-40.208017,-209.717011,3.144543,2.779510,-0.494208,6.472612,0.040269,0.014669
0.751548,47.570900,-368.184464,6.555800,6.616835,-41.419112,-209.197401,3.808330,2.868282,-0.510284,6.478648,0.041137,0.017711
0.752079,48.709136,-366.579329,6.506571,6.646558,-42.343017,-209.159672,3.616455,3.030081,-0.524389,6.482929,0.040743,0.016847
0.752610,49.835099,-365.041433,6.829618,6.453648,-44.438885,-208.513734,3.284097,2.992985,-0.542097,6.493166,0.040812,0.015347
0.753141,50.987443,-364.501313,6.658703,6.752973,-45.660110,-208.583163,3.723991,3.026722,-0.554895,6.498692,0.041247,0.017305
0.753672,51.803898,-363.191258,6.749930,6.609422,-46.412038,-208.465137,3.354617,2.927273,-0.565596,6.502249,0.040652,0.015619
0.754203,52.711707,-361.952576,6.591213,6.751244,-47.390713,-208.517476,3.509480,2.742180,-0.578067,6.506664,0.040469,0.016254
0.754735,53.466284,-360.922928,6.770778,6.584321,-48.415441,-209.424711,3.454005,3.529714,-0.592026,6.510377,0.041412,0.016087
0.755266,54.179301,-359.464933,6.688759,6.521484,-49.156311,-209.917957,3.560727,3.376029,-0.604654,6.513210,0.041274,0.016472
0.755797,54.433922,-358.838772,6.736011,6.382849,-49.964011,-208.316487,3.658798,2.552163,-0.606398,6.518585,0.040494,0.016839
0.756328,54.923587,-357.745057,6.850952,6.565788,-51.160864,-208.840099,3.663874,3.204909,-0.619020,6.523430,0.041659,0.016926
0.756859,55.075384,-357.638028,6.816006,6.649865,-51.609899,-208.471637,3.646975,2.984760,-0.620861,6.525869,0.041353,0.016819
0.757390,55.496594,-356.941195,6.775491,6.419675,-51.590404,-207.989735,3.714337,2.735765,-0.623324,6.526321,0.040775,0.017102
0.757921,55.721961,-357.246439,6.831096,6.619065,-51.237878,-209.098891,3.668109,3.586896,-0.625327,6.523492,0.042015,0.017017
0.758452,55.841474,-357.054779,6.737864,6.723840,-51.280420,-209.247120,3.681056,3.512713,-0.627137,6.523520,0.041888,0.017043
0.758984,55.721961,-357.246439,6.831096,6.619065,-51.244950,-209.333608,3.673972,3.514430,-0.626111,6.523264,0.042004,0.017006
0.759515,55.750865,-357.342779,6.815012,6.689014,-51.418283,-209.253814,3.569073,3.520616,-0.626443,6.524134,0.041834,0.016551
0.760046,55.649558,-357.350280,6.890874,6.666481,-51.497468,-209.474667,3.532034,3.720904,-0.627030,6.524246,0.042199,0.016425
0.760577,55.347609,-357.493303,6.898588,6.696037,-51.831291,-208.969225,3.755681,3.865592,-0.625093,6.526312,0.042656,0.017474
0.761108,54.701418,-358.336550,6.748470,6.703405,-51.299397,-209.229848,3.537202,3.690469,-0.618008,6.523624,0.041708,0.016461
0.761639,54.496766,-359.061917,6.669336,6.617783,-50.957187,-209.024064,3.482197,3.542286,-0.612635,6.522307,0.040994,0.016201
0.762170,53.879290,-359.924234,6.823180,6.778665,-50.225970,-209.361377,3.813498,3.324518,-0.604958,6.518637,0.042236,0.017596
0.762701,53.553383,-360.743487,6.772155,6.943555,-49.364110,-209.690125,3.659458,3.133774,-0.598087,6.514390,0.041976,0.016868
0.763233,52.523086,-362.029874,6.605384,6.814778,-48.736583,-209.401809,3.362547,3.258683,-0.585766,6.511856,0.040705,0.015615
0.763764,51.903260,-362.504988,6.667225,6.807855,-47.406288,-207.778901,3.615606,2.463759,-0.570618,6.507503,0.040715,0.016739
0.764295,50.756902,-363.488332,6.685041,6.596874,-47.064691,-207.802312,3.437781,2.452822,-0.560988,6.505915,0.040163,0.015940
0.764826,49.477707,-364.874792,6.592977,6.808883,-46.109614,-207.392455,3.291223,2.894072,-0.545530,6.501957,0.040043,0.015408
0.765357,48.746915,-366.875129,6.625810,6.930132,-44.945731,-209.321729,3.353941,3.073985,-0.536493,6.494695,0.040736,0.015611
0.765888,47.323347,-368.716896,6.675800,6.891787,-43.032150,-209.386357,3.451540,3.052054,-0.515873,6.485879,0.041059,0.016075
0.766419,46.063042,-370.150783,6.828516,6.548616,-41.837483,-210.603924,3.269547,3.479224,-0.503564,6.479287,0.041365,0.015265
0.766951,44.877026,-372.071718,6.533283,6.654826,-39.814794,-209.985144,3.194047,3.319576,-0.481493,6.470569,0.039960,0.014965
0.767482,42.882609,-373.669640,6.516374,6.826160,-38.859019,-209.526884,3.648697,2.688524,-0.462039,6.466563,0.040586,0.016991
0.768013,41.191504,-375.701301,6.532526,6.838608,-36.507539,-209.156880,3.144492,3.004524,-0.436520,6.455991,0.039666,0.014791
0.768544,39.754763,-377.525217,6.678029,6.923141,-35.273608,-209.401008,3.622408,2.896411,-0.419746,6.450069,0.041182,0.016973
0.769075,37.707000,-379.287112,6.452495,6.973252,-33.063126,-209.738333,3.511305,3.339519,-0.395418,6.439539,0.040302,0.016518
0.769606,35.569753,-381.334673,6.477786,6.973809,-31.092403,-209.766800,3.456484,3.813265,-0.370594,6.430338,0.040337,0.016338
0.770137,33.380349,-383.174499,6.519174,6.892681,-29.469642,-210.355129,3.456525,2.561374,-0.348805,6.422374,0.040109,0.016202
0.770668,31.075173,-385.257691,6.391189,6.644581,-26.970008,-212.513226,3.586464,3.155375,-0.324164,6.409420,0.040231,0.016712
0.771200,28.468857,-387.227608,6.643030,6.723708,-24.588843,-213.092850,3.431670,3.035281,-0.295757,6.398067,0.041028,0.015975
0.771731,25.936121,-388.623361,6.371112,6.762828,-22.475410,-212.878191,3.256460,3.187820,-0.268798,6.388374,0.039378,0.015209
0.772262,23.387130,-389.928154,6.354599,6.739284,-19.844599,-213.085249,3.107307,3.455410,-0.239762,6.376047,0.039015,0.014534
0.772793,20.720297,-391.454335,6.288903,6.825971,-16.943509,-212.915524,3.444059,3.306280,-0.207907,6.362597,0.039395,0.016121
0.773324,17.835757,-392.187656,6.519284,7.020096,-14.563025,-213.209147,3.735181,3.127749,-0.179081,6.351383,0.041339,0.017466
0.773855,14.397316,-392.970578,6.450115,6.796861,-11.642606,-213.496608,3.680975,3.108762,-0.144085,6.337664,0.040956,0.017208
0.774386,11.829108,-393.907668,6.404885,7.064681,-8.646215,-213.731493,3.593733,3.138941,-0.113155,6.323617,0.040528,0.016797
0.774917,8.828479,-394.574308,6.173073,7.152523,-5.966622,-214.001792,3.149788,3.059738,-0.081752,6.311059,0.038284,0.014712
0.775449,5.701171,-395.247900,6.385736,6.831341,-3.478366,-213.733004,3.033443,2.860064,-0.050529,6.299458,0.038903,0.014191
0.775980,2.771930,-394.994221,6.194681,6.820464,-0.367019,-213.385181,3.220623,2.777654,-0.017282,6.284905,0.038439,0.015093
0.776511,-0.210552,-395.346622,6.440489,6.816481,2.996138,-212.895715,3.623515,2.482744,0.017574,6.269113,0.040497,0.017018
0.777042,-3.523717,-395.099228,6.227475,6.960001,5.174202,-212.822244,3.487996,2.403901,0.047682,6.258878,0.039117,0.016382
0.777573,-6.527107,-394.520880,6.461835,6.762013,8.491225,-212.988800,3.113791,2.512744,0.082543,6.243339,0.039380,0.014604
0.778104,-9.623343,-393.474799,6.249212,7.083170,10.929360,-212.813264,3.641960,2.491815,0.113277,6.231874,0.039799,0.017079
0.778635,-12.469609,-392.973070,6.400127,6.841203,13.463317,-212.714683,3.875402,2.655657,0.142885,6.219977,0.041068,0.018163
0.779166,-15.187967,-392.063719,6.459838,6.756783,16.426933,-212.975988,4.147599,2.773078,0.174733,6.206207,0.042152,0.019385
0.779698,-17.545893,-390.788798,6.463003,6.799994,19.993230,-212.646748,3.693833,2.701836,0.207687,6.189440,0.040860,0.017259
0.780229,-20.507701,-389.475761,6.599690,6.569455,22.138009,-212.517840,3.606614,2.520199,0.236484,6.179390,0.041176,0.016833
0.780760,-22.804285,-386.743856,6.633972,6.603190,23.985105,-212.074493,3.625326,2.837475,0.261729,6.170566,0.041673,0.016945
0.781291,-25.061200,-385.594548,6.506418,6.702799,28.000852,-211.076418,3.531513,2.887174,0.295167,6.151298,0.040537,0.016538
0.781822,-27.405260,-383.818645,6.465353,6.729215,29.660394,-211.361366,3.525953,2.967783,0.319557,6.143765,0.040535,0.016474
0.782353,-29.358598,-381.863079,6.631381,6.773642,31.408345,-210.658050,3.682515,2.649343,0.341066,6.135179,0.041564,0.017199
0.782884,-31.126951,-379.969801,6.570927,6.769559,34.005164,-210.232490,3.618227,2.976846,0.366396,6.122824,0.041185,0.016920
0.783416,-32.937508,-378.157848,6.444375,6.750849,36.239806,-209.240307,3.658492,2.542485,0.388697,6.111690,0.040445,0.017098
0.783947,-34.793215,-376.602327,6.467513,6.526835,37.524873,-209.476603,3.797928,2.518914,0.408389,6.105929,0.040763,0.017690
0.784478,-36.567931,-374.976927,6.458883,6.812909,39.779865,-208.770098,3.761997,2.427837,0.430606,6.094898,0.040639,0.017519
0.785009,-37.620037,-373.186184,6.336063,6.827549,42.354604,-208.495424,4.045671,2.490312,0.452065,6.082768,0.040804,0.018780
0.785540,-38.917920,-371.335485,6.502393,6.774601,43.228233,-208.236922,3.836873,2.625565,0.466571,6.078501,0.041033,0.017842
0.786071,-39.609837,-369.420221,6.448196,6.678990,45.472661,-207.866960,3.706043,2.753426,0.484742,6.067820,0.040482,0.017238
0.786602,-41.294923,-367.966631,6.535530,6.622890,46.614943,-207.369642,4.142457,2.584220,0.500840,6.062069,0.041497,0.019201
0.787133,-41.708625,-367.420491,6.576955,6.676580,48.292502,-208.322435,4.200784,2.582981,0.514814,6.055393,0.041865,0.019330
0.787665,-42.576894,-365.903204,6.559304,6.743980,49.964129,-208.552919,3.413549,3.033402,0.531639,6.048042,0.040508,0.015826
0.788196,-43.214644,-364.613517,6.525638,6.747230,50.794208,-208.128315,3.577112,3.106272,0.540973,6.043812,0.040745,0.016581
0.788727,-43.510946,-363.805863,6.521541,6.965730,51.231281,-207.726184,3.705684,3.084519,0.545559,6.041382,0.041255,0.017167
0.789258,-43.863920,-362.278589,6.436942,6.936325,52.502497,-206.633068,4.171493,2.305247,0.554375,6.034365,0.041363,0.019150
0.789789,-44.205769,-361.487883,6.607135,6.612813,54.078568,-206.071770,3.218821,2.333234,0.563899,6.026546,0.039453,0.014876
0.790320,-44.863987,-360.661130,6.631490,6.698281,55.222128,-206.097943,3.696188,2.451790,0.574645,6.021393,0.040509,0.016995
0.790851,-44.935175,-360.138720,6.676830,6.910454,55.559733,-206.228843,3.815361,2.789765,0.578444,6.020025,0.041454,0.017580
0.791382,-44.772139,-359.848023,6.782381,6.925389,56.021980,-206.285108,4.104883,2.880363,0.580840,6.018006,0.042472,0.018866
0.791914,-44.658687,-359.161821,6.834154,6.624448,57.462295,-205.459402,3.652313,2.438226,0.586437,6.010476,0.040883,0.016772
0.792445,-44.286658,-359.052546,6.852191,6.521432,57.442361,-205.487812,3.700838,2.499028,0.585078,6.010602,0.040996,0.017000
0.792976,-43.748142,-358.857510,6.520062,6.612078,58.417706,-205.607307,3.788424,2.569007,0.587998,6.006358,0.040210,0.017363
0.793507,-43.610305,-359.012615,6.507440,6.594654,58.690355,-205.712306,3.822680,2.502126,0.588456,6.005266,0.040144,0.017481
0.794038,-43.098582,-358.747469,6.727029,6.584736,58.367645,-205.326242,3.738505,2.618424,0.584318,6.006223,0.040860,0.017177
0.794569,-41.989073,-359.010457,6.641507,6.688800,58.525683,-206.002985,3.636606,3.038658,0.581229,6.006378,0.040994,0.016789
0.795100,-41.484544,-359.618403,6.525246,6.970456,58.726800,-205.848674,3.765958,3.007825,0.577568,6.005277,0.041142,0.017351
0.795632,-40.507204,-360.033546,6.243003,6.981052,58.672855,-205.923676,3.762682,2.966058,0.571840,6.005615,0.040253,0.017321
0.796163,-39.387419,-360.689980,6.502463,6.663600,58.510645,-206.206983,3.793650,3.094755,0.564841,6.006705,0.040881,0.017477
0.796694,-38.639646,-361.837230,6.662810,6.875480,58.516351,-206.165402,3.781656,3.122828,0.557957,6.006627,0.041583,0.017435
0.797225,-37.423384,-362.378165,6.497366,6.800493,58.426787,-206.358444,3.792184,3.007001,0.550902,6.007274,0.040955,0.017436
0.797756,-36.121246,-362.882610,6.556940,6.950888,57.988641,-205.845679,3.974441,3.224671,0.539894,6.008592,0.041874,0.018350
0.798287,-35.032125,-363.635111,6.475698,6.584721,57.109683,-205.579174,3.666547,2.986237,0.527803,6.012219,0.040385,0.016976
0.798818,-33.268200,-364.969561,6.556219,6.803524,56.920155,-205.898329,3.746534,3.126472,0.515777,6.013474,0.041211,0.017348
0.799349,-31.494944,-366.406376,6.539680,6.884235,56.592915,-205.654877,3.699856,2.901548,0.501287,6.014648,0.040936,0.017109
0.799881,-29.890639,-367.563513,6.623302,6.880051,55.531709,-205.689006,3.609636,2.942812,0.485567,6.019493,0.041141,0.016748
0.800412,-28.510505,-369.115096,6.419431,6.826443,55.235059,-206.014382,3.695460,2.993769,0.474357,6.021233,0.040454,0.017125
0.800943,-25.920630,-370.849244,6.364482,6.769647,54.795642,-205.615157,3.554768,2.445905,0.454403,6.022742,0.039546,0.016411
0.801474,-24.343519,-372.752445,6.379331,6.781613,52.899032,-206.738830,3.679431,3.240959,0.435487,6.032686,0.040369,0.017123
0.802005,-21.922063,-374.174410,6.485488,6.871942,51.418662,-206.478385,3.674564,2.786686,0.412279,6.039123,0.040692,0.017053
0.802536,-19.361842,-375.754696,6.639086,6.844450,50.839055,-207.270770,3.728782,2.716219,0.394787,6.042655,0.041518,0.017238
0.803067,-16.905432,-377.664060,6.396895,6.793976,49.842026,-206.721243,3.639192,2.547315,0.372261,6.046593,0.040030,0.016872
0.803598,-14.326329,-380.380836,6.383394,6.721800,47.715488,-208.300414,3.582416,2.675937,0.346033,6.058000,0.039963,0.016578
0.804130,-12.060913,-382.012038,6.448780,6.859605,46.203194,-209.112207,3.987723,2.995047,0.325031,6.065730,0.041503,0.018431
0.804661,-9.157500,-383.520093,6.462649,6.756050,45.226611,-208.533599,3.490262,2.642740,0.301327,6.069614,0.040040,0.016199
0.805192,-6.003271,-384.808527,6.276844,6.888363,43.534428,-208.594667,3.616714,2.601108,0.274049,6.077435,0.039624,0.016801
0.805723,-3.122726,-386.440923,6.506008,6.840332,41.488557,-209.409454,3.766730,2.597091,0.246857,6.087596,0.041113,0.017469
0.806254,0.242825,-388.117220,6.432334,6.661162,39.780992,-210.956935,3.891235,3.125607,0.219579,6.096800,0.041375,0.018015
0.806785,3.352518,-389.226537,6.254825,6.952937,37.233503,-210.222650,3.727994,2.669436,0.187062,6.107889,0.040000,0.017332
0.807316,6.640517,-390.609444,6.264821,6.821304,34.817430,-210.518459,3.829163,2.617794,0.155201,6.119280,0.040276,0.017818
0.807847,10.220954,-391.522314,6.272522,6.695950,33.342190,-210.992964,3.593852,2.799344,0.127381,6.126456,0.039722,0.016743
0.808379,13.606435,-392.266893,6.413513,6.831666,31.398680,-211.126816,3.432166,2.542869,0.097910,6.135548,0.039966,0.016001
0.808910,17.076645,-392.450391,6.316436,6.912349,28.583520,-210.997607,3.195282,2.484407,0.063330,6.148537,0.038939,0.014953
0.809441,20.854648,-392.961251,6.359487,6.830277,25.787710,-211.630287,3.654494,2.482260,0.027198,6.161930,0.040434,0.017074
0.809972,24.327482,-393.659705,6.471250,6.854204,23.926127,-212.461251,3.437045,3.174966,-0.002215,6.171044,0.040438,0.016061
0.810503,28.221366,-393.603426,6.552076,6.838560,21.267499,-213.167936,3.676744,2.979406,-0.038520,6.183746,0.041608,0.017134
0.811034,31.868134,-393.226860,6.561581,6.944357,18.233316,-213.501500,3.876880,2.898797,-0.075720,6.197991,0.042281,0.018064
0.811565,35.818439,-393.083729,6.528732,6.989796,16.166571,-212.734998,3.273916,2.401346,-0.108538,6.207337,0.040265,0.015325
0.812097,39.519404,-392.344752,6.441493,6.680696,13.180358,-214.083927,3.679537,3.138474,-0.146694,6.221697,0.041164,0.017146
0.812628,42.988443,-391.732111,6.099395,6.886292,10.565951,-212.866160,3.151440,2.478791,-0.179320,6.233589,0.037850,0.014780
0.813159,46.436159,-390.965386,6.439423,6.747417,8.579993,-214.229757,3.633770,3.019144,-0.211008,6.243156,0.040908,0.016944
0.813690,49.840296,-389.551582,6.235083,6.947921,6.248139,-214.259960,3.127809,3.189041,-0.243739,6.254032,0.038844,0.014592
0.814221,53.184582,-388.397053,6.193901,6.757852,3.837674,-214.395859,3.239396,3.129210,-0.276345,6.265287,0.038841,0.015107
0.814752,56.217927,-386.492701,6.377625,6.723740,1.575877,-213.415913,3.354620,2.534055,-0.305806,6.275801,0.039693,0.015718
0.815283,59.482602,-385.111230,6.312046,6.930432,-0.869370,-214.267876,3.616253,2.892680,-0.339575,6.287243,0.040295,0.016877
0.815814,61.922494,-383.186537,6.511411,6.810220,-3.733793,-214.306768,3.577090,3.082241,-0.370793,6.300606,0.041035,0.016688
0.816346,65.221736,-379.802874,6.424330,6.727185,-5.954895,-213.261586,3.626818,3.249898,-0.403886,6.311101,0.040814,0.016999
0.816877,67.611853,-377.909379,6.388299,6.814564,-7.657123,-212.986811,3.534770,2.946168,-0.428155,6.319121,0.040391,0.016582
0.817408,70.106253,-375.703867,6.362546,6.677037,-9.617758,-212.718947,3.613928,3.115483,-0.454930,6.328368,0.040383,0.016967
0.817939,72.575317,-373.762391,6.500057,6.477147,-11.404428,-212.495865,3.740374,2.763382,-0.480110,6.336803,0.040722,0.017565
0.818470,74.707498,-371.713575,6.600542,6.460515,-12.943572,-211.765859,3.699580,2.317348,-0.501305,6.344231,0.040628,0.017418
0.819001,76.657862,-369.335091,6.589092,6.762817,-15.379407,-211.266787,3.702467,2.413047,-0.527275,6.355853,0.040808,0.017452
0.819532,78.580372,-368.256434,6.522298,6.561983,-16.402556,-212.529135,3.325694,2.255258,-0.547690,6.360211,0.039579,0.015577
0.820063,80.463370,-366.024701,6.627273,6.751547,-17.384131,-212.820926,3.762314,2.486562,-0.568373,6.364689,0.041257,0.017587
0.820595,81.889370,-364.490907,6.750274,6.600445,-18.455031,-212.773526,3.121217,2.312639,-0.584341,6.369704,0.040159,0.014590
0.821126,83.494747,-362.327854,6.614484,6.556444,-21.297590,-211.845296,3.633291,2.717643,-0.608289,6.383382,0.040370,0.017027
0.821657,84.615681,-360.604261,6.715220,6.604285,-22.726121,-211.776386,3.187481,2.745648,-0.624844,6.390088,0.039991,0.014943
0.822188,86.269861,-358.984322,6.653186,6.417083,-23.632853,-211.652875,3.732603,2.777249,-0.640908,6.394383,0.040300,0.017478
0.822719,87.148029,-357.446146,6.923392,6.569754,-23.668572,-212.432299,3.758477,3.003735,-0.652514,6.394145,0.041879,0.017545
0.823250,88.038466,-355.867326,6.750187,6.461437,-24.945066,-212.184508,3.757719,2.813696,-0.666356,6.400211,0.040889,0.017536
0.823781,88.892664,-354.575622,6.701244,6.379519,-26.260362,-212.219833,3.911735,2.854725,-0.680150,6.406301,0.040766,0.018228
0.824312,89.767801,-353.072763,6.636608,6.395286,-27.358467,-211.818798,3.665831,2.374554,-0.692288,6.411634,0.039683,0.017082
0.824844,90.495965,-352.075173,6.723941,6.525221,-27.523653,-212.289526,3.518204,3.341063,-0.701170,6.412118,0.040900,0.016422
0.825375,90.648373,-351.171242,6.875451,6.454303,-28.595254,-211.756535,4.167541,2.342814,-0.707572,6.417412,0.041244,0.019384
0.825906,91.139810,-350.319393,6.869217,6.425529,-29.028112,-211.841845,3.924930,2.327551,-0.714726,6.419364,0.040730,0.018246
0.826437,91.934614,-349.504830,6.747666,6.288943,-29.785464,-211.188573,3.659068,3.084547,-0.721662,6.423298,0.040112,0.017108
0.826968,91.939089,-348.878438,6.802033,6.452789,-29.133266,-212.377624,3.711433,3.241727,-0.725570,6.419511,0.041221,0.017276
0.827499,92.140649,-348.639112,6.794108,6.457743,-29.136852,-212.006401,3.768139,3.126906,-0.725931,6.419764,0.041124,0.017557
0.828030,92.312219,-348.381591,6.745109,6.514608,-29.522205,-212.372674,4.070206,3.268758,-0.730480,6.421311,0.041738,0.018919
0.828562,92.440897,-348.239188,6.879608,6.416281,-30.268668,-212.452290,3.768606,3.371105,-0.734851,6.424706,0.041427,0.017526
0.829093,92.440897,-348.239188,6.879608,6.416281,-29.910100,-212.885763,4.095538,3.473310,-0.734986,6.422770,0.042175,0.018999
0.829624,92.259551,-348.271596,6.947112,6.473407,-30.203320,-212.792593,4.090590,3.347067,-0.734979,6.424181,0.042291,0.018970
0.830155,92.029511,-348.635250,6.771256,6.527849,-30.280458,-212.080781,3.954876,3.938020,-0.730427,6.425005,0.042250,0.018459
0.830686,91.494638,-349.339384,6.839750,6.665647,-29.933970,-212.395261,4.121656,3.183866,-0.725419,6.423198,0.042223,0.019140
0.831217,91.346055,-349.920770,6.942152,6.537765,-29.989244,-212.505348,3.934504,3.338031,-0.723333,6.423382,0.042037,0.018283
0.831748,90.464394,-350.824037,6.679626,6.562943,-29.033077,-212.202147,3.736357,3.012726,-0.711442,6.419159,0.040829,0.017389
0.832279,89.649553,-351.939136,6.915730,6.551840,-29.605047,-211.060591,3.830635,2.504383,-0.702462,6.422544,0.040885,0.017874
0.832811,88.859320,-352.734089,6.871221,6.635322,-29.209776,-211.379067,3.610227,2.531110,-0.695878,6.420502,0.040709,0.016838
0.833342,88.098314,-354.153745,6.779027,6.683684,-28.196867,-211.837642,4.033616,2.288559,-0.685118,6.415513,0.041185,0.018763
0.833873,86.848062,-355.504210,6.755827,6.521650,-26.464795,-212.622199,3.882600,2.983069,-0.670490,6.407017,0.041448,0.018064
0.834404,85.897215,-356.837733,6.744483,6.622395,-27.069335,-211.394436,3.685516,2.238950,-0.660374,6.410544,0.040355,0.017205
0.834935,84.507971,-358.587866,6.714424,6.378735,-25.500791,-211.651624,3.640346,2.295829,-0.642658,6.403092,0.039994,0.017002
0.835466,82.798482,-360.472299,6.727522,6.489053,-24.343488,-213.022304,3.734815,3.246305,-0.628377,6.396968,0.041401,0.017392
0.835997,82.114380,-362.218071,6.648745,6.491194,-22.932382,-212.790792,3.788696,3.060125,-0.612734,6.390541,0.041052,0.017667
0.836528,80.284987,-364.216473,6.649345,6.678985,-22.219817,-212.864389,3.609620,3.440695,-0.595301,6.387193,0.041299,0.016857
0.837060,78.546658,-366.036051,6.622736,6.852875,-21.274885,-211.794909,3.386225,2.671945,-0.574389,6.383300,0.040353,0.015878
0.837591,76.816996,-368.002300,6.551509,6.733222,-20.485757,-211.967585,3.127658,2.259435,-0.557590,6.379532,0.039241,0.014654
0.838122,74.923597,-370.220608,6.530337,6.804803,-18.367613,-211.807081,3.189063,2.549911,-0.532225,6.369688,0.039530,0.014980
0.838653,72.557451,-372.101828,6.728957,6.806163,-18.026004,-211.301308,2.995669,2.560169,-0.513018,6.368289,0.039787,0.014112
0.839184,70.604396,-374.616071,6.576694,6.823181,-15.370472,-212.545747,3.505654,2.544291,-0.487732,6.355376,0.040420,0.016430
0.839715,68.032852,-376.389692,6.226176,6.838338,-14.016263,-212.062673,3.164288,2.977588,-0.463091,6.349184,0.038554,0.014885
0.840246,65.580110,-378.733051,6.520398,6.718995,-11.776926,-213.760040,3.802912,3.245120,-0.438465,6.338224,0.041341,0.017756
0.840777,62.870442,-380.798693,6.460345,6.741751,-10.561991,-212.694932,3.155725,2.321709,-0.411846,6.332802,0.039142,0.014810
0.841309,59.936037,-382.560101,6.656978,6.872337,-8.032144,-212.565174,3.176004,2.429312,-0.380355,6.320954,0.040223,0.014926
0.841840,56.955397,-384.523602,6.439165,6.990573,-6.669735,-214.050025,3.423233,3.339398,-0.357214,6.314335,0.040392,0.015985
0.842371,53.631253,-386.549676,6.380158,6.737025,-4.035045,-214.117022,3.071501,3.337367,-0.322735,6.302028,0.039194,0.014343
0.842902,50.120265,-388.300518,6.545174,6.766967,-1.822970,-213.680384,3.143271,2.800655,-0.289129,6.291716,0.039883,0.014710
0.843433,47.196377,-389.590310,6.462472,6.862818,1.133934,-213.885386,3.562587,2.859191,-0.256388,6.277884,0.040646,0.016656
0.843964,43.820788,-390.492449,6.568581,6.718325,2.812066,-213.770982,3.382931,2.875885,-0.228017,6.270031,0.040704,0.015823
0.844495,39.962893,-392.238012,6.464544,6.948403,5.509703,-213.773420,3.471906,2.981235,-0.190707,6.257417,0.040416,0.016234
0.845027,36.242766,-393.035421,6.395485,6.920311,7.148471,-213.789087,3.492587,2.885052,-0.160911,6.249761,0.040159,0.016325
0.845558,32.546697,-393.482889,6.433200,6.728076,10.164266,-212.892809,3.160176,2.516616,-0.123312,6.235478,0.039389,0.014821
0.846089,28.719885,-393.970504,6.222682,6.900241,12.110382,-212.237781,3.233601,2.481949,-0.091142,6.226187,0.038443,0.015201
0.846620,24.884400,-394.497319,6.192169,6.778868,14.901940,-213.479617,3.115246,3.159315,-0.055091,6.213493,0.038244,0.014558
0.847151,20.923190,-394.249662,6.344174,6.892748,17.340710,-212.844896,3.748146,2.456990,-0.019746,6.201894,0.040612,0.017519
0.847682,17.191739,-393.973533,6.167593,6.872815,19.680607,-212.794018,3.774141,2.691084,0.013736,6.190961,0.039906,0.017624
0.848213,13.725058,-393.671716,6.466692,6.917343,22.113400,-212.169066,3.337829,2.540246,0.046183,6.179335,0.040053,0.015612
0.848744,9.699175,-392.889794,6.550273,7.019427,24.196123,-212.767864,3.272591,3.219912,0.080311,6.169951,0.040535,0.015279
0.849276,6.022648,-392.415738,6.379917,6.819959,26.784059,-211.996171,3.377568,3.020838,0.114569,6.157509,0.039767,0.015782
0.849807,2.458367,-391.644441,6.349098,6.583450,28.864097,-211.227840,3.040269,2.671258,0.145328,6.147377,0.038614,0.014231
0.850338,-1.212960,-390.329941,6.238941,6.813984,30.834581,-211.403769,2.995606,2.830763,0.177231,6.138350,0.038155,0.014006
0.850869,-4.484764,-388.513913,6.256976,6.820959,32.320559,-210.779862,4.008211,2.720837,0.204195,6.131032,0.040920,0.018680
0.851400,-7.756993,-387.259107,6.268067,6.892460,34.462940,-210.713605,3.233908,3.069203,0.234736,6.121067,0.039007,0.015127
0.851931,-10.897732,-386.182863,6.395061,6.630572,37.024311,-210.471702,3.220300,2.956878,0.266256,6.109056,0.039352,0.015033
0.852462,-13.842103,-384.529701,6.410172,6.737945,38.557138,-210.550281,3.163584,3.123313,0.292540,6.102067,0.039471,0.014773
0.852993,-16.911648,-382.657416,6.565849,6.769447,40.130886,-210.064180,3.622482,2.812214,0.319201,6.094419,0.041163,0.016819
0.853525,-19.927432,-380.966772,6.255764,6.840619,42.328601,-209.888822,3.127174,3.170446,0.349008,6.084183,0.038779,0.014613
0.854056,-22.415533,-379.546494,6.393923,6.784887,42.359356,-209.270994,3.589892,2.730781,0.363507,6.083470,0.040237,0.016673
0.854587,-25.217552,-377.599754,6.390294,6.549456,43.679141,-208.790295,3.743359,2.658131,0.387498,6.076958,0.040360,0.017366
0.855118,-27.725259,-375.834132,6.492509,6.767371,45.022089,-209.097693,3.786877,2.906685,0.411404,6.071107,0.041185,0.017543
0.855649,-29.416083,-374.442163,6.718626,6.634822,45.936978,-209.183398,3.377600,3.065219,0.427808,6.067015,0.041205,0.015707
0.856180,-31.703262,-372.476844,6.571610,6.798042,47.186481,-208.959717,3.602271,3.011951,0.449514,6.061094,0.041217,0.016692
0.856711,-33.931857,-371.540687,6.634546,6.869284,48.188746,-208.777740,3.967050,2.880247,0.467274,6.056344,0.042093,0.018292
0.857242,-36.261933,-369.736886,6.568811,6.818935,49.497882,-207.434355,3.717223,2.246524,0.486105,6.048946,0.040687,0.017130
0.857774,-37.520914,-368.389635,6.651122,6.813383,50.280669,-207.133595,3.305786,2.224271,0.498600,6.045046,0.040132,0.015271
0.858305,-39.278069,-366.921964,6.522057,6.586084,51.082534,-207.375929,3.544512,2.242116,0.515317,6.041665,0.039882,0.016309
0.858836,-41.329786,-365.885677,6.557851,6.872295,51.542539,-207.344933,3.735102,2.328451,0.529909,6.039540,0.040675,0.017168
0.859367,-42.646137,-364.658888,6.720576,6.634382,52.009061,-207.477524,4.010980,2.463850,0.542038,6.037573,0.041608,0.018404
0.859898,-43.509866,-363.930225,6.590888,6.996981,52.369178,-207.055245,4.144531,2.353820,0.548600,6.035457,0.041762,0.019006
0.860429,-44.902218,-362.422913,6.639763,6.801111,51.981966,-207.938128,3.954145,3.030478,0.560139,6.038218,0.041948,0.018223
0.860960,-45.413835,-362.297985,6.475596,6.663127,51.775585,-207.610152,4.014158,2.789681,0.560964,6.038782,0.041104,0.018474
0.861492,-47.376482,-361.274610,6.600216,6.585252,51.885428,-208.256888,3.855234,3.243330,0.575458,6.039015,0.041422,0.017809
0.862023,-47.533388,-360.708936,6.522940,6.843562,51.853061,-207.860727,3.911283,3.121073,0.576537,6.038714,0.041580,0.018062
0.862554,-48.636378,-360.172489,6.565439,6.819758,52.223110,-208.115236,4.058616,3.105172,0.585668,6.037328,0.041928,0.018682
0.863085,-49.518190,-360.358757,6.600285,7.032258,51.958887,-207.716682,3.910538,2.931882,0.586712,6.038072,0.041767,0.018027
0.863616,-49.781098,-360.123778,6.502157,6.967153,51.993384,-207.887335,3.938756,3.237024,0.589291,6.038109,0.041650,0.018204
0.864147,-49.918573,-360.137330,6.405531,6.986316,51.993384,-207.887335,3.938756,3.237024,0.589874,6.038109,0.041350,0.018204
0.864678,-50.775041,-360.110240,6.771144,6.912581,51.793393,-207.981965,3.871405,3.490483,0.593216,6.039121,0.042416,0.017964
0.865209,-51.018035,-360.216568,6.752262,6.879109,50.713357,-207.421143,3.669411,3.054418,0.587403,6.043395,0.041602,0.017035
0.865741,-51.385519,-360.562836,6.554804,6.948638,50.794132,-207.648135,3.720186,2.845755,0.589073,6.043280,0.040934,0.017198
0.866272,-51.408421,-360.873738,6.590573,6.762628,49.334611,-207.560012,3.698387,2.602294,0.581353,6.049827,0.040691,0.017100
0.866803,-51.366488,-361.948438,6.608169,6.881842,50.421898,-207.382763,3.167059,2.473774,0.582359,6.044679,0.039571,0.014677
0.867334,-51.178784,-362.468260,6.581026,6.904247,49.320956,-207.801248,3.653850,2.440284,0.576222,6.050151,0.040483,0.016854
0.867865,-51.125118,-363.557910,6.496776,7.050745,47.235800,-208.039670,3.860151,2.564542,0.563954,6.059919,0.040984,0.017845
0.868396,-50.738388,-364.356196,6.782715,6.951418,47.039745,-207.971870,3.801500,2.459585,0.558774,6.060745,0.041557,0.017575
0.868927,-49.770308,-365.865477,6.450426,6.966269,45.979635,-208.171689,4.132321,2.452857,0.545689,6.065802,0.041127,0.019089
0.869458,-49.310987,-366.573106,6.591377,6.906392,44.428589,-209.154093,3.874682,3.076966,0.537088,6.073876,0.041611,0.017976
0.869990,-48.939488,-368.146328,6.531213,6.902458,43.254993,-209.252883,3.727318,2.647523,0.525755,6.079345,0.040762,0.017266
0.870521,-47.699982,-369.801581,6.455410,6.898546,41.377177,-209.388285,3.769623,2.624430,0.506902,6.088089,0.040620,0.017490
0.871052,-47.012585,-371.317580,6.552301,6.749235,41.494137,-209.669889,3.592639,2.767137,0.500944,6.087808,0.040327,0.016679
0.871583,-45.249458,-372.767568,6.549464,6.734623,39.505556,-209.804892,3.678074,2.334864,0.479589,6.097068,0.040458,0.017051
0.872114,-44.350196,-374.443424,6.418250,6.718584,37.530758,-210.145432,3.882305,2.480462,0.462342,6.106454,0.040501,0.018020
0.872645,-42.950205,-376.272413,6.548617,6.659702,36.109801,-210.035069,3.643116,2.368482,0.443926,6.112927,0.040293,0.016952
0.873176,-41.596188,-378.041081,6.467232,6.807733,34.073510,-210.279351,3.574276,2.496611,0.423731,6.122542,0.040025,0.016669
0.873707,-40.165146,-379.374794,6.406279,6.945871,32.412161,-210.810565,4.112982,2.588376,0.406572,6.130630,0.041313,0.019149
0.874239,-38.134117,-380.915553,6.454843,6.852828,30.473722,-210.869957,4.084281,2.474983,0.383492,6.139665,0.041394,0.019045
0.874770,-36.247932,-381.481553,6.444415,6.774416,29.234152,-209.978092,3.485499,2.171954,0.364729,6.144850,0.039764,0.016345
0.875301,-34.303628,-384.310952,6.468692,6.841270,26.595436,-211.505761,3.131124,2.509008,0.338824,6.158098,0.039284,0.014647
0.875832,-32.291940,-386.269272,6.372746,6.910495,25.032946,-212.988895,2.978693,3.092802,0.319488,6.166190,0.038842,0.013897
0.876363,-29.815436,-387.268389,6.431050,6.950415,23.228223,-211.861805,3.434597,2.285484,0.293661,6.173983,0.039797,0.016062
0.876894,-27.678212,-388.779663,6.379430,6.733195,19.309958,-212.696894,3.853144,2.566373,0.260776,6.192647,0.040806,0.018000
0.877425,-25.325031,-390.646229,6.317855,6.723023,17.965692,-212.340445,3.668903,2.493300,0.238181,6.198778,0.039777,0.017184
0.877957,-22.559487,-391.474794,6.455136,7.041125,15.205918,-213.044246,3.711429,2.881254,0.208575,6.211932,0.040865,0.017359
0.878488,-19.693521,-392.304291,6.334826,6.778937,13.268412,-213.380644,3.672612,2.917748,0.182181,6.221083,0.040258,0.017166
0.879019,-17.245417,-393.448812,6.260522,6.937876,10.265860,-213.081612,3.361919,2.737078,0.151363,6.235044,0.038992,0.015753
0.879550,-14.044858,-393.651819,6.402281,6.806706,7.800722,-213.142465,3.406993,2.697277,0.120436,6.246603,0.039892,0.015970
0.880081,-11.214103,-394.464442,6.392987,6.965861,5.790523,-212.912065,3.060118,2.615739,0.093390,6.255995,0.038886,0.014366
0.880612,-8.289682,-394.874077,6.441670,6.825615,2.137370,-213.812166,3.670676,2.844989,0.057525,6.273189,0.040880,0.017167
0.881143,-5.028705,-394.778143,6.189763,6.813434,-0.322105,-213.609541,3.502608,2.805599,0.025973,6.284693,0.039244,0.016397
0.881674,-1.882548,-395.057354,6.335104,6.913701,-3.437822,-213.652800,3.322330,2.873056,-0.008573,6.299275,0.039432,0.015548
0.882206,1.004557,-395.045654,6.181494,6.979939,-5.004643,-213.355143,3.599701,2.792201,-0.033062,6.306638,0.039351,0.016865
0.882737,4.245314,-394.690647,6.397395,6.889629,-8.160755,-213.676101,3.158074,2.721382,-0.068429,6.321359,0.039329,0.014766
0.883268,7.052351,-393.931316,6.182653,7.143242,-9.975793,-213.488135,3.535719,2.708049,-0.094090,6.329879,0.039322,0.016536
0.883799,10.247229,-393.102510,6.360952,6.889615,-13.753529,-212.681876,3.263430,2.161401,-0.132250,6.347763,0.039286,0.015294
0.884330,13.008685,-392.243229,6.178517,6.941274,-15.013330,-212.940387,3.541549,2.187225,-0.155029,6.353574,0.039262,0.016565
0.884861,15.857984,-391.295639,6.413294,6.898309,-17.854313,-212.442396,3.261612,2.611155,-0.186306,6.367031,0.039567,0.015280
0.885392,18.869130,-390.203681,6.142052,6.892498,-20.006679,-213.148262,3.046170,3.010352,-0.216139,6.376774,0.037998,0.014227
0.885923,21.606896,-388.935291,6.348054,6.703686,-21.881223,-213.145385,3.107061,3.104495,-0.242518,6.385486,0.039133,0.014501
0.886455,23.880168,-387.517272,6.360385,6.891072,-24.044935,-212.362344,3.183522,2.583042,-0.267079,6.395931,0.039264,0.014864
0.886986,26.753276,-385.876761,6.115103,6.994380,-26.370662,-212.327303,3.088357,2.659631,-0.297046,6.406751,0.038056,0.014406
0.887517,29.163065,-384.211590,6.470389,6.953578,-28.120721,-212.120482,3.283702,3.034687,-0.321333,6.414986,0.040191,0.015327
0.888048,31.505335,-382.877292,6.429320,6.751861,-29.656391,-212.222440,3.345937,3.295149,-0.344133,6.422028,0.040150,0.015610
0.888579,33.591937,-381.154209,6.332908,6.706157,-31.890730,-212.411082,3.192287,2.971051,-0.370172,6.432209,0.039360,0.014840
0.889110,35.531931,-379.978824,6.456991,6.897951,-33.737144,-211.329092,3.726061,3.498924,-0.389720,6.441492,0.041114,0.017385
0.889641,37.425596,-378.085188,6.404445,7.081303,-35.095684,-211.245135,3.453035,3.689012,-0.410037,6.447819,0.040640,0.016156
0.890172,39.482281,-376.551864,6.373069,6.786015,-37.001673,-210.145774,3.610611,3.170681,-0.430827,6.457475,0.040154,0.016863
0.890704,41.120878,-374.957625,6.473395,6.660883,-38.018528,-209.814424,3.101775,2.596913,-0.446883,6.462441,0.039168,0.014477
0.891235,42.632072,-373.633565,6.478918,6.595861,-39.035379,-210.875035,3.432601,3.641337,-0.465063,6.466225,0.040490,0.016039
0.891766,44.242598,-372.061066,6.657752,6.731140,-40.716529,-211.199081,3.769224,3.455804,-0.485913,6.473636,0.041955,0.017474
0.892297,45.510568,-370.735996,6.471408,6.563833,-41.558616,-210.454699,3.546357,2.465235,-0.497629,6.478148,0.040006,0.016371
0.892828,47.268388,-368.614953,6.489398,6.687338,-42.649944,-210.034083,3.431818,3.139644,-0.515816,6.483523,0.040331,0.015961
0.893359,48.272732,-368.234200,6.681447,6.582602,-42.608000,-209.863616,3.592522,3.739749,-0.520969,6.483490,0.041525,0.016804
0.893890,49.388543,-367.120275,6.537676,6.588518,-43.447504,-209.879149,3.281072,2.805072,-0.533335,6.487314,0.039843,0.015224
0.894422,50.224791,-366.314912,6.802025,6.633399,-44.274514,-208.431405,3.175528,3.312410,-0.539344,6.492492,0.040665,0.014931
0.894953,50.995697,-365.184016,6.668289,6.444908,-44.665986,-208.511187,3.266621,2.998911,-0.548164,6.494210,0.039989,0.015266
0.895484,51.918609,-364.658381,6.646556,6.753267,-45.313400,-208.451985,3.580401,3.056582,-0.556770,6.497236,0.040825,0.016681
0.896015,52.423203,-363.801260,6.487800,6.782573,-45.420301,-208.430638,3.600982,3.188420,-0.562002,6.497747,0.040528,0.016798
0.896546,53.130311,-363.038422,6.624869,6.664761,-45.505089,-208.441195,3.558730,3.220678,-0.567904,6.498124,0.040823,0.016611
0.897077,53.775008,-362.892408,6.709852,6.672088,-45.373296,-209.627784,3.670740,2.480209,-0.574199,6.496344,0.041064,0.016905
0.897608,54.034174,-362.790280,6.797973,6.623465,-45.475082,-208.992866,3.566697,3.018083,-0.574274,6.497437,0.041279,0.016569
0.898139,54.412752,-362.664181,6.623435,6.897257,-45.490083,-209.965806,3.575957,3.474492,-0.579357,6.496543,0.041575,0.016624
0.898671,54.652754,-362.572662,6.721433,6.864776,-45.292491,-209.854285,3.438218,3.585335,-0.579491,6.495753,0.041688,0.016046
0.899202,54.937436,-362.708172,6.903443,6.890088,-45.176161,-208.949053,3.658538,3.516202,-0.577153,6.496114,0.042457,0.017085
0.899733,55.111644,-362.790531,6.887286,6.906460,-44.692729,-209.568500,3.586778,3.538330,-0.577338,6.493298,0.042457,0.016729
0.900264,55.304829,-363.280073,6.828405,6.891110,-44.523465,-209.412366,3.632618,3.575890,-0.575526,6.492677,0.042217,0.016956
0.900795,55.206991,-363.764343,6.843115,6.856811,-43.415253,-209.416901,3.635853,2.496220,-0.568577,6.487604,0.041606,0.016814
0.901326,55.168792,-364.297011,6.741721,6.909206,-42.823550,-209.859523,3.807694,2.765197,-0.565410,6.484480,0.041867,0.017609
0.901857,54.774162,-365.465890,6.817389,6.785993,-42.928858,-209.486273,3.728586,2.470408,-0.559593,6.485311,0.041400,0.017238
0.902388,54.605930,-366.018614,6.833025,6.742368,-41.629587,-209.318732,3.645187,2.588128,-0.550751,6.479505,0.041356,0.016918
0.902920,53.763228,-367.214700,6.741950,6.658859,-41.137382,-209.651307,3.588290,2.411841,-0.542110,6.476942,0.040740,0.016624
0.903451,53.429752,-368.516434,6.885717,6.436607,-40.439660,-209.755000,3.167260,2.469744,-0.533969,6.473643,0.040165,0.014722
0.903982,53.001245,-369.709008,6.718007,6.599281,-38.615130,-211.263320,3.601486,3.049166,-0.524250,6.463972,0.041172,0.016693
0.904513,52.062339,-370.836447,6.813752,6.575835,-37.833539,-209.854316,3.588977,2.747812,-0.509286,6.461554,0.041049,0.016721
0.905044,51.529469,-372.306791,6.795872,6.537682,-36.112872,-211.576241,3.484833,3.403101,-0.499208,6.452241,0.041388,0.016225
0.905575,50.064480,-373.522304,6.841761,6.636568,-35.068465,-210.742161,3.686086,2.640138,-0.481873,6.448079,0.041594,0.017140
0.906106,49.560359,-375.373369,6.729353,6.749282,-33.042875,-210.576325,3.728734,2.703745,-0.464641,6.438832,0.041284,0.017393
0.906637,48.340220,-377.023286,6.611442,6.846523,-31.038478,-211.557311,3.442494,3.640555,-0.447299,6.428860,0.040928,0.016120
0.907169,46.819748,-378.168480,6.544443,6.988312,-29.736730,-211.890795,3.412751,3.515049,-0.431480,6.422615,0.040753,0.015959
0.907700,45.653663,-379.718081,6.474976,6.951108,-27.575090,-212.729760,3.336125,3.354772,-0.413271,6.412092,0.040341,0.015554
0.908231,43.770215,-381.571729,6.530895,6.947479,-25.717377,-212.625540,3.225061,3.420326,-0.390210,6.403552,0.040246,0.015072
0.908762,42.054831,-382.912407,6.334363,7.066270,-23.864774,-212.220752,3.229956,2.616472,-0.368546,6.395167,0.039168,0.015092
0.909293,40.447806,-384.475341,6.695052,6.928622,-22.003337,-211.970517,3.150175,2.588300,-0.347348,6.386619,0.040329,0.014756
0.909824,38.500645,-385.930337,6.665612,6.669936,-19.765758,-212.181603,3.250369,2.579522,-0.323563,6.376072,0.040323,0.015228
0.910355,36.328434,-387.632430,6.382787,6.940289,-16.855076,-213.003049,3.443890,3.002960,-0.295627,6.362151,0.039876,0.016106
0.910887,34.579435,-388.298742,6.650375,6.914216,-14.924075,-212.119007,3.510389,2.294031,-0.273920,6.353427,0.041000,0.016485
0.911418,32.678253,-388.723292,6.215933,6.977071,-12.253319,-213.100573,3.456349,3.159114,-0.250469,6.340622,0.039426,0.016188
0.911949,29.977335,-391.142282,6.479924,6.848582,-9.734398,-213.967219,3.169771,3.263248,-0.220494,6.328649,0.039830,0.014800
0.912480,27.502755,-391.192956,6.410164,6.878079,-7.794593,-212.144780,3.280149,2.544119,-0.194643,6.319911,0.039484,0.015447
0.913011,25.201189,-392.921871,6.386642,7.040787,-4.275050,-213.185971,3.242144,2.474802,-0.162551,6.303236,0.039369,0.015204
0.913542,22.634730,-393.746184,6.177265,6.950245,-1.921514,-212.789986,3.213655,2.294900,-0.134879,6.292215,0.038167,0.015102
0.914073,20.040566,-394.293075,6.477445,6.830473,1.278850,-213.960332,3.587622,3.068959,-0.103666,6.277208,0.040845,0.016767
0.914604,17.491412,-394.671368,6.276816,6.960046,4.424931,-213.548011,3.107914,3.061866,-0.072017,6.262467,0.038588,0.014550
0.915136,14.562053,-394.998753,6.234407,6.911727,6.204171,-213.803191,3.194085,3.147733,-0.046094,6.254175,0.038626,0.014933
0.915667,11.918240,-394.918661,6.395019,6.863620,9.510367,-213.269985,3.590402,2.722576,-0.013255,6.238622,0.040371,0.016811
0.916198,9.118474,-394.782636,6.249734,6.975058,12.089190,-213.513240,3.281502,3.004461,0.016387,6.226625,0.038937,0.015341
0.916729,6.678623,-394.554133,6.199971,6.877294,14.247037,-212.708137,3.272988,2.577401,0.041596,6.216306,0.038524,0.015340
0.917260,4.244349,-393.948181,6.530928,6.786230,17.282219,-213.217777,3.462546,2.890111,0.072015,6.202308,0.040794,0.016170
0.917791,1.816758,-393.084989,6.480549,6.688425,19.350382,-212.329558,3.682487,2.341603,0.096699,6.192303,0.041026,0.017229
0.918322,-0.794377,-392.362433,6.322382,6.792103,22.673340,-211.621218,3.231868,2.445017,0.129119,6.176451,0.038969,0.015148
0.918853,-3.142417,-391.764440,6.270485,6.752983,25.644106,-211.882785,3.600246,2.498097,0.158685,6.162741,0.039687,0.016805
0.919385,-5.344656,-390.642099,6.213315,6.971910,27.331980,-212.345127,3.723167,2.901890,0.181259,6.155174,0.040016,0.017334
0.919916,-7.759598,-389.381782,6.311410,6.914997,29.969911,-211.220989,3.575986,2.966283,0.208689,6.142237,0.039898,0.016711
0.920447,-9.795863,-388.192008,6.230452,6.752074,32.065175,-211.238647,4.031429,2.859448,0.232295,6.132539,0.040785,0.018763
0.920978,-11.944129,-386.731857,6.307002,6.735542,33.547864,-210.564445,3.797928,2.518914,0.252711,6.125190,0.040406,0.017688
0.921509,-13.930424,-385.647850,6.367006,6.764659,36.543219,-210.128728,3.262847,2.526450,0.280012,6.110999,0.039202,0.015208
0.922040,-15.692587,-384.234874,6.296358,6.790738,38.718645,-210.858289,3.770627,2.815789,0.304098,6.101584,0.040394,0.017461
0.922571,-17.028862,-382.411994,6.577547,6.674353,39.633157,-210.210245,3.965050,2.709878,0.317886,6.096832,0.042116,0.018365
0.923103,-18.449874,-380.270727,6.370987,6.691502,41.856301,-208.367930,3.678462,2.632546,0.337401,6.084947,0.040284,0.017143
0.923634,-20.382551,-379.847581,6.410054,6.786708,43.445520,-209.425261,3.848945,2.972106,0.358358,6.078636,0.041040,0.017845
0.924165,-21.075071,-377.370105,6.394992,6.753461,45.231944,-208.023518,3.923059,2.727227,0.373197,6.069081,0.041095,0.018212
0.924696,-22.537756,-376.185832,6.373694,6.785954,47.685159,-207.362468,3.814779,2.767247,0.394185,6.057155,0.040545,0.017714
0.925227,-23.163560,-374.640725,6.516596,6.766526,49.045201,-206.959083,3.696430,2.687782,0.406630,6.050498,0.040858,0.017160
0.925758,-24.542235,-373.470892,6.443312,6.947342,51.316910,-207.063751,3.794668,2.734049,0.427720,6.040249,0.040877,0.017539
0.926289,-25.249814,-372.636524,6.443566,6.648315,51.908068,-206.457641,3.602287,2.694336,0.434687,6.036868,0.040092,0.016698
0.926820,-25.977277,-371.201046,6.520764,6.784873,52.857514,-205.857645,3.528110,2.448838,0.444911,6.031848,0.040274,0.016332
0.927352,-26.892389,-370.266565,6.387165,6.938282,53.414373,-206.249406,3.813500,2.796423,0.455313,6.029773,0.040779,0.017637
0.927883,-26.970501,-369.117070,6.570754,6.865101,55.509191,-205.596094,3.699072,2.735061,0.467160,6.019481,0.041007,0.017100
0.928414,-27.201732,-369.746836,6.550552,6.858565,55.504492,-206.185204,3.717296,2.486412,0.468164,6.020222,0.040834,0.017081
0.928945,-27.426614,-368.970900,6.483490,6.664705,57.123475,-205.841058,3.762773,2.422965,0.478180,6.012485,0.040342,0.017242
0.929476,-27.348652,-368.325558,6.504750,6.709965,57.479992,-207.201927,3.763121,3.275789,0.484608,6.012579,0.041213,0.017349
0.930007,-27.482469,-367.928992,6.390919,6.880760,58.756718,-206.000277,3.598262,2.634743,0.489367,6.005337,0.040018,0.016502
0.930538,-27.985320,-367.453147,6.642634,6.891847,58.716537,-206.146483,3.894553,2.700624,0.493193,6.005704,0.041688,0.017812
0.931069,-27.894719,-367.395321,6.705972,6.899499,59.315630,-206.007703,3.984731,2.780169,0.495426,6.002839,0.042085,0.018219
0.931601,-27.916726,-367.254063,6.737018,6.802949,59.538789,-206.007424,3.816350,2.816106,0.496967,6.001839,0.041748,0.017482
0.932132,-27.472969,-367.348224,6.560625,6.857101,59.667029,-205.659832,3.807361,2.702224,0.494311,6.000813,0.041037,0.017434
0.932663,-27.242999,-367.273560,6.571069,6.726470,60.057941,-206.205373,3.962245,3.203331,0.496690,5.999772,0.041610,0.018197
0.933194,-26.959334,-367.396755,6.636687,6.931094,60.827192,-205.032070,3.411563,2.893846,0.495656,5.994785,0.040488,0.015770
0.933725,-25.687961,-367.451299,6.604737,6.929095,60.727357,-206.079086,3.847757,3.362975,0.491645,5.996616,0.041828,0.017740
0.934256,-25.015973,-367.798526,6.561040,6.906175,61.367961,-204.909193,3.649052,2.876242,0.487611,5.992198,0.040687,0.016792
0.934787,-24.002166,-368.238517,6.561527,6.938495,60.872413,-205.794004,3.868614,3.494474,0.481472,5.995593,0.041738,0.017892
0.935318,-23.091530,-369.159921,6.523320,6.971543,60.553479,-206.072970,3.193515,3.440826,0.473903,5.997385,0.040224,0.014963
0.935850,-22.443190,-369.824466,6.419914,6.828302,59.659675,-206.490324,3.639240,3.366326,0.465780,6.001922,0.040629,0.016837
0.936381,-21.078062,-370.891815,6.472131,7.069816,59.695706,-205.419826,3.710065,2.577174,0.454116,6.000371,0.040582,0.016990
0.936912,-19.895035,-371.623657,6.494483,6.753480,59.697200,-205.786855,3.727246,2.627632,0.447474,6.000843,0.040465,0.017052
0.937443,-18.684018,-372.708297,6.586130,7.055156,58.567974,-206.491074,3.757034,2.943863,0.435065,6.006810,0.041428,0.017251
0.937974,-17.233862,-373.921935,6.523090,6.839835,57.834510,-206.024065,3.532982,2.551803,0.420446,6.009512,0.040230,0.016219
0.938505,-15.545348,-375.010971,6.608168,6.729268,56.825720,-206.286515,3.889118,2.640182,0.405195,6.014382,0.041403,0.017827
0.939036,-14.118942,-376.164200,6.564831,7.056410,55.636707,-206.500776,3.692483,2.682098,0.390074,6.020008,0.041072,0.016987
0.939568,-12.118791,-377.570137,6.365407,6.874726,55.102268,-206.313648,3.584353,2.548562,0.374039,6.022197,0.039727,0.016506
0.940099,-10.237938,-379.151576,6.380458,6.769649,54.521408,-206.322878,3.124133,2.473048,0.358510,6.024838,0.038561,0.014460
0.940630,-8.268101,-380.241299,6.421624,6.932632,51.981278,-207.326532,3.391088,2.781890,0.335279,6.037527,0.039784,0.015711
0.941161,-6.244523,-381.660733,6.465267,6.711274,52.259933,-207.520587,3.883621,2.854538,0.324114,6.036485,0.040920,0.017897
0.941692,-4.155589,-382.147826,6.402284,6.844316,50.641694,-206.169949,3.217983,2.396414,0.301871,6.042323,0.038919,0.014965
0.942223,-1.786649,-383.386658,6.418686,6.796971,48.023017,-207.140252,3.550201,2.670556,0.275431,6.055372,0.040037,0.016510
0.942754,0.296612,-384.618372,6.375771,6.800989,47.028054,-207.853917,3.502403,2.745532,0.258458,6.060676,0.039808,0.016280
0.943285,2.689243,-386.814215,6.260669,7.150595,45.568196,-208.325384,3.479902,2.466641,0.235766,6.067841,0.039142,0.016132
0.943817,5.528036,-386.944077,6.424017,6.726489,43.375919,-207.858744,3.547877,2.709170,0.208275,6.077458,0.040073,0.016563
0.944348,8.364456,-389.496408,6.406631,6.731632,41.910504,-209.441317,3.354258,2.489073,0.184198,6.085688,0.039474,0.015568
0.944879,10.827657,-390.251618,6.161281,6.837294,39.178071,-209.922739,3.610248,2.351081,0.155939,6.098677,0.039132,0.016741
0.945410,13.944653,-391.110138,6.444119,6.699010,37.067350,-210.387800,3.865265,2.517434,0.127255,6.108789,0.041213,0.017936
0.945941,16.754881,-392.069515,6.278145,6.862116,36.340525,-210.602056,3.204974,2.716327,0.107513,6.112313,0.038641,0.014935
0.946472,19.951867,-392.531973,6.454934,6.831625,33.315393,-211.056170,3.421549,2.804044,0.073505,6.126626,0.040151,0.015949
0.947003,22.787479,-393.037118,6.247575,6.759238,31.552220,-211.170600,3.528085,2.658153,0.048156,6.134867,0.039407,0.016446
0.947534,26.001623,-393.139145,6.588102,6.768619,28.878393,-211.591757,3.595360,2.926468,0.015845,6.147542,0.041335,0.016784
0.948066,28.997290,-393.351728,6.295492,6.762263,26.874976,-211.734106,3.520344,2.529711,-0.011685,6.156932,0.039712,0.016431
0.948597,31.824858,-393.380679,6.455564,6.887792,24.165934,-212.017017,3.188207,2.426158,-0.042205,6.169694,0.039665,0.014900
0.949128,35.189435,-393.079497,6.237143,6.930816,22.025435,-212.205035,3.156554,2.366821,-0.072652,6.179762,0.038556,0.014761
0.949659,38.120215,-392.768498,6.447234,6.703136,18.734169,-212.351562,3.786947,2.427743,-0.107041,6.195191,0.041185,0.017724
0.950190,41.001265,-392.277573,6.660522,6.759277,16.287655,-212.411122,3.217337,2.320069,-0.136545,6.206655,0.040716,0.015081
0.950721,44.432702,-391.329974,6.432600,6.833939,14.202231,-213.627022,3.194085,3.147733,-0.168505,6.216802,0.039898,0.014918
0.951252,47.126792,-390.644749,6.229112,6.764923,11.293469,-213.619916,3.491147,2.926362,-0.199721,6.230367,0.039586,0.016313
0.951783,50.215059,-389.826559,6.486385,6.646413,9.639210,-213.660123,3.374727,3.207256,-0.226379,6.238101,0.040465,0.015777
0.952315,52.874460,-388.480329,6.657198,6.700267,7.060083,-213.792815,3.393139,3.038065,-0.256488,6.250174,0.041334,0.015861
0.952846,55.469559,-387.385260,6.357873,6.994399,4.856117,-213.996200,3.468344,2.978111,-0.284015,6.260497,0.040256,0.016202
0.953377,57.851476,-386.071760,6.482846,6.701784,1.936782,-212.963233,3.170331,2.355229,-0.312425,6.274091,0.039612,0.014886
0.953908,60.422220,-384.317797,6.511088,6.710926,0.421363,-212.971387,3.343240,2.299679,-0.336829,6.281207,0.040182,0.015698
0.954439,62.419191,-382.733619,6.680555,6.720168,-2.151630,-213.216996,3.138870,2.424681,-0.363943,6.293276,0.040527,0.014720
0.954970,65.076727,-380.970359,6.424189,6.836456,-3.512934,-214.025957,3.021205,2.908123,-0.389828,6.299597,0.039603,0.014114
0.955501,67.128794,-379.577901,6.557114,6.572672,-6.522335,-212.869300,3.517551,2.311895,-0.416010,6.313816,0.040415,0.016512
0.956033,69.064028,-377.813924,6.344685,6.949048,-7.527253,-213.046328,3.596522,2.379447,-0.435130,6.318502,0.040190,0.016865
0.956564,70.799661,-376.020715,6.460574,6.573629,-9.446682,-212.985918,3.644179,2.332868,-0.457391,6.327510,0.040357,0.017083
0.957095,72.218363,-374.330732,6.604756,6.532310,-11.657427,-212.785679,3.729896,2.631107,-0.478897,6.337915,0.041057,0.017489
0.957626,73.536147,-372.511428,6.637731,6.536025,-13.246237,-213.142543,3.674032,2.272453,-0.498640,6.345253,0.040997,0.017184
0.958157,75.213930,-371.364338,6.551960,6.565642,-15.153686,-212.842168,3.731962,2.426257,-0.518116,6.354262,0.040616,0.017464
0.958688,76.750521,-369.321822,6.594689,6.709201,-15.884070,-213.011548,3.343977,2.429542,-0.534985,6.357617,0.040329,0.015635
0.959219,77.596740,-368.216008,6.559739,6.489773,-17.220026,-212.943990,3.646101,2.502464,-0.548213,6.363876,0.040453,0.017037
0.959750,78.668674,-366.414012,6.511479,6.371098,-18.919896,-213.648958,3.586638,3.103439,-0.568472,6.371511,0.040463,0.016706
0.960282,79.810139,-364.638062,6.827865,6.416754,-20.634674,-212.208292,3.388376,2.853227,-0.582647,6.380118,0.040788,0.015871
0.960813,80.580467,-363.627629,6.746116,6.499709,-21.606204,-212.193134,3.294255,2.808265,-0.593606,6.384659,0.040378,0.015423
0.961344,81.008956,-362.581338,6.676341,6.342788,-22.948152,-212.216382,3.654100,2.848738,-0.604907,6.390902,0.040506,0.017080
0.961875,81.909860,-361.476211,6.782317,6.587721,-23.251715,-213.069979,3.578475,3.112444,-0.616479,6.391882,0.041469,0.016672
0.962406,82.578324,-360.288810,6.688982,6.400657,-24.307693,-213.175553,3.629259,2.968992,-0.628327,6.396722,0.040822,0.016879
0.962937,82.591894,-359.417814,6.709380,6.524169,-24.745387,-212.953013,3.659794,3.117494,-0.632437,6.398868,0.041310,0.017040
0.963468,82.764559,-358.658788,6.801986,6.471179,-25.933878,-212.964847,3.780376,3.529877,-0.640984,6.404364,0.042017,0.017604
0.963999,83.294767,-358.150624,6.690805,6.528383,-26.726418,-212.924755,3.696323,3.060213,-0.648339,6.408053,0.041102,0.017183
0.964531,83.205002,-357.882677,6.840666,6.433845,-26.846006,-213.327487,3.554262,3.381565,-0.650699,6.408371,0.041558,0.016518
0.965062,83.169174,-357.803503,6.962251,6.484994,-27.153438,-212.148785,3.622496,2.591437,-0.648237,6.410486,0.041290,0.016870
0.965593,83.137691,-357.703694,6.947340,6.565579,-28.225125,-213.112643,3.758776,3.662116,-0.656299,6.414861,0.042515,0.017477
0.966124,83.029513,-357.619478,6.984153,6.582936,-28.367971,-212.453098,3.639206,3.199638,-0.654531,6.415926,0.041939,0.016945
0.966655,83.148999,-357.534231,6.923392,6.569754,-28.616332,-212.588514,3.628070,3.863098,-0.656859,6.416990,0.042311,0.016934
0.967186,82.711033,-357.338304,6.791795,6.507651,-29.082665,-212.630092,3.517033,3.490846,-0.657775,6.419118,0.041293,0.016386
0.967717,82.204632,-357.800950,6.665863,6.510581,-29.082665,-212.630092,3.517033,3.490846,-0.654038,6.419118,0.040902,0.016386
0.968248,81.742184,-358.061564,6.887603,6.436807,-29.165247,-212.446838,3.509482,3.620233,-0.650915,6.419615,0.041550,0.016376
0.968780,80.438886,-358.602501,6.742585,6.517096,-29.050924,-212.599641,3.526777,3.497496,-0.643447,6.418990,0.041279,0.016434
0.969311,79.938752,-359.522915,6.787169,6.554900,-29.082665,-212.630092,3.517033,3.490846,-0.638480,6.419118,0.041369,0.016386
0.969842,78.798503,-360.210694,6.883527,6.469030,-28.987638,-212.359814,3.603842,3.330277,-0.629938,6.418849,0.041548,0.016792
0.970373,77.876281,-361.336524,6.873689,6.647569,-28.501974,-212.052833,3.701877,3.570014,-0.619127,6.416794,0.042115,0.017291
0.970904,76.614339,-362.231199,6.715038,6.497312,-28.161364,-212.020471,4.016038,3.091964,-0.609063,6.415236,0.041630,0.018710
0.971435,75.728991,-363.587736,6.889205,6.449905,-27.079791,-212.825370,3.504144,3.510829,-0.598493,6.409745,0.041697,0.016334
0.971966,74.456062,-364.686349,6.576736,6.645341,-26.524260,-213.275276,3.472451,3.429804,-0.588184,6.406916,0.040934,0.016154
0.972498,72.870703,-365.860465,6.612890,6.677029,-26.743516,-211.484783,3.885978,2.264467,-0.573044,6.408974,0.040786,0.018135
0.973029,71.241094,-367.562595,6.592851,6.744529,-24.863947,-212.685258,3.723884,3.136379,-0.555374,6.399562,0.041339,0.017356
0.973560,69.747912,-369.249387,6.880577,6.668006,-24.504883,-213.131946,3.550932,3.344449,-0.543158,6.397658,0.042049,0.016539
0.974091,68.045380,-370.926945,6.755875,6.722948,-23.526279,-213.147782,3.169247,3.390945,-0.525867,6.393116,0.040999,0.014792
0.974622,65.932993,-372.567788,6.650974,6.829215,-22.694424,-212.935969,3.652108,3.173224,-0.506826,6.389363,0.041484,0.017031
0.975153,63.827548,-374.302598,6.553056,6.602013,-21.363774,-212.888826,3.564293,3.186580,-0.485626,6.383202,0.040719,0.016642
0.975684,61.682299,-376.173300,6.427569,6.859784,-21.277370,-211.419350,3.418494,2.710384,-0.466473,6.383488,0.039572,0.016058
0.976215,59.369078,-377.992122,6.509841,6.780670,-18.907448,-212.488916,3.586625,2.612675,-0.441783,6.371932,0.040433,0.016782
0.976747,57.046203,-379.288394,6.515252,6.890261,-17.494474,-212.388569,3.544115,2.914642,-0.420039,6.365370,0.040635,0.016612
0.977278,54.784774,-381.605443,6.461997,6.826561,-16.793991,-212.715982,3.608292,2.348927,-0.400871,6.361972,0.040199,0.016880
0.977809,51.749044,-383.103328,6.604230,6.969671,-14.898934,-212.515182,3.634412,2.465486,-0.372459,6.353178,0.041056,0.017037
0.978340,49.426391,-384.992543,6.484662,6.948009,-12.876638,-212.986816,3.580354,2.227946,-0.347515,6.343569,0.040421,0.016761
0.978871,46.295616,-386.346333,6.394453,6.864796,-11.427731,-212.841500,3.288573,2.125810,-0.321172,6.336825,0.039321,0.015416
0.979402,43.667334,-387.779556,6.612103,6.835177,-9.712134,-213.435921,3.060464,2.957379,-0.297111,6.328658,0.040037,0.014323
0.979933,40.351828,-389.138442,6.311309,7.066271,-7.844846,-212.689393,3.110457,2.219791,-0.266643,6.320053,0.038611,0.014610
0.980464,37.435768,-390.511318,6.353232,6.865377,-5.966468,-212.823618,3.264720,2.356912,-0.239570,6.311213,0.039087,0.015331
0.980996,33.849160,-391.801633,6.396940,6.799632,-3.240636,-213.197113,3.526428,2.353111,-0.204754,6.298384,0.040019,0.016538
0.981527,30.124509,-392.536624,6.292221,6.912153,-1.234729,-213.274849,3.519696,2.362158,-0.173183,6.288975,0.039633,0.016503
0.982058,26.877882,-393.358719,6.169497,6.875078,0.993742,-214.074255,3.295793,3.088262,-0.143384,6.278543,0.038677,0.015395
0.982589,23.249237,-393.789664,6.176235,7.046077,2.443585,-212.949073,3.267781,2.393121,-0.114546,6.271711,0.038419,0.015344
0.983120,19.452283,-394.792897,6.306802,6.911268,5.049015,-213.616019,3.547526,2.756376,-0.079332,6.259554,0.039821,0.016601
0.983651,16.246360,-394.787210,6.511965,6.935667,6.978488,-214.267426,3.531379,3.644420,-0.051295,6.250628,0.040989,0.016473
0.984182,12.632976,-395.206945,6.188113,6.953274,9.077627,-212.999966,3.415496,2.775713,-0.019510,6.240593,0.038785,0.016016
0.984713,8.700703,-394.750120,6.260802,6.838406,11.948052,-212.736792,3.162660,2.543390,0.017839,6.227081,0.038532,0.014835
0.985245,5.050948,-394.588266,6.318868,6.976186,13.180659,-213.355153,3.714488,2.794966,0.044828,6.221486,0.040405,0.017362
0.985776,1.688109,-393.994883,6.491141,6.769247,14.737050,-213.911924,3.615837,3.147666,0.072334,6.214401,0.041153,0.016854
0.986307,-1.636223,-393.508946,6.316899,6.793031,18.241736,-212.571535,3.288634,2.544306,0.109422,6.197580,0.039133,0.015391
0.986838,-5.046350,-392.398610,6.479726,6.704979,18.785558,-212.530770,4.018890,2.559561,0.131729,6.195025,0.041983,0.018793
0.987369,-8.650021,-391.717131,6.549298,6.686113,21.290156,-213.041600,3.917068,2.738738,0.166025,6.183582,0.042063,0.018249
0.987900,-11.696575,-390.522904,6.310107,6.755008,23.295803,-213.072454,3.889547,2.783113,0.194697,6.174285,0.040961,0.018094
0.988431,-14.396612,-389.155029,6.260990,6.851812,25.509027,-212.549383,3.379396,2.978979,0.222227,6.163742,0.039394,0.015761
0.988963,-17.868745,-388.200091,6.406993,6.613709,26.256475,-212.411988,3.651118,2.922850,0.245932,6.160198,0.040641,0.017013
0.989494,-20.863218,-386.545436,6.624943,6.703684,27.602489,-212.273670,3.279514,2.920478,0.271250,6.153878,0.040835,0.015294
0.990025,-23.928562,-385.067533,6.410878,6.755115,30.174002,-211.327996,3.219784,2.961525,0.301883,6.141361,0.039524,0.015060
0.990556,-26.368693,-383.912187,6.454338,6.827776,31.073003,-211.490450,3.788104,3.080333,0.321582,6.137305,0.041183,0.017658
0.991087,-28.745766,-382.289671,6.505448,6.748598,33.192036,-210.898237,3.737713,2.789805,0.346779,6.127082,0.041044,0.017413
0.991618,-31.198026,-380.918508,6.632657,6.773791,35.342625,-210.817065,3.526076,2.863071,0.372882,6.117084,0.041012,0.016419
0.992149,-33.543541,-379.179371,6.666969,6.836757,35.397274,-210.275409,3.885763,2.620641,0.387526,6.116411,0.041997,0.018086
0.992680,-35.825058,-377.801319,6.445227,6.692181,36.688464,-210.104598,3.688796,2.597425,0.408129,6.110308,0.040436,0.017166
0.993212,-37.391783,-376.332068,6.560525,6.777325,38.030637,-210.134421,3.545179,2.759171,0.426019,6.104141,0.040729,0.016497
0.993743,-39.924132,-374.841639,6.284043,6.646141,39.216007,-210.740319,3.606372,3.079524,0.449358,6.099203,0.039851,0.016748
0.994274,-41.468129,-373.582282,6.642315,6.794396,41.060845,-209.775687,3.541283,2.731718,0.466699,6.089892,0.040815,0.016443
0.994805,-43.173247,-372.289487,6.490211,6.920743,41.736943,-210.109538,3.496843,2.951761,0.482314,6.087094,0.040452,0.016235
0.995336,-45.031087,-371.049653,6.513310,6.585891,41.886910,-209.813061,3.910752,3.000773,0.494414,6.086137,0.041042,0.018134
0.995867,-46.050105,-370.050934,6.518295,6.763893,42.277491,-210.172968,3.141281,3.067777,0.504737,6.084679,0.039862,0.014639
0.996398,-47.446676,-368.738362,6.488173,6.813712,43.266175,-210.014029,3.931720,3.266012,0.519209,6.080012,0.041457,0.018220
0.996929,-48.781094,-367.968458,6.770518,6.880401,43.715376,-209.743793,3.920413,3.008244,0.529011,6.077704,0.042257,0.018141
0.997461,-49.506045,-367.059843,6.534977,6.639951,43.329214,-209.727844,3.669216,3.011296,0.533078,6.079454,0.040741,0.017018
0.997992,-50.720855,-366.325762,6.634425,6.900279,43.838329,-209.353310,3.347146,3.042488,0.542178,6.076769,0.040711,0.015591
0.998523,-51.576121,-366.037404,6.455004,6.968227,43.559566,-210.005440,3.757513,3.274877,0.547535,6.078664,0.041216,0.017432
0.999054,-52.367990,-365.098068,6.670870,6.639792,44.550012,-210.264459,3.648388,3.493592,0.559282,6.074397,0.041470,0.016944
0.999585,-53.029532,-364.925394,6.529109,6.682032,43.959059,-210.198773,3.942253,3.437791,0.559920,6.077026,0.041593,0.018265
1.000116,-53.287799,-364.700258,6.529744,6.829917,43.955040,-209.603945,4.055225,3.375702,0.560024,6.076475,0.041885,0.018812
1.000647,-53.514953,-364.676658,6.497027,6.846491,44.066556,-209.789153,4.013552,3.539459,0.562198,6.076144,0.041826,0.018635
1.001178,-53.632780,-364.543177,6.468546,6.796675,43.971147,-209.454576,3.951722,3.138663,0.561716,6.076259,0.041221,0.018320
1.001710,-54.326833,-364.510350,6.675775,6.863846,43.610228,-209.285775,4.030228,3.054951,0.562858,6.077749,0.042051,0.018685
1.002241,-54.588136,-364.515801,6.698623,6.839565,43.488474,-209.571282,4.018181,3.389467,0.564316,6.078578,0.042322,0.018661
1.002772,-54.602747,-364.530130,6.763404,6.846771,43.167991,-209.356167,3.977295,3.078617,0.562238,6.079841,0.042263,0.018454
1.003303,-54.655341,-364.794126,6.870687,6.762936,42.903207,-209.084155,3.751377,2.863966,0.559706,6.080799,0.041877,0.017427
1.003834,-54.574907,-365.798821,6.848156,6.898056,43.504716,-208.437478,3.481628,2.592293,0.557359,6.077421,0.040966,0.016198
1.004365,-53.994827,-366.067065,6.843185,6.891316,41.288519,-210.020733,3.608274,3.379594,0.548184,6.089068,0.042222,0.016819
1.004896,-53.485351,-366.974902,6.467881,6.681031,41.021367,-209.519006,3.539120,2.799031,0.540574,6.089843,0.039963,0.016462
1.005428,-53.267891,-368.323294,6.575309,7.002112,40.303598,-210.020391,3.376465,2.883253,0.533843,6.093587,0.040453,0.015713
1.005959,-52.753968,-368.852072,6.524418,6.761861,39.491661,-210.560644,3.576888,3.155391,0.527645,6.097784,0.040642,0.016633
1.006490,-51.458223,-370.333904,6.424491,6.805775,38.469186,-210.468192,3.976598,3.031364,0.512403,6.102402,0.041055,0.018460
1.007021,-51.150866,-371.449557,6.475472,6.981423,37.300713,-210.532872,3.532003,2.849504,0.502592,6.107832,0.040379,0.016431
1.007552,-49.464047,-372.490111,6.429001,6.911504,35.895098,-210.743552,3.447726,2.948193,0.485588,6.114478,0.040152,0.016066
1.008083,-48.735267,-374.031688,6.390718,6.933665,34.843642,-210.339970,3.872324,2.504658,0.472082,6.119022,0.040544,0.018021
1.008614,-47.409974,-375.624281,6.475053,6.922003,34.005979,-210.329870,3.582815,2.484243,0.457671,6.122893,0.040114,0.016704
1.009145,-46.300743,-376.976397,6.513299,7.056545,33.095010,-210.531842,3.716717,2.703449,0.445087,6.127264,0.040723,0.017340
1.009677,-44.594549,-378.559895,6.526453,6.935614,31.136079,-211.349448,3.854618,3.013517,0.425268,6.136917,0.041277,0.017969
1.010208,-42.868423,-379.844249,6.518755,6.722397,29.395997,-211.268805,3.634240,2.839058,0.404981,6.144933,0.040553,0.016975
1.010739,-41.223288,-380.921573,6.611419,6.853450,27.374543,-212.148830,3.673553,2.967327,0.386055,6.154860,0.041442,0.017125
1.011270,-39.403477,-382.790703,6.539394,6.807139,26.335880,-211.164768,4.045470,2.415409,0.365800,6.159109,0.041524,0.018917
1.011801,-37.396312,-384.213195,6.675307,6.892921,25.904895,-211.616420,3.793262,2.372649,0.351525,6.161377,0.041519,0.017712
1.012332,-35.339387,-385.726210,6.550759,6.759475,23.548182,-211.916334,3.740708,2.179433,0.326667,6.172519,0.040865,0.017473
1.012863,-32.726956,-387.075000,6.360798,6.825370,21.431134,-212.800243,3.989756,2.746903,0.301301,6.182814,0.041071,0.018605
1.013394,-30.269181,-387.520807,6.346216,6.698084,19.748367,-210.957419,3.755918,2.302050,0.276051,6.189844,0.040069,0.017679
1.013926,-28.011556,-388.825368,6.452651,6.900015,16.930300,-212.129323,3.933494,2.724701,0.249064,6.203543,0.041403,0.018454
1.014457,-25.629378,-389.734946,6.397659,6.809352,14.704956,-212.285252,3.805342,2.816045,0.223503,6.214026,0.040885,0.017863
1.014988,-22.762957,-391.859410,6.519839,6.795551,13.657844,-212.553007,3.614128,2.430591,0.200394,6.219017,0.040692,0.016949
1.015519,-20.098683,-391.532874,6.304220,6.702677,12.017690,-212.347461,3.418971,3.009325,0.177352,6.226651,0.039426,0.016069
1.016050,-17.241710,-392.598677,6.251334,6.924561,9.097534,-211.883835,3.762572,2.503884,0.144731,6.240275,0.039960,0.017732
1.016581,-14.453065,-393.201373,6.399764,6.715160,7.272140,-212.242571,3.641835,2.713246,0.119484,6.248935,0.040392,0.017144
1.017112,-11.437088,-394.796170,6.237844,6.749856,4.434359,-212.946259,3.251802,2.412514,0.087057,6.262364,0.038542,0.015266
1.017643,-8.519968,-394.857275,6.329507,6.791289,2.421262,-213.336053,3.157664,2.651381,0.060202,6.271836,0.038901,0.014800
1.018175,-5.284828,-394.782962,6.416109,6.681640,0.074698,-213.378906,3.640415,2.550999,0.029536,6.282835,0.040647,0.017061
1.018706,-1.912915,-394.914069,6.536091,6.770033,-2.768438,-213.515500,3.555386,2.667082,-0.004716,6.296151,0.041017,0.016650
1.019237,0.776445,-395.021334,6.207039,6.747955,-4.653890,-213.862731,3.619572,2.924163,-0.029967,6.304943,0.039646,0.016919
1.019768,4.495782,-394.583603,6.258237,6.877891,-6.434834,-213.017720,3.290181,2.406062,-0.060129,6.313384,0.038875,0.015435
1.020299,7.057021,-393.791333,6.191138,7.057807,-9.301055,-212.931941,3.703097,2.560580,-0.090201,6.326838,0.039739,0.017366
1.020830,10.268366,-393.360794,6.289855,6.976070,-10.863868,-213.725639,3.483739,3.100296,-0.117102,6.333973,0.039787,0.016275
1.021361,13.433509,-392.521964,6.428273,6.923921,-13.057337,-213.901177,3.384279,2.926029,-0.147235,6.344153,0.040262,0.015785
1.021893,16.207023,-391.701736,6.421555,6.845318,-14.862950,-212.789792,3.604284,2.318258,-0.171946,6.352920,0.040531,0.016873
1.022424,19.009374,-390.423391,6.180076,7.020433,-17.846091,-213.665966,3.882866,2.731785,-0.205563,6.366515,0.040477,0.018078
1.022955,21.954647,-389.674394,6.350964,7.088715,-18.786339,-213.704641,3.430847,2.861783,-0.227514,6.370868,0.040087,0.015974
1.023486,24.541323,-388.133620,6.230841,7.043103,-21.185850,-212.661015,3.555668,2.340135,-0.254925,6.382480,0.039651,0.016591
1.024017,27.176551,-387.427173,6.360265,6.987717,-22.804994,-212.390653,3.474722,2.607453,-0.278147,6.390148,0.039903,0.016226
1.024548,29.496044,-385.994544,6.513480,6.825443,-24.899803,-212.713051,3.514400,2.866636,-0.304174,6.399713,0.040752,0.016373
1.025079,31.972215,-384.497282,6.443764,6.819286,-26.115647,-212.859962,3.049496,3.159278,-0.326334,6.405265,0.039567,0.014227
1.025610,34.089009,-383.140983,6.551305,6.642051,-27.831958,-211.732650,3.252606,2.554971,-0.346660,6.413885,0.040010,0.015181
1.026142,36.609486,-381.904340,6.794696,6.862579,-29.485090,-212.305644,3.534278,3.305927,-0.371606,6.421183,0.042047,0.016469
1.026673,38.655660,-380.829161,6.534285,6.847132,-30.521727,-211.880079,3.524609,3.144150,-0.388632,6.426253,0.040754,0.016431
1.027204,41.102616,-379.260310,6.386536,6.727084,-31.402528,-211.971357,3.533307,2.764835,-0.408975,6.430261,0.040009,0.016420
1.027735,42.653070,-376.860697,6.485924,6.643467,-32.629299,-210.227423,3.549027,3.595359,-0.424337,6.437166,0.040585,0.016687
1.028266,44.094703,-375.180576,6.267853,6.572786,-33.492584,-210.044484,3.365275,3.595242,-0.439229,6.441309,0.039374,0.015850
1.028797,46.358905,-374.572717,6.433059,6.728799,-34.658636,-209.763622,3.399848,2.982797,-0.456892,6.446933,0.039710,0.015942
1.029328,47.820208,-372.810390,6.693774,6.671609,-35.259778,-209.228587,3.370130,2.960830,-0.469932,6.450139,0.040632,0.015833
1.029859,49.266236,-371.463568,6.472205,6.626567,-35.626396,-209.100172,3.431857,2.922824,-0.481765,6.451944,0.039887,0.016117
1.030391,50.573594,-370.608130,6.439579,6.571605,-36.779392,-209.280543,3.132206,2.778384,-0.496266,6.457151,0.039001,0.014693
1.030922,52.276184,-369.746793,6.480038,6.531766,-36.970175,-209.457750,3.432683,2.767650,-0.508037,6.457890,0.039666,0.016053
1.031453,52.993300,-369.558010,6.610424,6.581404,-37.366534,-210.267509,3.549157,2.733464,-0.516001,6.459059,0.040479,0.016515
1.031984,53.937022,-368.014638,6.790495,6.557799,-37.506490,-209.264961,3.471108,2.755920,-0.522603,6.460532,0.040948,0.016233
1.032515,54.909390,-368.049278,6.583429,6.765008,-37.720549,-210.478963,3.736675,3.016045,-0.531448,6.460516,0.041188,0.017380
1.033046,55.674758,-366.392368,6.836149,6.497967,-37.793905,-210.413453,3.232936,3.722475,-0.539860,6.460908,0.041480,0.015199
1.033577,56.461562,-366.823959,6.691736,6.525888,-37.872731,-211.717458,3.325369,3.260745,-0.546420,6.460196,0.040900,0.015452
1.034108,57.445685,-366.725062,6.871073,6.652309,-37.834803,-211.625797,3.782553,3.337741,-0.550882,6.460098,0.042497,0.017534
1.034640,57.710199,-366.504480,6.858872,6.711715,-37.897759,-211.446264,3.755284,3.467617,-0.552532,6.460533,0.042530,0.017441
1.035171,58.122785,-366.444509,6.959029,6.772907,-38.392914,-211.581339,3.510638,3.124831,-0.557327,6.462689,0.042208,0.016272
1.035702,58.459404,-366.268827,6.917979,6.636311,-37.434715,-211.050555,3.613863,3.873615,-0.553406,6.458733,0.042597,0.016898
1.036233,58.813533,-366.286305,7.192532,6.541444,-36.779750,-211.440147,3.527518,3.548830,-0.553075,6.455411,0.043182,0.016439
1.036764,59.349310,-366.521667,7.019157,6.646535,-36.527996,-211.357118,3.649534,3.510581,-0.553483,6.454321,0.042787,0.016996
1.037295,59.648932,-366.821619,7.033905,6.652134,-36.799285,-209.776577,3.114074,2.516644,-0.550754,6.456840,0.040901,0.014546
1.037826,59.974270,-367.507149,6.972198,6.840525,-35.586496,-210.579901,3.608033,2.459565,-0.546974,6.450596,0.041895,0.016768
1.038358,59.844976,-367.668649,6.994977,6.888290,-34.884593,-210.307511,3.402924,2.736158,-0.541880,6.447563,0.041829,0.015887
1.038889,59.828199,-368.499285,6.933569,6.653396,-33.158394,-211.037365,3.618946,2.434059,-0.533430,6.439032,0.041765,0.016828
1.039420,59.753652,-369.274951,6.854671,6.733054,-32.990430,-211.005920,3.655226,2.450859,-0.530054,6.438278,0.041532,0.017002
1.039951,59.533699,-370.318894,6.794199,6.634030,-31.536124,-211.217293,3.793781,2.508695,-0.519878,6.431397,0.041552,0.017655
1.040482,58.901193,-371.448171,6.559599,6.625128,-30.838115,-211.225414,3.561015,2.335320,-0.510558,6.428157,0.040085,0.016582
1.041013,58.217102,-372.424182,6.750550,6.579467,-29.488419,-211.321359,3.547175,2.292556,-0.498539,6.421833,0.040781,0.016532
1.041544,57.825416,-373.465464,6.940591,6.759566,-28.305454,-211.285056,3.037011,2.286266,-0.488202,6.416360,0.040741,0.014192
1.042075,57.157449,-374.771435,6.631425,6.912789,-27.155488,-211.252991,3.544139,2.453316,-0.476063,6.411029,0.040662,0.016569
1.042607,56.128377,-375.874872,6.924696,6.783739,-25.433630,-211.369594,3.588182,2.349603,-0.460283,6.402937,0.041831,0.016785
1.043138,55.256781,-377.445830,6.606612,6.714623,-23.077218,-211.974935,3.497678,2.610451,-0.442142,6.391626,0.040565,0.016361
1.043669,54.102613,-378.818757,6.716548,6.656597,-22.665797,-211.263919,2.857305,2.039426,-0.429626,6.390063,0.039292,0.013410
1.044200,53.044177,-380.130405,6.430359,6.679270,-20.869202,-211.782652,3.567836,2.661812,-0.413712,6.381409,0.039855,0.016730
1.044731,51.758433,-380.438581,6.485388,6.861416,-19.002506,-210.908723,3.538471,2.691329,-0.395412,6.373041,0.040202,0.016681
1.045262,50.481462,-382.265618,6.489704,7.026152,-17.335911,-211.335403,3.629934,2.410146,-0.377706,6.365032,0.040430,0.017087
1.045793,49.216880,-383.606004,6.434586,6.916028,-15.017496,-211.500529,3.555100,2.631571,-0.357215,6.354071,0.040050,0.016748
1.046324,47.465133,-384.666475,6.414326,6.841963,-12.734960,-211.745774,3.182646,2.319677,-0.335014,6.343256,0.039145,0.014991
1.046856,45.637794,-386.119080,6.442146,7.053170,-10.985369,-212.647778,3.187150,3.017337,-0.315509,6.334799,0.039651,0.014966
1.047387,43.873809,-388.048049,6.437202,6.838101,-8.542047,-213.560063,3.470857,2.975728,-0.291822,6.323162,0.040207,0.016236
1.047918,42.014361,-389.593472,6.490329,6.942844,-6.201872,-213.740905,3.066601,2.979528,-0.267609,6.312193,0.039515,0.014341
1.048449,39.896302,-390.549977,6.520171,6.998369,-3.000504,-213.425048,3.636505,2.721975,-0.237609,6.297243,0.040978,0.017036
1.048980,38.039307,-391.315876,6.526149,7.017917,-1.674877,-213.025991,3.071560,2.401186,-0.219172,6.291047,0.039542,0.014418
1.049511,35.841814,-392.387457,6.534668,6.904180,1.124730,-213.575237,3.476526,2.759520,-0.191768,6.277919,0.040643,0.016277
1.050042,33.650190,-392.733780,6.502140,6.753267,3.263178,-213.646345,3.457415,2.824300,-0.168076,6.267913,0.040534,0.016180
1.050574,31.313653,-393.350938,6.430375,6.853883,6.132565,-212.696347,3.139116,2.285525,-0.138496,6.254361,0.039238,0.014750
1.051105,29.337894,-393.875482,6.316134,7.106678,8.630832,-212.872224,3.260151,2.411179,-0.113906,6.242663,0.039044,0.015297
1.051636,26.313121,-394.208303,6.423164,6.956715,11.031418,-213.357028,3.359223,2.836947,-0.084298,6.231527,0.039948,0.015718
1.052167,24.196882,-394.262551,6.390150,6.974478,14.094983,-212.664891,3.289831,2.436116,-0.055571,6.217004,0.039520,0.015420
1.052698,21.778487,-394.729830,6.424986,6.871313,15.674995,-212.571897,3.691331,2.485030,-0.033494,6.209579,0.040655,0.017292
1.053229,19.174323,-394.408367,6.374010,6.860543,19.096928,-212.917525,3.684277,2.710741,-0.000426,6.193733,0.040565,0.017203
1.053760,16.873995,-393.947894,6.257245,6.874817,21.290936,-212.914899,3.679532,2.936005,0.024394,6.183519,0.040086,0.017165
1.054291,14.567903,-393.590494,6.304677,6.978423,23.938520,-212.501408,3.130594,2.861685,0.051700,6.171007,0.038827,0.014624
1.054823,12.489022,-392.895269,6.384378,6.649047,25.854925,-212.319863,3.420267,2.844466,0.073884,6.162008,0.040000,0.015955
1.055354,9.928792,-392.509071,6.615192,6.892163,27.485459,-211.862836,3.579498,2.654281,0.096884,6.154174,0.041435,0.016692
1.055885,7.496487,-391.934538,6.286851,6.780264,30.513836,-210.807935,3.113471,2.380586,0.126401,6.139437,0.038439,0.014554
1.056416,5.653120,-390.720474,6.373195,6.885238,32.264069,-210.707875,3.225613,2.704922,0.146765,6.131243,0.039284,0.015081
1.056947,3.345936,-390.073076,6.411242,6.724476,34.460061,-210.710770,3.285993,2.818664,0.171762,6.121078,0.039589,0.015337
1.057478,1.436443,-388.556328,6.432596,6.885387,36.680245,-210.278345,3.119061,2.699026,0.195174,6.110486,0.039390,0.014558
1.058009,-0.185368,-387.938732,6.308553,6.721094,37.925226,-211.220087,3.826067,3.190364,0.212404,6.105525,0.040828,0.017744
1.058540,-2.011699,-385.687269,6.320582,6.980671,39.851241,-209.910151,3.809697,3.022272,0.233804,6.095569,0.040911,0.017715
1.059072,-3.954738,-385.801728,6.365507,6.726950,41.970016,-210.227998,3.645093,3.123292,0.255838,6.086135,0.040448,0.016916
1.059603,-5.713488,-383.418997,6.387518,6.793769,43.733066,-208.906515,3.277125,3.463719,0.276104,6.076823,0.039768,0.015392
1.060134,-6.757896,-382.476749,6.336438,6.605323,45.864084,-207.780104,3.975953,2.715914,0.292575,6.065935,0.040849,0.018453
1.060665,-8.158516,-381.403290,6.466469,6.894688,46.886936,-207.318511,3.245982,2.583096,0.306251,6.060768,0.039693,0.015134
1.061196,-9.525490,-380.798219,6.569339,6.724788,48.282400,-208.224221,3.264623,2.703046,0.323227,6.055335,0.040258,0.015150
1.061727,-10.526000,-379.830183,6.485756,6.741963,49.408373,-208.722923,3.575586,3.143015,0.336919,6.050746,0.040869,0.016569
1.062258,-12.106378,-379.154670,6.313132,6.715321,50.491654,-208.353990,4.188412,2.679665,0.351296,6.045433,0.041427,0.019214
1.062789,-12.656101,-377.941646,6.431056,6.725117,51.282355,-208.489053,3.566515,3.257084,0.360806,6.042002,0.040685,0.016533
1.063321,-13.497420,-377.164869,6.573524,6.767981,53.522493,-207.369673,3.535121,3.221690,0.375938,6.030596,0.040911,0.016419
1.063852,-14.495582,-376.071993,6.480861,6.860003,54.246328,-207.548540,3.132753,3.276530,0.387304,6.027537,0.039874,0.014647
1.064383,-14.873274,-375.458362,6.474302,6.793478,55.205031,-206.212602,3.587639,2.605555,0.392570,6.021610,0.040308,0.016538
1.064914,-15.423563,-375.060269,6.516591,6.644076,55.257080,-207.014139,3.695460,2.993769,0.398140,6.022343,0.040927,0.017049
1.065445,-16.055407,-374.274564,6.364189,6.767895,57.220693,-206.214017,3.798516,2.717835,0.411159,6.012513,0.040323,0.017437
1.065976,-16.526457,-373.891112,6.539025,6.655854,57.191431,-206.258122,3.979221,2.850200,0.414304,6.012700,0.041442,0.018265
1.066507,-16.715222,-373.677114,6.581158,6.806768,57.997153,-205.726535,3.606614,2.520199,0.418561,6.008403,0.040608,0.016553
1.067039,-16.801588,-373.648962,6.529613,6.821707,58.211489,-206.601920,3.097565,3.203808,0.422067,6.008548,0.039756,0.014468
1.067570,-16.874682,-373.589518,6.500271,6.809626,59.284456,-205.795946,3.562690,2.624008,0.426081,6.002705,0.040121,0.016341
1.068101,-16.996928,-373.525830,6.567678,7.001944,58.861928,-206.601436,3.898577,2.949181,0.426549,6.005633,0.041618,0.017854
1.068632,-16.996928,-373.525830,6.567678,7.001944,59.022946,-206.647267,3.863165,3.186541,0.427451,6.004971,0.041620,0.017758
1.069163,-16.996928,-373.525830,6.567678,7.001944,58.949070,-207.025698,3.788326,3.220985,0.427941,6.005784,0.041549,0.017415
1.069694,-16.736240,-373.632537,6.547649,6.921333,59.151777,-206.999929,3.805949,3.420360,0.427353,6.004846,0.041501,0.017550
1.070225,-16.038306,-373.523685,6.478925,6.769284,58.995987,-206.456465,3.893953,3.129745,0.422127,6.004848,0.041182,0.017891
1.070756,-15.615805,-373.582648,6.608420,6.719185,58.993819,-206.498924,3.906529,3.098407,0.419973,6.004912,0.041704,0.017934
1.071288,-14.794966,-374.573121,6.540571,6.921610,58.857482,-206.679466,3.873848,2.999371,0.413405,6.005753,0.041412,0.017754
1.071819,-14.063333,-374.842027,6.356204,6.779326,58.537422,-205.671200,3.021634,2.659655,0.405386,6.005901,0.038440,0.014011
1.072350,-13.146187,-375.849303,6.589472,6.813020,57.886216,-205.756784,3.590626,2.451082,0.395595,6.008941,0.040502,0.016466
1.072881,-12.405620,-376.240010,6.510126,6.964041,57.523149,-205.602328,3.706957,2.449841,0.388933,6.010382,0.040540,0.017004
1.073412,-11.313738,-377.159793,6.595148,6.744159,56.306780,-205.638952,3.111830,2.440566,0.375532,6.015922,0.039466,0.014398
1.073943,-10.202837,-377.012443,6.402608,6.764416,54.901293,-205.948609,3.768786,2.927979,0.363657,6.022666,0.040550,0.017448
1.074474,-9.144271,-377.901247,6.444120,6.861299,55.004151,-205.365719,3.629788,2.501692,0.355961,6.021492,0.040119,0.016770
1.075005,-7.937765,-378.951269,6.558372,6.899019,53.591535,-205.676758,3.698804,2.307988,0.341209,6.028291,0.040796,0.017061
1.075537,-6.253180,-380.029377,6.311894,7.008532,52.227658,-205.719185,3.218145,2.338674,0.323698,6.034560,0.038705,0.014944
1.076068,-4.497769,-381.269075,6.397952,6.815293,52.397093,-205.818741,3.061527,2.357673,0.313580,6.033902,0.038516,0.014235
1.076599,-3.243754,-382.344879,6.584521,6.699751,50.651030,-206.827674,2.960947,2.824236,0.297924,6.043017,0.039346,0.013870
1.077130,-1.879342,-384.458726,6.362577,6.893363,49.015034,-208.495772,3.745832,2.800528,0.281550,6.052289,0.040332,0.017286
1.077661,-0.021164,-385.248613,6.346479,7.110890,47.379281,-208.217149,3.893087,2.637428,0.261615,6.059447,0.040677,0.017987
1.078192,2.027734,-386.128090,6.377886,6.773951,45.781458,-208.563202,4.073988,2.494670,0.241597,6.067104,0.041276,0.018803
1.078723,4.046977,-387.379962,6.399416,7.010196,45.340201,-208.495316,3.710475,2.631480,0.226863,6.069055,0.040318,0.017194
1.079254,6.133287,-388.743401,6.306338,7.009762,44.021362,-208.687133,3.084188,2.475082,0.207398,6.075289,0.038251,0.014351
1.079786,8.244936,-389.764846,6.379769,6.812709,41.182966,-209.459246,3.587442,3.112846,0.180687,6.089046,0.039963,0.016728
1.080317,10.360702,-390.539544,6.333542,6.918882,39.137430,-209.925358,3.829301,2.590594,0.157999,6.098866,0.040466,0.017768
1.080848,12.357455,-390.870873,6.488465,6.922850,37.092540,-210.537861,3.962695,2.772326,0.136313,6.108795,0.041754,0.018393
1.081379,14.647888,-391.571142,6.428715,6.699573,35.088246,-210.569257,3.892889,2.784489,0.112453,6.118067,0.041242,0.018115
1.081910,17.004868,-392.377810,6.287938,6.886019,33.164403,-211.411777,3.657998,2.992421,0.089060,6.127582,0.040049,0.017026
1.082441,19.648954,-392.723088,6.293334,6.952616,31.401248,-210.888887,3.477600,2.558749,0.064542,6.135372,0.039466,0.016229
1.082972,22.510064,-393.238085,6.311755,6.952999,29.260010,-211.152049,3.557224,2.394007,0.037053,6.145489,0.039763,0.016601
1.083504,24.719049,-393.678389,6.195119,6.922703,27.487360,-211.273366,3.461026,2.567949,0.015176,6.153809,0.038900,0.016184
1.084035,27.278014,-394.017169,6.337211,7.112108,25.001999,-211.867201,3.509213,2.682842,-0.012495,6.165721,0.039766,0.016402
1.084566,29.862426,-393.721686,6.403795,6.917582,22.122846,-213.174778,3.897761,3.215993,-0.042841,6.179778,0.041486,0.018156
1.085097,32.473185,-393.549531,6.412420,6.880262,20.232470,-213.397167,3.483394,3.425381,-0.067842,6.188657,0.040424,0.016248
1.085628,34.883108,-393.507868,6.170023,6.898959,17.459917,-213.569272,3.817502,3.088507,-0.096528,6.201614,0.040150,0.017795
1.086159,37.704213,-393.038402,6.469989,6.832004,15.957110,-213.723721,3.310813,3.139493,-0.120690,6.208661,0.040257,0.015444
1.086690,39.921543,-392.598778,6.454221,6.962193,13.663019,-212.698918,3.579196,2.630683,-0.144938,6.219037,0.040601,0.016777
1.087221,42.656473,-391.523346,6.171015,6.932158,10.925717,-213.702152,3.524016,3.025636,-0.176583,6.232104,0.039423,0.016463
1.087753,44.658552,-390.889686,6.207513,6.928426,8.712423,-214.131948,3.461465,3.080056,-0.200628,6.242521,0.039511,0.016149
1.088284,47.012275,-389.832917,6.178636,6.761479,6.600053,-213.714012,3.456027,3.003710,-0.225555,6.252312,0.039269,0.016162
1.088815,49.389288,-388.951590,6.598219,6.849331,2.884693,-213.060474,3.463186,2.416009,-0.258480,6.269647,0.040892,0.016252
1.089346,51.541691,-386.681729,6.481779,6.837544,2.081407,-212.835809,3.174252,2.918159,-0.277183,6.273406,0.040022,0.014913
1.089877,53.341149,-385.926609,6.506716,6.835996,-0.247065,-212.484119,3.203662,2.692437,-0.299664,6.284348,0.039998,0.015077
1.090408,55.420488,-384.469770,6.513570,6.830739,-1.882523,-213.093022,3.178385,2.953044,-0.322682,6.292019,0.040217,0.014915
1.090939,57.255309,-383.233739,6.507431,6.770692,-3.917138,-212.967935,3.174252,2.918159,-0.344915,6.301576,0.040104,0.014902
1.091470,58.645163,-381.586847,6.665751,6.596206,-6.034429,-212.885215,3.229670,3.289153,-0.366111,6.311524,0.040970,0.015165
1.092002,60.471539,-380.274930,6.677944,6.693864,-7.684776,-212.848042,3.485721,3.006380,-0.386596,6.319274,0.041520,0.016363
1.092533,62.316625,-378.895981,6.400612,6.522471,-9.821355,-212.854910,3.545898,3.029290,-0.409855,6.329294,0.040309,0.016636
1.093064,63.435258,-377.575302,6.608362,6.584045,-10.952236,-212.022116,3.596567,2.186576,-0.422294,6.334796,0.040929,0.016926
1.093595,64.707681,-377.071470,6.678811,6.630577,-13.527786,-212.659043,3.601409,2.351847,-0.444141,6.346712,0.041131,0.016881
1.094126,65.591147,-374.635986,6.622791,6.545584,-15.333375,-211.034650,3.622885,3.105639,-0.459354,6.355716,0.041037,0.017110
1.094657,67.075816,-374.280147,6.569920,6.430692,-16.189726,-213.856311,3.925643,2.960527,-0.478759,6.358745,0.041690,0.018282
1.095188,67.822926,-373.188335,6.730637,6.562535,-18.196709,-212.607999,3.962159,2.299936,-0.491782,6.368565,0.041871,0.018523
1.095719,68.687249,-371.950205,6.506535,6.529179,-19.265863,-212.264079,3.593754,2.564785,-0.503448,6.373701,0.040250,0.016827
1.096251,69.171364,-370.733740,6.530100,6.719933,-21.067205,-212.191106,3.682464,2.619195,-0.517446,6.382145,0.040719,0.017228
1.096782,69.981051,-369.991860,6.816786,6.572128,-21.869192,-212.384330,4.032960,2.918322,-0.527660,6.385794,0.042441,0.018842
1.097313,70.650882,-368.872979,6.542438,6.614918,-23.043514,-212.377379,3.651737,3.024962,-0.539465,6.391265,0.040765,0.017063
1.097844,70.986782,-368.167512,6.672654,6.555691,-23.140097,-213.480815,3.497280,3.629175,-0.546646,6.391158,0.041545,0.016294
1.098375,70.932642,-367.374440,6.693008,6.608240,-25.165493,-211.694124,3.590003,2.368890,-0.553028,6.401507,0.040671,0.016773
1.098906,71.474684,-366.859244,6.796535,6.583049,-24.846491,-213.283444,3.554262,3.381565,-0.560172,6.399158,0.041895,0.016542
1.099437,71.455349,-366.676069,6.804082,6.613568,-26.615629,-211.722024,3.591786,2.236491,-0.564263,6.408240,0.040882,0.016752
1.099969,71.519528,-366.321344,6.827746,6.690085,-26.958577,-213.032184,3.509342,3.236539,-0.571038,6.409063,0.041747,0.016324
1.100500,71.658703,-366.122560,6.803329,6.587845,-27.211601,-212.984309,3.500089,3.298998,-0.573295,6.410260,0.041522,0.016286
1.101031,71.366320,-365.896498,6.920304,6.590118,-27.038279,-213.016685,3.537769,3.123104,-0.571915,6.409440,0.041993,0.016447
1.101562,70.985105,-365.747979,6.615305,6.832545,-27.774973,-212.707168,3.494152,3.216469,-0.573077,6.413029,0.041189,0.016268
1.102093,70.775586,-365.805806,6.739091,6.829024,-28.587495,-212.680364,3.725614,3.462858,-0.575601,6.416800,0.042114,0.017340
1.102624,70.307707,-365.736292,6.800531,6.731174,-28.760643,-212.932516,3.581394,3.352921,-0.575205,6.417442,0.041938,0.016650
1.103155,69.921696,-366.181398,6.640276,6.649904,-29.000233,-212.819246,3.649183,3.206625,-0.572868,6.418618,0.041208,0.016955
1.103686,69.504477,-366.324681,6.614949,6.501139,-28.887925,-212.872341,3.660462,3.419852,-0.570158,6.418067,0.041135,0.017020
1.104218,68.004805,-366.726644,6.785494,6.547472,-28.839952,-212.903207,3.594821,3.389230,-0.561889,6.417826,0.041774,0.016715
1.104749,67.512806,-367.674747,6.846304,6.459171,-28.950975,-212.380322,3.493531,3.786187,-0.555838,6.418667,0.041743,0.016325
1.105280,66.564183,-367.431671,6.670010,6.682429,-29.169061,-211.461524,3.684547,3.419344,-0.550499,6.420261,0.041469,0.017238
1.105811,65.408054,-368.063204,6.499869,6.818274,-29.393662,-210.382875,3.638125,2.508339,-0.541321,6.422002,0.040223,0.017040
1.106342,64.187846,-369.240007,6.754042,6.509553,-28.934166,-211.940298,3.484093,3.316935,-0.534519,6.418867,0.041164,0.016274
1.106873,63.101897,-370.076446,6.588407,6.522873,-28.364235,-210.054243,3.098238,2.326342,-0.519263,6.417406,0.039034,0.014560
1.107404,61.570280,-371.264322,6.676398,6.650951,-27.525620,-210.503384,3.592075,2.462978,-0.506072,6.413209,0.040639,0.016845
1.107935,60.267824,-372.512140,6.737536,6.694692,-27.577567,-210.698728,3.618257,2.507389,-0.497361,6.413332,0.040935,0.016953
1.108467,58.179304,-373.360735,6.799581,6.697367,-26.539010,-211.683964,3.550910,3.538878,-0.482661,6.407905,0.041913,0.016643
1.108998,56.783456,-374.860953,6.516443,6.771892,-25.919551,-210.609797,3.396473,2.298706,-0.466456,6.405639,0.039745,0.015941
1.109529,55.084288,-375.989660,6.640296,6.649396,-24.766173,-211.639898,3.578297,3.491665,-0.452269,6.399676,0.041248,0.016787
1.110060,53.295308,-378.283706,6.414284,6.820369,-23.113959,-213.200496,3.504892,3.281357,-0.433491,6.391178,0.040437,0.016332
1.110591,51.170221,-379.862223,6.585484,6.735364,-22.948225,-212.925379,3.566631,3.331735,-0.417846,6.390547,0.041026,0.016642
1.111122,48.878514,-381.494737,6.701112,6.848322,-21.576204,-212.910587,3.818990,3.017339,-0.395859,6.384180,0.042029,0.017812
1.111653,46.926693,-382.740309,6.679203,6.949297,-20.796642,-212.270940,3.526816,2.943497,-0.378156,6.380846,0.041173,0.016512
1.112184,44.506102,-384.186556,6.664731,6.910586,-19.172479,-212.529742,3.591233,2.615561,-0.355228,6.373153,0.041231,0.016797
1.112716,41.848411,-385.311353,6.549381,6.926627,-17.626669,-211.860475,3.231028,2.896501,-0.330329,6.366194,0.039947,0.015188
1.113247,39.601250,-387.086832,6.411019,7.126812,-16.587900,-212.141708,3.504752,2.536905,-0.310774,6.361219,0.039897,0.016447
1.113778,37.075795,-387.887562,6.306292,7.235480,-14.991918,-213.042568,3.468647,3.199712,-0.289431,6.353440,0.039785,0.016235
1.114309,34.212879,-389.440704,6.423248,7.050026,-12.802517,-213.654677,3.408688,3.190346,-0.261341,6.343035,0.040138,0.015922
1.114840,31.349631,-390.255203,6.314175,6.948841,-11.816471,-212.707213,3.230989,2.240203,-0.238496,6.338681,0.038882,0.015154
1.115371,28.401073,-391.539006,6.410637,7.032928,-9.859256,-213.699124,3.261532,3.103972,-0.211909,6.329289,0.039664,0.015245
1.115902,25.592546,-392.356887,6.455495,7.116091,-8.256183,-214.223420,3.238419,3.120946,-0.187780,6.321706,0.039940,0.015105
1.116434,22.125742,-393.031458,6.504093,7.013404,-6.151824,-214.418261,3.094660,3.293188,-0.157014,6.311868,0.039907,0.014428
1.116965,18.907317,-393.877244,6.250721,7.018587,-4.594220,-214.391455,3.470106,2.971890,-0.130197,6.304611,0.039541,0.016181
1.117496,16.028600,-394.461099,6.478674,6.934676,-2.839537,-213.298831,3.527268,2.552250,-0.103776,6.296497,0.040500,0.016535
1.118027,12.782772,-395.055306,6.201804,7.048935,-0.735085,-214.329010,3.344259,3.224002,-0.074658,6.286615,0.038901,0.015603
1.118558,9.647975,-395.050806,6.445438,6.896828,1.178892,-213.814239,3.501406,2.702820,-0.046695,6.277672,0.040429,0.016376
1.119089,6.186450,-395.285991,6.338471,7.172665,2.877167,-213.582922,4.051122,2.494488,-0.018211,6.269715,0.041393,0.018965
1.119620,2.924867,-395.062583,6.237403,6.776260,5.359505,-213.440096,3.650693,2.529719,0.013404,6.258080,0.039789,0.017096
1.120151,-0.300736,-395.094700,6.400628,6.880129,7.270762,-213.858378,3.547798,2.948994,0.041753,6.249200,0.040345,0.016577
1.120683,-3.428567,-394.654259,6.411975,6.952804,9.242972,-213.350955,3.592760,2.552927,0.069778,6.239890,0.040442,0.016816
1.121214,-6.487885,-393.147193,6.379600,6.790913,10.589569,-211.942339,3.094640,2.512322,0.093966,6.233262,0.038965,0.014577
1.121745,-9.772679,-392.068216,6.328115,6.880735,12.639857,-212.029078,3.345696,2.537996,0.123850,6.223642,0.039469,0.015740
1.122276,-13.128630,-391.794498,6.233046,6.755185,13.607164,-212.032988,3.832904,2.714949,0.147647,6.219098,0.040258,0.018021
1.122807,-15.605471,-390.782909,6.406010,6.564927,15.223295,-212.515632,3.754305,2.736398,0.171242,6.211674,0.040993,0.017600
1.123338,-18.569932,-390.036574,6.553291,6.817679,17.922384,-211.885843,3.522446,2.523374,0.202045,6.198801,0.040875,0.016536
1.123869,-21.480709,-388.841742,6.350446,6.814024,19.953830,-211.859654,3.532982,2.551803,0.229975,6.189278,0.039983,0.016568
1.124400,-23.943127,-387.783954,6.311365,6.724276,21.442628,-211.890635,3.881838,2.971028,0.252522,6.182332,0.040770,0.018189
1.124932,-26.289627,-386.548474,6.405950,6.626586,22.954625,-212.143921,3.738445,2.841209,0.275193,6.175402,0.040844,0.017477
1.125463,-28.610024,-386.083797,6.499016,6.887688,24.987681,-212.785921,3.042255,2.900436,0.299949,6.166290,0.039705,0.014191
1.125994,-30.954433,-384.959578,6.507927,6.792885,26.431537,-212.319061,3.096376,2.842983,0.320912,6.159333,0.039701,0.014455
1.126525,-33.315442,-383.328295,6.485123,6.770214,27.684699,-211.520454,3.530335,2.566000,0.341165,6.153041,0.040413,0.016483
1.127056,-35.047970,-382.179570,6.412757,6.597432,28.885415,-211.254356,3.174444,2.736391,0.357931,6.147295,0.039201,0.014853
1.127587,-37.284516,-380.835709,6.676947,6.755573,29.491587,-211.205001,3.705848,2.722793,0.375025,6.144447,0.041635,0.017301
1.128118,-38.994275,-379.697124,6.391465,6.859619,30.796134,-210.932563,3.759733,2.577870,0.392122,6.138210,0.040534,0.017540
1.128649,-40.755386,-378.482264,6.466769,6.885433,31.731835,-211.693859,3.668147,3.133065,0.409979,6.134398,0.040996,0.017085
1.129181,-42.672393,-377.522767,6.506190,6.746191,32.910562,-210.677606,3.538356,2.641725,0.425356,6.128225,0.040285,0.016506
1.129712,-43.707557,-376.151159,6.622366,6.795938,33.492769,-211.136441,3.637515,2.916026,0.437589,6.125865,0.041316,0.016941
1.130243,-45.248455,-375.126294,6.470409,6.668770,35.141870,-210.454057,4.198713,2.701937,0.454150,6.117731,0.041563,0.019521
1.130774,-46.776863,-374.142637,6.428321,6.699636,35.455410,-210.574709,3.596878,2.850327,0.465838,6.116375,0.040142,0.016758
1.131305,-47.441507,-373.160866,6.535508,6.739007,35.352880,-210.783954,3.755303,2.847476,0.471528,6.117011,0.041107,0.017468
1.131836,-48.800948,-372.419348,6.497638,6.881752,36.204113,-210.405499,4.341475,2.704908,0.483194,6.112786,0.042227,0.020155
1.132367,-49.493927,-371.520829,6.528770,6.752708,37.098480,-210.947559,3.943170,3.015438,0.494568,6.109100,0.041525,0.018295
1.132899,-50.243117,-370.824090,6.654461,6.773328,37.659581,-210.741022,3.656807,2.955907,0.502157,6.106351,0.041322,0.016990
1.133430,-50.965626,-370.370589,6.561040,6.906175,37.092129,-211.025324,3.919108,3.065663,0.504854,6.109192,0.041867,0.018185
1.133961,-51.470606,-370.147475,6.574819,6.951030,37.480550,-211.099799,3.726723,3.037034,0.509935,6.107467,0.041509,0.017293
1.134492,-51.806665,-369.981556,6.650172,6.997632,38.615796,-210.514574,3.733866,2.618147,0.515824,6.101767,0.041399,0.017301
1.135023,-52.211743,-369.824373,6.746105,7.038623,38.712868,-211.288909,3.832463,3.120970,0.520728,6.101973,0.042373,0.017744
1.135554,-52.674755,-369.904270,6.498143,6.953489,38.818156,-210.791323,3.820745,3.007630,0.521848,6.101071,0.041122,0.017714
1.136085,-53.069225,-369.827659,6.545395,6.961277,38.961516,-211.054653,3.713364,3.353096,0.525312,6.100637,0.041285,0.017249
1.136616,-53.144513,-369.948347,6.513064,6.903384,38.829389,-211.161763,3.714722,3.489165,0.525007,6.101332,0.041189,0.017268
1.137148,-52.992294,-370.111017,6.563045,6.969143,38.845422,-210.661265,3.791488,3.101238,0.522560,6.100836,0.041257,0.017603
1.137679,-52.995177,-370.062651,6.552133,7.002752,38.123262,-210.750334,3.696972,3.370374,0.519538,6.104228,0.041329,0.017216
1.138210,-52.841803,-370.240576,6.549642,6.954524,37.468912,-211.190684,3.755301,3.377023,0.516417,6.107595,0.041522,0.017457
1.138741,-52.493401,-370.486771,6.580467,6.848731,37.880687,-210.852354,3.332250,3.087151,0.515144,6.105427,0.040391,0.015520
1.139272,-51.543282,-370.601215,6.529639,6.978780,37.362579,-210.246130,3.593294,3.260424,0.506239,6.107313,0.040973,0.016782
1.139803,-50.952826,-371.216632,6.601645,7.036464,36.137588,-209.965566,3.275718,2.980957,0.495205,6.112743,0.040553,0.015337
1.140334,-50.246315,-371.645223,6.616032,6.823095,35.452503,-209.885540,3.797277,2.899632,0.487195,6.115851,0.041417,0.017736
1.140865,-49.203892,-372.975526,6.563733,6.854746,35.998672,-209.530893,3.592638,2.552119,0.480537,6.113040,0.040403,0.016778
1.141397,-48.672693,-373.812031,6.549116,6.650413,34.476406,-210.256659,3.675973,3.087138,0.470333,6.120659,0.040735,0.017186
1.141928,-47.006254,-374.814428,6.485261,6.839888,33.732008,-209.515091,3.751869,2.569893,0.454354,6.123555,0.040535,0.017561
1.142459,-46.067175,-376.579024,6.633593,6.768898,33.306632,-210.354520,3.737352,2.406389,0.445494,6.126153,0.040911,0.017422
1.142990,-44.823660,-378.115607,6.496223,6.864511,31.478836,-210.637285,3.903833,2.602975,0.427498,6.134838,0.040962,0.018218
1.143521,-43.109651,-378.932555,6.573640,6.891553,30.983863,-210.535476,3.910252,2.456044,0.414501,6.137067,0.041287,0.018257
1.144052,-41.886004,-380.392683,6.674341,6.650003,29.666670,-210.616339,3.749061,2.424282,0.398862,6.143249,0.041093,0.017526
1.144583,-40.055638,-381.412868,6.449404,7.078593,28.552057,-211.260906,3.947399,2.659158,0.383274,6.148849,0.041216,0.018426
1.145114,-38.405072,-382.672713,6.519652,6.813972,27.720193,-210.932638,3.544028,2.608496,0.367536,6.152517,0.040236,0.016594
1.145646,-36.304180,-384.261627,6.446681,6.899984,25.558767,-212.014428,3.612603,3.006261,0.344805,6.163212,0.040464,0.016880
1.146177,-34.290555,-385.351320,6.406836,6.941712,24.619856,-212.488066,3.806357,3.081946,0.328448,6.167835,0.040888,0.017754
1.146708,-32.448791,-386.512167,6.353204,6.879371,23.545782,-212.570562,3.453299,2.962910,0.311440,6.172868,0.039707,0.016121
1.147239,-30.113928,-387.708943,6.358197,6.588663,21.646839,-212.022746,3.537850,2.331020,0.286514,6.181441,0.039605,0.016551
1.147770,-27.882310,-388.822521,6.388754,6.972921,20.934567,-212.235041,3.522776,2.545291,0.269710,6.184865,0.039871,0.016480
1.148301,-25.537429,-390.034434,6.379845,6.743411,19.206514,-213.198574,3.472872,3.088467,0.247824,6.193340,0.039873,0.016210
1.148832,-23.276626,-390.768291,6.345881,6.775716,17.035231,-213.761279,3.334315,3.233420,0.223922,6.203661,0.039582,0.015546
1.149364,-20.640523,-391.794262,6.684494,6.794191,16.181304,-212.802928,3.462216,2.656466,0.202888,6.207292,0.041144,0.016204
1.149895,-17.449732,-392.627651,6.419324,6.881687,13.360326,-213.385662,3.651348,2.853011,0.170227,6.220656,0.040617,0.017065
1.150426,-15.138479,-393.136177,6.289978,7.056714,11.507880,-213.736512,3.717429,3.253934,0.147453,6.229396,0.040342,0.017362
1.150957,-11.793307,-393.868034,6.471932,6.889308,10.005591,-212.816926,3.166766,2.568621,0.119825,6.236205,0.039523,0.014858
1.151488,-9.344399,-394.329603,6.326946,6.944124,7.560383,-213.105120,3.483254,2.513334,0.093012,6.247723,0.039689,0.016330
1.152019,-6.100533,-394.818505,6.431635,6.875456,5.517768,-213.201727,3.615754,2.319673,0.063884,6.257311,0.040540,0.016950
1.152550,-3.197836,-394.745252,6.267826,6.890127,4.080753,-213.146402,3.154982,2.694949,0.040059,6.264042,0.038613,0.014799
1.153081,0.081988,-395.173021,6.073252,6.953286,2.167774,-213.041443,3.142654,2.422507,0.011452,6.273010,0.037543,0.014750
1.153613,3.057941,-395.314693,6.147179,6.901093,0.406062,-213.594778,3.132082,2.738274,-0.014592,6.281284,0.037962,0.014664
1.154144,6.327903,-395.233229,6.180343,6.919182,-2.355301,-213.012817,3.237972,2.381080,-0.047616,6.294242,0.038251,0.015199
1.154675,8.674031,-394.756607,6.198855,7.002730,-4.055990,-214.144789,3.135886,3.142319,-0.070366,6.302123,0.038389,0.014641
1.155206,12.294406,-394.490776,6.379001,7.123616,-6.106539,-213.390796,3.217831,2.643805,-0.101259,6.311794,0.039276,0.015071
1.155737,14.952244,-392.454342,6.226462,7.005798,-7.744949,-212.423125,3.136010,2.504931,-0.125412,6.319629,0.038462,0.014750
1.156268,17.779362,-392.897766,6.567680,6.810564,-10.079638,-212.818615,3.253573,2.275565,-0.153487,6.330513,0.040204,0.015262
1.156799,20.809180,-390.928978,6.124042,7.026529,-11.207385,-212.714051,3.490104,2.987196,-0.177755,6.335824,0.039034,0.016379
1.157330,23.467990,-390.009397,6.376796,6.743171,-13.339777,-211.283537,3.521249,3.088400,-0.203106,6.346238,0.039949,0.016625
1.157862,26.324560,-390.001011,6.394238,6.840072,-13.969333,-213.676088,2.987500,3.126825,-0.224663,6.348469,0.039152,0.013954
1.158393,29.176710,-387.847588,6.310285,6.810723,-16.510411,-211.808819,3.159404,2.344540,-0.253927,6.360978,0.038854,0.014851
1.158924,31.260427,-386.959589,6.347229,6.803475,-17.553386,-211.341670,3.523364,2.903229,-0.271111,6.366052,0.039882,0.016596
1.159455,33.804162,-385.806456,6.438268,6.999753,-19.754800,-211.609009,3.689947,2.493463,-0.298288,6.376271,0.040723,0.017321
1.159986,36.235170,-384.281786,6.469475,6.783833,-21.580689,-210.991460,3.680368,2.911845,-0.322023,6.385113,0.040710,0.017319
1.160517,38.205026,-384.214317,6.357717,6.914339,-22.071878,-212.169991,3.200294,2.524013,-0.336993,6.386842,0.039192,0.014972
1.161048,40.906008,-382.900730,6.373949,6.625658,-23.431038,-211.350020,3.511806,2.820350,-0.358799,6.393598,0.039668,0.016479
1.161579,42.820066,-381.481199,6.631449,6.849299,-24.261783,-211.341526,3.160368,2.640161,-0.375561,6.397484,0.040163,0.014827
1.162111,45.032176,-380.245127,6.370053,6.727660,-25.505975,-211.307103,3.608963,2.533058,-0.395534,6.403310,0.039885,0.016894
1.162642,46.854268,-379.308041,6.279673,6.700083,-25.659713,-211.858529,3.477430,2.836329,-0.408669,6.403715,0.039423,0.016255
1.163173,48.718781,-377.967171,6.316968,6.905310,-26.871185,-212.460184,3.595509,3.259575,-0.428426,6.408994,0.040303,0.016766
1.163704,50.123400,-376.804709,6.276544,6.812684,-27.448152,-211.359137,3.610955,2.580473,-0.438430,6.412328,0.039671,0.016873
1.164235,51.453469,-375.751161,6.554240,6.781240,-27.489942,-212.811238,3.334506,3.549072,-0.451166,6.411649,0.040936,0.015557
1.164766,53.233676,-374.839431,6.591836,6.598668,-28.922792,-211.289392,3.515515,2.650817,-0.465512,6.419227,0.040430,0.016419
1.165297,54.387238,-373.617037,6.607223,6.566353,-29.155759,-211.359524,3.540582,2.642599,-0.475480,6.420264,0.040605,0.016526
1.165829,55.792995,-372.958847,6.712669,6.552780,-28.848323,-212.518442,3.513498,3.392774,-0.485449,6.418106,0.041533,0.016372
1.166360,56.781881,-372.162221,6.523129,6.614447,-29.275941,-212.761812,3.508412,3.704321,-0.495044,6.419926,0.041107,0.016353
1.166891,57.617340,-371.774227,6.453259,6.590622,-29.480582,-212.226145,3.504685,3.305451,-0.499693,6.421213,0.040437,0.016340
1.167422,59.018056,-371.293520,6.500000,6.509728,-30.410236,-212.704331,3.473206,3.546748,-0.513452,6.425192,0.040536,0.016171
1.167953,59.786826,-370.702959,6.706547,6.446659,-29.534439,-212.562076,3.479529,3.330461,-0.514151,6.421246,0.041207,0.016201
1.168484,60.777321,-370.165369,6.638720,6.568922,-29.280743,-212.640477,3.511114,3.236320,-0.519356,6.420025,0.041137,0.016335
1.169015,61.212628,-369.963102,6.624152,6.512034,-29.495129,-212.597767,3.495403,3.345304,-0.522897,6.421042,0.041005,0.016272
1.169546,62.192880,-369.904722,6.712052,6.564571,-29.279398,-212.701531,3.511415,3.250001,-0.526984,6.419980,0.041306,0.016333
1.170078,62.747003,-369.872981,6.654121,6.549878,-29.417788,-213.012832,3.433403,3.305230,-0.531222,6.420421,0.040945,0.015956
1.170609,62.983275,-369.085343,6.598123,6.543465,-29.191412,-212.146965,3.507789,3.476174,-0.531052,6.419927,0.040968,0.016378
1.171140,63.288400,-369.123210,6.784768,6.544694,-28.870108,-211.524294,3.543957,3.272759,-0.529143,6.418833,0.041465,0.016578
1.171671,63.637279,-369.568987,6.729157,6.658844,-28.262815,-210.519621,3.451652,2.510128,-0.523942,6.416640,0.040576,0.016182
1.172202,63.801320,-369.680787,6.736109,6.654504,-27.621559,-210.448033,3.600311,2.357442,-0.521192,6.413691,0.040840,0.016880
1.172733,64.078802,-370.072358,6.661271,6.756290,-27.389725,-210.628525,3.659828,2.532166,-0.520836,6.412498,0.040839,0.017156
1.173264,64.010387,-370.229439,6.662815,6.817839,-27.328209,-210.446317,3.639694,2.347121,-0.519306,6.412321,0.040750,0.017068
1.173795,63.890028,-370.797195,6.691893,6.917195,-25.313408,-210.527100,3.596196,2.262801,-0.507882,6.402849,0.041013,0.016887
1.174327,63.919589,-372.023700,6.591670,6.777950,-24.796730,-210.923286,3.374260,2.679343,-0.503372,6.400211,0.040117,0.015848
1.174858,62.849657,-372.844330,6.829987,6.742626,-23.341077,-210.974223,3.534617,2.383134,-0.489284,6.393372,0.041304,0.016597
1.175389,62.738165,-373.644537,6.884618,6.841944,-22.145161,-211.984327,3.680700,2.977975,-0.483504,6.387274,0.042355,0.017237
1.175920,62.386026,-374.542858,6.758003,6.824330,-20.589399,-211.831013,3.556333,3.044888,-0.471578,6.380078,0.041627,0.016689
1.176451,61.633906,-375.527829,6.800037,6.669827,-19.193942,-211.598928,3.667020,2.636257,-0.458085,6.373647,0.041695,0.017225
1.176982,60.977338,-377.297944,6.767899,6.719227,-18.926985,-212.364989,3.555515,2.378474,-0.451143,6.372075,0.041193,0.016640
1.177513,60.413254,-378.893852,6.710372,6.857870,-17.170503,-212.295989,3.549268,2.396206,-0.435829,6.363890,0.040995,0.016635
1.178045,59.192567,-379.659204,6.415066,6.857623,-15.271430,-212.409221,3.560514,2.303961,-0.418877,6.354958,0.039983,0.016694
1.178576,58.107883,-381.225050,6.661425,6.618832,-13.969755,-212.596141,3.854472,2.371844,-0.403930,6.348801,0.041427,0.018067
1.179107,57.038771,-382.364754,6.836915,6.533130,-11.907770,-212.668474,3.206571,2.550599,-0.385920,6.339119,0.040824,0.015046
1.179638,55.817247,-383.574851,6.674546,6.787031,-10.903699,-212.842281,3.691776,2.283874,-0.372543,6.334370,0.041282,0.017308
1.180169,54.430784,-384.522162,6.508134,6.883712,-8.971924,-212.723733,3.624099,2.420322,-0.353547,6.325337,0.040579,0.017013
1.180700,53.277823,-385.540071,6.462958,6.863927,-6.481171,-213.607912,3.632551,3.028479,-0.334511,6.313517,0.040783,0.016995
1.181231,51.569559,-387.121599,6.354159,6.960630,-4.678978,-213.669785,3.640169,2.733729,-0.313589,6.305080,0.040242,0.017031
1.181762,49.551915,-387.831924,6.451656,6.915162,-2.808536,-213.473404,3.745006,2.797440,-0.291735,6.296341,0.040976,0.017541
1.182294,48.088426,-389.119977,6.405678,7.067957,-0.646411,-212.709156,3.617565,2.302194,-0.269535,6.286224,0.040226,0.017007
1.182825,45.914144,-389.635406,6.497735,6.861201,1.660663,-213.603031,3.695485,2.928828,-0.246290,6.275411,0.041178,0.017300
1.183356,44.215673,-390.562779,6.474158,6.840108,3.319560,-214.040430,3.574532,2.991605,-0.227660,6.267678,0.040834,0.016698
1.183887,42.276114,-391.445493,6.481478,6.930034,5.356705,-213.003590,3.708063,2.529040,-0.204020,6.258042,0.040959,0.017400
1.184418,40.027322,-392.261549,6.514427,6.931296,7.414253,-213.967354,3.648327,3.222660,-0.180917,6.248548,0.041226,0.017038
1.184949,37.798810,-392.825327,6.488515,6.875768,10.111470,-212.787196,3.218801,2.554594,-0.152591,6.235702,0.039775,0.015104
1.185480,35.714534,-393.412109,6.454826,6.821436,12.081215,-212.576468,3.230201,2.468288,-0.129953,6.226414,0.039581,0.015161
1.186011,33.413937,-393.610252,6.472519,6.933596,14.561529,-212.621359,3.547775,2.507136,-0.103789,6.214806,0.040562,0.016627
1.186543,30.973718,-393.658747,6.182021,7.010176,16.244161,-213.059945,3.321260,2.890962,-0.081379,6.207090,0.038751,0.015532
1.187074,28.869473,-394.325564,6.129848,7.022791,18.492395,-213.566906,3.907817,3.156294,-0.057346,6.196812,0.040159,0.018206
1.187605,26.597136,-394.031083,6.169690,6.862711,21.403481,-213.382641,3.691747,3.120627,-0.028742,6.183214,0.039785,0.017190
1.188136,24.436974,-393.848132,6.336693,6.948704,23.311470,-212.617750,3.510998,3.102233,-0.006210,6.173981,0.039973,0.016393
1.188667,22.068684,-392.650694,6.582026,6.930514,24.922987,-211.356810,3.465519,2.597866,0.015743,6.165808,0.041026,0.016235
1.189198,20.165374,-392.230976,6.484493,6.735591,27.621424,-211.282731,3.520600,2.841097,0.041182,6.153190,0.040742,0.016474
1.189729,18.095700,-391.806957,6.468789,6.883454,29.864118,-210.362352,3.531669,2.657043,0.064769,6.142163,0.040534,0.016550
1.190260,15.775556,-392.191685,6.587499,6.841307,31.673969,-211.220911,3.478112,2.826943,0.087626,6.134338,0.041003,0.016224
1.190792,13.649444,-391.546950,6.420718,6.626032,34.022826,-210.869988,3.418828,2.590603,0.112287,6.123219,0.039996,0.015919
1.191323,11.376768,-390.737462,6.297174,6.867181,35.029758,-210.759164,3.720341,2.650581,0.130672,6.118483,0.040296,0.017298
1.191854,9.526033,-389.970147,6.525756,6.682374,37.470467,-210.860983,3.583526,2.928133,0.154771,6.107319,0.041050,0.016647
1.192385,7.447242,-389.595600,6.437682,6.821288,38.167351,-210.395110,3.215325,3.019292,0.169778,6.103729,0.039621,0.015009
1.192916,5.862430,-388.439751,6.557068,6.764641,40.686888,-210.394249,3.236343,3.187671,0.193155,6.092159,0.040340,0.015094
1.193447,4.143100,-387.714919,6.351324,6.779819,41.819518,-209.845803,3.631894,3.119006,0.208736,6.086476,0.040276,0.016888
1.193978,2.336801,-386.420941,6.396920,6.735013,43.722439,-209.826490,3.571480,3.187949,0.230200,6.077751,0.040429,0.016593
1.194510,0.697322,-385.600784,6.350838,6.639442,45.447869,-209.531036,3.349959,3.040967,0.248894,6.069591,0.039565,0.015563
1.195041,-0.227043,-384.492117,6.427490,6.761584,45.693892,-208.298859,3.636086,2.441652,0.254956,6.067239,0.040490,0.016834
1.195572,-1.930195,-384.095814,6.324139,6.828152,47.538600,-208.030277,3.846025,2.567346,0.273906,6.058525,0.040430,0.017774
1.196103,-3.219626,-383.123973,6.481145,6.651694,48.253753,-207.973380,3.322454,2.628758,0.285833,6.055200,0.039838,0.015413
1.196634,-4.118225,-382.017509,6.448011,6.673155,49.322730,-208.296948,3.832294,2.784315,0.298438,6.050677,0.041143,0.017677
1.197165,-5.125910,-381.376318,6.536207,6.686312,51.036310,-207.891489,3.464819,2.724709,0.313083,6.042451,0.040478,0.016009
1.197696,-6.257862,-380.902701,6.396652,6.622790,51.883794,-208.097089,3.612927,2.695973,0.324559,6.038842,0.040185,0.016626
1.198227,-6.960926,-380.259577,6.577616,6.750659,52.144876,-207.302610,3.147054,2.159724,0.329295,6.036758,0.039779,0.014489
1.198759,-8.177097,-379.777052,6.419247,6.785021,52.760538,-207.265301,2.945228,3.091622,0.339556,6.033924,0.038847,0.013813
1.199290,-8.324948,-378.740994,6.411176,6.736529,54.145481,-206.818983,3.154817,2.566200,0.348531,6.027131,0.039103,0.014596
1.199821,-9.186572,-378.515977,6.620665,6.879275,53.728111,-207.543351,3.386888,3.047108,0.352603,6.029870,0.040878,0.015703
1.200352,-9.691035,-378.104615,6.540006,6.746612,53.440252,-207.084297,3.593885,2.766398,0.353628,6.030635,0.040824,0.016589
1.200883,-10.250800,-377.684250,6.478200,6.652271,54.805018,-206.010426,3.880403,2.531359,0.362229,6.023177,0.040844,0.017854
1.201414,-10.375418,-377.817651,6.472782,6.852668,54.535102,-207.228122,3.306054,3.281630,0.363590,6.025855,0.040054,0.015421
1.201945,-10.648386,-377.782212,6.583167,6.853922,55.213996,-207.155976,3.630910,3.172780,0.368383,6.022707,0.041130,0.016803
1.202476,-10.764758,-377.756629,6.538889,6.870234,54.996431,-207.273759,3.750066,3.179021,0.368149,6.023829,0.041275,0.017325
1.203008,-10.733898,-377.641739,6.555740,6.889240,55.137358,-206.993456,3.796523,2.915677,0.368385,6.022858,0.041348,0.017481
1.203539,-10.763358,-377.664865,6.517031,6.927177,55.137358,-206.993456,3.796523,2.915677,0.368489,6.022858,0.041206,0.017481
1.204070,-10.785989,-377.657871,6.536227,6.913967,55.143781,-207.070083,3.771169,2.960786,0.368802,6.022921,0.041244,0.017374
1.204601,-10.600689,-377.643180,6.449807,6.862659,54.816140,-207.314973,3.860770,3.201709,0.366693,6.024691,0.041238,0.017819
1.205132,-10.289237,-378.271543,6.499943,7.009770,55.316770,-206.586103,3.584806,2.756147,0.365006,6.021557,0.040464,0.016531
1.205663,-10.248407,-378.564796,6.383692,6.955078,53.748960,-206.119757,3.728459,2.568330,0.355362,6.028100,0.040206,0.017208
1.206194,-9.625672,-379.714188,6.559296,6.904394,53.087690,-207.224694,3.556610,3.106974,0.348719,6.032395,0.040724,0.016504
1.206725,-8.896145,-379.869935,6.603642,6.744091,53.007368,-205.995822,3.220724,2.432600,0.342032,6.031327,0.039701,0.014938
1.207257,-7.938739,-380.299108,6.457862,6.781920,52.649778,-206.404769,3.039038,2.483019,0.335268,6.033431,0.038808,0.014121
1.207788,-7.636345,-381.053249,6.357973,6.882356,51.776286,-206.826885,3.532691,2.436665,0.328642,6.037890,0.039529,0.016311
1.208319,-6.439464,-381.817803,6.387433,6.819735,51.003105,-206.937931,3.502193,2.297151,0.317366,6.041536,0.039528,0.016162
1.208850,-5.622963,-382.616568,6.385634,6.892198,49.609390,-207.730733,3.522829,2.473166,0.305906,6.048760,0.039780,0.016268
1.209381,-4.553248,-383.523130,6.594722,6.815237,48.785324,-208.485646,4.123941,2.838481,0.295787,6.053323,0.042327,0.018995
1.209912,-3.262909,-384.235101,6.605138,6.732401,46.857490,-208.207801,3.810808,2.496299,0.277390,6.061822,0.041487,0.017609
1.210443,-2.054547,-385.334801,6.430823,6.872121,46.366592,-208.414074,3.141658,2.669229,0.267146,6.064277,0.039102,0.014618
1.210975,-0.704992,-386.186203,6.537886,6.870389,45.145849,-208.679073,3.552901,2.691096,0.252779,6.070128,0.040566,0.016481
1.211506,0.769425,-386.956957,6.579751,6.846525,43.636817,-208.765263,3.536313,2.663212,0.236083,6.077129,0.040721,0.016430
1.212037,2.340527,-387.711118,6.369812,6.696898,42.443566,-209.059879,3.839178,2.499454,0.220816,6.082887,0.040545,0.017790
1.212568,3.683208,-388.862517,6.592120,6.735396,41.234758,-209.570482,3.459109,2.719684,0.206459,6.088909,0.040599,0.016080
1.213099,5.301702,-389.724591,6.476933,6.762584,40.091752,-209.562208,3.161070,2.502289,0.190756,6.094157,0.039279,0.014717
1.213630,6.843686,-390.201616,6.315861,6.771081,38.186573,-209.704646,3.107772,2.141966,0.171933,6.103062,0.038433,0.014457
1.214161,8.782193,-391.260572,6.308183,6.870538,35.436672,-210.437071,3.724202,2.543540,0.146352,6.116355,0.040079,0.017323
1.214692,10.627947,-392.140118,6.333079,6.795509,33.894237,-210.195346,3.280923,2.498593,0.127185,6.123310,0.038894,0.015328
1.215224,12.728077,-392.560091,6.299036,7.111727,31.551595,-210.620851,3.609504,2.393764,0.103094,6.134488,0.039705,0.016844
1.215755,14.708906,-393.027407,6.352145,6.743098,31.083522,-210.809099,3.466497,2.344485,0.089622,6.136791,0.039550,0.016174
1.216286,16.548702,-393.317049,6.599999,6.824232,28.308669,-211.241447,3.163632,2.478595,0.064499,6.149968,0.040113,0.014793
1.216817,18.905020,-393.877507,6.279433,6.870986,26.783181,-212.285391,3.370609,2.970070,0.043357,6.157682,0.039214,0.015725
1.217348,20.819452,-394.116255,6.253078,6.957856,24.265327,-211.819571,3.053454,2.442881,0.018900,6.169126,0.038167,0.014288
1.217879,22.743554,-394.224862,6.263241,6.931739,21.757470,-211.778086,3.574808,2.258938,-0.005405,6.180807,0.039527,0.016739
1.218410,24.911683,-394.113918,6.227041,6.940065,20.029899,-211.945495,3.175729,2.216145,-0.026792,6.188960,0.038359,0.014883
1.218941,27.041460,-394.237130,6.403661,7.061313,18.283490,-211.800707,3.266864,2.398964,-0.047969,6.197075,0.039363,0.015341
1.219473,29.559997,-393.430926,6.482956,6.907350,15.290862,-212.779985,3.848970,2.519160,-0.078824,6.211446,0.041599,0.018016
1.220004,30.890395,-393.327516,6.375689,6.960236,13.343025,-212.890650,3.412017,3.021840,-0.096945,6.220592,0.039907,0.015989
1.220535,33.666821,-393.007848,6.459417,6.851522,11.241720,-213.272073,3.566738,2.893673,-0.124126,6.230523,0.040742,0.016693
1.221066,35.835624,-392.373162,6.434554,6.939844,9.077508,-213.407399,3.634074,2.892041,-0.148416,6.240675,0.040854,0.017008
1.221597,37.473196,-391.857124,6.210329,7.023539,6.754094,-212.662683,3.496439,2.251728,-0.169779,6.251436,0.039240,0.016428
1.222128,39.337450,-390.727302,6.333302,6.787624,4.477134,-213.062653,3.667596,2.831545,-0.193753,6.262175,0.040430,0.017208
1.222659,41.431260,-390.538617,6.437005,7.028504,2.770410,-213.406801,3.605786,2.540715,-0.214890,6.270204,0.040719,0.016894
1.223190,43.220529,-389.508202,6.397300,6.834035,1.263879,-213.660480,3.222341,2.794866,-0.234217,6.277270,0.039689,0.015081
1.223722,45.130439,-388.642142,6.342947,6.978752,-0.519745,-213.225001,3.154232,2.432157,-0.254591,6.285623,0.039191,0.014793
1.224253,46.374398,-387.840416,6.423461,6.722479,-2.953095,-213.801453,3.389755,2.849169,-0.276185,6.296997,0.040166,0.015853
1.224784,47.981634,-386.974750,6.464877,6.756683,-5.285314,-214.022357,3.520677,2.844322,-0.298767,6.307875,0.040663,0.016443
1.225315,49.584651,-385.724815,6.505329,6.802357,-7.270852,-213.563144,3.626633,3.288337,-0.318968,6.317218,0.041138,0.016970
1.225846,51.065182,-384.621462,6.554199,6.492503,-8.995898,-213.960202,3.431344,2.912383,-0.338395,6.325205,0.040722,0.016019
1.226377,52.167561,-383.648508,6.512401,6.686777,-10.679361,-213.505421,3.457800,2.946155,-0.353832,6.333163,0.040608,0.016170
1.226908,53.464987,-382.445652,6.491650,6.582001,-12.366569,-212.513487,3.253901,2.581931,-0.369596,6.341312,0.039711,0.015276
1.227440,54.300240,-381.511897,6.518460,6.666634,-13.865108,-213.149433,3.807763,2.352690,-0.384700,6.348143,0.041200,0.017803
1.227971,55.435245,-380.467337,6.534185,6.638931,-15.431738,-212.833021,3.707665,2.536384,-0.399961,6.355565,0.040949,0.017351
1.228502,56.404016,-379.495614,6.674801,6.635518,-17.407436,-212.652809,3.733052,2.418887,-0.416517,6.364862,0.041411,0.017462
1.229033,57.261571,-377.576319,6.577629,6.570700,-18.165671,-211.087406,3.732361,3.022679,-0.425385,6.369031,0.041075,0.017594
1.229564,58.017961,-376.441209,6.677281,6.742812,-19.529255,-211.571879,3.599415,2.437202,-0.439652,6.375230,0.041230,0.016902
1.230095,58.313575,-375.577566,6.778720,6.602762,-20.799179,-211.039928,3.421778,2.629683,-0.448185,6.381424,0.041105,0.016104
1.230626,58.879876,-374.885136,6.600058,6.590535,-22.426876,-211.122495,3.193600,2.963298,-0.460837,6.389015,0.039988,0.015030
1.231157,59.175141,-374.227013,6.614917,6.762083,-23.578086,-210.684707,3.516856,2.789873,-0.468440,6.394633,0.040679,0.016551
1.231689,59.410450,-373.650903,6.607066,6.486159,-23.838098,-210.898755,3.303373,2.736740,-0.472809,6.395739,0.040022,0.015533
1.232220,59.688391,-373.084174,6.740095,6.561859,-25.260622,-210.474491,3.443544,2.946669,-0.481415,6.402631,0.040825,0.016213
1.232751,59.938689,-372.694254,6.795271,6.436209,-25.264588,-211.936160,3.655404,3.539606,-0.487366,6.401834,0.041971,0.017119
1.233282,59.907185,-373.401001,6.762711,6.463095,-26.281376,-211.746042,3.283102,2.703186,-0.489825,6.406671,0.040434,0.015349
1.233813,59.792025,-372.870762,6.712669,6.552780,-26.016538,-212.466419,3.181965,2.968048,-0.491216,6.405029,0.040552,0.014851
1.234344,59.748113,-372.846869,6.736733,6.553273,-27.056646,-212.094984,3.377656,2.914070,-0.495127,6.410069,0.040809,0.015765
1.234875,59.844969,-372.601005,6.797391,6.762065,-27.679539,-211.476234,3.590329,2.605897,-0.497615,6.413333,0.041389,0.016767
1.235406,59.615065,-372.806889,6.690553,6.759119,-28.086452,-212.809901,3.096294,3.750130,-0.501418,6.414406,0.040867,0.014482
1.235938,59.219815,-372.667016,6.613863,6.688081,-28.218540,-212.759089,3.011691,3.807011,-0.500386,6.415047,0.040428,0.014105
1.236469,58.695894,-372.720148,6.766896,6.703737,-28.315046,-212.731955,3.139688,3.782677,-0.498116,6.415510,0.041263,0.014687
1.237000,58.050616,-372.743776,6.738360,6.674363,-28.941412,-212.966876,3.323628,3.863594,-0.498579,6.418254,0.041552,0.015513
1.237531,57.482135,-373.028299,6.749390,6.595613,-28.864313,-213.178792,3.334308,3.746029,-0.495267,6.417766,0.041507,0.015536
1.238062,56.137268,-373.853425,6.766052,6.715799,-29.292245,-212.901800,3.400794,3.805087,-0.487965,6.419913,0.041736,0.015861
1.238593,55.680447,-374.443173,6.631871,6.844046,-28.187562,-212.860916,2.956592,3.634916,-0.478765,6.414842,0.040469,0.013830
1.239124,54.659001,-374.874414,6.750657,6.868538,-28.631662,-213.201364,3.025575,3.789843,-0.475717,6.416681,0.041204,0.014136
1.239655,53.285218,-375.571718,6.498338,6.857751,-28.532059,-213.005759,3.114796,3.595780,-0.466273,6.416342,0.040210,0.014536
1.240187,52.392855,-376.313533,6.620446,6.924149,-28.462831,-211.988934,2.982453,3.100708,-0.457266,6.416653,0.040001,0.013954
1.240718,50.942391,-377.541919,6.531212,6.747051,-27.589862,-211.400543,3.650266,2.531327,-0.441556,6.412962,0.040445,0.017047
1.241249,49.710690,-378.639727,6.717875,6.690318,-27.087807,-211.234478,3.598695,2.294485,-0.430113,6.410725,0.040876,0.016817
1.241780,48.080894,-379.523159,6.632261,6.800067,-26.720018,-213.088290,2.861667,3.492808,-0.422380,6.407928,0.039983,0.013376
1.242311,46.504749,-379.680319,6.637231,6.731411,-26.348502,-209.654771,3.183680,3.095009,-0.404818,6.408206,0.039836,0.015060
1.242842,44.943730,-380.638881,6.450472,6.940512,-25.343133,-211.671768,3.320774,3.583247,-0.394206,6.402347,0.040107,0.015595
1.243373,43.060452,-381.887311,6.401107,6.852173,-24.714443,-212.654430,3.351008,3.421970,-0.380923,6.398885,0.039971,0.015657
1.243905,41.483130,-382.954504,6.401462,7.003436,-23.375123,-211.203369,3.621991,2.544294,-0.361074,6.393413,0.040129,0.016993
1.244436,39.258259,-384.124153,6.477517,6.703854,-22.437864,-211.239908,3.227941,2.667267,-0.342776,6.389008,0.039413,0.015169
1.244967,37.413362,-385.538801,6.443643,6.865031,-21.602130,-211.529332,3.520102,2.646523,-0.326977,6.384956,0.039969,0.016518
1.245498,35.253150,-386.570187,6.452309,6.926984,-20.229646,-211.526178,3.071300,2.389391,-0.306947,6.378532,0.039007,0.014428
1.246029,33.032233,-387.590783,6.499231,6.912159,-19.129906,-212.813695,3.542061,3.066551,-0.290034,6.372835,0.040653,0.016560
1.246560,30.675999,-388.735295,6.598199,6.929454,-17.627318,-211.968596,3.261061,2.335432,-0.266748,6.366154,0.040147,0.015306
1.247091,27.898900,-389.444502,6.443299,7.021358,-16.029981,-211.811830,3.138616,2.318670,-0.242438,6.358722,0.039240,0.014757
1.247622,25.764033,-390.504410,6.349034,6.812292,-15.059144,-212.008784,3.048238,2.342495,-0.224840,6.354097,0.038508,0.014327
1.248154,23.068472,-391.306494,6.286823,6.952088,-12.961783,-211.865831,3.528068,2.256395,-0.198157,6.344288,0.039411,0.016603
1.248685,20.420330,-392.330037,6.487248,7.086856,-11.571980,-211.892022,3.165168,2.197360,-0.175480,6.337744,0.039423,0.014904
1.249216,17.956511,-392.952210,6.534533,7.078971,-9.894280,-212.117163,3.385555,2.533468,-0.152811,6.329797,0.040243,0.015936
1.249747,15.122191,-393.146305,6.111509,6.939254,-8.274205,-213.107856,3.562981,3.139060,-0.129228,6.321992,0.039017,0.016704
1.250278,12.119555,-394.732743,6.499917,7.004411,-6.640884,-213.177749,3.710690,2.489974,-0.102967,6.314327,0.041003,0.017393
1.250809,9.785278,-395.170285,6.424688,6.857766,-4.825004,-213.013913,3.520038,2.592152,-0.080036,6.305833,0.040089,0.016519
1.251340,6.884744,-395.191299,6.213858,6.936960,-2.663149,-213.398931,3.474774,2.536650,-0.052473,6.295664,0.039113,0.016281
1.251871,3.873424,-395.279447,6.460340,6.658692,-0.539854,-213.996359,3.519854,3.067759,-0.024340,6.285708,0.040571,0.016448
1.252403,0.941099,-395.282963,6.294648,6.923567,0.060511,-212.734832,3.150196,2.228063,-0.004824,6.282901,0.038559,0.014808
1.252934,-1.766748,-394.907707,6.449567,6.793322,2.410015,-212.938698,3.260709,2.372614,0.022949,6.271868,0.039705,0.015311
1.253465,-4.889284,-394.601112,6.260295,7.021466,3.714432,-212.773943,3.638987,2.193995,0.047283,6.265730,0.039781,0.017098
1.253996,-7.210853,-394.362076,6.264876,7.007544,6.233496,-212.953788,3.330756,2.402598,0.073976,6.253922,0.039015,0.015631
1.254527,-9.878750,-393.780050,6.402087,6.950557,7.843266,-212.900121,3.630522,2.425692,0.097665,6.246362,0.040495,0.017035
1.255058,-12.997321,-393.288385,6.317884,7.016056,9.414716,-212.903883,3.747426,2.541606,0.123612,6.238994,0.040421,0.017575
1.255589,-15.559742,-392.889030,6.289380,6.928527,11.306718,-213.741521,3.424838,3.099247,0.148859,6.230336,0.039586,0.015997
1.256120,-17.824790,-392.004827,6.367232,6.721380,11.949218,-212.720551,3.495650,2.460886,0.164570,6.227071,0.039952,0.016394
1.256652,-20.578348,-390.936655,6.595634,6.841520,13.989531,-213.073636,3.583348,2.651709,0.191958,6.217624,0.041393,0.016765
1.257183,-22.580083,-390.324276,6.459960,6.599683,15.349366,-213.663086,3.727489,3.063307,0.211491,6.211469,0.041233,0.017386
1.257714,-25.020392,-389.179134,6.325149,6.763041,16.954331,-212.680980,3.844005,2.460608,0.233482,6.203636,0.040738,0.017983
1.258245,-27.517123,-388.352835,6.398615,6.637739,19.025592,-213.611530,3.384179,3.502270,0.260309,6.194353,0.040128,0.015785
1.258776,-29.411611,-387.264107,6.328998,6.786961,20.847063,-212.652069,3.970498,2.595817,0.280255,6.185464,0.041034,0.018532
1.259307,-31.590257,-385.672196,6.405133,6.842632,22.271194,-211.593278,3.625958,2.825336,0.300066,6.178317,0.040412,0.017006
1.259838,-33.515950,-384.764000,6.307354,6.982848,23.134228,-211.887675,3.869153,2.669234,0.316665,6.174435,0.040715,0.018096
1.260370,-34.970164,-383.199582,6.270484,6.821367,24.621008,-210.863742,3.192091,2.519703,0.332915,6.166949,0.038727,0.014998
1.260901,-36.108615,-382.051301,6.441008,6.886769,25.911155,-210.737904,3.706162,2.414155,0.347347,6.160845,0.040703,0.017380
1.261432,-38.061822,-381.463849,6.368985,6.684828,26.415226,-210.544746,3.167401,2.323929,0.360731,6.158376,0.038914,0.014873
1.261963,-39.932373,-380.124614,6.403837,6.735956,27.941376,-210.316860,3.696224,2.756496,0.380256,6.151105,0.040346,0.017354
1.262494,-40.930431,-379.461711,6.574509,6.757482,28.940021,-210.673001,3.725429,3.110485,0.392476,6.146670,0.041272,0.017470
1.263025,-42.263923,-378.714804,6.421136,6.854487,30.274374,-210.682785,3.939102,3.127204,0.407526,6.140466,0.041161,0.018437
1.263556,-42.797635,-377.706992,6.550467,6.723761,29.559824,-210.576765,3.834978,2.884772,0.408577,6.143721,0.041444,0.017959
1.264087,-44.217978,-377.055622,6.403387,6.793098,31.127938,-210.615753,3.474667,3.021986,0.425090,6.136453,0.040017,0.016278
1.264619,-45.093257,-376.276577,6.608780,6.684188,31.403441,-210.079381,3.729465,2.561881,0.431367,6.134800,0.041076,0.017456
1.265150,-45.195151,-375.522824,6.480944,6.739606,32.237110,-210.043159,3.847033,2.553760,0.437661,6.130895,0.040934,0.017987
1.265681,-46.457220,-375.120149,6.334932,6.864623,32.848594,-210.435322,3.755188,2.954551,0.448788,6.128337,0.040402,0.017551
1.266212,-47.039505,-374.649635,6.605990,6.866740,33.159240,-210.156416,3.876561,3.062557,0.453638,6.126692,0.041708,0.018137
1.266743,-47.237787,-375.017295,6.547248,6.734432,33.706871,-210.544219,3.853990,2.678948,0.457344,6.124438,0.041080,0.017958
1.267274,-47.174562,-374.663891,6.505540,6.936729,34.123880,-210.546172,4.135123,2.511301,0.459934,6.122509,0.041738,0.019230
1.267805,-47.449909,-374.113430,6.568094,6.906298,33.614706,-210.893123,3.852612,2.788483,0.460970,6.125123,0.041604,0.017934
1.268336,-47.562995,-374.100879,6.608815,6.882245,34.302831,-210.828316,3.792161,2.818122,0.464772,6.121894,0.041518,0.017651
1.268868,-47.999661,-374.144810,6.754658,6.825336,34.120215,-211.256442,3.392373,3.145923,0.466961,6.123057,0.041388,0.015824
1.269399,-47.999661,-374.144810,6.754658,6.825336,34.676301,-211.535644,3.662594,3.309912,0.470372,6.120704,0.042011,0.017045
1.269930,-47.999661,-374.144810,6.754658,6.825336,34.737979,-211.582028,3.674506,3.312757,0.470788,6.120455,0.042040,0.017095
1.270461,-47.562995,-374.100879,6.608815,6.882245,34.543592,-211.257727,3.807774,3.081663,0.467007,6.121106,0.041727,0.017708
1.270992,-47.067831,-374.551666,6.556467,6.979020,34.458713,-210.976920,3.633440,2.972913,0.462371,6.121286,0.041112,0.016924
1.271523,-46.694396,-375.309304,6.532722,7.128343,34.435580,-211.392345,3.559931,3.278825,0.459596,6.121705,0.041124,0.016589
1.272054,-45.671784,-375.703935,6.644475,6.980428,33.368812,-210.887262,3.679559,3.019347,0.447168,6.126256,0.041562,0.017165
1.272585,-44.856805,-376.621394,6.559718,6.722816,33.439944,-211.083995,3.596553,3.089909,0.441803,6.126071,0.040771,0.016775
1.273117,-44.349298,-377.108449,6.373989,7.143906,33.303290,-211.039143,3.698386,3.138475,0.437386,6.126670,0.040632,0.017251
1.273648,-42.991605,-378.109089,6.458643,6.812255,32.786054,-211.263823,3.562660,3.169164,0.426324,6.129223,0.040381,0.016623
1.274179,-42.312826,-378.761839,6.433226,6.932420,32.342682,-210.627206,3.252414,2.742687,0.417872,6.130821,0.039409,0.015212
1.274710,-40.715318,-379.591132,6.490419,6.950032,31.242816,-210.831035,3.734784,2.748603,0.403050,6.136067,0.040805,0.017437
1.275241,-40.045387,-380.860298,6.315071,7.098449,31.693299,-210.556946,3.329661,2.628450,0.398682,6.133786,0.038992,0.015572
1.275772,-38.597211,-381.854579,6.417325,6.745748,30.011744,-210.987130,3.346607,2.889406,0.381827,6.141889,0.039384,0.015664
1.276303,-36.679661,-381.970425,6.466765,6.876980,29.612833,-210.587739,3.340619,3.108603,0.369084,6.143481,0.039803,0.015688
1.276835,-35.372667,-382.724269,6.648761,6.694057,27.912107,-210.569583,3.342349,2.786208,0.352271,6.151398,0.040449,0.015694
1.277366,-33.921007,-383.845099,6.355041,6.926584,27.608222,-211.759909,3.577854,3.450574,0.343386,6.153541,0.040190,0.016744
1.277897,-32.038657,-385.029272,6.401470,6.948962,25.956551,-211.221898,3.498885,2.616520,0.322058,6.160911,0.039887,0.016387
1.278428,-29.780869,-386.085523,6.508137,6.891647,24.714320,-211.455618,4.207767,2.614792,0.302485,6.166836,0.042185,0.019683
1.278959,-27.995325,-387.344013,6.426746,6.712528,23.755122,-212.092594,3.683961,3.087809,0.287133,6.171647,0.040530,0.017230
1.279490,-25.886992,-388.466948,6.359948,6.766273,22.040471,-212.352411,3.299920,3.020374,0.265704,6.179764,0.039350,0.015443
1.280021,-23.600958,-389.469375,6.329286,6.764147,21.265040,-211.719813,3.844988,2.557961,0.247247,6.183081,0.040340,0.018019
1.280552,-21.457753,-389.943967,6.390201,6.908334,19.694052,-211.811028,3.800439,2.661258,0.227034,6.190473,0.040658,0.017826
1.281084,-18.991103,-390.847560,6.576446,6.710741,18.481153,-211.625950,3.411835,2.504795,0.206114,6.196077,0.040408,0.016033
1.281615,-16.638582,-391.714147,6.570149,6.842049,16.301914,-211.208134,3.207261,2.263341,0.180503,6.206154,0.039828,0.015118
1.282146,-13.672089,-392.332670,6.368321,7.064552,15.507268,-212.362067,3.774492,2.815855,0.160735,6.210292,0.040632,0.017706
1.282677,-11.513396,-392.924022,6.397615,6.771969,13.515529,-212.916194,3.555543,3.163638,0.138158,6.219792,0.040290,0.016659
1.283208,-8.834985,-394.403345,6.159170,6.769620,12.853710,-213.697043,3.214415,3.233344,0.119450,6.223108,0.038217,0.015015
1.283739,-5.951333,-394.797643,6.345410,6.857300,11.226181,-213.619601,2.942726,3.318271,0.094528,6.230681,0.038466,0.013762
1.284270,-3.004285,-395.059974,6.266564,6.831182,9.537905,-213.819075,3.567550,2.921365,0.069092,6.238607,0.039697,0.016663
1.284801,-0.254680,-395.447434,6.158742,6.909004,7.802246,-214.195474,3.564791,3.112347,0.044422,6.246776,0.039227,0.016629
1.285333,2.577271,-394.845139,6.245570,6.854964,6.645080,-214.002984,3.001681,3.215090,0.022490,6.252144,0.038310,0.014021
1.285864,5.286995,-395.272699,6.125799,6.979043,4.689825,-214.015018,3.025846,3.217943,-0.003295,6.261275,0.037694,0.014136
1.286395,8.493858,-394.759268,6.197572,6.861592,3.051695,-212.975952,3.441120,2.530532,-0.029929,6.268857,0.038980,0.016155
1.286926,10.794962,-394.558256,6.156561,6.982675,1.427413,-213.722212,3.383399,2.952152,-0.051755,6.276507,0.038804,0.015830
1.287457,13.985086,-393.713593,6.487163,6.913204,-0.095942,-212.844186,3.107825,2.342106,-0.077695,6.283636,0.039654,0.014601
1.287988,16.820017,-393.553317,6.204617,6.888273,-2.304730,-212.976976,3.757319,2.338085,-0.105516,6.294006,0.039947,0.017640
1.288519,19.606849,-393.126800,6.254829,6.890549,-3.838300,-212.739056,3.200034,2.590690,-0.129246,6.301226,0.038655,0.015039
1.289051,22.224981,-392.664394,6.430279,6.769902,-5.194272,-213.048541,3.568977,2.339062,-0.151485,6.307561,0.040452,0.016744
1.289582,24.853087,-391.646050,6.230025,7.085021,-6.937727,-213.112333,3.527331,2.493236,-0.176219,6.315728,0.039540,0.016538
1.290113,27.652029,-390.898067,6.464958,6.753489,-8.277351,-213.639814,3.035151,2.948585,-0.199986,6.321910,0.039539,0.014196
1.290644,30.108829,-390.057769,6.470834,6.787382,-9.819230,-212.962254,3.729926,2.462938,-0.221753,6.329261,0.041076,0.017485
1.291175,32.823026,-389.379509,6.667657,6.790052,-11.110249,-212.980884,3.600592,2.381135,-0.244091,6.335304,0.041565,0.016870
1.291706,35.114285,-388.275008,6.158066,7.083100,-12.451633,-212.814730,3.094686,2.521361,-0.264730,6.341628,0.038157,0.014509
1.292237,37.424334,-387.263522,6.457985,6.911190,-14.101296,-212.511983,3.176782,2.702799,-0.286726,6.349443,0.039603,0.014907
1.292768,39.828832,-385.348824,6.538856,6.807851,-15.430382,-212.102591,3.066013,3.169017,-0.308762,6.355807,0.039863,0.014420
1.293300,42.057020,-384.387362,6.350843,6.800715,-16.064202,-211.473331,3.116040,2.345128,-0.324264,6.359003,0.038846,0.014674
1.293831,43.937162,-383.021046,6.491967,6.852573,-17.165918,-211.526927,3.495221,2.277914,-0.342275,6.364160,0.040406,0.016439
1.294362,45.975871,-381.888250,6.323801,6.741606,-17.349599,-211.332167,3.492309,2.907795,-0.355513,6.365098,0.039786,0.016453
1.294893,47.827712,-381.185333,6.430722,6.960456,-19.284483,-212.418329,3.491295,3.228779,-0.378489,6.373723,0.040562,0.016359
1.295424,49.368964,-379.789902,6.514877,6.781046,-19.941091,-211.288974,3.385938,2.875293,-0.390238,6.377285,0.040316,0.015935
1.295955,51.056343,-379.306087,6.510021,6.825727,-20.694166,-212.062922,3.390990,3.396667,-0.405270,6.380462,0.040581,0.015915
1.296486,52.925922,-378.216984,6.523295,6.784263,-20.522209,-211.232364,3.506518,2.815121,-0.414381,6.380036,0.040544,0.016495
1.297017,54.247843,-377.165268,6.643355,6.566028,-21.212098,-211.131461,3.461095,2.811925,-0.426578,6.383318,0.040753,0.016283
1.297549,56.000506,-376.168094,6.657645,6.583774,-22.322844,-211.791001,3.265147,3.334306,-0.444660,6.388198,0.040689,0.015336
1.298080,57.172729,-375.961622,6.458348,6.749509,-22.855676,-212.378274,3.525980,3.532451,-0.454987,6.390390,0.040685,0.016507
1.298611,58.724101,-374.949513,6.461395,6.875907,-23.244817,-212.208178,3.683621,3.571030,-0.466584,6.392288,0.041167,0.017249
1.299142,59.464466,-374.166626,6.448769,6.773805,-22.942182,-212.601809,3.712390,3.912472,-0.471658,6.390681,0.041470,0.017372
1.299673,60.351286,-373.917179,6.789981,6.616698,-22.652042,-211.967195,3.430042,3.541022,-0.473617,6.389647,0.041685,0.016096
1.300204,61.125163,-373.070223,6.674888,6.700935,-22.704418,-212.482233,3.443534,3.231110,-0.481105,6.389635,0.041377,0.016104
1.300735,62.128249,-373.470680,6.817650,6.708233,-22.843656,-212.991042,3.419042,3.553537,-0.486958,6.390029,0.041959,0.015968
1.301266,63.121130,-373.555709,6.637960,6.714953,-23.016388,-213.129773,3.518601,3.616181,-0.492753,6.390761,0.041400,0.016419
1.301798,63.604668,-373.147654,6.838233,6.738366,-22.968052,-213.437921,3.550245,3.406621,-0.496729,6.390383,0.042221,0.016531
1.302329,64.149459,-372.798135,6.709719,6.580230,-22.685563,-213.478961,3.578510,3.522823,-0.499026,6.389054,0.041733,0.016666
1.302860,64.404580,-372.862439,6.845165,6.587913,-22.417998,-213.638503,3.513641,3.520959,-0.499217,6.387737,0.042146,0.016357
1.303391,65.115166,-373.094932,6.554412,6.945998,-22.133004,-213.273688,3.377647,3.268033,-0.499698,6.386593,0.040883,0.015747
1.303922,65.122890,-373.090973,6.587524,6.791099,-21.367986,-213.112785,3.137721,3.381993,-0.495630,6.383117,0.040488,0.014662
1.304453,65.546328,-373.313320,6.795075,6.927854,-20.848848,-212.952907,3.574207,3.243778,-0.494170,6.380778,0.042115,0.016690
1.304984,65.721751,-373.433515,6.750221,6.921766,-20.324788,-212.183605,3.471349,3.272971,-0.490182,6.378683,0.041610,0.016277
1.305516,66.055235,-373.950687,6.822552,6.826983,-20.335743,-213.013107,3.240345,3.356592,-0.492651,6.378364,0.041417,0.015148
1.306047,66.010443,-374.454600,6.763443,6.924526,-19.218825,-211.945600,3.710076,2.443355,-0.483023,6.373616,0.041611,0.017393
1.306578,65.919420,-375.260761,6.708283,6.878418,-17.886992,-212.835962,2.996944,3.540545,-0.476342,6.367029,0.040656,0.014051
1.307109,65.576403,-376.046517,6.731847,6.843609,-17.161777,-211.416287,3.559546,2.941804,-0.465701,6.364183,0.041149,0.016764
1.307640,65.102305,-376.912695,6.608053,6.748278,-16.672693,-211.961714,3.584170,2.386712,-0.460245,6.361683,0.040454,0.016829
1.308171,64.754802,-377.561295,6.521863,6.787784,-15.083997,-212.127007,3.549597,2.472613,-0.449632,6.354174,0.040218,0.016670
1.308702,63.966262,-378.469251,6.631751,6.844988,-13.981017,-213.652598,3.483271,3.094725,-0.441761,6.348530,0.041108,0.016261
1.309233,63.192949,-379.628503,6.504144,7.040766,-12.640365,-212.485612,3.564440,2.533883,-0.425929,6.342603,0.040471,0.016731
1.309765,62.276205,-379.427585,6.786303,6.711767,-10.971440,-212.428144,3.764277,2.703633,-0.413342,6.334787,0.042105,0.017685
1.310296,61.451614,-380.285503,6.646183,6.829645,-11.253467,-211.864955,3.555441,2.415636,-0.407522,6.336252,0.040842,0.016745
1.310827,60.632238,-381.460759,6.711084,6.714822,-9.283835,-212.121408,3.641655,2.483936,-0.391556,6.326924,0.041309,0.017143
1.311358,59.416823,-382.487773,6.555784,6.919824,-8.241155,-211.682094,3.188373,2.241459,-0.377149,6.322097,0.039668,0.015045
1.311889,58.359759,-383.766929,6.599621,6.865180,-5.481438,-212.848279,3.215072,3.196545,-0.357471,6.308932,0.040393,0.015100
1.312420,57.169336,-384.511453,6.525498,6.981108,-4.600341,-211.745275,3.207644,2.300632,-0.343370,6.304908,0.039680,0.015143
1.312951,55.527701,-386.085723,6.453342,6.938977,-2.805827,-212.781296,3.521281,2.936084,-0.324684,6.296371,0.040306,0.016547
1.313482,53.821009,-386.783095,6.433312,6.810785,-1.225256,-212.032976,3.478409,2.495001,-0.305161,6.288964,0.039888,0.016405
1.314014,52.896296,-387.383797,6.414566,6.875138,0.861792,-212.586716,3.565257,2.875629,-0.289332,6.279131,0.040291,0.016771
1.314545,50.804543,-388.319147,6.540723,6.951193,2.319612,-212.602483,3.182149,3.008115,-0.269228,6.272275,0.040022,0.014967
1.315076,49.464811,-389.315669,6.316785,7.079163,4.529556,-212.873294,3.014877,3.328145,-0.249373,6.261910,0.038733,0.014160
1.315607,47.478181,-390.035456,6.465375,7.183094,5.864002,-212.598525,3.452130,2.992284,-0.230366,6.255610,0.040348,0.016230
1.316138,45.698350,-390.985748,6.473820,6.997306,7.973741,-212.525125,3.420838,3.008893,-0.208322,6.245684,0.040212,0.016082
1.316669,43.655210,-392.331489,6.414338,7.078668,9.808665,-213.388094,3.458590,3.061424,-0.186938,6.237251,0.040098,0.016187
1.317200,41.711828,-392.757433,6.435874,6.897074,11.939946,-213.616305,3.057451,3.132386,-0.164687,6.227349,0.039305,0.014292
1.317731,39.454668,-393.196262,6.312381,7.097652,13.816796,-212.244972,3.098436,2.533431,-0.140747,6.218179,0.038532,0.014557
1.318263,37.459329,-393.500558,6.341340,7.042446,15.408493,-212.354655,3.479893,2.359562,-0.121134,6.210752,0.039655,0.016321
1.318794,35.354251,-393.463283,6.309741,7.067404,17.290140,-212.344684,3.488656,2.323113,-0.099408,6.201940,0.039624,0.016345
1.319325,33.238993,-393.485299,6.332817,7.035374,19.333228,-212.200204,3.611321,2.605857,-0.076557,6.192328,0.040103,0.016915
1.319856,30.989297,-393.297532,6.223346,6.934896,21.266779,-211.825319,3.461571,2.608125,-0.053525,6.183123,0.039190,0.016225
1.320387,28.909995,-393.304739,6.212935,6.920153,24.066665,-211.330850,3.223650,2.599193,-0.026609,6.169792,0.038452,0.015122
1.320918,27.004491,-393.362004,6.193563,6.840710,25.549341,-212.322200,3.544429,3.059772,-0.008038,6.163428,0.039416,0.016544
1.321449,24.727915,-392.894140,6.157995,7.017193,27.049033,-211.715489,3.498114,2.807385,0.012811,6.156112,0.039087,0.016343
1.321981,22.579053,-392.648719,6.230531,6.875349,29.129176,-211.478332,3.435355,2.890170,0.036139,6.146306,0.039249,0.016049
1.322512,20.526530,-392.161650,6.282312,6.773653,31.006481,-211.322591,3.481789,2.943695,0.057887,6.137499,0.039656,0.016253
1.323043,18.618237,-392.182434,6.220101,6.794236,32.252504,-211.211044,4.015567,2.718125,0.075197,6.131653,0.040792,0.018678
1.323574,16.426811,-391.524083,6.382435,6.709468,33.386661,-211.065065,3.571567,2.927011,0.093706,6.126303,0.040351,0.016647
1.324105,14.621983,-390.752616,6.215308,6.921501,35.793914,-209.884752,2.964759,2.296075,0.116527,6.114270,0.037846,0.013846
1.324636,12.674683,-390.342431,6.354416,6.945222,37.184873,-209.916630,3.463471,2.332249,0.135020,6.107863,0.039755,0.016111
1.325167,11.039252,-390.061760,6.333692,6.786093,38.677390,-210.253214,3.247401,2.997756,0.152515,6.101263,0.039164,0.015154
1.325698,8.944175,-389.347416,6.445449,6.844918,39.086204,-210.044603,3.783526,2.373870,0.166550,6.099204,0.041072,0.017528
1.326230,7.240453,-388.635001,6.478373,6.796943,42.165676,-209.322267,3.131155,2.632186,0.192364,6.084406,0.039406,0.014580
1.326761,6.149239,-387.697866,6.458366,6.705401,42.128796,-209.302660,3.635724,2.460725,0.199015,6.084558,0.040668,0.016848
1.327292,4.354850,-386.338490,6.368831,6.730213,44.284484,-208.089943,3.248483,2.666855,0.220373,6.073499,0.039163,0.015161
1.327823,2.986603,-385.465134,6.482334,6.856275,45.191707,-208.646544,3.299041,2.867601,0.234307,6.069886,0.040059,0.015368
1.328354,1.840038,-384.877466,6.432681,6.780350,45.432495,-208.015249,3.581695,2.727712,0.241660,6.068153,0.040402,0.016660
1.328885,0.288318,-384.313932,6.367700,6.574104,45.839636,-207.980118,3.702354,2.596702,0.252798,6.066250,0.040344,0.017178
1.329416,-0.638297,-383.584619,6.490620,6.718815,47.329663,-208.542897,3.282480,3.231357,0.267471,6.060012,0.040146,0.015338
1.329947,-1.806945,-383.060502,6.384563,6.866540,48.410751,-207.293788,3.090824,2.669269,0.278292,6.053760,0.038919,0.014424
1.330479,-2.848577,-382.470822,6.553027,6.738651,48.769578,-207.160854,3.154286,2.804273,0.286348,6.051976,0.039807,0.014739
1.331010,-3.755131,-381.600982,6.371227,6.761346,49.885716,-207.191838,3.628737,2.661233,0.298376,6.046912,0.040151,0.016810
1.331541,-4.116375,-381.346626,6.441008,6.886769,50.668892,-207.007880,3.205268,2.570755,0.304475,6.043137,0.039447,0.014887
1.332072,-5.130544,-381.287745,6.549970,6.832128,49.525019,-207.679805,3.880585,3.176139,0.304999,6.049089,0.041790,0.018014
1.332603,-5.669915,-381.031604,6.458918,6.913358,50.820409,-206.948974,3.191056,2.724585,0.313782,6.042381,0.039483,0.014859
1.333134,-6.171268,-380.729206,6.391572,6.765196,50.724834,-207.254183,3.489482,2.712872,0.316924,6.043157,0.039891,0.016170
1.333665,-6.586775,-381.475977,6.446907,6.827612,50.762408,-208.898872,3.912699,2.981460,0.320830,6.044806,0.041419,0.017986
1.334196,-6.709088,-381.268170,6.615726,6.813184,50.553702,-208.676620,3.883362,2.885029,0.320354,6.045506,0.042040,0.017860
1.334728,-7.129848,-381.104370,6.764592,6.783046,50.721206,-208.899120,3.785263,3.266520,0.324097,6.044992,0.042548,0.017483
1.335259,-7.324175,-381.073103,6.682089,6.815306,50.686214,-208.865636,3.741058,3.314203,0.324924,6.045114,0.042099,0.017302
1.335790,-7.518554,-381.092370,6.533885,6.970251,50.885727,-208.899443,3.838993,3.336079,0.327003,6.044249,0.041763,0.017732
1.336321,-7.747842,-381.434070,6.396015,6.845133,50.686214,-208.865636,3.741058,3.314203,0.326495,6.045114,0.040781,0.017302
1.336852,-7.717540,-381.664635,6.407447,6.985984,49.706259,-208.830025,3.399349,3.315533,0.320773,6.049511,0.040096,0.015815
1.337383,-7.368352,-381.663652,6.650076,7.000980,50.667950,-207.406609,3.055276,2.288818,0.321496,6.043585,0.039871,0.014132
1.337914,-7.140045,-382.011650,6.581143,7.013121,50.034771,-207.353469,3.330794,2.405917,0.316358,6.046410,0.040156,0.015408
1.338446,-6.955359,-382.468082,6.633758,6.817479,49.125016,-208.249621,3.533215,2.727255,0.311423,6.051525,0.040978,0.016336
1.338977,-6.771958,-382.717124,6.699034,7.045120,47.661383,-208.223251,3.467812,2.633909,0.302384,6.058166,0.041258,0.016063
1.339508,-5.927314,-383.859130,6.407963,6.998233,47.094551,-208.736289,3.795764,2.897556,0.293996,6.061283,0.040763,0.017558
1.340039,-5.599249,-384.468678,6.395668,6.856427,46.322311,-208.462633,3.105396,2.806680,0.286862,6.064529,0.038877,0.014479
1.340570,-4.842943,-384.895508,6.618298,6.986587,46.219715,-207.693037,3.176800,2.224796,0.280559,6.064215,0.039805,0.014750
1.341101,-4.410064,-385.504804,6.629046,6.931308,44.684222,-208.166792,3.067215,2.477430,0.270076,6.071738,0.039717,0.014296
1.341632,-3.222333,-386.387112,6.495670,6.905840,43.472908,-208.680515,3.645804,2.616538,0.256957,6.077800,0.040518,0.016930
1.342163,-1.959838,-387.091134,6.409815,6.740830,43.011936,-208.909279,3.510195,2.558880,0.247229,6.080135,0.039736,0.016300
1.342695,-1.183271,-388.250519,6.494379,6.733333,41.100594,-208.962245,3.457591,2.614832,0.231611,6.088975,0.039903,0.016105
1.343226,-0.364013,-388.779435,6.649574,6.867759,39.879928,-209.875453,3.520161,2.676280,0.221264,6.095407,0.040990,0.016356
1.343757,0.798114,-389.550528,6.471743,6.754655,38.820311,-211.272249,3.851765,3.027688,0.210126,6.101467,0.041285,0.017819
1.344288,2.150244,-389.278136,6.491451,6.786554,38.319153,-209.609759,3.216748,2.945412,0.198654,6.102370,0.039563,0.015057
1.344819,4.176328,-390.853428,6.407122,6.985656,35.601272,-210.532297,3.831537,2.782779,0.172539,6.115669,0.040795,0.017826
1.345350,4.977391,-391.657749,6.246281,6.726379,34.418461,-210.492840,3.174888,2.647553,0.161101,6.121106,0.038207,0.014826
1.345881,6.369313,-391.367524,6.361787,7.057964,33.185244,-210.033306,3.625333,2.583100,0.146817,6.126481,0.039968,0.016947
1.346412,7.991001,-391.653010,6.542246,6.827958,31.216480,-210.224061,3.490808,2.634790,0.127322,6.135771,0.040532,0.016349
1.346944,9.584394,-392.014316,6.652265,6.599123,29.873651,-210.445575,3.056554,2.410165,0.111283,6.142173,0.040051,0.014326
1.347475,11.046365,-392.563546,6.468958,6.811737,28.196858,-210.423957,3.142897,2.584802,0.093884,6.149979,0.039317,0.014761
1.348006,12.810220,-393.241936,6.225228,6.900105,26.133700,-211.475682,3.048046,3.116964,0.073169,6.160231,0.038051,0.014309
1.348537,14.570953,-393.544745,6.278032,6.907681,24.265501,-211.297617,3.068886,2.902511,0.053144,6.168846,0.038297,0.014419
1.349068,16.144234,-394.455967,6.455570,6.739872,22.335187,-211.844103,3.194099,2.429428,0.033889,6.178141,0.039419,0.014960
1.349599,18.020841,-394.593751,6.472766,6.831334,20.253984,-211.723639,3.111204,2.257785,0.012211,6.187813,0.039269,0.014596
1.350130,19.755046,-395.002976,6.404397,6.825548,17.870869,-212.183404,3.201908,2.304391,-0.010306,6.199160,0.039163,0.015011
1.350661,21.463432,-394.710035,6.083734,7.021550,16.199509,-212.191066,3.198590,2.310115,-0.028832,6.206989,0.037645,0.015010
1.351193,23.006556,-394.503185,6.202832,7.015721,14.278001,-213.187163,3.088587,2.707232,-0.048103,6.216311,0.038180,0.014448
1.351724,24.526060,-394.357987,6.397219,7.005512,11.873455,-213.106864,3.197907,2.785721,-0.069694,6.227527,0.039374,0.014977
1.352255,26.595071,-394.015764,6.396385,7.021861,10.070705,-213.679843,3.123777,3.130902,-0.091376,6.236090,0.039336,0.014603
1.352786,28.532403,-393.655539,6.392048,6.980742,8.285085,-213.838468,3.157444,3.109582,-0.112127,6.244460,0.039436,0.014754
1.353317,30.169343,-393.096455,6.588623,6.731702,6.128881,-213.964330,3.121658,3.032669,-0.133408,6.254549,0.040348,0.014583
1.353848,31.711690,-392.855836,6.489520,6.716894,3.896942,-213.698202,3.089283,2.888962,-0.154023,6.264952,0.039659,0.014454
1.354379,33.724455,-392.613470,6.505796,6.811843,1.933950,-213.420059,3.029566,2.654064,-0.175582,6.274124,0.039456,0.014195
1.354911,35.035312,-391.089294,6.426011,6.766254,-0.209934,-213.011443,3.006500,2.387756,-0.195395,6.284171,0.039098,0.014114
1.355442,36.371417,-390.576777,6.478840,6.653555,-1.534119,-213.871140,3.239127,2.841885,-0.211310,6.290358,0.040078,0.015145
1.355973,37.741133,-389.885765,6.439196,6.816695,-3.153078,-213.391617,3.547497,2.475930,-0.227685,6.297960,0.040551,0.016622
1.356504,39.540713,-389.142588,6.309328,6.953656,-5.031178,-213.948813,3.672915,3.165522,-0.249129,6.306697,0.040501,0.017161
1.357035,40.833324,-388.469180,6.593548,6.729328,-7.049031,-213.113706,3.486385,2.493629,-0.266561,6.316250,0.040926,0.016346
1.357566,41.952902,-387.617370,6.486571,6.811775,-8.436975,-213.791371,3.006859,3.053395,-0.282153,6.322628,0.039642,0.014054
1.358097,43.391783,-386.938258,6.518409,6.812015,-10.940165,-213.245721,3.367821,2.751392,-0.303163,6.334443,0.040320,0.015766
1.358628,44.009777,-385.881945,6.472840,6.885839,-11.306065,-213.791844,3.487174,3.052187,-0.311004,6.336020,0.040769,0.016283
1.359160,45.290885,-385.399177,6.406171,6.947178,-12.809956,-213.791948,3.706378,3.108499,-0.326455,6.343032,0.040971,0.017296
1.359691,46.024395,-384.145175,6.513781,6.916352,-14.800297,-213.888450,3.409982,2.917595,-0.343121,6.352272,0.040764,0.015895
1.360222,47.125004,-383.306514,6.508681,6.813751,-15.736301,-213.752172,3.776594,3.017264,-0.355034,6.356672,0.041565,0.017603
1.360753,47.739979,-382.466347,6.540736,6.799182,-17.286644,-212.718683,3.652878,2.598693,-0.365834,6.364272,0.041066,0.017088
1.361284,47.879179,-381.773985,6.451402,6.764097,-18.314131,-213.584112,3.504899,3.510173,-0.374945,6.368723,0.040830,0.016350
1.361815,48.700089,-381.107262,6.693459,6.635752,-18.997302,-212.229150,3.538516,2.726003,-0.381252,6.372461,0.041318,0.016580
1.362346,49.443730,-380.874407,6.449022,6.778931,-20.349254,-212.675491,3.532875,2.781416,-0.393322,6.378577,0.040359,0.016508
1.362877,49.630895,-380.055632,6.436498,6.785708,-21.024834,-212.002395,3.655183,2.815538,-0.397999,6.382035,0.040557,0.017123
1.363409,49.940552,-379.512799,6.614731,6.649704,-22.229362,-212.184895,3.503564,3.101675,-0.407202,6.387569,0.040950,0.016403
1.363940,50.184215,-379.389365,6.695030,6.569284,-22.940755,-213.279939,3.558211,3.158099,-0.414693,6.390335,0.041517,0.016567
1.364471,50.423943,-378.722025,6.658251,6.439128,-23.572422,-212.374434,3.475723,2.731535,-0.418546,6.393727,0.040799,0.016228
1.365002,50.322242,-378.464281,6.613210,6.599703,-24.700318,-212.110298,3.651363,2.733975,-0.423670,6.399114,0.041024,0.017049
1.365533,50.526483,-378.372985,6.666227,6.596268,-25.390783,-212.011936,3.577427,2.762331,-0.428114,6.402379,0.040991,0.016706
1.366064,50.338272,-378.426461,6.735192,6.648494,-25.530158,-211.789046,3.510660,2.791450,-0.427245,6.403152,0.041129,0.016414
1.366595,50.272902,-378.280565,6.771307,6.723048,-26.076551,-213.179788,3.796769,3.610014,-0.433152,6.404903,0.042551,0.017666
1.367126,50.084790,-378.341298,6.748838,6.952125,-26.524151,-213.393263,3.572022,3.688207,-0.434800,6.406848,0.042216,0.016620
1.367658,49.851827,-378.461003,6.690275,6.761569,-27.232547,-213.227866,3.401822,3.704231,-0.436506,6.410213,0.041367,0.015849
1.368189,49.418908,-378.428396,6.516476,6.776511,-26.537141,-213.373328,3.593919,3.685351,-0.431292,6.406919,0.041224,0.016721
1.368720,48.923411,-378.265624,6.489366,6.653223,-27.268268,-213.999448,3.748934,3.574471,-0.434296,6.409924,0.041445,0.017365
1.369251,48.047923,-378.956866,6.567459,6.813291,-27.268268,-213.999448,3.748934,3.574471,-0.428312,6.409924,0.041828,0.017365
1.369782,47.321150,-379.349008,6.509573,6.843881,-27.176862,-214.095695,3.780479,3.618112,-0.423528,6.409448,0.041729,0.017506
1.370313,46.136726,-380.024901,6.672976,6.799666,-27.268268,-213.999448,3.748934,3.574471,-0.416291,6.409924,0.042189,0.017365
1.370844,45.437306,-380.599368,6.501801,6.817212,-26.898184,-213.680072,3.606946,3.493664,-0.408927,6.408407,0.041069,0.016740
1.371376,44.426826,-380.833215,6.596813,6.699932,-26.687738,-213.505863,3.605341,3.468907,-0.401873,6.407538,0.041372,0.016746
1.371907,43.256942,-381.342790,6.472096,6.799304,-26.533562,-213.327318,3.610448,3.561369,-0.393695,6.406929,0.040952,0.016792
1.372438,41.958760,-382.185353,6.645664,6.794891,-26.015997,-213.331937,3.540580,3.384122,-0.382717,6.404537,0.041415,0.016464
1.372969,40.829344,-383.089689,6.755521,6.671834,-25.604262,-213.034016,2.836654,3.517817,-0.372427,6.402800,0.040290,0.013271
1.373500,39.295892,-383.886112,6.479269,7.031440,-24.434013,-212.884020,3.508727,3.155626,-0.356739,6.397461,0.040607,0.016354
1.374031,37.876471,-385.079011,6.382983,6.937947,-24.053355,-213.069345,3.093879,3.415004,-0.345588,6.395599,0.039217,0.014449
1.374562,36.551709,-385.854937,6.630043,6.964218,-23.638094,-211.456391,3.239491,2.291555,-0.332328,6.394510,0.039970,0.015178
1.375093,34.762737,-386.551834,6.658929,6.896308,-22.503655,-212.975778,3.462853,3.367275,-0.318676,6.388458,0.041155,0.016165
1.375625,33.030876,-387.661501,6.712968,6.912976,-21.928042,-212.106647,3.156722,2.630679,-0.303393,6.386201,0.040315,0.014780
1.376156,31.354658,-388.342966,6.468285,7.006143,-21.081383,-212.057378,3.560746,2.860772,-0.289115,6.382273,0.040228,0.016680
1.376687,29.532841,-389.113495,6.449772,7.022627,-19.574560,-212.435186,3.146620,2.646154,-0.271105,6.375070,0.039266,0.014731
1.377218,27.503058,-390.274883,6.478721,6.954912,-18.790936,-212.397586,3.661442,2.573437,-0.254610,6.371426,0.040479,0.017138
1.377749,25.426394,-390.449669,6.348111,6.962369,-17.640704,-212.610039,3.608086,2.502757,-0.237594,6.365968,0.039935,0.016882
1.378280,23.224772,-391.568476,6.495453,6.865701,-15.846229,-212.692949,3.475955,2.556680,-0.215048,6.357551,0.040226,0.016277
1.378811,21.085497,-392.113787,6.388157,6.857160,-15.105115,-212.214300,3.499825,2.538256,-0.198522,6.354244,0.039700,0.016431
1.379342,18.754818,-392.915118,6.267490,7.012074,-13.276074,-212.812042,3.520621,2.453665,-0.176007,6.345489,0.039338,0.016495
1.379874,16.624458,-393.660161,6.445291,6.963585,-11.983713,-212.308466,2.994680,2.669407,-0.156460,6.339570,0.038758,0.014078
1.380405,14.513293,-394.388918,6.357669,7.097848,-10.744316,-212.740209,3.031331,2.391240,-0.138161,6.333647,0.038453,0.014224
1.380936,12.131725,-394.631201,6.481026,7.078737,-9.070041,-212.745423,3.557448,2.584028,-0.116043,6.325793,0.040385,0.016699
1.381467,9.893611,-395.140048,6.426532,6.825492,-7.579908,-213.393038,3.106484,2.888460,-0.095847,6.318691,0.039108,0.014547
1.381998,6.876442,-395.304582,6.383312,6.924580,-6.836739,-213.119133,3.608580,2.377694,-0.075129,6.315254,0.040135,0.016919
1.382529,5.030114,-395.770948,6.202470,6.999290,-4.747545,-212.959045,3.447621,2.354864,-0.053434,6.305475,0.038766,0.016183
1.383060,2.240238,-395.738672,6.542166,6.986600,-3.654747,-212.805299,3.237119,2.292982,-0.032214,6.300358,0.039881,0.015208
1.383591,0.000452,-395.904167,6.509403,6.948013,-1.593896,-213.539136,3.094656,2.795844,-0.008742,6.290649,0.039521,0.014492
1.384123,-2.447281,-395.636734,6.349611,6.838827,1.028679,-213.890783,3.501856,2.882257,0.019123,6.278376,0.039891,0.016372
1.384654,-5.055869,-395.437958,6.241198,7.049654,1.808440,-213.558926,3.563185,2.626923,0.037723,6.274717,0.039488,0.016684
1.385185,-7.195993,-395.290042,6.266285,7.060552,3.672545,-213.691559,3.621769,2.673544,0.059778,6.266001,0.039790,0.016945
1.385716,-9.822745,-394.425665,6.412035,6.762604,5.562307,-213.552471,3.645631,2.715117,0.084856,6.257145,0.040630,0.017063
1.386247,-12.062350,-394.453699,6.530898,6.624588,6.681707,-213.589233,4.030764,2.777608,0.103267,6.251913,0.042179,0.018857
1.386778,-14.334871,-393.589899,6.469190,6.783335,8.275817,-214.018800,3.808578,2.904119,0.125256,6.244536,0.041467,0.017777
1.387309,-16.342393,-392.199938,6.485690,6.948281,9.913554,-212.022635,3.602153,2.447494,0.144704,6.236462,0.040739,0.016961
1.387841,-18.724374,-391.582490,6.462116,6.738002,11.793734,-212.441295,3.686875,2.678001,0.168738,6.227727,0.040912,0.017316
1.388372,-20.733724,-390.977279,6.541073,6.739751,13.355782,-212.295397,3.666656,2.760983,0.188518,6.220357,0.041182,0.017223
1.388903,-22.614892,-389.956533,6.451302,6.928225,15.528272,-211.965457,3.529259,2.701187,0.211105,6.210057,0.040417,0.016587
1.389434,-24.201208,-389.248413,6.418658,6.683452,15.902276,-211.800847,3.691774,2.593103,0.222268,6.208245,0.040640,0.017357
1.389965,-26.045397,-388.266675,6.329802,6.869679,18.355524,-211.767365,3.313822,2.686413,0.246450,6.196724,0.039334,0.015570
1.390496,-27.965387,-387.480305,6.381035,6.787224,19.386360,-212.182138,3.804670,2.816030,0.263825,6.192072,0.040884,0.017823
1.391027,-29.418394,-386.271936,6.482708,6.962890,20.124271,-211.657962,3.615454,2.829172,0.276461,6.188391,0.040934,0.016975
1.391558,-31.189066,-385.560508,6.506961,6.579206,21.116603,-212.255653,3.958671,2.850309,0.293119,6.184025,0.041874,0.018515
1.392090,-32.390703,-385.993388,6.457714,6.886204,22.413182,-212.829722,3.809002,3.483107,0.306512,6.178262,0.041390,0.017783
1.392621,-34.008709,-385.018787,6.317268,6.657309,24.131488,-212.653562,3.650140,3.128180,0.325324,6.170191,0.040142,0.017026
1.393152,-35.061154,-384.021049,6.632924,6.697026,24.378025,-211.942731,3.613377,2.989732,0.332588,6.168667,0.041362,0.016902
1.393683,-36.252925,-383.503107,6.440941,6.854496,25.709400,-211.581500,3.661221,2.771382,0.345919,6.162267,0.040532,0.017124
1.394214,-37.363727,-382.458890,6.543294,6.826885,26.741419,-211.892699,3.175605,3.136549,0.359505,6.157646,0.040081,0.014866
1.394745,-38.211493,-381.918260,6.432675,6.780049,27.924737,-211.109601,3.049857,2.512566,0.369419,6.151673,0.038947,0.014282
1.395276,-38.524534,-381.008134,6.508645,6.615316,28.727822,-210.934689,3.088331,2.668368,0.376562,6.147825,0.039339,0.014474
1.395807,-39.141851,-380.460753,6.695782,6.673149,29.107223,-211.164118,3.397227,2.575512,0.383204,6.146207,0.040867,0.015874
1.396339,-40.103022,-379.826462,6.656184,6.768375,29.543541,-211.254716,3.542518,2.844803,0.391797,6.144238,0.041184,0.016551
1.396870,-40.714165,-379.812246,6.507530,6.739400,29.766831,-211.610244,3.748824,3.126496,0.396800,6.143434,0.041114,0.017491
1.397401,-40.898633,-379.352773,6.537782,6.794076,30.461031,-210.798855,3.285993,2.818664,0.400484,6.139676,0.040008,0.015386
1.397932,-41.186293,-379.153184,6.527961,6.908267,30.461031,-210.798855,3.285993,2.818664,0.402357,6.139676,0.040073,0.015386
1.398463,-41.186293,-379.153184,6.527961,6.908267,31.479167,-211.366156,3.712671,3.163844,0.408696,6.135340,0.041149,0.017322
1.398994,-41.457807,-378.726537,6.726555,6.802751,31.569755,-210.915523,3.775710,2.744442,0.410459,6.134609,0.041827,0.017613
1.399525,-41.381605,-378.779948,6.759942,6.809676,31.242258,-212.168038,3.829410,3.290170,0.411055,6.136984,0.042567,0.017807
1.400056,-41.360918,-379.024297,6.692313,6.951464,31.242258,-212.168038,3.829410,3.290170,0.410414,6.136984,0.042356,0.017807
1.400588,-41.368088,-378.773541,6.670526,6.802103,31.179417,-212.260983,3.782833,3.449295,0.410888,6.137336,0.042184,0.017601
1.401119,-41.219239,-379.079717,6.647192,6.860865,31.179417,-212.260983,3.782833,3.449295,0.409466,6.137336,0.042084,0.017601
1.401650,-40.920623,-379.359335,6.485292,6.966422,31.162564,-212.117349,3.792407,3.278888,0.406951,6.137317,0.041415,0.017642
1.402181,-40.426765,-378.545402,6.384216,7.000150,31.342013,-211.019589,3.864520,3.373699,0.404751,6.135737,0.041214,0.018068
1.402712,-39.628225,-378.962338,6.655039,6.787222,31.275349,-211.093102,3.839488,3.333397,0.399644,6.136096,0.042062,0.017945
1.403243,-38.764073,-379.641501,6.524437,6.962631,31.247118,-211.259249,3.802934,3.449738,0.394042,6.136341,0.041591,0.017774
1.403774,-38.152172,-380.095828,6.441008,6.886769,31.146706,-210.945680,3.896484,3.158394,0.388831,6.136592,0.041220,0.018206
1.404306,-36.769470,-380.863982,6.402093,6.745064,31.501072,-210.106059,3.577192,2.686949,0.380342,6.134364,0.039824,0.016757
1.404837,-36.246982,-381.513752,6.450280,6.843399,29.920587,-210.789039,3.959109,3.103524,0.369744,6.142182,0.041297,0.018525
1.405368,-34.578800,-382.146401,6.441514,6.804400,29.605169,-209.725006,3.722065,2.475947,0.356358,6.142950,0.040307,0.017477
1.405899,-34.051202,-382.681370,6.376998,6.727370,29.628457,-210.014088,3.761082,2.669809,0.353324,6.143032,0.040122,0.017647
1.406430,-32.388562,-383.494606,6.508418,6.842147,29.655824,-209.905434,3.794666,2.613766,0.343270,6.142832,0.040741,0.017808
1.406961,-30.697188,-384.350825,6.682182,6.902095,27.759480,-210.758538,3.387335,3.144062,0.324820,6.152227,0.040952,0.015916
1.407492,-29.157400,-385.143931,6.732563,6.789513,27.682050,-210.034178,3.681689,2.615378,0.313864,6.152143,0.041479,0.017305
1.408023,-27.736302,-385.958721,6.418686,6.796971,26.815725,-210.057092,3.123443,2.550557,0.300722,6.156213,0.038818,0.014710
1.408555,-26.056305,-386.650634,6.403457,7.047536,26.452432,-209.829716,3.232118,2.642799,0.288665,6.157781,0.039047,0.015243
1.409086,-23.886947,-388.580016,6.438261,6.798629,24.663088,-210.785607,3.241456,2.343854,0.266570,6.166709,0.039104,0.015224
1.409617,-22.177385,-389.409685,6.298263,6.945452,23.765705,-211.275622,3.763383,2.332854,0.252412,6.171169,0.039879,0.017633
1.410148,-20.024336,-390.389494,6.367400,6.744825,22.152485,-211.955701,3.376558,2.742909,0.232112,6.179049,0.039330,0.015815
1.410679,-18.123054,-390.940920,6.389734,6.882275,21.655229,-211.348957,3.728006,2.404623,0.217974,6.181080,0.040190,0.017494
1.411210,-16.164815,-391.513862,6.519817,6.794364,19.997661,-212.342943,3.903841,2.903604,0.199157,6.189286,0.041530,0.018268
1.411741,-13.745591,-392.112774,6.338545,7.010414,19.096453,-212.591467,3.882777,2.662027,0.180941,6.193599,0.040742,0.018152
1.412272,-11.597179,-392.667992,6.358286,6.793579,18.550497,-211.613105,3.237604,2.576622,0.164997,6.195747,0.038893,0.015220
1.412804,-9.117154,-393.371542,6.276812,7.044304,16.607070,-212.850487,3.752156,2.905056,0.141547,6.205321,0.040138,0.017553
1.413335,-6.967977,-394.210537,6.431872,6.895811,16.075783,-212.563935,3.091792,2.768038,0.126186,6.207701,0.039001,0.014496
1.413866,-4.261944,-394.564306,6.439192,6.714050,14.535708,-213.229918,3.003387,2.960056,0.103294,6.215121,0.038988,0.014052
1.414397,-1.850471,-394.843716,6.505684,6.898937,13.354341,-213.020588,3.485303,2.673657,0.083430,6.220577,0.040451,0.016316
1.414928,0.768191,-394.986972,6.315367,6.798842,12.263786,-213.853761,3.103856,3.234519,0.063380,6.225901,0.038782,0.014492
1.415459,3.547987,-395.347214,6.266362,6.667360,10.384666,-212.799633,3.239421,2.392980,0.037434,6.234424,0.038616,0.015197
1.415990,6.179485,-395.944908,6.285317,6.792768,8.942072,-213.522200,3.480603,2.978126,0.015143,6.241331,0.039381,0.016283
1.416522,8.742622,-395.531745,6.332228,6.663997,7.205283,-213.899518,3.424046,2.850785,-0.008464,6.249513,0.039632,0.015996
1.417053,11.295395,-395.661198,6.197414,7.017325,5.534725,-214.046602,3.517091,3.012912,-0.031709,6.257333,0.039219,0.016424
1.417584,14.076868,-395.311359,6.311524,7.077823,4.584003,-213.288415,3.239291,2.653179,-0.052105,6.261697,0.038929,0.015183
1.418115,16.850552,-393.956286,6.280712,6.865356,3.661061,-212.563548,3.043405,2.498900,-0.072585,6.265964,0.038384,0.014315
1.418646,19.034617,-393.698093,6.234690,7.005391,2.042872,-214.010815,3.038959,3.369565,-0.094283,6.273640,0.038472,0.014200
1.419177,21.939855,-393.097514,6.434232,7.001272,0.169749,-213.565961,3.175321,3.555840,-0.120671,6.282390,0.039732,0.014868
1.419708,24.041946,-392.583680,6.483208,6.951008,-1.104004,-213.533397,3.562224,3.154965,-0.139528,6.288355,0.040939,0.016682
1.420239,26.876067,-391.995486,6.295696,7.014069,-2.249118,-213.507619,3.108011,3.205124,-0.161752,6.293719,0.038927,0.014556
1.420771,28.995377,-391.102446,6.389186,6.906107,-3.806740,-213.627227,3.074181,3.134503,-0.182764,6.301003,0.039379,0.014388
1.421302,31.551776,-390.095776,6.514614,6.854732,-5.505837,-213.276344,3.237250,3.122006,-0.206589,6.308995,0.040328,0.015173
1.421833,33.927870,-389.507910,6.486793,6.779389,-6.012070,-213.420447,3.037660,3.241412,-0.223045,6.311348,0.039767,0.014228
1.422364,36.112990,-388.587891,6.451770,6.718951,-7.460449,-212.982479,3.481002,2.993090,-0.243220,6.318199,0.040526,0.016331
1.422895,38.070186,-387.658985,6.480932,6.715553,-8.937805,-213.407600,3.537849,3.355829,-0.263498,6.325042,0.040958,0.016562
1.423426,40.230049,-386.975184,6.329133,6.885776,-10.257217,-212.392726,3.107471,3.578371,-0.281509,6.331441,0.039112,0.014619
1.423957,42.226877,-385.491450,6.534852,6.691365,-10.955228,-213.008011,3.585481,3.110771,-0.299083,6.334571,0.041261,0.016805
1.424488,44.281038,-384.878121,6.564883,6.925462,-10.973176,-212.977865,3.389755,2.849169,-0.311001,6.334662,0.040971,0.015889
1.425020,46.339411,-385.080347,6.420821,6.779194,-12.233270,-213.050575,3.188107,2.380746,-0.328169,6.340542,0.039457,0.014929
1.425551,48.352490,-384.137664,6.552363,6.788807,-13.308787,-212.762579,3.696475,2.510668,-0.345381,6.345656,0.041130,0.017322
1.426082,49.856012,-383.124912,6.399224,6.871347,-13.064559,-212.876167,3.487325,2.167158,-0.354011,6.344480,0.040098,0.016332
1.426613,51.540564,-382.200236,6.421507,6.776898,-14.479740,-212.013182,3.115727,2.704246,-0.370056,6.351376,0.039215,0.014653
1.427144,53.013550,-381.049406,6.440625,6.690310,-15.164679,-212.548323,3.484806,2.294026,-0.384479,6.354412,0.040096,0.016330
1.427675,54.232308,-380.462428,6.399813,6.943804,-15.401920,-212.317655,3.613019,2.392066,-0.392630,6.355600,0.040378,0.016947
1.428206,55.679300,-379.648177,6.457686,6.831746,-15.340730,-213.689030,3.445626,3.498766,-0.404356,6.354852,0.040859,0.016084
1.428737,56.966635,-378.911552,6.394169,6.661672,-16.499253,-212.177622,3.450300,2.896671,-0.415024,6.360791,0.039876,0.016198
1.429269,57.599665,-378.253068,6.649082,6.642448,-16.751318,-212.270223,3.560773,2.926172,-0.421143,6.361937,0.041214,0.016706
1.429800,59.132206,-377.996501,6.413376,6.878330,-16.783450,-212.836042,3.374192,3.888009,-0.430848,6.361879,0.040519,0.015820
1.430331,59.992741,-377.642071,6.746294,6.672070,-16.676283,-212.472125,3.396266,3.737991,-0.434585,6.361512,0.041571,0.015946
1.430862,60.936003,-376.876398,6.674541,6.636116,-16.922534,-212.125911,3.594558,2.859431,-0.441476,6.362793,0.041254,0.016872
1.431393,61.779168,-376.827276,6.737386,6.551383,-16.748660,-212.766153,3.667079,2.980794,-0.446422,6.361742,0.041701,0.017164
1.431924,62.115823,-376.796325,6.684237,6.582178,-16.978662,-212.359962,3.669399,2.685581,-0.448335,6.362968,0.041272,0.017199
1.432455,62.938828,-376.250345,6.571401,6.620330,-16.993325,-213.103663,3.459828,3.696058,-0.455568,6.362759,0.041045,0.016191
1.432987,63.502176,-376.630439,6.659112,6.592200,-17.068642,-212.981660,3.442646,3.463088,-0.457501,6.363156,0.041044,0.016113
1.433518,63.953633,-376.997857,6.776562,6.760542,-17.096151,-212.845061,3.480095,3.533998,-0.458632,6.363335,0.041623,0.016300
1.434049,64.187678,-377.086021,6.752703,6.758537,-16.517275,-213.513305,3.217633,3.211647,-0.458345,6.360391,0.041013,0.015025
1.434580,64.588706,-377.005371,6.779165,6.794820,-15.491603,-213.522753,3.385191,3.651952,-0.455487,6.355611,0.041771,0.015819
1.435111,64.871883,-376.230074,6.543798,6.677873,-15.438293,-211.721341,3.696381,2.597112,-0.454148,6.355974,0.040693,0.017389
1.435642,64.978619,-376.578958,6.802879,6.744497,-15.077797,-212.576352,3.420083,3.111795,-0.454116,6.353996,0.041527,0.016041
1.436173,64.919841,-376.692182,6.797343,6.744128,-14.715270,-211.614395,3.556725,2.462519,-0.449477,6.352612,0.041364,0.016746
1.436704,64.783278,-376.967307,6.790868,6.861087,-13.745734,-211.594139,3.545382,2.737030,-0.443334,6.348057,0.041574,0.016706
1.437236,64.861706,-377.515694,6.768877,6.855402,-13.130367,-211.780634,3.563113,2.154957,-0.439838,6.345106,0.041314,0.016772
1.437767,64.563871,-378.167800,6.869488,6.920313,-11.996207,-211.835067,3.535993,2.514068,-0.431372,6.339755,0.041855,0.016652
1.438298,64.182302,-378.927677,6.728959,6.885975,-11.215744,-212.190708,3.390088,3.360244,-0.424680,6.335993,0.041294,0.015954
1.438829,63.410403,-379.865289,6.542061,6.909974,-10.940349,-211.714700,3.597791,2.433937,-0.416321,6.334814,0.040485,0.016959
1.439360,63.187316,-380.249483,6.487990,6.940596,-9.378927,-211.992023,3.639814,2.400893,-0.407179,6.327398,0.040518,0.017143
1.439891,62.462189,-381.105887,6.706050,7.036322,-8.056381,-213.402626,3.596481,3.360608,-0.398050,6.320919,0.041985,0.016840
1.440422,61.460279,-381.582601,6.535880,6.735640,-7.409483,-211.909129,3.645259,2.378597,-0.385579,6.318136,0.040610,0.017185
1.440953,60.656234,-382.666374,6.693426,6.781641,-5.728389,-212.064167,3.648108,2.392354,-0.371091,6.310191,0.041339,0.017193
1.441485,59.626059,-383.282672,6.537884,6.880896,-4.894694,-211.579935,3.288189,2.371423,-0.359446,6.306315,0.039871,0.015535
1.442016,58.859099,-385.270541,6.578400,6.872677,-3.300482,-212.667524,3.598247,2.326202,-0.345671,6.298704,0.040723,0.016916
1.442547,57.595184,-386.307634,6.376737,6.933130,-2.449993,-212.801496,3.134009,2.370980,-0.333169,6.294698,0.038830,0.014726
1.443078,56.511272,-386.980132,6.556134,6.785059,-1.209861,-213.445519,3.480127,3.081472,-0.321109,6.288853,0.040603,0.016304
1.443609,55.365950,-387.495414,6.438961,6.996305,0.612746,-212.783908,3.719434,2.315529,-0.303697,6.280306,0.040582,0.017480
1.444140,53.865730,-388.539784,6.456123,7.028056,2.559905,-212.679779,3.666872,2.308142,-0.283864,6.271149,0.040519,0.017239
1.444671,52.070806,-389.270735,6.567802,6.906307,3.196624,-213.814794,3.354041,3.185593,-0.271669,6.268236,0.040583,0.015685
1.445202,50.692576,-390.087576,6.569245,6.707442,5.148322,-213.688598,3.306061,3.263055,-0.252671,6.259097,0.040403,0.015467
1.445734,49.490883,-390.846001,6.425396,6.916839,6.488732,-212.583239,3.304133,2.546840,-0.236707,6.252672,0.039445,0.015533
1.446265,47.617762,-391.679302,6.467350,7.108930,8.817040,-212.934909,3.519655,2.812051,-0.213757,6.241802,0.040326,0.016510
1.446796,45.746579,-391.943236,6.478200,7.018545,10.090926,-212.524770,3.258789,2.403649,-0.196173,6.235740,0.039678,0.015309
1.447327,43.979918,-392.865413,6.549551,6.751494,11.583730,-212.228324,3.320322,2.459827,-0.177458,6.228658,0.039986,0.015611
1.447858,42.125132,-392.938364,6.491430,6.983275,13.278873,-212.310993,3.545945,2.395978,-0.158363,6.220722,0.040436,0.016651
1.448389,40.316504,-393.334453,6.445437,6.883609,15.349802,-212.376319,3.488690,2.296558,-0.137104,6.211034,0.040114,0.016360
1.448920,38.353632,-393.931797,6.450478,7.087459,17.096709,-212.784467,3.346669,2.985721,-0.116812,6.203010,0.039875,0.015667
1.449452,36.158074,-394.006269,6.568695,6.877366,18.385772,-213.056858,3.079311,2.852873,-0.097903,6.197103,0.039910,0.014392
1.449983,34.505474,-394.140461,6.270113,6.889549,20.475383,-213.185383,2.996512,2.922244,-0.077379,6.187434,0.038307,0.013988
1.450514,32.193719,-393.974158,6.520381,6.937346,21.338216,-213.161114,3.478815,2.828785,-0.059965,6.183414,0.040802,0.016212
1.451045,30.538448,-394.181033,6.276958,6.918386,23.198541,-211.914429,3.641581,2.463824,-0.040248,6.174148,0.039783,0.017027
1.451576,28.607522,-393.990616,6.248399,6.925468,25.231352,-211.701125,3.524652,2.412151,-0.018519,6.164561,0.039348,0.016471
1.452107,26.630669,-392.947397,6.194319,6.842938,26.229590,-210.468356,3.213573,2.283599,-0.002198,6.159200,0.038242,0.015094
1.452638,24.449931,-392.739440,6.199594,6.929460,28.286648,-210.241689,3.163632,2.478595,0.021020,6.149445,0.038131,0.014862
1.453169,22.252363,-392.502091,6.299599,6.962448,30.340547,-210.871502,3.057333,2.890382,0.044502,6.140284,0.038520,0.014335
1.453701,20.496323,-391.857432,6.291240,6.901631,31.325118,-210.243767,3.385343,2.659857,0.059555,6.135279,0.039273,0.015860
1.454232,18.707532,-391.367522,6.272270,7.065186,32.122240,-210.139279,3.125980,2.932058,0.073886,6.131498,0.038584,0.014685
1.454763,16.654521,-390.896744,6.301694,6.742953,34.473444,-209.389254,3.142284,2.513159,0.097858,6.120011,0.038618,0.014737
1.455294,14.892197,-390.474760,6.279887,6.914527,35.492381,-209.691710,3.461483,2.624702,0.113460,6.115515,0.039426,0.016179
1.455825,13.095694,-389.825357,6.220710,7.004743,36.457703,-209.557556,3.090824,2.669269,0.128878,6.110935,0.038265,0.014477
1.456356,11.540030,-389.437437,6.466918,6.950856,37.780554,-209.452072,3.670912,2.756219,0.144773,6.104726,0.040888,0.017129
1.456887,10.308366,-388.925382,6.319651,6.660969,38.322928,-209.015061,3.228910,2.586275,0.154474,6.101849,0.038983,0.015106
1.457418,8.396625,-388.358555,6.347217,6.816463,38.858369,-209.209963,3.873664,2.475490,0.168425,6.099539,0.040891,0.018024
1.457950,6.880340,-387.530139,6.447349,6.782855,39.835547,-209.765915,3.572691,3.103158,0.183306,6.095515,0.040787,0.016661
1.458481,6.086938,-387.129028,6.415759,6.841470,41.439770,-208.612616,3.529384,2.435239,0.195507,6.087093,0.040225,0.016428
1.459012,4.373709,-387.650521,6.338495,6.743407,41.876096,-209.915888,3.499082,2.871203,0.207952,6.086280,0.039879,0.016244
1.459543,3.645103,-386.871868,6.254206,7.000846,43.831189,-209.524021,3.432938,3.259956,0.222832,6.076965,0.039398,0.016004
1.460074,2.107401,-386.141074,6.389591,6.864627,43.847495,-209.614909,3.543977,3.460103,0.232188,6.076977,0.040394,0.016533
1.460605,0.961936,-385.651854,6.506939,6.735943,43.823493,-208.934136,3.769869,2.740329,0.237948,6.076435,0.041281,0.017483
1.461136,-0.100867,-385.264475,6.468306,6.663097,44.501510,-208.755228,3.973273,2.603479,0.247510,6.073154,0.041556,0.018383
1.461667,-0.827222,-384.693807,6.417016,6.999802,44.840636,-208.893947,4.072896,2.757000,0.254154,6.071737,0.041818,0.018834
1.462199,-1.724682,-384.439812,6.378305,6.880244,45.760755,-208.472712,3.636109,2.607555,0.263576,6.067107,0.040288,0.016845
1.462730,-2.017954,-384.300805,6.340213,6.843304,45.524491,-207.900810,3.787316,2.337989,0.263260,6.067616,0.040368,0.017542
1.463261,-2.579606,-384.230557,6.304883,6.680498,45.620753,-208.913953,3.409600,3.089481,0.268304,6.068189,0.039497,0.015880
1.463792,-3.621041,-384.158631,6.383534,6.917009,45.158948,-208.908726,3.812980,2.950930,0.271474,6.070295,0.040908,0.017679
1.464323,-3.895832,-384.178914,6.484730,6.789814,45.926843,-209.448146,3.871360,3.213452,0.277768,6.067326,0.041550,0.017925
1.464854,-4.061938,-384.166034,6.457402,6.852884,45.818362,-209.584495,3.788901,3.543993,0.278299,6.067956,0.041331,0.017611
1.465385,-4.447506,-384.087777,6.467524,6.954399,45.813847,-209.693661,3.881136,3.354631,0.280601,6.068085,0.041635,0.017978
1.465917,-4.436145,-384.133972,6.476583,6.925768,45.343979,-209.488626,3.601127,3.364894,0.277672,6.070023,0.040928,0.016753
1.466448,-4.947645,-384.155776,6.792547,6.908794,45.258833,-208.937068,3.736103,2.994784,0.279059,6.069866,0.042440,0.017336
1.466979,-5.105044,-384.275635,6.771456,6.894093,44.993697,-209.530291,3.805075,3.133022,0.279207,6.071661,0.042648,0.017629
1.467510,-5.156938,-384.561763,6.650385,6.887127,46.222053,-209.082803,3.169164,2.889569,0.284832,6.065614,0.040334,0.014742
1.468041,-5.196206,-384.775093,6.632468,6.977843,45.256961,-209.179640,3.469985,3.247966,0.279789,6.070115,0.041060,0.016168
1.468572,-5.110057,-385.334578,6.588073,6.937379,43.411214,-209.786787,3.716613,3.118324,0.269667,6.079135,0.041548,0.017243
1.469103,-4.753449,-386.086651,6.554376,6.851064,43.705432,-209.403685,3.564791,3.112347,0.267688,6.077425,0.040749,0.016582
1.469634,-4.364024,-385.414369,6.406634,6.906314,43.279568,-208.249904,3.570384,2.616638,0.262708,6.078277,0.039997,0.016624
1.470166,-3.994677,-385.827791,6.301233,7.042482,42.484470,-208.331457,3.046447,2.611428,0.256109,6.082016,0.038331,0.014252
1.470697,-3.514759,-386.597169,6.368789,7.016235,41.740901,-209.016083,3.536532,2.965657,0.249533,6.086076,0.039865,0.016498
1.471228,-2.741342,-387.177236,6.534319,6.853445,40.145988,-209.754832,3.856454,3.201746,0.237175,6.094077,0.041561,0.017958
1.471759,-2.352951,-387.490804,6.558304,6.930121,38.929204,-210.128269,3.715840,3.258239,0.228684,6.099998,0.041427,0.017321
1.472290,-1.579821,-388.109361,6.324657,7.127430,37.663436,-209.922486,3.584682,2.925479,0.216776,6.105658,0.039958,0.016720
1.472821,-0.727382,-388.712459,6.640694,6.815808,37.039275,-209.966002,3.733648,2.943348,0.208224,6.108576,0.041655,0.017411
1.473352,0.081143,-389.377212,6.518098,6.789469,36.003027,-208.996195,3.245930,2.426951,0.196573,6.112593,0.039576,0.015208
1.473883,0.898078,-389.506289,6.184885,6.946105,34.515984,-210.674833,3.308524,3.385920,0.185818,6.120793,0.038688,0.015507
1.474415,2.013601,-390.193811,6.622761,6.890909,32.774331,-210.134108,3.819852,2.955408,0.169203,6.128463,0.041831,0.017875
1.474946,3.223318,-390.866680,6.488459,6.794134,31.019962,-210.552542,3.748377,2.973763,0.152953,6.136911,0.041062,0.017543
1.475477,4.512464,-391.449363,6.330692,6.962065,30.274949,-209.239084,3.237870,2.327096,0.140458,6.139492,0.038665,0.015239
1.476008,5.376047,-392.580620,6.362234,6.923000,28.971233,-211.070260,3.640957,2.544536,0.129269,6.146779,0.040053,0.017009
1.476539,6.742949,-393.365854,6.381141,6.821127,27.494438,-212.338611,3.144443,3.399813,0.114134,6.154418,0.039079,0.014706
1.477070,8.260951,-394.036416,6.570772,6.876650,26.233193,-211.254896,3.158969,2.477773,0.098011,6.159640,0.039697,0.014796
1.477601,9.630146,-394.335663,6.568696,6.981179,24.970789,-211.569175,3.480832,2.706854,0.083739,6.165702,0.040534,0.016295
1.478132,10.914114,-394.597617,6.294266,6.965759,23.167725,-211.610329,3.399183,2.339891,0.066864,6.174137,0.039010,0.015918
1.478664,12.285667,-394.979963,6.423244,7.117924,22.221166,-211.713249,3.142790,2.472100,0.054160,6.178609,0.038968,0.014733
1.479195,13.754819,-395.257380,6.586155,6.964122,19.180587,-212.073627,3.579695,2.422861,0.029611,6.192988,0.040903,0.016774
1.479726,15.289833,-395.400792,6.196659,7.045702,16.963442,-212.412038,3.699601,2.324216,0.009146,6.203493,0.039438,0.017328
1.480257,16.827729,-395.285353,6.287094,6.959882,15.895279,-212.064983,3.090491,2.231466,-0.005089,6.208370,0.038236,0.014513
1.480788,18.143172,-395.506907,6.413850,6.920594,13.480752,-212.112420,3.491061,2.476093,-0.025417,6.219716,0.039805,0.016409
1.481319,19.897628,-395.445244,6.461135,7.121754,11.756759,-212.784972,3.625998,2.496296,-0.044539,6.227990,0.040523,0.017001
1.481850,21.313378,-395.188459,6.284366,7.042237,10.477808,-213.405594,2.996512,2.922244,-0.059537,6.234127,0.038245,0.014024
1.482382,22.645886,-395.030747,6.440119,7.067227,9.034061,-212.797240,3.625429,2.480689,-0.074556,6.240757,0.040445,0.017014
1.482913,24.263596,-394.809224,6.297622,7.055299,6.251196,-212.713444,3.218558,2.279114,-0.098596,6.253806,0.038669,0.015121
1.483444,26.031165,-394.338242,6.403772,6.876088,5.461622,-213.810845,3.517443,2.868794,-0.113452,6.257647,0.040222,0.016444
1.483975,27.055601,-393.858622,6.389830,6.917384,3.923475,-213.760106,3.285702,2.941652,-0.127742,6.264833,0.039601,0.015368
1.484506,28.415353,-393.431812,6.423837,6.948164,1.953922,-213.489019,3.160146,2.510986,-0.146008,6.274033,0.039389,0.014802
1.485037,29.903394,-393.061237,6.508790,6.964663,-0.212000,-213.263688,3.141254,2.373519,-0.165956,6.284179,0.039664,0.014729
1.485568,31.431455,-391.539840,6.453838,6.924354,-1.973837,-213.261576,3.110425,2.979472,-0.185229,6.292441,0.039570,0.014584
1.486099,32.320896,-390.710992,6.323984,6.965964,-3.320837,-213.026755,3.447849,2.858293,-0.197963,6.298773,0.039817,0.016182
1.486631,33.447998,-390.115136,6.454589,6.896365,-5.265119,-212.284989,3.526803,2.377542,-0.214353,6.307982,0.040400,0.016606
1.487162,34.421417,-389.842408,6.488693,6.858583,-6.510490,-212.635811,3.483891,3.036431,-0.227003,6.313794,0.040533,0.016375
1.487693,35.519591,-388.935875,6.509279,6.852369,-7.762974,-212.899023,3.090878,3.367553,-0.241090,6.319632,0.039889,0.014510
1.488224,36.509356,-388.410879,6.633924,6.831336,-9.161324,-212.768423,3.376060,3.053222,-0.254387,6.326216,0.041029,0.015850
1.488755,37.597503,-387.590004,6.495153,6.692358,-11.086030,-212.154908,3.492767,2.565597,-0.270691,6.335392,0.040426,0.016431
1.489286,38.093819,-386.672034,6.482395,6.808050,-12.016836,-212.277905,3.047285,2.858712,-0.279803,6.339734,0.039570,0.014329
1.489817,38.745023,-386.244870,6.250155,6.753190,-13.643775,-212.958238,3.062791,2.899666,-0.293588,6.347166,0.038632,0.014350
1.490348,39.615388,-385.262770,6.518643,6.600569,-14.340464,-212.632885,3.089770,2.966787,-0.302932,6.350526,0.039896,0.014496
1.490880,40.127920,-384.581676,6.441841,6.813426,-15.832665,-212.227551,3.114132,3.326076,-0.313946,6.357650,0.039715,0.014639
1.491411,40.732957,-384.296167,6.551241,6.860542,-17.226700,-211.133145,3.425199,2.840620,-0.322990,6.364597,0.040502,0.016153
1.491942,41.315703,-383.506220,6.518266,6.805523,-17.568772,-212.772064,3.339693,3.917493,-0.332115,6.365569,0.040874,0.015663
1.492473,41.605310,-382.904542,6.507386,6.679339,-19.021810,-211.679542,3.488671,2.469790,-0.340304,6.372806,0.040491,0.016382
1.493004,41.879083,-383.599650,6.589945,6.847301,-19.408248,-212.569456,3.558878,2.494297,-0.344087,6.374236,0.041099,0.016638
1.493535,42.039452,-383.103661,6.614950,6.709768,-20.259802,-212.223420,3.294940,2.528335,-0.349603,6.378361,0.040491,0.015427
1.494066,42.417509,-382.947607,6.690403,6.600784,-21.342877,-212.167925,3.532028,2.536839,-0.357322,6.383442,0.041180,0.016524
1.494597,42.527611,-382.735224,6.715333,6.740153,-21.983531,-212.147959,3.148671,2.612955,-0.361548,6.386440,0.040540,0.014738
1.495129,42.735928,-382.313117,6.703224,6.625708,-22.853365,-212.095035,3.640104,2.486020,-0.367792,6.390522,0.041437,0.017012
1.495660,42.513281,-381.987086,6.813053,6.733001,-23.697532,-213.290403,3.534536,3.728597,-0.374011,6.393836,0.042368,0.016481
1.496191,42.535809,-381.944990,6.812187,6.755688,-23.272892,-212.740464,3.406360,3.100692,-0.370927,6.392148,0.041820,0.015901
1.496722,42.457286,-381.883580,6.776879,6.739226,-23.234936,-212.549365,3.370087,3.232376,-0.370070,6.392068,0.041603,0.015754
1.497253,42.276278,-382.112185,6.738449,6.776317,-23.361890,-212.552162,3.356631,3.232080,-0.369344,6.392657,0.041390,0.015691
1.497784,41.826269,-382.096019,6.441069,6.869250,-23.633636,-212.715245,3.222586,3.583187,-0.368785,6.393836,0.040065,0.015079
1.498315,41.427821,-381.974559,6.605034,6.798020,-24.705757,-212.635027,3.443509,3.151086,-0.372323,6.398855,0.041006,0.016069
1.498847,40.804681,-382.312685,6.687097,6.740118,-24.589261,-212.596132,3.656405,3.206749,-0.367781,6.398335,0.041793,0.017059
1.499378,40.403014,-382.519802,6.536036,6.827194,-24.673296,-212.632856,3.615190,3.216225,-0.365815,6.398706,0.041112,0.016865
1.499909,39.420975,-383.136666,6.480067,6.950855,-24.673296,-212.632856,3.615190,3.216225,-0.359569,6.398706,0.040901,0.016865
1.500440,38.416366,-383.484231,6.604725,6.831353,-24.337371,-212.841231,3.507545,3.175177,-0.352398,6.397036,0.041167,0.016354
1.500971,37.745472,-384.164096,6.421040,6.940892,-24.714487,-212.991734,3.643862,3.448313,-0.349882,6.398704,0.040760,0.016982
1.501502,36.930064,-383.508025,6.429162,6.777310,-24.259147,-212.247532,3.423952,3.390693,-0.343152,6.396988,0.040239,0.016026
1.502033,35.849758,-384.414271,6.585445,6.977346,-23.836277,-212.151680,3.015328,3.426617,-0.333538,6.395071,0.040051,0.014150
1.502564,34.893488,-385.065116,6.528073,7.077140,-23.257240,-211.661516,3.546575,2.520370,-0.323564,6.392626,0.040667,0.016606
1.503096,33.608135,-386.041949,6.475909,6.845104,-22.720931,-212.362398,3.609656,3.209465,-0.313624,6.389771,0.040682,0.016881
1.503627,32.494074,-386.531156,6.576408,6.989011,-22.273908,-212.210660,3.304599,3.367777,-0.304415,6.387764,0.040480,0.015490
1.504158,30.875089,-387.009468,6.585563,7.004469,-21.501495,-211.532592,3.557317,2.445744,-0.290063,6.384484,0.040844,0.016685
1.504689,29.574447,-387.700408,6.434015,6.868380,-20.482725,-211.491263,3.137410,2.528930,-0.276786,6.379733,0.039143,0.014742
1.505220,28.023172,-388.368485,6.386450,7.037572,-19.259392,-212.118806,3.484833,3.057727,-0.262099,6.373732,0.040019,0.016346
1.505751,26.368148,-388.938839,6.433937,7.050523,-18.821780,-211.537738,3.604082,2.663576,-0.249428,6.371928,0.040338,0.016940
1.506282,25.116644,-389.949289,6.347154,7.255677,-17.470267,-211.966846,3.541790,2.575307,-0.234860,6.365419,0.039848,0.016626
1.506813,23.168465,-390.617253,6.429097,7.111961,-17.052262,-212.847812,3.681544,3.384796,-0.222506,6.363129,0.040777,0.017233
1.507345,21.295680,-390.825434,6.400141,7.041987,-16.114186,-211.558021,3.277752,2.788513,-0.205729,6.359208,0.039355,0.015436
1.507876,19.681486,-391.743893,6.436765,6.965682,-14.698240,-212.313832,3.672851,3.142370,-0.189311,6.352304,0.040610,0.017247
1.508407,17.963986,-392.113488,6.363450,6.767503,-13.842051,-211.079796,3.173635,2.775663,-0.173916,6.348669,0.038721,0.014995
1.508938,15.584237,-393.748907,6.385794,7.080906,-12.408969,-213.475120,3.395464,3.102412,-0.154051,6.341248,0.039710,0.015874
1.509469,14.093753,-394.388373,6.423915,7.157575,-11.048388,-212.632903,3.526028,2.527132,-0.137457,6.335099,0.039965,0.016550
1.510000,12.242024,-394.414342,6.398182,7.174720,-9.788401,-213.706668,3.126517,2.973514,-0.121313,6.328956,0.039172,0.014613
1.510531,10.116969,-394.888288,6.458635,6.732145,-8.720958,-212.974421,3.360891,3.362324,-0.103186,6.324111,0.039825,0.015768
1.511062,7.953959,-395.653337,6.422920,7.150951,-6.806035,-213.966339,3.494482,3.190086,-0.081061,6.314983,0.040132,0.016322
1.511594,6.043609,-395.882784,6.495650,7.090837,-6.311419,-213.340412,3.495698,3.219895,-0.067580,6.312760,0.040328,0.016377
1.512125,3.938458,-395.910272,6.417241,7.100328,-4.518610,-214.198229,3.527000,3.049609,-0.046507,6.304278,0.040259,0.016461
1.512656,1.886693,-395.754150,6.446470,6.956106,-3.553808,-212.802945,3.157787,2.324420,-0.029729,6.299884,0.039220,0.014836
1.513187,-0.148564,-395.764808,6.432470,6.946169,-1.844588,-212.808052,3.239883,2.499672,-0.009270,6.291853,0.039365,0.015224
1.513718,-2.720174,-395.820855,6.130824,7.047703,0.222155,-212.827039,3.321559,2.450726,0.016077,6.282141,0.038100,0.015607
1.514249,-4.767802,-395.842590,6.167359,7.045057,1.487191,-213.338344,3.687819,2.647833,0.034260,6.276214,0.039353,0.017286
1.514780,-6.911505,-395.367433,6.281306,6.833776,2.832211,-213.797863,2.944666,3.132280,0.053612,6.269939,0.038162,0.013772
1.515312,-8.965298,-395.460113,6.227886,6.941648,4.356642,-212.890264,3.216746,2.589767,0.072840,6.262724,0.038304,0.015106
1.515843,-10.655513,-395.119285,6.294835,7.037880,5.677590,-213.928500,3.613184,2.886694,0.089900,6.256652,0.039912,0.016882
1.516374,-12.545225,-394.606527,6.405620,6.926516,7.390629,-213.716510,3.503327,2.968942,0.109767,6.248618,0.040135,0.016380
1.516905,-14.466996,-394.420640,6.458654,6.870072,7.702589,-213.230458,3.592432,2.751917,0.121750,6.247078,0.040488,0.016832
1.517436,-16.416782,-393.938556,6.435644,6.931624,9.966599,-213.865448,3.376540,3.293606,0.145480,6.236617,0.039981,0.015770
1.517967,-17.969830,-393.029533,6.542350,6.920756,12.118086,-213.702879,3.236669,3.131561,0.166234,6.226541,0.040188,0.015120
1.518498,-19.423489,-392.717417,6.379302,6.725094,13.679987,-213.249557,3.659172,2.978341,0.182403,6.219123,0.040298,0.017112
1.519029,-21.376339,-392.436979,6.341622,6.779525,13.512965,-214.155357,3.634088,3.109051,0.193255,6.220170,0.040265,0.016927
1.519561,-23.254323,-390.587098,6.447576,6.812373,15.324185,-211.926291,3.767407,2.494379,0.212666,6.211002,0.040805,0.017705
1.520092,-23.986208,-389.661601,6.327340,6.783228,16.669834,-211.840013,3.190694,2.824236,0.224771,6.204656,0.038921,0.015005
1.520623,-25.903429,-388.918415,6.389981,6.508157,17.208147,-212.647981,3.700857,3.233728,0.239868,6.202438,0.040656,0.017334
1.521154,-26.557596,-388.763678,6.383534,6.627109,18.383604,-212.068018,4.038419,2.482573,0.249061,6.196714,0.041276,0.018928
1.521685,-28.061380,-387.766780,6.515261,6.803792,20.108006,-212.809776,3.184782,3.241073,0.268665,6.188977,0.040076,0.014901
1.522216,-29.076743,-386.657685,6.524991,6.544879,21.385396,-211.534174,3.483171,2.655210,0.280552,6.182431,0.040447,0.016348
1.522747,-30.287998,-386.166569,6.425659,6.876809,22.020418,-212.307147,3.373541,3.127058,0.292251,6.179835,0.040111,0.015793
1.523278,-31.458879,-385.517154,6.565460,6.710343,23.061779,-212.011089,3.372158,3.309207,0.304459,6.174835,0.040633,0.015809
1.523810,-32.181760,-384.988589,6.411488,6.718013,23.188975,-210.909858,3.569808,2.192918,0.307959,6.173678,0.040038,0.016762
1.524341,-32.652654,-384.102131,6.423443,6.872533,24.910211,-211.312270,3.193141,2.819279,0.321575,6.165843,0.039529,0.014984
1.524872,-33.396413,-383.558126,6.652334,6.813198,25.147192,-210.897740,3.527591,2.284514,0.326903,6.164507,0.041110,0.016541
1.525403,-34.176098,-384.187923,6.445122,6.783816,26.082433,-212.411722,3.615865,3.233331,0.337384,6.161005,0.040672,0.016871
1.525934,-34.314017,-383.934089,6.464303,6.714213,26.346048,-211.702915,3.199176,2.809262,0.338635,6.159374,0.039539,0.014970
1.526465,-34.766506,-383.155869,6.623828,6.793866,27.554910,-211.260331,3.195494,2.633420,0.347815,6.153486,0.040179,0.014959
1.526996,-35.114201,-383.132219,6.728226,6.797709,27.275714,-212.135378,3.404328,3.388064,0.349851,6.155310,0.041461,0.015916
1.527527,-35.311555,-382.862711,6.761823,6.847119,27.291726,-212.090238,3.398269,3.415636,0.351376,6.155209,0.041662,0.015893
1.528059,-35.381123,-382.537745,6.602112,6.869329,28.004884,-211.810831,3.189828,3.070913,0.355498,6.151731,0.040392,0.014920
1.528590,-35.354019,-382.697177,6.715352,6.791060,27.937009,-212.495903,3.270494,3.345989,0.356015,6.152464,0.041202,0.015266
1.529121,-35.330917,-382.628381,6.754403,6.866366,27.995486,-212.623296,3.246778,3.543869,0.356575,6.152271,0.041468,0.015164
1.529652,-35.259521,-382.572184,6.723703,6.859881,28.096963,-212.312141,3.852725,3.432319,0.356240,6.151612,0.042604,0.017958
1.530183,-35.125925,-382.613601,6.734778,6.829349,28.482683,-212.285707,3.539835,3.544847,0.357409,6.149810,0.041905,0.016527
1.530714,-34.753404,-382.760260,6.495117,6.854513,28.697905,-212.258452,3.657049,3.514385,0.356265,6.148798,0.041141,0.017062
1.531245,-34.252938,-382.784561,6.481341,6.810694,28.870070,-212.525200,3.675234,3.547607,0.355036,6.148169,0.041187,0.017125
1.531777,-33.888569,-382.971985,6.436067,6.854655,28.987583,-212.553479,3.784764,3.522223,0.353457,6.147644,0.041265,0.017621
1.532308,-32.850743,-383.305284,6.737408,6.924578,28.870070,-212.525200,3.675234,3.547607,0.346799,6.148169,0.042331,0.017125
1.532839,-32.136680,-384.004912,6.358786,6.857307,28.736973,-212.613249,3.663812,3.493932,0.341276,6.148839,0.040574,0.017063
1.533370,-31.013159,-384.521142,6.644278,6.765397,27.825622,-211.929189,3.911086,2.963412,0.328556,6.152635,0.042100,0.018231
1.533901,-30.168171,-385.009945,6.493187,6.943443,27.845178,-212.210575,3.367225,2.920799,0.323903,6.152716,0.040250,0.015700
1.534432,-29.298894,-385.497879,6.513690,6.975762,27.268012,-212.127142,3.625133,2.853764,0.315387,6.155341,0.040920,0.016897
1.534963,-28.229726,-386.122515,6.401765,6.793898,28.156410,-211.299690,3.167732,2.304363,0.311999,6.150712,0.038900,0.014799
1.535494,-26.307168,-387.265135,6.387014,6.823493,26.864657,-211.627358,3.616449,2.773371,0.293965,6.156917,0.040009,0.016897
1.536026,-25.550602,-386.067411,6.294424,6.877039,25.830446,-211.831310,3.468612,3.317736,0.286765,6.161846,0.039767,0.016244
1.536557,-24.048128,-387.101117,6.403331,6.916413,25.440812,-211.780537,3.524945,3.001533,0.275119,6.163630,0.040219,0.016493
1.537088,-22.271213,-388.009414,6.399024,6.811164,25.127599,-211.880099,3.521499,2.996114,0.262886,6.165143,0.040096,0.016473
1.537619,-20.488558,-388.636130,6.202358,7.124395,24.126186,-212.046379,3.380852,3.063935,0.247468,6.169895,0.039022,0.015824
1.538150,-19.194595,-389.293973,6.540538,6.777060,24.402527,-210.842780,3.267093,2.361879,0.239615,6.167960,0.039759,0.015344
1.538681,-17.592008,-389.775866,6.407286,6.732062,22.791427,-211.810319,3.199838,3.161161,0.223138,6.175995,0.039321,0.015018
1.539212,-15.511296,-390.038058,6.285477,6.820407,21.618151,-212.298763,3.449434,3.172619,0.205937,6.181706,0.039569,0.016152
1.539743,-13.762162,-391.141540,6.363208,6.785794,21.819187,-211.106527,3.611500,2.910764,0.195121,6.180195,0.039883,0.016985
1.540275,-11.588444,-391.729416,6.355473,6.988311,20.561665,-210.995596,3.125799,2.386041,0.176045,6.186041,0.038634,0.014716
1.540806,-9.469673,-393.200814,6.248869,6.987272,19.407523,-212.266571,3.479893,2.359562,0.158266,6.192009,0.039067,0.016289
1.541337,-7.568010,-393.339069,6.316116,7.040256,18.629144,-212.866779,3.012945,2.893341,0.144152,6.195892,0.038446,0.014096
1.541868,-5.229357,-394.051182,6.388847,6.959061,17.206999,-213.242617,3.531649,2.944976,0.123458,6.202668,0.040089,0.016492
1.542399,-3.248581,-394.351743,6.401101,6.897105,16.318428,-212.915320,3.087249,2.937935,0.107430,6.206692,0.038969,0.014454
1.542930,-1.105296,-394.835197,6.278783,7.066347,14.911175,-213.203836,2.762577,2.975810,0.087954,6.213360,0.037657,0.012931
1.543461,1.125734,-395.216866,6.205433,7.074955,13.736683,-213.681897,3.478116,3.066840,0.069357,6.218988,0.039109,0.016236
1.543993,3.664246,-394.983250,6.550230,6.918498,11.938179,-214.035127,3.355034,3.258100,0.045694,6.227466,0.040633,0.015649
1.544524,6.037409,-395.543297,6.505867,6.740880,11.717572,-213.656926,3.311500,2.899986,0.031219,6.228397,0.040116,0.015470
1.545055,8.579203,-395.477919,6.522550,6.897749,9.744569,-213.850420,3.629580,3.265647,0.006416,6.237650,0.041097,0.016952
1.545586,10.889086,-395.958476,6.221628,6.769263,9.277678,-213.610333,3.536622,2.932234,-0.008837,6.239780,0.039245,0.016536
1.546117,13.249821,-395.650800,6.278285,6.847307,7.607762,-213.512218,3.042858,2.981446,-0.030967,6.247569,0.038289,0.014242
1.546648,15.956969,-395.694293,6.506356,6.876317,6.860011,-213.152211,3.309742,2.578416,-0.049794,6.251013,0.039941,0.015516
1.547179,18.113669,-395.385376,6.389240,6.981970,5.645423,-213.883969,2.978665,2.953712,-0.068587,6.256797,0.038763,0.013922
1.547710,20.287848,-394.698914,6.432983,6.889642,3.582142,-214.041599,3.458005,3.066739,-0.092210,6.266451,0.040267,0.016153
1.548242,22.296541,-394.531679,6.480791,6.916930,3.059855,-214.136865,3.590645,2.988116,-0.106235,6.268897,0.040847,0.016766
1.548773,25.121844,-394.071888,6.377537,6.878868,2.132384,-214.167431,3.121923,3.044681,-0.127098,6.273229,0.039189,0.014576
1.549304,27.176735,-393.553731,6.359434,7.097896,0.660158,-214.250920,3.434888,2.985681,-0.146823,6.280104,0.039934,0.016032
1.549835,29.706265,-393.102750,6.461983,6.870969,-0.361960,-213.966656,2.957625,2.857608,-0.166301,6.284877,0.039176,0.013823
1.550366,32.050336,-392.547865,6.334248,7.161758,-1.984912,-214.543025,3.020705,3.323253,-0.188924,6.292437,0.038903,0.014079
1.550897,34.089063,-391.834260,6.370260,7.060468,-2.943707,-214.169757,3.245895,3.125078,-0.205500,6.296929,0.039531,0.015154
1.551428,36.134936,-390.244673,6.454393,7.063101,-4.175822,-211.780270,3.077920,2.280342,-0.222148,6.302900,0.039157,0.014529
1.551959,37.932816,-389.593336,6.455041,6.737253,-4.829183,-212.274829,3.401782,2.802896,-0.236641,6.305931,0.040003,0.016020
1.552491,40.195487,-388.669741,6.478590,6.822404,-6.175337,-211.824312,3.077920,2.280342,-0.256438,6.312330,0.039239,0.014522
1.553022,41.965575,-388.028289,6.399211,6.893037,-6.389277,-212.156293,3.153021,2.518761,-0.268314,6.313292,0.039191,0.014853
1.553553,43.727566,-387.035199,6.520003,6.899560,-7.893852,-211.885693,3.109241,2.228883,-0.286613,6.320423,0.039571,0.014659
1.554084,45.574455,-386.262216,6.434031,6.969448,-8.265784,-212.798936,3.127722,2.967983,-0.300956,6.322009,0.039598,0.014686
1.554615,47.055043,-385.485043,6.448041,6.765481,-8.988431,-212.862058,3.337754,2.898970,-0.313923,6.325387,0.040058,0.015663
1.555146,48.840517,-384.558340,6.443798,6.738532,-8.759180,-212.730637,3.363731,3.266554,-0.323446,6.324337,0.040234,0.015798
1.555677,50.051642,-384.060732,6.288018,6.958436,-10.502450,-211.904081,3.218480,2.517785,-0.338223,6.332707,0.038914,0.015163
1.556208,51.478699,-383.233039,6.534690,6.719142,-10.659316,-213.006674,2.973920,3.347083,-0.350003,6.333186,0.039836,0.013949
1.556740,52.873070,-383.133472,6.532616,6.755251,-10.881085,-213.941588,3.349622,2.978053,-0.360362,6.334002,0.040632,0.015632
1.557271,53.858684,-382.631177,6.404482,6.691489,-11.427434,-213.772061,3.571125,3.047246,-0.368928,6.336591,0.040518,0.016675
1.557802,55.075731,-381.850060,6.490377,6.607174,-11.491029,-214.564996,3.632944,3.451186,-0.378716,6.336689,0.041325,0.016905
1.558333,56.419928,-381.355911,6.404295,6.613542,-11.402592,-214.536571,3.481382,3.280233,-0.386151,6.336285,0.040552,0.016202
1.558864,57.253426,-380.970723,6.412599,6.735861,-11.601945,-214.425133,3.423856,3.206875,-0.392032,6.337240,0.040493,0.015941
1.559395,57.871499,-380.599893,6.499332,6.617071,-12.152960,-213.047340,3.291490,2.378243,-0.395863,6.340167,0.039913,0.015413
1.559926,58.985863,-380.328265,6.546098,6.630620,-12.298432,-213.860473,3.095166,3.008373,-0.404592,6.340629,0.040020,0.014448
1.560458,59.602895,-379.965145,6.542980,6.896271,-12.348825,-213.495463,3.115654,3.214027,-0.407971,6.340962,0.040280,0.014571
1.560989,60.222772,-379.503767,6.782844,6.628732,-12.169366,-214.252449,3.127806,3.360071,-0.412891,6.339924,0.041368,0.014579
1.561520,60.609141,-379.677923,6.724015,6.843373,-12.286877,-213.914428,3.106336,2.967578,-0.414305,6.340561,0.040950,0.014495
1.562051,61.063729,-379.335220,6.602965,6.991902,-12.144004,-214.670725,3.093128,3.651311,-0.418344,6.339695,0.041027,0.014395
1.562582,61.373891,-379.573801,6.571344,7.042135,-12.101103,-214.066967,3.113559,3.461976,-0.417802,6.339655,0.040697,0.014527
1.563113,62.086012,-379.945359,6.608619,6.910135,-11.910810,-213.770635,3.227284,3.024854,-0.418935,6.338845,0.040604,0.015071
1.563644,62.220110,-380.300583,6.716717,6.774380,-10.878558,-212.863604,3.588130,2.573297,-0.411633,6.334247,0.041365,0.016824
1.564175,62.313560,-379.956226,6.721795,6.637229,-10.746784,-212.909033,3.582052,2.293324,-0.412296,6.333618,0.041269,0.016790
1.564707,62.571456,-380.282623,6.692668,6.613427,-10.567811,-213.012903,3.354937,2.344446,-0.412204,6.332756,0.040606,0.015721
1.565238,62.707538,-380.465448,6.780517,6.538696,-9.394139,-214.108584,3.312358,3.103704,-0.408977,6.327033,0.041357,0.015454
1.565769,62.606480,-380.640642,6.832087,6.632492,-9.101475,-214.364520,3.682335,3.185381,-0.407160,6.325618,0.042519,0.017159
1.566300,62.126136,-381.190538,6.740647,6.619933,-8.668490,-212.731177,3.577420,2.381931,-0.397838,6.323911,0.041289,0.016795
1.566831,62.280613,-381.824199,6.707040,6.894420,-7.747711,-213.961129,3.277919,3.004294,-0.395224,6.319380,0.041089,0.015309
1.567362,61.895339,-382.130657,6.723526,6.818111,-6.377733,-214.156954,3.529408,3.190855,-0.386055,6.312957,0.041829,0.016472
1.567893,61.281989,-381.920090,6.441099,6.950495,-5.934773,-212.578355,3.278240,2.772353,-0.377857,6.311096,0.039862,0.015414
1.568424,60.760446,-382.492349,6.698081,6.742566,-5.042053,-212.838212,3.723027,2.667324,-0.370000,6.306870,0.041824,0.017485
1.568956,60.138515,-383.037395,6.647626,7.016368,-4.971444,-212.041349,3.554962,2.345397,-0.363819,6.306627,0.041104,0.016758
1.569487,59.323365,-383.655862,6.406657,6.932420,-3.238335,-212.111246,3.557795,2.501106,-0.349707,6.298451,0.040160,0.016770
1.570018,58.445069,-384.695301,6.710222,6.875104,-2.175244,-212.086234,3.161982,2.335410,-0.337744,6.293441,0.040454,0.014908
1.570549,57.773520,-385.251917,6.497210,6.803108,-0.661713,-212.482634,3.614288,2.640425,-0.326148,6.286299,0.040688,0.017010
1.571080,56.711027,-385.857551,6.641577,6.749877,0.503000,-212.898597,3.183607,2.867597,-0.314213,6.280823,0.040482,0.014954
1.571611,55.640303,-386.598693,6.518195,6.844758,0.795923,-213.113687,3.454656,2.973473,-0.306191,6.279451,0.040588,0.016210
1.572142,54.161055,-387.125692,6.462273,6.888666,1.660311,-212.303458,3.118105,2.733289,-0.291741,6.275365,0.039417,0.014686
1.572673,53.221129,-389.137029,6.518500,6.917168,4.071694,-213.618938,3.199764,2.940537,-0.273032,6.264127,0.039943,0.014976
1.573205,52.070927,-389.617190,6.465581,6.857321,5.072210,-212.971895,3.489385,2.386560,-0.260038,6.259373,0.040163,0.016377
1.573736,50.561576,-390.002767,6.620251,6.949448,5.869887,-213.183935,3.588161,2.644312,-0.247569,6.255658,0.041257,0.016822
1.574267,49.373280,-390.943106,6.366794,6.840329,7.457359,-213.924693,3.494832,3.025026,-0.232506,6.248340,0.039989,0.016324
1.574798,47.837790,-391.220259,6.449840,6.899461,9.236533,-213.344234,3.701864,2.616640,-0.213699,6.239918,0.040843,0.017327
1.575329,46.125155,-392.027073,6.464148,6.957222,10.367677,-213.213855,3.230476,2.731918,-0.197368,6.234598,0.039682,0.015128
1.575860,44.495679,-392.459162,6.434378,7.131517,12.355113,-213.103356,3.197335,2.701315,-0.177318,6.225273,0.039509,0.014971
1.576391,42.774306,-393.090836,6.376763,6.976116,13.169858,-212.620035,3.417322,2.327173,-0.162592,6.221324,0.039577,0.016025
1.576923,41.245485,-393.277805,6.395766,6.885720,14.239700,-212.324665,3.441920,2.281211,-0.148148,6.216220,0.039697,0.016154
1.577454,39.467690,-393.716273,6.372587,6.957311,16.022840,-212.153298,3.326328,2.235667,-0.128417,6.207804,0.039277,0.015610
1.577985,37.997893,-393.707553,6.431435,6.923365,17.439199,-212.656877,3.569743,2.595767,-0.113068,6.201362,0.040371,0.016704
1.578516,36.040704,-393.776487,6.406800,6.922858,19.291486,-212.772138,3.504404,2.567213,-0.092272,6.192765,0.040177,0.016372
1.579047,34.161349,-394.291700,6.334530,6.781379,20.683134,-212.785566,3.361963,2.726569,-0.074122,6.186288,0.039406,0.015700
1.579578,32.317544,-394.386554,6.440230,6.919986,21.792299,-212.141547,3.380255,2.465715,-0.057689,6.180819,0.039845,0.015812
1.580109,30.710853,-394.419110,6.219947,6.976451,23.166507,-212.090440,3.620435,2.326349,-0.041354,6.174387,0.039440,0.016910
1.580640,28.639412,-394.403515,6.247506,6.783272,24.923745,-212.479290,3.526842,2.839796,-0.020421,6.166419,0.039428,0.016446
1.581172,26.865284,-394.264279,6.302948,6.745481,26.175427,-211.719031,3.212899,2.269553,-0.003779,6.160177,0.038755,0.015004
1.581703,24.854768,-394.059577,6.252589,6.872751,27.532562,-212.368717,3.385528,2.879834,0.014737,6.154259,0.039130,0.015773
1.582234,22.977243,-393.978131,6.214246,6.843804,28.497595,-211.405591,3.120208,2.038229,0.030227,6.149192,0.038070,0.014552
1.582765,21.501479,-392.963970,6.313905,6.958722,30.083554,-210.282399,3.149667,2.304421,0.046944,6.141087,0.038585,0.014758
1.583296,20.225180,-392.480616,6.242099,6.831561,31.232106,-210.384672,3.532103,2.422918,0.060372,6.135809,0.039316,0.016512
1.583827,18.625834,-391.956077,6.313485,6.831116,31.729084,-209.900846,3.596555,2.491212,0.071850,6.133159,0.039808,0.016843
1.584358,16.606295,-391.378502,6.267487,6.873915,33.118875,-209.813482,3.545953,2.644486,0.090696,6.126628,0.039505,0.016604
1.584889,14.874428,-391.129038,6.294065,6.844752,33.602348,-210.362816,3.583904,3.013296,0.103235,6.124788,0.039868,0.016762
1.585421,13.828186,-390.847314,6.306310,6.577283,35.612255,-209.203835,3.318664,2.422882,0.119358,6.114574,0.038944,0.015535
1.585952,12.428155,-390.264288,6.372338,6.822797,36.318292,-208.808862,3.156936,2.163015,0.130906,6.110977,0.038860,0.014779
1.586483,10.702754,-389.723084,6.244778,6.930965,36.612961,-208.905723,3.214808,2.356507,0.142326,6.109687,0.038485,0.015053
1.587014,9.629065,-389.589650,6.519296,6.910383,37.141511,-209.877893,3.937355,2.808539,0.151913,6.108032,0.041872,0.018335
1.587545,8.308851,-388.969424,6.319651,6.660969,38.627240,-209.398760,3.202491,2.995449,0.167261,6.100769,0.038937,0.015009
1.588076,6.841142,-388.616401,6.439768,6.715385,39.727557,-209.705413,3.576204,2.952270,0.181785,6.095959,0.040488,0.016663
1.588607,5.985225,-388.749408,6.372583,6.758502,40.083424,-210.090938,3.639886,2.716882,0.188589,6.094660,0.040339,0.016885
1.589138,4.820053,-388.626697,6.323125,7.017378,40.279064,-210.611624,3.869362,3.030041,0.196618,6.094219,0.040890,0.017921
1.589670,4.068675,-388.167708,6.340213,6.843304,41.219030,-209.546453,3.527913,2.507087,0.205061,6.088959,0.039777,0.016366
1.590201,2.584602,-387.936874,6.309477,6.780105,41.722332,-209.716661,3.627095,2.777928,0.216172,6.086803,0.039898,0.016829
1.590732,2.084432,-387.724792,6.339359,6.768648,41.156637,-210.655735,3.885068,3.155006,0.217181,6.090242,0.041012,0.017987
1.591263,1.288599,-387.043950,6.427221,6.878458,41.346080,-210.741862,3.785755,3.253223,0.223416,6.089453,0.041299,0.017542
1.591794,0.436905,-387.041539,6.322029,7.058142,41.918068,-209.880767,3.481754,2.926296,0.230001,6.086056,0.039791,0.016176
1.592325,-0.007891,-386.697128,6.329131,6.942820,41.440885,-210.268198,3.673207,3.355740,0.230747,6.088593,0.040495,0.017086
1.592856,-0.449260,-386.716277,6.385882,6.997294,41.393840,-210.348186,3.744140,3.283764,0.232942,6.088881,0.040937,0.017389
1.593388,-1.035386,-386.659877,6.560246,6.966287,41.539309,-210.328086,3.572272,3.282429,0.236912,6.088197,0.041250,0.016614
1.593919,-1.581822,-386.536221,6.397449,6.907551,41.570949,-210.193350,3.604975,3.334981,0.239993,6.087930,0.040552,0.016779
1.594450,-1.669691,-386.544088,6.453496,6.883389,41.855256,-210.522263,3.553250,3.435870,0.242408,6.086928,0.040735,0.016534
1.594981,-1.737368,-386.591391,6.388859,6.947778,41.606234,-210.569425,3.590727,3.381775,0.241436,6.088109,0.040557,0.016693
1.595512,-2.058809,-386.903889,6.337674,7.018942,41.441967,-209.541239,3.598230,2.456305,0.240517,6.087930,0.039954,0.016675
1.596043,-2.183262,-386.959571,6.362040,6.986737,40.722486,-211.008006,3.817058,3.126070,0.239182,6.092539,0.041040,0.017657
1.596574,-2.183262,-386.959571,6.362040,6.986737,40.764150,-210.739649,3.430850,3.063569,0.239055,6.092111,0.039978,0.015925
1.597105,-2.280173,-387.330602,6.578857,6.893401,39.631163,-210.587922,3.521904,2.979375,0.232831,6.097168,0.041096,0.016356
1.597637,-2.194465,-387.678057,6.477946,6.892243,38.802609,-210.327534,3.781523,2.537691,0.227174,6.100750,0.041164,0.017520
1.598168,-2.264514,-387.760033,6.616733,6.782973,38.900767,-211.584728,3.758313,3.243122,0.229543,6.101362,0.042034,0.017397
1.598699,-1.921034,-388.305775,6.405735,6.958144,38.383724,-211.438544,4.015647,3.133986,0.224055,6.103605,0.041697,0.018570
1.599230,-1.575259,-387.719301,6.444927,6.985128,38.228080,-208.835255,3.253668,2.399532,0.218942,6.102136,0.039439,0.015212
1.599761,-1.468890,-388.117313,6.462553,7.132664,36.746088,-209.405335,3.163021,2.701585,0.210663,6.109476,0.039477,0.014817
1.600292,-0.910083,-388.581619,6.555201,6.941455,35.266517,-209.681506,3.711202,2.688573,0.199526,6.116554,0.041252,0.017340
1.600823,-0.342600,-388.929831,6.627177,6.809139,34.070779,-209.747876,3.746788,2.686616,0.189748,6.122155,0.041669,0.017522
1.601354,0.463802,-389.727672,6.434788,7.026043,33.801547,-209.641553,3.601019,2.457554,0.183049,6.123326,0.040275,0.016843
1.601886,0.904913,-389.778290,6.305685,7.045461,32.573698,-209.698532,3.196302,2.651363,0.174080,6.129081,0.038742,0.015006
1.602417,2.022857,-390.583231,6.550183,6.868428,31.460517,-210.944451,3.564404,3.167941,0.162428,6.135135,0.040981,0.016674
1.602948,2.690070,-391.009219,6.439041,6.734439,30.483988,-209.912015,3.141374,2.471855,0.152287,6.138971,0.039105,0.014751
1.603479,3.589582,-391.364527,6.409934,6.851633,29.548508,-210.488970,3.556948,2.429022,0.142545,6.143716,0.040111,0.016648
1.604010,4.625156,-391.587840,6.257503,6.913192,28.445129,-210.459735,3.139513,2.628061,0.130759,6.148842,0.038360,0.014743
1.604541,5.237669,-393.070067,6.409836,6.735488,26.141635,-212.145087,3.826841,2.987778,0.115029,6.160578,0.040982,0.017851
1.605072,6.473711,-393.411366,6.594998,6.754516,25.752400,-212.726589,3.106123,3.049794,0.106296,6.162713,0.040126,0.014492
1.605603,7.495681,-394.070673,6.377147,6.913946,24.385071,-212.284784,3.123880,2.878690,0.092642,6.168817,0.038915,0.014605
1.606135,8.726847,-394.327324,6.319707,6.889464,22.518341,-212.805877,3.153277,3.285880,0.075832,6.177761,0.038815,0.014742
1.606666,10.040990,-394.769117,6.555084,6.769201,21.262986,-212.256578,3.463623,2.285455,0.061409,6.183343,0.040539,0.016191
1.607197,10.928022,-394.931172,6.306000,6.932681,20.249447,-212.396551,3.330025,2.470486,0.051022,6.188135,0.039020,0.015576
1.607728,12.320704,-394.905141,6.477662,6.772448,18.022355,-212.109256,3.326328,2.235667,0.031181,6.198422,0.039816,0.015595
1.608259,13.783285,-394.974975,6.480917,6.973951,16.076891,-212.293138,3.288398,2.329817,0.012555,6.207600,0.039779,0.015424
1.608790,14.573251,-394.882636,6.465910,7.009494,14.535708,-213.229918,3.003387,2.960056,-0.000207,6.215121,0.039247,0.014052
1.609321,16.151620,-394.924668,6.413025,7.003010,13.962033,-213.280323,2.988724,3.003303,-0.012054,6.217815,0.038949,0.013983
1.609853,17.329168,-395.421499,6.462257,6.964584,11.469291,-213.830321,3.514486,3.061765,-0.032258,6.229599,0.040490,0.016407
1.610384,18.796359,-395.052283,6.249037,7.075225,10.386721,-213.398508,3.207499,3.008348,-0.046262,6.234551,0.038635,0.015011
1.610915,19.911275,-395.177759,6.531832,6.966958,8.455171,-212.399891,3.190148,2.160993,-0.062596,6.243399,0.039694,0.015001
1.611446,20.854117,-394.946602,6.234247,7.067347,6.470361,-212.494856,3.173852,2.197551,-0.078673,6.252745,0.038238,0.014926
1.611977,22.161158,-394.794172,6.431524,7.063408,5.230543,-213.793966,3.299437,2.905009,-0.093268,6.258725,0.039783,0.015427
1.612508,23.262931,-394.233286,6.460372,6.836073,3.669480,-213.823847,3.074643,2.977026,-0.108181,6.266026,0.039446,0.014377
1.613039,24.575806,-394.020548,6.376533,6.994344,2.190481,-212.868683,3.045774,2.321066,-0.122949,6.272895,0.038740,0.014307
1.613570,25.696888,-393.619051,6.390623,7.026059,0.591062,-214.116341,3.091829,3.192205,-0.138962,6.280425,0.039237,0.014440
1.614102,26.880647,-393.571217,6.207750,7.123621,-1.098555,-214.363804,3.543570,3.134239,-0.154877,6.288310,0.039496,0.016530
1.614633,28.019576,-393.075422,6.476630,6.886072,-2.151010,-214.872760,3.065015,3.494048,-0.167715,6.293196,0.039733,0.014264
1.615164,28.842693,-391.591859,6.423527,6.868112,-3.456023,-213.228319,3.091409,3.187897,-0.179142,6.299392,0.039408,0.014496
1.615695,29.805549,-391.073817,6.641260,6.753090,-5.304355,-212.572933,3.332783,2.629204,-0.194214,6.308133,0.040808,0.015672
1.616226,30.796915,-390.789160,6.231793,6.798647,-6.398839,-213.099385,3.439778,2.985783,-0.206350,6.313204,0.039282,0.016133
1.616757,31.818608,-390.288656,6.322073,6.950575,-7.625330,-213.049613,3.205528,2.918848,-0.218978,6.318961,0.039158,0.015035
1.617288,32.187351,-389.654881,6.553952,6.785848,-8.788183,-211.987761,3.427046,2.634816,-0.226668,6.324618,0.040531,0.016147
1.617819,33.410271,-389.205389,6.375729,6.899941,-10.805334,-211.866372,3.583586,2.264609,-0.244346,6.334142,0.040000,0.016879
1.618351,34.023535,-388.801726,6.387418,6.835020,-11.644260,-212.914196,3.062791,2.899666,-0.254033,6.337821,0.039103,0.014361
1.618882,34.453173,-388.221218,6.428727,6.717100,-12.970203,-212.200600,3.479779,2.369039,-0.263171,6.344232,0.040031,0.016352
1.619413,35.273314,-387.859582,6.423074,6.721157,-13.584014,-212.458656,3.076054,3.145673,-0.271660,6.347036,0.039234,0.014450
1.619944,35.564496,-387.073396,6.428686,6.823488,-15.079826,-212.721128,3.428962,3.021168,-0.282692,6.353957,0.040207,0.016070
1.620475,35.964568,-387.866499,6.509222,6.789664,-15.373830,-213.403000,3.481085,3.224556,-0.286187,6.355102,0.040649,0.016264
1.621006,36.074209,-387.268710,6.468706,6.888337,-16.822677,-213.398118,3.356420,3.251549,-0.295334,6.361855,0.040256,0.015677
1.621537,36.566595,-386.997622,6.690814,6.783253,-17.296768,-213.070628,3.372014,3.342293,-0.300322,6.364186,0.041184,0.015773
1.622068,36.510674,-386.620714,6.674697,6.789781,-18.057140,-212.230454,3.164530,2.517694,-0.303255,6.368064,0.040355,0.014838
1.622600,36.922962,-386.345408,6.380524,7.015819,-19.129347,-212.672104,3.442869,3.376694,-0.312192,6.372892,0.040014,0.016121
1.623131,37.178555,-385.996991,6.399714,7.064836,-19.304878,-212.074580,3.481749,2.590620,-0.314017,6.373964,0.039968,0.016320
1.623662,37.295880,-385.714040,6.405637,6.922946,-19.525662,-212.310182,3.479682,2.755446,-0.316657,6.374895,0.040036,0.016295
1.624193,37.117602,-385.858114,6.381815,6.996562,-20.004106,-213.673408,3.561782,3.507351,-0.320322,6.376533,0.040579,0.016595
1.624724,36.816247,-385.634024,6.604018,6.859686,-20.288452,-212.327169,3.189770,2.588407,-0.318297,6.378449,0.040191,0.014932
1.625255,36.762400,-385.558751,6.608999,6.891972,-21.071970,-214.121581,3.659575,3.476134,-0.325361,6.381281,0.041848,0.017001
1.625786,36.429810,-385.520284,6.788620,6.789928,-20.962219,-212.370764,3.511845,2.534623,-0.320063,6.381572,0.041691,0.016418
1.626318,36.070581,-385.289665,6.581528,6.937989,-21.147287,-213.350649,3.507649,3.599445,-0.321252,6.381982,0.041357,0.016365
1.626849,35.789183,-385.581799,6.546426,6.995294,-21.100860,-213.208351,3.466754,3.370416,-0.318783,6.381832,0.041007,0.016177
1.627380,35.455553,-385.689935,6.492342,6.903632,-20.891984,-211.984665,3.613004,2.974773,-0.313676,6.381422,0.040732,0.016935
1.627911,34.810203,-385.945065,6.600313,7.002054,-21.016929,-212.361283,3.654471,2.783247,-0.311167,6.381832,0.041371,0.017090
1.628442,33.788635,-386.167746,6.559345,6.778169,-21.052015,-213.199866,3.501615,3.360178,-0.307031,6.381609,0.041043,0.016338
1.628973,33.348419,-386.600348,6.566731,6.862972,-21.052015,-213.199866,3.501615,3.360178,-0.304002,6.381609,0.041050,0.016338
1.629504,32.374078,-386.912504,6.595892,6.963985,-21.100860,-213.208351,3.466754,3.370416,-0.298644,6.381832,0.041137,0.016177
1.630035,31.439651,-387.259735,6.418364,7.074330,-20.886195,-212.862799,3.495069,3.554554,-0.291492,6.380993,0.040425,0.016344
1.630567,30.593443,-387.912490,6.480648,7.011042,-20.657371,-213.029844,3.541308,3.850359,-0.285076,6.379852,0.040801,0.016560
1.631098,29.637810,-388.413422,6.474119,7.010888,-19.908126,-213.470742,3.319350,3.317963,-0.275985,6.376176,0.040216,0.015482
1.631629,28.030132,-387.605315,6.488394,6.539420,-19.266007,-211.510553,3.564917,2.850979,-0.262391,6.374022,0.040505,0.016760
1.632160,27.590428,-388.333337,6.391916,6.874010,-19.193538,-211.617272,3.610954,2.646115,-0.258804,6.373637,0.040168,0.016962
1.632691,26.175238,-388.821688,6.409198,6.947210,-18.296692,-211.692016,3.305784,2.461735,-0.245985,6.369402,0.039540,0.015532
1.633222,25.142916,-389.229241,6.239361,6.881257,-17.994952,-211.782804,3.171785,2.216058,-0.238477,6.367951,0.038399,0.014895
1.633753,23.499373,-389.784517,6.423719,6.927700,-16.956066,-211.930413,3.507415,2.374228,-0.223659,6.363023,0.040127,0.016469
1.634284,21.990235,-390.428085,6.468227,6.940101,-16.247819,-212.788417,2.977176,3.119792,-0.212021,6.359394,0.039309,0.013955
1.634816,20.893361,-390.832983,6.387851,6.741806,-15.765719,-212.104467,3.426559,2.356863,-0.202305,6.357379,0.039707,0.016087
1.635347,19.650641,-391.843052,6.456781,6.900327,-14.447998,-211.997967,3.304041,2.331486,-0.187376,6.351232,0.039629,0.015531
1.635878,17.681804,-391.780361,6.446770,6.982946,-13.256243,-213.634360,3.510061,3.279519,-0.171952,6.345157,0.040659,0.016395
1.636409,16.082544,-392.386814,6.404496,6.835613,-12.652332,-212.915590,3.533595,3.268667,-0.158761,6.342540,0.040281,0.016563
1.636940,14.523612,-394.011628,6.384592,7.010683,-11.244762,-213.645297,3.246632,3.351253,-0.141907,6.335770,0.039382,0.015177
1.637471,12.766559,-394.167599,6.539730,6.849829,-10.358428,-213.799113,3.636778,3.223838,-0.127514,6.331597,0.041158,0.016986
1.638002,11.126986,-394.437542,6.409446,6.779761,-8.900231,-213.377768,3.613034,2.796516,-0.110163,6.324872,0.040389,0.016912
1.638533,9.707439,-394.828545,6.523602,7.049375,-8.205952,-213.388181,3.543371,2.714443,-0.098410,6.321622,0.040725,0.016588
1.639065,7.635460,-395.156661,6.452883,6.801962,-6.424291,-213.496376,3.223026,2.714597,-0.077242,6.313267,0.039591,0.015088
1.639596,6.048556,-395.324051,6.474105,6.883352,-5.280119,-213.267461,3.209026,2.691951,-0.062146,6.307938,0.039617,0.015041
1.640127,4.068682,-395.562600,6.492727,6.936411,-4.470028,-214.024995,3.444047,3.116899,-0.047001,6.304068,0.040444,0.016088
1.640658,2.496248,-395.729430,6.216686,7.057030,-2.853034,-213.904538,3.392753,3.082374,-0.029411,6.296522,0.038937,0.015859
1.641189,0.798193,-395.926508,6.209732,7.164439,-1.719132,-213.591537,3.175059,2.925923,-0.013805,6.291234,0.038247,0.014865
1.641720,-1.051203,-395.679162,6.295961,6.904028,-0.094700,-213.086650,3.175636,2.504332,0.005238,6.283630,0.038618,0.014903
1.642251,-3.021147,-395.904363,6.160131,7.207578,0.796125,-213.085054,3.560762,2.584900,0.020877,6.279449,0.038912,0.016710
1.642783,-4.967603,-395.650697,6.244062,6.939847,1.599969,-212.617570,3.612145,2.274869,0.035866,6.275660,0.039387,0.016988
1.643314,-6.487187,-395.528609,6.416634,7.021952,3.369511,-213.283456,3.546640,2.676141,0.054032,6.267388,0.040173,0.016626
1.643845,-8.316819,-395.356452,6.369660,6.799770,4.790152,-213.019638,3.205268,2.570755,0.071760,6.260702,0.039010,0.015042
1.644376,-9.815147,-394.973769,6.557459,6.808107,6.090152,-212.766896,3.253839,2.484447,0.087072,6.254570,0.040021,0.015284
1.644907,-11.336504,-395.052745,6.336917,7.063798,7.019616,-213.071667,3.443552,2.574010,0.100528,6.250252,0.039448,0.016149
1.645438,-13.300743,-394.666202,6.389943,6.839528,8.228560,-213.684225,3.793103,2.831820,0.118402,6.244696,0.040769,0.017732
1.645969,-14.889109,-394.395447,6.501283,6.854637,9.643530,-213.516056,3.605493,2.962682,0.134807,6.238051,0.040730,0.016864
1.646500,-16.194952,-393.918340,6.560819,6.800741,11.127251,-213.120854,3.403458,2.748673,0.149986,6.231022,0.040415,0.015940
1.647032,-17.501214,-393.282989,6.357095,6.806288,12.262309,-213.136232,3.244596,2.599666,0.163739,6.225716,0.039111,0.015189
1.647563,-19.000673,-392.862352,6.413176,6.839052,13.535047,-213.176677,3.831835,2.879491,0.179129,6.219778,0.040903,0.017923
1.648094,-19.957182,-392.539403,6.313632,6.773760,13.664641,-213.116019,3.680593,2.735770,0.185240,6.219155,0.040034,0.017219
1.648625,-21.509053,-391.015695,6.393530,6.844011,14.723614,-211.886976,3.486284,2.502565,0.199579,6.213809,0.039848,0.016395
1.649156,-22.590176,-390.268863,6.289588,6.905561,15.607024,-212.221185,3.660573,2.578806,0.211330,6.209776,0.039986,0.017179
1.649687,-23.562912,-389.914289,6.367081,6.864612,17.610334,-211.776705,3.634153,2.648548,0.227143,6.200221,0.040105,0.017074
1.650218,-24.515201,-389.048930,6.530162,6.606280,17.603973,-211.702238,3.847484,2.553735,0.233176,6.200222,0.041440,0.018077
1.650749,-25.812572,-388.937675,6.391657,6.626778,19.168164,-211.797704,3.536995,2.593170,0.248672,6.192929,0.039908,0.016601
1.651281,-25.986969,-388.381322,6.436069,6.909038,19.479316,-211.574169,3.878467,2.583120,0.251698,6.191376,0.041115,0.018212
1.651812,-27.406181,-387.977504,6.394331,6.829346,21.364561,-211.024894,3.625597,2.474007,0.268938,6.182287,0.040014,0.017047
1.652343,-27.718937,-387.400826,6.387955,6.661536,21.608089,-212.219937,4.203195,3.014273,0.274471,6.181716,0.041884,0.019655
1.652874,-28.265140,-386.847874,6.510126,6.604600,22.220778,-212.200197,3.572634,3.191432,0.281402,6.178849,0.040809,0.016726
1.653405,-28.476939,-387.619407,6.461898,6.864401,22.245397,-213.317867,3.541924,3.128711,0.283183,6.179278,0.040669,0.016495
1.653936,-28.881274,-387.020485,6.538566,6.839167,23.888385,-212.970737,3.573149,3.380010,0.294378,6.171485,0.041052,0.016662
1.654467,-29.128241,-386.827509,6.557640,6.723660,24.890596,-212.734343,3.083149,3.199627,0.300867,6.166712,0.039851,0.014402
1.654999,-29.847244,-386.983216,6.438337,6.924573,24.890596,-212.734343,3.083149,3.199627,0.304375,6.166712,0.039332,0.014402
1.655530,-29.752612,-386.444880,6.601477,6.775825,26.034911,-212.410293,3.293351,2.742067,0.310206,6.161225,0.040333,0.015355
1.656061,-30.016861,-386.388298,6.426746,6.712528,26.030534,-212.506638,3.460077,3.247126,0.311816,6.161300,0.040035,0.016147
1.656592,-30.170832,-386.286156,6.447559,6.904940,26.699137,-211.332663,3.174997,2.521759,0.314284,6.157514,0.039153,0.014862
1.657123,-30.111786,-386.198899,6.464060,6.951092,26.919483,-212.298435,3.036653,3.416245,0.316901,6.157058,0.039356,0.014220
1.657654,-30.111786,-386.198899,6.464060,6.951092,27.008343,-211.782690,3.128601,3.089234,0.316485,6.156341,0.039359,0.014651
1.658185,-29.899620,-386.119838,6.460113,6.887193,26.675130,-212.519665,3.095168,3.422162,0.315038,6.158320,0.039519,0.014476
1.658716,-29.507413,-385.922329,6.658999,6.851599,26.337878,-212.656157,3.294979,3.374211,0.311796,6.159961,0.040921,0.015383
1.659248,-28.777334,-386.114206,6.490686,6.860143,26.200886,-212.898362,3.316289,3.495324,0.307340,6.160733,0.040320,0.015473
1.659779,-28.199758,-386.202307,6.455142,6.770304,26.597714,-212.712948,3.091161,3.538109,0.305938,6.158791,0.039586,0.014454
1.660310,-27.707327,-386.779140,6.428757,6.770302,26.597714,-212.712948,3.091161,3.538109,0.302410,6.158791,0.039375,0.014454
1.660841,-26.669848,-386.812241,6.603130,6.705305,26.200886,-212.898362,3.316289,3.495324,0.295127,6.160733,0.040731,0.015473
1.661372,-25.885809,-386.757664,6.389591,6.864627,26.200886,-212.898362,3.316289,3.495324,0.291082,6.160733,0.039901,0.015473
1.661903,-24.687105,-387.333419,6.487537,6.948197,25.861833,-212.980511,3.580717,3.441530,0.282186,6.162349,0.040970,0.016681
1.662434,-24.017885,-388.056598,6.376532,6.796566,26.191975,-212.947761,3.325174,3.459101,0.279243,6.160803,0.039664,0.015508
1.662965,-22.850540,-388.422039,6.492997,6.753526,26.565594,-212.245382,3.086376,2.955445,0.273465,6.158668,0.039364,0.014420
1.663497,-21.671693,-388.825867,6.418686,6.796971,26.104855,-212.839904,3.060862,3.142211,0.265090,6.161145,0.039141,0.014280
1.664028,-20.134855,-389.355465,6.362040,6.986737,25.356173,-212.907995,3.387758,3.164636,0.252322,6.164649,0.039719,0.015786
1.664559,-18.862026,-389.721368,6.620739,6.675839,24.258153,-213.186932,3.315042,3.357389,0.239568,6.169884,0.040766,0.015453
1.665090,-17.579122,-390.230317,6.351222,6.682490,24.112191,-212.714442,3.249133,2.806482,0.230679,6.170312,0.039157,0.015153
1.665621,-16.067334,-390.650238,6.481303,6.885241,23.833295,-212.634382,3.471592,2.708253,0.220497,6.171565,0.040315,0.016186
1.666152,-14.574888,-390.190717,6.474947,6.954351,22.591757,-211.102471,3.043547,2.291821,0.204628,6.176573,0.039155,0.014300
1.666683,-13.257757,-390.842056,6.323684,6.809470,21.223568,-212.111931,3.983428,2.903159,0.190583,6.183459,0.041045,0.018643
1.667214,-11.456953,-392.461175,6.375459,6.747533,20.709315,-213.326420,3.757034,2.943863,0.177671,6.186410,0.040653,0.017498
1.667746,-9.846269,-391.734858,6.550286,6.744896,20.463390,-211.592954,3.196390,2.803785,0.166693,6.186774,0.039902,0.015020
1.668277,-7.634882,-391.990232,6.365596,6.842825,20.204395,-211.478437,3.301832,2.508988,0.153019,6.187936,0.039277,0.015513
1.668808,-5.818826,-392.621648,6.270590,6.903978,18.411811,-211.330376,3.269358,2.464708,0.132868,6.196281,0.038689,0.015387
1.669339,-3.822279,-393.256968,6.352535,6.680518,18.224046,-211.620295,3.272988,2.577401,0.120785,6.197281,0.039057,0.015388
1.669870,-2.092979,-393.665344,6.338168,6.825795,16.904163,-212.054661,3.544936,2.765314,0.104225,6.203637,0.039777,0.016644
1.670401,-0.270446,-394.603386,6.525167,6.960600,16.231915,-212.615805,3.286005,2.544248,0.090431,6.206989,0.039986,0.015392
1.670932,1.955888,-395.153360,6.383799,6.929709,14.488750,-213.136830,3.346796,2.683061,0.068747,6.215311,0.039513,0.015654
1.671464,4.112275,-395.142671,6.386134,6.998659,14.186614,-213.544924,3.173942,3.341553,0.055419,6.216849,0.039221,0.014834
1.671995,6.276471,-395.467658,6.400313,6.712459,12.715015,-213.062015,3.318519,2.659716,0.035283,6.223578,0.039500,0.015538
1.672526,8.361959,-395.104122,6.164525,6.937926,12.188306,-212.728180,3.259371,2.545895,0.020977,6.225953,0.038228,0.015287
1.673057,10.214850,-395.075734,6.493473,7.062368,10.633197,-213.029354,3.424750,2.762544,0.002298,6.233312,0.040326,0.016049
1.673588,12.699289,-395.168690,6.296765,7.009392,9.411030,-213.346463,3.479598,2.889409,-0.018083,6.239102,0.039562,0.016289
1.674119,14.766262,-395.303752,6.226745,7.200383,9.589522,-213.177642,3.561893,2.899962,-0.028416,6.238232,0.039374,0.016686
1.674650,16.813056,-395.019501,6.295511,6.875927,7.720677,-213.487589,3.553036,3.050016,-0.050045,6.247037,0.039776,0.016629
1.675181,19.319756,-394.930661,6.572844,6.812027,6.777573,-213.250305,3.172942,2.658976,-0.068925,6.251414,0.040078,0.014869
1.675713,21.405959,-394.572876,6.256086,6.756145,5.697060,-214.093495,3.066648,3.208709,-0.086821,6.256581,0.038481,0.014319
1.676244,23.444957,-394.483562,6.328526,6.824204,4.187495,-214.074101,3.161219,3.145239,-0.106340,6.263627,0.039018,0.014764
1.676775,25.908985,-393.998848,6.432959,6.888939,3.751481,-213.430420,3.126595,2.807903,-0.122099,6.265610,0.039340,0.014647
1.677306,27.548245,-393.692487,6.461923,6.815285,2.353254,-214.053084,3.141281,3.067777,-0.139344,6.272192,0.039640,0.014674
1.677837,29.638474,-393.016538,6.455666,6.673114,1.893840,-214.228155,3.126787,3.283500,-0.153953,6.274345,0.039681,0.014595
1.678368,31.881141,-392.774263,6.442640,6.753995,1.279787,-213.813006,3.193166,2.862594,-0.169356,6.277200,0.039627,0.014934
1.678899,33.613037,-392.468124,6.549027,6.875278,-0.225236,-213.089036,3.146806,2.469715,-0.186450,6.284242,0.039811,0.014768
1.679430,35.173874,-392.016837,6.137532,7.073313,-0.402468,-214.039461,3.290545,3.122611,-0.197292,6.285066,0.038541,0.015374
1.679962,37.296950,-391.048310,6.557151,6.878996,-1.688139,-214.322397,3.093749,3.160253,-0.217119,6.291062,0.040146,0.014435
1.680493,39.185795,-390.767985,6.439599,6.748562,-2.503364,-213.830392,2.992863,2.953112,-0.231395,6.294892,0.039142,0.013995
1.681024,40.955229,-390.191494,6.553489,6.819430,-3.879613,-213.875446,3.075837,3.147249,-0.249009,6.301323,0.039885,0.014379
1.681555,42.624017,-389.453172,6.540887,6.918453,-4.700069,-212.437294,2.946768,2.510080,-0.261234,6.305306,0.039221,0.013867
1.682086,43.883920,-388.737669,6.427104,6.727620,-5.135145,-213.228313,3.446618,2.401087,-0.272356,6.307264,0.039962,0.016157
1.682617,45.493679,-387.804356,6.371790,6.823939,-5.911199,-213.029198,3.109174,2.317740,-0.286054,6.310926,0.038969,0.014587
1.683148,47.103223,-387.511124,6.338634,6.793295,-6.100209,-213.927238,3.183025,3.336111,-0.297409,6.311693,0.039300,0.014874
1.683679,48.201344,-386.175600,6.392283,6.817876,-7.183185,-211.864432,3.619646,2.434615,-0.307646,6.317077,0.040111,0.017070
1.684211,49.534211,-386.512904,6.382606,6.721709,-7.099956,-213.242151,3.527179,2.547906,-0.315907,6.316468,0.039949,0.016527
1.684742,50.841821,-385.976590,6.342308,7.004203,-7.352161,-213.703387,3.480319,2.891804,-0.325766,6.317575,0.039983,0.016273
1.685273,51.696799,-384.518189,6.472906,7.007615,-8.137577,-212.786935,3.112142,2.987719,-0.335265,6.321410,0.039760,0.014614
1.685804,53.192934,-384.155881,6.373213,6.927421,-8.189731,-212.814679,3.076311,2.987265,-0.344004,6.321649,0.039183,0.014444
1.686335,53.667650,-383.487643,6.583081,6.722913,-7.816665,-212.424010,3.254534,2.484199,-0.345045,6.319966,0.040289,0.015306
1.686866,54.583219,-383.087920,6.675981,6.677486,-8.284874,-212.928177,3.037877,2.935018,-0.353909,6.322075,0.040406,0.014256
1.687397,55.644389,-382.985559,6.526450,6.871836,-8.284874,-212.928177,3.037877,2.935018,-0.359584,6.322075,0.039814,0.014256
1.687929,56.051184,-383.480393,6.541219,6.674103,-8.232612,-213.629384,3.018252,3.123395,-0.361811,6.321703,0.039782,0.014119
1.688460,56.659871,-383.332102,6.769417,6.699664,-8.467117,-213.601401,3.079805,3.131008,-0.366383,6.322804,0.040879,0.014408
1.688991,57.474427,-382.973037,6.518955,6.776132,-8.342305,-213.845374,3.067068,2.974340,-0.371122,6.322176,0.039841,0.014331
1.689522,57.761771,-382.719693,6.594061,6.754914,-8.342305,-213.845374,3.067068,2.974340,-0.373105,6.322176,0.040181,0.014331
1.690053,58.121553,-382.784573,6.655219,6.771527,-7.823472,-214.367858,3.235635,3.218653,-0.373208,6.319665,0.040987,0.015084
1.690584,58.708397,-383.053704,6.822314,6.842085,-8.365323,-214.186217,3.021323,3.240527,-0.378088,6.322222,0.041147,0.014097
1.691115,58.903222,-382.874361,6.680560,6.960116,-7.995036,-213.886187,3.290630,2.955493,-0.376946,6.320548,0.041060,0.015372
1.691646,59.145934,-382.980608,6.555949,6.936887,-7.781199,-213.386840,3.370633,2.422087,-0.375870,6.319634,0.040414,0.015780
1.692178,59.411821,-383.188882,6.488093,6.925677,-6.561948,-213.935220,3.516522,3.196282,-0.371676,6.313848,0.040807,0.016428
1.692709,59.411821,-383.188882,6.488093,6.925677,-6.583158,-214.335422,3.630384,3.331564,-0.372586,6.313890,0.041195,0.016929
1.693240,59.447468,-383.299254,6.478542,7.019451,-6.487445,-214.146973,3.543326,3.427957,-0.371679,6.313470,0.040992,0.016538
1.693771,59.400570,-383.315906,6.513404,7.012045,-5.691342,-213.954227,3.246023,3.194055,-0.366931,6.309780,0.040421,0.015166
1.694302,59.065722,-383.576532,6.691616,6.965525,-4.885336,-213.217846,3.390166,3.253600,-0.359113,6.306094,0.041352,0.015896
1.694833,58.837872,-383.952813,6.600224,7.117917,-4.715594,-214.115151,3.647574,3.048913,-0.358070,6.305205,0.041724,0.017030
1.695364,58.530597,-384.297849,6.705057,6.788304,-2.740123,-213.982648,3.576715,2.875446,-0.345333,6.295990,0.041843,0.016713
1.695895,58.201372,-384.770660,6.821033,6.617268,-2.438636,-214.254234,3.517094,3.156899,-0.341678,6.294567,0.042197,0.016414
1.696427,57.533862,-385.424290,6.561664,6.834913,-1.225160,-214.665251,3.107192,3.523892,-0.331413,6.288893,0.040462,0.014474
1.696958,57.220287,-385.811762,6.521213,6.996689,-0.923702,-213.462564,3.429917,2.627382,-0.325372,6.287513,0.040568,0.016068
1.697489,56.108988,-386.791811,6.370096,6.808106,0.209971,-213.900140,3.060644,2.949446,-0.312710,6.282204,0.039082,0.014309
1.698020,55.668169,-387.302622,6.496332,6.902464,1.033944,-213.392454,3.625145,2.745693,-0.304389,6.278340,0.040805,0.016988
1.698551,54.902716,-387.637484,6.432244,6.970248,1.822271,-214.179993,3.469301,3.190036,-0.296965,6.274677,0.040461,0.016197
1.699082,53.772229,-388.235526,6.422616,6.820766,2.479067,-213.963689,3.311288,2.838041,-0.286245,6.271599,0.039848,0.015475
1.699613,53.017444,-389.098222,6.287995,7.104585,4.083417,-214.129037,3.138553,3.210293,-0.272705,6.264118,0.039004,0.014655
1.700144,51.713181,-389.390222,6.496332,6.902464,4.908995,-213.882579,3.589628,2.857686,-0.260614,6.260238,0.040879,0.016777
1.700676,50.508448,-390.281782,6.622096,6.906303,6.307731,-213.801224,3.167524,2.911665,-0.245408,6.253691,0.040399,0.014808
1.701207,49.530981,-389.201241,6.576831,6.913821,7.266559,-212.732668,3.542021,2.859770,-0.235073,6.249040,0.041170,0.016637
1.701738,48.236890,-390.033911,6.410748,7.042938,8.373348,-212.712146,3.097180,2.934755,-0.221133,6.243841,0.039313,0.014548
1.702269,47.092534,-391.502027,6.386871,6.957285,10.020122,-213.515700,3.167500,2.754820,-0.205352,6.236291,0.039296,0.014815
1.702800,45.561309,-391.065072,6.355383,7.026318,10.776077,-212.827011,3.483335,3.187210,-0.192739,6.232595,0.040006,0.016343
1.703331,43.917353,-391.461650,6.520171,6.998369,11.941256,-212.864903,3.193647,3.204663,-0.177164,6.227146,0.040093,0.014980
1.703862,42.430302,-392.026412,6.421239,7.011960,13.105511,-212.364144,3.682781,2.804276,-0.161795,6.221551,0.040685,0.017295
1.704394,41.392597,-392.336371,6.451268,7.000807,14.256202,-212.998562,3.126596,3.219208,-0.150175,6.216354,0.039594,0.014648
1.704925,39.816113,-392.402939,6.405903,7.037778,15.409411,-212.834873,3.344527,3.137898,-0.135091,6.210911,0.039926,0.015668
1.705456,38.136607,-392.562099,6.507260,6.804332,17.183292,-212.680070,3.476808,3.062580,-0.115961,6.202566,0.040746,0.016283
1.705987,36.392465,-392.724140,6.475164,6.926717,18.437624,-212.242650,3.126907,2.840193,-0.099157,6.196532,0.039662,0.014668
1.706518,35.012668,-394.220477,6.399168,7.006772,18.954624,-213.618190,3.710548,2.886639,-0.088681,6.194686,0.040805,0.017275
1.707049,33.419991,-394.129709,6.420421,7.119333,21.039868,-212.736762,3.280412,2.671164,-0.068145,6.184605,0.039666,0.015320
1.707580,31.757956,-394.383550,6.269104,7.120426,21.538842,-212.752769,3.725338,2.558322,-0.056204,6.182290,0.040091,0.017374
1.708111,30.411584,-394.137908,6.231315,6.876642,22.072775,-212.476926,3.897224,2.674946,-0.045871,6.179673,0.040416,0.018192
1.708643,28.750608,-394.367167,6.221803,7.035229,23.339781,-212.546225,3.654405,2.531329,-0.029750,6.173813,0.039669,0.017038
1.709174,26.820217,-394.042802,6.227149,7.002284,25.598930,-212.274031,3.547207,2.848222,-0.006719,6.163171,0.039426,0.016548
1.709705,25.597068,-393.693643,6.547425,6.823761,26.275298,-211.466337,3.233903,2.877441,0.003722,6.159566,0.040073,0.015152
1.710236,23.821386,-393.523631,6.462064,6.879313,27.688233,-211.864546,2.961374,3.099669,0.021283,6.153233,0.039122,0.013871
1.710767,22.107393,-393.512870,6.475246,6.927624,28.370915,-210.763989,3.157664,2.651381,0.034261,6.149380,0.039399,0.014809
1.711298,20.876463,-393.242089,6.298941,6.928340,29.345200,-212.195083,3.713877,3.010613,0.046742,6.145763,0.040348,0.017281
1.711829,19.300373,-392.902083,6.200311,6.961058,30.294583,-210.625234,3.214388,2.543486,0.060243,6.140333,0.038255,0.015048
1.712360,17.915996,-392.548029,6.364166,6.837485,31.669309,-210.704946,3.260086,2.470871,0.075489,6.134000,0.039215,0.015228
1.712892,16.683941,-392.518023,6.328809,7.088922,31.637182,-211.003345,3.554567,2.667357,0.082195,6.134357,0.039867,0.016580
1.713423,14.940205,-392.313457,6.169730,7.042693,32.449660,-211.920615,3.494696,3.152149,0.096760,6.131244,0.039157,0.016266
1.713954,13.486821,-391.932624,6.484027,6.816961,33.102353,-211.387840,3.745834,2.883123,0.108222,6.127851,0.041228,0.017421
1.714485,12.564420,-391.614413,6.411531,6.646937,34.165791,-211.048428,3.955481,2.756133,0.119066,6.122692,0.041401,0.018379
1.715016,11.132255,-391.678991,6.253792,6.812834,35.081770,-210.709036,3.886309,2.659025,0.131575,6.118205,0.040330,0.018063
1.715547,10.311572,-391.335672,6.400457,6.966562,35.527134,-210.411971,3.722024,2.546594,0.138479,6.115917,0.040533,0.017313
1.716078,9.315385,-391.113908,6.571054,6.856721,35.712888,-210.896650,3.703774,2.650948,0.145442,6.115438,0.041391,0.017197
1.716609,8.341178,-390.629842,6.389872,6.929530,36.332836,-210.935639,4.012854,2.777916,0.154532,6.112613,0.041480,0.018607
1.717141,6.690786,-390.288132,6.341784,6.826041,36.367334,-211.237770,4.098659,2.943859,0.164251,6.112694,0.041588,0.018988
1.717672,6.590652,-390.219341,6.398600,6.824204,36.751844,-211.507632,3.931775,3.173162,0.167195,6.111142,0.041440,0.018221
1.718203,5.404970,-388.922414,6.520273,6.761607,37.213689,-209.867203,3.892077,2.791332,0.175813,6.107689,0.041709,0.018125
1.718734,4.570498,-388.716359,6.463391,6.863750,37.141191,-209.832825,3.842469,2.691641,0.180105,6.107996,0.041329,0.017892
1.719265,4.331732,-388.695072,6.424365,6.830659,37.233980,-210.226229,3.769443,3.017423,0.182311,6.107889,0.041048,0.017559
1.719796,3.533049,-388.693280,6.464675,6.784812,37.205226,-210.272857,3.703188,2.969701,0.186530,6.108060,0.041024,0.017248
1.720327,2.767116,-388.389639,6.391025,6.934957,37.760251,-210.668030,3.959839,3.098853,0.194412,6.105828,0.041523,0.018390
1.720859,2.571853,-388.391327,6.355330,7.056075,37.760251,-210.668030,3.959839,3.098853,0.195467,6.105828,0.041377,0.018390
1.721390,2.202977,-388.249444,6.449249,6.850218,37.823906,-210.594503,3.975180,3.140906,0.197882,6.105475,0.041803,0.018469
1.721921,1.414051,-388.326756,6.434280,6.864611,37.448271,-210.346048,3.689698,3.011191,0.199761,6.107000,0.040862,0.017181
1.722452,1.317367,-388.282291,6.504109,6.861401,37.302185,-210.421631,3.780185,3.020174,0.199626,6.107735,0.041451,0.017591
1.722983,1.136358,-388.522707,6.569267,6.857298,37.533763,-209.943141,3.789805,2.676559,0.201062,6.106274,0.041565,0.017631
1.723514,1.023695,-389.243116,6.481929,6.914482,37.122265,-211.124183,3.806930,3.044996,0.199957,6.109133,0.041371,0.017663
1.724045,0.853966,-389.429379,6.583519,6.887669,36.399949,-211.400941,4.068800,3.102206,0.197073,6.112673,0.042593,0.018853
1.724576,0.728495,-389.537432,6.647077,6.807169,36.397453,-211.330285,4.198961,3.025488,0.197544,6.112628,0.043175,0.019445
1.725108,0.660502,-389.624363,6.619917,6.758759,35.221253,-211.060989,3.811397,2.705130,0.191185,6.117832,0.041930,0.017692
1.725639,0.715484,-389.804088,6.606717,6.928523,34.977085,-211.314071,3.756004,2.969964,0.189646,6.119151,0.041803,0.017448
1.726170,0.782786,-389.922942,6.596063,6.867296,34.445044,-210.984975,4.081113,2.759928,0.185949,6.121355,0.042535,0.018955
1.726701,0.886196,-390.475618,6.607270,6.946572,33.110934,-211.467656,3.720582,2.932786,0.178111,6.127870,0.041683,0.017303
1.727232,0.891166,-390.671777,6.651530,6.942200,33.206293,-210.392707,3.566939,2.507321,0.177367,6.126647,0.041181,0.016643
1.727763,1.369338,-390.756505,6.584304,7.011957,31.925442,-211.571912,3.555272,3.119794,0.168904,6.133419,0.041196,0.016573
1.728294,1.924522,-391.255872,6.585482,6.879779,31.563800,-210.823651,3.634968,2.535476,0.162814,6.134573,0.041111,0.016955
1.728825,2.481103,-391.794179,6.468705,6.837996,30.985235,-211.186204,4.090418,2.539625,0.156532,6.137505,0.041811,0.019039
1.729357,2.772742,-391.945836,6.369251,7.068469,29.867819,-210.792257,3.638873,2.553808,0.148469,6.142429,0.040069,0.017007
1.729888,3.389213,-392.324483,6.444909,7.099260,29.496992,-211.609271,3.624123,2.599810,0.143476,6.144684,0.040514,0.016884
1.730419,4.205505,-392.784230,6.563795,6.945976,27.883618,-211.964055,3.478987,2.794232,0.130208,6.152388,0.040741,0.016224
1.730950,4.927689,-392.766005,6.319387,7.079989,27.155261,-212.357383,3.440806,2.810036,0.122589,6.156000,0.039620,0.016029
1.731481,5.380415,-393.418253,6.375289,6.938177,25.882225,-212.543212,3.485245,2.989639,0.112866,6.162008,0.039935,0.016246
1.732012,6.562129,-393.860772,6.348234,6.994865,24.494949,-213.555167,3.392758,3.314821,0.099132,6.168984,0.039755,0.015779
1.732543,7.311953,-394.009730,6.322690,6.886939,23.006360,-213.642803,3.667695,3.140074,0.086795,6.175913,0.040384,0.017043
1.733074,8.068434,-394.475146,6.480305,6.785337,22.506415,-212.819517,3.101222,3.205738,0.079313,6.177823,0.039435,0.014497
1.733606,8.923377,-394.908366,6.253333,7.168938,21.327012,-212.776947,3.177033,2.617612,0.067998,6.183287,0.038439,0.014833
1.734137,9.875050,-393.921901,6.520973,6.995961,19.381293,-212.080395,3.302548,3.071721,0.052230,6.192052,0.040148,0.015499
1.734668,10.828034,-394.102769,6.304724,7.026855,18.395361,-211.983958,3.157664,2.651381,0.041528,6.196625,0.038689,0.014824
1.735199,12.060571,-394.249442,6.488565,6.868056,16.566801,-211.911962,3.094571,2.708782,0.024709,6.205166,0.039414,0.014548
1.735730,12.859118,-394.245070,6.342933,6.913859,14.471593,-212.635505,3.885321,2.907532,0.008879,6.215232,0.040956,0.018212
1.736261,14.030352,-394.602072,6.478509,6.803938,14.106159,-212.743291,3.069074,2.983671,0.000417,6.216976,0.039419,0.014393
1.736792,14.878124,-394.093135,6.359487,6.830277,12.567743,-212.497087,3.203813,2.873256,-0.012722,6.224111,0.039210,0.015046
1.737324,16.269598,-394.402638,6.369219,6.915099,10.981057,-212.461675,2.684063,2.906346,-0.029059,6.231546,0.037975,0.012619
1.737855,17.045317,-394.225535,6.239204,6.833011,9.770898,-212.756853,3.067648,2.925598,-0.040065,6.237292,0.038286,0.014402
1.738386,18.240547,-393.970744,6.500167,6.803617,8.484165,-212.635024,3.116390,2.928842,-0.053751,6.243306,0.039699,0.014643
1.738917,19.003582,-394.753296,6.332481,6.933265,6.677804,-213.354568,3.177325,2.630808,-0.067844,6.251896,0.038976,0.014883
1.739448,20.296494,-394.721579,6.497489,6.684888,5.527450,-213.818590,3.017835,2.931539,-0.081460,6.257340,0.039476,0.014109
1.739979,21.026518,-394.716492,6.316653,6.944988,3.444610,-214.015693,3.647279,3.244434,-0.096993,6.267092,0.040195,0.017039
1.740510,22.087624,-394.335475,6.476837,6.879907,2.057776,-213.082239,3.201183,2.418438,-0.110061,6.273528,0.039623,0.015022
1.741041,22.608803,-393.878374,6.408059,6.922110,1.373542,-214.151639,3.476543,2.989779,-0.117608,6.276772,0.040303,0.016234
1.741573,24.065466,-393.299621,6.504327,6.850102,0.252663,-214.134166,3.271224,3.224170,-0.132135,6.282005,0.040310,0.015277
1.742104,24.829737,-393.606873,6.645811,7.028716,-1.419595,-212.737123,3.593269,2.449202,-0.144122,6.289858,0.041325,0.016890
1.742635,25.713145,-392.987962,6.489520,6.716894,-3.033452,-213.927147,3.350289,2.875459,-0.159183,6.297364,0.040272,0.015659
1.743166,26.341459,-392.406563,6.578454,6.778755,-3.470667,-214.146268,3.233236,3.038688,-0.165706,6.299391,0.040572,0.015096
1.743697,26.818220,-392.441084,6.469321,6.967907,-5.757281,-213.659089,3.035280,2.794000,-0.180231,6.310125,0.039388,0.014200
1.744228,28.010358,-391.973087,6.331426,6.882084,-6.057064,-213.438139,3.093635,2.680583,-0.188550,6.311556,0.038838,0.014487
1.744759,28.467752,-391.361574,6.524077,6.725568,-8.101668,-212.858422,3.179387,2.348523,-0.202071,6.321228,0.039801,0.014921
1.745290,29.199614,-390.891379,6.243647,6.811187,-8.391810,-214.254663,3.497453,3.020654,-0.209689,6.322333,0.039700,0.016308
1.745822,29.779352,-390.648825,6.530580,6.697428,-10.367180,-212.954514,3.259242,2.617464,-0.222200,6.331830,0.040036,0.015280
1.746353,30.113845,-390.531524,6.573943,6.708343,-10.441751,-213.211117,3.345489,2.471183,-0.224846,6.332120,0.040490,0.015664
1.746884,30.562709,-390.094521,6.463519,6.838461,-11.098419,-213.853175,3.751369,3.311007,-0.232126,6.335036,0.041303,0.017513
1.747415,31.040733,-390.068949,6.589136,6.800995,-12.823770,-213.234365,3.524569,2.454844,-0.243146,6.343252,0.040939,0.016484
1.747946,31.527991,-389.858782,6.449289,6.923870,-13.123809,-213.592040,3.404070,3.102443,-0.248100,6.344552,0.040205,0.015902
1.748477,31.811566,-389.750262,6.550077,6.937896,-14.200565,-212.763169,3.143461,2.544965,-0.254344,6.349830,0.039773,0.014730
1.749008,31.878562,-389.507742,6.583242,6.933833,-14.520061,-213.861741,3.095131,3.033301,-0.258261,6.350976,0.040150,0.014438
1.749539,32.099763,-389.370976,6.544478,6.791793,-15.317342,-213.028764,3.415365,3.469124,-0.262679,6.354964,0.040518,0.015992
1.750071,32.148796,-388.952426,6.534641,7.014065,-15.820806,-213.001287,2.996517,3.492753,-0.266162,6.357325,0.039674,0.014043
1.750602,32.148796,-388.952426,6.534641,7.014065,-16.367754,-213.432976,2.999298,3.327767,-0.269683,6.359724,0.039716,0.014021
1.751133,32.252048,-388.982755,6.569374,7.075632,-16.742193,-213.049367,3.252383,3.869052,-0.271600,6.361608,0.040441,0.015238
1.751664,32.205134,-387.904009,6.577746,7.011490,-17.189547,-211.660733,3.528341,2.687699,-0.273254,6.364220,0.040799,0.016592
1.752195,32.216166,-387.756903,6.607220,6.906963,-17.533110,-212.350111,3.465173,3.368235,-0.276364,6.365565,0.041013,0.016260
1.752726,32.205134,-387.904009,6.577746,7.011490,-18.301143,-211.489938,3.183394,2.499126,-0.278835,6.369505,0.039880,0.014975
1.753257,32.089156,-388.693918,6.653001,6.856500,-18.993403,-212.304758,3.530052,2.757176,-0.281890,6.372411,0.040954,0.016535
1.753789,31.681667,-388.650969,6.427368,7.032810,-18.905042,-212.216569,3.413205,2.749241,-0.279226,6.372034,0.039765,0.015998
1.754320,31.293487,-388.567130,6.619539,6.919977,-18.778858,-212.668198,3.533493,2.659665,-0.277330,6.371258,0.040992,0.016523
1.754851,30.649794,-388.607602,6.595803,6.900375,-18.860366,-212.427606,3.473403,2.583695,-0.273955,6.371738,0.040700,0.016258
1.755382,30.176554,-388.942088,6.441623,7.034752,-18.820220,-212.486753,3.503663,2.869667,-0.270849,6.371526,0.040146,0.016404
1.755913,29.581503,-388.923699,6.512556,6.912776,-19.174012,-213.489566,3.533479,3.408385,-0.271073,6.372757,0.040812,0.016480
1.756444,29.151506,-389.379589,6.449074,7.029935,-19.025915,-213.561397,3.665269,3.801653,-0.267453,6.372039,0.040918,0.017100
1.756975,28.206300,-389.380089,6.467960,6.856087,-19.116111,-214.097850,3.630191,3.478366,-0.263692,6.372236,0.040955,0.016883
1.757506,27.279772,-389.823415,6.473610,6.813995,-18.803272,-213.794785,3.491091,3.588594,-0.256047,6.370910,0.040545,0.016270
1.758038,26.387146,-389.889226,6.681238,6.904504,-17.692190,-212.433385,3.150015,2.520193,-0.243469,6.366277,0.040386,0.014759
1.758569,25.360331,-390.316550,6.407488,6.917007,-17.429506,-212.463350,3.265431,2.633052,-0.236103,6.365037,0.039377,0.015300
1.759100,24.573020,-390.680138,6.472843,7.029407,-17.273047,-213.411782,3.300106,3.218879,-0.231817,6.363947,0.040029,0.015411
1.759631,23.662961,-390.951056,6.506004,6.649549,-17.111418,-213.609372,3.492418,3.201423,-0.225992,6.363121,0.040578,0.016289
1.760162,22.297792,-391.356951,6.541001,6.615060,-16.006681,-212.605101,3.055546,2.503158,-0.211096,6.358332,0.039457,0.014318
1.760693,21.215881,-392.039543,6.287331,6.895431,-15.655824,-213.532444,3.132317,3.126616,-0.203691,6.356373,0.038665,0.014630
1.761224,20.057129,-392.284994,6.498406,6.886756,-14.383461,-212.943064,3.426197,2.275017,-0.189729,6.350629,0.040209,0.016033
1.761755,19.057268,-393.005740,6.255739,7.236155,-14.488172,-213.562453,3.475534,3.498799,-0.184809,6.350922,0.039374,0.016237
1.762287,17.638120,-393.063297,6.415720,6.868208,-13.045047,-213.458721,3.474192,3.248778,-0.169204,6.344222,0.040090,0.016242
1.762818,16.371031,-393.747736,6.311143,6.990834,-12.760168,-213.811069,3.428187,3.108330,-0.160504,6.342794,0.039469,0.016000
1.763349,15.109916,-393.814611,6.676639,7.004856,-11.440930,-213.245656,3.571266,2.471855,-0.145994,6.336785,0.041470,0.016711
1.763880,13.742482,-394.235128,6.324942,7.056052,-9.768350,-213.740509,3.073094,3.157523,-0.129529,6.328855,0.038700,0.014364
1.764411,12.213239,-394.596818,6.432156,7.092942,-8.803341,-214.223963,3.230255,3.188229,-0.115994,6.324256,0.039681,0.015066
1.764942,10.634891,-394.854686,6.517407,7.004615,-8.262539,-212.941421,3.101221,2.394289,-0.103510,6.321968,0.039475,0.014548
1.765473,9.436498,-395.022004,6.461261,6.950015,-7.623209,-213.825869,3.062791,2.899666,-0.093874,6.318822,0.039307,0.014314
1.766004,7.599286,-394.560586,6.307951,6.945341,-6.661021,-212.707402,3.445480,2.899922,-0.078256,6.314490,0.039415,0.016188
1.766536,6.153355,-395.500536,6.474351,7.111921,-6.219650,-213.180928,3.635658,2.496509,-0.067760,6.312352,0.040636,0.017043
1.767067,4.648505,-395.572076,6.402190,7.026113,-4.400278,-213.781593,3.412793,2.952387,-0.049735,6.303765,0.039864,0.015960
1.767598,2.977495,-395.662956,6.243380,6.757599,-3.602645,-212.934595,3.163485,2.252477,-0.035995,6.300103,0.038279,0.014853
1.768129,1.638410,-395.740660,6.377269,6.959471,-2.012676,-214.049097,3.560657,3.147364,-0.020092,6.292588,0.040192,0.016634
1.768660,-0.073617,-395.857949,6.496204,6.880879,-0.848433,-213.968822,3.656313,2.866850,-0.004260,6.287151,0.040983,0.017088
1.769191,-1.682404,-395.539975,6.423805,6.979329,0.448752,-213.085063,3.237350,2.449663,0.011680,6.281079,0.039423,0.015193
1.769722,-3.020589,-395.775639,6.165703,6.943746,1.507490,-213.896232,3.565000,2.851321,0.024891,6.276138,0.039148,0.016666
1.770254,-4.692926,-395.455816,6.156356,6.904508,2.421262,-213.336053,3.157664,2.651381,0.039043,6.271836,0.037966,0.014800
1.770785,-5.746238,-395.679267,6.494909,6.773682,3.465388,-213.696122,3.634853,2.673832,0.050575,6.266970,0.040844,0.017006
1.771316,-7.398058,-395.211526,6.272136,7.013411,4.727964,-213.800375,3.906106,2.838158,0.066743,6.261075,0.040644,0.018263
1.771847,-9.294692,-394.769601,6.382036,6.888989,5.633235,-213.014356,3.525795,2.374664,0.081948,6.256746,0.039981,0.016543
1.772378,-10.487575,-394.719576,6.535186,6.834998,6.324129,-212.492190,3.269840,2.232647,0.091996,6.253432,0.039926,0.015378
1.772909,-11.521452,-394.873127,6.392433,6.908380,7.424612,-213.806797,3.548699,2.966840,0.104257,6.248473,0.040173,0.016585
1.773440,-13.112780,-394.459614,6.352144,6.886432,8.368744,-213.240523,3.553001,3.087201,0.117988,6.243960,0.039904,0.016646
1.773971,-13.860569,-393.858748,6.455612,6.751424,9.571944,-213.509695,3.733706,2.919759,0.129205,6.238384,0.040997,0.017463
1.774503,-15.430524,-393.724501,6.416298,6.791808,10.607145,-213.474985,3.143786,2.971340,0.143461,6.233538,0.039263,0.014707
1.775034,-16.397759,-393.262131,6.497542,6.710426,11.117189,-213.262666,3.864866,2.698083,0.151687,6.231103,0.041478,0.018085
1.775565,-17.352322,-392.695518,6.322246,6.754259,13.259684,-213.696437,3.365077,3.202062,0.169379,6.221216,0.039489,0.015714
1.776096,-18.653802,-392.652402,6.521234,6.830203,13.412260,-213.649989,3.716399,3.049885,0.177257,6.220491,0.041270,0.017349
1.776627,-19.450506,-392.567778,6.413443,6.690098,13.849729,-213.696117,3.619184,3.233264,0.184061,6.218465,0.040487,0.016894
1.777158,-20.429904,-391.845456,6.644653,6.775988,15.357526,-213.699680,3.698063,3.123811,0.198250,6.211444,0.041820,0.017248
1.777689,-21.446911,-391.755829,6.402918,6.782296,15.860799,-212.935614,3.673645,2.634604,0.205682,6.208836,0.040387,0.017182
1.778220,-21.866147,-391.210179,6.449203,6.732808,18.046660,-212.781076,3.635333,2.566029,0.220067,6.198575,0.040440,0.016993
1.778752,-22.723528,-390.546346,6.465998,6.688175,19.006318,-213.197047,3.127422,3.272569,0.231094,6.194271,0.039500,0.014617
1.779283,-23.208476,-390.611943,6.492687,6.670720,18.666130,-212.785128,3.119262,2.744145,0.231267,6.195686,0.039431,0.014591
1.779814,-23.840152,-390.494918,6.475454,6.726254,19.448199,-212.854932,3.898740,2.637700,0.239027,6.192070,0.041240,0.018199
1.780345,-24.169398,-389.881670,6.452269,6.736542,20.145043,-212.703255,3.652166,2.726137,0.245084,6.188757,0.040548,0.017060
1.780876,-24.341231,-389.885455,6.446521,6.736416,20.585769,-213.360917,4.187971,3.117049,0.249217,6.187000,0.042116,0.019498
1.781407,-24.693264,-389.785277,6.651378,6.788543,21.021024,-213.233697,3.939303,2.808582,0.253364,6.184921,0.042258,0.018341
1.781938,-24.875371,-389.308583,6.698427,6.936423,20.998823,-213.514813,3.873848,2.999371,0.255262,6.185152,0.042528,0.018021
1.782470,-25.212125,-388.221190,6.687827,6.954509,21.893688,-211.596903,3.579765,2.484176,0.260634,6.180083,0.041425,0.016782
1.783001,-25.156638,-389.120459,6.696020,6.878768,23.333158,-212.457570,3.549055,2.936150,0.267879,6.173799,0.041330,0.016574
1.783532,-25.088166,-388.920909,6.695712,6.767146,22.515795,-213.376212,4.024152,3.002508,0.264810,6.178053,0.042800,0.018709
1.784063,-24.998281,-388.912083,6.637541,6.790091,22.908518,-213.370534,3.762787,3.120988,0.266421,6.176230,0.041872,0.017503
1.784594,-24.998281,-388.912083,6.637541,6.790091,23.595021,-213.389397,3.528995,3.344850,0.270085,6.173060,0.041296,0.016428
1.785125,-24.933459,-388.827928,6.660462,6.834170,23.162514,-213.479615,3.776826,3.322614,0.267704,6.175108,0.042089,0.017565
1.785656,-24.593689,-388.843006,6.550311,6.882893,23.556191,-212.973214,3.648054,3.061832,0.267233,6.173027,0.041132,0.016995
1.786187,-24.081542,-388.876849,6.493187,6.943443,23.373771,-213.015843,3.828534,3.105719,0.263568,6.173895,0.041408,0.017829
1.786719,-23.752690,-388.801920,6.461388,6.819525,23.202924,-213.232134,3.866195,3.222476,0.261331,6.174796,0.041436,0.017993
1.787250,-23.025014,-389.067441,6.609120,6.936629,23.636422,-212.872414,3.671701,3.103705,0.258885,6.172603,0.041494,0.017113
1.787781,-22.373675,-389.014028,6.574462,6.804684,23.597929,-213.187637,3.571907,3.265881,0.255735,6.172943,0.041193,0.016637
1.788312,-21.621304,-389.555547,6.374027,6.960589,23.854479,-213.156543,3.633827,3.445672,0.252307,6.171738,0.040428,0.016931
1.788843,-20.339161,-389.478852,6.340647,6.820610,23.239158,-213.421948,3.814407,3.338300,0.242647,6.174724,0.040861,0.017743
1.789374,-19.571687,-390.010924,6.370755,6.828747,23.405642,-213.220865,3.774364,3.247439,0.238472,6.173851,0.040748,0.017569
1.789905,-18.487359,-390.250962,6.622603,6.802276,22.958087,-213.706362,3.716568,3.219291,0.230584,6.176168,0.041858,0.017267
1.790436,-17.532482,-390.704468,6.366621,6.837040,22.538648,-213.733039,3.738508,3.228376,0.222672,6.178121,0.040738,0.017371
1.790968,-16.131911,-390.864761,6.268413,6.802162,22.592098,-213.515637,3.029974,3.158866,0.214975,6.177768,0.038494,0.014119
1.791499,-15.353757,-390.873282,6.343078,6.894693,21.836373,-213.413363,3.558545,3.161008,0.206580,6.181221,0.040187,0.016570
1.792030,-14.234674,-391.482679,6.484976,7.098457,21.886323,-213.050891,3.612804,2.952154,0.199737,6.180816,0.040835,0.016839
1.792561,-12.756023,-392.166459,6.431358,6.727453,21.842312,-213.303311,3.468570,3.156640,0.191075,6.181141,0.040134,0.016162
1.793092,-11.266948,-392.455307,6.353422,6.808538,20.144251,-213.710836,3.284854,3.099623,0.173956,6.189204,0.039466,0.015295
1.793623,-9.478345,-392.807087,6.335509,6.929014,20.030459,-213.673077,3.302122,3.438691,0.163264,6.189715,0.039442,0.015392
1.794154,-8.373806,-392.948701,6.315228,6.907875,19.079907,-213.730531,3.803994,3.083950,0.152004,6.194150,0.040687,0.017704
1.794685,-6.610538,-393.342825,6.460174,6.942550,18.671826,-213.829015,3.626722,3.122753,0.139918,6.196085,0.040889,0.016880
1.795217,-5.087868,-393.961117,6.283019,7.082732,17.315634,-214.207064,3.616247,3.126463,0.123995,6.202525,0.040063,0.016813
1.795748,-3.388369,-393.469393,6.340736,6.849321,16.783994,-212.722620,3.828064,2.919060,0.111146,6.204448,0.040728,0.017917
1.796279,-2.079120,-393.632507,6.520750,7.040993,16.991741,-212.263659,3.635939,2.763941,0.104765,6.203305,0.040945,0.017052
1.796810,0.085943,-393.484870,6.523614,6.936890,15.970054,-212.036949,3.083351,2.603239,0.087318,6.208010,0.039623,0.014489
1.797341,1.884444,-393.788001,6.516343,6.827387,15.238474,-212.648195,2.853339,3.149078,0.073589,6.211647,0.039178,0.013391
1.797872,3.743845,-393.957065,6.470079,6.988000,14.328323,-212.789073,3.141281,3.067777,0.058357,6.215951,0.039641,0.014728
1.798403,5.074338,-394.951554,6.250029,7.008175,13.768074,-214.093856,2.974766,3.131985,0.048033,6.218965,0.038238,0.013869
1.798935,6.928992,-395.019256,6.306000,6.932681,12.622708,-213.855022,3.392076,3.072186,0.031418,6.224229,0.039507,0.015829
1.799466,9.457885,-394.988117,6.462187,6.850111,12.215419,-213.959131,3.141127,3.260597,0.015231,6.226155,0.039687,0.014659
1.799997,11.202521,-395.320310,6.198647,6.900077,11.056968,-212.696970,3.516922,2.424671,-0.000797,6.231247,0.039025,0.016501
1.800528,13.288275,-395.242740,6.142953,7.038719,10.351314,-213.876915,3.141281,3.067777,-0.016192,6.234825,0.038038,0.014669
1.801059,15.068893,-394.940881,6.275836,7.044720,9.441657,-214.618136,3.135304,3.337661,-0.031196,6.239221,0.038890,0.014597
1.801590,17.166250,-395.402441,6.142530,7.002939,8.435224,-213.102584,3.182455,2.580200,-0.047857,6.243623,0.037912,0.014918
1.802121,18.936734,-394.886583,6.294648,6.923567,8.042055,-213.992067,3.055704,2.936710,-0.060154,6.245622,0.038622,0.014269
1.802652,20.854117,-394.946602,6.234247,7.067347,7.056343,-213.850612,3.481789,2.943695,-0.076043,6.250201,0.039333,0.016270
1.803184,22.614124,-394.738250,6.192681,7.125768,6.022994,-214.090099,3.043724,3.077407,-0.091585,6.255060,0.038079,0.014212
1.803715,24.739366,-394.482508,6.188268,6.971073,5.809940,-213.482089,3.214509,2.709625,-0.104203,6.255977,0.038349,0.015050
1.804246,26.437491,-393.634631,6.475757,6.865113,4.044392,-212.779644,3.141910,2.261637,-0.123191,6.264180,0.039499,0.014762
1.804777,28.385266,-393.452311,6.490260,7.073143,3.596312,-213.916185,3.241574,3.002285,-0.137205,6.266375,0.040074,0.015151
1.805308,29.921930,-393.109584,6.555599,6.836373,2.359392,-213.057913,3.211824,2.430105,-0.151902,6.272112,0.040072,0.015074
1.805839,31.928837,-392.828608,6.539042,6.921323,1.757923,-213.132844,3.156323,2.303685,-0.166348,6.274937,0.039854,0.014808
1.806370,33.771718,-392.420662,6.563018,6.705293,1.462688,-212.818260,2.903223,2.087622,-0.177988,6.276312,0.039300,0.013641
1.806901,35.349567,-391.875924,6.346062,6.811984,0.000852,-212.897105,3.284348,2.272483,-0.194993,6.283181,0.039175,0.015427
1.807433,36.699047,-391.397117,6.229968,6.938918,-1.339106,-213.842257,3.651842,3.076012,-0.211043,6.289447,0.039860,0.017077
1.807964,38.379070,-391.115404,6.413516,7.011790,-1.694360,-214.154773,3.659832,2.997657,-0.222698,6.291097,0.040764,0.017089
1.808495,39.899971,-390.591219,6.556742,6.861679,-1.703783,-213.263608,3.388709,2.438683,-0.230447,6.291174,0.040493,0.015889
1.809026,41.436313,-390.085980,6.450122,6.968113,-2.660068,-213.227554,3.276120,2.779733,-0.244349,6.295660,0.039778,0.015363
1.809557,42.514681,-389.692197,6.507475,7.005652,-2.315974,-213.089576,3.179736,2.335801,-0.248599,6.294053,0.039799,0.014921
1.810088,44.060412,-389.174076,6.348486,6.991143,-2.990675,-213.366532,3.626744,2.467958,-0.261500,6.297201,0.040212,0.016995
1.810619,45.250378,-388.698372,6.324621,6.721545,-3.163419,-213.517555,3.567358,2.552321,-0.269635,6.298000,0.039925,0.016705
1.811150,46.203775,-388.499790,6.601603,6.736710,-3.527095,-213.888881,3.279271,2.847625,-0.277463,6.299674,0.040577,0.015329
1.811682,47.578104,-388.154510,6.356576,6.796221,-4.822527,-213.329901,3.717916,2.835678,-0.291211,6.305787,0.040349,0.017422
1.812213,48.992682,-387.566875,6.253186,6.967727,-4.158162,-213.384590,3.237896,2.577088,-0.296170,6.302670,0.038853,0.015170
1.812744,49.643300,-387.462258,6.431628,6.937471,-3.945984,-214.408211,3.202288,3.185541,-0.300303,6.301587,0.039882,0.014933
1.813275,50.775301,-386.068466,6.624692,6.775291,-4.625031,-213.921007,3.475733,3.318730,-0.311352,6.304802,0.041401,0.016244
1.813806,51.213607,-386.041065,6.649560,6.928177,-4.113969,-212.734922,3.257288,2.704321,-0.309020,6.302521,0.040718,0.015308
1.814337,52.044083,-385.635827,6.532419,6.908103,-4.591329,-214.024150,3.214942,3.586157,-0.318766,6.304634,0.040570,0.015019
1.814868,52.599630,-385.256062,6.698741,6.758000,-4.778138,-214.240351,3.432471,3.545527,-0.323710,6.305484,0.041786,0.016018
1.815400,53.255990,-384.923172,6.505206,6.801830,-4.882214,-214.128736,3.512465,3.502019,-0.328096,6.305982,0.041127,0.016399
1.815931,53.695211,-385.730562,6.514866,6.773455,-4.981392,-215.115403,3.541162,3.477866,-0.331241,6.306338,0.041216,0.016457
1.816462,53.976260,-385.799439,6.540725,6.901036,-4.899023,-215.103362,3.493722,3.499409,-0.332136,6.305957,0.041261,0.016238
1.816993,54.530129,-385.562391,6.655374,6.942570,-4.738008,-214.792048,3.507196,3.533439,-0.334056,6.305240,0.041779,0.016324
1.817524,54.792246,-385.586147,6.736460,6.939239,-4.472323,-214.255308,3.495978,3.451390,-0.333024,6.304056,0.041960,0.016313
1.818055,55.417807,-385.411060,6.484461,6.976291,-4.181776,-214.431717,3.515604,3.426378,-0.335407,6.302685,0.040979,0.016392
1.818586,55.652845,-385.707290,6.507560,6.935356,-3.748681,-213.873045,3.277919,3.004294,-0.332831,6.300711,0.040239,0.015324
1.819117,55.652845,-385.707290,6.507560,6.935356,-3.853250,-214.460780,3.208804,3.266880,-0.334435,6.301151,0.040272,0.014960
1.819649,55.732904,-385.821830,6.498514,6.885511,-3.038411,-213.819085,3.664570,3.053472,-0.329251,6.297395,0.041086,0.017136
1.820180,55.789118,-385.913258,6.506150,6.943293,-2.326175,-213.778552,3.461588,2.939299,-0.325599,6.294066,0.040661,0.016191
1.820711,55.796208,-386.235150,6.506809,6.973227,-2.423173,-213.860665,3.716679,3.097155,-0.325720,6.294515,0.041264,0.017378
1.821242,55.720739,-386.330255,6.529995,7.001855,-1.126019,-213.626723,3.663179,3.068479,-0.317988,6.288456,0.041265,0.017147
1.821773,55.135772,-386.605531,6.670533,6.888933,-0.876274,-213.324411,3.801720,2.685184,-0.312643,6.287293,0.042016,0.017821
1.822304,55.035641,-386.925719,6.700668,6.908639,-0.362322,-212.794791,3.179967,2.226172,-0.308015,6.284888,0.040511,0.014944
1.822835,54.646930,-387.151283,6.735782,6.864051,0.117956,-212.820007,3.234386,2.143660,-0.303148,6.282631,0.040772,0.015198
1.823366,54.113790,-387.457259,6.554911,7.083142,1.163459,-213.310683,3.708895,2.549715,-0.295174,6.277731,0.041376,0.017387
1.823898,53.826878,-388.072910,6.504361,7.026946,2.129805,-214.439677,3.195241,3.412718,-0.289380,6.273254,0.040264,0.014900
1.824429,53.281362,-388.571908,6.507071,6.989832,2.483747,-214.044619,3.211016,3.034637,-0.283233,6.271582,0.040080,0.015001
1.824960,52.515395,-388.725097,6.629073,7.121623,3.341520,-213.810668,3.603140,2.869382,-0.274057,6.267558,0.041580,0.016849
1.825491,51.872193,-389.323271,6.593271,6.935713,4.677315,-214.260401,3.552833,3.260959,-0.263328,6.261359,0.041373,0.016577
1.826022,50.932320,-389.665017,6.614932,6.873524,5.150112,-213.836696,3.656313,2.866850,-0.254724,6.259106,0.041561,0.017092
1.826553,49.969831,-389.884055,6.473782,6.864558,6.246494,-214.052711,3.187807,3.274357,-0.243723,6.254012,0.039955,0.014887
1.827084,49.292233,-390.736168,6.296070,7.008531,7.118858,-213.360504,3.635616,2.622993,-0.233429,6.249832,0.039940,0.017026
1.827615,48.276908,-391.013684,6.474373,7.072793,8.324800,-213.971947,3.151418,3.288896,-0.221947,6.244299,0.039841,0.014718
1.828147,47.293867,-391.288186,6.357205,7.175037,9.005389,-214.009710,3.555494,2.998837,-0.212712,6.241131,0.040286,0.016595
1.828678,46.096219,-391.921831,6.407852,7.068461,10.128475,-213.682997,3.187544,3.070669,-0.199121,6.235821,0.039483,0.014899
1.829209,45.159383,-392.405713,6.456842,7.266833,11.168560,-213.893863,3.487870,3.020465,-0.188160,6.231017,0.040490,0.016279
1.829740,43.584865,-391.761876,6.375816,6.943420,12.081309,-212.524124,3.191319,3.002386,-0.173987,6.226400,0.039252,0.014989
1.830271,42.471669,-392.130654,6.369799,6.978590,13.326331,-212.496218,3.541215,2.801032,-0.160846,6.220554,0.040081,0.016620
1.830802,41.031983,-392.281540,6.203026,7.079377,13.719591,-212.433971,3.481741,2.947997,-0.150713,6.218692,0.039175,0.016346
1.831333,40.067172,-393.568063,6.393786,7.184125,14.857261,-214.170878,3.323967,3.359039,-0.139611,6.213925,0.039859,0.015484
1.831865,38.264096,-392.981536,6.477471,7.084831,16.080339,-212.436039,3.191319,3.002386,-0.122258,6.207634,0.039737,0.014975
1.832396,37.066919,-392.502263,6.243809,7.019792,17.218537,-212.531944,3.549382,2.953188,-0.109843,6.202346,0.039697,0.016629
1.832927,35.805653,-392.891372,6.410117,6.877493,18.315732,-212.250146,3.182149,3.008115,-0.096520,6.197105,0.039451,0.014931
1.833458,34.492379,-394.005802,6.458039,7.114187,19.125616,-213.658287,3.653709,3.271300,-0.085001,6.193908,0.041011,0.017019
1.833989,32.731735,-394.226053,6.156381,7.065983,20.097129,-213.478399,3.809784,2.915131,-0.069788,6.189321,0.039969,0.017735
1.834520,31.615354,-394.059834,6.215697,6.824317,21.626616,-213.209618,3.560000,2.951451,-0.055176,6.182097,0.039552,0.016585
1.835051,30.286862,-394.059545,6.451259,6.829493,21.771561,-212.997535,3.582786,3.210591,-0.046995,6.181324,0.040713,0.016717
1.835582,28.747064,-394.150961,6.325769,6.919278,24.330531,-212.209598,3.108732,2.958497,-0.024270,6.169030,0.038730,0.014545
1.836114,27.608193,-394.266425,6.628497,7.030267,24.452434,-211.883203,3.075500,2.948482,-0.017301,6.168288,0.040060,0.014412
1.836645,26.303323,-394.154953,6.467378,6.816161,24.881447,-212.331007,3.794600,2.470024,-0.007820,6.166535,0.041239,0.017680
1.837176,24.666706,-393.963486,6.322984,6.814858,26.444071,-211.413934,3.206581,2.553126,0.009736,6.158750,0.038835,0.015008
1.837707,23.228282,-393.485875,6.239487,6.934903,27.602817,-211.628052,3.343785,2.603607,0.024050,6.153487,0.038916,0.015616
1.838238,22.010422,-393.569758,6.551799,6.933044,28.472122,-211.539922,3.216793,3.109242,0.035483,6.149395,0.040074,0.015062
1.838769,20.607909,-393.466807,6.367715,6.815282,28.547604,-212.184305,3.219483,3.421121,0.043769,6.149447,0.039328,0.015055
1.839300,20.096773,-393.301965,6.319657,6.777900,30.075103,-211.871914,3.090970,3.144291,0.054943,6.142178,0.038725,0.014449
1.839831,18.579203,-393.168450,6.360588,6.827314,29.384278,-212.184848,3.581540,3.453082,0.059631,6.145576,0.040268,0.016709
1.840363,16.999031,-392.814056,6.360398,6.904897,30.369407,-211.804460,3.241217,3.126330,0.073732,6.140772,0.039344,0.015137
1.840894,16.581398,-393.003417,6.343556,7.035667,31.860214,-211.013532,3.140915,2.619784,0.083758,6.133331,0.038776,0.014668
1.841425,14.882967,-392.514277,6.294356,6.946070,32.283846,-211.169090,3.177843,2.790494,0.095662,6.131478,0.038727,0.014837
1.841956,13.697678,-392.428672,6.498935,6.856478,31.977621,-211.907644,4.065119,3.030264,0.100918,6.133412,0.042238,0.018875
1.842487,12.774083,-392.187097,6.362986,6.833645,32.846150,-211.794887,3.364974,3.191920,0.110813,6.129326,0.039681,0.015682
1.843018,11.878117,-392.354654,6.477541,6.888057,33.110644,-211.852972,3.534972,3.130174,0.117093,6.128149,0.040617,0.016443
1.843549,10.794427,-392.034186,6.340070,6.921179,33.209027,-211.661094,3.577463,3.115197,0.123634,6.127557,0.040078,0.016649
1.844080,10.341424,-391.885211,6.416566,6.908561,33.550034,-211.890281,3.498473,3.181678,0.128233,6.126152,0.040297,0.016273
1.844612,9.875793,-391.913701,6.348709,6.801241,33.810329,-211.550392,3.257960,3.272907,0.131931,6.124704,0.039260,0.015209
1.845143,8.615341,-391.589816,6.422509,6.729435,33.999532,-212.152730,3.225190,3.456258,0.140533,6.124277,0.039699,0.015039
1.845674,8.249886,-391.448975,6.586367,6.793361,34.000708,-212.067270,3.771244,3.374139,0.142579,6.124208,0.041880,0.017515
1.846205,7.415405,-390.460664,6.593256,6.823855,34.440319,-210.445946,3.344460,3.243349,0.149013,6.120969,0.040634,0.015671
1.846736,6.793690,-390.284653,6.445306,6.856914,34.423274,-210.731264,3.635597,3.198130,0.152682,6.121264,0.040755,0.016977
1.847267,6.305159,-390.519336,6.368855,6.789637,34.957138,-211.105216,3.784026,3.488731,0.158360,6.119083,0.040806,0.017649
1.847798,6.331503,-390.422772,6.355206,6.851916,34.635707,-210.892465,3.644753,3.456629,0.156370,6.120405,0.040357,0.017032
1.848330,5.345841,-390.011242,6.559916,6.835575,35.108527,-211.206568,3.811807,3.599857,0.164941,6.118463,0.041877,0.017778
1.848861,5.298344,-389.984441,6.592892,6.838838,34.709886,-211.070095,3.637881,3.493474,0.162932,6.120197,0.041551,0.016990
1.849392,4.679570,-390.303097,6.358886,6.962871,34.381249,-210.612340,3.804138,3.165990,0.163812,6.121368,0.040720,0.017755
1.849923,4.404041,-390.419913,6.455058,6.895698,33.524419,-210.727360,3.767063,3.056389,0.160660,6.125418,0.041067,0.017580
1.850454,4.404041,-390.419913,6.455058,6.895698,33.117251,-210.406322,3.762632,3.045202,0.158173,6.127069,0.040997,0.017591
1.850985,4.405011,-390.314407,6.476478,6.813277,32.976836,-210.931619,3.739799,3.455792,0.157952,6.128102,0.041194,0.017487
1.851516,4.426062,-391.419670,6.455058,6.895698,32.908419,-211.909934,3.706397,3.341953,0.157356,6.129122,0.040983,0.017245
1.852047,4.427032,-391.314165,6.476478,6.813277,32.654046,-212.327799,3.648600,3.410523,0.156417,6.130590,0.041049,0.016959
1.852579,4.426062,-391.419670,6.455058,6.895698,31.071214,-211.414526,3.728557,2.843164,0.146957,6.137262,0.040967,0.017371
1.853110,4.223850,-391.375609,6.616122,6.861371,31.038763,-210.833709,3.673143,2.726826,0.147447,6.137016,0.041438,0.017154
1.853641,4.496931,-391.792096,6.433352,6.836360,29.860831,-212.118447,3.704364,3.439467,0.140240,6.143330,0.040937,0.017270
1.854172,4.556723,-391.869182,6.412007,6.799862,29.403096,-211.941425,3.648799,3.147266,0.137223,6.145333,0.040629,0.017011
1.854703,4.661017,-392.089468,6.370015,6.820198,29.366240,-211.229310,3.725378,2.531474,0.135758,6.145045,0.040416,0.017379
1.855234,4.745637,-392.207748,6.421745,6.904992,27.793580,-211.761052,3.257059,2.950961,0.127039,6.152682,0.039610,0.015227
1.855765,5.558493,-392.781016,6.561155,6.852840,28.102755,-211.316967,3.107035,2.452772,0.123602,6.150972,0.039702,0.014527
1.856296,5.887275,-392.839083,6.569815,6.964906,26.927991,-211.301712,3.224421,2.824300,0.115388,6.156430,0.040060,0.015109
1.856828,6.333029,-393.287997,6.350214,6.930682,26.234949,-211.136077,3.134969,2.457669,0.108828,6.159563,0.038667,0.014692
1.857359,6.822600,-393.553435,6.354925,6.995780,24.786313,-212.558721,3.814909,3.353707,0.098926,6.167100,0.040771,0.017800
1.857890,7.655544,-393.968406,6.645143,6.902298,23.770972,-212.646014,3.814509,3.407091,0.088644,6.171861,0.042093,0.017805
1.858421,8.096133,-394.008681,6.478864,6.883440,23.653426,-212.082320,3.459848,3.246958,0.085307,6.172115,0.040236,0.016201
1.858952,8.652344,-394.262727,6.311400,6.964751,22.066187,-212.750247,3.306494,3.374464,0.073766,6.179836,0.039166,0.015462
1.859483,9.584346,-394.427902,6.566441,6.923847,21.593756,-212.385562,3.487413,2.826842,0.065875,6.181861,0.040755,0.016307
1.860014,10.119613,-394.740975,6.514486,6.942375,20.487346,-212.849555,3.287977,3.220251,0.056938,6.187228,0.040060,0.015373
1.860545,10.960046,-394.976989,6.256882,6.966275,18.277425,-213.439907,3.276170,3.445775,0.040286,6.197761,0.038880,0.015299
1.861077,11.831723,-395.124497,6.523191,6.754471,18.047403,-212.615940,3.420992,2.547651,0.034044,6.198506,0.040334,0.016007
1.861608,12.806232,-395.157217,6.310190,6.842991,16.448744,-213.155297,3.231708,3.368729,0.020011,6.206170,0.038947,0.015120
1.862139,13.452482,-394.419345,6.523642,6.881732,15.110424,-212.899580,3.444055,3.214019,0.009133,6.212330,0.040638,0.016131
1.862670,13.985621,-394.861239,6.469652,7.123695,13.636920,-212.620711,3.422603,3.018021,-0.001913,6.219136,0.040162,0.016057
1.863201,14.856816,-394.507555,6.318647,6.935247,12.473086,-212.785449,3.785150,3.220008,-0.013117,6.224634,0.040529,0.017750
1.863732,16.019858,-394.747075,6.555242,6.881184,11.485576,-212.799802,3.611002,3.237322,-0.024916,6.229264,0.041121,0.016940
1.864263,16.683526,-394.409013,6.268263,7.070856,9.768897,-212.816837,3.629429,3.385208,-0.038059,6.237315,0.039863,0.017034
1.864795,17.882386,-394.427633,6.451675,6.992651,9.156047,-212.918511,3.435355,2.890170,-0.048040,6.240209,0.040226,0.016115
1.865326,18.532689,-394.267597,6.335070,7.132069,7.646986,-212.253367,3.301414,2.708671,-0.059736,6.247173,0.039188,0.015541
1.865857,18.931196,-394.169359,6.240695,7.167590,6.690786,-212.901366,3.528977,3.162125,-0.067424,6.251769,0.039479,0.016566
1.866388,19.976385,-393.779559,6.483479,6.874574,5.821604,-212.713652,3.518054,3.007691,-0.078016,6.255824,0.040619,0.016531
1.866919,20.566467,-393.995147,6.428855,7.029511,3.765614,-212.702414,3.596349,2.936839,-0.092409,6.265483,0.040471,0.016904
1.867450,21.474019,-394.756479,6.573819,6.855583,3.063454,-213.858165,3.361978,2.866845,-0.101424,6.268862,0.040609,0.015719
1.867981,22.237793,-394.214570,6.503705,6.852223,1.415170,-213.914242,3.716399,3.049885,-0.114979,6.276570,0.041272,0.017373
1.868512,22.577102,-393.919994,6.397560,6.902901,0.562050,-213.847134,3.509546,3.141053,-0.121653,6.280557,0.040247,0.016411
1.869044,23.645614,-393.614041,6.445232,6.989237,-0.523309,-213.644205,3.599138,3.239895,-0.133496,6.285635,0.040685,0.016846
1.869575,24.167583,-393.471280,6.623042,6.805564,-2.074740,-212.936541,3.254531,2.647831,-0.144348,6.292928,0.040442,0.015283
1.870106,24.543416,-393.248742,6.530666,7.015838,-2.291513,-213.361246,3.533435,3.427608,-0.148084,6.293925,0.040873,0.016560
1.870637,25.624752,-393.007751,6.434673,6.738173,-3.449685,-213.358435,3.317999,3.419841,-0.160449,6.299352,0.039827,0.015549
1.871168,25.869195,-392.888344,6.568581,6.718325,-4.075749,-213.079969,3.090348,3.427257,-0.165024,6.302311,0.039866,0.014501
1.871699,26.378080,-392.304717,6.458879,6.781946,-5.866071,-213.563656,3.046192,3.043374,-0.178476,6.310646,0.039370,0.014258
1.872230,26.587437,-392.090724,6.510668,6.888608,-6.469725,-212.244587,3.606884,2.672181,-0.181779,6.313658,0.040694,0.016983
1.872761,27.255786,-392.340099,6.717794,6.997820,-7.361396,-213.335453,3.544747,3.272064,-0.191029,6.317678,0.041687,0.016604
1.873293,27.727552,-392.212891,6.516030,7.138295,-8.696581,-212.708368,3.602642,2.678941,-0.200197,6.324048,0.040689,0.016917
1.873824,28.111914,-391.742267,6.486696,6.943760,-8.881464,-212.469415,3.596436,2.577113,-0.203496,6.324962,0.040517,0.016905
1.874355,28.299728,-391.614998,6.529324,6.959888,-9.679799,-213.729093,3.317460,3.335670,-0.210347,6.328444,0.040361,0.015506
1.874886,28.253560,-391.377273,6.546234,7.050647,-10.896449,-212.040989,3.539885,3.007969,-0.214933,6.334529,0.040599,0.016666
1.875417,28.256021,-391.298501,6.562137,6.989145,-11.194233,-213.249974,3.543145,3.220663,-0.218048,6.335631,0.040955,0.016588
1.875948,28.505733,-391.407403,6.536958,6.940910,-11.502041,-213.743795,3.308350,3.297742,-0.221494,6.336946,0.040327,0.015456
1.876479,28.764430,-391.263248,6.618029,7.021287,-11.960939,-213.829280,3.244076,3.373087,-0.225616,6.339064,0.040604,0.015150
1.877010,28.922365,-391.102369,6.633395,7.054665,-12.557718,-213.832637,3.131274,3.441972,-0.229859,6.341845,0.040443,0.014624
1.877542,28.764430,-391.263248,6.618029,7.021287,-12.961138,-213.386704,3.338461,3.562122,-0.230410,6.343851,0.040706,0.015620
1.878073,28.794434,-391.012099,6.652867,7.000035,-12.915002,-213.444739,3.495803,3.173814,-0.230711,6.343619,0.041252,0.016343
1.878604,28.855655,-390.988722,6.656887,7.075600,-13.862572,-212.718849,3.261718,2.426367,-0.235192,6.348262,0.040458,0.015287
1.879135,28.669716,-390.215480,6.657714,7.180237,-13.552270,-212.168791,3.172358,3.715552,-0.232839,6.346974,0.040519,0.014933
1.879666,28.575174,-390.125013,6.755720,7.076797,-14.352746,-211.824066,3.203532,3.603455,-0.236264,6.350840,0.040911,0.015098
1.880197,28.110333,-389.699383,6.547129,6.894606,-14.426099,-212.315179,3.508593,3.773683,-0.235354,6.351028,0.040853,0.016493
1.880728,27.709372,-389.697403,6.518629,6.850455,-14.370784,-212.471001,3.395158,3.619564,-0.233120,6.350719,0.040469,0.015948
1.881260,27.419531,-389.771441,6.479933,6.829589,-14.704251,-212.602982,3.552569,3.657673,-0.233427,6.352238,0.040687,0.016672
1.881791,26.739512,-389.974697,6.651903,6.855513,-14.565042,-212.400771,3.579170,3.764167,-0.228541,6.351652,0.041509,0.016816
1.882322,25.987893,-389.763629,6.477174,6.895225,-14.445173,-212.636431,3.541771,3.550950,-0.224426,6.351015,0.040737,0.016618
1.882853,25.817561,-389.953799,6.442451,6.745383,-14.975856,-212.510339,3.518345,3.494272,-0.225969,6.353540,0.040389,0.016515
1.883384,24.897711,-391.474679,6.642919,6.820058,-14.779392,-213.540079,3.498825,3.951376,-0.219398,6.352286,0.041283,0.016356
1.883915,24.087323,-391.299229,6.458370,6.814837,-14.832122,-213.174002,3.536030,3.693572,-0.215114,6.352651,0.040483,0.016551
1.884446,22.985864,-391.742033,6.641251,6.964192,-14.530790,-213.088081,3.602483,3.685666,-0.206989,6.351271,0.041464,0.016869
1.884977,22.387878,-391.797944,6.476825,6.957337,-14.339107,-213.272917,3.674254,3.755452,-0.202894,6.350318,0.040961,0.017191
1.885509,21.468887,-391.785076,6.387916,6.989027,-13.385703,-212.110427,3.349909,2.931688,-0.191607,6.346209,0.039484,0.015755
1.886040,21.085497,-392.113787,6.388157,6.857160,-12.944929,-212.779407,3.439637,3.861579,-0.187530,6.343948,0.039869,0.016143
1.886571,19.837923,-392.662646,6.549439,6.938752,-13.136796,-211.719861,3.642379,3.146907,-0.180260,6.345154,0.040768,0.017162
1.887102,18.283380,-392.902330,6.410064,6.825965,-11.770855,-212.738229,3.372695,3.591816,-0.165294,6.338459,0.039727,0.015833
1.887633,17.715085,-393.164131,6.489520,6.716894,-11.229982,-212.642169,3.433515,3.195634,-0.158988,6.335948,0.040171,0.016121
1.888164,16.346110,-393.209853,6.490122,6.709143,-10.762054,-212.654955,3.531007,3.318866,-0.149025,6.333750,0.040479,0.016581
1.888695,15.320570,-393.841173,6.291638,7.046409,-10.496729,-212.754720,3.713839,2.986725,-0.141615,6.332483,0.039980,0.017427
1.889226,14.308609,-393.750398,6.339467,6.716771,-10.039788,-213.408119,3.655570,3.381076,-0.134201,6.330196,0.040233,0.017108
1.889758,12.827047,-394.037625,6.212868,6.993539,-9.246774,-213.037264,3.826437,3.597495,-0.121355,6.326563,0.040064,0.017942
1.890289,12.010277,-394.297082,6.520856,6.811156,-8.190450,-213.261725,3.716364,3.305824,-0.111125,6.321572,0.041208,0.017411
1.890820,10.231126,-394.844498,6.507148,6.913717,-7.549298,-213.174574,3.348886,3.491516,-0.097561,6.318584,0.040115,0.015701
1.891351,9.391713,-395.180595,6.333411,6.827828,-6.517446,-213.244773,3.446933,3.454122,-0.087222,6.313739,0.039501,0.016157
1.891882,8.079405,-395.658785,6.413649,7.092508,-5.983063,-213.171472,3.679348,3.432086,-0.076908,6.311245,0.040415,0.017252
1.892413,6.511590,-395.182469,6.488520,6.882666,-5.319909,-214.096069,3.924005,2.937109,-0.065243,6.308028,0.041782,0.018320
1.892944,5.704712,-395.651193,6.410657,7.089694,-4.249223,-213.803150,3.731789,3.427498,-0.054683,6.303057,0.040738,0.017450
1.893475,4.024174,-395.523312,6.397058,6.958918,-3.545251,-214.124249,3.951880,3.364250,-0.041704,6.299741,0.041418,0.018453
1.894007,2.820913,-395.759781,6.248404,7.202636,-2.476191,-213.399550,3.754069,3.136547,-0.029039,6.294788,0.039958,0.017590
1.894538,1.747673,-394.610696,6.434689,7.005329,-1.975770,-213.084106,3.621420,3.309072,-0.020509,6.292457,0.040668,0.016994
1.895069,0.333724,-395.125534,6.413208,6.925305,-0.176457,-212.139906,3.589329,2.529098,-0.002788,6.284017,0.040163,0.016920
1.895600,-1.363662,-394.787952,6.258764,7.235839,-0.042514,-212.598606,3.675985,3.065314,0.007251,6.283385,0.039839,0.017291
1.896131,-2.547345,-394.915803,6.332607,6.754867,1.821967,-212.239782,3.760677,2.666813,0.023914,6.274601,0.040306,0.017718
1.896662,-3.404274,-394.984112,6.328209,7.056981,2.097498,-212.730625,3.729547,2.929689,0.030178,6.273326,0.040287,0.017531
1.897193,-5.171011,-394.668963,6.293539,7.039100,4.213403,-212.872422,3.317026,3.355068,0.051575,6.263395,0.039091,0.015579
1.897725,-6.120449,-394.344640,6.383758,6.957234,3.736423,-212.549362,3.652751,3.123347,0.054167,6.265608,0.040402,0.017182
1.898256,-7.148820,-394.420272,6.266000,6.990843,4.970080,-212.702468,4.082973,2.874837,0.066592,6.259823,0.041067,0.019188
1.898787,-8.815960,-394.325082,6.418385,7.121626,6.216347,-212.637418,3.696283,3.159287,0.082549,6.253959,0.040642,0.017374
1.899318,-9.590355,-394.033789,6.365596,6.842825,7.842411,-212.624508,3.568357,3.129983,0.095802,6.246318,0.040054,0.016768
1.899849,-10.965348,-394.712602,6.364531,6.977478,8.559443,-213.037946,3.187348,2.727864,0.107060,6.243029,0.038980,0.014946
1.900380,-11.823884,-394.827212,6.594459,6.893569,9.201523,-213.546806,4.114811,3.206910,0.115467,6.240123,0.042580,0.019244
1.900911,-12.994802,-394.181862,6.318177,6.771685,9.665293,-213.494937,3.717522,3.193969,0.124759,6.237944,0.040269,0.017390
1.901442,-13.785695,-393.889013,6.495783,6.888083,11.113545,-213.437339,3.533340,3.151653,0.137117,6.231163,0.040612,0.016527
1.901974,-14.795033,-393.562421,6.541573,6.899138,11.805518,-212.976253,3.747933,3.488654,0.146249,6.227811,0.041325,0.017567
1.902505,-15.548419,-393.358578,6.401404,6.746201,13.501902,-212.836298,3.755165,3.504643,0.159556,6.219832,0.040615,0.017603
1.903036,-16.569077,-392.663749,6.503356,6.838435,13.720706,-213.016280,3.735412,3.335583,0.167036,6.218863,0.041183,0.017492
1.903567,-17.308263,-392.902313,6.320552,6.977118,13.759798,-212.756472,3.853731,2.996431,0.170781,6.218601,0.040526,0.018061
1.904098,-17.540235,-392.846704,6.442917,6.915716,15.043681,-212.828332,3.192101,3.168620,0.179065,6.212618,0.039378,0.014961
1.904629,-18.327134,-392.234659,6.509633,6.581615,16.053158,-212.986744,3.533654,3.658968,0.189502,6.207956,0.040607,0.016547
1.905160,-18.798726,-392.178143,6.562736,6.678867,16.848014,-212.833927,3.258487,3.474112,0.196204,6.204190,0.040114,0.015269
1.905691,-19.179666,-391.940614,6.519197,6.862970,17.482020,-213.045296,3.429149,3.445989,0.202135,6.201311,0.040408,0.016042
1.906223,-19.789449,-391.850723,6.365266,7.052956,17.718644,-212.152857,3.422599,2.904474,0.205774,6.199860,0.039463,0.016061
1.906754,-20.307167,-391.342767,6.549643,6.924806,17.493711,-213.153505,3.864022,3.597670,0.209040,6.201298,0.041795,0.018059
1.907285,-20.380709,-391.280311,6.581101,6.940751,17.546764,-213.113015,3.789077,3.401113,0.209745,6.201035,0.041721,0.017708
1.907816,-20.680280,-391.352527,6.664774,6.898210,18.938738,-212.763564,3.198421,3.494176,0.218309,6.194406,0.040501,0.014985
1.908347,-20.774070,-391.141657,6.683782,6.900698,19.677024,-213.010239,3.454274,3.133515,0.223299,6.191071,0.041203,0.016136
1.908878,-20.944302,-391.064801,6.676261,6.934578,19.475537,-213.231941,3.893173,3.515524,0.223494,6.192103,0.042391,0.018168
1.909409,-21.075815,-391.082353,6.656642,6.954954,19.482054,-213.269303,3.904083,3.494006,0.224256,6.192089,0.042331,0.018215
1.909941,-20.944302,-391.064801,6.676261,6.934578,19.680807,-213.440443,3.882310,3.564158,0.224846,6.191238,0.042405,0.018100
1.910472,-20.966323,-390.065043,6.676261,6.934578,20.580552,-212.402281,3.157578,3.637238,0.229724,6.186593,0.040607,0.014819
1.911003,-20.966323,-390.065043,6.676261,6.934578,20.447293,-211.981022,3.537778,3.271199,0.228490,6.187025,0.041356,0.016601
1.911534,-20.705954,-390.020577,6.724685,6.943265,19.995541,-212.364244,3.906282,3.253925,0.225216,6.189305,0.042640,0.018289
1.912065,-20.362013,-389.988735,6.541609,6.929922,20.584528,-212.773789,4.115903,3.379424,0.227071,6.186742,0.042487,0.019225
1.912596,-19.969856,-390.100612,6.420113,6.880271,20.712936,-212.617515,4.049190,3.346203,0.225328,6.186073,0.041702,0.018926
1.913127,-19.458238,-389.899925,6.390201,6.908334,20.998429,-212.147108,4.087550,3.458563,0.223788,6.184526,0.041650,0.019147
1.913658,-18.632597,-389.742029,6.656423,6.759097,21.212941,-212.346860,3.765099,3.456350,0.220948,6.183618,0.042047,0.017629
1.914190,-18.091941,-390.063934,6.537457,6.830538,21.136646,-212.511165,3.758293,3.563354,0.217447,6.184050,0.041513,0.017590
1.914721,-17.461771,-390.266796,6.289305,7.033068,21.063934,-212.658962,3.713896,3.389555,0.213605,6.184457,0.040318,0.017365
1.915252,-16.469719,-390.138133,6.466517,7.018344,20.914879,-212.878195,3.742912,3.504373,0.207857,6.185252,0.041333,0.017488
1.915783,-15.747291,-390.771393,6.436963,6.952638,20.991753,-212.830888,3.784435,3.507295,0.203607,6.184872,0.041170,0.017684
1.916314,-14.471359,-391.694390,6.502749,6.816293,20.275550,-213.455455,3.696561,3.677896,0.192531,6.188482,0.041245,0.017239
1.916845,-13.710581,-392.000788,6.395807,6.886266,19.870443,-213.216521,3.547228,3.514942,0.185667,6.190260,0.040285,0.016564
1.917376,-12.690639,-392.442925,6.500659,6.732670,19.493226,-213.109462,3.864022,3.597670,0.177574,6.191969,0.041518,0.018046
1.917907,-11.461635,-392.801458,6.330692,6.962065,19.745078,-212.937769,3.764178,3.514048,0.171792,6.190723,0.040418,0.017592
1.918439,-10.474430,-392.553396,6.390755,6.795479,19.293262,-213.404802,3.650879,3.496207,0.164658,6.193024,0.040570,0.017033
1.918970,-9.316392,-392.795796,6.333031,6.938962,18.532958,-213.834565,3.953991,3.421948,0.154378,6.196732,0.041258,0.018405
1.919501,-7.508660,-392.999701,6.287998,6.902480,18.759612,-213.375844,3.115462,3.720841,0.145211,6.195493,0.038757,0.014568
1.920032,-6.763694,-393.462531,6.336537,6.808055,17.447678,-213.611901,3.806153,3.440437,0.133815,6.201687,0.040756,0.017748
1.920563,-5.245098,-393.789273,6.348738,6.810868,17.379438,-213.403612,3.811995,3.559580,0.124772,6.201925,0.040757,0.017796
1.921094,-3.777492,-393.681057,6.503447,6.746058,16.911111,-213.648707,3.633354,3.330148,0.114414,6.204196,0.041114,0.016945
1.921625,-2.560209,-394.262857,6.314534,6.784111,16.633437,-212.836569,3.230267,3.223042,0.105401,6.205193,0.038904,0.015131
1.922156,-0.686107,-394.185899,6.322690,6.886939,15.757641,-213.199136,3.518198,3.437920,0.090607,6.209409,0.039836,0.016455
1.922688,0.822303,-394.551208,6.272322,6.876479,14.624222,-213.753993,3.850458,3.553335,0.076191,6.214876,0.040602,0.017965
1.923219,2.543217,-394.630519,6.372291,6.811529,14.552101,-213.875247,3.225408,3.566145,0.066340,6.215250,0.039439,0.015054
1.923750,4.049937,-394.902693,6.415857,6.835860,13.718114,-213.434246,3.722548,3.294206,0.053227,6.219000,0.040820,0.017398
1.924281,5.633139,-395.073321,6.398134,6.882666,13.240188,-213.741141,4.041409,3.465669,0.041926,6.221319,0.041698,0.018862
1.924812,7.176462,-395.521241,6.230970,6.736473,12.594327,-213.092498,3.563333,3.378192,0.029690,6.224151,0.039331,0.016690
1.925343,9.065523,-395.592826,6.271147,6.805143,12.281867,-214.362925,3.134634,3.401926,0.017745,6.225953,0.038680,0.014603
1.925874,10.559857,-395.297895,6.222953,6.946618,11.286105,-213.591840,3.341310,3.265828,0.003997,6.230395,0.038872,0.015621
1.926406,12.510096,-395.196044,6.211638,7.015649,9.919900,-213.600686,3.801594,3.244809,-0.014263,6.236777,0.040100,0.017773
1.926937,14.027282,-395.325952,6.510021,6.801897,9.630276,-214.077451,3.549373,3.154002,-0.024255,6.238231,0.040898,0.016560
1.927468,15.581269,-395.417740,6.269690,6.901875,8.610051,-214.276665,3.945296,3.174730,-0.038466,6.243025,0.040866,0.018392
1.927999,17.196197,-395.435254,6.233077,6.914751,8.375537,-214.177076,3.182451,3.400746,-0.048625,6.244100,0.038575,0.014849
1.928530,19.160027,-394.039307,6.223722,6.911340,7.724318,-212.520560,3.556211,3.192160,-0.062917,6.246855,0.039421,0.016720
1.929061,20.777693,-393.822530,6.169201,6.925886,6.921414,-212.738678,3.359420,3.665774,-0.076370,6.250662,0.038706,0.015785
1.929592,22.592103,-393.738493,6.192681,7.125768,6.439720,-211.448744,3.363383,2.996257,-0.088377,6.252739,0.038538,0.015897
1.930123,24.014037,-393.751245,6.435323,6.833889,6.095391,-212.505728,3.079536,2.996042,-0.098544,6.254510,0.039189,0.014485
1.930655,25.723223,-393.228631,6.452203,6.884807,5.406518,-212.886109,3.362739,3.798712,-0.112183,6.257794,0.040134,0.015792
1.931186,27.150003,-392.864143,6.352928,6.871470,4.713982,-213.400635,3.180171,3.731327,-0.124372,6.261099,0.039345,0.014900
1.931717,28.880670,-393.792307,6.144975,6.965447,3.535180,-214.217499,3.551394,3.331540,-0.140215,6.266684,0.039206,0.016576
1.932248,30.621891,-393.410669,6.247235,6.991620,3.181614,-214.517886,3.474966,3.644402,-0.152203,6.268355,0.039597,0.016197
1.932779,32.080872,-393.065891,6.492327,6.923174,2.527557,-213.560015,3.208149,3.074664,-0.163173,6.271351,0.039856,0.015021
1.933310,33.742907,-392.780165,6.476976,6.954596,1.809052,-213.681405,3.612045,3.144716,-0.176449,6.274719,0.040802,0.016903
1.933841,35.007125,-391.923118,6.254109,6.948354,1.420522,-214.340408,3.576329,3.562017,-0.186924,6.276558,0.039983,0.016685
1.934372,36.311457,-392.019238,6.406984,6.768249,1.490207,-214.323452,3.464354,3.603756,-0.193508,6.276232,0.040305,0.016164
1.934904,37.724215,-391.737934,6.431201,7.236239,0.789956,-214.242010,3.447386,3.778181,-0.205157,6.279498,0.040458,0.016091
1.935435,38.810147,-391.410344,6.239522,6.995447,0.229544,-214.092341,3.221167,3.498395,-0.214240,6.282113,0.038905,0.015046
1.935966,40.257574,-391.099008,6.320807,7.053262,0.106346,-213.935664,3.186310,3.425895,-0.222869,6.282688,0.039182,0.014894
1.936497,41.059377,-390.435690,6.628803,6.823618,-0.378874,-214.156617,3.430241,3.473926,-0.230880,6.284954,0.041274,0.016017
1.937028,42.144923,-390.150720,6.439734,6.752051,-0.422860,-214.168046,3.403165,3.483716,-0.237328,6.285160,0.040326,0.015890
1.937559,43.426131,-390.018353,6.409555,7.044750,-0.561218,-213.941408,3.498079,3.362112,-0.244808,6.285809,0.040402,0.016351
1.938090,44.466134,-389.515793,6.350744,6.914489,-0.984853,-214.271383,3.403724,3.836656,-0.253766,6.287782,0.040055,0.015885
1.938621,45.346110,-389.517103,6.396583,6.958890,-0.983245,-213.917044,3.428825,3.849830,-0.257956,6.287782,0.040223,0.016029
1.939153,46.210510,-389.050539,6.415395,7.019988,-1.111682,-213.462949,3.448733,3.545197,-0.263253,6.288393,0.040277,0.016156
1.939684,46.561156,-388.945296,6.604259,6.904900,-1.637219,-213.975417,3.237507,3.621963,-0.268800,6.290837,0.040704,0.015130
1.940215,47.765280,-388.972268,6.327669,7.065386,-1.568232,-214.042444,3.265553,3.642728,-0.274880,6.290512,0.039531,0.015256
1.940746,48.150517,-388.854394,6.450086,6.983963,-1.568232,-214.042444,3.265553,3.642728,-0.277096,6.290512,0.040056,0.015256
1.941277,48.972829,-388.466627,6.633764,6.745835,-1.582278,-213.998265,3.258565,3.668543,-0.282042,6.290579,0.040814,0.015227
1.941808,49.500388,-388.255214,6.429205,6.951586,-1.568232,-214.042444,3.265553,3.642728,-0.285151,6.290512,0.040009,0.015256
1.942339,49.944771,-388.573703,6.405705,7.086197,-1.846596,-214.156735,3.252813,3.602301,-0.288647,6.291808,0.039843,0.015189
1.942871,50.186907,-388.466200,6.540479,7.033593,-1.741669,-214.282356,3.209256,3.533876,-0.289736,6.291313,0.040355,0.014976
1.943402,50.554235,-387.987625,6.726585,6.885871,-1.568232,-214.042444,3.265553,3.642728,-0.291135,6.290512,0.041322,0.015256
1.943933,50.866942,-388.102153,6.652628,6.845279,-1.260123,-214.225814,3.565151,3.428927,-0.291268,6.289067,0.041630,0.016642
1.944464,51.016619,-388.068774,6.606858,6.879722,-0.726516,-213.880100,3.519427,3.451770,-0.288750,6.286582,0.041292,0.016455
1.944995,51.057001,-387.918255,6.588830,6.988547,-0.546366,-214.419838,3.557968,3.571635,-0.289096,6.285733,0.041534,0.016593
1.945526,51.194016,-386.903799,6.675087,6.993572,-0.677950,-213.422493,3.535915,3.571149,-0.290545,6.286362,0.041855,0.016568
1.946057,51.271166,-386.959329,6.638504,6.985306,-0.006155,-212.818512,3.615074,3.516436,-0.286366,6.283214,0.041756,0.016987
1.946588,51.387903,-388.237511,6.607574,7.074432,0.596558,-213.677802,3.267815,3.491484,-0.283150,6.280393,0.040777,0.015293
1.947120,51.501012,-388.478006,6.605057,7.242659,1.196755,-213.575786,3.606418,3.563514,-0.280055,6.277582,0.041588,0.016886
1.947651,51.240234,-388.582095,6.730603,7.192206,1.705269,-213.853813,3.380090,3.716776,-0.276249,6.275211,0.041710,0.015805
1.948182,51.062168,-388.770949,6.776337,6.778075,1.969769,-213.317090,3.623510,3.546186,-0.272825,6.273952,0.042163,0.016986
1.948713,50.914974,-388.917083,6.793778,6.709497,3.070882,-214.225193,3.551650,3.670379,-0.267322,6.268851,0.042318,0.016577
1.949244,50.598256,-389.097538,6.683710,6.820401,3.324118,-213.737281,3.606056,3.203221,-0.263323,6.267634,0.041793,0.016869
1.949775,50.253580,-389.277599,6.528835,6.937675,4.482199,-213.671022,3.131046,3.377985,-0.254974,6.262211,0.040072,0.014651
1.950306,49.952374,-389.744537,6.556134,7.098139,4.781851,-213.135025,3.322218,3.197951,-0.250397,6.260753,0.040469,0.015583
1.950837,49.259641,-390.144619,6.577315,7.083210,5.362626,-213.072701,3.629970,2.961267,-0.243006,6.258023,0.041233,0.017029
1.951369,48.538207,-390.087596,6.636276,6.999813,6.256391,-214.106187,3.209256,3.533876,-0.235794,6.253973,0.040875,0.014984
1.951900,48.048179,-390.399076,6.489365,6.984673,7.210689,-213.481558,3.382876,3.222900,-0.226855,6.249422,0.040412,0.015836
1.952431,47.381886,-390.557446,6.571609,6.907734,7.873300,-213.229572,3.549661,3.063022,-0.219219,6.246278,0.041135,0.016633
1.952962,46.497124,-391.246101,6.504756,6.952352,8.391502,-213.789040,3.246523,3.632487,-0.211520,6.243954,0.040199,0.015177
1.953493,45.436455,-391.513274,6.431190,7.147583,9.579473,-214.139840,3.400525,3.627162,-0.199467,6.238480,0.040370,0.015866
1.954024,44.675309,-391.532157,6.443613,6.842388,10.681950,-213.660252,3.165616,3.570055,-0.188834,6.233232,0.039753,0.014803
1.954555,43.868695,-392.107305,6.523510,6.983728,11.299810,-213.976993,3.535688,3.407263,-0.180840,6.230426,0.041040,0.016499
1.955086,42.753884,-392.634730,6.509532,7.325293,12.241340,-213.716835,3.191074,3.393902,-0.168914,6.225970,0.040078,0.014910
1.955618,42.189910,-392.566614,6.421553,6.968243,13.286378,-212.912377,3.425430,3.250051,-0.159517,6.220863,0.040056,0.016054
1.956149,41.314248,-393.220991,6.378617,7.066825,13.744884,-213.388191,3.556211,3.192160,-0.152121,6.218862,0.040200,0.016624
1.956680,40.076813,-392.931941,6.497979,6.807576,14.367309,-213.235287,3.276615,3.355613,-0.142107,6.215909,0.040125,0.015333
1.957211,38.813918,-393.193399,6.410831,6.950486,15.652651,-213.085109,3.499346,3.136522,-0.127894,6.209860,0.040250,0.016370
1.957742,38.052813,-393.777267,6.607747,6.965867,16.641511,-213.203147,3.231157,3.263460,-0.118022,6.205289,0.040477,0.015110
1.958273,36.784805,-393.981568,6.240507,7.071377,17.391948,-213.178679,3.357981,3.251646,-0.106851,6.201782,0.039017,0.015697
1.958804,35.773402,-393.799849,6.485678,6.901652,18.448259,-213.111255,3.231708,3.368729,-0.095592,6.196834,0.039943,0.015113
1.959336,34.241234,-394.014816,6.520193,6.890192,19.224958,-213.005183,3.441256,3.293218,-0.082769,6.193173,0.040601,0.016085
1.959867,33.254574,-394.377367,6.323751,6.930661,20.145060,-212.656870,3.625775,3.177840,-0.072016,6.188737,0.040019,0.016956
1.960398,32.212017,-394.066932,6.506729,6.741720,20.885683,-212.969209,3.330454,3.322913,-0.062461,6.185429,0.040288,0.015563
1.960929,30.897647,-394.064716,6.296755,6.908830,22.035357,-212.815458,3.615222,3.070030,-0.048857,6.180011,0.040016,0.016872
1.961460,30.032967,-393.304466,6.552358,6.944333,22.977170,-211.408965,3.406049,3.404603,-0.038771,6.174924,0.040571,0.016017
1.961991,28.635264,-394.315001,6.249511,7.015705,23.517817,-212.354184,3.494654,3.250433,-0.028116,6.172887,0.039337,0.016343
1.962522,27.707058,-394.181260,6.543347,6.883607,24.608983,-212.468377,3.189683,3.346195,-0.017048,6.167875,0.040055,0.014923
1.963053,26.373555,-394.102846,6.439030,6.816214,25.075726,-212.097722,3.491764,3.744310,-0.007131,6.165504,0.040244,0.016366
1.963585,25.122697,-394.110639,6.279709,6.989696,25.752485,-212.087428,3.390965,3.454213,0.003460,6.162353,0.039208,0.015876
1.964116,24.025364,-394.004327,6.535598,6.914109,26.023185,-212.728321,3.555936,3.326281,0.011020,6.161459,0.041042,0.016577
1.964647,22.864367,-393.953534,6.343759,6.942822,27.776029,-212.030877,3.012194,3.104465,0.026992,6.152927,0.038590,0.014093
1.965178,21.981488,-393.937840,6.487203,6.984744,28.185240,-210.953158,3.117026,2.938845,0.033890,6.150363,0.039312,0.014631
1.965709,20.891319,-393.858796,6.315323,6.917103,28.828944,-211.810186,3.219076,3.057635,0.043574,6.147909,0.038905,0.015046
1.966240,19.892086,-393.764071,6.492264,6.855707,29.329937,-211.446564,3.486075,3.292125,0.051720,6.145354,0.040368,0.016314
1.966771,18.951476,-393.831497,6.299588,6.896485,29.782597,-211.896783,3.515791,3.146534,0.059463,6.143548,0.039590,0.016399
1.967302,18.337500,-393.274570,6.389858,6.762504,30.211211,-211.089899,3.187728,2.770210,0.065082,6.141031,0.039117,0.014912
1.967834,16.915943,-393.034363,6.342624,6.788106,30.275690,-211.133293,3.246579,2.829888,0.073313,6.140760,0.039073,0.015184
1.968365,16.340457,-393.060984,6.310246,6.914569,30.806964,-211.412513,3.878264,3.231174,0.079472,6.138484,0.040654,0.018095
1.968896,15.358621,-392.667999,6.436449,6.958090,30.928037,-211.671379,3.914526,3.054396,0.085809,6.138099,0.041471,0.018224
1.969427,14.674655,-392.764361,6.286702,6.997372,30.833064,-211.667666,3.951788,3.250648,0.088990,6.138535,0.040854,0.018413
1.969958,14.075029,-392.850491,6.468883,6.996193,32.025415,-210.789079,3.545453,2.851026,0.098278,6.132407,0.040332,0.016563
1.970489,12.883442,-392.684063,6.318664,7.136393,32.350161,-210.966746,3.253044,2.771295,0.106719,6.131028,0.038922,0.015193
1.971020,12.767578,-392.589188,6.319972,7.115997,31.741439,-211.893144,3.688246,3.416002,0.104621,6.134492,0.040310,0.017187
1.971551,11.662183,-392.691571,6.398399,6.938785,31.905540,-212.158430,3.661395,3.743274,0.111665,6.133918,0.040616,0.017074
1.972083,11.016995,-392.628784,6.254701,7.104778,31.704390,-211.982261,3.694675,3.353008,0.114022,6.134724,0.039996,0.017204
1.972614,10.838936,-392.702169,6.349661,7.137728,32.141658,-211.828150,3.619327,3.613625,0.117236,6.132599,0.040185,0.016892
1.973145,10.469141,-392.428442,6.422984,6.990254,32.141658,-211.828150,3.619327,3.613625,0.119432,6.132599,0.040572,0.016892
1.973676,10.009428,-392.452315,6.661094,6.898487,32.246937,-211.999900,3.634885,3.727613,0.122614,6.132234,0.041757,0.016961
1.974207,9.766168,-392.342434,6.575351,6.951811,32.225792,-211.330525,3.713422,3.311099,0.123447,6.131861,0.041413,0.017330
1.974738,9.471299,-392.443355,6.472073,6.955214,31.540277,-212.047816,3.803876,3.568253,0.121732,6.135527,0.041333,0.017720
1.975269,8.898886,-392.488371,6.377527,6.950580,31.702024,-211.180532,3.661075,2.764740,0.125113,6.134180,0.040253,0.017063
1.975801,8.843170,-392.637884,6.369943,7.052374,31.702816,-211.771567,3.921188,3.451146,0.125723,6.134586,0.041063,0.018267
1.976332,8.614976,-392.700360,6.320323,7.010578,31.466309,-211.704863,4.114449,3.052412,0.125589,6.135633,0.041348,0.019130
1.976863,8.444597,-392.707055,6.402836,6.964584,30.273019,-212.452001,3.836885,3.368452,0.120511,6.141645,0.041132,0.017839
1.977394,8.473458,-392.799227,6.389044,7.022080,30.585308,-212.443524,3.152136,3.397618,0.121993,6.140199,0.039266,0.014710
1.977925,8.473458,-392.799227,6.389044,7.022080,29.784888,-211.044771,3.695341,2.678188,0.116721,6.142981,0.040342,0.017257
1.978456,8.274167,-392.763666,6.550907,6.983798,30.609129,-211.716417,3.174516,3.123057,0.122745,6.139604,0.039937,0.014835
1.978987,8.274668,-392.868691,6.530016,7.066980,29.317473,-212.060987,3.550225,3.233388,0.115861,6.145806,0.040858,0.016557
1.979518,8.274668,-392.868691,6.530016,7.066980,28.546994,-212.192143,3.093195,3.245671,0.111735,6.149455,0.039782,0.014460
1.980050,8.274668,-392.868691,6.530016,7.066980,28.512782,-211.875931,3.118083,3.060490,0.111355,6.149416,0.039766,0.014580
1.980581,8.551714,-392.964245,6.411456,7.115649,27.963199,-212.341663,3.028530,3.690289,0.107059,6.152249,0.039094,0.014199
1.981112,8.694113,-393.126333,6.389803,7.010053,26.785739,-212.188916,3.150935,3.268018,0.099657,6.157614,0.039215,0.014741
1.981643,8.973130,-393.444456,6.312168,7.052529,25.967657,-212.361207,3.211811,3.449246,0.093575,6.161509,0.038979,0.015029
1.982174,8.987119,-393.731574,6.338574,7.065313,25.031411,-212.884982,3.336501,3.328421,0.088486,6.166141,0.039483,0.015565
1.982705,9.390748,-393.907890,6.430224,7.062417,24.758714,-211.792574,3.202213,2.977343,0.084186,6.166813,0.039324,0.015004
1.983236,9.731960,-394.263637,6.541386,6.936997,23.513380,-211.597728,3.563724,2.654007,0.075303,6.172516,0.040664,0.016693
1.983767,10.153556,-394.176342,6.599528,6.775499,22.888563,-211.965892,3.175384,3.059014,0.069778,6.175620,0.040099,0.014888
1.984299,10.500545,-394.101543,6.571676,6.930937,21.992807,-213.359448,3.130262,3.269926,0.063498,6.180469,0.040201,0.014601
1.984830,11.110513,-394.486883,6.563508,6.867217,20.712970,-212.147824,3.196269,2.988847,0.052614,6.185859,0.039985,0.014986
1.985361,11.581201,-394.679390,6.486688,6.964078,20.439446,-212.987881,3.177091,3.122606,0.048716,6.187513,0.039712,0.014846
1.985892,12.379821,-394.744526,6.516446,6.942519,18.631304,-213.073864,3.240710,3.148534,0.034398,6.195967,0.040039,0.015148
1.986423,12.779859,-394.819356,6.263838,6.993532,17.833838,-213.057808,3.599542,3.055498,0.027798,6.199676,0.039733,0.016819
1.986954,13.604563,-394.982603,6.574028,7.046866,16.793882,-212.969850,3.158740,3.185329,0.017521,6.204492,0.040066,0.014787
1.987485,14.104815,-395.379285,6.572341,6.904298,15.841324,-213.101696,3.308328,3.080867,0.009526,6.208985,0.040365,0.015476
1.988016,14.607353,-395.113759,6.499512,6.781591,14.791693,-213.112281,3.183415,3.122746,0.001013,6.213888,0.039765,0.014901
1.988548,14.956206,-395.439534,6.359893,6.951235,13.077720,-213.702037,3.788043,3.088635,-0.010336,6.222065,0.040730,0.017682
1.989079,16.248903,-395.305431,6.403895,6.837533,12.592313,-213.352957,4.010608,2.949972,-0.020094,6.224233,0.041519,0.018750
1.989610,16.827729,-395.285353,6.287094,6.959882,11.733649,-213.386192,3.503559,2.728061,-0.027998,6.228253,0.039554,0.016384
1.990141,17.225245,-395.358660,6.349371,6.989264,10.115203,-213.333874,3.666218,3.079699,-0.039041,6.235806,0.040251,0.017160
1.990672,17.974900,-395.756900,6.487741,6.962305,9.311429,-213.773304,3.511765,3.089562,-0.047570,6.239655,0.040495,0.016408
1.991203,18.740634,-395.196515,6.221849,7.022071,7.963848,-213.680424,3.641190,3.171143,-0.059301,6.245933,0.039656,0.017026
1.991734,18.944868,-395.431205,6.257971,7.202905,7.103649,-213.707970,3.355251,3.281493,-0.065069,6.249958,0.039012,0.015691
1.992266,19.798887,-395.326267,6.507782,7.160513,6.410500,-213.421252,3.286600,3.624580,-0.073469,6.253157,0.039994,0.015394
1.992797,20.355132,-395.118666,6.467772,7.009441,5.169254,-213.428325,3.253684,2.945853,-0.083387,6.258970,0.039724,0.015240
1.993328,20.645711,-395.044834,6.440332,7.076876,4.347403,-213.570865,3.358406,3.283017,-0.089570,6.262832,0.039888,0.015722
1.993859,21.268513,-394.612293,6.462550,6.917857,3.387308,-213.772060,3.511048,3.172524,-0.098558,6.267341,0.040486,0.016422
1.994390,22.044473,-394.608032,6.454891,6.952022,2.272614,-213.609408,3.321017,3.026955,-0.108806,6.272547,0.039890,0.015546
1.994921,22.467476,-394.448433,6.339620,7.255847,1.009279,-214.235430,3.571294,3.398637,-0.118513,6.278474,0.040153,0.016670
1.995452,22.789886,-393.948838,6.211503,6.944861,-0.070057,-214.491979,3.432938,3.259956,-0.126702,6.283512,0.039283,0.016005
1.995983,23.516738,-393.905356,6.430054,7.111749,-0.445836,-213.871258,3.511802,3.312955,-0.132322,6.285270,0.040391,0.016420
1.996515,23.976894,-393.761090,6.635995,7.077455,-1.539745,-213.876117,3.090153,2.934636,-0.140910,6.290384,0.040328,0.014448
1.997046,24.131380,-393.449331,6.631858,6.915021,-1.928674,-213.660679,3.114822,3.029043,-0.143946,6.292212,0.040357,0.014578
1.997577,24.363793,-393.411958,6.562054,7.108854,-3.443668,-213.868877,3.141343,2.931431,-0.153658,6.299286,0.040098,0.014686
1.998108,24.895026,-393.331925,6.682421,6.975584,-3.466167,-213.589486,3.131861,3.095541,-0.156498,6.299412,0.040591,0.014661
1.998639,25.336517,-393.368097,6.587854,6.944898,-4.613200,-213.510354,3.378856,3.062969,-0.165005,6.304788,0.040634,0.015821
1.999170,25.509067,-393.138628,6.663397,6.817664,-5.832391,-213.424767,3.619181,3.606984,-0.172660,6.310506,0.041588,0.016951
1.999701,25.732105,-393.155574,6.460236,6.860538,-6.415203,-213.908969,3.477696,3.206657,-0.177460,6.313167,0.040330,0.016249
2.000232,25.918154,-392.901992,6.516661,6.973927,-6.557173,-213.542174,3.253483,3.415916,-0.179122,6.313882,0.040046,0.015229
2.000764,25.943739,-392.857787,6.520171,6.998369,-7.115151,-213.770148,3.257103,3.251287,-0.182541,6.316457,0.040101,0.015228
2.001295,25.927747,-392.691865,6.549339,6.856338,-8.238560,-213.694043,3.534567,3.530183,-0.188607,6.321719,0.040893,0.016528
2.001826,25.943739,-392.857787,6.520171,6.998369,-8.501776,-214.160370,3.415648,3.362501,-0.190423,6.322863,0.040528,0.015936
2.002357,25.870100,-392.564562,6.538347,6.927271,-8.922848,-213.413440,3.275579,3.466213,-0.191822,6.324971,0.040160,0.015337
2.002888,25.922435,-392.315098,6.509545,7.106035,-10.290846,-214.103239,3.751731,3.592496,-0.200474,6.331213,0.041416,0.017501
2.003419,25.922435,-392.315098,6.509545,7.106035,-10.280274,-213.804912,3.791651,3.429500,-0.200091,6.331231,0.041438,0.017710
2.003950,25.809277,-392.229458,6.564576,7.120574,-10.786656,-214.158441,3.587810,3.376320,-0.202691,6.333510,0.041243,0.016729
2.004481,25.809277,-392.229458,6.564576,7.120574,-10.596395,-214.013614,3.648289,3.191213,-0.201506,6.332658,0.041354,0.017021
2.005013,25.679353,-392.254064,6.578469,7.083348,-10.491332,-213.296098,3.478891,3.662639,-0.199432,6.332332,0.040878,0.016293
2.005544,25.140579,-392.124224,6.720986,6.993974,-10.677270,-213.714770,3.469224,3.735314,-0.198128,6.333104,0.041645,0.016216
2.006075,24.724283,-391.961406,6.534506,6.866849,-11.231070,-214.067141,3.305327,3.393952,-0.199430,6.335602,0.040423,0.015421
2.006606,24.266077,-391.966016,6.587760,6.870409,-10.860476,-213.666197,3.487358,3.436982,-0.194517,6.333971,0.041065,0.016300
2.007137,24.010163,-392.162709,6.585400,6.980130,-11.161991,-214.025442,3.448517,3.406108,-0.194937,6.335291,0.041010,0.016090
2.007668,23.604708,-392.159501,6.485206,7.043530,-11.839360,-213.768736,3.656521,3.780156,-0.196134,6.338513,0.041053,0.017081
2.008199,22.634785,-392.113905,6.411279,6.854042,-11.772899,-213.857531,3.750968,3.490744,-0.190679,6.338180,0.040968,0.017510
2.008731,22.178383,-392.577615,6.497737,7.207096,-11.901330,-213.837438,3.675013,3.517399,-0.188405,6.338784,0.041136,0.017157
2.009262,21.842988,-392.532959,6.482084,7.049902,-11.008785,-213.696380,3.334473,3.407779,-0.181672,6.334656,0.040190,0.015584
2.009793,21.090104,-392.749352,6.391203,7.032050,-11.414474,-213.694423,3.912552,3.375282,-0.179579,6.336550,0.041233,0.018276
2.010324,19.986578,-392.866234,6.580052,6.832388,-10.661899,-213.626097,3.507042,3.553113,-0.169353,6.333053,0.041043,0.016397
2.010855,19.490858,-393.486635,6.304032,7.157991,-10.474775,-213.535370,3.445874,3.554148,-0.165007,6.332200,0.039508,0.016119
2.011386,18.954640,-393.475799,6.465473,6.930530,-10.251012,-213.019297,3.595929,3.713318,-0.160452,6.331271,0.040537,0.016863
2.011917,17.650104,-393.678681,6.505482,6.964220,-10.118285,-214.076953,3.588956,3.287586,-0.153396,6.330415,0.040918,0.016743
2.012448,16.933155,-393.629366,6.263776,7.039299,-9.691529,-214.168680,3.245723,3.340525,-0.147285,6.328406,0.038977,0.015140
2.012980,16.075349,-393.874622,6.529508,7.047145,-8.648619,-213.598059,3.496562,3.685843,-0.136294,6.323653,0.040762,0.016358
2.013511,14.689273,-393.998631,6.450241,6.925384,-8.157951,-213.763887,3.461373,3.512442,-0.126091,6.321330,0.040333,0.016181
2.014042,14.359452,-394.460303,6.450478,7.087459,-7.789724,-213.762791,3.523632,3.190589,-0.121968,6.319610,0.040410,0.016471
2.014573,12.954764,-394.363147,6.186758,7.077725,-7.512969,-213.886962,3.298691,3.449207,-0.112927,6.318297,0.038665,0.015414
2.015104,12.103445,-394.475826,6.456392,6.933996,-6.750220,-213.939898,3.593405,3.468414,-0.104054,6.314727,0.040729,0.016787
2.015635,10.970429,-395.002661,6.271744,7.144009,-6.368158,-213.707516,3.566755,3.306481,-0.095347,6.312975,0.039651,0.016681
2.016166,10.070665,-395.073765,6.416442,6.973737,-5.521342,-213.484798,3.299402,3.481481,-0.085654,6.309042,0.039611,0.015450
2.016697,8.839908,-395.119592,6.130287,6.891395,-5.209102,-213.474131,3.279415,3.451319,-0.077189,6.307582,0.038186,0.015358
2.017229,7.767472,-395.344692,6.523942,7.043741,-4.606792,-214.133405,3.491415,3.307288,-0.068181,6.304696,0.040748,0.016301
2.017760,6.610172,-395.348624,6.247208,7.086463,-3.968558,-213.365694,3.667093,3.128418,-0.058065,6.301783,0.039748,0.017183
2.018291,5.663954,-395.722726,6.492271,6.983310,-2.766930,-213.721577,3.574614,3.259285,-0.046290,6.296131,0.040681,0.016724
2.018822,4.462799,-395.760923,6.502498,6.986888,-2.278610,-213.325548,3.680098,3.101954,-0.036936,6.293866,0.040928,0.017250
2.019353,3.351942,-395.730442,6.311054,6.802430,-1.975503,-213.803548,3.332888,3.219585,-0.029275,6.292425,0.039215,0.015588
2.019884,2.232133,-395.757318,6.509374,7.060881,-1.518069,-214.160351,3.902394,3.227206,-0.020648,6.290274,0.041785,0.018221
2.020415,0.533169,-395.635696,6.521410,6.908799,-0.263775,-214.080761,3.578077,3.176318,-0.004390,6.284417,0.040971,0.016714
2.020947,0.020531,-395.591165,6.503016,7.034641,0.469052,-214.338165,3.807264,3.064003,0.002475,6.280997,0.041575,0.017763
2.021478,-1.225708,-395.772792,6.288364,6.958631,1.487153,-213.482286,3.628792,2.936579,0.014881,6.276219,0.039824,0.016998
2.022009,-2.655307,-395.467407,6.184978,6.956897,1.802222,-213.961061,3.724459,3.216201,0.024554,6.274762,0.039767,0.017406
2.022540,-3.531758,-395.862104,6.488076,7.000969,3.001363,-214.023325,3.526896,3.305545,0.035913,6.269163,0.040588,0.016477
2.023071,-4.778234,-395.816552,6.228417,7.092661,3.547056,-213.730760,3.753727,3.113237,0.045690,6.266591,0.039902,0.017560
2.023602,-5.354748,-395.646499,6.350555,6.861258,4.107630,-213.859658,3.625798,2.866178,0.052005,6.263981,0.040174,0.016950
2.024133,-6.320520,-395.481928,6.650471,6.785481,4.774083,-213.715241,4.047710,2.808420,0.060962,6.260850,0.042744,0.018933
2.024664,-7.424549,-395.396786,6.504301,6.931678,6.351937,-213.402651,3.607972,3.207633,0.075553,6.253429,0.040759,0.016898
2.025196,-8.601330,-394.981176,6.500040,6.847619,7.244525,-213.443471,3.436555,3.141940,0.087066,6.249257,0.040356,0.016090
2.025727,-9.246421,-394.976221,6.269662,6.950803,7.793087,-213.556878,3.450932,3.207234,0.093649,6.246710,0.039300,0.016147
2.026258,-10.166266,-394.989138,6.550177,6.843929,8.616531,-213.765419,3.267790,3.341012,0.103276,6.242899,0.040195,0.015275
2.026789,-11.170245,-394.708626,6.310152,6.825430,9.044608,-214.242486,3.621467,3.665275,0.111550,6.240994,0.040098,0.016889
2.027320,-11.508155,-394.780858,6.367801,6.952371,10.474778,-213.132461,3.299402,3.481481,0.120433,6.234078,0.039245,0.015464
2.027851,-12.854796,-394.322384,6.254421,6.717034,10.637241,-213.619323,3.235289,3.384582,0.129278,6.233431,0.038688,0.015128
2.028382,-13.410702,-394.415383,6.353924,6.862868,11.436483,-213.516510,3.388467,3.239503,0.136500,6.229674,0.039477,0.015845
2.028913,-13.643896,-394.224039,6.401843,6.807770,12.063370,-213.372079,3.641744,3.388714,0.141199,6.226709,0.040346,0.017037
2.029445,-14.492332,-393.553361,6.506297,7.093807,12.707294,-213.448509,3.235728,3.327112,0.149888,6.223722,0.039966,0.015134
2.029976,-14.771766,-393.380353,6.502811,7.008689,13.149468,-213.498508,3.443152,3.023986,0.153991,6.221673,0.040457,0.016090
2.030507,-15.416249,-393.429809,6.391088,6.881904,13.879500,-213.444981,3.611001,3.387256,0.161353,6.218251,0.040303,0.016878
2.031038,-15.708521,-393.164298,6.352498,6.891661,13.703806,-213.194243,3.697253,3.572963,0.161997,6.218995,0.040366,0.017304
2.031569,-16.059841,-393.375133,6.343455,7.072824,13.454149,-213.206671,3.849905,3.355372,0.162371,6.220165,0.040704,0.018013
2.032100,-16.347192,-393.270194,6.382630,6.932522,14.442717,-213.799957,3.966146,3.327268,0.169906,6.215735,0.041296,0.018496
2.032631,-16.783548,-392.946392,6.417457,6.915428,15.500150,-213.187537,3.375880,3.497470,0.177700,6.210606,0.039792,0.015797
2.033162,-17.080558,-392.905987,6.595600,6.894094,16.101836,-213.173357,3.543962,3.563349,0.182565,6.207794,0.041017,0.016578
2.033694,-17.210821,-392.872055,6.514885,6.910937,15.168271,-213.829075,3.777014,3.331156,0.178912,6.212368,0.041414,0.017610
2.034225,-17.308263,-392.902313,6.320552,6.977118,15.465119,-213.842933,3.840539,3.815684,0.181027,6.210991,0.040732,0.017912
2.034756,-17.397523,-392.910095,6.380060,6.952641,16.294753,-214.111003,3.525047,3.691027,0.186252,6.207227,0.040176,0.016421
2.035287,-17.397523,-392.910095,6.380060,6.952641,17.580842,-213.465134,3.298469,3.711696,0.192511,6.201011,0.039432,0.015414
2.035818,-17.210821,-392.872055,6.514885,6.910937,17.325895,-213.465918,3.678974,3.532336,0.190179,6.202198,0.041007,0.017174
2.036349,-17.210821,-392.872055,6.514885,6.910937,17.325895,-213.465918,3.678974,3.532336,0.190179,6.202198,0.041007,0.017174
2.036880,-17.137374,-392.834027,6.481757,6.922834,17.741275,-213.025825,3.686736,3.388208,0.191598,6.200095,0.040763,0.017238
2.037412,-16.949667,-392.701318,6.446318,6.839889,17.312063,-213.520769,3.815714,3.630013,0.188933,6.202283,0.041113,0.017806
2.037943,-16.347205,-392.775145,6.609285,6.835344,17.268418,-213.592467,3.822641,3.667575,0.185450,6.202513,0.041903,0.017834
2.038474,-15.551086,-392.677384,6.441553,6.939683,17.319277,-213.569701,3.805720,3.640968,0.181503,6.202268,0.041151,0.017756
2.039005,-15.432369,-392.653466,6.412377,7.063915,17.319277,-213.569701,3.805720,3.640968,0.180886,6.202268,0.041049,0.017756
2.039536,-14.656084,-392.617679,6.518026,6.908099,17.319277,-213.569701,3.805720,3.640968,0.176722,6.202268,0.041543,0.017756
2.040067,-14.187812,-392.740597,6.645635,6.991503,17.682000,-213.407192,3.822101,3.729769,0.175876,6.200518,0.042134,0.017846
2.040598,-13.477375,-392.895172,6.335509,6.929014,17.607997,-213.597111,3.871199,3.672889,0.171666,6.200936,0.040869,0.018056
2.041129,-12.445057,-393.141418,6.454864,6.926009,17.493952,-213.469119,3.845716,3.617895,0.165114,6.201417,0.041295,0.017948
2.041661,-11.532488,-393.065472,6.227607,6.857181,17.503888,-213.684273,3.865919,3.494943,0.160478,6.201453,0.040390,0.018020
2.042192,-10.995438,-393.346521,6.471657,6.870111,17.195630,-214.024477,3.856090,3.411357,0.155933,6.203013,0.041519,0.017947
2.042723,-9.818599,-393.388345,6.431101,6.719309,16.874368,-214.049823,3.810967,3.208558,0.147756,6.204514,0.041226,0.017733
2.043254,-9.028203,-393.594217,6.459687,6.844329,16.625181,-213.995366,3.783090,3.412990,0.141877,6.205652,0.041281,0.017615
2.043785,-7.993123,-393.765241,6.459811,6.909681,16.056528,-214.054043,3.756994,3.400891,0.133033,6.208314,0.041238,0.017494
2.044316,-6.683221,-394.075170,6.341559,6.871168,15.520139,-214.061382,3.777229,3.436681,0.122723,6.210809,0.040721,0.017591
2.044847,-5.584753,-394.331754,6.271939,6.801069,15.596021,-213.883324,3.824349,3.448355,0.116844,6.210396,0.040453,0.017824
2.045378,-4.702132,-394.339347,6.459500,6.807894,15.131587,-213.867277,3.756050,3.413692,0.109460,6.212551,0.041165,0.017511
2.045910,-3.323330,-394.186682,6.417238,6.980596,14.888141,-213.590337,3.832624,3.442274,0.100501,6.213594,0.041197,0.017892
2.046441,-2.436698,-394.711904,6.275830,6.874675,13.523950,-213.887907,3.869820,3.049248,0.088038,6.220040,0.040623,0.018043
2.046972,-1.078736,-394.730693,6.253664,7.037370,14.037589,-214.096246,3.790598,3.422002,0.083490,6.217712,0.040363,0.017660
2.047503,0.305946,-394.856924,6.474008,6.947332,13.112781,-213.853272,3.677923,3.287576,0.070637,6.221945,0.041040,0.017160
2.048034,2.223423,-395.116044,6.248690,6.997138,13.304344,-214.422908,3.491625,3.535442,0.061248,6.221218,0.039555,0.016253
2.048565,3.084612,-394.746726,6.448475,6.912312,12.490737,-213.634162,3.937065,3.558223,0.051889,6.224784,0.041663,0.018392
2.049096,4.547406,-395.224680,6.273016,6.941186,12.191773,-214.397085,3.999532,3.606517,0.042249,6.226381,0.041109,0.018619
2.049627,5.985189,-395.252623,6.271915,6.823511,11.642032,-214.146803,3.870861,3.709025,0.031225,6.228874,0.040678,0.018047
2.050159,7.050765,-395.283989,6.342926,6.847216,11.526863,-213.879868,3.646182,3.416080,0.024670,6.229343,0.040320,0.017020
2.050690,8.780932,-395.423037,6.268177,6.930727,10.358278,-214.122780,3.900962,3.379640,0.008700,6.234848,0.040721,0.018192
2.051221,10.126259,-395.687806,6.466203,6.888015,10.192736,-214.267048,3.608422,3.644523,0.000366,6.235651,0.040816,0.016822
2.051752,11.801935,-395.532228,6.520304,6.697162,9.593758,-213.812931,3.568383,3.302147,-0.012151,6.238346,0.040900,0.016670
2.052283,13.154800,-395.233708,6.247349,6.776776,9.428751,-213.442090,3.566164,3.098640,-0.020493,6.239039,0.039563,0.016688
2.052814,14.578415,-395.376088,6.522313,6.886976,8.225978,-214.200765,3.805985,3.180730,-0.035048,6.244801,0.041656,0.017751
2.053345,16.214103,-395.086167,6.469440,6.875245,7.806895,-214.390153,3.557088,3.610328,-0.046493,6.246787,0.040818,0.016581
2.053877,17.750246,-395.461838,6.511911,6.830490,7.265126,-214.278540,3.661806,3.489870,-0.057806,6.249293,0.041169,0.017078
2.054408,18.964883,-395.170620,6.280178,6.873876,6.923312,-213.505970,3.610920,3.632688,-0.066188,6.250770,0.039803,0.016904
2.054939,20.391466,-394.950711,6.551745,6.950010,6.711261,-214.385768,3.480687,3.283247,-0.075619,6.251891,0.040978,0.016227
2.055470,22.013691,-394.902315,6.454572,7.017553,5.603220,-214.613231,3.469504,3.734180,-0.090773,6.257083,0.040508,0.016162
2.056001,23.740779,-394.849981,6.375542,7.034136,5.549991,-214.142860,3.488921,3.419865,-0.100327,6.257274,0.040048,0.016287
2.056532,24.762071,-394.857087,6.196084,6.990505,5.227568,-214.137261,3.471050,3.197911,-0.107675,6.258778,0.039110,0.016204
2.057063,26.194310,-394.169372,6.523033,6.866002,5.184512,-213.909102,3.376975,3.378522,-0.116029,6.258953,0.040498,0.015782
2.057594,27.360582,-394.081476,6.371180,6.920165,3.910390,-214.174540,3.644500,3.439034,-0.129615,6.264929,0.040493,0.017013
2.058126,28.728859,-393.730426,6.202699,7.053369,3.445186,-213.899386,3.509346,3.330646,-0.139681,6.267080,0.039319,0.016404
2.058657,30.085590,-393.440544,6.349725,6.971121,3.452664,-214.331753,3.557968,3.571635,-0.147615,6.267078,0.040265,0.016598
2.059188,31.265664,-393.030775,6.421877,6.968621,3.289833,-213.591346,3.487884,3.130990,-0.154662,6.267784,0.040285,0.016327
2.059719,32.493472,-393.290822,6.467587,6.948818,2.636755,-213.474890,3.253396,3.115863,-0.164539,6.270834,0.039775,0.015239
2.060250,33.835835,-392.764604,6.438855,6.884828,2.394266,-213.829160,3.205528,2.918848,-0.173939,6.271989,0.039638,0.014990
2.060781,35.178135,-392.265739,6.386693,6.822674,2.141393,-214.286023,3.114265,3.237375,-0.183532,6.273192,0.039337,0.014533
2.061312,35.930633,-392.458885,6.445581,7.101702,1.442636,-214.430733,3.486756,3.304929,-0.191352,6.276458,0.040516,0.016260
2.061843,36.746358,-391.795486,6.560261,6.859411,1.324283,-214.720223,3.615146,3.683417,-0.197434,6.277018,0.041543,0.016836
2.062375,38.211401,-391.589420,6.413361,6.953925,1.217248,-214.124662,3.511026,3.567923,-0.205516,6.277501,0.040453,0.016397
2.062906,38.773673,-391.406422,6.253004,7.025551,1.197935,-214.026868,3.447442,3.966754,-0.208752,6.277588,0.039614,0.016107
2.063437,39.814576,-391.156516,6.415240,6.929245,1.178355,-214.169162,3.458040,3.891701,-0.214928,6.277683,0.040403,0.016146
2.063968,40.297913,-391.178824,6.514005,6.925379,1.090044,-214.064596,3.532336,3.419901,-0.217857,6.278093,0.040931,0.016501
2.064499,41.486278,-390.640051,6.492991,6.734677,1.015057,-213.948589,3.535809,3.483331,-0.225166,6.278441,0.040839,0.016526
2.065030,42.172343,-390.737012,6.588589,6.795363,0.900111,-213.806829,3.515955,3.221841,-0.229170,6.278975,0.041120,0.016444
2.065561,42.649747,-390.511955,6.500513,6.756418,1.010186,-214.007085,3.491093,3.405060,-0.231676,6.278465,0.040742,0.016313
2.066092,43.513332,-390.063492,6.464916,7.041635,1.087490,-214.109713,3.543631,3.388801,-0.236603,6.278106,0.040870,0.016550
2.066624,43.713433,-390.142238,6.539853,6.758409,0.868529,-213.830779,3.470095,3.451189,-0.238386,6.279124,0.040861,0.016228
2.067155,44.353949,-390.359333,6.442664,7.019892,1.132180,-214.022803,3.524284,3.652336,-0.240371,6.277895,0.040632,0.016467
2.067686,44.964565,-390.200141,6.550102,7.127903,0.868529,-213.830779,3.470095,3.451189,-0.244998,6.279124,0.040943,0.016228
2.068217,45.505642,-389.938402,6.480487,6.975764,1.101222,-214.114934,3.532102,3.587294,-0.247378,6.278042,0.040857,0.016496
2.068748,45.597451,-390.004675,6.517412,7.018947,1.105868,-214.349146,3.552245,3.731401,-0.248072,6.278026,0.041144,0.016572
2.069279,45.766447,-389.876162,6.554415,6.875549,1.170077,-213.994391,3.613426,3.298027,-0.248325,6.277718,0.041296,0.016885
2.069810,46.099833,-389.749051,6.579862,6.990974,1.373912,-213.977639,3.623288,3.297587,-0.249167,6.276765,0.041489,0.016933
2.070342,46.040109,-390.097424,6.589870,6.986429,1.948977,-214.136443,3.467658,3.482443,-0.245518,6.274084,0.041170,0.016193
2.070873,46.534937,-390.073258,6.579878,7.120660,2.517617,-214.223458,3.190333,3.194277,-0.245272,6.271434,0.040504,0.014892
2.071404,46.468400,-390.250588,6.633793,7.231689,2.768179,-213.992753,3.418554,3.593520,-0.243033,6.270250,0.041299,0.015974
2.071935,46.543921,-390.305513,6.670913,7.239278,2.688712,-214.460957,3.421824,3.315366,-0.244412,6.270649,0.041524,0.015954
2.072466,46.648108,-390.493035,6.648189,7.140663,3.383179,-214.376347,3.623990,3.329459,-0.240890,6.267405,0.041850,0.016902
2.072997,46.706041,-390.418591,6.663681,7.169189,3.605311,-214.116566,3.680469,3.436508,-0.239768,6.266349,0.042051,0.017186
2.073528,46.714906,-390.390532,6.648005,7.110739,4.184229,-214.195558,3.342308,3.242810,-0.236853,6.263653,0.041168,0.015601
2.074059,46.532927,-390.352316,6.521819,7.149129,5.196857,-213.992399,3.544990,3.293151,-0.230229,6.258905,0.041112,0.016560
2.074591,46.089798,-390.539999,6.531912,6.827562,5.487976,-213.659016,3.698321,3.159944,-0.225634,6.257505,0.041366,0.017302
2.075122,46.137248,-390.726838,6.608370,7.074939,6.304591,-213.816343,3.245723,3.340525,-0.221464,6.253708,0.040727,0.015174
2.075653,45.711945,-391.092788,6.627883,7.059137,7.093126,-213.977431,3.543631,3.388801,-0.214683,6.250048,0.041540,0.016551
2.076184,45.557456,-391.435694,6.618219,7.048524,7.488752,-214.191325,3.464354,3.603756,-0.211567,6.248237,0.041318,0.016165
2.076715,44.684835,-391.345654,6.635896,6.923170,7.756209,-213.968441,3.605303,3.462620,-0.205261,6.246952,0.041726,0.016838
2.077246,44.411855,-391.444626,6.506245,7.020136,8.912224,-213.801036,3.424661,3.420729,-0.197238,6.241525,0.040686,0.016004
2.077777,43.884860,-391.886208,6.520857,7.115195,9.311201,-213.790920,3.432942,3.362316,-0.191745,6.239660,0.040724,0.016042
2.078308,43.404780,-392.187156,6.325394,7.212063,9.736098,-213.431708,3.545209,3.222485,-0.186169,6.237600,0.039991,0.016590
2.078840,42.569042,-392.187989,6.541482,6.981694,10.841987,-213.612129,3.279150,3.389063,-0.175832,6.232473,0.040421,0.015333
2.079371,41.897930,-392.383605,6.545874,6.831635,11.504334,-213.177590,3.353914,3.409620,-0.168003,6.229272,0.040509,0.015711
2.079902,41.473679,-392.774220,6.427612,6.839107,12.021102,-213.495253,3.332888,3.219585,-0.162829,6.226939,0.039899,0.015585
2.080433,40.598732,-393.031924,6.505314,6.986938,12.825855,-213.381882,3.211906,3.318431,-0.153380,6.223150,0.039974,0.015027
2.080964,39.826328,-393.341143,6.496756,6.944658,13.636872,-213.361944,3.611912,3.203350,-0.144500,6.219358,0.040895,0.016887
2.081495,39.048980,-393.425916,6.223601,7.012446,14.180159,-213.400626,3.324872,3.251587,-0.137272,6.216834,0.038899,0.015545
2.082026,38.303127,-393.535768,6.492632,6.870997,14.704266,-213.535135,3.953160,3.402909,-0.130361,6.214433,0.041878,0.018458
2.082557,37.180712,-393.512966,6.317640,7.007545,15.645264,-213.361940,3.623245,3.172906,-0.118976,6.209989,0.040173,0.016926
2.083089,36.431893,-393.918790,6.493965,7.092511,16.736149,-212.958580,3.277772,3.494116,-0.108413,6.204758,0.040005,0.015351
2.083620,35.976603,-393.998865,6.565415,7.030950,17.563474,-213.364702,3.585661,3.173608,-0.101585,6.201054,0.041214,0.016736
2.084151,34.522462,-394.057365,6.431505,7.044708,17.614251,-213.348428,3.692816,3.186276,-0.093294,6.200811,0.040877,0.017235
2.084682,34.128896,-394.281380,6.485133,7.129003,18.878707,-212.272704,3.313293,2.719973,-0.083593,6.194483,0.039886,0.015527
2.085213,32.674835,-394.117647,6.434805,6.989948,19.696982,-212.911481,3.493996,3.412251,-0.071497,6.190935,0.040318,0.016338
2.085744,32.146073,-394.443245,6.520046,7.132592,20.227475,-211.853483,3.809574,3.238283,-0.065183,6.187995,0.041276,0.017878
2.086275,30.965201,-394.304532,6.222072,7.039436,21.314910,-212.215379,3.514921,3.021653,-0.052948,6.183081,0.039199,0.016459
2.086807,30.172247,-394.446685,6.535609,7.046466,22.096610,-212.682184,3.571608,3.557200,-0.044400,6.179662,0.040940,0.016703
2.087338,29.316343,-394.496201,6.404469,6.926396,22.446931,-212.520378,3.542283,3.562336,-0.037731,6.177953,0.040194,0.016577
2.087869,28.242457,-394.477855,6.478538,6.922819,23.617617,-212.484311,3.434482,3.274116,-0.025407,6.172490,0.040279,0.016056
2.088400,27.709857,-394.554084,6.404629,6.936988,23.883289,-212.511544,3.549172,3.534556,-0.021017,6.171269,0.040215,0.016596
2.088931,26.374963,-394.263773,6.471757,6.884668,24.712000,-212.059740,3.196269,2.988847,-0.009127,6.167175,0.039614,0.014959
2.089462,25.823613,-394.215310,6.521026,6.824263,25.171096,-212.137607,3.348113,3.558303,-0.003584,6.165083,0.040259,0.015687
2.089993,24.723184,-394.158804,6.298990,6.947930,25.669614,-212.398751,3.497183,3.391169,0.005207,6.162913,0.039638,0.016339
2.090524,24.130904,-394.237511,6.537108,6.917220,25.970881,-212.041509,3.692152,3.615354,0.010099,6.161312,0.041205,0.017278
2.091056,22.929204,-394.291138,6.224850,6.852818,26.196418,-212.695513,3.541386,3.521056,0.017990,6.160639,0.039432,0.016524
2.091587,22.510210,-394.429623,6.230848,6.899493,27.255856,-212.092327,3.399491,3.534096,0.026021,6.155376,0.038917,0.015908
2.092118,21.491335,-393.948066,6.579316,6.728420,27.399471,-212.031178,3.430532,3.516786,0.032466,6.154674,0.040767,0.016053
2.092649,20.802378,-394.007290,6.251019,6.780541,27.565225,-212.326232,3.513013,3.492411,0.037207,6.154083,0.039444,0.016406
2.093180,19.891600,-394.029351,6.605172,6.639845,28.354892,-212.435216,3.181573,3.629712,0.046572,6.150494,0.040332,0.014884
2.093711,18.929135,-393.926254,6.284803,6.838380,28.123254,-212.498097,3.438303,3.521498,0.050633,6.151604,0.039443,0.016047
2.094242,18.854813,-393.841069,6.344113,6.715603,28.973514,-212.105617,3.230021,3.513951,0.055621,6.147426,0.039120,0.015114
2.094773,18.214613,-393.637614,6.535854,6.762976,28.912142,-212.143140,3.266547,3.614428,0.058873,6.147734,0.040196,0.015288
2.095305,17.755031,-393.564127,6.585163,6.575049,28.979608,-212.076863,3.387877,3.632634,0.061769,6.147380,0.040729,0.015849
2.095836,16.750470,-393.450806,6.415680,6.671449,28.732907,-212.584648,3.574499,3.804244,0.066154,6.148840,0.040525,0.016683
2.096367,16.411534,-393.610197,6.515478,6.854657,29.179910,-212.355568,3.392475,3.688189,0.070328,6.146630,0.040439,0.015853
2.096898,15.938632,-393.559797,6.388617,6.978354,28.913523,-212.469763,3.748496,3.647466,0.071527,6.147933,0.040812,0.017473
2.097429,15.251898,-393.678554,6.240296,7.040849,29.215304,-212.079139,3.542530,3.537635,0.076740,6.146290,0.039421,0.016547
2.097960,14.837734,-393.716053,6.336384,6.883193,29.073949,-212.622524,3.771346,3.774396,0.078451,6.147288,0.040610,0.017574
2.098491,14.587688,-393.516906,6.350541,6.911599,29.448026,-211.990732,3.648914,3.582243,0.081681,6.145157,0.040231,0.017043
2.099022,14.306666,-393.449901,6.511737,6.958370,29.301617,-212.084131,3.575092,3.581154,0.082490,6.145894,0.040835,0.016699
2.099554,14.015777,-393.569858,6.485341,6.941819,29.665944,-212.310633,3.647794,3.670798,0.086128,6.144355,0.040916,0.017018
2.100085,13.727991,-393.592531,6.680989,6.902538,28.947765,-211.890406,4.115298,3.621980,0.083567,6.147409,0.043032,0.019203
2.100616,13.606715,-393.521568,6.617758,6.900650,28.821992,-212.341979,3.257622,3.476808,0.083782,6.148276,0.040583,0.015221
2.101147,13.162220,-393.552422,6.330105,7.000299,27.960934,-212.739790,3.788983,3.489262,0.081664,6.152502,0.040682,0.017636
2.101678,12.992430,-393.590067,6.274784,7.085351,28.321891,-212.864195,3.463674,3.659461,0.084619,6.150911,0.039550,0.016146
2.102209,12.913253,-393.557906,6.249237,7.023390,27.960221,-212.782624,3.358199,3.704049,0.083044,6.152531,0.039143,0.015677
2.102740,12.728460,-393.775633,6.370237,6.962758,28.421061,-211.766317,3.094341,3.557656,0.086006,6.149773,0.038798,0.014523
2.103272,12.785838,-393.852138,6.380553,6.994841,27.402344,-212.079945,3.327743,3.522529,0.080238,6.154690,0.039485,0.015577
2.103803,12.785838,-393.852138,6.380553,6.994841,26.726054,-212.566191,3.245967,3.372129,0.076745,6.158111,0.039393,0.015160
2.104334,12.554796,-393.896077,6.569097,6.899028,26.042328,-212.655089,3.520856,3.241109,0.074281,6.161329,0.041015,0.016415
2.104865,12.476471,-393.965442,6.527066,6.878828,25.851066,-212.566855,3.383248,3.209116,0.073597,6.162166,0.040426,0.015788
2.105396,12.515854,-394.339796,6.442942,7.106750,25.640538,-213.037277,3.535777,3.251485,0.072265,6.163404,0.040444,0.016460
2.105927,12.515854,-394.339796,6.442942,7.106750,24.778772,-212.440437,3.113599,3.503013,0.067314,6.167071,0.039271,0.014584
2.106458,12.592722,-394.268679,6.485244,7.127995,24.608179,-212.768044,3.191413,3.273793,0.066104,6.168040,0.039752,0.014905
2.106989,12.882586,-394.383317,6.299133,7.160431,23.465435,-212.124044,3.611480,3.003570,0.058000,6.173012,0.039781,0.016891
2.107521,12.867637,-394.245855,6.273926,6.984267,22.591076,-212.767147,3.184668,3.299562,0.053528,6.177404,0.038726,0.014890
2.108052,13.454971,-394.640346,6.601792,7.012301,21.991029,-212.845421,3.594152,3.064330,0.046920,6.180231,0.041304,0.016773
2.108583,13.752622,-394.710778,6.590714,6.947702,21.800185,-213.028231,3.534646,3.320325,0.044266,6.181206,0.041126,0.016496
2.109114,13.972302,-394.692300,6.481801,6.921075,19.546279,-213.068973,3.789077,3.401113,0.030680,6.191704,0.041320,0.017695
2.109645,14.195924,-394.642239,6.506314,6.849876,19.614844,-213.240244,3.769917,3.527341,0.029864,6.191459,0.041435,0.017596
2.110176,14.255630,-395.069396,6.448537,7.165521,19.043436,-213.147677,3.336655,3.438624,0.026312,6.194078,0.039900,0.015596
2.110707,14.868034,-394.906776,6.320911,6.943894,17.623407,-213.317685,3.680682,3.015774,0.015173,6.200757,0.040276,0.017177
2.111238,14.981854,-395.064694,6.311401,7.177169,17.096243,-213.425428,3.185139,3.366385,0.011640,6.203252,0.038919,0.014882
2.111770,15.875929,-394.921547,6.538879,7.064798,16.814734,-213.300449,3.111680,3.438436,0.005169,6.204517,0.039871,0.014553
2.112301,16.079689,-395.073347,6.478529,7.146553,15.253777,-213.896541,3.417533,3.118382,-0.004559,6.211992,0.040428,0.015930
2.112832,16.438934,-395.236935,6.448329,7.114728,14.792574,-213.126823,3.224154,3.720477,-0.009040,6.213889,0.039587,0.015104
2.113363,17.031489,-395.701201,6.196194,7.064559,13.543285,-213.537358,3.491144,3.212307,-0.019146,6.219847,0.039036,0.016311
2.113894,17.595980,-395.711405,6.405935,7.098196,13.284669,-213.279575,3.375313,3.508249,-0.023628,6.220978,0.039681,0.015798
2.114425,18.023140,-395.134479,6.521886,6.716765,12.590560,-213.298459,3.219309,3.640780,-0.029867,6.224226,0.039982,0.015074
2.114956,18.149509,-395.217319,6.466859,6.779399,11.540639,-213.770157,3.443814,3.329088,-0.036407,6.229251,0.040354,0.016085
2.115487,18.870739,-395.058621,6.306391,6.917676,10.606377,-213.628802,3.200957,3.397721,-0.045520,6.233577,0.038948,0.014968
2.116019,18.947865,-394.993878,6.347569,6.930387,9.421974,-213.704593,3.514307,3.632673,-0.052497,6.239125,0.039975,0.016430
2.116550,19.743348,-395.338375,6.579578,7.032195,8.663583,-213.658510,3.204704,3.356027,-0.060910,6.242659,0.040218,0.014988
2.117081,19.887082,-395.501221,6.526359,7.056310,7.640046,-213.384981,3.598399,3.358532,-0.067147,6.247397,0.040839,0.016851
2.117612,20.125375,-395.204150,6.495917,6.895880,7.018177,-214.368679,3.454159,3.707695,-0.072355,6.250458,0.040592,0.016106
2.118143,20.500883,-395.272797,6.592113,6.932014,6.178893,-213.648707,3.213427,3.248178,-0.078692,6.254273,0.040264,0.015035
2.118674,21.061452,-395.218506,6.409191,7.015572,4.994455,-213.872611,3.447488,3.267504,-0.088368,6.259837,0.039995,0.016115
2.119205,21.747267,-395.162817,6.571475,7.059147,4.561758,-213.789812,3.198129,3.456786,-0.094470,6.261851,0.040143,0.014956
2.119737,21.890485,-395.026941,6.555262,6.992397,3.188545,-213.610161,3.491518,3.055486,-0.102725,6.268259,0.040736,0.016343
2.120268,22.106301,-394.718398,6.536160,7.135662,2.394266,-213.829160,3.205528,2.918848,-0.108545,6.271989,0.040037,0.014990
2.120799,22.268773,-394.710574,6.461721,7.173238,2.474556,-213.621281,3.246603,3.470813,-0.108874,6.271602,0.039747,0.015197
2.121330,22.474831,-394.716030,6.508852,7.187383,1.236771,-213.845562,3.573086,3.189880,-0.116886,6.277402,0.040806,0.016708
2.121861,22.523802,-394.435170,6.423129,7.130717,-0.287112,-214.221721,3.525750,3.422955,-0.125908,6.284526,0.040389,0.016458
2.122392,22.683415,-394.187988,6.401686,6.946155,-0.309838,-214.220960,3.576549,3.192949,-0.127075,6.284632,0.040446,0.016696
2.122923,23.153588,-394.314774,6.687142,6.934359,-0.832529,-214.108677,3.270691,3.504345,-0.132326,6.287074,0.040980,0.015276
2.123454,23.461537,-393.971046,6.835793,6.907005,-1.951123,-213.975235,3.504605,3.539297,-0.140258,6.292304,0.042267,0.016378
2.123986,23.598791,-393.883609,6.656829,7.000147,-2.517778,-214.108489,3.655243,3.265479,-0.144264,6.294944,0.041820,0.017071
2.124517,23.598791,-393.883609,6.656829,7.000147,-2.675149,-213.979773,3.614142,3.376900,-0.145019,6.295687,0.041685,0.016889
2.125048,23.913228,-393.868038,6.657720,6.976116,-3.361713,-213.276991,3.230267,3.223042,-0.149899,6.298946,0.040552,0.015144
2.125579,23.991967,-393.830504,6.614715,6.987164,-3.628326,-213.631666,3.276615,3.355613,-0.152093,6.300168,0.040539,0.015336
2.126110,23.914044,-393.717206,6.623164,7.038313,-4.292121,-213.355655,3.448645,3.723976,-0.155130,6.303300,0.040971,0.016161
2.126641,23.994694,-393.621602,6.608633,7.016659,-4.541201,-213.843014,3.505158,3.771060,-0.157415,6.304418,0.041163,0.016388
2.127172,23.994694,-393.621602,6.608633,7.016659,-5.051051,-212.885309,3.159640,3.656542,-0.159345,6.306907,0.040100,0.014839
2.127703,23.899656,-393.589545,6.558086,6.968901,-5.314903,-212.988604,3.307821,3.507839,-0.160374,6.308134,0.040214,0.015526
2.128235,23.546288,-393.390609,6.673215,6.976505,-5.396187,-213.115956,3.223485,3.674541,-0.159188,6.308500,0.040657,0.015122
2.128766,23.559393,-393.637655,6.390121,7.009333,-5.730155,-213.635294,3.087523,3.148441,-0.161304,6.310001,0.039001,0.014447
2.129297,23.269814,-393.573863,6.583108,7.033371,-6.303428,-213.977636,3.454896,3.324015,-0.163201,6.312635,0.040897,0.016139
2.129828,23.025518,-393.542335,6.640844,6.945744,-6.520549,-213.835577,3.336360,3.583590,-0.162955,6.313669,0.040864,0.015596
2.130359,22.399647,-393.240870,6.583344,6.778446,-6.907250,-213.805771,3.538551,3.574171,-0.161899,6.315480,0.041136,0.016542
2.130890,22.192137,-393.283733,6.598555,6.901653,-7.169800,-213.934077,3.657824,3.540011,-0.162274,6.316687,0.041545,0.017088
2.131421,21.947657,-393.141298,6.559022,6.862628,-6.921748,-213.617374,3.557135,3.451951,-0.159446,6.315577,0.041066,0.016643
2.131952,21.399871,-393.567194,6.609360,6.792926,-7.719366,-213.853793,3.783967,3.483250,-0.160635,6.319266,0.041835,0.017681
2.132484,21.001209,-393.481094,6.657054,6.859308,-7.412873,-213.696739,3.316737,3.574458,-0.156749,6.317860,0.040903,0.015513
2.133015,20.607871,-393.667056,6.562470,6.920836,-7.428228,-213.655361,3.309991,3.595875,-0.154505,6.317939,0.040404,0.015485
2.133546,19.858303,-393.724233,6.479268,7.027230,-7.428228,-213.655361,3.309991,3.595875,-0.150390,6.317939,0.040029,0.015485
2.134077,19.514503,-393.691139,6.526441,6.897930,-7.428228,-213.655361,3.309991,3.595875,-0.148550,6.317939,0.040256,0.015485
2.134608,18.548699,-393.725203,6.515059,6.907473,-7.872453,-213.986261,3.736660,3.685306,-0.145952,6.319958,0.041380,0.017450
2.135139,18.001356,-394.036705,6.567910,6.911810,-7.532561,-214.096309,3.947847,3.648320,-0.140961,6.318354,0.042181,0.018427
2.135670,17.217816,-393.793368,6.475696,6.922585,-7.773877,-213.813865,3.997163,3.485564,-0.137976,6.319527,0.041895,0.018679
2.136202,16.324974,-394.259035,6.473979,6.964725,-7.545491,-213.965123,3.994840,3.613328,-0.131632,6.318436,0.041852,0.018657
2.136733,16.161652,-394.453745,6.530962,7.039325,-6.691602,-213.535889,3.540598,3.441291,-0.125653,6.314512,0.040775,0.016572
2.137264,14.835084,-394.261046,6.217235,7.212775,-6.880495,-213.919414,3.561053,3.794495,-0.119837,6.315338,0.039527,0.016639
2.137795,14.226434,-394.624078,6.482457,6.831127,-6.444711,-214.093179,3.387005,3.864391,-0.114005,6.313279,0.040290,0.015815
2.138326,13.144897,-394.652468,6.387639,7.078498,-6.146707,-214.266259,3.539705,3.484171,-0.106541,6.311865,0.040293,0.016513
2.138857,12.549582,-394.940083,6.364862,7.142991,-6.009090,-214.577012,3.709756,3.707189,-0.102535,6.311182,0.040672,0.017282
2.139388,12.100511,-394.822704,6.520824,6.896753,-5.736713,-214.747335,3.441629,3.659864,-0.098732,6.309893,0.040770,0.016021
2.139919,10.471769,-395.081618,6.403901,7.101520,-4.588904,-214.477640,3.580506,3.542908,-0.083198,6.304578,0.040507,0.016690
2.140451,9.899468,-395.213933,6.456265,6.932968,-4.572077,-214.042292,3.723486,3.589005,-0.079708,6.304543,0.041020,0.017392
2.140982,8.880568,-395.192542,6.150175,7.152844,-3.789947,-213.287842,3.448254,3.509914,-0.069542,6.300953,0.038694,0.016165
2.141513,8.020450,-395.163042,6.482197,7.039865,-3.422736,-213.533953,3.260205,3.755523,-0.062920,6.299213,0.039886,0.015267
2.142044,7.053684,-395.060342,6.187871,6.959954,-2.836119,-213.361271,3.314397,3.816978,-0.054376,6.296477,0.038592,0.015533
2.142575,6.207756,-395.534768,6.467699,7.022610,-3.054800,-214.470522,3.467852,3.563911,-0.051112,6.297428,0.040486,0.016168
2.143106,5.107106,-395.726898,6.161647,7.008391,-2.416609,-213.428893,3.703688,2.881956,-0.041248,6.294508,0.039406,0.017352
2.143637,4.461871,-395.591685,6.549677,6.901568,-1.113002,-213.768925,3.250143,3.380967,-0.030651,6.288392,0.040197,0.015204
2.144168,3.165824,-395.633878,6.227679,7.074872,-0.633495,-213.327845,3.571526,2.914618,-0.020837,6.286155,0.039372,0.016742
2.144700,2.660057,-395.473869,6.268845,6.840634,-0.154263,-213.982051,3.561249,3.175446,-0.015505,6.283906,0.039721,0.016643
2.145231,1.305299,-395.508605,6.170335,6.992270,0.656901,-213.887333,3.257229,3.381835,-0.003570,6.280114,0.038417,0.015229
2.145762,0.693841,-395.475725,6.335159,7.101287,0.289027,-214.056918,3.946277,3.334154,-0.002231,6.281835,0.041141,0.018436
2.146293,-0.338137,-395.400688,6.511317,6.895600,1.615072,-214.208202,3.589964,3.336573,0.010779,6.275646,0.041034,0.016759
2.146824,-1.694073,-395.641132,6.455232,7.007822,2.117464,-214.037074,3.543100,3.524203,0.020985,6.273293,0.040540,0.016553
2.147355,-1.992976,-395.884390,6.519223,6.961988,3.182244,-213.895377,3.369285,3.413777,0.028429,6.268309,0.040309,0.015750
2.147886,-3.281823,-395.813056,6.455791,6.979901,3.104437,-214.696055,3.478708,3.530071,0.035246,6.268727,0.040468,0.016201
2.148418,-3.808180,-395.524867,6.624046,6.905544,4.223498,-214.242009,3.215970,3.479255,0.044276,6.263474,0.040583,0.015009
2.148949,-4.847000,-395.464731,6.168147,7.082172,3.906118,-214.031107,3.840903,3.479037,0.048207,6.264937,0.040011,0.017942
2.149480,-5.573614,-395.461702,6.490144,6.915718,5.443891,-214.057781,3.453272,3.470746,0.060660,6.257759,0.040460,0.016127
2.150011,-6.190813,-395.326545,6.436665,7.016057,5.576848,-214.251761,3.760020,3.696481,0.064897,6.257162,0.041092,0.017543
2.150542,-7.094723,-395.411792,6.313917,7.003154,5.885213,-213.760661,3.664305,3.356369,0.071334,6.255660,0.040099,0.017135
2.151073,-7.855730,-395.013735,6.519500,6.876661,7.245014,-213.465687,3.314176,3.847212,0.082987,6.249258,0.040168,0.015520
2.151604,-8.201802,-395.162536,6.452167,6.924643,7.898158,-213.590615,3.683674,3.367531,0.088439,6.246224,0.040770,0.017233
2.152135,-9.182291,-395.162294,6.244778,6.930965,7.674941,-214.561018,3.624126,3.540453,0.093070,6.247430,0.039834,0.016880
2.152667,-9.767988,-394.961747,6.551695,6.905877,7.715860,-213.866527,3.674236,3.251498,0.096247,6.247123,0.041293,0.017166
2.153198,-10.175212,-395.096409,6.465050,6.833956,9.101004,-213.691155,3.236058,3.147338,0.105863,6.240622,0.039649,0.015129
2.153729,-10.630109,-394.709691,6.391914,6.816194,9.851812,-213.724936,3.653685,3.490137,0.112690,6.237122,0.040443,0.017076
2.154260,-11.216765,-394.683541,6.341784,6.826041,9.957412,-213.737824,3.691645,3.382970,0.116490,6.236632,0.040300,0.017250
2.154791,-11.232647,-394.368741,6.352191,6.826370,9.928937,-213.686763,3.637829,3.362299,0.116589,6.236754,0.040261,0.017003
2.155322,-11.939526,-394.681990,6.609304,6.760438,11.051375,-213.618015,3.468982,3.233917,0.126301,6.231497,0.040899,0.016215
2.155853,-12.279244,-394.337397,6.628284,6.762530,11.943474,-213.212402,3.618929,3.292609,0.132946,6.227227,0.041323,0.016942
2.156384,-12.773929,-394.263815,6.452568,6.793220,11.687157,-213.312274,3.764398,3.264762,0.134366,6.228451,0.040918,0.017614
2.156916,-13.135919,-394.219638,6.352947,6.789844,12.157451,-213.111393,3.567624,3.418672,0.138761,6.226200,0.039878,0.016711
2.157447,-13.205305,-393.851271,6.414750,6.794396,11.778395,-213.810386,3.793003,3.691603,0.137886,6.228153,0.041029,0.017712
2.157978,-13.312863,-393.988666,6.412483,6.931134,13.851931,-212.460475,3.749233,3.152856,0.148543,6.218080,0.040492,0.017598
2.158509,-13.358112,-393.959328,6.441849,6.936356,13.483980,-213.060429,3.814687,3.635710,0.147307,6.219982,0.040979,0.017865
2.159040,-13.405926,-393.909273,6.458325,6.987884,13.961652,-212.772234,3.685695,3.069503,0.149954,6.217661,0.040615,0.017274
2.159571,-13.405926,-393.909273,6.458325,6.987884,13.459871,-213.477918,3.740266,3.599904,0.147812,6.220218,0.040961,0.017483
2.160102,-13.456826,-393.825475,6.461663,7.031967,13.792405,-213.056680,3.779499,3.407508,0.149614,6.218540,0.040989,0.017695
2.160633,-13.456826,-393.825475,6.461663,7.031967,13.792405,-213.056680,3.779499,3.407508,0.149614,6.218540,0.040989,0.017695
2.161165,-13.477400,-393.734835,6.443763,7.086118,13.483509,-213.401430,3.904083,3.494006,0.148407,6.220085,0.041365,0.018251
2.161696,-13.446137,-393.630436,6.452809,7.007785,13.518581,-213.691715,3.925980,3.657013,0.148748,6.220007,0.041557,0.018331
2.162227,-13.108420,-393.438875,6.360434,7.032111,13.518581,-213.691715,3.925980,3.657013,0.147066,6.220007,0.041190,0.018331
2.162758,-12.865564,-393.686435,6.513704,6.833337,13.945490,-213.846006,4.016455,3.648942,0.147992,6.218065,0.042098,0.018735
2.163289,-12.321787,-393.460595,6.547542,6.776892,13.945490,-213.846006,4.016455,3.648942,0.145213,6.218065,0.042317,0.018735
2.163820,-11.629503,-393.913116,6.330979,6.947957,13.929325,-213.907697,4.010025,3.403176,0.141046,6.218159,0.041246,0.018696
2.164351,-11.396457,-393.859293,6.390517,6.977301,14.026605,-213.776934,3.990714,3.616378,0.140248,6.217666,0.041462,0.018620
2.164883,-11.160864,-393.746305,6.318604,6.844011,13.929325,-213.907697,4.010025,3.403176,0.138620,6.218159,0.041231,0.018696
2.165414,-9.976031,-393.894309,6.325707,6.839208,13.929325,-213.907697,4.010025,3.403176,0.132045,6.218159,0.041264,0.018696
2.165945,-9.496032,-394.012313,6.373929,6.906976,14.155934,-213.578486,3.890750,3.244146,0.130341,6.217002,0.041051,0.018165
2.166476,-9.026082,-394.108322,6.290393,6.903438,13.612786,-214.000083,4.082301,3.034400,0.125040,6.219660,0.041314,0.019021
2.167007,-8.000233,-394.135716,6.566188,6.740362,13.873691,-213.699341,4.063876,3.238082,0.120639,6.218355,0.042466,0.018962
2.167538,-7.396785,-394.414589,6.404060,6.958541,13.311311,-213.463346,3.919530,3.255776,0.113944,6.220907,0.041237,0.018315
2.168069,-6.581325,-394.042246,6.407402,6.764989,13.511984,-213.788871,3.884757,3.500317,0.111014,6.220067,0.041322,0.018128
2.168600,-5.601128,-393.514032,6.420107,6.886760,13.230556,-213.746263,3.845893,3.617622,0.104375,6.221366,0.041422,0.017954
2.169132,-4.710742,-394.842393,6.391039,7.039454,13.744302,-214.148128,3.692817,3.609185,0.101781,6.219092,0.040669,0.017207
2.169663,-3.610682,-394.690507,6.343731,6.740731,13.536564,-213.871186,3.387383,3.493844,0.094548,6.219977,0.039614,0.015809
2.170194,-3.006607,-394.831263,6.334915,6.991298,13.377465,-214.120236,3.543106,3.596846,0.090417,6.220790,0.040030,0.016516
2.170725,-2.066743,-395.014767,6.569815,6.964906,12.136684,-214.334787,4.009748,3.634815,0.078450,6.226621,0.042473,0.018673
2.171256,-1.077033,-394.886084,6.268197,6.900850,12.012825,-214.221990,3.894868,3.761801,0.072328,6.227167,0.040755,0.018151
2.171787,0.374392,-395.231944,6.230792,7.056764,11.955031,-214.105764,3.784507,3.819546,0.063850,6.227406,0.040184,0.017649
2.172318,1.487832,-394.977479,6.495538,6.811837,11.377598,-213.848945,3.697209,3.597983,0.054547,6.230032,0.041206,0.017263
2.172849,2.594063,-394.994555,6.240215,6.960663,11.164908,-214.109682,3.746155,3.786006,0.047347,6.231087,0.040201,0.017473
2.173381,3.354849,-395.035951,6.224820,7.078417,10.947521,-214.211496,3.627353,3.813007,0.041965,6.232124,0.039817,0.016914
2.173912,4.774210,-395.298379,6.261986,7.015749,11.174076,-213.599152,3.452936,3.691461,0.035208,6.230920,0.039337,0.016147
2.174443,6.065638,-395.395950,6.443506,7.041331,10.214041,-213.801154,3.386521,3.618584,0.022840,6.235448,0.040077,0.015824
2.174974,6.855564,-395.396667,6.305601,7.066675,9.583939,-214.004876,3.562763,3.476684,0.015040,6.238431,0.039924,0.016631
2.175505,8.586287,-395.282191,6.260679,7.042861,9.047576,-214.407462,3.821905,3.370301,0.002550,6.241012,0.040553,0.017806
2.176036,9.882717,-395.489494,6.526011,6.696002,8.948006,-214.255538,3.627353,3.813007,-0.005157,6.241446,0.041197,0.016917
2.176567,10.908710,-395.263525,6.269796,6.832479,8.965784,-214.083359,3.662375,3.698642,-0.010723,6.241330,0.040075,0.017093
2.177098,12.176612,-395.291488,6.463111,7.152916,8.549761,-213.994141,3.395063,3.774322,-0.020002,6.243253,0.040262,0.015856
2.177630,13.051871,-395.262541,6.265329,6.982233,8.659158,-213.602029,3.214404,3.782886,-0.024176,6.242669,0.038755,0.015041
2.178161,14.418755,-395.239023,6.401567,7.141386,8.088064,-213.703591,3.086733,3.247528,-0.034859,6.245356,0.039130,0.014435
2.178692,15.916195,-395.362034,6.470678,6.902323,7.548458,-213.411830,3.403543,3.619114,-0.045957,6.247830,0.040146,0.015940
2.179223,16.888348,-395.142088,6.184617,7.079023,7.034198,-213.951422,3.489504,3.614686,-0.054332,6.250320,0.039148,0.016302
2.179754,18.206887,-394.828442,6.564642,6.828374,6.591295,-213.094650,3.347622,3.571188,-0.063829,6.252264,0.040473,0.015703
2.180285,19.202705,-395.078891,6.382561,6.956857,6.546370,-213.356863,3.215540,3.587615,-0.069534,6.252512,0.039252,0.015066
2.180816,20.714746,-394.769458,6.245622,6.911866,6.044427,-213.874654,3.332057,3.322150,-0.080922,6.254931,0.039027,0.015573
2.181348,21.821840,-394.717833,6.565853,6.811967,5.874270,-214.085395,3.536467,3.495759,-0.088059,6.255753,0.041135,0.016513
2.181879,22.719774,-394.663108,6.277722,7.004753,5.774271,-214.384057,3.454990,3.689542,-0.093721,6.256258,0.039611,0.016111
2.182410,24.032637,-394.569215,6.434950,6.942888,5.358687,-213.678091,3.465344,3.465601,-0.102869,6.258112,0.040217,0.016212
2.182941,24.809962,-394.353864,6.214491,6.836750,5.084377,-213.926648,3.566389,3.316356,-0.108895,6.259423,0.039506,0.016666
2.183472,26.302305,-393.246015,6.467008,6.983881,4.835501,-212.843994,3.580359,3.362342,-0.118437,6.260471,0.040716,0.016817
2.184003,27.382129,-394.011754,6.407066,6.868437,4.477074,-213.713569,3.320357,3.393325,-0.126363,6.262239,0.039745,0.015533
2.184534,28.409275,-394.087122,6.441755,7.073901,4.179378,-213.692749,3.213427,3.248178,-0.133517,6.263630,0.039610,0.015035
2.185065,29.074749,-393.673874,6.377115,7.005387,3.121273,-214.296014,3.833947,3.426007,-0.143689,6.268621,0.041096,0.017889
2.185597,30.480462,-392.504698,6.405700,6.895841,3.631289,-212.836675,3.450910,3.384179,-0.148340,6.266126,0.040103,0.016211
2.186128,31.190924,-393.191105,6.141459,7.064246,2.965694,-214.294612,3.731555,3.491071,-0.156484,6.269347,0.039776,0.017411
2.186659,32.126329,-392.854828,6.540776,6.795052,3.427973,-214.086536,3.495678,3.452050,-0.159176,6.267175,0.040990,0.016326
2.187190,33.401882,-392.904231,6.420705,6.789444,3.413331,-213.833451,3.466014,3.730776,-0.165928,6.267224,0.040256,0.016207
2.187721,33.840166,-392.740278,6.570349,6.836805,2.901984,-214.107375,3.660938,3.752254,-0.171493,6.269632,0.041533,0.017097
2.188252,34.514675,-392.965972,6.398899,6.999805,3.174912,-213.888751,3.527349,3.712584,-0.173252,6.268343,0.040296,0.016490
2.188783,35.580306,-392.758021,6.457200,6.743665,2.749173,-214.534126,3.789296,3.480116,-0.182171,6.270371,0.041332,0.017661
2.189314,35.993449,-392.463140,6.486793,6.779389,3.177767,-214.187666,3.571294,3.398637,-0.182035,6.268350,0.040883,0.016672
2.189846,36.844833,-391.778119,6.226448,6.878524,2.985110,-213.645009,3.644826,3.704376,-0.187840,6.269214,0.039909,0.017059
2.190377,37.358427,-391.956951,6.541832,6.832958,2.624268,-213.742947,3.765159,3.880977,-0.192488,6.270908,0.041635,0.017614
2.190908,38.060986,-391.963704,6.400010,7.150102,3.259772,-214.073156,3.496780,3.479501,-0.193193,6.267959,0.040374,0.016333
2.191439,38.408472,-391.524633,6.454339,6.979519,3.258426,-214.118647,3.508093,3.448631,-0.195600,6.267969,0.040713,0.016382
2.191970,38.642349,-391.570375,6.606684,6.937089,3.180176,-214.091120,3.493977,3.577513,-0.197213,6.268332,0.041366,0.016318
2.192501,39.391050,-391.989122,6.536784,7.096506,3.259610,-214.070113,3.538774,3.558650,-0.200353,6.267960,0.041057,0.016529
2.193032,39.649376,-391.830659,6.523153,7.194132,3.445394,-213.379628,3.595188,3.462318,-0.200162,6.267040,0.041025,0.016846
2.193563,40.319233,-391.471786,6.455188,6.936939,3.794140,-213.709188,3.579804,3.457728,-0.202651,6.265433,0.040758,0.016748
2.194095,40.609685,-391.488238,6.597961,6.919943,3.976962,-213.500124,3.635191,3.540413,-0.202981,6.264560,0.041509,0.017024
2.194626,40.609685,-391.488238,6.597961,6.919943,3.415547,-213.683403,3.879324,3.932546,-0.206212,6.267203,0.042206,0.018152
2.195157,40.951441,-391.666648,6.635652,6.954851,4.081562,-213.646505,3.621116,3.468458,-0.204223,6.264083,0.041630,0.016946
2.195688,41.229400,-391.767185,6.477664,7.020236,5.111863,-213.831654,3.578836,3.699128,-0.200260,6.259284,0.040881,0.016732
2.196219,41.390565,-391.945080,6.536784,7.096506,5.261893,-213.924928,3.573678,3.281020,-0.200228,6.258593,0.041095,0.016699
2.196750,41.557859,-392.107049,6.464916,7.041635,5.434806,-213.877631,3.560943,3.291332,-0.199969,6.257780,0.040674,0.016643
2.197281,41.557859,-392.107049,6.464916,7.041635,5.429546,-213.714740,3.611964,3.357362,-0.199819,6.257785,0.040774,0.016895
2.197813,41.668768,-392.050247,6.521910,7.039995,5.940383,-213.678572,3.527602,3.405377,-0.197687,6.255392,0.040848,0.016502
2.198344,41.751307,-392.021403,6.571634,7.023100,6.758059,-213.375379,3.342244,3.378756,-0.193431,6.251524,0.040588,0.015656
2.198875,41.725499,-392.063015,6.567735,7.002261,7.012832,-213.350095,3.624867,3.593461,-0.191848,6.250327,0.041281,0.016981
2.199406,41.743435,-392.329344,6.560566,7.067136,7.746339,-213.520318,3.556211,3.192160,-0.187888,6.246922,0.041057,0.016642
2.199937,41.638816,-391.360703,6.510441,7.082977,8.058838,-212.914804,3.388932,3.340880,-0.186005,6.245353,0.040517,0.015905
2.200468,41.425199,-392.385617,6.701647,7.050079,9.045917,-214.037279,3.482213,3.299492,-0.179595,6.240947,0.041706,0.016253
2.200999,41.232846,-392.470297,6.710511,7.026569,9.489400,-213.942875,3.545420,3.218037,-0.175968,6.238860,0.041879,0.016553
2.201530,41.041442,-392.078043,6.658299,7.075723,9.505524,-213.007921,3.759412,3.583821,-0.174322,6.238590,0.042101,0.017630
2.202062,40.668737,-392.862614,6.647952,7.077366,10.392508,-213.488138,3.464673,3.834962,-0.167212,6.234544,0.041297,0.016214
2.202593,40.045310,-392.741840,6.598514,6.940635,11.168027,-213.469134,3.419602,3.666374,-0.159708,6.230916,0.040988,0.016001
2.203124,39.974731,-392.775476,6.609922,6.822799,11.588320,-213.187854,3.399269,3.401030,-0.156767,6.228881,0.040906,0.015921
2.203655,39.574084,-393.114433,6.464990,6.971380,11.625361,-213.232107,3.556121,3.308524,-0.154140,6.228719,0.040577,0.016649
2.204186,39.136367,-393.311386,6.378578,7.093767,12.552364,-213.275263,3.311860,3.356389,-0.146600,6.224398,0.039573,0.015502
2.204717,38.755849,-393.235510,6.249838,7.044367,13.456574,-213.094600,3.520771,3.435287,-0.139529,6.220121,0.039507,0.016488
2.205248,37.892489,-393.242604,6.607883,7.071229,13.942793,-212.992572,3.576320,3.410897,-0.132096,6.217817,0.041354,0.016752
2.205779,37.337651,-393.531320,6.488969,7.124842,14.967321,-212.996375,3.534770,3.770059,-0.123283,6.213030,0.040678,0.016560
2.206311,37.113182,-393.661650,6.367502,7.185292,14.820962,-212.954559,3.361911,3.159288,-0.122741,6.213701,0.039602,0.015744
2.206842,36.206542,-393.783512,6.502623,6.914652,15.617865,-213.407909,3.492488,3.199906,-0.113651,6.210132,0.040674,0.016315
2.207373,35.995188,-393.844572,6.590208,7.007676,16.343426,-212.750314,3.336577,3.352643,-0.108094,6.206516,0.040576,0.015637
2.207904,35.077151,-394.071133,6.401492,7.108670,16.841115,-213.123569,3.612277,3.621339,-0.100442,6.204329,0.040453,0.016897
2.208435,34.454073,-394.013917,6.368096,7.111337,17.441670,-212.898786,3.637488,3.484668,-0.093657,6.201443,0.040344,0.017024
2.208966,33.964596,-394.088595,6.459946,6.977089,17.692441,-213.008786,3.721981,3.385089,-0.089621,6.200316,0.041021,0.017403
2.209497,33.036056,-393.949170,6.276186,7.101136,18.361069,-213.003227,3.793246,3.243034,-0.080924,6.197197,0.040413,0.017725
2.210028,32.390354,-394.309571,6.551051,7.037696,19.142161,-213.172895,3.651746,3.308221,-0.073009,6.193629,0.041304,0.017050
2.210560,32.030322,-394.337822,6.496135,7.028843,19.787968,-213.052123,3.617301,3.603447,-0.067428,6.190572,0.040933,0.016905
2.211091,31.398050,-394.280651,6.558120,7.001845,20.812504,-212.756729,3.418040,3.544414,-0.058249,6.185673,0.040680,0.015995
2.211622,30.683478,-394.319073,6.241734,7.047920,21.284161,-212.734131,3.430182,3.436968,-0.051716,6.183467,0.039181,0.016044
2.212153,29.987863,-394.478080,6.496089,6.965306,21.667884,-212.486802,3.647794,3.670798,-0.045685,6.181564,0.040899,0.017080
2.212684,29.101891,-394.524606,6.243212,6.977927,22.146921,-212.287318,3.580868,3.756405,-0.038146,6.179236,0.039471,0.016786
2.213215,28.515605,-394.471521,6.273525,6.956962,22.858175,-212.079359,3.252568,3.622385,-0.031008,6.175819,0.038729,0.015269
2.213746,28.193417,-394.406517,6.427906,6.918121,23.171581,-212.181649,3.348113,3.558303,-0.027551,6.174410,0.039760,0.015698
2.214278,26.932789,-394.498939,6.325574,7.033485,23.832278,-212.348513,3.576189,3.649966,-0.017020,6.171421,0.039888,0.016740
2.214809,26.588243,-394.466049,6.240215,6.960663,24.064740,-212.022961,3.564642,3.508711,-0.013831,6.170168,0.039388,0.016702
2.215340,26.092299,-394.519098,6.542722,6.934600,24.809748,-212.083608,3.221231,3.585145,-0.007030,6.166734,0.039973,0.015110
2.215871,24.981788,-394.416865,6.293056,6.899086,24.402089,-212.022956,3.342343,3.759334,-0.003178,6.168598,0.039067,0.015688
2.216402,24.526164,-394.390701,6.464076,6.805359,25.017046,-211.999898,3.220860,3.638149,0.002691,6.165724,0.039597,0.015117
2.216933,24.344197,-394.734707,6.456673,6.895404,25.456560,-211.778091,3.345358,3.782279,0.006080,6.163555,0.039746,0.015715
2.217464,23.481891,-394.190550,6.452297,6.895186,25.456913,-212.530789,3.548546,3.676361,0.010872,6.163973,0.040534,0.016587
2.217995,22.854881,-394.482481,6.251486,6.820474,25.703634,-212.510514,3.515344,3.411519,0.015654,6.162818,0.039409,0.016415
2.218527,22.466455,-394.472999,6.462566,6.707801,26.041657,-212.525662,3.268828,3.746132,0.019647,6.161259,0.039797,0.015302
2.219058,21.970362,-394.516131,6.481801,6.921075,26.230620,-212.602950,3.276594,3.709155,0.023415,6.160427,0.039916,0.015328
2.219589,21.381518,-394.344108,6.401199,6.880366,26.100013,-212.792633,3.353575,3.538335,0.025984,6.161140,0.039792,0.015656
2.220120,21.058973,-394.428452,6.333356,6.927058,26.100013,-212.792633,3.353575,3.538335,0.027746,6.161140,0.039443,0.015656
2.220651,20.734385,-394.362076,6.257278,7.028074,26.115092,-212.471829,3.310764,3.749722,0.029574,6.160888,0.038908,0.015498
2.221182,20.342286,-394.222366,6.434445,6.979633,25.941458,-212.653121,3.666277,3.993543,0.030828,6.161796,0.040771,0.017137
2.221713,20.048655,-394.308399,6.551732,6.824958,26.809188,-212.540116,3.418806,3.579201,0.037176,6.157711,0.040631,0.015971
2.222244,19.783760,-394.073486,6.470211,6.880364,26.840030,-212.158583,3.322264,3.801171,0.038769,6.157345,0.039957,0.015573
2.222776,19.557607,-394.032284,6.523782,6.961117,26.977969,-212.148561,3.413925,3.809702,0.040775,6.156699,0.040454,0.015995
2.223307,18.790390,-394.385513,6.273897,7.066556,26.242824,-212.551558,3.412096,3.687120,0.040962,6.160341,0.039251,0.015952
2.223838,18.707375,-394.267842,6.255957,7.013851,26.242824,-212.551558,3.412096,3.687120,0.041444,6.160341,0.039189,0.015952
2.224369,18.374586,-394.323136,6.483028,7.028387,26.409854,-212.341592,3.460275,3.807887,0.044126,6.159446,0.040349,0.016197
2.224900,18.275408,-394.314555,6.561813,7.005738,26.113154,-212.521617,3.320697,3.712549,0.043087,6.160925,0.040422,0.015537
2.225431,18.169717,-394.130035,6.665076,6.931512,26.268159,-212.315504,3.381737,3.820629,0.044513,6.160089,0.041072,0.015840
2.225962,18.048811,-394.155938,6.598067,6.920308,26.480298,-212.190221,3.185663,3.581777,0.046302,6.159032,0.040228,0.014928
2.226493,17.887834,-394.159143,6.599307,6.995738,25.699203,-212.775513,3.609101,3.567842,0.043039,6.162987,0.041434,0.016837
2.227025,17.649581,-394.184229,6.637610,6.988433,25.458053,-212.394569,3.875071,3.941328,0.042927,6.163892,0.042244,0.018119
2.227556,17.491221,-394.260462,6.625419,6.984671,25.171388,-212.273705,3.724689,3.973301,0.042177,6.165157,0.041732,0.017441
2.228087,17.491221,-394.260462,6.625419,6.984671,24.621976,-212.486584,3.556139,3.918448,0.039209,6.167824,0.041340,0.016648
2.228618,17.478851,-394.347153,6.569478,6.938006,23.911765,-213.182313,3.474850,3.565564,0.035494,6.171486,0.040999,0.016204
2.229149,17.564752,-394.378711,6.621761,6.925400,23.522186,-212.562966,3.850905,3.878088,0.032755,6.172974,0.042110,0.018008
2.229680,17.491221,-394.260462,6.625419,6.984671,23.436006,-212.915244,3.796763,3.699004,0.032770,6.173555,0.042088,0.017720
2.230211,17.520944,-394.316876,6.584638,6.939637,23.650945,-212.661370,3.377153,3.648634,0.033732,6.172426,0.040717,0.015799
2.230743,17.527122,-394.673729,6.598238,6.948348,22.076631,-212.900053,3.559628,3.379518,0.025023,6.179860,0.041232,0.016622
2.231274,17.539030,-394.624812,6.590811,6.982869,21.603390,-213.450389,3.583887,3.230910,0.022430,6.182318,0.041399,0.016689
2.231805,17.623876,-394.668549,6.641739,6.979978,21.322145,-213.184545,3.686315,3.371605,0.020375,6.183500,0.041847,0.017192
2.232336,17.623876,-394.668549,6.641739,6.979978,20.807586,-213.074337,3.858898,3.693292,0.017530,6.185840,0.042294,0.018018
2.232867,17.673821,-394.655788,6.631329,6.933458,20.018109,-212.845039,3.610790,3.623593,0.012893,6.189411,0.041527,0.016890
2.233398,17.673821,-394.655788,6.631329,6.933458,20.295751,-212.762210,3.373397,3.744847,0.014414,6.188081,0.040900,0.015800
2.233929,17.884025,-394.849736,6.568838,6.979698,19.335892,-213.055899,3.384674,2.959528,0.007986,6.192678,0.040647,0.015806
2.234460,18.072847,-395.072177,6.531631,7.127469,19.085506,-213.140407,3.467219,3.348877,0.005566,6.193879,0.040646,0.016198
2.234992,18.130953,-395.200336,6.540952,7.056088,18.480726,-213.314414,3.298691,3.449207,0.001923,6.196765,0.040276,0.015412
2.235523,18.356498,-395.172471,6.470392,7.079503,17.555198,-212.949632,3.563569,3.420138,-0.004397,6.200933,0.040537,0.016673
2.236054,18.640334,-395.238361,6.277723,7.149906,15.503286,-214.094396,3.698734,3.261349,-0.017316,6.210898,0.040219,0.017221
2.236585,18.765292,-395.215668,6.226745,7.200383,15.876499,-213.286680,3.640789,3.281210,-0.015877,6.208885,0.039643,0.017014
2.237116,19.077925,-395.294141,6.408870,7.219237,15.038898,-213.172540,3.456810,3.269045,-0.022174,6.212754,0.039975,0.016172
2.237647,19.367228,-395.264720,6.609593,6.953000,13.937403,-213.214549,3.597279,3.218983,-0.029817,6.217910,0.041318,0.016829
2.238178,19.722798,-395.431971,6.632496,6.853588,13.304729,-212.890026,3.643757,3.274619,-0.035145,6.220771,0.041431,0.017076
2.238709,20.035163,-395.540041,6.591459,6.944772,13.181110,-212.855767,3.213135,3.304371,-0.037501,6.221339,0.040114,0.015068
2.239241,20.101155,-395.667505,6.535800,7.030074,12.371370,-213.092392,3.262026,2.813704,-0.042312,6.225194,0.039976,0.015276
2.239772,20.230877,-395.454370,6.530991,7.001637,11.150721,-213.465581,3.471786,2.951299,-0.049853,6.230996,0.040595,0.016236
2.240303,20.252766,-395.431494,6.560791,7.002646,10.149079,-213.562254,3.965847,3.559252,-0.055498,6.235698,0.042091,0.018545
2.240834,20.615723,-395.180832,6.468700,6.914928,10.479244,-213.638953,3.284203,3.501288,-0.055778,6.234173,0.039908,0.015357
2.241365,20.884589,-395.278058,6.297854,6.997129,9.271349,-213.567599,3.286874,2.984780,-0.063824,6.239801,0.039027,0.015373
2.241896,21.466029,-395.356986,6.450784,6.972395,8.878664,-214.065445,3.440928,3.557150,-0.069320,6.241733,0.040245,0.016061
2.242427,21.417607,-395.453872,6.445938,6.909384,8.368764,-213.367413,3.276615,3.355613,-0.071541,6.243983,0.039623,0.015345
2.242958,21.823369,-395.445964,6.543582,6.908631,7.189472,-213.466911,3.464998,3.095797,-0.080243,6.249518,0.040563,0.016221
2.243490,21.863447,-395.207044,6.516965,7.067955,6.311748,-212.722170,3.341779,3.404255,-0.085016,6.253523,0.040010,0.015703
2.244021,21.935635,-395.096609,6.448068,7.172263,6.101443,-214.057297,3.454546,3.602672,-0.087241,6.254689,0.040284,0.016132
2.244552,21.965145,-395.079457,6.458369,7.008299,5.092330,-214.124363,3.619198,3.381352,-0.092974,6.259408,0.040754,0.016897
2.245083,22.141952,-394.872452,6.457334,7.280808,3.856441,-214.165102,3.802848,3.364185,-0.100845,6.265180,0.041290,0.017753
2.245614,22.301679,-394.632562,6.481887,6.956695,4.120026,-213.879048,3.236669,3.131561,-0.100251,6.263924,0.039903,0.015130
2.246145,22.515682,-394.656640,6.539048,6.940276,2.849008,-214.535177,3.361136,3.506398,-0.108755,6.269906,0.040606,0.015666
2.246676,22.313749,-394.774442,6.579487,7.126613,2.803103,-213.762406,3.183708,3.136013,-0.107372,6.270073,0.040179,0.014892
2.247208,22.421243,-394.711461,6.529134,7.139168,2.354102,-213.544986,3.282482,3.328180,-0.110317,6.272162,0.040132,0.015370
2.247739,22.310830,-394.562670,6.599868,7.023240,2.361852,-213.544815,3.286633,3.328272,-0.109762,6.272126,0.040512,0.015390
2.248270,22.471141,-394.648076,6.494826,7.181778,1.431422,-214.241594,3.303611,3.248869,-0.116099,6.276504,0.040165,0.015420
2.248801,22.398819,-394.582218,6.462994,7.162866,1.126562,-213.689200,3.511316,3.374571,-0.117058,6.277913,0.040426,0.016432
2.249332,22.250291,-394.661214,6.538744,7.142349,0.767425,-213.727909,3.663026,2.890664,-0.118180,6.279595,0.041151,0.017139
2.249863,22.317333,-394.569249,6.466431,7.150940,-0.188410,-213.429161,3.374731,2.676366,-0.123612,6.284068,0.039989,0.015812
2.250394,22.317333,-394.569249,6.466431,7.150940,-0.774088,-214.094626,3.416286,3.321012,-0.127257,6.286801,0.040248,0.015957
2.250925,22.316020,-394.299881,6.475997,7.079406,-0.928900,-213.947390,3.268964,3.392700,-0.128179,6.287527,0.039949,0.015279
2.251457,22.208501,-394.368077,6.526337,7.070977,-1.861343,-214.118229,3.272179,3.538274,-0.132751,6.291878,0.040208,0.015282
2.251988,22.208501,-394.368077,6.526337,7.070977,-1.492824,-213.246226,3.287226,2.874675,-0.130119,6.290186,0.040035,0.015415
2.252519,22.174412,-394.335692,6.538797,7.080198,-1.611737,-213.664190,3.322221,3.436269,-0.130901,6.290728,0.040300,0.015548
2.253050,21.814699,-394.203845,6.607360,6.943426,-2.632298,-214.061628,3.459749,3.323796,-0.134885,6.295482,0.041051,0.016161
2.253581,21.347604,-394.059086,6.494378,6.887152,-2.882713,-213.173664,3.528085,2.877724,-0.133161,6.296707,0.040505,0.016548
2.254112,20.993973,-394.165434,6.658964,6.902881,-2.772026,-213.931826,3.444181,3.429839,-0.131106,6.296142,0.041259,0.016098
2.254643,20.644640,-394.369873,6.506019,7.076962,-2.817777,-213.888047,3.413327,3.470390,-0.129274,6.296359,0.040419,0.015957
2.255174,20.091041,-394.209068,6.598475,6.955293,-2.905791,-213.828004,3.435095,3.648736,-0.126806,6.296774,0.040947,0.016063
2.255706,19.944685,-394.322338,6.527744,6.939545,-3.000546,-213.888234,3.486329,3.481209,-0.126488,6.297213,0.040719,0.016298
2.256237,19.738786,-394.352944,6.549730,6.987908,-3.518797,-213.713890,3.241074,3.651081,-0.128047,6.299649,0.040178,0.015164
2.256768,18.871758,-394.346109,6.625969,6.943749,-3.722491,-213.335062,3.265168,3.863546,-0.124180,6.300633,0.040543,0.015304
2.257299,18.209471,-394.456161,6.526337,7.070977,-4.232904,-213.419606,3.642622,3.766500,-0.123337,6.303016,0.041017,0.017065
2.257830,18.174326,-394.302197,6.549317,6.951428,-3.452778,-213.486294,3.219919,3.666137,-0.119043,6.299357,0.040121,0.015081
2.258361,17.513537,-394.390871,6.555071,7.093217,-3.411147,-213.372042,3.267198,3.463469,-0.115083,6.299171,0.040236,0.015310
2.258892,16.713961,-394.485708,6.541274,7.081686,-3.423106,-213.517161,3.299570,3.365574,-0.110818,6.299216,0.040272,0.015452
2.259423,16.081881,-394.490008,6.522600,6.884385,-3.543819,-213.755191,3.290901,3.475371,-0.108165,6.299763,0.040213,0.015394
2.259955,15.846083,-394.309574,6.465628,6.881075,-3.971581,-213.844725,3.611453,3.405182,-0.109376,6.301755,0.040811,0.016885
2.260486,14.528992,-394.482681,6.407231,7.116263,-3.962802,-213.728433,3.606919,3.490290,-0.101949,6.301724,0.040501,0.016873
2.261017,14.259102,-394.768544,6.553976,6.932336,-3.878375,-213.460044,3.649968,3.391992,-0.099705,6.301352,0.041182,0.017096
2.261548,13.741718,-394.774693,6.491922,6.953966,-3.815468,-213.593121,3.579914,3.228257,-0.096602,6.301047,0.040740,0.016757
2.262079,12.923073,-395.009298,6.164940,7.124000,-3.030133,-213.735970,3.502253,3.328241,-0.087780,6.297361,0.038998,0.016384
2.262610,12.238803,-395.188552,6.507359,7.165024,-3.403468,-213.769110,3.798471,3.302890,-0.086009,6.299105,0.041394,0.017766
2.263141,11.365143,-395.560877,6.330893,6.981943,-3.550177,-213.708329,3.955392,3.567757,-0.081836,6.299796,0.040926,0.018505
2.263673,10.354587,-395.204078,6.467723,7.007200,-2.510734,-213.420191,3.523754,3.433197,-0.070655,6.294949,0.040428,0.016510
2.264204,9.893738,-395.378760,6.442566,7.125996,-2.718603,-213.678150,3.699382,3.015986,-0.069302,6.295908,0.040797,0.017311
2.264735,9.085446,-395.411809,6.222191,7.099500,-2.371640,-213.339718,3.842306,2.859651,-0.062843,6.294302,0.040093,0.018009
2.265266,8.244175,-395.668322,6.493949,7.166460,-1.982937,-213.843930,3.742437,3.344334,-0.056188,6.292458,0.041164,0.017500
2.265797,7.657000,-395.527934,6.482529,7.123370,-0.775966,-214.009375,3.380459,3.385818,-0.046424,6.286811,0.040241,0.015796
2.266328,6.557949,-395.546530,6.414239,7.135085,-1.113907,-214.158299,3.449514,3.618569,-0.042270,6.288387,0.040123,0.016107
2.266859,6.001999,-395.722994,6.485044,7.002344,-0.607762,-214.045320,3.491415,3.307288,-0.036366,6.286025,0.040516,0.016311
2.267390,5.300687,-395.832420,6.392384,6.910454,-0.670830,-213.838796,3.723107,3.128001,-0.032800,6.286322,0.040627,0.017411
2.267922,4.427760,-395.645840,6.343322,7.186608,0.146393,-213.672298,3.360289,2.971042,-0.023523,6.282500,0.039438,0.015726
2.268453,3.922104,-395.730936,6.488423,7.065982,0.560541,-214.285841,3.871497,3.347431,-0.018524,6.280569,0.041635,0.018067
2.268984,2.880639,-395.647587,6.173869,7.079378,1.218820,-213.955522,3.458955,3.112828,-0.009146,6.277489,0.038948,0.016166
2.269515,2.049810,-395.727965,6.520716,6.991852,1.507778,-214.226761,3.490706,3.379226,-0.002986,6.276147,0.040750,0.016294
2.270046,1.353015,-395.861464,6.325865,7.030438,1.732691,-213.898291,3.647372,3.172499,0.002087,6.275085,0.040129,0.017051
2.270577,0.577091,-395.891466,6.523359,6.994332,2.125299,-214.094273,3.683371,3.191948,0.008516,6.273259,0.041206,0.017203
2.271108,-0.072044,-396.014405,6.501989,7.002231,2.870883,-214.000524,3.221880,3.184959,0.016167,6.269771,0.039863,0.015054
2.271639,-0.856314,-396.062025,6.244133,7.049593,3.165576,-213.906409,3.423242,3.123788,0.022076,6.268388,0.039085,0.016001
2.272171,-1.817372,-395.687737,6.455512,6.746883,3.459176,-213.908274,3.519854,3.067759,0.029019,6.267015,0.040432,0.016452
2.272702,-2.177213,-395.899954,6.468843,6.961749,3.961715,-213.473102,3.609170,2.995083,0.033639,6.264629,0.040584,0.016903
2.273233,-2.885700,-395.768398,6.301848,6.786278,4.653608,-214.051329,3.187641,3.562190,0.041465,6.261448,0.038836,0.014889
2.273764,-3.579441,-395.863212,6.352792,6.974164,4.587967,-214.263240,3.748634,3.251776,0.044944,6.261776,0.040581,0.017490
2.274295,-3.992777,-395.759450,6.552725,6.887812,4.833520,-214.051473,3.857809,3.256369,0.048536,6.260608,0.041798,0.018017
2.274826,-5.004272,-395.350106,6.249520,7.025735,5.398179,-213.293352,3.445084,2.705081,0.057076,6.257882,0.039141,0.016145
2.275357,-5.423862,-395.580551,6.330751,6.980175,5.828344,-213.574964,3.578861,2.931165,0.061745,6.255903,0.039887,0.016749
2.275889,-5.790133,-395.527767,6.406540,6.938640,6.423991,-213.829201,3.146864,2.998697,0.067121,6.253152,0.039205,0.014709
2.276420,-6.328211,-395.335528,6.540373,6.890721,7.305037,-213.825564,3.391270,3.398311,0.074969,6.249035,0.040485,0.015851
2.276951,-7.139310,-395.090272,6.297800,7.025422,6.677181,-213.831816,3.924005,2.937109,0.076078,6.251969,0.040825,0.018338
2.277482,-7.410242,-394.994126,6.327899,6.847729,7.647204,-213.538109,3.623245,3.172906,0.082792,6.247389,0.040057,0.016954
2.278013,-7.954931,-394.974544,6.560340,6.789773,7.899397,-213.631394,3.643891,3.411376,0.087205,6.246225,0.041229,0.017044
2.278544,-8.086863,-395.089552,6.610152,6.813515,8.080479,-214.135486,3.621287,3.723392,0.089108,6.245468,0.041497,0.016900
2.279075,-8.624025,-395.091050,6.485324,6.938604,8.093297,-214.135204,3.619500,3.723353,0.092122,6.245408,0.040891,0.016892
2.279606,-9.067181,-395.168042,6.318664,7.136393,8.733756,-213.837811,3.757583,3.499337,0.097855,6.242365,0.040381,0.017556
2.280138,-9.142386,-395.243111,6.277517,7.110693,9.134730,-213.405399,3.499422,3.309549,0.100177,6.240407,0.039364,0.016381
2.280669,-9.187433,-395.216695,6.308559,7.112415,9.473893,-213.315815,3.419421,3.117552,0.102233,6.238802,0.039277,0.016011
2.281200,-9.299943,-395.034596,6.403259,6.946489,10.259107,-213.126414,3.273174,2.973939,0.107110,6.235086,0.039330,0.015337
2.281731,-9.535759,-395.139239,6.303838,7.042497,10.341369,-212.951885,3.150994,2.838807,0.108673,6.234661,0.038491,0.014776
2.282262,-9.783557,-394.790533,6.655135,6.867041,10.293750,-213.255225,3.237947,2.973564,0.110150,6.234953,0.040527,0.015163
2.282793,-10.101137,-394.829965,6.623549,6.952174,9.728936,-213.264698,3.542237,3.288702,0.108786,6.237598,0.041137,0.016590
2.283324,-9.941679,-394.892252,6.661094,6.898487,9.679267,-213.946387,3.789392,3.509806,0.108013,6.237975,0.042111,0.017691
2.283855,-10.020808,-394.774700,6.669767,6.957021,9.767352,-213.685864,3.832626,3.576648,0.108841,6.237508,0.042236,0.017915
2.284387,-10.101137,-394.829965,6.623549,6.952174,10.051666,-213.864487,3.991011,3.616384,0.110906,6.236220,0.042476,0.018637
2.284918,-10.025592,-394.646574,6.632566,6.834760,10.140961,-214.061952,3.963076,3.625945,0.111213,6.235847,0.042522,0.018490
2.285449,-10.052291,-394.749813,6.619676,6.914706,10.456187,-213.885497,4.096702,3.613410,0.112909,6.234337,0.042769,0.019126
2.285980,-9.891466,-394.812264,6.656258,6.860922,10.588357,-213.883393,4.004882,3.633379,0.112713,6.233720,0.042662,0.018698
2.286511,-9.891466,-394.812264,6.656258,6.860922,10.725775,-213.774417,3.952776,3.991080,0.113395,6.233054,0.042501,0.018468
2.287042,-9.434303,-394.806602,6.335509,6.929014,10.828911,-214.029087,3.964384,3.780774,0.111623,6.232633,0.041114,0.018497
2.287573,-9.020033,-394.754525,6.299958,6.856211,11.066152,-213.901850,4.103332,3.670044,0.110610,6.231497,0.041336,0.019153
2.288104,-8.835609,-394.617132,6.279508,6.862545,10.928636,-214.019071,4.040877,3.629278,0.109004,6.232166,0.041122,0.018852
2.288636,-8.354653,-394.639726,6.505037,6.934589,10.928636,-214.019071,4.040877,3.629278,0.106358,6.232166,0.042169,0.018852
2.289167,-8.052776,-394.705770,6.619676,6.914706,10.728323,-213.945992,3.962934,3.584323,0.103529,6.233082,0.042458,0.018496
2.289698,-7.725565,-394.754202,6.556467,6.868168,10.928636,-214.019071,4.040877,3.629278,0.102849,6.232166,0.042392,0.018852
2.290229,-6.964200,-395.034854,6.440777,7.015770,11.023284,-214.129052,3.912446,3.732365,0.099104,6.231751,0.041475,0.018245
2.290760,-6.260746,-394.996882,6.620066,6.826884,10.958549,-214.177013,4.005486,3.739786,0.094943,6.232064,0.042601,0.018674
2.291291,-6.067219,-394.745997,6.597964,6.869033,10.483759,-214.150993,3.862225,3.812628,0.091392,6.234269,0.042167,0.018013
2.291822,-5.235337,-395.054154,6.370554,7.034397,10.483759,-214.150993,3.862225,3.812628,0.086675,6.234269,0.041051,0.018013
2.292354,-4.511332,-394.751827,6.520332,6.903171,10.715980,-213.585759,3.552411,3.922212,0.083855,6.233056,0.040862,0.016616
2.292885,-3.916364,-395.300138,6.491263,6.895845,10.183101,-213.996304,3.731701,3.660512,0.077611,6.235636,0.041184,0.017418
2.293416,-3.122220,-395.163333,6.340909,6.966065,10.268311,-213.919137,3.968573,3.525719,0.073747,6.235221,0.041170,0.018526
2.293947,-2.150636,-395.320337,6.625614,6.887225,10.134519,-214.260197,3.897383,3.501362,0.067747,6.235920,0.042359,0.018166
2.294478,-1.341724,-395.340761,6.315264,6.960768,9.359347,-214.356542,3.703067,3.134187,0.059058,6.239550,0.040386,0.017254
2.295009,-0.926490,-394.980043,6.226425,6.845788,9.769524,-214.157738,3.764178,3.514048,0.059083,6.237599,0.040175,0.017556
2.295540,0.142384,-395.045895,6.471521,7.017820,9.887122,-214.778675,3.528879,3.694676,0.054005,6.237184,0.040840,0.016415
2.296071,0.805787,-395.575258,6.300418,6.899749,9.855088,-214.574012,3.395435,3.655557,0.049954,6.237289,0.039502,0.015810
2.296603,2.082848,-395.370950,6.529360,6.883464,9.805626,-214.198220,3.326390,3.862125,0.042601,6.237439,0.040416,0.015519
2.297134,2.797630,-395.435916,6.278961,6.959059,9.476165,-214.040626,3.478687,3.831765,0.036801,6.238941,0.039551,0.016240
2.297665,3.959986,-395.468939,6.598830,6.767401,7.876761,-213.946565,3.742879,3.368178,0.021574,6.246385,0.041783,0.017480
2.298196,4.560200,-395.287016,6.507359,6.749830,8.206166,-214.167924,3.912199,3.685887,0.020127,6.244888,0.041913,0.018252
2.298727,5.353451,-395.682560,6.129901,6.979848,8.232649,-213.750087,3.654219,3.788183,0.015824,6.244689,0.039222,0.017084
2.299258,6.418801,-395.442151,6.592818,6.835481,8.123049,-213.895147,3.618373,3.691539,0.009387,6.245227,0.041423,0.016905
2.299789,7.738805,-395.743206,6.452406,6.889296,7.861064,-214.464883,3.522377,3.436708,0.000674,6.246547,0.040552,0.016412
2.300320,8.803847,-395.399089,6.300418,6.899749,7.675077,-214.044888,3.581137,3.667179,-0.006224,6.247343,0.039960,0.016721
2.300852,9.888365,-395.604582,6.482719,6.870860,7.981648,-213.731875,3.438995,3.666049,-0.010483,6.245858,0.040347,0.016081
2.301383,10.585231,-395.558850,6.249971,7.095687,6.671033,-214.166989,3.989623,3.619993,-0.021575,6.252047,0.040869,0.018618
2.301914,11.466255,-395.627632,6.303586,7.051891,7.374988,-213.648055,3.202201,3.724687,-0.022478,6.248680,0.038845,0.014982
2.302445,12.507052,-395.408518,6.429435,6.889535,6.771771,-213.924609,3.518183,4.075895,-0.031592,6.251541,0.040368,0.016440
2.302976,13.857825,-395.311211,6.456399,6.715416,6.977271,-213.553304,3.312146,3.542886,-0.037838,6.250525,0.039898,0.015503
2.303507,14.346078,-395.389738,6.465861,6.675734,5.849801,-213.961680,3.816081,3.613785,-0.046796,6.255852,0.041338,0.017828
2.304038,15.555996,-395.318189,6.473106,6.796920,6.366091,-214.118324,3.562219,3.835556,-0.050674,6.253462,0.040729,0.016631
2.304569,16.362859,-395.103266,6.568157,6.777898,5.979160,-214.731742,3.576524,3.420163,-0.057505,6.255348,0.041397,0.016649
2.305101,17.777136,-395.209837,6.560027,6.887001,5.783730,-214.112681,3.591838,3.341910,-0.066130,6.256179,0.041212,0.016769
2.305632,18.381632,-395.030625,6.440734,6.780296,5.829352,-213.526907,3.581706,3.529763,-0.069047,6.255892,0.040514,0.016768
2.306163,19.275674,-394.855856,6.515429,6.804591,5.873517,-213.731203,3.424140,3.636792,-0.073860,6.255711,0.040537,0.016016
2.306694,20.195487,-395.006180,6.476094,6.769024,5.656189,-213.949741,3.447615,3.794162,-0.080131,6.256754,0.040406,0.016110
2.307225,21.025446,-395.029429,6.277723,6.992258,5.428920,-214.214095,3.375865,3.677724,-0.086044,6.257847,0.039308,0.015755
2.307756,21.997921,-394.735274,6.483479,6.874574,4.782927,-214.579674,3.578382,3.666146,-0.095267,6.260899,0.040939,0.016672
2.308287,22.598536,-394.521818,6.421867,6.782979,4.986176,-213.979606,3.311753,3.525032,-0.097245,6.259887,0.039855,0.015473
2.308819,24.010815,-394.589865,6.464544,6.948403,4.998354,-214.153466,3.275156,3.893968,-0.104982,6.259849,0.039987,0.015291
2.309350,24.401189,-394.444352,6.432721,7.243736,4.570702,-214.549533,3.479945,3.983899,-0.109791,6.261885,0.040478,0.016217
2.309881,25.709313,-394.075932,6.592119,6.867920,4.164198,-214.673506,3.702301,4.076394,-0.119521,6.263790,0.041877,0.017244
2.310412,26.023090,-394.185090,6.577779,6.996453,4.299597,-214.730202,3.769975,3.848334,-0.120467,6.263165,0.041975,0.017553
2.310943,26.875328,-393.868715,6.580704,6.893993,4.079749,-214.899790,3.700812,3.913645,-0.126690,6.264203,0.041882,0.017218
2.311474,27.710143,-394.091577,6.591847,6.855561,4.172087,-214.747188,3.684645,3.832349,-0.130499,6.263760,0.041778,0.017155
2.312005,28.415956,-393.804512,6.495569,6.905276,4.084490,-214.811496,3.784624,3.947822,-0.135107,6.264173,0.041662,0.017615
2.312536,29.192370,-393.876865,6.441643,6.971629,4.448128,-214.381126,3.506655,4.048763,-0.136991,6.262440,0.040556,0.016355
2.313068,29.829192,-393.637976,6.529603,7.029341,4.514230,-214.437169,3.475227,4.037438,-0.140337,6.262137,0.040951,0.016204
2.313599,30.344492,-393.505040,6.492781,7.009686,4.479330,-214.784519,3.476477,3.816896,-0.143726,6.262333,0.040857,0.016183
2.314130,30.950354,-393.425558,6.407101,7.110570,4.479523,-214.830336,3.486615,3.784989,-0.147146,6.262337,0.040497,0.016227
2.314661,31.566978,-393.397102,6.445447,7.055413,4.306412,-215.075233,3.438396,3.649755,-0.151698,6.263165,0.040580,0.015984
2.315192,32.061478,-393.232577,6.554958,7.056940,4.702986,-214.277269,3.380111,3.761175,-0.151704,6.261241,0.040820,0.015772
2.315723,32.160647,-393.378030,6.619161,6.999845,4.950592,-214.401136,3.490934,3.895477,-0.150876,6.260099,0.041405,0.016279
2.316254,32.933529,-393.314945,6.581742,6.968706,4.670119,-214.600068,3.756795,4.001743,-0.156849,6.261427,0.041948,0.017502
2.316785,33.624156,-393.115223,6.480400,6.901829,5.083608,-213.728355,3.614018,3.617460,-0.157778,6.259404,0.040901,0.016905
2.317317,33.900338,-392.972280,6.559139,6.800733,5.474555,-214.483957,3.578360,3.765509,-0.157932,6.257667,0.041382,0.016679
2.317848,33.935831,-393.005959,6.571892,6.811678,5.851656,-213.896895,3.594460,3.868737,-0.155533,6.255835,0.041363,0.016799
2.318379,34.392947,-393.391023,6.452305,7.026104,6.241662,-213.906693,3.486734,3.881269,-0.155578,6.254014,0.040464,0.016295
2.318910,34.521934,-393.353086,6.453941,7.033736,6.542692,-213.464605,3.304578,3.602944,-0.154300,6.252545,0.039916,0.015475
2.319441,34.842992,-393.130949,6.425345,6.994790,7.018899,-213.926260,3.577973,3.601080,-0.154034,6.250387,0.040622,0.016716
2.319972,35.138767,-393.107614,6.627693,6.886239,7.087285,-214.034311,3.512132,3.448720,-0.155385,6.250085,0.041409,0.016400
2.320503,35.368994,-393.149339,6.624997,6.821499,7.262572,-214.455633,3.520639,3.806859,-0.156010,6.249333,0.041517,0.016409
2.321034,35.719799,-393.066664,6.482429,6.807059,7.402925,-214.580043,3.560550,3.700964,-0.157339,6.248699,0.040974,0.016584
2.321566,35.789756,-392.999411,6.510714,6.824145,7.838037,-214.137329,3.498424,3.587693,-0.155021,6.246599,0.040870,0.016327
2.322097,35.886245,-393.187430,6.567266,6.971489,8.402894,-213.674302,3.194448,3.218864,-0.151920,6.243880,0.040262,0.014939
2.322628,35.994874,-393.051153,6.621805,6.829525,8.946973,-213.924566,3.523227,3.596259,-0.149867,6.241387,0.041432,0.016456
2.323159,36.071218,-393.295585,6.606733,7.013638,9.249372,-213.739178,3.569386,3.692612,-0.148282,6.239938,0.041414,0.016685
2.323690,36.071218,-393.295585,6.606733,7.013638,9.468616,-213.238304,3.547176,3.614126,-0.146684,6.238811,0.041246,0.016619
2.324221,36.115738,-393.528176,6.584442,7.164845,9.589007,-212.990820,3.566985,3.492730,-0.145888,6.238195,0.041096,0.016729
2.324752,36.056613,-393.127694,6.636136,6.865209,10.754876,-213.386585,3.245450,3.297563,-0.139849,6.232827,0.040723,0.015191
2.325284,36.155214,-393.160431,6.561396,6.876541,10.578254,-214.030201,3.661236,3.489314,-0.141826,6.233801,0.041547,0.017083
2.325815,36.147295,-393.595634,6.521617,7.152775,11.423348,-214.002400,3.473822,3.515538,-0.136806,6.229856,0.040821,0.016210
2.326346,36.147295,-393.595634,6.521617,7.152775,12.141162,-213.624057,3.306129,3.346969,-0.132606,6.226412,0.040329,0.015452
2.326877,36.111714,-393.693460,6.529367,7.212639,12.316443,-213.837303,3.236418,3.386829,-0.131538,6.225652,0.040236,0.015112
2.327408,35.753275,-393.624090,6.639161,6.972862,12.882433,-213.928959,3.455670,3.682499,-0.126595,6.223040,0.041355,0.016128
2.327939,35.661721,-393.646898,6.704387,6.953996,13.614997,-213.673216,3.434965,3.362927,-0.121892,6.219553,0.041562,0.016042
2.328470,35.537333,-393.857293,6.684207,6.836155,13.946525,-214.083786,3.208914,3.649848,-0.119528,6.218132,0.040977,0.014967
2.329001,35.035163,-393.859320,6.696795,6.816288,14.406731,-213.437265,3.181513,2.966187,-0.113840,6.215789,0.040829,0.014868
2.329533,34.771454,-393.940600,6.534066,7.068821,14.609531,-213.584296,3.189829,3.100287,-0.111327,6.214890,0.040097,0.014898
2.330064,34.641245,-394.061577,6.506019,7.076962,15.110548,-213.064363,3.336415,3.069531,-0.107490,6.212384,0.040189,0.015614
2.330595,34.313110,-394.035628,6.475997,7.079406,15.750822,-213.147479,3.563780,3.058455,-0.102260,6.209423,0.040669,0.016662
2.331126,34.205591,-394.103824,6.526337,7.070977,16.633437,-212.836569,3.230267,3.223042,-0.096639,6.205193,0.040011,0.015131
2.331657,34.024571,-393.903498,6.539203,6.888149,16.817762,-212.578170,3.436421,2.875206,-0.094611,6.204236,0.040561,0.016100
2.332188,33.545781,-394.262871,6.644905,6.901082,17.663738,-213.134172,3.524554,3.073346,-0.087460,6.200498,0.041370,0.016467
2.332719,32.940439,-394.303880,6.602056,6.961132,17.730895,-213.087463,3.510051,3.076507,-0.083734,6.200167,0.041121,0.016403
2.333250,32.509075,-394.285678,6.392277,6.973964,18.287368,-212.877351,3.355137,3.001175,-0.078236,6.197490,0.039687,0.015692
2.333782,32.129694,-394.117394,6.551408,6.919903,18.660782,-213.118978,3.183502,3.477052,-0.074278,6.195848,0.040147,0.014892
2.334313,31.791314,-394.128399,6.632769,6.876326,19.062842,-212.631423,3.427088,3.702543,-0.070016,6.193772,0.041043,0.016064
2.334844,31.484527,-394.324971,6.611709,6.999108,19.134167,-213.052112,3.440817,3.433198,-0.068026,6.193616,0.041031,0.016085
2.335375,31.182059,-394.491346,6.496525,7.006062,19.864078,-212.945846,3.489620,3.394462,-0.062262,6.190172,0.040551,0.016313
2.335906,30.509560,-394.329720,6.392277,6.973964,20.151553,-212.519626,3.589901,3.271419,-0.056910,6.188646,0.040266,0.016804
2.336437,30.500880,-394.380580,6.401340,6.938035,21.020773,-212.952706,3.439219,3.322036,-0.052205,6.184793,0.040005,0.016067
2.336968,29.966725,-394.229298,6.536210,6.894125,20.975204,-212.725085,3.483198,3.061138,-0.049498,6.184901,0.040758,0.016277
2.337499,29.386021,-394.532404,6.392567,7.249945,21.679894,-212.791021,3.649454,3.108764,-0.042376,6.181652,0.040471,0.017038
2.338031,28.863385,-394.328807,6.325879,7.098187,21.913584,-212.260951,3.456909,3.506360,-0.038153,6.180311,0.039571,0.016202
2.338562,28.636341,-394.502580,6.463211,7.179682,22.351922,-212.164676,3.628430,3.466106,-0.034452,6.178221,0.040630,0.017000
2.339093,28.327888,-394.647241,6.544517,7.020783,21.628038,-212.634061,3.936966,3.473320,-0.036793,6.181819,0.041934,0.018399
2.339624,27.978620,-394.573061,6.551502,6.935659,22.061616,-213.401857,4.034396,3.970700,-0.032648,6.180171,0.042448,0.018802
2.340155,27.528877,-394.386452,6.608119,6.971797,22.235283,-213.481995,3.600452,4.142410,-0.029253,6.179404,0.041583,0.016804
2.340686,27.233502,-394.710884,6.450688,6.924435,23.431636,-211.752194,3.392678,3.318793,-0.020777,6.172978,0.039829,0.015921
2.341217,26.981071,-394.556889,6.452476,6.977296,23.340893,-212.236337,3.447302,3.543660,-0.019963,6.173650,0.040118,0.016151
2.341749,26.426895,-394.689044,6.465330,7.044420,22.880251,-213.051670,3.731352,3.821589,-0.019523,6.176202,0.041091,0.017419
2.342280,26.371674,-393.537621,6.489453,6.931832,23.853348,-211.602613,3.476380,3.268984,-0.013841,6.170932,0.040461,0.016314
2.342811,26.133728,-394.546767,6.540665,6.954392,23.170205,-213.256922,3.800900,3.671945,-0.016345,6.174961,0.041723,0.017712
2.343342,25.649860,-393.479862,6.631329,6.933458,23.274030,-212.115900,3.751649,3.606795,-0.013099,6.173899,0.042006,0.017573
2.343873,25.171094,-393.619672,6.396108,6.982443,23.212602,-212.452474,3.777274,3.791104,-0.010810,6.174357,0.041000,0.017675
2.344404,24.897476,-393.556271,6.253333,7.168938,23.473158,-212.445857,3.574356,3.561682,-0.007864,6.173142,0.039769,0.016722
2.344935,24.809099,-393.574517,6.315341,7.146561,23.674451,-212.111017,3.707737,3.780687,-0.006253,6.172032,0.040356,0.017377
2.345466,24.348328,-393.643857,6.387928,7.069742,23.517533,-212.282689,3.708854,3.564939,-0.004581,6.172851,0.040728,0.017357
2.345998,24.277849,-394.485157,6.432650,6.905039,23.467744,-213.213085,3.777459,3.501048,-0.004469,6.173559,0.041152,0.017596
2.346529,23.964479,-394.687020,6.452275,7.048951,23.569214,-213.149761,3.651614,3.761789,-0.002177,6.173057,0.040840,0.017034
2.347060,23.867684,-394.645019,6.525709,7.043810,23.442876,-213.153763,3.739058,3.731958,-0.002341,6.173644,0.041440,0.017436
2.347591,23.716997,-394.429483,6.632604,6.995413,23.521715,-213.433929,3.711697,3.796818,-0.001079,6.173422,0.041993,0.017291
2.348122,23.642332,-394.310107,6.637799,7.056156,23.569214,-213.149761,3.651614,3.761789,-0.000404,6.173057,0.041819,0.017034
2.348653,23.089095,-394.402857,6.445526,7.012103,23.413504,-213.232816,3.799009,3.663839,0.001791,6.173821,0.041297,0.017702
2.349184,22.839850,-394.383094,6.627970,7.020006,23.125118,-213.325227,3.852298,3.576766,0.001576,6.175204,0.042341,0.017939
2.349715,22.552375,-394.527066,6.450934,7.030914,23.234477,-213.302576,3.765099,3.456350,0.003764,6.174686,0.041215,0.017531
2.350247,22.659614,-394.425678,6.501922,7.059259,22.610438,-213.050835,3.905095,3.508045,-0.000271,6.177454,0.041817,0.018207
2.350778,22.566930,-394.590722,6.443953,7.134593,23.030129,-212.958630,3.624772,3.765803,0.002550,6.175460,0.040706,0.016930
2.351309,22.494513,-394.523699,6.412221,7.114464,22.139407,-213.236252,3.687493,3.706577,-0.001959,6.179730,0.040802,0.017201
2.351840,22.318077,-394.434825,6.479790,6.975438,22.074468,-213.262165,3.938290,3.628562,-0.001345,6.180044,0.041854,0.018354
2.352371,22.461943,-394.368592,6.436308,6.997707,21.912093,-213.047652,3.781562,3.819796,-0.003032,6.180695,0.041170,0.017659
2.352902,22.389193,-394.382235,6.402611,6.971608,21.598662,-213.356843,3.746950,3.543704,-0.004367,6.182296,0.040980,0.017463
2.353433,22.319911,-394.432112,6.431076,6.969056,21.786519,-213.553897,3.536819,3.596435,-0.002949,6.181518,0.040577,0.016479
2.353964,22.319911,-394.432112,6.431076,6.969056,21.087399,-213.284834,3.727966,3.510008,-0.006804,6.184636,0.041035,0.017384
2.354496,22.252310,-394.633427,6.504701,7.094876,20.944053,-213.323372,3.656107,3.431589,-0.007215,6.185319,0.041154,0.017047
2.355027,22.325705,-394.698910,6.537649,7.114039,20.037398,-213.281718,3.707436,3.521998,-0.012613,6.189512,0.041425,0.017299
2.355558,22.216325,-394.723302,6.498072,7.146397,19.372721,-213.725381,3.872823,3.347659,-0.015709,6.192789,0.041789,0.018028
2.356089,22.289449,-394.787655,6.531273,7.164093,18.871832,-213.601618,3.875918,3.176958,-0.018860,6.195064,0.041910,0.018052
2.356620,22.175211,-394.819672,6.499267,7.083207,18.075231,-214.150972,3.626584,3.364604,-0.022689,6.198981,0.041185,0.016866
2.357151,22.249172,-394.883790,6.533156,7.100761,18.901563,-213.276203,3.082412,3.245536,-0.018431,6.194791,0.039771,0.014402
2.357682,22.279071,-394.977020,6.520281,7.161356,17.448490,-213.530467,3.716390,3.588172,-0.026616,6.201652,0.041350,0.017343
2.358214,22.271308,-395.160812,6.561236,7.048091,17.522249,-213.936804,3.663263,3.334267,-0.026199,6.201464,0.041453,0.017056
2.358745,22.279071,-394.977020,6.520281,7.161356,17.549009,-213.109807,3.583311,3.087119,-0.026002,6.201023,0.040897,0.016743
2.359276,22.351169,-395.382243,6.588275,6.916597,17.024768,-213.408299,3.373959,3.268325,-0.029262,6.203578,0.040660,0.015757
2.359807,22.344474,-394.489682,6.568603,7.003807,15.521033,-212.559686,3.524775,3.033895,-0.037488,6.210295,0.040948,0.016527
2.360338,22.344474,-394.489682,6.568603,7.003807,14.938194,-212.974643,3.740185,3.145181,-0.040780,6.213159,0.041609,0.017506
2.360869,22.344474,-394.489682,6.568603,7.003807,15.392965,-212.578975,3.645486,3.302933,-0.038195,6.210901,0.041269,0.017096
2.361400,22.256113,-394.470942,6.606305,7.012603,13.998346,-212.817997,4.101361,2.948533,-0.045428,6.217504,0.042760,0.019210
2.361931,22.441301,-394.480084,6.586659,6.992459,13.929210,-213.242051,3.607857,3.447576,-0.046932,6.217957,0.041395,0.016880
2.362463,22.468428,-395.293007,6.544820,7.110664,13.167774,-213.956559,3.629989,3.466413,-0.051245,6.221719,0.041224,0.016931
2.362994,22.404285,-395.403635,6.575166,6.959064,13.579576,-212.725125,3.600449,3.091255,-0.048270,6.219436,0.040990,0.016882
2.363525,22.463322,-395.479842,6.586659,6.992459,12.937474,-213.163235,3.262931,3.142484,-0.052201,6.222567,0.040267,0.015277
2.364056,22.404285,-395.403635,6.575166,6.959064,12.634407,-212.924654,3.230267,3.223042,-0.053489,6.223917,0.040094,0.015144
2.364587,22.417173,-394.967001,6.540201,7.008664,11.712018,-212.999326,3.616651,2.881727,-0.058762,6.228254,0.041002,0.016945
2.365118,22.417173,-394.967001,6.540201,7.008664,11.167189,-212.835408,3.471622,2.845254,-0.061690,6.230765,0.040581,0.016282
2.365649,22.417173,-394.967001,6.540201,7.008664,9.834299,-213.071684,3.735079,3.042428,-0.069066,6.237063,0.041310,0.017505
2.366180,22.673538,-394.989551,6.645157,6.993531,9.702976,-212.791027,3.619018,2.669148,-0.071069,6.237618,0.041423,0.016982
2.366712,22.811613,-394.890546,6.557274,7.084160,9.580917,-213.556632,3.477696,3.206657,-0.072834,6.238352,0.040834,0.016266
2.367243,23.018347,-394.932633,6.379519,7.120167,8.940699,-212.872647,3.191056,2.724585,-0.077171,6.241210,0.039080,0.014974
2.367774,22.811613,-394.890546,6.557274,7.084160,7.438973,-213.664079,3.783897,3.440328,-0.084623,6.248383,0.041638,0.017697
2.368305,22.811613,-394.890546,6.557274,7.084160,8.080592,-213.558421,3.389439,3.865937,-0.081060,6.245365,0.040599,0.015863
2.368836,22.811613,-394.890546,6.557274,7.084160,7.091702,-214.073829,3.453106,3.817156,-0.086720,6.250070,0.040859,0.016124
2.369367,22.811613,-394.890546,6.557274,7.084160,6.791227,-213.677121,3.268881,3.765995,-0.088177,6.251413,0.040306,0.015293
2.369898,22.710356,-394.862640,6.639542,7.044107,7.128362,-213.414001,3.409861,3.246915,-0.085665,6.249796,0.040997,0.015968
2.370429,22.525560,-394.823316,6.509279,7.081760,6.443272,-213.467470,3.253838,3.313314,-0.088447,6.253011,0.039994,0.015236
2.370961,22.525560,-394.823316,6.509279,7.081760,5.726768,-214.461220,3.358598,3.510730,-0.092871,6.256489,0.040465,0.015656
2.371492,22.460805,-394.481922,6.523982,7.041334,4.779085,-213.226084,3.346917,3.142488,-0.097243,6.260776,0.040282,0.015692
2.372023,22.452194,-394.531180,6.533000,7.007235,4.360680,-213.546584,3.298473,3.299656,-0.099631,6.262768,0.040260,0.015443
2.372554,22.412231,-394.627554,6.536111,6.943395,3.990071,-213.956287,3.166392,3.132234,-0.101614,6.264538,0.040012,0.014797
2.373085,22.121532,-394.728581,6.479550,7.111669,4.267169,-213.963923,3.082546,3.278853,-0.098452,6.263245,0.039539,0.014404
2.373616,22.014375,-394.612469,6.512460,6.872682,3.601091,-213.041554,3.248388,2.531641,-0.101065,6.266284,0.039880,0.015245
2.374147,21.905597,-394.559065,6.552097,6.924935,2.719229,-214.605309,3.702743,3.558292,-0.106217,6.270515,0.041602,0.017252
2.374679,21.845425,-395.056669,6.509758,7.079260,3.018774,-213.784696,3.206486,3.412376,-0.103488,6.269066,0.039854,0.014997
2.375210,21.728332,-394.966106,6.576734,7.023959,2.587755,-213.944178,3.338158,3.520731,-0.105345,6.271090,0.040548,0.015602
2.375741,20.951887,-394.892483,6.655195,6.956012,2.086272,-214.386919,3.218618,3.636210,-0.104137,6.273454,0.040761,0.015013
2.376272,20.482985,-393.829021,6.578017,6.977584,1.660449,-214.145147,3.257481,3.773978,-0.104373,6.275432,0.040666,0.015211
2.376803,20.300654,-393.877824,6.619707,6.853150,1.690131,-213.759194,3.390541,3.725752,-0.102958,6.275279,0.041095,0.015861
2.377334,19.972515,-393.836587,6.545457,7.061499,1.412785,-213.075506,3.486872,3.310223,-0.102317,6.276555,0.040836,0.016364
2.377865,19.786924,-394.122602,6.505692,7.140402,1.060253,-213.202138,3.564448,3.322326,-0.103140,6.278212,0.040812,0.016718
2.378396,19.360396,-394.043831,6.418330,7.139694,0.850364,-213.173545,3.468294,3.095465,-0.101984,6.279196,0.040154,0.016270
2.378928,18.496040,-394.054478,6.458997,7.032384,0.918820,-212.949066,3.539872,3.240055,-0.096752,6.278871,0.040499,0.016623
2.379459,18.496040,-394.054478,6.458997,7.032384,1.073915,-213.332379,3.501022,3.482853,-0.096106,6.278151,0.040491,0.016411
2.379990,18.041034,-393.802863,6.481772,7.023857,0.743488,-213.097502,3.409762,3.592327,-0.095432,6.279696,0.040375,0.016001
2.380521,17.823205,-395.008316,6.514194,7.087809,1.075794,-214.417285,3.442135,3.983214,-0.092472,6.278168,0.040661,0.016053
2.381052,16.649888,-394.741953,6.465173,6.986864,0.616515,-214.107536,3.470594,3.894092,-0.088529,6.280306,0.040493,0.016210
2.381583,16.253303,-394.961764,6.567406,6.895052,0.477203,-213.352671,3.299402,3.481481,-0.086651,6.280949,0.040333,0.015465
2.382114,16.028694,-394.936603,6.474096,7.075796,0.512926,-213.509230,3.265650,3.645353,-0.085313,6.280783,0.039851,0.015295
2.382645,15.708715,-394.853272,6.432342,6.952494,0.511913,-213.944363,3.237272,3.894341,-0.083806,6.280793,0.039696,0.015131
2.383177,14.828735,-394.869171,6.274506,7.001513,0.420173,-213.443396,3.321019,3.665894,-0.079252,6.281217,0.039036,0.015559
2.383708,14.240090,-395.207432,6.426624,7.037309,0.022346,-213.977353,3.462830,3.544366,-0.078291,6.283081,0.040178,0.016183
2.384239,13.852767,-395.349933,6.417541,7.141722,-0.024076,-214.237059,3.300708,3.459233,-0.076470,6.283298,0.039754,0.015407
2.384770,13.039709,-395.332246,6.393350,7.088272,-0.303575,-214.288136,3.760524,3.862653,-0.073569,6.284602,0.040879,0.017549
2.385301,12.408967,-395.374842,6.486343,7.138627,-0.123048,-214.291399,3.646591,3.922931,-0.069096,6.283760,0.041014,0.017017
2.385832,12.017264,-395.131998,6.474355,7.093414,0.087840,-214.266653,3.556428,3.845276,-0.065862,6.282775,0.040770,0.016598
2.386363,11.588527,-395.439135,6.451388,6.996593,0.087840,-214.266653,3.556428,3.845276,-0.063394,6.282775,0.040594,0.016598
2.386895,10.517963,-395.575201,6.473796,7.043168,0.215705,-214.388065,3.602254,3.879614,-0.056799,6.282179,0.040835,0.016802
2.387426,10.033500,-395.537566,6.460627,7.170304,0.304297,-214.748357,3.805737,3.693503,-0.053763,6.281768,0.041424,0.017722
2.387957,9.272944,-395.376254,6.131334,7.070872,0.346313,-214.627807,3.838955,3.749055,-0.049347,6.281572,0.039985,0.017887
2.388488,8.762645,-395.549654,6.236883,7.169931,0.416472,-214.524896,3.832222,3.558311,-0.046073,6.281244,0.040403,0.017864
2.389019,8.101933,-395.837446,6.514367,7.091249,0.379542,-214.446972,3.824506,3.606892,-0.042548,6.281415,0.041612,0.017834
2.389550,7.638817,-396.001279,6.493880,7.040019,0.761624,-214.545335,3.606504,3.526919,-0.037882,6.279635,0.040911,0.016810
2.390081,6.873550,-395.905081,6.286337,7.062219,0.889779,-214.532796,3.686544,3.495818,-0.032980,6.279038,0.040162,0.017184
2.390612,6.090223,-395.993205,6.496233,7.186298,0.873315,-214.704590,3.649222,3.613318,-0.028769,6.279118,0.041086,0.016996
2.391144,5.639302,-396.045321,6.493880,7.040019,1.461143,-213.836487,3.499949,2.983902,-0.022927,6.276352,0.040477,0.016367
2.391675,5.028135,-395.950171,6.222957,7.177052,1.514718,-214.682733,3.473808,3.550855,-0.019380,6.276130,0.039312,0.016181
2.392206,4.325924,-395.905101,6.569775,7.081281,1.561880,-215.202369,3.539742,3.654470,-0.015295,6.275928,0.041294,0.016448
2.392737,3.659592,-395.209119,6.541580,6.974738,2.190784,-213.411058,3.895395,3.413870,-0.008079,6.272920,0.041878,0.018252
2.393268,2.874502,-395.332528,6.237937,7.048219,2.450379,-213.682434,3.581149,3.656190,-0.002335,6.271718,0.039597,0.016758
2.393799,2.352466,-395.226796,6.585337,7.143526,2.167902,-213.663959,3.906414,3.561754,-0.001017,6.273039,0.042172,0.018282
2.394330,1.898063,-395.073128,6.520083,7.122989,2.256179,-213.649203,3.846974,3.580203,0.001974,6.272625,0.041728,0.018005
2.394861,1.102718,-394.886821,6.198278,7.103252,2.628170,-213.631209,3.606306,3.561100,0.008416,6.270884,0.039562,0.016880
2.395393,0.733614,-395.185709,6.338444,6.975924,3.193333,-213.142866,3.433405,3.293926,0.013511,6.268204,0.039595,0.016107
2.395924,0.179931,-395.091237,6.611631,6.953581,4.117055,-212.586643,3.092355,2.879980,0.021569,6.263821,0.039985,0.014543
2.396455,-0.842180,-395.217933,6.204840,6.974244,3.834085,-213.302278,3.398649,3.130303,0.025700,6.265212,0.038879,0.015931
2.396986,-1.256433,-395.706698,6.337962,7.106617,4.914607,-214.069440,3.448146,3.400701,0.033961,6.260231,0.039705,0.016103
2.397517,-1.691098,-395.733839,6.507104,7.120778,4.914607,-214.069440,3.448146,3.400701,0.036346,6.260231,0.040515,0.016103
2.398048,-2.120281,-395.477727,6.578093,6.893513,4.583705,-214.058082,3.731724,3.341474,0.036936,6.261775,0.041659,0.017428
2.398579,-2.721481,-395.474649,6.222383,7.040442,4.574394,-213.964301,3.755163,3.268413,0.040174,6.261809,0.040012,0.017545
2.399110,-3.135610,-395.409662,6.313923,7.131709,4.641632,-214.621588,3.691205,3.614243,0.042992,6.261562,0.040425,0.017194
2.399642,-3.290513,-395.396646,6.362180,6.963105,4.968926,-214.419360,3.731328,3.480774,0.045606,6.260016,0.040717,0.017397
2.400173,-3.792866,-395.466995,6.503543,6.918967,5.195443,-214.125909,3.542839,3.221989,0.049525,6.258927,0.040793,0.016540
2.400704,-4.060203,-395.382593,6.626316,6.973181,5.414486,-214.058429,3.660619,3.186151,0.052205,6.257896,0.041694,0.017094
2.401235,-4.680604,-395.052030,6.430285,6.862510,6.140423,-214.197939,3.114265,3.237375,0.059762,6.254526,0.039444,0.014534
2.401766,-5.074082,-395.282973,6.276812,7.044304,6.016160,-214.076610,3.621679,3.471890,0.061126,6.255090,0.039930,0.016910
2.402297,-5.231538,-395.173804,6.338336,7.088593,6.526270,-213.946909,3.738647,3.370237,0.064788,6.252691,0.040532,0.017465
2.402828,-5.356346,-395.311925,6.359758,7.033498,6.611414,-213.499850,3.672101,3.679064,0.065730,6.252228,0.040319,0.017191
2.403360,-5.411122,-395.388422,6.371488,7.062687,7.024901,-213.765718,3.243552,3.404605,0.068365,6.250335,0.039292,0.015166
2.403891,-5.488671,-395.450210,6.327343,7.052728,6.206698,-214.145283,3.904338,3.905726,0.064417,6.254210,0.040938,0.018225
2.404422,-5.990786,-395.166058,6.535700,6.947895,6.462980,-214.387792,3.839593,3.472218,0.068781,6.253048,0.041836,0.017900
2.404953,-6.238115,-395.140394,6.680045,6.927603,6.153518,-214.237385,4.022811,3.317232,0.068392,6.254470,0.043001,0.018767
2.405484,-6.425830,-394.985533,6.609210,6.814478,6.348803,-214.404454,3.967989,3.421092,0.070624,6.253583,0.042581,0.018497
2.406015,-6.492144,-395.109921,6.527274,6.949879,6.555500,-214.252173,3.882406,3.399386,0.072018,6.252598,0.041888,0.018110
2.406546,-6.773423,-395.140876,6.443631,6.968674,6.871860,-214.572464,3.649222,3.613318,0.075425,6.251170,0.040908,0.016998
2.407077,-6.928216,-395.311793,6.291764,7.130821,7.095427,-214.242932,3.709203,3.785972,0.077295,6.250079,0.040243,0.017304
2.407609,-6.645596,-395.352717,6.498827,7.017530,6.889225,-214.729518,3.760492,3.714469,0.074794,6.251113,0.041467,0.017503
2.408140,-6.821576,-395.370521,6.380791,7.055445,7.161426,-214.811670,3.602818,3.745689,0.077289,6.249859,0.040485,0.016763
2.408671,-6.645596,-395.352717,6.498827,7.017530,7.342571,-214.847713,3.513088,3.787194,0.077340,6.249023,0.040825,0.016344
2.409202,-6.472825,-395.423004,6.607102,6.997926,7.191063,-214.800533,3.550746,3.548683,0.075505,6.249720,0.041420,0.016521
2.409733,-6.616381,-394.433278,6.503088,7.057378,7.466343,-213.837838,3.589397,3.796668,0.077822,6.248284,0.041026,0.016777
2.410264,-6.352850,-395.566382,6.580291,7.017028,7.984433,-214.553835,3.303666,3.663157,0.079041,6.245988,0.040570,0.015390
2.410795,-6.118591,-394.464421,6.532337,7.072746,7.630725,-213.449880,3.526062,3.636444,0.075811,6.247451,0.040909,0.016510
2.411326,-5.959071,-394.387630,6.535069,7.083491,7.242420,-213.633500,3.825822,3.500644,0.072906,6.249297,0.041793,0.017896
2.411858,-5.877672,-394.444206,6.580662,7.092828,7.427617,-213.650242,3.688989,3.530785,0.073461,6.248434,0.041627,0.017255
2.412389,-5.658284,-394.333907,6.483701,6.986856,7.625456,-213.495580,3.535875,3.604005,0.073325,6.247483,0.040743,0.016552
2.412920,-5.243949,-395.170691,6.329349,6.982346,7.535203,-214.705324,3.579869,3.690805,0.070694,6.248104,0.040211,0.016664
2.413451,-5.073228,-395.216661,6.253333,7.168938,7.535203,-214.705324,3.579869,3.690805,0.069735,6.248104,0.039845,0.016664
2.413982,-4.363365,-395.398443,6.591361,7.027793,7.535203,-214.705324,3.579869,3.690805,0.065755,6.248104,0.041432,0.016664
2.414513,-3.887593,-395.769862,6.594589,6.976865,7.703381,-214.566972,3.524198,3.570046,0.063880,6.247299,0.041188,0.016414
2.415044,-3.573884,-395.651529,6.543668,6.766408,7.631137,-214.622998,3.488517,3.561465,0.061818,6.247644,0.040890,0.016244
2.415575,-3.138014,-395.647287,6.357093,6.880479,7.636659,-214.575200,3.478695,3.597143,0.059435,6.247611,0.039961,0.016202
2.416107,-2.847813,-395.501091,6.428812,7.035933,7.333851,-214.587935,3.648742,3.591498,0.056220,6.249022,0.040804,0.016993
2.416638,-2.162414,-395.218545,6.694133,6.920329,7.256111,-214.640130,3.694321,3.598528,0.052110,6.249392,0.042286,0.017201
2.417169,-1.719124,-395.186686,6.438317,6.975443,7.109032,-214.860619,3.729219,3.712928,0.048918,6.250111,0.041218,0.017347
2.417700,-1.165530,-395.480388,6.288943,7.121520,7.381286,-214.606754,3.479454,3.729790,0.047218,6.248804,0.039703,0.016205
2.418231,-0.909587,-395.077164,6.467363,7.067277,6.726569,-214.843208,3.679028,3.699046,0.042343,6.251886,0.041251,0.017116
2.418762,0.140698,-394.946424,6.536768,6.901793,6.686800,-214.563383,3.676530,3.590830,0.036274,6.252031,0.041552,0.017126
2.419293,0.797836,-395.672405,6.321357,6.837549,6.304853,-214.841883,3.881129,3.680979,0.030445,6.253847,0.041003,0.018056
2.419825,1.872057,-395.853849,6.561661,6.805809,6.609806,-214.901261,3.613446,3.694606,0.026176,6.252438,0.041383,0.016807
2.420356,2.372759,-395.804064,6.530780,6.904058,6.657920,-214.815054,3.622295,3.751263,0.023672,6.252201,0.041252,0.016855
2.420887,2.901133,-395.582289,6.279981,7.245565,6.418702,-214.582996,3.872252,3.597799,0.019432,6.253282,0.040756,0.018036
2.421418,3.962815,-395.897088,6.604319,6.821756,6.363887,-214.029672,3.324765,3.878203,0.013202,6.253460,0.040653,0.015530
2.421949,4.391959,-395.863246,6.486517,6.901848,5.712224,-213.885654,3.767361,3.675415,0.007255,6.256485,0.041219,0.017607
2.422480,4.844203,-395.681546,6.295208,7.031241,6.461577,-213.608170,3.261271,3.744326,0.008883,6.252945,0.038938,0.015263
2.423011,5.959394,-395.914504,6.506356,6.876317,6.413937,-214.003681,3.214717,3.774131,0.002499,6.253223,0.039894,0.015018
2.423542,6.403694,-395.553014,6.574519,6.929685,6.012023,-214.672144,3.583137,3.865571,-0.002165,6.255187,0.041395,0.016686
2.424074,7.148607,-395.929138,6.459325,7.101112,5.945024,-214.570729,3.280340,3.659474,-0.006636,6.255486,0.039945,0.015283
2.424605,8.110191,-396.212355,6.532766,7.088946,5.984918,-214.597877,3.303666,3.663157,-0.011702,6.255304,0.040306,0.015390
2.425136,8.572218,-395.575035,6.469085,7.111109,6.510488,-214.176479,3.215638,3.503975,-0.011365,6.252797,0.039823,0.015008
2.425667,9.343527,-395.689279,6.414927,6.995459,5.822775,-214.274981,3.365645,3.516567,-0.019405,6.256018,0.039926,0.015702
2.426198,10.071463,-395.782648,6.533628,6.945610,5.831325,-214.541524,3.375564,3.349726,-0.023391,6.256012,0.040566,0.015728
2.426729,10.649557,-395.778282,6.552671,6.821572,5.712742,-214.243082,3.494001,3.404016,-0.027188,6.256527,0.040892,0.016302
2.427260,11.704968,-395.811982,6.504092,6.968070,5.801946,-214.405552,3.155740,3.355331,-0.032529,6.256131,0.039833,0.014714
2.427791,12.392581,-395.632618,6.616017,7.034803,5.058667,-214.660199,3.446999,3.540355,-0.040503,6.259624,0.041193,0.016054
2.428323,12.854210,-395.615769,6.275406,7.119315,4.943824,-214.846986,3.422163,3.662121,-0.043732,6.260178,0.039513,0.015925
2.428854,13.923079,-395.665099,6.539201,7.064562,4.573762,-215.033439,3.616412,3.633716,-0.051713,6.261919,0.041321,0.016814
2.429385,14.592162,-395.485461,6.502401,6.978206,4.226825,-214.760818,3.445124,3.550379,-0.057292,6.263506,0.040660,0.016039
2.429916,15.530217,-395.550473,6.391810,6.905587,4.785417,-214.609341,3.253286,3.586454,-0.059313,6.260891,0.039580,0.015156
2.430447,16.263054,-395.014544,6.500167,6.803617,4.214243,-214.881978,3.394788,3.652793,-0.066789,6.263576,0.040629,0.015796
2.430978,16.845353,-395.432242,6.254610,7.177912,4.426550,-214.859982,3.467520,3.756312,-0.068667,6.262586,0.039538,0.016136
2.431509,17.761781,-395.418960,6.558537,6.968018,4.466818,-214.877029,3.492539,3.751706,-0.073507,6.262401,0.041060,0.016251
2.432040,18.121748,-395.430095,6.406532,7.098861,4.647144,-214.904796,3.629288,3.717883,-0.074503,6.261564,0.040695,0.016884
2.432572,18.803339,-395.271301,6.312377,7.048100,4.573762,-215.033439,3.616412,3.633716,-0.078785,6.261919,0.040261,0.016814
2.433103,19.817256,-395.190453,6.470521,7.012189,4.573762,-215.033439,3.616412,3.633716,-0.084411,6.261919,0.041018,0.016814
2.433634,20.116010,-395.158986,6.462264,7.102251,4.647144,-214.904796,3.629288,3.717883,-0.085607,6.261564,0.040993,0.016884
2.434165,20.833835,-394.907108,6.245401,7.143000,4.658405,-214.859096,3.622295,3.751263,-0.089599,6.261507,0.039978,0.016855
2.434696,21.307680,-394.824210,6.419908,7.123928,4.545660,-214.682288,3.645337,3.600467,-0.092782,6.262015,0.040836,0.016976
2.435227,21.935603,-395.098839,6.529754,6.956579,4.658405,-214.859096,3.622295,3.751263,-0.095565,6.261507,0.041263,0.016855
2.435758,22.340556,-394.558969,6.504078,6.946781,5.359771,-214.066221,3.406694,3.494529,-0.093804,6.258153,0.040522,0.015909
2.436290,23.120243,-394.765469,6.364474,7.067664,5.398440,-214.062051,3.424219,3.482443,-0.097759,6.257972,0.039839,0.015991
2.436821,23.837276,-394.871645,6.418432,7.194795,4.946933,-214.693492,3.554733,3.618079,-0.104461,6.260148,0.040544,0.016553
2.437352,24.201639,-394.656927,6.460742,7.157343,5.585970,-214.174110,3.354371,3.438516,-0.102780,6.257110,0.040161,0.015657
2.437883,24.368198,-394.564253,6.478907,6.884319,5.090347,-214.485421,3.665474,3.476823,-0.106646,6.259457,0.041119,0.017084
2.438414,25.411256,-394.554004,6.525725,7.064230,5.827423,-214.011025,3.463158,3.444714,-0.108049,6.255962,0.040712,0.016176
2.438945,25.784698,-394.299507,6.581966,6.761692,6.181640,-214.039748,3.174411,3.514541,-0.108323,6.254313,0.040322,0.014826
2.439476,26.134144,-394.607696,6.530315,7.088545,6.096077,-214.283457,3.280836,3.602124,-0.110668,6.254744,0.040325,0.015306
2.440007,26.368055,-394.364996,6.421845,7.231635,6.190315,-214.433592,3.175321,3.555840,-0.111675,6.254325,0.039632,0.014803
2.440539,26.479590,-394.458940,6.475513,7.253927,6.883724,-214.277762,3.516669,3.732151,-0.108331,6.251071,0.040710,0.016404
2.441070,27.163115,-394.250461,6.383405,7.012787,6.958502,-214.300416,3.472019,3.734446,-0.111811,6.250726,0.040178,0.016194
2.441601,27.487339,-394.285999,6.537381,7.024469,6.983969,-214.007678,3.520365,3.893385,-0.113245,6.250563,0.040967,0.016443
2.442132,27.934014,-394.337859,6.541894,7.043056,7.033729,-214.074353,3.532944,3.333095,-0.115428,6.250341,0.040997,0.016493
2.442663,28.032555,-394.298416,6.555059,7.058027,7.686650,-213.872515,3.457496,3.368199,-0.112292,6.247260,0.040845,0.016155
2.443194,28.356057,-394.152008,6.450478,7.087459,7.883871,-214.087881,3.112685,3.288438,-0.113208,6.246377,0.039569,0.014531
2.443725,28.468948,-394.248851,6.504339,7.114390,7.792270,-214.676152,3.628348,4.086413,-0.114639,6.246903,0.041261,0.016893
2.444256,28.586780,-394.579853,6.490643,7.108422,8.350213,-214.091675,3.152812,3.566681,-0.111655,6.244202,0.039784,0.014718
2.444788,29.248604,-394.311014,6.465271,6.911381,8.684545,-213.994502,3.269085,3.722960,-0.113554,6.242625,0.039964,0.015268
2.445319,29.324726,-394.149375,6.477689,6.994696,8.957892,-214.007961,3.186495,3.591953,-0.112582,6.241352,0.039867,0.014880
2.445850,29.682662,-394.385828,6.676469,6.860265,9.242289,-214.193249,3.560172,3.738624,-0.112953,6.240063,0.041740,0.016607
2.446381,29.710044,-394.155001,6.654952,7.011222,9.362788,-214.179343,3.431330,3.790025,-0.112578,6.239498,0.041374,0.016009
2.446912,29.884040,-394.247562,6.544521,7.011670,9.915622,-213.615247,3.394636,3.651273,-0.110100,6.236800,0.040605,0.015877
2.447443,29.955376,-394.431930,6.511792,7.114646,10.386721,-213.398508,3.207499,3.008348,-0.107676,6.234551,0.039895,0.015011
2.447974,30.127360,-394.234821,6.481026,7.078737,10.609184,-213.147083,3.254278,3.601954,-0.107368,6.233452,0.039863,0.015253
2.448505,30.206561,-394.191908,6.526337,7.070977,10.943512,-213.527627,3.209857,3.387186,-0.106222,6.231979,0.040066,0.015015
2.449037,30.206561,-394.191908,6.526337,7.070977,11.105651,-213.564388,3.162006,3.432519,-0.105356,6.231231,0.039965,0.014789
2.449568,30.349256,-394.279775,6.484514,7.023737,11.434337,-213.812874,3.493231,3.300074,-0.104430,6.229758,0.040616,0.016312
2.450099,30.389725,-394.308006,6.506425,7.027913,12.345634,-213.622789,3.230262,3.647581,-0.099535,6.225458,0.040042,0.015103
2.450630,30.328306,-394.185832,6.499569,7.089229,12.413565,-213.778847,3.220484,3.557087,-0.098977,6.225183,0.040049,0.015045
2.451161,30.328306,-394.185832,6.499569,7.089229,13.144881,-213.446873,3.458907,3.643580,-0.094788,6.221679,0.040585,0.016178
2.451692,30.328306,-394.185832,6.499569,7.089229,13.395698,-213.042650,3.316190,3.787884,-0.093206,6.220390,0.040143,0.015544
2.452223,30.328306,-394.185832,6.499569,7.089229,13.522303,-213.322885,3.361623,3.810285,-0.092655,6.219881,0.040321,0.015736
2.452755,30.317669,-394.286636,6.518919,7.016036,14.274316,-213.483234,3.342968,3.734030,-0.088502,6.216421,0.040389,0.015633
2.453286,30.317669,-394.286636,6.518919,7.016036,14.683634,-213.119257,3.266653,3.345425,-0.086083,6.214395,0.040119,0.015293
2.453817,30.317669,-394.286636,6.518919,7.016036,14.527746,-212.820849,3.304847,3.392242,-0.086795,6.215028,0.040145,0.015495
2.454348,30.390839,-394.353614,6.551051,7.037696,15.033904,-212.758954,3.444782,3.300486,-0.084366,6.212641,0.040628,0.016147
2.454879,30.390839,-394.353614,6.551051,7.037696,15.176155,-213.089555,3.615056,3.440521,-0.083740,6.212086,0.041148,0.016918
2.455410,30.308890,-394.386502,6.599868,7.023240,15.461938,-213.205649,3.610233,3.363750,-0.081763,6.210791,0.041392,0.016883
2.455941,30.214987,-394.432376,6.538344,7.092761,15.686188,-213.224190,3.764398,3.264762,-0.080006,6.209751,0.041511,0.017595
2.456472,30.140012,-394.696283,6.457334,7.280808,16.822604,-213.268827,3.538498,3.254076,-0.073272,6.204468,0.040495,0.016532
2.457004,30.136139,-394.476899,6.493381,7.099170,16.597370,-213.054621,3.787142,3.527750,-0.074488,6.205440,0.041332,0.017715
2.457535,30.102398,-394.442063,6.481432,7.087029,17.315122,-213.208315,3.464469,3.803452,-0.070440,6.202151,0.040470,0.016207
2.458066,30.102398,-394.442063,6.481432,7.087029,17.639555,-213.642463,3.577604,3.591705,-0.068823,6.200806,0.040865,0.016689
2.458597,30.135950,-394.603629,6.493384,7.032651,17.801502,-213.162441,3.614530,3.701309,-0.067876,6.199867,0.040878,0.016901
2.459128,29.882225,-394.414957,6.480298,6.848739,18.475868,-213.229426,3.241074,3.651081,-0.062871,6.196753,0.039923,0.015158
2.459659,29.313518,-394.398239,6.838698,6.884743,18.616164,-212.819194,3.148242,3.845235,-0.058845,6.195933,0.041397,0.014764
2.460190,28.787007,-394.664742,6.485443,7.175420,18.660090,-212.510909,3.246732,3.703202,-0.055538,6.195602,0.039770,0.015237
2.460721,28.663288,-394.595164,6.426508,7.163332,18.818108,-212.873273,3.392055,3.458686,-0.054124,6.195014,0.039941,0.015875
2.461253,28.624835,-394.689263,6.425614,7.105720,18.956776,-213.029898,3.299559,3.601694,-0.053171,6.194433,0.039719,0.015439
2.461784,28.520780,-394.690974,6.492843,7.152220,19.352172,-213.540973,3.548899,3.535093,-0.050570,6.192807,0.040803,0.016551
2.462315,28.382676,-394.660717,6.523112,7.176830,19.580701,-213.436725,3.608592,3.602548,-0.048531,6.191701,0.041095,0.016836
2.462846,28.391346,-394.611582,6.514438,7.210560,19.818678,-213.354680,3.466603,3.646449,-0.047260,6.190560,0.040676,0.016186
2.463377,28.328993,-394.865586,6.507953,7.202259,20.147916,-213.101085,3.336716,3.591724,-0.044979,6.188919,0.040204,0.015599
2.463908,28.227031,-394.852767,6.557393,6.937457,19.935138,-213.063333,3.623340,4.027391,-0.045581,6.189893,0.041175,0.016949
2.464439,28.155101,-394.793265,6.573667,6.880130,20.603342,-212.607629,3.200350,3.310375,-0.041427,6.186579,0.040100,0.014988
2.464970,27.918530,-394.777234,6.523527,7.063376,21.033097,-212.402409,3.302663,3.684306,-0.037736,6.184482,0.040070,0.015492
2.465502,27.914867,-394.663720,6.557965,6.967832,20.329117,-212.848224,3.555489,3.368859,-0.041698,6.187964,0.040996,0.016621
2.466033,27.848426,-394.739537,6.531934,6.937638,21.260009,-212.781340,3.411381,3.870160,-0.036193,6.183601,0.040477,0.015976
2.466564,27.518477,-394.539936,6.551284,6.921192,21.193992,-213.298572,3.513263,3.458477,-0.034881,6.184147,0.040994,0.016388
2.467095,27.161086,-394.741323,6.776360,7.014480,21.275176,-212.900055,3.456489,3.460081,-0.032357,6.183586,0.041813,0.016155
2.467626,27.108341,-394.595718,6.802648,6.811824,21.506025,-212.547255,3.415906,3.690970,-0.030764,6.182346,0.041795,0.016003
2.468157,27.156888,-394.508306,6.806557,6.864209,21.294223,-213.041753,3.488356,3.361733,-0.032296,6.183563,0.042126,0.016287
2.468688,27.025168,-394.788824,6.716932,6.966953,21.499400,-212.522947,3.479224,3.677768,-0.030308,6.182366,0.041485,0.016298
2.469220,26.510133,-394.754142,6.417518,7.144047,21.499400,-212.522947,3.479224,3.677768,-0.027490,6.182366,0.040047,0.016298
2.469751,26.574285,-394.883109,6.421785,7.074122,20.903735,-212.954466,3.906841,3.722351,-0.031159,6.185338,0.041300,0.018250
2.470282,26.441485,-394.799520,6.446361,7.137414,21.625853,-212.739941,3.426325,3.797846,-0.026445,6.181879,0.040088,0.016042
2.470813,26.426895,-394.689044,6.465330,7.044420,21.664347,-212.546718,3.453592,3.659887,-0.026141,6.181609,0.040231,0.016175
2.471344,26.390011,-394.818585,6.551745,6.950010,21.574164,-212.504265,3.516677,3.657133,-0.026409,6.182009,0.040773,0.016471
2.471875,26.375306,-394.929162,6.533864,7.043338,21.557342,-212.354213,3.458093,3.629054,-0.026383,6.182016,0.040478,0.016210
2.472406,26.390011,-394.818585,6.551745,6.950010,21.557342,-212.354213,3.458093,3.629054,-0.026479,6.182016,0.040589,0.016210
2.472937,26.356269,-394.667813,6.576398,6.837201,21.521395,-212.355673,3.443713,3.641486,-0.026514,6.182184,0.040706,0.016144
2.473469,26.257616,-394.631682,6.561731,6.963317,21.157270,-212.941276,3.479069,3.884049,-0.028064,6.184153,0.040864,0.016278
2.474000,26.308493,-394.923225,6.540956,7.030323,21.143384,-212.921772,3.420284,3.309525,-0.028372,6.184209,0.040541,0.015980
2.474531,26.308493,-394.923225,6.540956,7.030323,20.726222,-212.720425,3.171831,3.241982,-0.030628,6.186058,0.039881,0.014844
2.475062,26.199690,-394.776355,6.570796,7.097058,20.726222,-212.720425,3.171831,3.241982,-0.030056,6.186058,0.040062,0.014844
2.475593,26.127893,-395.004999,6.631324,7.036106,20.089592,-213.195290,3.349797,3.580394,-0.033200,6.189232,0.040844,0.015653
2.476124,25.966041,-394.998230,6.539573,7.031725,19.827628,-213.463894,3.233110,3.487712,-0.033801,6.190566,0.040167,0.015092
2.476655,25.989643,-394.823942,6.575967,7.098587,19.391277,-213.605910,3.630281,3.355769,-0.036395,6.192653,0.041425,0.016916
2.477186,25.966041,-394.998230,6.539573,7.031725,19.310233,-212.964321,3.614430,3.619138,-0.036547,6.192759,0.041023,0.016903
2.477718,25.909719,-394.870355,6.528889,7.103049,19.509805,-213.314254,3.564815,3.186592,-0.035236,6.191979,0.040949,0.016628
2.478249,26.080039,-395.144269,6.574270,7.097266,19.223527,-213.148763,3.550198,3.315507,-0.037656,6.193240,0.041028,0.016580
2.478780,26.023298,-395.016658,6.564388,7.168935,18.925672,-212.916344,3.325865,3.387514,-0.038957,6.194530,0.040385,0.015561
2.479311,25.931541,-394.964869,6.526934,7.021335,17.734986,-213.293125,3.811915,3.464488,-0.045087,6.200228,0.041566,0.017800
2.479842,25.750380,-394.928622,6.651900,7.003511,17.750083,-213.372840,3.623308,3.412429,-0.044037,6.200188,0.041683,0.016916
2.480373,25.818212,-395.078007,6.535855,6.969163,17.163969,-213.611741,3.776826,3.322614,-0.047655,6.203006,0.041553,0.017611
2.480904,25.763107,-394.948312,6.523942,7.043741,17.166911,-213.696201,3.799965,3.261888,-0.047391,6.203024,0.041610,0.017710
2.481435,25.718328,-395.039953,6.522241,6.988068,17.010467,-213.908527,3.748948,3.367709,-0.048038,6.203830,0.041488,0.017460
2.481967,25.576430,-395.154679,6.641491,6.920958,17.147785,-213.266243,3.211583,3.241298,-0.046307,6.202952,0.040519,0.015011
2.482498,25.621918,-395.062871,6.643392,6.978769,16.748449,-213.028707,3.246632,3.351253,-0.048708,6.204726,0.040577,0.015197
2.483029,25.576430,-395.154679,6.641491,6.920958,16.404407,-213.169670,3.187495,3.068438,-0.050357,6.206382,0.040432,0.014906
2.483560,25.653615,-395.270053,6.656166,6.981142,15.734643,-213.299582,3.545209,3.222485,-0.054455,6.209551,0.041384,0.016568
2.484091,25.576430,-395.154679,6.641491,6.920958,14.928010,-213.561955,3.615830,3.776420,-0.058572,6.213399,0.041577,0.016894
2.484622,25.576430,-395.154679,6.641491,6.920958,15.039781,-213.636483,3.373413,3.739974,-0.057982,6.212902,0.040977,0.015760
2.485153,25.397113,-394.921071,6.647292,6.842204,14.819827,-213.361581,3.173272,3.481932,-0.058192,6.213838,0.040507,0.014844
2.485685,25.397113,-394.921071,6.647292,6.842204,13.871054,-213.851269,3.433561,3.450015,-0.063570,6.218413,0.041240,0.016022
2.486216,25.189421,-395.037948,6.792800,6.944610,13.473590,-213.723283,3.541528,3.272256,-0.064526,6.220226,0.042163,0.016533
2.486747,25.189421,-395.037948,6.792800,6.944610,14.126825,-213.492487,3.090341,3.282625,-0.060860,6.217112,0.041035,0.014448
2.487278,25.320473,-394.916708,6.846790,6.985555,13.531079,-213.658116,3.431931,3.356114,-0.064950,6.219939,0.042166,0.016029
2.487809,25.212483,-394.862133,6.779755,7.051671,13.301718,-213.536661,3.431422,3.033580,-0.065593,6.220973,0.041818,0.016032
2.488340,25.236869,-394.948621,6.796301,6.999516,11.603967,-213.740136,3.972198,3.445229,-0.075092,6.228948,0.043317,0.018550
2.488871,25.099644,-394.889432,6.739545,6.983341,11.914884,-213.868618,3.644832,3.479604,-0.072707,6.227532,0.042219,0.017014
2.489402,24.899817,-394.792431,6.607613,7.081176,11.970274,-213.472745,3.369159,3.219340,-0.071187,6.227170,0.040812,0.015756
2.489934,24.848832,-394.882582,6.599915,7.028422,11.210146,-213.577347,3.470296,3.679233,-0.075084,6.230746,0.041027,0.016229
2.490465,24.747944,-394.883709,6.682241,7.005121,10.669901,-214.046974,3.614250,3.604469,-0.077693,6.233378,0.041893,0.016864
2.490996,24.673053,-394.945509,6.645157,6.993531,10.809005,-213.421382,3.139572,3.256436,-0.076228,6.232582,0.040382,0.014693
2.491527,24.416689,-394.922959,6.540201,7.008664,10.028729,-213.929623,3.836240,3.544324,-0.079328,6.236341,0.041770,0.017910
2.492058,24.416689,-394.922959,6.540201,7.008664,10.165957,-213.600100,3.205750,3.589567,-0.078432,6.235628,0.040067,0.014996
2.492589,24.405414,-394.972552,6.532420,7.043306,10.213115,-213.265235,3.172150,3.450766,-0.077947,6.235333,0.039864,0.014860
2.493120,24.311179,-394.910396,6.508081,6.953683,9.168834,-214.015087,3.520307,3.794247,-0.083513,6.240369,0.040781,0.016436
2.493651,24.262281,-395.141637,6.557413,6.973061,9.098466,-213.941007,3.591278,3.863051,-0.083491,6.240683,0.041136,0.016774
2.494183,24.031087,-395.329904,6.448394,7.057455,8.521643,-214.120273,3.186669,3.371053,-0.085380,6.243408,0.039575,0.014872
2.494714,23.527176,-395.201603,6.782091,7.085406,8.514371,-213.548866,3.141051,3.384643,-0.082458,6.243336,0.041020,0.014699
2.495245,23.527176,-395.201603,6.782091,7.085406,8.446746,-213.385932,3.225735,3.846443,-0.082754,6.243622,0.041186,0.015110
2.495776,22.926838,-395.094700,6.624541,7.010858,7.962953,-214.192744,3.290517,3.894277,-0.082530,6.246026,0.040773,0.015356
2.496307,22.595773,-395.136745,6.488469,7.013836,7.752689,-214.223337,3.177369,3.900073,-0.081862,6.247011,0.039832,0.014827
2.496838,22.475462,-395.045587,6.551793,7.045996,7.205036,-214.157465,3.515362,3.811476,-0.084219,6.249554,0.040982,0.016407
2.497369,22.392607,-395.074817,6.601642,7.029281,7.133636,-214.127560,3.226999,3.707151,-0.084129,6.249883,0.040490,0.015065
2.497900,22.080285,-395.201929,6.454840,7.148057,7.215981,-213.877538,3.218752,3.867945,-0.081793,6.249459,0.039681,0.015045
2.498432,21.816519,-395.234779,6.495777,7.188704,7.114481,-214.579943,3.347371,3.467564,-0.081203,6.250042,0.040343,0.015592
2.498963,21.191111,-395.086626,6.603227,7.073340,6.289837,-213.997962,3.095716,3.557616,-0.082102,6.253802,0.040161,0.014462
2.499494,20.594744,-394.947649,6.501015,7.043619,6.544487,-213.208985,3.189626,2.902051,-0.077157,6.252500,0.039739,0.014952
2.500025,20.417658,-395.011044,6.540201,7.008664,6.253480,-214.519179,3.108735,3.764709,-0.078315,6.254042,0.040023,0.014488
2.500556,20.309740,-395.198132,6.563854,7.114957,5.264615,-214.102382,2.592717,3.739118,-0.082888,6.258601,0.038876,0.012110
2.501087,20.046837,-395.034889,6.487759,7.133302,5.449684,-214.258910,3.354469,3.843374,-0.080572,6.257756,0.040301,0.015653
2.501618,19.448394,-394.986047,6.411513,6.958392,5.330320,-214.244151,3.302694,3.634556,-0.077954,6.258311,0.039804,0.015412
2.502150,18.788692,-395.154297,6.356475,6.878418,5.138575,-214.190525,3.237433,3.664810,-0.075288,6.259199,0.039329,0.015112
2.502681,18.331311,-395.207565,6.642474,6.819152,5.174513,-214.222577,3.341369,3.876089,-0.072568,6.259035,0.040988,0.015595
2.503212,18.290500,-395.203561,6.613159,6.928192,4.623363,-213.856847,3.143354,3.735590,-0.075222,6.261570,0.040280,0.014696
2.503743,17.999089,-395.458741,6.485044,7.002344,4.414422,-214.047723,3.214717,3.774131,-0.074744,6.262565,0.039811,0.015017
2.504274,17.726160,-395.498748,6.574970,6.854518,4.298802,-214.208122,3.382749,4.164408,-0.073930,6.263120,0.040694,0.015790
2.504805,16.762312,-395.280220,6.714190,6.788830,4.158137,-214.398334,3.366286,3.786166,-0.069569,6.263793,0.041430,0.015699
2.505336,16.340703,-395.236756,6.527627,7.090978,4.256301,-214.207728,3.391107,3.916146,-0.066655,6.263318,0.040563,0.015829
2.505867,15.799081,-395.260980,6.513304,7.103623,3.622712,-214.623952,3.573532,3.584454,-0.067306,6.266308,0.041048,0.016648
2.506399,15.590668,-395.577331,6.578837,6.796634,3.622712,-214.623952,3.573532,3.584454,-0.066042,6.266308,0.041288,0.016648
2.506930,14.671581,-395.694995,6.504677,6.866622,3.912093,-214.587085,3.267496,3.655750,-0.059340,6.264957,0.040132,0.015225
2.507461,14.270554,-395.504110,6.543953,6.910259,4.182125,-214.083791,3.174411,3.514541,-0.055551,6.263653,0.040037,0.014826
2.507992,14.033017,-395.527648,6.519710,6.968884,4.182125,-214.083791,3.174411,3.514541,-0.054238,6.263653,0.039916,0.014826
2.508523,13.412675,-395.692442,6.687042,7.012832,3.540908,-214.512926,3.512885,3.615290,-0.054432,6.266680,0.041635,0.016374
2.509054,12.623733,-395.835910,6.462240,7.061000,3.850585,-214.512913,3.288045,3.688054,-0.048346,6.265237,0.039950,0.015326
2.509585,12.297178,-395.642074,6.597255,7.045966,3.411149,-214.466662,3.599892,3.600448,-0.049007,6.267281,0.041438,0.016783
2.510116,11.882069,-395.900406,6.648001,6.862352,3.540081,-214.530265,3.492014,3.589347,-0.045962,6.266685,0.041362,0.016275
2.510648,11.340762,-395.669983,6.794263,6.837055,3.871945,-213.948492,3.371454,3.801375,-0.041077,6.265090,0.041705,0.015756
2.511179,10.623558,-395.849997,6.462508,7.073183,3.781723,-213.959851,3.440744,3.778847,-0.037597,6.265512,0.040229,0.016079
2.511710,10.151341,-395.701434,6.578404,6.983507,3.795628,-214.532211,3.411616,3.673258,-0.035067,6.265495,0.040882,0.015900
2.512241,9.860041,-395.442903,6.595779,7.019057,3.923734,-214.568012,3.324563,3.696046,-0.032808,6.264901,0.040818,0.015492
2.512772,9.467432,-395.935069,6.588337,6.939525,3.923734,-214.568012,3.324563,3.696046,-0.030557,6.264901,0.040672,0.015492
2.513303,8.657528,-395.713483,6.445407,7.091261,3.878589,-214.609829,3.319452,3.674851,-0.026382,6.265115,0.040021,0.015465
2.513834,8.210644,-395.512723,6.582106,7.097323,3.446488,-214.551032,3.616524,3.595837,-0.026321,6.267123,0.041489,0.016854
2.514366,7.649550,-395.815813,6.506771,7.048243,3.568957,-214.554117,3.582988,3.616777,-0.022508,6.266553,0.040971,0.016697
2.514897,7.016586,-396.049325,6.417800,7.074558,3.491757,-214.620514,3.606386,3.559599,-0.019426,6.266917,0.040570,0.016801
2.515428,6.357177,-395.848606,6.609249,7.077458,3.569572,-214.302676,3.648684,3.578587,-0.015354,6.266530,0.041580,0.017023
2.515959,6.152311,-395.789518,6.578404,6.983507,3.452960,-214.595643,3.626616,3.563264,-0.014896,6.267096,0.041453,0.016898
2.516490,5.732684,-396.034971,6.424380,7.063371,3.898420,-214.477128,3.448988,3.568124,-0.010103,6.265011,0.040160,0.016078
2.517021,5.107523,-396.106142,6.224467,7.061246,3.898420,-214.477128,3.448988,3.568124,-0.006657,6.265011,0.039179,0.016078
2.517552,4.293044,-396.070977,6.597974,7.190334,3.710199,-214.648259,3.514111,3.599035,-0.003213,6.265902,0.041204,0.016369
2.518083,4.232148,-395.782944,6.622659,6.983000,3.704188,-214.591350,3.679869,3.598557,-0.002914,6.265925,0.041814,0.017146
2.518615,3.853722,-396.257143,6.511666,7.007963,3.800473,-214.393382,3.636456,3.706072,-0.000293,6.265461,0.041010,0.016959
2.519146,3.587995,-396.010146,6.541594,6.953011,4.025228,-214.253954,3.739914,3.817583,0.002406,6.264400,0.041458,0.017453
2.519677,2.540331,-396.051814,6.516199,7.054136,3.801463,-214.731368,3.672633,3.530255,0.006955,6.265484,0.041252,0.017101
2.520208,2.293529,-396.115019,6.597974,7.190334,3.971360,-214.498195,3.721819,3.661629,0.009238,6.264673,0.041709,0.017348
2.520739,2.216344,-396.166622,6.554944,7.190263,4.195528,-214.335521,3.702838,3.802787,0.010884,6.263613,0.041402,0.017273
2.521270,1.914736,-396.284635,6.528414,7.024029,4.109223,-214.902298,3.757615,3.718703,0.012098,6.264066,0.041526,0.017482
2.521801,1.389021,-396.119612,6.641488,7.032853,4.719000,-214.245752,3.357466,3.474456,0.018307,6.261163,0.040912,0.015668
2.522332,0.825177,-395.724488,6.385858,6.994532,4.878648,-214.246119,3.462679,3.493914,0.022332,6.260418,0.040020,0.016158
2.522864,0.616777,-395.895786,6.328209,7.056981,5.181129,-214.473843,3.474966,3.644402,0.025153,6.259033,0.039784,0.016198
2.523395,0.153766,-395.921644,6.578404,6.983507,4.965532,-214.242568,3.517166,3.471672,0.026479,6.260012,0.041046,0.016412
2.523926,0.054909,-395.794052,6.592374,6.990497,5.188153,-214.257999,3.435569,3.481609,0.028269,6.258976,0.040935,0.016030
2.524457,-0.152730,-395.842538,6.551180,7.091475,5.188153,-214.257999,3.435569,3.481609,0.029404,6.258976,0.040723,0.016030
2.524988,-0.540357,-396.149158,6.626767,6.989234,5.426258,-214.450422,3.496330,3.621104,0.032826,6.257888,0.041216,0.016299
2.525519,-0.938096,-395.808679,6.464181,7.046679,5.221276,-214.302122,3.579618,3.381851,0.033922,6.258826,0.040689,0.016698
2.526050,-1.249410,-395.800494,6.359038,7.049006,5.381959,-214.492246,3.529162,3.598612,0.036559,6.258099,0.040091,0.016449
2.526581,-1.365901,-395.829726,6.345058,6.968389,5.455578,-214.439970,3.568041,3.603911,0.037589,6.257750,0.040108,0.016634
2.527113,-1.570656,-395.781305,6.514765,6.935471,5.494505,-214.457693,3.547031,3.607565,0.038945,6.257570,0.040882,0.016534
2.527644,-1.608654,-395.540446,6.517568,6.888321,5.579407,-214.440380,3.490074,3.627216,0.039670,6.257173,0.040795,0.016270
2.528175,-1.791072,-395.484072,6.551264,6.854959,5.494505,-214.457693,3.547031,3.607565,0.040224,6.257570,0.041123,0.016534
2.528706,-1.840869,-395.463870,6.589455,6.852125,5.494505,-214.457693,3.547031,3.607565,0.040503,6.257570,0.041312,0.016534
2.529237,-2.160704,-395.710469,6.631108,7.002146,5.455578,-214.439970,3.568041,3.603911,0.041991,6.257750,0.041508,0.016634
2.529768,-2.079633,-395.662085,6.678081,6.999785,5.494505,-214.457693,3.547031,3.607565,0.041775,6.257570,0.041696,0.016534
2.530299,-2.227998,-395.660468,6.671594,6.918988,5.455578,-214.439970,3.568041,3.603911,0.042374,6.257750,0.041714,0.016634
2.530831,-2.271682,-395.772604,6.698192,6.998487,5.494505,-214.457693,3.547031,3.607565,0.042806,6.257570,0.041767,0.016534
2.531362,-2.184053,-395.652145,6.653557,6.931402,5.547991,-214.527760,3.538008,3.575739,0.042663,6.257330,0.041570,0.016487
2.531893,-2.319299,-395.585201,6.714529,6.953326,5.547991,-214.527760,3.538008,3.575739,0.043425,6.257330,0.041881,0.016487
2.532424,-2.316050,-395.669762,6.613348,6.962190,5.547991,-214.527760,3.538008,3.575739,0.043386,6.257330,0.041370,0.016487
2.532955,-2.419128,-395.664678,6.567545,6.973917,5.555625,-214.874342,3.537819,3.567147,0.044082,6.257336,0.041226,0.016459
2.533486,-2.371186,-395.747889,6.683065,6.890548,5.523577,-214.781692,3.555745,3.413390,0.043598,6.257474,0.041793,0.016549
2.534017,-2.200998,-395.766286,6.678861,6.870998,5.614602,-214.810211,3.495127,3.425476,0.043164,6.257054,0.041620,0.016265
2.534548,-2.443831,-395.801162,6.698628,6.828765,5.614602,-214.810211,3.495127,3.425476,0.044495,6.257054,0.041706,0.016265
2.535080,-2.017428,-395.758058,6.653648,6.880763,5.614602,-214.810211,3.495127,3.425476,0.042153,6.257054,0.041500,0.016265
2.535611,-1.971417,-395.842706,6.656101,6.832590,5.523577,-214.781692,3.555745,3.413390,0.041371,6.257474,0.041644,0.016549
2.536142,-1.941125,-395.996144,6.610951,7.006692,5.351584,-214.848559,3.662881,3.393048,0.040237,6.258282,0.041690,0.017043
2.536673,-1.744855,-395.923879,6.493066,7.016593,5.523577,-214.781692,3.555745,3.413390,0.040104,6.257474,0.040839,0.016549
2.537204,-1.658392,-395.685180,6.496715,7.135458,5.555625,-214.874342,3.537819,3.567147,0.039877,6.257336,0.040886,0.016459
2.537735,-0.957291,-395.615025,6.394057,7.102822,6.114109,-215.102099,3.330530,3.618078,0.039154,6.254769,0.039915,0.015478
2.538266,-0.860463,-395.605428,6.402096,7.091011,5.724787,-214.892673,3.593332,3.651379,0.036424,6.256551,0.040604,0.016716
2.538797,-0.030167,-395.644146,6.579151,6.950065,5.724787,-214.892673,3.593332,3.651379,0.031828,6.256551,0.041455,0.016716
2.539329,-0.074354,-395.909561,6.624730,6.853891,5.702257,-214.981269,3.606260,3.589288,0.031917,6.256667,0.041669,0.016769
2.539860,0.247250,-395.425930,6.544976,7.097806,5.702257,-214.981269,3.606260,3.589288,0.030222,6.256667,0.041397,0.016769
2.540391,0.442814,-395.589273,6.448329,7.114728,5.852249,-214.730964,3.282835,3.532747,0.029901,6.255938,0.039994,0.015283
2.540922,0.644434,-395.281277,6.483396,6.990305,5.852249,-214.730964,3.282835,3.532747,0.028836,6.255938,0.040236,0.015283
2.541453,1.658125,-395.744029,6.589738,6.881186,5.789833,-214.651988,3.302553,3.572993,0.022812,6.256219,0.040694,0.015381
2.541984,1.708806,-395.829891,6.585407,7.100518,5.714123,-214.712262,3.260560,3.563143,0.022111,6.256579,0.040564,0.015181
2.542515,2.181785,-395.553619,6.594962,7.038948,5.705024,-214.661361,3.251324,3.601675,0.019475,6.256615,0.040641,0.015142
2.543046,2.684357,-395.501675,6.280486,7.102696,5.714123,-214.712262,3.260560,3.563143,0.016757,6.256579,0.039138,0.015181
2.543578,2.851995,-395.278695,6.304724,7.026855,5.635863,-214.759606,3.215093,3.567283,0.015420,6.256949,0.039201,0.014967
2.544109,3.438578,-395.385894,6.668976,6.962070,5.666442,-214.851027,3.204729,3.624083,0.012340,6.256818,0.040981,0.014912
2.544640,4.037308,-395.636055,6.525838,7.008474,5.634499,-214.707456,3.204498,3.606913,0.008828,6.256949,0.040181,0.014921
2.545171,4.310420,-395.663545,6.553596,7.058990,5.318270,-214.696449,3.439825,3.507113,0.005569,6.258419,0.040899,0.016017
2.545702,5.036996,-395.304855,6.436715,7.005482,5.763291,-214.525178,3.249190,3.683255,0.004018,6.256326,0.039884,0.015142
2.546233,5.699238,-395.590117,6.582927,6.732442,5.666442,-214.851027,3.204729,3.624083,-0.000181,6.256818,0.040509,0.014912
2.546764,6.041165,-395.929606,6.517316,7.121257,5.554938,-214.793442,3.165678,3.582279,-0.002684,6.257329,0.040000,0.014735
2.547296,6.392255,-395.683882,6.498772,7.127408,5.554938,-214.793442,3.165678,3.582279,-0.004629,6.257329,0.039962,0.014735
2.547827,6.588923,-395.334190,6.497102,6.805908,5.509638,-214.803308,3.132461,3.593236,-0.005978,6.257541,0.039953,0.014580
2.548358,7.675517,-395.941238,6.579441,7.027371,5.029778,-214.575125,3.339300,3.548325,-0.014587,6.259749,0.040678,0.015559
2.548889,7.873892,-395.719927,6.508088,6.929772,5.190450,-214.686624,3.360124,3.558616,-0.014822,6.259013,0.040455,0.015647
2.549420,8.389772,-395.649672,6.556935,7.021246,5.636339,-214.300426,3.182639,3.412912,-0.015182,6.256890,0.040187,0.014847
2.549951,8.967510,-395.678569,6.270480,6.959643,5.250671,-214.470275,3.420880,3.667522,-0.020509,6.258708,0.039412,0.015946
2.550482,9.870784,-395.615191,6.544544,6.970467,5.104285,-214.667088,3.374604,3.574580,-0.026336,6.259412,0.040681,0.015716
2.551013,9.990375,-395.793889,6.626981,6.923446,5.104285,-214.667088,3.374604,3.574580,-0.026970,6.259412,0.041045,0.015716
2.551545,10.433907,-395.641993,6.538998,7.153698,5.104285,-214.667088,3.374604,3.574580,-0.029441,6.259412,0.040645,0.015716
2.552076,10.646470,-395.494565,6.504935,7.147439,5.019785,-214.668346,3.426714,3.550994,-0.031106,6.259806,0.040643,0.015959
2.552607,11.801915,-395.765183,6.539635,7.067370,4.639522,-214.853261,3.607512,3.752164,-0.039570,6.261595,0.041256,0.016787
2.553138,12.355723,-395.404169,6.513962,7.154035,4.613702,-214.816320,3.580127,3.794136,-0.042845,6.261711,0.041129,0.016663
2.553669,12.432535,-395.570708,6.544329,7.131191,5.166275,-214.195120,3.392570,3.863582,-0.040041,6.259071,0.040616,0.015835
2.554200,12.880948,-395.731320,6.643740,7.077156,5.013667,-214.612968,3.401633,3.808528,-0.043410,6.259828,0.041178,0.015847
2.554731,13.867899,-395.646775,6.568557,6.909450,5.133959,-214.459144,3.371110,3.696166,-0.048167,6.259251,0.040707,0.015716
2.555262,14.223976,-395.476493,6.547662,7.046953,5.133959,-214.459144,3.371110,3.696166,-0.050174,6.259251,0.040641,0.015716
2.555794,14.412243,-395.392714,6.533165,7.077117,5.210311,-214.217814,3.359906,3.864198,-0.050747,6.258868,0.040508,0.015681
2.556325,14.684033,-395.354817,6.484374,6.983615,5.291803,-214.308757,3.436050,3.775836,-0.051831,6.258498,0.040489,0.016029
2.556856,15.881301,-395.547988,6.620608,6.982933,5.429313,-214.493744,3.409660,3.645404,-0.057664,6.257878,0.041071,0.015892
2.557387,16.133541,-395.484904,6.527365,6.984929,5.253557,-214.897073,3.590491,3.881848,-0.060175,6.258743,0.041189,0.016704
2.557918,16.507789,-395.145180,6.531136,6.959629,5.919672,-214.909151,3.267227,3.643508,-0.058678,6.255647,0.040459,0.015198
2.558449,16.938087,-395.206290,6.588993,6.951197,6.053957,-214.761236,3.339931,3.819708,-0.060245,6.255004,0.040876,0.015548
2.558980,17.660212,-395.311017,6.654071,6.807849,6.313383,-214.321402,3.121395,3.637166,-0.062611,6.253736,0.040538,0.014560
2.559511,17.971261,-395.432166,6.585654,7.044066,6.114902,-214.835350,3.317797,3.785959,-0.065557,6.254730,0.040760,0.015439
2.560043,18.328592,-395.332710,6.582581,7.059523,5.975557,-214.721496,3.251592,3.765487,-0.068289,6.255363,0.040573,0.015139
2.560574,18.591559,-394.982694,6.439069,6.981916,6.232422,-214.281113,3.324037,4.058454,-0.068289,6.254108,0.040031,0.015509
2.561105,19.132145,-395.040710,6.371823,7.149927,6.492020,-214.700346,3.321786,3.799880,-0.069976,6.252957,0.039774,0.015467
2.561636,19.922591,-395.067226,6.550989,6.873041,6.740436,-214.539978,3.607033,3.950870,-0.072891,6.251778,0.041329,0.016806
2.562167,20.275972,-394.858358,6.496544,6.927740,7.135887,-214.566135,3.383602,3.820555,-0.072754,6.249940,0.040538,0.015763
2.562698,20.452679,-394.575222,6.533000,7.007235,7.284464,-213.953532,3.506674,3.704390,-0.072776,6.249152,0.040957,0.016381
2.563229,20.773649,-395.573043,6.485027,6.961272,8.216368,-213.884081,3.285969,3.650361,-0.069004,6.244789,0.039934,0.015355
2.563761,21.231651,-395.359837,6.778431,6.964992,7.260378,-214.654671,3.765099,3.456350,-0.077162,6.249375,0.042782,0.017529
2.564292,21.771753,-394.402598,6.578626,7.087746,7.164500,-213.873973,3.788418,3.292881,-0.080738,6.249699,0.041923,0.017701
2.564823,21.722009,-395.116594,6.515349,7.153077,7.857568,-214.785852,3.287953,3.683894,-0.076732,6.246618,0.040376,0.015300
2.565354,21.968521,-394.206705,6.594492,6.754788,8.635064,-213.085664,3.275960,3.704408,-0.073484,6.242684,0.040555,0.015365
2.565885,22.233539,-393.998378,6.570729,6.940094,8.681597,-212.506171,3.217274,3.492871,-0.074531,6.242355,0.040213,0.015129
2.566416,22.579029,-394.543414,6.520426,6.964531,8.831448,-212.766332,3.361328,3.579279,-0.075485,6.241701,0.040257,0.015786
2.566947,22.960562,-393.977100,6.611993,6.971119,9.160107,-212.190567,3.282448,3.420324,-0.075770,6.240043,0.040504,0.015456
2.567478,22.694852,-393.461356,6.492220,6.920759,8.228335,-212.119704,3.382296,3.428945,-0.079606,6.244414,0.040255,0.015934
2.568010,23.027278,-393.618530,6.597590,7.017260,8.421279,-211.686828,3.466869,2.792932,-0.080111,6.243424,0.040838,0.016360
2.568541,23.301255,-393.105130,6.473979,6.964725,9.186606,-211.055197,3.229360,3.039398,-0.077377,6.239686,0.039634,0.015285
2.569072,23.356384,-393.441682,6.500957,6.985045,9.200533,-212.197662,3.246638,3.558848,-0.077946,6.239854,0.039991,0.015289
2.569603,23.436847,-393.012839,6.521872,6.987544,8.977337,-212.103256,3.312914,3.914424,-0.079757,6.240885,0.040332,0.015611
2.570134,23.817555,-393.523715,6.410831,6.950486,9.727689,-211.601967,3.411035,3.496599,-0.077296,6.237246,0.039816,0.016104
2.570665,23.766048,-392.786775,6.495741,6.957695,9.596377,-211.090334,3.319950,3.293389,-0.077828,6.237756,0.040041,0.015711
2.571196,24.414179,-393.249916,6.585755,6.753976,10.043405,-211.848116,3.309935,3.173185,-0.079056,6.235812,0.040508,0.015605
2.571727,24.586068,-392.463054,6.686388,6.778103,10.109152,-210.291905,3.403996,2.514853,-0.079302,6.235150,0.041048,0.016160
2.572259,24.789453,-393.192835,6.555916,6.910352,10.592956,-210.759298,3.544985,2.863326,-0.077661,6.232967,0.040731,0.016792
2.572790,24.936573,-392.793435,6.480250,6.863515,10.647966,-211.043259,3.589028,3.205710,-0.078455,6.232774,0.040638,0.016980
2.573321,25.140282,-393.384443,6.427335,7.185171,11.022306,-211.802158,3.306446,3.266360,-0.077594,6.231192,0.039709,0.015589
2.573852,24.995058,-392.826432,6.595729,6.918958,11.621171,-211.104858,3.238457,3.401980,-0.073463,6.228192,0.040337,0.015320
2.574383,25.264922,-393.310865,6.571267,7.134691,11.844565,-211.587959,3.297466,3.358071,-0.073717,6.227264,0.040365,0.015561
2.574914,25.420566,-392.753117,6.528278,7.111279,11.662862,-210.576851,3.257600,2.698901,-0.075376,6.227857,0.039945,0.015439
2.575445,25.484469,-393.410663,6.361698,7.259046,11.966537,-212.009237,3.305904,3.540561,-0.074382,6.226802,0.039442,0.015572
2.575976,26.566217,-393.759620,6.468243,7.110362,13.697601,-212.082518,2.880506,3.230190,-0.070714,6.218689,0.038897,0.013561
2.576508,26.580325,-393.080065,6.458960,6.933866,14.041226,-211.259937,3.036277,2.975469,-0.068855,6.216819,0.039171,0.014339
2.577039,27.211861,-393.713424,6.758061,7.002877,14.049969,-212.102054,3.224715,3.159501,-0.072346,6.217040,0.041129,0.015169
2.577570,27.353197,-393.798414,6.346358,7.002297,14.411519,-212.147347,3.264887,3.572966,-0.071125,6.215358,0.039211,0.015361
2.578101,27.544639,-394.103985,6.642623,7.020080,14.574862,-212.488321,3.218745,3.254348,-0.071292,6.214701,0.040550,0.015113
2.578632,27.167130,-394.363426,6.216260,7.139396,14.748934,-213.072749,3.246632,3.351253,-0.068392,6.214075,0.038617,0.015203
2.579163,27.535696,-394.485902,6.401285,7.046543,14.728528,-213.374387,3.273620,3.497508,-0.070597,6.214268,0.039619,0.015311
2.579694,27.254739,-394.986999,6.450480,6.933177,15.558287,-213.151231,3.396571,3.430133,-0.064236,6.210323,0.040019,0.015894
2.580226,27.606436,-395.000906,6.565404,7.077490,15.488039,-213.704279,3.412585,3.146897,-0.066744,6.210838,0.040731,0.015921
2.580757,27.734707,-395.640358,6.622100,6.931854,15.424993,-213.980125,3.496459,2.971984,-0.067659,6.211224,0.041130,0.016286
2.581288,27.188958,-395.336753,6.238180,7.027449,15.956816,-213.630450,3.271186,2.866725,-0.061736,6.208630,0.038703,0.015260
2.581819,27.443982,-394.672233,6.459178,7.086104,15.886749,-213.459077,3.254582,3.237198,-0.063691,6.208897,0.039845,0.015204
2.582350,27.399679,-395.659036,6.594713,7.074404,15.785520,-214.346084,3.725934,3.212273,-0.063968,6.209673,0.041695,0.017324
2.582881,27.677200,-395.521187,6.538151,7.193344,16.457294,-214.303271,3.251954,3.305830,-0.061835,6.206541,0.040232,0.015131
2.583412,27.748911,-395.932117,6.531629,7.233727,16.578998,-214.424517,3.262806,3.427622,-0.061462,6.206020,0.040165,0.015176
2.583943,27.812775,-395.087624,6.506006,7.160120,16.718644,-213.293510,3.261878,3.543375,-0.060950,6.204962,0.039975,0.015255
2.584475,27.960792,-395.598114,6.608557,6.942656,17.145946,-213.322763,3.425309,3.521241,-0.059263,6.202982,0.040772,0.016008
2.585006,27.705657,-394.565671,6.530351,6.951973,17.042538,-212.389771,3.371619,3.577283,-0.058465,6.203115,0.040282,0.015830
2.585537,27.843367,-395.024370,6.613361,7.008186,17.241992,-213.218383,3.462836,3.103265,-0.058246,6.202495,0.040995,0.016178
2.586068,27.781212,-394.685624,6.583894,6.763605,17.615410,-212.872097,3.353984,3.348914,-0.055855,6.200622,0.040580,0.015702
2.586599,27.714481,-393.949656,6.515185,6.950527,17.516831,-211.945653,3.514079,3.291857,-0.055971,6.200725,0.040613,0.016517
2.587130,27.257007,-394.454511,6.263219,6.939226,17.830111,-212.474304,3.338502,2.764884,-0.051756,6.199465,0.038954,0.015640
2.587661,27.688333,-393.868890,6.613045,6.952050,17.844558,-212.646003,3.657625,3.339120,-0.054265,6.199465,0.041642,0.017130
2.588192,27.702179,-393.508315,6.386562,7.088612,18.326928,-211.571241,3.111957,3.195560,-0.051485,6.196778,0.039007,0.014657
2.588724,27.937657,-394.503260,6.586913,7.006698,18.396640,-211.637091,3.191922,3.029746,-0.052128,6.196478,0.039977,0.015020
2.589255,27.852714,-393.651983,6.629363,6.945033,18.673177,-211.591350,3.240344,3.298403,-0.050378,6.195162,0.040483,0.015257
2.589786,27.732768,-393.892410,6.641684,7.088540,18.622937,-212.032319,3.186297,3.088717,-0.050051,6.195579,0.040461,0.014966
2.590317,27.846934,-393.255281,6.553110,7.002769,18.869671,-211.179761,3.164334,3.368451,-0.049265,6.194068,0.039926,0.014932
2.590848,27.977719,-393.567689,6.554519,6.859153,18.619540,-211.458064,3.214916,3.256649,-0.051342,6.195359,0.040040,0.015146
2.591379,27.863759,-393.954064,6.608030,7.008135,18.803636,-211.657892,3.199099,3.336441,-0.049659,6.194578,0.040230,0.015060
2.591910,27.969993,-394.270095,6.575718,7.091632,18.505097,-212.177733,3.192988,3.348641,-0.051932,6.196190,0.040098,0.014997
2.592441,27.756952,-393.287668,6.476227,7.065326,18.398643,-211.213450,3.241744,3.334905,-0.051353,6.196295,0.039733,0.015294
2.592973,27.778973,-394.287426,6.476227,7.065326,18.865823,-212.336495,3.273846,3.419595,-0.048947,6.194569,0.039843,0.015363
2.593504,27.719436,-393.952966,6.358869,7.015527,18.534471,-212.380960,3.262806,3.427622,-0.050543,6.196136,0.039322,0.015311
2.594035,27.693540,-393.651946,6.514907,7.135387,18.618057,-212.349158,3.213269,3.443492,-0.050015,6.195732,0.040026,0.015083
2.594566,27.737443,-393.761165,6.383195,7.218385,18.534471,-212.380960,3.262806,3.427622,-0.050695,6.196136,0.039485,0.015311
2.595097,27.827014,-393.849445,6.474506,7.332292,18.786369,-212.078407,3.200014,3.332457,-0.049695,6.194834,0.039695,0.015035
2.595628,27.798002,-393.962841,6.432496,7.182331,18.458705,-212.314656,3.298691,3.449207,-0.051369,6.196463,0.039755,0.015484
2.596159,27.636474,-393.754501,6.456272,7.095081,18.803305,-212.375854,3.234740,3.497842,-0.048662,6.194878,0.039776,0.015182
2.596691,27.916446,-393.737248,6.589472,7.142632,18.441959,-211.725156,3.286440,3.332246,-0.052007,6.196301,0.040410,0.015465
2.597222,27.572807,-393.956508,6.419031,7.079992,17.945993,-212.074627,3.589248,3.307797,-0.052880,6.198765,0.040386,0.016855
2.597753,27.539248,-393.607887,6.669820,6.926813,18.156709,-212.775738,3.174411,3.514541,-0.051839,6.198059,0.040799,0.014877
2.598284,27.562942,-393.518626,6.523512,7.087902,18.530719,-212.295204,3.162523,3.391110,-0.049799,6.196118,0.039963,0.014849
2.598815,27.519950,-393.491321,6.496749,7.084523,18.363798,-212.039570,3.139936,3.140310,-0.050418,6.196795,0.039724,0.014753
2.599346,27.491762,-393.292197,6.500258,7.116069,18.230358,-212.318738,3.248951,3.263937,-0.051131,6.197532,0.040111,0.015247
2.599877,27.458310,-393.109066,6.479666,7.142565,17.610203,-212.087017,3.426790,3.409708,-0.054349,6.200342,0.040442,0.016102
2.600408,27.508193,-393.192412,6.483055,7.186227,17.295148,-211.771180,3.524655,3.664906,-0.056235,6.201697,0.040623,0.016593
2.600940,27.413165,-393.187204,6.481024,7.174805,16.765995,-212.305630,3.852506,3.332243,-0.058795,6.204378,0.041618,0.018076
2.601471,27.404238,-393.491211,6.795111,7.195723,17.394791,-211.759126,3.648246,3.133452,-0.055022,6.201225,0.042377,0.017155
2.602002,27.345189,-393.747231,6.491476,7.196824,17.348710,-211.576068,3.540611,3.202374,-0.054819,6.201371,0.040537,0.016668
2.602533,27.529571,-394.162980,6.453326,7.200060,17.244727,-211.521536,3.606390,3.282317,-0.056252,6.201838,0.040422,0.016984
2.603064,27.184657,-393.951314,6.229161,6.863146,16.885065,-211.917985,3.256850,3.457172,-0.056521,6.203676,0.038565,0.015326
2.603595,27.434887,-393.941998,6.432217,6.990831,16.885358,-212.164192,3.172666,3.312005,-0.057970,6.203766,0.039400,0.014911
2.604126,27.153356,-393.738095,6.145137,7.165158,16.701023,-211.836922,3.207800,3.472995,-0.057398,6.204509,0.038066,0.015104
2.604657,27.472753,-394.006559,6.358364,7.006222,16.496042,-211.487355,3.259523,3.185318,-0.060068,6.205343,0.039088,0.015364
2.605189,26.991295,-394.169973,6.166643,6.958479,16.097477,-212.405794,3.179320,3.281732,-0.059862,6.207543,0.038118,0.014928
2.605720,26.891540,-393.950191,6.404869,7.081640,15.881298,-211.860367,3.369431,2.985979,-0.060392,6.208364,0.039681,0.015850
2.606251,27.014343,-394.081408,6.267559,7.039600,15.535221,-211.804093,3.539880,2.940805,-0.062893,6.209969,0.039422,0.016654
2.606782,26.598094,-394.073207,6.552947,6.830747,15.507590,-211.638307,3.591829,3.071081,-0.060717,6.210042,0.040886,0.016914
2.607313,26.308803,-393.883762,6.652971,6.763977,15.115637,-212.033053,3.259076,3.419758,-0.061474,6.212017,0.040665,0.015336
2.607844,25.309861,-393.281203,6.619267,7.019934,13.965824,-210.963625,3.372898,3.295374,-0.062141,6.217082,0.040676,0.015952
2.608375,26.166773,-393.240480,6.689703,6.937634,15.078234,-211.103730,3.320650,3.186962,-0.060805,6.211881,0.040933,0.015687
2.608906,26.150780,-393.254795,6.649227,7.081445,14.888223,-211.011340,3.212124,3.186504,-0.061721,6.212746,0.040451,0.015184
2.609438,26.153591,-393.346367,6.670900,7.023474,14.458366,-210.994276,3.186301,2.823217,-0.064048,6.214767,0.040462,0.015058
2.609969,26.199626,-393.447567,6.603266,7.056127,13.620902,-212.005146,3.267932,3.257752,-0.069216,6.219026,0.040520,0.015382
2.610500,26.103578,-393.415294,6.675751,7.044502,14.262080,-211.135996,3.184303,2.854863,-0.064872,6.215739,0.040496,0.015041
2.611031,25.917235,-393.642641,6.608557,6.942656,13.675556,-211.263486,3.525887,2.819616,-0.067022,6.218543,0.040978,0.016642
2.611562,24.917478,-393.664662,6.608557,6.942656,12.370069,-211.121266,3.600160,2.816972,-0.068629,6.224660,0.041128,0.017012
2.612093,24.798031,-393.582254,6.547023,6.931145,12.587118,-210.827372,3.468482,3.158225,-0.066717,6.223553,0.040456,0.016418
2.612624,24.479707,-393.610767,6.385617,7.053945,12.391094,-211.233427,3.508102,3.047073,-0.066187,6.224592,0.039871,0.016572
2.613156,24.542605,-393.555147,6.365430,7.051516,12.048566,-211.423795,3.539642,2.766883,-0.068492,6.226259,0.039904,0.016704
2.613687,24.972095,-394.141022,6.282330,7.270671,13.211097,-211.993735,3.510078,2.944013,-0.064479,6.220947,0.039442,0.016516
2.614218,24.430086,-394.198073,6.429133,7.190751,12.653883,-211.790617,3.354809,2.817264,-0.064470,6.223509,0.039684,0.015804
2.614749,24.205198,-393.961887,6.566863,7.144567,12.432024,-212.054466,3.161322,2.831596,-0.064631,6.224626,0.039991,0.014877
2.615280,24.099301,-394.499548,6.550059,6.858733,12.055116,-212.149455,3.169462,3.003943,-0.065954,6.226423,0.039823,0.014913
2.615811,24.233963,-394.420806,6.548386,6.877957,11.465807,-212.369765,3.484155,3.060183,-0.070020,6.229248,0.040648,0.016377
2.616342,23.811739,-394.388934,6.585287,6.753494,12.074903,-212.174888,3.111968,2.954594,-0.064323,6.226336,0.039892,0.014641
2.616873,23.572268,-394.566190,6.406783,6.899973,11.284004,-212.005045,3.558108,2.889928,-0.067209,6.230010,0.040056,0.016751
2.617405,23.246773,-394.485373,6.217682,7.103542,11.140723,-212.127050,3.527420,2.834896,-0.066289,6.230714,0.039127,0.016598
2.617936,23.110004,-394.612446,6.196839,7.089219,10.667896,-211.649497,3.267253,2.662476,-0.067899,6.232824,0.038215,0.015411
2.618467,22.464125,-393.922121,6.512598,7.015036,11.352580,-211.799991,3.479447,3.176057,-0.060936,6.229636,0.040474,0.016401
2.618998,22.286133,-393.976622,6.519301,7.161335,10.407519,-211.953599,3.210322,2.499323,-0.065166,6.234122,0.039846,0.015121
2.619529,22.205683,-394.005930,6.566863,7.144567,10.816110,-211.799642,3.271629,2.848563,-0.062428,6.232162,0.040195,0.015422
2.620060,22.132642,-393.943631,6.533644,7.128817,9.955180,-212.209121,3.625623,2.547402,-0.066907,6.236308,0.041026,0.017057
2.620591,21.998049,-393.933364,6.583196,7.105111,10.407519,-211.953599,3.210322,2.499323,-0.063605,6.234122,0.040171,0.015121
2.621122,21.794498,-394.235021,6.495777,7.188704,10.325275,-211.873165,3.229740,2.540508,-0.062810,6.234491,0.039710,0.015219
2.621654,21.065917,-394.041042,6.163946,7.107250,9.632085,-212.217478,3.672334,2.887752,-0.062802,6.237829,0.039395,0.017280
2.622185,20.659306,-394.166129,6.503041,6.964392,9.602325,-212.199795,3.451980,2.976410,-0.060689,6.237965,0.040390,0.016247
2.622716,20.370366,-394.331623,6.566667,6.977336,9.470391,-212.092678,3.481667,2.958219,-0.059740,6.238563,0.040715,0.016395
2.623247,20.209825,-394.546321,6.575412,7.009782,9.239779,-212.134319,3.570274,2.853069,-0.060066,6.239657,0.040946,0.016809
2.623778,20.026344,-394.301878,6.620108,6.872896,8.974311,-211.790564,3.334594,2.894940,-0.060481,6.240837,0.040541,0.015727
2.624309,19.169724,-394.621491,6.586125,6.835539,8.408004,-211.997641,3.210322,2.499323,-0.058860,6.243545,0.040050,0.015127
2.624840,18.686681,-394.380294,6.410384,6.893222,8.497090,-211.966339,3.135733,2.799569,-0.055802,6.243120,0.039065,0.014779
2.625371,18.273702,-394.510190,6.597255,7.045966,8.413656,-212.002036,3.270528,2.938737,-0.053973,6.243519,0.040291,0.015412
2.625903,18.021916,-394.765797,6.654811,6.944593,8.461822,-212.940853,3.198082,3.546816,-0.052530,6.243468,0.040557,0.015010
2.626434,17.941196,-394.818567,6.608557,6.942656,8.157095,-213.045161,3.185276,3.481538,-0.053774,6.244916,0.040307,0.014942
2.626965,17.412594,-394.636374,6.327134,7.074556,8.047911,-212.275643,3.198837,3.023637,-0.051307,6.245291,0.038836,0.015057
2.627496,16.763542,-394.575230,6.437163,6.953944,7.916120,-212.791365,3.117294,3.342590,-0.048632,6.246001,0.039306,0.014641
2.628027,16.727818,-394.897158,6.467653,7.147257,7.654951,-212.321731,3.466124,2.961789,-0.049653,6.247147,0.040147,0.016311
2.628558,16.372740,-394.586383,6.519910,7.058087,7.724509,-212.335196,3.427901,2.980453,-0.047417,6.246822,0.040376,0.016131
2.629089,16.194078,-394.244357,6.548989,7.229658,7.709928,-212.477611,3.486983,3.061195,-0.046642,6.246915,0.040779,0.016398
2.629621,15.752210,-394.458898,6.494213,7.133475,7.552238,-212.276641,3.559667,2.880358,-0.044979,6.247623,0.040613,0.016755
2.630152,14.831634,-394.262004,6.396709,6.976306,7.466352,-212.193465,3.615909,2.923748,-0.040431,6.248013,0.040327,0.017026
2.630683,14.447672,-394.310190,6.446367,7.104777,7.361111,-212.460177,3.508090,3.109294,-0.038950,6.248552,0.040331,0.016500
2.631214,14.202978,-394.485458,6.563449,7.180669,7.348470,-212.351036,3.296412,3.009462,-0.037617,6.248594,0.040301,0.015513
2.631745,14.113712,-394.319763,6.548717,7.082883,7.592018,-212.568940,3.439000,3.073566,-0.035867,6.247485,0.040674,0.016166
2.632276,13.727913,-394.261763,6.519365,7.077385,7.080696,-211.733150,3.124167,3.133988,-0.036401,6.249756,0.039584,0.014747
2.632807,12.824198,-394.012646,6.630060,6.880121,7.586209,-212.654558,3.427216,3.044910,-0.028874,6.247527,0.041136,0.016104
2.633338,12.405156,-393.965892,6.480152,6.978305,7.298739,-212.567524,3.577430,3.087078,-0.028143,6.248863,0.040790,0.016817
2.633870,12.122843,-395.466876,6.575558,6.923033,7.359035,-213.065419,3.501838,2.925869,-0.026111,6.248660,0.040830,0.016423
2.634401,12.222824,-395.317849,6.600320,7.010064,7.260336,-213.089644,3.538435,2.901540,-0.027226,6.249127,0.041082,0.016593
2.634932,11.559409,-395.783255,6.442863,6.849814,7.281652,-213.137316,3.530589,2.935066,-0.023417,6.249034,0.040214,0.016552
2.635463,10.999948,-395.683891,6.305522,7.046690,6.811840,-213.027673,3.212393,2.999310,-0.022925,6.251220,0.038735,0.015071
2.635994,10.850997,-395.491913,6.321203,7.057538,6.662514,-212.753089,3.344743,2.892089,-0.022917,6.251880,0.039127,0.015712
2.636525,10.261725,-395.448658,6.553799,7.102681,5.983416,-213.216923,3.655208,3.046686,-0.023473,6.255130,0.041169,0.017134
