# time (s), x1 (pixels), y1 (pixels), x1 error (pixels), y1 error (pixels), x2 (pixels), y2 (pixels), x2 error (pixels), y2 error (pixels), angle1 (the smaller arm) (rad), angle2 (the larger arm) (rad), angle1 error (rad), angle2 error (rad)
0.000000,-132.691170,78.381368,3.175063,2.211384,-0.676564,-59.694175,3.579705,1.943192,2.378631,0.011333,0.021004,0.059961
0.000521,-132.629693,77.945502,3.323122,2.404963,-0.676564,-59.694175,3.579705,1.943192,2.377284,0.011333,0.021630,0.059961
0.001042,-133.309949,78.045730,3.424098,2.297141,-0.676564,-59.694175,3.579705,1.943192,2.375079,0.011333,0.021618,0.059961
0.001564,-133.395524,78.155400,3.445091,2.247154,-0.676564,-59.694175,3.579705,1.943192,2.375155,0.011333,0.021582,0.059961
0.002085,-133.559131,78.218199,3.471985,2.375386,-0.676564,-59.694175,3.579705,1.943192,2.374767,0.011333,0.021800,0.059961
0.002606,-133.883774,78.935642,2.971437,2.672982,-0.676564,-59.694175,3.579705,1.943192,2.376140,0.011333,0.021126,0.059961
0.003127,-133.650191,78.571912,3.460009,2.606417,-0.676564,-59.694175,3.579705,1.943192,2.375704,0.011333,0.022089,0.059961
0.003649,-133.965338,79.143527,2.856862,2.487246,-0.676564,-59.694175,3.579705,1.943192,2.376583,0.011333,0.020583,0.059961
0.004170,-133.691194,77.713369,3.456367,2.664947,-0.676564,-59.694175,3.579705,1.943192,2.372438,0.011333,0.022212,0.059961
0.004691,-132.978094,77.922247,3.054565,2.672826,-0.676564,-59.694175,3.579705,1.943192,2.375883,0.011333,0.021441,0.059961
0.005212,-133.730586,77.802993,3.430768,2.636276,-0.676564,-59.694175,3.579705,1.943192,2.372616,0.011333,0.022102,0.059961
0.005734,-133.745778,78.055150,3.436664,2.563913,-0.676564,-59.694175,3.579705,1.943192,2.373474,0.011333,0.021987,0.059961
0.006255,-133.751605,77.328619,3.578960,2.579871,-0.676564,-59.694175,3.579705,1.943192,2.370809,0.011333,0.022365,0.059961
0.006776,-133.533048,77.701579,3.419763,2.400602,-0.676564,-59.694175,3.579705,1.943192,2.372989,0.011333,0.021747,0.059961
0.007297,-133.477067,77.994001,3.604304,2.820393,-0.676564,-59.694175,3.579705,1.943192,2.374262,0.011333,0.022800,0.059961
0.007818,-133.466390,77.168675,3.559226,2.737999,-0.676564,-59.694175,3.579705,1.943192,2.371298,0.011333,0.022611,0.059961
0.008340,-133.293186,77.614688,3.534222,2.488810,-0.676564,-59.694175,3.579705,1.943192,2.373576,0.011333,0.022166,0.059961
0.008861,-133.159587,76.083489,3.573311,3.332276,-0.676564,-59.694175,3.579705,1.943192,2.368475,0.011333,0.023787,0.059961
0.009382,-133.176474,77.767261,3.546534,2.422859,-0.676564,-59.694175,3.579705,1.943192,2.374571,0.011333,0.022103,0.059961
0.009903,-132.539910,77.932246,3.114986,2.447646,-0.676564,-59.694175,3.579705,1.943192,2.377576,0.011333,0.021256,0.059961
0.010425,-133.225324,77.691895,3.688081,2.463815,-0.676564,-59.694175,3.579705,1.943192,2.374113,0.011333,0.022487,0.059961
0.010946,-132.418045,76.191372,3.068194,3.690998,-0.676564,-59.694175,3.579705,1.943192,2.371678,0.011333,0.023563,0.059961
0.011467,-132.553115,77.882374,3.101840,2.480454,-0.676564,-59.694175,3.579705,1.943192,2.377345,0.011333,0.021280,0.059961
0.011988,-132.548875,77.982750,3.130474,2.412581,-0.676564,-59.694175,3.579705,1.943192,2.377726,0.011333,0.021233,0.059961
0.012510,-132.555166,77.833823,3.086041,2.511079,-0.676564,-59.694175,3.579705,1.943192,2.377161,0.011333,0.021297,0.059961
0.013031,-132.446117,78.016600,3.187330,2.397464,-0.676564,-59.694175,3.579705,1.943192,2.378238,0.011333,0.021341,0.059961
0.013552,-132.959706,77.990972,2.837747,2.250206,-0.676564,-59.694175,3.579705,1.943192,2.376202,0.011333,0.020348,0.059961
0.014073,-132.756447,78.225487,2.886154,2.630739,-0.676564,-59.694175,3.579705,1.943192,2.377820,0.011333,0.021042,0.059961
0.014594,-132.481997,78.050328,3.113850,2.353786,-0.676564,-59.694175,3.579705,1.943192,2.378224,0.011333,0.021114,0.059961
0.015116,-132.712205,78.152382,3.025217,2.319465,-0.676564,-59.694175,3.579705,1.943192,2.377722,0.011333,0.020848,0.059961
0.015637,-132.457231,77.981083,3.088552,2.371238,-0.676564,-59.694175,3.579705,1.943192,2.378067,0.011333,0.021093,0.059961
0.016158,-132.457231,77.981083,3.088552,2.371238,-0.676564,-59.694175,3.579705,1.943192,2.378067,0.011333,0.021093,0.059961
0.016679,-132.371608,77.892174,3.124591,2.463921,-0.676564,-59.694175,3.579705,1.943192,2.378069,0.011333,0.021322,0.059961
0.017201,-132.488629,77.949726,3.137069,2.440091,-0.676564,-59.694175,3.579705,1.943192,2.377834,0.011333,0.021296,0.059961
0.017722,-132.378422,77.896546,3.082684,2.435988,-0.676564,-59.694175,3.579705,1.943192,2.378059,0.011333,0.021190,0.059961
0.018243,-132.428583,77.923552,3.101866,2.438044,-0.676564,-59.694175,3.579705,1.943192,2.377967,0.011333,0.021227,0.059961
0.018764,-132.482677,77.855694,3.063974,2.478056,-0.676564,-59.694175,3.579705,1.943192,2.377515,0.011333,0.021206,0.059961
0.019286,-132.457231,77.981083,3.088552,2.371238,-0.676564,-59.694175,3.579705,1.943192,2.378067,0.011333,0.021093,0.059961
0.019807,-132.457231,77.981083,3.088552,2.371238,-0.676564,-59.694175,3.579705,1.943192,2.378067,0.011333,0.021093,0.059961
0.020328,-131.538694,75.509437,3.350886,3.800478,-0.676564,-59.694175,3.579705,1.943192,2.372510,0.011333,0.024485,0.059961
0.020849,-132.308863,77.828431,3.059124,2.406175,-0.676564,-59.694175,3.579705,1.943192,2.378075,0.011333,0.021107,0.059961
0.021370,-131.705606,77.300229,3.387200,2.750384,-0.676564,-59.694175,3.579705,1.943192,2.378448,0.011333,0.022444,0.059961
0.021892,-131.774632,77.873924,3.487618,2.355291,-0.676564,-59.694175,3.579705,1.943192,2.380272,0.011333,0.022031,0.059961
0.022413,-131.774632,77.873924,3.487618,2.355291,-0.676564,-59.694175,3.579705,1.943192,2.380272,0.011333,0.022031,0.059961
0.022934,-132.586588,78.184886,3.100966,2.302669,-0.676564,-59.694175,3.579705,1.943192,2.378316,0.011333,0.020995,0.059961
0.023455,-132.900453,78.413412,3.070887,2.233170,-0.676564,-59.694175,3.579705,1.943192,2.377956,0.011333,0.020788,0.059961
0.023977,-132.648288,78.209542,3.135065,2.303241,-0.676564,-59.694175,3.579705,1.943192,2.378171,0.011333,0.021060,0.059961
0.024498,-132.792344,78.325854,3.180487,2.358881,-0.676564,-59.694175,3.579705,1.943192,2.378048,0.011333,0.021216,0.059961
0.025019,-132.988197,77.260070,3.087254,2.365724,-0.676564,-59.694175,3.579705,1.943192,2.373435,0.011333,0.021059,0.059961
0.025540,-132.561649,76.987449,3.196873,2.554430,-0.676564,-59.694175,3.579705,1.943192,2.374052,0.011333,0.021641,0.059961
0.026062,-132.601674,77.254926,3.143351,2.278218,-0.676564,-59.694175,3.579705,1.943192,2.374878,0.011333,0.021093,0.059961
0.026583,-132.318199,77.395827,3.105811,2.761734,-0.676564,-59.694175,3.579705,1.943192,2.376466,0.011333,0.021793,0.059961
0.027104,-132.626554,77.209779,3.135065,2.303241,-0.676564,-59.694175,3.579705,1.943192,2.374619,0.011333,0.021110,0.059961
0.027625,-132.701043,77.292481,3.141391,2.347088,-0.676564,-59.694175,3.579705,1.943192,2.374638,0.011333,0.021176,0.059961
0.028146,-132.711367,77.343585,3.141167,2.559635,-0.676564,-59.694175,3.579705,1.943192,2.374786,0.011333,0.021497,0.059961
0.028668,-132.835371,78.146245,3.226200,2.842410,-0.676564,-59.694175,3.579705,1.943192,2.377234,0.011333,0.022080,0.059961
0.029189,-132.946577,78.234590,3.063264,2.489644,-0.676564,-59.694175,3.579705,1.943192,2.377134,0.011333,0.021154,0.059961
0.029710,-132.779887,78.136397,3.152337,2.517886,-0.676564,-59.694175,3.579705,1.943192,2.377409,0.011333,0.021406,0.059961
0.030231,-132.806513,77.926450,3.172456,2.448895,-0.676564,-59.694175,3.579705,1.943192,2.376546,0.011333,0.021351,0.059961
0.030753,-132.918914,78.390017,3.103849,2.380094,-0.676564,-59.694175,3.579705,1.943192,2.377801,0.011333,0.021068,0.059961
0.031274,-133.063761,78.060942,3.067190,2.406592,-0.676564,-59.694175,3.579705,1.943192,2.376063,0.011333,0.021032,0.059961
0.031795,-132.773878,78.178012,3.059339,2.320162,-0.676564,-59.694175,3.579705,1.943192,2.377582,0.011333,0.020913,0.059961
0.032316,-133.063761,78.060942,3.067190,2.406592,-0.676564,-59.694175,3.579705,1.943192,2.376063,0.011333,0.021032,0.059961
0.032837,-133.039000,78.217584,3.111170,2.296499,-0.676564,-59.694175,3.579705,1.943192,2.376724,0.011333,0.020957,0.059961
0.033359,-132.855519,78.111992,3.208951,2.335565,-0.676564,-59.694175,3.579705,1.943192,2.377034,0.011333,0.021247,0.059961
0.033880,-132.940744,78.438183,3.096947,2.183965,-0.676564,-59.694175,3.579705,1.943192,2.377893,0.011333,0.020769,0.059961
0.034401,-133.039000,78.217584,3.111170,2.296499,-0.676564,-59.694175,3.579705,1.943192,2.376724,0.011333,0.020957,0.059961
0.034922,-132.719038,77.781912,3.132983,2.320120,-0.676564,-59.694175,3.579705,1.943192,2.376352,0.011333,0.021093,0.059961
0.035444,-132.546671,78.243283,3.115924,2.490788,-0.676564,-59.694175,3.579705,1.943192,2.378678,0.011333,0.021308,0.059961
0.035965,-132.713776,78.224654,3.166942,2.297711,-0.676564,-59.694175,3.579705,1.943192,2.377978,0.011333,0.021113,0.059961
0.036486,-133.039000,78.217584,3.111170,2.296499,-0.676564,-59.694175,3.579705,1.943192,2.376724,0.011333,0.020957,0.059961
0.037007,-133.039000,78.217584,3.111170,2.296499,-0.676564,-59.694175,3.579705,1.943192,2.376724,0.011333,0.020957,0.059961
0.037529,-133.017958,78.117310,3.200268,2.546147,-0.676564,-59.694175,3.579705,1.943192,2.376440,0.011333,0.021526,0.059961
0.038050,-132.551109,78.100176,3.071052,2.937983,-0.676564,-59.694175,3.579705,1.943192,2.378143,0.011333,0.021960,0.059961
0.038571,-132.551109,78.100176,3.071052,2.937983,-0.676564,-59.694175,3.579705,1.943192,2.378143,0.011333,0.021960,0.059961
0.039092,-132.507392,78.113473,3.090778,2.927784,-0.676564,-59.694175,3.579705,1.943192,2.378357,0.011333,0.021985,0.059961
0.039613,-132.455228,78.126725,3.124889,2.918003,-0.676564,-59.694175,3.579705,1.943192,2.378603,0.011333,0.022042,0.059961
0.040135,-132.455228,78.126725,3.124889,2.918003,-0.676564,-59.694175,3.579705,1.943192,2.378603,0.011333,0.022042,0.059961
0.040656,-131.724750,77.922456,3.540213,2.941451,-0.676564,-59.694175,3.579705,1.943192,2.380638,0.011333,0.023060,0.059961
0.041177,-132.617041,77.799427,3.112184,2.740756,-0.676564,-59.694175,3.579705,1.943192,2.376802,0.011333,0.021716,0.059961
0.041698,-132.723421,77.788246,3.115555,2.695278,-0.676564,-59.694175,3.579705,1.943192,2.376359,0.011333,0.021637,0.059961
0.042220,-132.718688,77.680348,3.142345,2.613788,-0.676564,-59.694175,3.579705,1.943192,2.375984,0.011333,0.021567,0.059961
0.042741,-133.015198,78.149492,3.055772,2.450751,-0.676564,-59.694175,3.579705,1.943192,2.376567,0.011333,0.021076,0.059961
0.043262,-133.039000,78.217584,3.111170,2.296499,-0.676564,-59.694175,3.579705,1.943192,2.376724,0.011333,0.020957,0.059961
0.043783,-132.734731,77.116708,3.175650,2.143619,-0.676564,-59.694175,3.579705,1.943192,2.373869,0.011333,0.020965,0.059961
0.044305,-132.666642,77.165187,3.144946,2.228069,-0.676564,-59.694175,3.579705,1.943192,2.374304,0.011333,0.021021,0.059961
0.044826,-132.601674,77.254926,3.143351,2.278218,-0.676564,-59.694175,3.579705,1.943192,2.374878,0.011333,0.021093,0.059961
0.045347,-132.536465,77.289479,3.145195,2.056027,-0.676564,-59.694175,3.579705,1.943192,2.375251,0.011333,0.020796,0.059961
0.045868,-132.554882,77.410160,3.227174,2.562570,-0.676564,-59.694175,3.579705,1.943192,2.375621,0.011333,0.021697,0.059961
0.046389,-132.481486,77.307314,3.208932,2.278021,-0.676564,-59.694175,3.579705,1.943192,2.375524,0.011333,0.021244,0.059961
0.046911,-132.481486,77.307314,3.208932,2.278021,-0.676564,-59.694175,3.579705,1.943192,2.375524,0.011333,0.021244,0.059961
0.047432,-132.098768,77.683537,2.989333,2.461649,-0.676564,-59.694175,3.579705,1.943192,2.378347,0.011333,0.021077,0.059961
0.047953,-132.420531,77.676542,3.135892,2.346999,-0.676564,-59.694175,3.579705,1.943192,2.377100,0.011333,0.021176,0.059961
0.048474,-132.337353,77.816814,3.093411,2.492534,-0.676564,-59.694175,3.579705,1.943192,2.377925,0.011333,0.021308,0.059961
0.048996,-132.225491,77.783489,3.032651,2.506013,-0.676564,-59.694175,3.579705,1.943192,2.378229,0.011333,0.021216,0.059961
0.049517,-132.269206,77.357115,3.094061,2.372295,-0.676564,-59.694175,3.579705,1.943192,2.376511,0.011333,0.021157,0.059961
0.050038,-132.207185,76.830280,3.073744,2.501502,-0.676564,-59.694175,3.579705,1.943192,2.374822,0.011333,0.021346,0.059961
0.050559,-131.937637,75.862307,3.015461,3.313838,-0.676564,-59.694175,3.579705,1.943192,2.372292,0.011333,0.022762,0.059961
0.051081,-131.915440,77.008957,3.048210,2.630549,-0.676564,-59.694175,3.579705,1.943192,2.376585,0.011333,0.021522,0.059961
0.051602,-132.388345,77.286776,3.073610,2.179224,-0.676564,-59.694175,3.579705,1.943192,2.375802,0.011333,0.020826,0.059961
0.052123,-132.373658,77.498720,3.140199,2.161912,-0.676564,-59.694175,3.579705,1.943192,2.376630,0.011333,0.020937,0.059961
0.052644,-132.424817,77.358566,3.081458,2.112630,-0.676564,-59.694175,3.579705,1.943192,2.375926,0.011333,0.020744,0.059961
0.053165,-132.373658,77.498720,3.140199,2.161912,-0.676564,-59.694175,3.579705,1.943192,2.376630,0.011333,0.020937,0.059961
0.053687,-132.390340,77.448661,3.126175,2.196237,-0.676564,-59.694175,3.579705,1.943192,2.376385,0.011333,0.020954,0.059961
0.054208,-132.487981,77.606094,3.077587,2.382259,-0.676564,-59.694175,3.579705,1.943192,2.376588,0.011333,0.021101,0.059961
0.054729,-132.205866,77.379484,3.085238,2.228994,-0.676564,-59.694175,3.579705,1.943192,2.376833,0.011333,0.020936,0.059961
0.055250,-132.431826,77.232842,3.114136,2.277983,-0.676564,-59.694175,3.579705,1.943192,2.375441,0.011333,0.021050,0.059961
0.055772,-132.621714,77.094159,3.043881,2.231286,-0.676564,-59.694175,3.579705,1.943192,2.374215,0.011333,0.020820,0.059961
0.056293,-132.555465,77.188914,3.043700,2.285880,-0.676564,-59.694175,3.579705,1.943192,2.374812,0.011333,0.020901,0.059961
0.056814,-132.486747,77.205251,3.090330,2.277565,-0.676564,-59.694175,3.579705,1.943192,2.375132,0.011333,0.020994,0.059961
0.057335,-132.546694,77.281299,3.167580,2.278064,-0.676564,-59.694175,3.579705,1.943192,2.375182,0.011333,0.021149,0.059961
0.057857,-132.420183,77.245003,3.095261,2.286615,-0.676564,-59.694175,3.579705,1.943192,2.375529,0.011333,0.021023,0.059961
0.058378,-132.806051,77.371740,3.140799,2.475400,-0.676564,-59.694175,3.579705,1.943192,2.374530,0.011333,0.021353,0.059961
0.058899,-132.577840,77.488167,3.403634,2.608388,-0.676564,-59.694175,3.579705,1.943192,2.375818,0.011333,0.022145,0.059961
0.059420,-132.527665,77.682705,3.204499,2.316778,-0.676564,-59.694175,3.579705,1.943192,2.376716,0.011333,0.021267,0.059961
0.059941,-132.497161,77.677818,3.232868,2.237153,-0.676564,-59.694175,3.579705,1.943192,2.376814,0.011333,0.021220,0.059961
0.060463,-132.517806,77.727449,3.245605,2.200180,-0.676564,-59.694175,3.579705,1.943192,2.376916,0.011333,0.021192,0.059961
0.060984,-132.245937,76.167848,2.937442,3.412465,-0.676564,-59.694175,3.579705,1.943192,2.372245,0.011333,0.022760,0.059961
0.061505,-132.651895,77.645906,3.104609,2.400007,-0.676564,-59.694175,3.579705,1.943192,2.376112,0.011333,0.021165,0.059961
0.062026,-132.651895,77.645906,3.104609,2.400007,-0.676564,-59.694175,3.579705,1.943192,2.376112,0.011333,0.021165,0.059961
0.062548,-132.802167,77.726497,3.172294,2.441421,-0.676564,-59.694175,3.579705,1.943192,2.375836,0.011333,0.021350,0.059961
0.063069,-132.803417,77.874217,3.240476,2.262748,-0.676564,-59.694175,3.579705,1.943192,2.376368,0.011333,0.021229,0.059961
0.063590,-132.745725,78.001784,3.150951,2.539619,-0.676564,-59.694175,3.579705,1.943192,2.377050,0.011333,0.021448,0.059961
0.064111,-132.992746,77.469323,3.315787,2.202034,-0.676564,-59.694175,3.579705,1.943192,2.374180,0.011333,0.021307,0.059961
0.064633,-132.756517,78.050864,3.165412,2.506831,-0.676564,-59.694175,3.579705,1.943192,2.377187,0.011333,0.021424,0.059961
0.065154,-132.885629,77.964190,3.166097,2.432687,-0.676564,-59.694175,3.579705,1.943192,2.376384,0.011333,0.021303,0.059961
0.065675,-132.885629,77.964190,3.166097,2.432687,-0.676564,-59.694175,3.579705,1.943192,2.376384,0.011333,0.021303,0.059961
0.066196,-133.307361,77.960017,3.285245,2.374905,-0.676564,-59.694175,3.579705,1.943192,2.374778,0.011333,0.021427,0.059961
0.066717,-133.791049,77.887908,2.928542,2.387224,-0.676564,-59.694175,3.579705,1.943192,2.372697,0.011333,0.020651,0.059961
0.067239,-133.501912,78.110795,2.784647,2.305671,-0.676564,-59.694175,3.579705,1.943192,2.374593,0.011333,0.020263,0.059961
0.067760,-133.344460,78.132863,3.255003,2.562649,-0.676564,-59.694175,3.579705,1.943192,2.375265,0.011333,0.021632,0.059961
0.068281,-133.227336,77.251394,3.285170,2.545692,-0.676564,-59.694175,3.579705,1.943192,2.372500,0.011333,0.021728,0.059961
0.068802,-133.826745,77.312560,2.893587,2.530359,-0.676564,-59.694175,3.579705,1.943192,2.370469,0.011333,0.020832,0.059961
0.069324,-133.915954,78.090060,2.927627,2.368287,-0.676564,-59.694175,3.579705,1.943192,2.372962,0.011333,0.020598,0.059961
0.069845,-134.040338,77.089475,3.112880,2.340934,-0.676564,-59.694175,3.579705,1.943192,2.368853,0.011333,0.020969,0.059961
0.070366,-134.062072,78.089239,3.112880,2.340934,-0.676564,-59.694175,3.579705,1.943192,2.372411,0.011333,0.020920,0.059961
0.070887,-134.341219,77.972904,3.149614,2.356331,-0.676564,-59.694175,3.579705,1.943192,2.370944,0.011333,0.020995,0.059961
0.071409,-134.397369,77.880753,3.156730,2.301808,-0.676564,-59.694175,3.579705,1.943192,2.370400,0.011333,0.020928,0.059961
0.071930,-134.526980,77.791708,3.218183,2.289248,-0.676564,-59.694175,3.579705,1.943192,2.369592,0.011333,0.021030,0.059961
0.072451,-134.926819,78.160009,3.185101,2.304329,-0.676564,-59.694175,3.579705,1.943192,2.369438,0.011333,0.020921,0.059961
0.072972,-134.692756,77.954597,3.121091,2.191236,-0.676564,-59.694175,3.579705,1.943192,2.369565,0.011333,0.020660,0.059961
0.073493,-134.669771,78.352472,3.066589,2.463361,-0.676564,-59.694175,3.579705,1.943192,2.371094,0.011333,0.020931,0.059961
0.074015,-134.829675,78.436705,3.140789,2.474910,-0.676564,-59.694175,3.579705,1.943192,2.370802,0.011333,0.021080,0.059961
0.074536,-134.791872,78.282386,3.180487,2.358881,-0.676564,-59.694175,3.579705,1.943192,2.370385,0.011333,0.021000,0.059961
0.075057,-134.980396,78.618255,3.167362,2.587817,-0.676564,-59.694175,3.579705,1.943192,2.370898,0.011333,0.021287,0.059961
0.075578,-134.538317,78.228835,3.170825,2.516500,-0.676564,-59.694175,3.579705,1.943192,2.371136,0.011333,0.021249,0.059961
0.076100,-134.569051,78.040217,3.225602,2.490282,-0.676564,-59.694175,3.579705,1.943192,2.370338,0.011333,0.021329,0.059961
0.076621,-134.427124,77.923594,3.175444,2.432928,-0.676564,-59.694175,3.579705,1.943192,2.370444,0.011333,0.021157,0.059961
0.077142,-134.434658,77.973371,3.191176,2.397548,-0.676564,-59.694175,3.579705,1.943192,2.370597,0.011333,0.021133,0.059961
0.077663,-134.538317,78.228835,3.170825,2.516500,-0.676564,-59.694175,3.579705,1.943192,2.371136,0.011333,0.021249,0.059961
0.078185,-134.538317,78.228835,3.170825,2.516500,-0.676564,-59.694175,3.579705,1.943192,2.371136,0.011333,0.021249,0.059961
0.078706,-134.568151,78.269606,3.174532,2.496779,-0.676564,-59.694175,3.579705,1.943192,2.371173,0.011333,0.021220,0.059961
0.079227,-134.538317,78.228835,3.170825,2.516500,-0.676564,-59.694175,3.579705,1.943192,2.371136,0.011333,0.021249,0.059961
0.079748,-134.538317,78.228835,3.170825,2.516500,-0.676564,-59.694175,3.579705,1.943192,2.371136,0.011333,0.021249,0.059961
0.080269,-134.499143,76.035247,2.986552,4.075934,-0.676564,-59.694175,3.579705,1.943192,2.363268,0.011333,0.024083,0.059961
0.080791,-134.405000,76.372931,3.021183,4.016063,-0.676564,-59.694175,3.579705,1.943192,2.364863,0.011333,0.023986,0.059961
0.081312,-134.966409,77.804010,3.267028,2.684493,-0.676564,-59.694175,3.579705,1.943192,2.367999,0.011333,0.021693,0.059961
0.081833,-134.692305,77.480631,3.208959,2.466943,-0.676564,-59.694175,3.579705,1.943192,2.367843,0.011333,0.021272,0.059961
0.082354,-134.416190,77.471156,3.136902,2.652614,-0.676564,-59.694175,3.579705,1.943192,2.368839,0.011333,0.021448,0.059961
0.082876,-134.072242,77.226374,3.131116,2.525848,-0.676564,-59.694175,3.579705,1.943192,2.369234,0.011333,0.021281,0.059961
0.083397,-134.130305,77.520492,3.030028,2.802086,-0.676564,-59.694175,3.579705,1.943192,2.370089,0.011333,0.021513,0.059961
0.083918,-134.308930,77.698421,3.033757,2.728697,-0.676564,-59.694175,3.579705,1.943192,2.370068,0.011333,0.021366,0.059961
0.084439,-134.473559,76.514774,2.783772,4.170691,-0.676564,-59.694175,3.579705,1.943192,2.365127,0.011333,0.023922,0.059961
0.084961,-134.293835,75.793224,2.821792,3.765740,-0.676564,-59.694175,3.579705,1.943192,2.363144,0.011333,0.023138,0.059961
0.085482,-134.311358,77.901495,3.067201,3.014583,-0.676564,-59.694175,3.579705,1.943192,2.370797,0.011333,0.021921,0.059961
0.086003,-134.240946,77.020313,3.097760,2.397203,-0.676564,-59.694175,3.579705,1.943192,2.367849,0.011333,0.021004,0.059961
0.086524,-134.193397,77.711461,3.030582,2.733278,-0.676564,-59.694175,3.579705,1.943192,2.370547,0.011333,0.021379,0.059961
0.087045,-134.024807,75.949369,2.816264,4.131142,-0.676564,-59.694175,3.579705,1.943192,2.364727,0.011333,0.023973,0.059961
0.087567,-134.024807,75.949369,2.816264,4.131142,-0.676564,-59.694175,3.579705,1.943192,2.364727,0.011333,0.023973,0.059961
0.088088,-133.977247,75.938605,2.777024,4.144844,-0.676564,-59.694175,3.579705,1.943192,2.364866,0.011333,0.023946,0.059961
0.088609,-133.977247,75.938605,2.777024,4.144844,-0.676564,-59.694175,3.579705,1.943192,2.364866,0.011333,0.023946,0.059961
0.089130,-133.567686,75.702270,3.156466,3.861135,-0.676564,-59.694175,3.579705,1.943192,2.365532,0.011333,0.024022,0.059961
0.089652,-133.653082,75.845267,3.098077,3.980439,-0.676564,-59.694175,3.579705,1.943192,2.365739,0.011333,0.024159,0.059961
0.090173,-133.089794,77.514967,3.064797,2.421541,-0.676564,-59.694175,3.579705,1.943192,2.373980,0.011333,0.021074,0.059961
0.090694,-133.057057,77.805469,3.044631,2.605820,-0.676564,-59.694175,3.579705,1.943192,2.375160,0.011333,0.021310,0.059961
0.091215,-133.589977,77.629010,2.669002,2.457832,-0.676564,-59.694175,3.579705,1.943192,2.372511,0.011333,0.020294,0.059961
0.091736,-133.630731,74.969246,2.817204,4.105861,-0.676564,-59.694175,3.579705,1.943192,2.362581,0.011333,0.024038,0.059961
0.092258,-133.772147,77.073163,2.856056,2.390208,-0.676564,-59.694175,3.579705,1.943192,2.369800,0.011333,0.020554,0.059961
0.092779,-133.404783,75.532612,2.968730,3.595807,-0.676564,-59.694175,3.579705,1.943192,2.365519,0.011333,0.023133,0.059961
0.093300,-133.322751,77.392757,3.195829,2.445091,-0.676564,-59.694175,3.579705,1.943192,2.372656,0.011333,0.021365,0.059961
0.093821,-133.579541,75.701043,2.453132,3.855081,-0.676564,-59.694175,3.579705,1.943192,2.365483,0.011333,0.022815,0.059961
0.094343,-133.390427,77.558405,2.710544,2.393127,-0.676564,-59.694175,3.579705,1.943192,2.373005,0.011333,0.020293,0.059961
0.094864,-133.486857,75.366890,2.755482,4.112295,-0.676564,-59.694175,3.579705,1.943192,2.364597,0.011333,0.023929,0.059961
0.095385,-133.096471,75.848201,2.838806,3.801384,-0.676564,-59.694175,3.579705,1.943192,2.367847,0.011333,0.023352,0.059961
0.095906,-133.028683,76.155547,2.849494,3.498420,-0.676564,-59.694175,3.579705,1.943192,2.369235,0.011333,0.022701,0.059961
0.096428,-132.935983,77.347171,3.033790,2.578496,-0.676564,-59.694175,3.579705,1.943192,2.373949,0.011333,0.021281,0.059961
0.096949,-133.397782,76.568834,2.986085,3.747860,-0.676564,-59.694175,3.579705,1.943192,2.369361,0.011333,0.023409,0.059961
0.097470,-133.370722,76.465231,2.974092,3.811476,-0.676564,-59.694175,3.579705,1.943192,2.369083,0.011333,0.023537,0.059961
0.097991,-133.370722,76.465231,2.974092,3.811476,-0.676564,-59.694175,3.579705,1.943192,2.369083,0.011333,0.023537,0.059961
0.098512,-133.142530,77.374198,2.861547,2.606382,-0.676564,-59.694175,3.579705,1.943192,2.373268,0.011333,0.020961,0.059961
0.099034,-133.587642,75.934255,2.848438,3.836395,-0.676564,-59.694175,3.579705,1.943192,2.366313,0.011333,0.023394,0.059961
0.099555,-133.142530,77.374198,2.861547,2.606382,-0.676564,-59.694175,3.579705,1.943192,2.373268,0.011333,0.020961,0.059961
0.100076,-132.957491,75.218141,2.858419,3.724679,-0.676564,-59.694175,3.579705,1.943192,2.366042,0.011333,0.023281,0.059961
0.100597,-133.188132,75.542845,2.848195,3.658552,-0.676564,-59.694175,3.579705,1.943192,2.366373,0.011333,0.023072,0.059961
0.101119,-132.929673,77.456996,3.063396,2.495744,-0.676564,-59.694175,3.579705,1.943192,2.374374,0.011333,0.021205,0.059961
0.101640,-132.908085,77.319965,3.005427,2.463382,-0.676564,-59.694175,3.579705,1.943192,2.373956,0.011333,0.021045,0.059961
0.102161,-133.068505,77.560096,2.994734,2.702661,-0.676564,-59.694175,3.579705,1.943192,2.374225,0.011333,0.021381,0.059961
0.102682,-133.004851,77.583361,3.083956,2.434741,-0.676564,-59.694175,3.579705,1.943192,2.374550,0.011333,0.021139,0.059961
0.103204,-132.831896,76.220210,2.835390,3.857409,-0.676564,-59.694175,3.579705,1.943192,2.370216,0.011333,0.023464,0.059961
0.103725,-132.806247,77.438218,3.030057,2.456582,-0.676564,-59.694175,3.579705,1.943192,2.374772,0.011333,0.021090,0.059961
0.104246,-133.060494,75.527434,2.763621,3.953077,-0.676564,-59.694175,3.579705,1.943192,2.366798,0.011333,0.023596,0.059961
0.104767,-132.937958,75.360594,2.729065,3.901560,-0.676564,-59.694175,3.579705,1.943192,2.366644,0.011333,0.023446,0.059961
0.105288,-133.111272,77.346850,3.043494,2.338102,-0.676564,-59.694175,3.579705,1.943192,2.373286,0.011333,0.020910,0.059961
0.105810,-132.909644,77.256313,3.039930,2.358936,-0.676564,-59.694175,3.579705,1.943192,2.373718,0.011333,0.020960,0.059961
0.106331,-132.784176,77.665763,2.989111,2.324462,-0.676564,-59.694175,3.579705,1.943192,2.375684,0.011333,0.020797,0.059961
0.106852,-132.380375,77.469437,3.126641,2.436092,-0.676564,-59.694175,3.579705,1.943192,2.376498,0.011333,0.021304,0.059961
0.107373,-132.602288,75.650009,2.841596,3.942769,-0.676564,-59.694175,3.579705,1.943192,2.368984,0.011333,0.023736,0.059961
0.107895,-132.385183,75.415903,2.876796,4.018513,-0.676564,-59.694175,3.579705,1.943192,2.368942,0.011333,0.024009,0.059961
0.108416,-132.554293,75.708432,2.849822,3.906087,-0.676564,-59.694175,3.579705,1.943192,2.369382,0.011333,0.023666,0.059961
0.108937,-132.390860,76.268018,2.867506,3.508531,-0.676564,-59.694175,3.579705,1.943192,2.372063,0.011333,0.022807,0.059961
0.109458,-132.317981,77.448571,3.088500,2.439453,-0.676564,-59.694175,3.579705,1.943192,2.376659,0.011333,0.021237,0.059961
0.109980,-132.695670,77.428742,3.081794,2.471276,-0.676564,-59.694175,3.579705,1.943192,2.375155,0.011333,0.021232,0.059961
0.110501,-132.604853,75.345942,2.903429,3.802494,-0.676564,-59.694175,3.579705,1.943192,2.367850,0.011333,0.023555,0.059961
0.111022,-132.624036,75.527829,2.788245,3.903419,-0.676564,-59.694175,3.579705,1.943192,2.368450,0.011333,0.023564,0.059961
0.111543,-132.317840,77.218000,2.980316,2.185143,-0.676564,-59.694175,3.579705,1.943192,2.375819,0.011333,0.020649,0.059961
0.112064,-132.421350,77.191829,3.051061,2.286040,-0.676564,-59.694175,3.579705,1.943192,2.375331,0.011333,0.020931,0.059961
0.112586,-132.514598,77.409934,3.021084,2.453369,-0.676564,-59.694175,3.579705,1.943192,2.375773,0.011333,0.021099,0.059961
0.113107,-132.581219,77.396581,2.973640,2.463808,-0.676564,-59.694175,3.579705,1.943192,2.375472,0.011333,0.021012,0.059961
0.113628,-132.457183,77.303737,3.028747,2.375691,-0.676564,-59.694175,3.579705,1.943192,2.375603,0.011333,0.021008,0.059961
0.114149,-132.297992,77.426273,2.954868,2.328861,-0.676564,-59.694175,3.579705,1.943192,2.376654,0.011333,0.020797,0.059961
0.114671,-132.383714,77.143855,3.003754,2.322957,-0.676564,-59.694175,3.579705,1.943192,2.375298,0.011333,0.020893,0.059961
0.115192,-132.517488,77.254795,2.988233,2.273029,-0.676564,-59.694175,3.579705,1.943192,2.375196,0.011333,0.020768,0.059961
0.115713,-132.297282,77.069061,3.022999,2.350927,-0.676564,-59.694175,3.579705,1.943192,2.375353,0.011333,0.020988,0.059961
0.116234,-132.319245,75.022142,2.888059,3.846079,-0.676564,-59.694175,3.579705,1.943192,2.367733,0.011333,0.023678,0.059961
0.116756,-132.276445,77.059988,3.078379,2.489387,-0.676564,-59.694175,3.579705,1.943192,2.375399,0.011333,0.021317,0.059961
0.117277,-132.054069,76.836197,3.031841,2.363964,-0.676564,-59.694175,3.579705,1.943192,2.375426,0.011333,0.021064,0.059961
0.117798,-132.120354,76.930017,3.031338,2.420566,-0.676564,-59.694175,3.579705,1.943192,2.375517,0.011333,0.021137,0.059961
0.118319,-132.136822,76.982612,3.044632,2.383296,-0.676564,-59.694175,3.579705,1.943192,2.375647,0.011333,0.021103,0.059961
0.118840,-132.006549,76.627541,3.049369,2.286773,-0.676564,-59.694175,3.579705,1.943192,2.374842,0.011333,0.021001,0.059961
0.119362,-132.115755,76.878380,3.015097,2.455208,-0.676564,-59.694175,3.579705,1.943192,2.375346,0.011333,0.021160,0.059961
0.119883,-131.651296,77.304377,3.337143,2.685248,-0.676564,-59.694175,3.579705,1.943192,2.378670,0.011333,0.022235,0.059961
0.120404,-131.633589,77.166968,3.355186,2.496708,-0.676564,-59.694175,3.579705,1.943192,2.378236,0.011333,0.021990,0.059961
0.120925,-131.529037,77.442989,2.663098,2.546109,-0.676564,-59.694175,3.579705,1.943192,2.379641,0.011333,0.020642,0.059961
0.121447,-131.688627,75.362839,2.597686,3.633494,-0.676564,-59.694175,3.579705,1.943192,2.371396,0.011333,0.022741,0.059961
0.121968,-131.417631,75.130050,2.506487,3.844211,-0.676564,-59.694175,3.579705,1.943192,2.371569,0.011333,0.023108,0.059961
0.122489,-131.642729,74.819209,2.589503,4.035446,-0.676564,-59.694175,3.579705,1.943192,2.369555,0.011333,0.023691,0.059961
0.123010,-131.610522,74.796526,2.611317,4.082466,-0.676564,-59.694175,3.579705,1.943192,2.369594,0.011333,0.023842,0.059961
0.123532,-131.276185,75.013949,2.496032,3.780696,-0.676564,-59.694175,3.579705,1.943192,2.371679,0.011333,0.022969,0.059961
0.124053,-131.324859,75.122805,2.502127,3.832340,-0.676564,-59.694175,3.579705,1.943192,2.371897,0.011333,0.023083,0.059961
0.124574,-131.614574,77.712380,2.584947,1.921896,-0.676564,-59.694175,3.579705,1.943192,2.380295,0.011333,0.019553,0.059961
0.125095,-131.375942,75.170551,2.535630,3.849754,-0.676564,-59.694175,3.579705,1.943192,2.371878,0.011333,0.023167,0.059961
0.125616,-131.462749,74.010286,2.664112,4.100073,-0.676564,-59.694175,3.579705,1.943192,2.367228,0.011333,0.024055,0.059961
0.126138,-131.462749,74.010286,2.664112,4.100073,-0.676564,-59.694175,3.579705,1.943192,2.367228,0.011333,0.024055,0.059961
0.126659,-131.150076,74.232286,2.528721,3.878918,-0.676564,-59.694175,3.579705,1.943192,2.369253,0.011333,0.023325,0.059961
0.127180,-131.235447,73.906868,2.752818,4.004400,-0.676564,-59.694175,3.579705,1.943192,2.367710,0.011333,0.024005,0.059961
0.127701,-131.171810,75.232049,2.528721,3.878918,-0.676564,-59.694175,3.579705,1.943192,2.372887,0.011333,0.023235,0.059961
0.128223,-131.171810,75.232049,2.528721,3.878918,-0.676564,-59.694175,3.579705,1.943192,2.372887,0.011333,0.023235,0.059961
0.128744,-130.986192,75.231051,2.617483,3.833183,-0.676564,-59.694175,3.579705,1.943192,2.373595,0.011333,0.023292,0.059961
0.129265,-131.163066,74.643559,2.864037,3.903724,-0.676564,-59.694175,3.579705,1.943192,2.370736,0.011333,0.023906,0.059961
0.129786,-130.912223,75.059436,2.764730,3.697341,-0.676564,-59.694175,3.579705,1.943192,2.373242,0.011333,0.023262,0.059961
0.130308,-130.878502,76.920419,3.036995,2.296114,-0.676564,-59.694175,3.579705,1.943192,2.380224,0.011333,0.021099,0.059961
0.130829,-130.816860,76.890436,3.004187,2.291159,-0.676564,-59.694175,3.579705,1.943192,2.380351,0.011333,0.021031,0.059961
0.131350,-130.806643,77.002890,3.037314,2.203940,-0.676564,-59.694175,3.579705,1.943192,2.380801,0.011333,0.020972,0.059961
0.131871,-130.806643,77.002890,3.037314,2.203940,-0.676564,-59.694175,3.579705,1.943192,2.380801,0.011333,0.020972,0.059961
0.132392,-130.703401,77.084378,2.994425,2.404761,-0.676564,-59.694175,3.579705,1.943192,2.381495,0.011333,0.021181,0.059961
0.132914,-130.919054,77.102508,2.821068,2.435190,-0.676564,-59.694175,3.579705,1.943192,2.380734,0.011333,0.020851,0.059961
0.133435,-130.577364,75.002779,2.867091,3.817516,-0.676564,-59.694175,3.579705,1.943192,2.374319,0.011333,0.023743,0.059961
0.133956,-130.868549,75.301666,2.798953,3.798939,-0.676564,-59.694175,3.579705,1.943192,2.374307,0.011333,0.023529,0.059961
0.134477,-130.826440,74.991579,2.790756,3.868485,-0.676564,-59.694175,3.579705,1.943192,2.373320,0.011333,0.023700,0.059961
0.134999,-131.042196,75.125750,2.598374,3.786033,-0.676564,-59.694175,3.579705,1.943192,2.372990,0.011333,0.023158,0.059961
0.135520,-130.878502,76.920419,3.036995,2.296114,-0.676564,-59.694175,3.579705,1.943192,2.380224,0.011333,0.021099,0.059961
0.136041,-131.081760,75.016952,2.597683,3.733822,-0.676564,-59.694175,3.579705,1.943192,2.372435,0.011333,0.023046,0.059961
0.136562,-131.081760,75.016952,2.597683,3.733822,-0.676564,-59.694175,3.579705,1.943192,2.372435,0.011333,0.023046,0.059961
0.137084,-130.881742,74.673795,2.622883,3.769883,-0.676564,-59.694175,3.579705,1.943192,2.371927,0.011333,0.023215,0.059961
0.137605,-130.802131,75.002071,2.812688,3.649867,-0.676564,-59.694175,3.579705,1.943192,2.373452,0.011333,0.023258,0.059961
0.138126,-130.868549,75.301666,2.798953,3.798939,-0.676564,-59.694175,3.579705,1.943192,2.374307,0.011333,0.023529,0.059961
0.138647,-130.671403,75.225811,2.856196,3.741612,-0.676564,-59.694175,3.579705,1.943192,2.374784,0.011333,0.023529,0.059961
0.139168,-130.876710,75.164594,2.760110,3.748278,-0.676564,-59.694175,3.579705,1.943192,2.373768,0.011333,0.023360,0.059961
0.139690,-130.887827,77.127904,3.063447,2.145028,-0.676564,-59.694175,3.579705,1.943192,2.380946,0.011333,0.020931,0.059961
0.140211,-131.361988,77.043748,2.624481,2.301815,-0.676564,-59.694175,3.579705,1.943192,2.378823,0.011333,0.020221,0.059961
0.140732,-130.956502,75.097736,2.791735,3.705162,-0.676564,-59.694175,3.579705,1.943192,2.373215,0.011333,0.023319,0.059961
0.141253,-131.023590,74.359789,2.826588,3.809261,-0.676564,-59.694175,3.579705,1.943192,2.370214,0.011333,0.023666,0.059961
0.141775,-131.101156,76.990644,2.861974,2.283439,-0.676564,-59.694175,3.579705,1.943192,2.379627,0.011333,0.020690,0.059961
0.142296,-131.050394,77.149525,2.871635,2.296087,-0.676564,-59.694175,3.579705,1.943192,2.380402,0.011333,0.020726,0.059961
0.142817,-130.952550,77.156750,3.095424,2.148926,-0.676564,-59.694175,3.579705,1.943192,2.380803,0.011333,0.020997,0.059961
0.143338,-130.895440,77.218612,3.059339,2.320162,-0.676564,-59.694175,3.579705,1.943192,2.381248,0.011333,0.021165,0.059961
0.143860,-130.942674,77.327799,3.044052,2.406233,-0.676564,-59.694175,3.579705,1.943192,2.381465,0.011333,0.021249,0.059961
0.144381,-130.822026,75.391833,2.791471,3.566326,-0.676564,-59.694175,3.579705,1.943192,2.374820,0.011333,0.023009,0.059961
0.144902,-130.837005,77.227210,3.047952,2.206650,-0.676564,-59.694175,3.579705,1.943192,2.381503,0.011333,0.020984,0.059961
0.145423,-130.876710,75.164594,2.760110,3.748278,-0.676564,-59.694175,3.579705,1.943192,2.373768,0.011333,0.023360,0.059961
0.145944,-130.876710,75.164594,2.760110,3.748278,-0.676564,-59.694175,3.579705,1.943192,2.373768,0.011333,0.023360,0.059961
0.146466,-130.886485,75.414103,2.782996,3.865452,-0.676564,-59.694175,3.579705,1.943192,2.374655,0.011333,0.023638,0.059961
0.146987,-130.868549,75.301666,2.798953,3.798939,-0.676564,-59.694175,3.579705,1.943192,2.374307,0.011333,0.023529,0.059961
0.147508,-130.734606,75.369602,2.868074,3.814476,-0.676564,-59.694175,3.579705,1.943192,2.375073,0.011333,0.023692,0.059961
0.148029,-130.708436,75.375430,2.754302,3.824288,-0.676564,-59.694175,3.579705,1.943192,2.375195,0.011333,0.023516,0.059961
0.148551,-131.100606,77.289765,3.132352,2.225521,-0.676564,-59.694175,3.579705,1.943192,2.380721,0.011333,0.021160,0.059961
0.149072,-130.956502,75.097736,2.791735,3.705162,-0.676564,-59.694175,3.579705,1.943192,2.373215,0.011333,0.023319,0.059961
0.149593,-130.869954,77.032217,3.070355,2.208677,-0.676564,-59.694175,3.579705,1.943192,2.380665,0.011333,0.021041,0.059961
0.150114,-130.869954,77.032217,3.070355,2.208677,-0.676564,-59.694175,3.579705,1.943192,2.380665,0.011333,0.021041,0.059961
0.150636,-130.869954,77.032217,3.070355,2.208677,-0.676564,-59.694175,3.579705,1.943192,2.380665,0.011333,0.021041,0.059961
0.151157,-131.143828,74.768190,3.034256,3.665989,-0.676564,-59.694175,3.579705,1.943192,2.371273,0.011333,0.023685,0.059961
0.151678,-130.657194,75.680569,2.923513,3.223534,-0.676564,-59.694175,3.579705,1.943192,2.376520,0.011333,0.022550,0.059961
0.152199,-130.794708,75.871422,2.962742,3.322116,-0.676564,-59.694175,3.579705,1.943192,2.376695,0.011333,0.022792,0.059961
0.152720,-130.707980,75.055098,2.883341,3.641653,-0.676564,-59.694175,3.579705,1.943192,2.374011,0.011333,0.023373,0.059961
0.153242,-130.956502,75.097736,2.791735,3.705162,-0.676564,-59.694175,3.579705,1.943192,2.373215,0.011333,0.023319,0.059961
0.153763,-130.956502,75.097736,2.791735,3.705162,-0.676564,-59.694175,3.579705,1.943192,2.373215,0.011333,0.023319,0.059961
0.154284,-130.752112,75.091798,2.910178,3.649875,-0.676564,-59.694175,3.579705,1.943192,2.373977,0.011333,0.023432,0.059961
0.154805,-130.752112,75.091798,2.910178,3.649875,-0.676564,-59.694175,3.579705,1.943192,2.373977,0.011333,0.023432,0.059961
0.155327,-130.752112,75.091798,2.910178,3.649875,-0.676564,-59.694175,3.579705,1.943192,2.373977,0.011333,0.023432,0.059961
0.155848,-130.707980,75.055098,2.883341,3.641653,-0.676564,-59.694175,3.579705,1.943192,2.374011,0.011333,0.023373,0.059961
0.156369,-130.752112,75.091798,2.910178,3.649875,-0.676564,-59.694175,3.579705,1.943192,2.373977,0.011333,0.023432,0.059961
0.156890,-130.547888,74.907263,2.868247,3.793387,-0.676564,-59.694175,3.579705,1.943192,2.374078,0.011333,0.023703,0.059961
0.157411,-130.782406,75.305559,2.918426,3.502140,-0.676564,-59.694175,3.579705,1.943192,2.374653,0.011333,0.023116,0.059961
0.157933,-130.491843,77.276604,3.066996,2.500310,-0.676564,-59.694175,3.579705,1.943192,2.383009,0.011333,0.021493,0.059961
0.158454,-130.311518,77.139592,3.129253,2.543351,-0.676564,-59.694175,3.579705,1.943192,2.383204,0.011333,0.021719,0.059961
0.158975,-130.612619,75.497230,2.941887,3.590046,-0.676564,-59.694175,3.579705,1.943192,2.376014,0.011333,0.023345,0.059961
0.159496,-130.583813,75.608399,2.931634,3.659056,-0.676564,-59.694175,3.579705,1.943192,2.376535,0.011333,0.023466,0.059961
0.160018,-130.213665,75.435389,2.889988,3.547393,-0.676564,-59.694175,3.579705,1.943192,2.377322,0.011333,0.023203,0.059961
0.160539,-130.411910,75.133390,2.904931,3.620434,-0.676564,-59.694175,3.579705,1.943192,2.375440,0.011333,0.023389,0.059961
0.161060,-130.312189,76.951673,3.118251,2.308109,-0.676564,-59.694175,3.579705,1.943192,2.382515,0.011333,0.021352,0.059961
0.161581,-130.210836,76.100354,2.828215,3.938930,-0.676564,-59.694175,3.579705,1.943192,2.379784,0.011333,0.023882,0.059961
0.162103,-130.210836,76.100354,2.828215,3.938930,-0.676564,-59.694175,3.579705,1.943192,2.379784,0.011333,0.023882,0.059961
0.162624,-130.210836,76.100354,2.828215,3.938930,-0.676564,-59.694175,3.579705,1.943192,2.379784,0.011333,0.023882,0.059961
0.163145,-130.015302,75.716861,2.792986,3.740827,-0.676564,-59.694175,3.579705,1.943192,2.379126,0.011333,0.023435,0.059961
0.163666,-130.258168,76.934776,3.096780,2.314782,-0.676564,-59.694175,3.579705,1.943192,2.382661,0.011333,0.021322,0.059961
0.164187,-130.346080,76.854103,3.140854,2.244561,-0.676564,-59.694175,3.579705,1.943192,2.382028,0.011333,0.021311,0.059961
0.164709,-130.346080,76.854103,3.140854,2.244561,-0.676564,-59.694175,3.579705,1.943192,2.382028,0.011333,0.021311,0.059961
0.165230,-130.489940,77.002054,3.023416,2.290351,-0.676564,-59.694175,3.579705,1.943192,2.382015,0.011333,0.021100,0.059961
0.165751,-130.422018,77.021167,3.069271,2.283655,-0.676564,-59.694175,3.579705,1.943192,2.382346,0.011333,0.021195,0.059961
0.166272,-130.176466,77.263553,3.081567,2.530459,-0.676564,-59.694175,3.579705,1.943192,2.384176,0.011333,0.021605,0.059961
0.166794,-130.072224,76.864759,3.074698,2.267032,-0.676564,-59.694175,3.579705,1.943192,2.383122,0.011333,0.021230,0.059961
0.167315,-129.821238,77.536733,3.391425,2.832103,-0.676564,-59.694175,3.579705,1.943192,2.386542,0.011333,0.022785,0.059961
0.167836,-129.412746,75.764450,3.191190,3.241879,-0.676564,-59.694175,3.579705,1.943192,2.381634,0.011333,0.023241,0.059961
0.168357,-129.670298,76.805459,3.445797,2.313498,-0.676564,-59.694175,3.579705,1.943192,2.384458,0.011333,0.022177,0.059961
0.168879,-129.596786,76.712085,3.445782,2.246172,-0.676564,-59.694175,3.579705,1.943192,2.384401,0.011333,0.022098,0.059961
0.169400,-129.244643,76.794811,3.283971,2.269566,-0.676564,-59.694175,3.579705,1.943192,2.386069,0.011333,0.021795,0.059961
0.169921,-129.375582,75.548169,3.290946,3.189593,-0.676564,-59.694175,3.579705,1.943192,2.380980,0.011333,0.023371,0.059961
0.170442,-129.396508,76.604082,3.441074,2.203675,-0.676564,-59.694175,3.579705,1.943192,2.384782,0.011333,0.022059,0.059961
0.170963,-129.437469,76.569637,3.438308,2.193002,-0.676564,-59.694175,3.579705,1.943192,2.384497,0.011333,0.022035,0.059961
0.171485,-129.410123,75.247144,3.110818,3.419661,-0.676564,-59.694175,3.579705,1.943192,2.379733,0.011333,0.023462,0.059961
0.172006,-129.404171,75.307564,3.074797,3.728110,-0.676564,-59.694175,3.579705,1.943192,2.379980,0.011333,0.024023,0.059961
0.172527,-129.591499,75.336776,2.608706,3.885770,-0.676564,-59.694175,3.579705,1.943192,2.379362,0.011333,0.023511,0.059961
0.173048,-129.381281,75.411670,3.062236,3.792328,-0.676564,-59.694175,3.579705,1.943192,2.380454,0.011333,0.024130,0.059961
0.173570,-129.048058,75.400429,2.926560,3.809935,-0.676564,-59.694175,3.579705,1.943192,2.381707,0.011333,0.023946,0.059961
0.174091,-129.649085,75.237713,2.657826,3.805119,-0.676564,-59.694175,3.579705,1.943192,2.378772,0.011333,0.023416,0.059961
0.174612,-129.607563,75.275543,2.686198,3.810143,-0.676564,-59.694175,3.579705,1.943192,2.379073,0.011333,0.023476,0.059961
0.175133,-129.649085,75.237713,2.657826,3.805119,-0.676564,-59.694175,3.579705,1.943192,2.378772,0.011333,0.023416,0.059961
0.175655,-129.704805,75.004185,2.783593,3.657611,-0.676564,-59.694175,3.579705,1.943192,2.377691,0.011333,0.023327,0.059961
0.176176,-129.136949,74.977155,2.917938,3.595201,-0.676564,-59.694175,3.579705,1.943192,2.379794,0.011333,0.023497,0.059961
0.176697,-129.479749,75.128773,3.057319,3.879287,-0.676564,-59.694175,3.579705,1.943192,2.379025,0.011333,0.024323,0.059961
0.177218,-129.341511,74.973283,3.082526,3.545405,-0.676564,-59.694175,3.579705,1.943192,2.378985,0.011333,0.023689,0.059961
0.177739,-129.483937,74.732829,3.089882,3.642980,-0.676564,-59.694175,3.579705,1.943192,2.377540,0.011333,0.023911,0.059961
0.178261,-130.005050,74.515420,2.839168,3.825005,-0.676564,-59.694175,3.579705,1.943192,2.374714,0.011333,0.023806,0.059961
0.178782,-129.758275,74.613550,2.653772,3.728730,-0.676564,-59.694175,3.579705,1.943192,2.376033,0.011333,0.023283,0.059961
0.179303,-129.362787,74.646435,2.987483,3.625334,-0.676564,-59.694175,3.579705,1.943192,2.377689,0.011333,0.023696,0.059961
0.179824,-129.551939,74.653301,3.126068,3.577132,-0.676564,-59.694175,3.579705,1.943192,2.376980,0.011333,0.023844,0.059961
0.180346,-129.562447,74.550089,3.145009,3.510589,-0.676564,-59.694175,3.579705,1.943192,2.376556,0.011333,0.023751,0.059961
0.180867,-129.302719,74.513411,3.231095,3.554685,-0.676564,-59.694175,3.579705,1.943192,2.377427,0.011333,0.024044,0.059961
0.181388,-129.247561,74.416102,3.181383,3.594947,-0.676564,-59.694175,3.579705,1.943192,2.377279,0.011333,0.024041,0.059961
0.181909,-129.519284,74.526964,3.121161,3.513851,-0.676564,-59.694175,3.579705,1.943192,2.376637,0.011333,0.023717,0.059961
0.182431,-129.658860,74.513247,3.139279,3.717015,-0.676564,-59.694175,3.579705,1.943192,2.376045,0.011333,0.024164,0.059961
0.182952,-129.506559,75.878576,3.126546,3.691738,-0.676564,-59.694175,3.579705,1.943192,2.381691,0.011333,0.023990,0.059961
0.183473,-129.304505,75.460335,3.105122,3.785940,-0.676564,-59.694175,3.579705,1.943192,2.380932,0.011333,0.024202,0.059961
0.183994,-129.550489,75.675656,3.083264,3.861495,-0.676564,-59.694175,3.579705,1.943192,2.380773,0.011333,0.024280,0.059961
0.184515,-129.504305,74.768621,3.132863,3.868127,-0.676564,-59.694175,3.579705,1.943192,2.377594,0.011333,0.024472,0.059961
0.185037,-129.585816,74.476771,3.071214,3.974814,-0.676564,-59.694175,3.579705,1.943192,2.376192,0.011333,0.024608,0.059961
0.185558,-129.585816,74.476771,3.071214,3.974814,-0.676564,-59.694175,3.579705,1.943192,2.376192,0.011333,0.024608,0.059961
0.186079,-129.478299,74.986980,3.103915,3.999707,-0.676564,-59.694175,3.579705,1.943192,2.378505,0.011333,0.024690,0.059961
0.186600,-129.369640,75.186110,3.197008,3.408108,-0.676564,-59.694175,3.579705,1.943192,2.379665,0.011333,0.023622,0.059961
0.187122,-129.068938,75.304648,3.009427,3.458398,-0.676564,-59.694175,3.579705,1.943192,2.381272,0.011333,0.023370,0.059961
0.187643,-129.160032,75.060581,2.992087,3.595089,-0.676564,-59.694175,3.579705,1.943192,2.380014,0.011333,0.023628,0.059961
0.188164,-129.575674,76.457433,3.430328,2.716554,-0.676564,-59.694175,3.579705,1.943192,2.383550,0.011333,0.022776,0.059961
0.188685,-129.665907,76.658055,3.471528,2.606668,-0.676564,-59.694175,3.579705,1.943192,2.383936,0.011333,0.022676,0.059961
0.189207,-129.725116,77.282158,3.370550,2.847176,-0.676564,-59.694175,3.579705,1.943192,2.385987,0.011333,0.022790,0.059961
0.189728,-129.611875,76.484431,3.480405,2.424691,-0.676564,-59.694175,3.579705,1.943192,2.383509,0.011333,0.022439,0.059961
0.190249,-129.861512,76.275072,3.561128,2.550229,-0.676564,-59.694175,3.579705,1.943192,2.381775,0.011333,0.022794,0.059961
0.190770,-129.558640,75.041698,3.156087,3.551831,-0.676564,-59.694175,3.579705,1.943192,2.378396,0.011333,0.023820,0.059961
0.191291,-129.422860,76.438023,3.413919,2.469374,-0.676564,-59.694175,3.579705,1.943192,2.384071,0.011333,0.022376,0.059961
0.191813,-129.930864,76.010719,2.960185,3.613673,-0.676564,-59.694175,3.579705,1.943192,2.380535,0.011333,0.023454,0.059961
0.192334,-130.530487,77.092516,3.053135,2.387748,-0.676564,-59.694175,3.579705,1.943192,2.382189,0.011333,0.021298,0.059961
0.192855,-129.773458,76.763813,3.500135,2.452929,-0.676564,-59.694175,3.579705,1.943192,2.383907,0.011333,0.022493,0.059961
0.193376,-130.320430,77.060076,3.149614,2.356331,-0.676564,-59.694175,3.579705,1.943192,2.382879,0.011333,0.021483,0.059961
0.193898,-130.478578,76.851222,3.136724,2.244472,-0.676564,-59.694175,3.579705,1.943192,2.381507,0.011333,0.021287,0.059961
0.194419,-130.561677,74.772474,2.860915,3.507399,-0.676564,-59.694175,3.579705,1.943192,2.373524,0.011333,0.023083,0.059961
0.194940,-130.215376,76.024604,2.821581,3.373354,-0.676564,-59.694175,3.579705,1.943192,2.379488,0.011333,0.022674,0.059961
0.195461,-130.215376,76.024604,2.821581,3.373354,-0.676564,-59.694175,3.579705,1.943192,2.379488,0.011333,0.022674,0.059961
0.195983,-130.039601,75.750190,2.844166,3.504559,-0.676564,-59.694175,3.579705,1.943192,2.379156,0.011333,0.023021,0.059961
0.196504,-130.039601,75.750190,2.844166,3.504559,-0.676564,-59.694175,3.579705,1.943192,2.379156,0.011333,0.023021,0.059961
0.197025,-130.480372,77.515798,3.115275,2.163259,-0.676564,-59.694175,3.579705,1.943192,2.383924,0.011333,0.021096,0.059961
0.197546,-129.980114,76.005160,2.885218,3.368168,-0.676564,-59.694175,3.579705,1.943192,2.380325,0.011333,0.022807,0.059961
0.198067,-129.978767,76.416096,3.011576,3.530319,-0.676564,-59.694175,3.579705,1.943192,2.381840,0.011333,0.023344,0.059961
0.198589,-130.459725,77.844102,3.129132,2.411939,-0.676564,-59.694175,3.579705,1.943192,2.385197,0.011333,0.021465,0.059961
0.199110,-130.289656,76.027925,2.920437,3.649806,-0.676564,-59.694175,3.579705,1.943192,2.379214,0.011333,0.023420,0.059961
0.199631,-129.732994,75.919165,3.047440,3.754310,-0.676564,-59.694175,3.579705,1.943192,2.380963,0.011333,0.023943,0.059961
0.200152,-130.459975,76.868388,3.074886,2.406518,-0.676564,-59.694175,3.579705,1.943192,2.381641,0.011333,0.021391,0.059961
0.200674,-130.216496,74.985642,2.905913,4.043743,-0.676564,-59.694175,3.579705,1.943192,2.375645,0.011333,0.024356,0.059961
0.201195,-130.151163,75.106187,3.030609,4.053323,-0.676564,-59.694175,3.579705,1.943192,2.376344,0.011333,0.024598,0.059961
0.201716,-129.953916,75.537379,3.023527,3.856491,-0.676564,-59.694175,3.579705,1.943192,2.378701,0.011333,0.024129,0.059961
0.202237,-130.090434,75.603132,2.935653,3.600573,-0.676564,-59.694175,3.579705,1.943192,2.378417,0.011333,0.023398,0.059961
0.202759,-130.053961,75.004908,2.888891,3.788597,-0.676564,-59.694175,3.579705,1.943192,2.376344,0.011333,0.023768,0.059961
0.203280,-129.927367,76.696014,3.057647,2.410875,-0.676564,-59.694175,3.579705,1.943192,2.383064,0.011333,0.021429,0.059961
0.203801,-130.090980,77.103377,3.089953,2.479755,-0.676564,-59.694175,3.579705,1.943192,2.383921,0.011333,0.021563,0.059961
0.204322,-129.101350,76.927449,3.193431,2.372899,-0.676564,-59.694175,3.579705,1.943192,2.387111,0.011333,0.021749,0.059961
0.204843,-129.822999,76.615675,2.858306,2.373921,-0.676564,-59.694175,3.579705,1.943192,2.383173,0.011333,0.020973,0.059961
0.205365,-130.027664,76.620004,3.038453,2.320010,-0.676564,-59.694175,3.579705,1.943192,2.382398,0.011333,0.021246,0.059961
0.205886,-130.047604,76.449636,3.027939,2.216570,-0.676564,-59.694175,3.579705,1.943192,2.381697,0.011333,0.021081,0.059961
0.206407,-130.107362,76.461156,3.055822,2.206722,-0.676564,-59.694175,3.579705,1.943192,2.381509,0.011333,0.021119,0.059961
0.206928,-129.766327,75.019189,2.857013,3.376160,-0.676564,-59.694175,3.579705,1.943192,2.377509,0.011333,0.022865,0.059961
0.207450,-129.714066,75.182837,2.842633,3.466946,-0.676564,-59.694175,3.579705,1.943192,2.378317,0.011333,0.023016,0.059961
0.207971,-130.282864,76.482347,3.179299,2.168185,-0.676564,-59.694175,3.579705,1.943192,2.380910,0.011333,0.021315,0.059961
0.208492,-130.032290,76.018393,3.130275,2.215597,-0.676564,-59.694175,3.579705,1.943192,2.380172,0.011333,0.021323,0.059961
0.209013,-129.363927,76.931786,3.491304,2.190805,-0.676564,-59.694175,3.579705,1.943192,2.386107,0.011333,0.022148,0.059961
0.209535,-129.675305,76.493258,3.518979,2.415671,-0.676564,-59.694175,3.579705,1.943192,2.383296,0.011333,0.022508,0.059961
0.210056,-129.706060,76.452073,3.516089,2.438010,-0.676564,-59.694175,3.579705,1.943192,2.383026,0.011333,0.022532,0.059961
0.210577,-129.977437,76.619374,2.977318,2.408995,-0.676564,-59.694175,3.579705,1.943192,2.382590,0.011333,0.021255,0.059961
0.211098,-129.964009,75.234815,2.848432,4.167935,-0.676564,-59.694175,3.579705,1.943192,2.377543,0.011333,0.024542,0.059961
0.211619,-129.937780,74.795130,2.962645,3.927440,-0.676564,-59.694175,3.579705,1.943192,2.376014,0.011333,0.024239,0.059961
0.212141,-129.281335,75.272578,3.179526,3.648083,-0.676564,-59.694175,3.579705,1.943192,2.380327,0.011333,0.024075,0.059961
0.212662,-129.543234,77.755886,3.219476,2.374984,-0.676564,-59.694175,3.579705,1.943192,2.388413,0.011333,0.021716,0.059961
0.213183,-129.962319,77.768257,3.054592,2.247365,-0.676564,-59.694175,3.579705,1.943192,2.386838,0.011333,0.021126,0.059961
0.213704,-130.115400,76.675779,3.069747,2.464377,-0.676564,-59.694175,3.579705,1.943192,2.382264,0.011333,0.021517,0.059961
0.214226,-129.580237,76.290898,3.474302,2.535365,-0.676564,-59.694175,3.579705,1.943192,2.382922,0.011333,0.022603,0.059961
0.214747,-129.800662,76.156176,3.552931,2.609757,-0.676564,-59.694175,3.579705,1.943192,2.381574,0.011333,0.022880,0.059961
0.215268,-130.222236,77.335949,3.131088,2.585457,-0.676564,-59.694175,3.579705,1.943192,2.384263,0.011333,0.021788,0.059961
0.215789,-130.222236,77.335949,3.131088,2.585457,-0.676564,-59.694175,3.579705,1.943192,2.384263,0.011333,0.021788,0.059961
0.216310,-130.118320,77.348628,3.142936,2.596560,-0.676564,-59.694175,3.579705,1.943192,2.384710,0.011333,0.021841,0.059961
0.216832,-130.215946,76.285688,3.120228,2.619894,-0.676564,-59.694175,3.579705,1.943192,2.380446,0.011333,0.021879,0.059961
0.217353,-129.527945,75.389996,3.445829,3.151491,-0.676564,-59.694175,3.579705,1.943192,2.379805,0.011333,0.023628,0.059961
0.217874,-129.248699,75.720957,3.313021,3.190032,-0.676564,-59.694175,3.579705,1.943192,2.382110,0.011333,0.023421,0.059961
0.218395,-129.890424,75.821504,3.371519,3.476548,-0.676564,-59.694175,3.579705,1.943192,2.379995,0.011333,0.024015,0.059961
0.218917,-129.781831,75.655144,3.043536,3.629523,-0.676564,-59.694175,3.579705,1.943192,2.379801,0.011333,0.023689,0.059961
0.219438,-129.692602,74.498207,3.138497,3.476345,-0.676564,-59.694175,3.579705,1.943192,2.375858,0.011333,0.023659,0.059961
0.219959,-129.545619,75.250285,3.073325,3.895536,-0.676564,-59.694175,3.579705,1.943192,2.379220,0.011333,0.024372,0.059961
0.220480,-129.878934,75.890251,2.920694,3.576661,-0.676564,-59.694175,3.579705,1.943192,2.380292,0.011333,0.023318,0.059961
0.221002,-130.055244,77.211808,3.102846,2.596358,-0.676564,-59.694175,3.579705,1.943192,2.384455,0.011333,0.021770,0.059961
0.221523,-129.965791,76.487266,3.188763,2.501976,-0.676564,-59.694175,3.579705,1.943192,2.382151,0.011333,0.021857,0.059961
0.222044,-130.115635,75.172287,2.909851,3.462785,-0.676564,-59.694175,3.579705,1.943192,2.376726,0.011333,0.023095,0.059961
0.222565,-130.157165,75.200346,2.930643,3.462241,-0.676564,-59.694175,3.579705,1.943192,2.376670,0.011333,0.023126,0.059961
0.223086,-130.001335,75.348425,2.874823,3.506024,-0.676564,-59.694175,3.579705,1.943192,2.377819,0.011333,0.023116,0.059961
0.223608,-130.025812,76.769619,3.097472,2.329636,-0.676564,-59.694175,3.579705,1.943192,2.382953,0.011333,0.021379,0.059961
0.224129,-129.589778,74.745761,3.062007,3.268210,-0.676564,-59.694175,3.579705,1.943192,2.377177,0.011333,0.023083,0.059961
0.224650,-129.547695,74.650530,3.070422,3.216662,-0.676564,-59.694175,3.579705,1.943192,2.376986,0.011333,0.023011,0.059961
0.225171,-129.713179,74.688154,2.995405,3.671010,-0.676564,-59.694175,3.579705,1.943192,2.376485,0.011333,0.023770,0.059961
0.225693,-129.639316,74.951941,3.111785,3.322541,-0.676564,-59.694175,3.579705,1.943192,2.377751,0.011333,0.023269,0.059961
0.226214,-129.636599,74.883515,3.148195,3.274677,-0.676564,-59.694175,3.579705,1.943192,2.377508,0.011333,0.023255,0.059961
0.226735,-129.479328,76.408085,3.423780,2.504685,-0.676564,-59.694175,3.579705,1.943192,2.383743,0.011333,0.022446,0.059961
0.227256,-129.630907,76.310899,3.495692,2.533309,-0.676564,-59.694175,3.579705,1.943192,2.382799,0.011333,0.022642,0.059961
0.227778,-129.668362,75.265173,3.287266,3.387098,-0.676564,-59.694175,3.579705,1.943192,2.378799,0.011333,0.023728,0.059961
0.228299,-129.422860,76.438023,3.413919,2.469374,-0.676564,-59.694175,3.579705,1.943192,2.384071,0.011333,0.022376,0.059961
0.228820,-130.150672,76.582634,3.179167,2.450747,-0.676564,-59.694175,3.579705,1.943192,2.381787,0.011333,0.021732,0.059961
0.229341,-130.029875,74.902322,2.889872,3.593595,-0.676564,-59.694175,3.579705,1.943192,2.376056,0.011333,0.023360,0.059961
0.229862,-130.030904,75.144572,2.955533,3.441389,-0.676564,-59.694175,3.579705,1.943192,2.376951,0.011333,0.023148,0.059961
0.230384,-129.949433,74.880076,2.932519,3.569524,-0.676564,-59.694175,3.579705,1.943192,2.376284,0.011333,0.023398,0.059961
0.230905,-130.059939,75.841513,2.976219,3.266958,-0.676564,-59.694175,3.579705,1.943192,2.379414,0.011333,0.022785,0.059961
0.231426,-129.974099,76.713171,3.230896,2.434982,-0.676564,-59.694175,3.579705,1.943192,2.382946,0.011333,0.021835,0.059961
0.231947,-129.575930,75.432725,3.422070,3.407316,-0.676564,-59.694175,3.579705,1.943192,2.379777,0.011333,0.024050,0.059961
0.232469,-129.654046,76.773582,3.530843,2.425815,-0.676564,-59.694175,3.579705,1.943192,2.384405,0.011333,0.022539,0.059961
0.232990,-130.133715,76.687423,3.133512,2.254585,-0.676564,-59.694175,3.579705,1.943192,2.382236,0.011333,0.021342,0.059961
0.233511,-130.136334,76.629693,3.150730,2.203760,-0.676564,-59.694175,3.579705,1.943192,2.382015,0.011333,0.021311,0.059961
0.234032,-130.328803,76.349769,3.169146,2.251732,-0.676564,-59.694175,3.579705,1.943192,2.380246,0.011333,0.021410,0.059961
0.234554,-130.158709,76.522555,3.115275,2.163259,-0.676564,-59.694175,3.579705,1.943192,2.381536,0.011333,0.021179,0.059961
0.235075,-130.397556,76.327783,3.174007,2.278204,-0.676564,-59.694175,3.579705,1.943192,2.379901,0.011333,0.021451,0.059961
0.235596,-129.244293,75.338303,3.311472,3.220160,-0.676564,-59.694175,3.579705,1.943192,2.380714,0.011333,0.023501,0.059961
0.236117,-129.645011,74.583261,3.307848,3.669557,-0.676564,-59.694175,3.579705,1.943192,2.376359,0.011333,0.024396,0.059961
0.236638,-129.215658,74.846038,3.311297,3.564285,-0.676564,-59.694175,3.579705,1.943192,2.379002,0.011333,0.024211,0.059961
0.237160,-129.420394,74.787337,3.144684,3.412797,-0.676564,-59.694175,3.579705,1.943192,2.377989,0.011333,0.023550,0.059961
0.237681,-129.377774,74.875693,3.141322,3.451746,-0.676564,-59.694175,3.579705,1.943192,2.378482,0.011333,0.023619,0.059961
0.238202,-128.842716,75.417562,3.307353,3.270108,-0.676564,-59.694175,3.579705,1.943192,2.382570,0.011333,0.023624,0.059961
0.238723,-129.489845,76.498450,3.448267,2.192071,-0.676564,-59.694175,3.579705,1.943192,2.384033,0.011333,0.022054,0.059961
0.239245,-130.025812,76.769619,3.097472,2.329636,-0.676564,-59.694175,3.579705,1.943192,2.382953,0.011333,0.021379,0.059961
0.239766,-129.959171,77.281194,3.146448,2.613635,-0.676564,-59.694175,3.579705,1.943192,2.385079,0.011333,0.021897,0.059961
0.240287,-129.262091,76.783770,3.434778,2.417845,-0.676564,-59.694175,3.579705,1.943192,2.385961,0.011333,0.022350,0.059961
0.240808,-129.315363,76.837897,3.468083,2.443171,-0.676564,-59.694175,3.579705,1.943192,2.385952,0.011333,0.022455,0.059961
0.241330,-129.229786,75.256224,3.137614,3.655801,-0.676564,-59.694175,3.579705,1.943192,2.380467,0.011333,0.024015,0.059961
0.241851,-129.648322,75.283355,2.916518,3.747703,-0.676564,-59.694175,3.579705,1.943192,2.378944,0.011333,0.023745,0.059961
0.242372,-128.945350,75.217626,2.922577,3.706899,-0.676564,-59.694175,3.579705,1.943192,2.381430,0.011333,0.023742,0.059961
0.242893,-129.187607,75.274616,3.162960,3.647723,-0.676564,-59.694175,3.579705,1.943192,2.380699,0.011333,0.024051,0.059961
0.243414,-129.249413,75.242015,3.213612,3.611711,-0.676564,-59.694175,3.579705,1.943192,2.380338,0.011333,0.024074,0.059961
0.243936,-128.756301,75.598816,3.322439,3.349961,-0.676564,-59.694175,3.579705,1.943192,2.383576,0.011333,0.023805,0.059961
0.244457,-128.721535,75.519814,3.315086,3.313233,-0.676564,-59.694175,3.579705,1.943192,2.383420,0.011333,0.023728,0.059961
0.244978,-128.814102,75.336144,3.239681,3.556438,-0.676564,-59.694175,3.579705,1.943192,2.382380,0.011333,0.024053,0.059961
0.245499,-129.310576,74.470503,3.293619,3.876736,-0.676564,-59.694175,3.579705,1.943192,2.377237,0.011333,0.024851,0.059961
0.246021,-128.580585,74.845588,3.051853,3.500002,-0.676564,-59.694175,3.579705,1.943192,2.381474,0.011333,0.023623,0.059961
0.246542,-128.497309,75.234774,2.860573,3.462141,-0.676564,-59.694175,3.579705,1.943192,2.383241,0.011333,0.023155,0.059961
0.247063,-128.656391,74.919242,2.813220,3.598558,-0.676564,-59.694175,3.579705,1.943192,2.381451,0.011333,0.023361,0.059961
0.247584,-128.797492,75.136427,2.821622,3.427522,-0.676564,-59.694175,3.579705,1.943192,2.381706,0.011333,0.022990,0.059961
0.248106,-129.181287,74.569608,2.909075,3.757062,-0.676564,-59.694175,3.579705,1.943192,2.378108,0.011333,0.023857,0.059961
0.248627,-129.181287,74.569608,2.909075,3.757062,-0.676564,-59.694175,3.579705,1.943192,2.378108,0.011333,0.023857,0.059961
0.249148,-129.181287,74.569608,2.909075,3.757062,-0.676564,-59.694175,3.579705,1.943192,2.378108,0.011333,0.023857,0.059961
0.249669,-129.022631,74.407316,2.933890,3.781027,-0.676564,-59.694175,3.579705,1.943192,2.378121,0.011333,0.023984,0.059961
0.250190,-129.245168,74.327829,3.056843,3.675458,-0.676564,-59.694175,3.579705,1.943192,2.376959,0.011333,0.023973,0.059961
0.250712,-128.647472,74.488253,2.876905,3.658563,-0.676564,-59.694175,3.579705,1.943192,2.379884,0.011333,0.023643,0.059961
0.251233,-128.517161,74.628752,2.939533,3.688276,-0.676564,-59.694175,3.579705,1.943192,2.380916,0.011333,0.023825,0.059961
0.251754,-128.644755,74.746706,2.902185,3.679909,-0.676564,-59.694175,3.579705,1.943192,2.380856,0.011333,0.023714,0.059961
0.252275,-128.644755,74.746706,2.902185,3.679909,-0.676564,-59.694175,3.579705,1.943192,2.380856,0.011333,0.023714,0.059961
0.252797,-128.588673,74.949855,2.898438,3.789724,-0.676564,-59.694175,3.579705,1.943192,2.381829,0.011333,0.023933,0.059961
0.253318,-128.237519,75.689552,2.947806,3.449600,-0.676564,-59.694175,3.579705,1.943192,2.385936,0.011333,0.023287,0.059961
0.253839,-128.237519,75.689552,2.947806,3.449600,-0.676564,-59.694175,3.579705,1.943192,2.385936,0.011333,0.023287,0.059961
0.254360,-128.519121,77.019418,3.114986,2.447646,-0.676564,-59.694175,3.579705,1.943192,2.389714,0.011333,0.021747,0.059961
0.254882,-128.439045,75.554344,2.830902,3.630695,-0.676564,-59.694175,3.579705,1.943192,2.384650,0.011333,0.023430,0.059961
0.255403,-128.439045,75.554344,2.830902,3.630695,-0.676564,-59.694175,3.579705,1.943192,2.384650,0.011333,0.023430,0.059961
0.255924,-128.272829,75.263245,2.955496,3.664171,-0.676564,-59.694175,3.579705,1.943192,2.384224,0.011333,0.023775,0.059961
0.256445,-127.910615,74.807774,3.091708,3.847052,-0.676564,-59.694175,3.579705,1.943192,2.383955,0.011333,0.024502,0.059961
0.256966,-128.355268,75.290148,2.906304,3.685463,-0.676564,-59.694175,3.579705,1.943192,2.384001,0.011333,0.023717,0.059961
0.257488,-128.693518,75.298228,2.977175,3.925686,-0.676564,-59.694175,3.579705,1.943192,2.382710,0.011333,0.024336,0.059961
0.258009,-128.519121,77.019418,3.114986,2.447646,-0.676564,-59.694175,3.579705,1.943192,2.389714,0.011333,0.021747,0.059961
0.258530,-128.637033,77.005741,3.046100,2.471889,-0.676564,-59.694175,3.579705,1.943192,2.389204,0.011333,0.021623,0.059961
0.259051,-128.799582,77.128611,3.094627,2.531330,-0.676564,-59.694175,3.579705,1.943192,2.389019,0.011333,0.021793,0.059961
0.259573,-128.293972,75.864779,2.933289,3.345280,-0.676564,-59.694175,3.579705,1.943192,2.386361,0.011333,0.023032,0.059961
0.260094,-129.050824,77.239071,3.208802,2.617574,-0.676564,-59.694175,3.579705,1.943192,2.388444,0.011333,0.022141,0.059961
0.260615,-128.883174,77.434559,3.078503,2.558234,-0.676564,-59.694175,3.579705,1.943192,2.389808,0.011333,0.021774,0.059961
0.261136,-128.883174,77.434559,3.078503,2.558234,-0.676564,-59.694175,3.579705,1.943192,2.389808,0.011333,0.021774,0.059961
0.261658,-129.016922,75.851058,3.306862,3.517658,-0.676564,-59.694175,3.579705,1.943192,2.383491,0.011333,0.024052,0.059961
0.262179,-128.576802,74.998639,2.866820,3.805027,-0.676564,-59.694175,3.579705,1.943192,2.382056,0.011333,0.023905,0.059961
0.262700,-128.649691,74.973736,2.905859,3.781122,-0.676564,-59.694175,3.579705,1.943192,2.381679,0.011333,0.023920,0.059961
0.263221,-129.016277,74.911289,3.303958,3.652950,-0.676564,-59.694175,3.579705,1.943192,2.380019,0.011333,0.024394,0.059961
0.263742,-128.979501,74.930432,3.322317,3.647209,-0.676564,-59.694175,3.579705,1.943192,2.380233,0.011333,0.024422,0.059961
0.264264,-128.668646,74.974271,3.051788,3.732694,-0.676564,-59.694175,3.579705,1.943192,2.381607,0.011333,0.024089,0.059961
0.264785,-129.150806,74.745741,3.369380,3.686304,-0.676564,-59.694175,3.579705,1.943192,2.378881,0.011333,0.024596,0.059961
0.265306,-128.980622,75.306091,3.323424,3.817313,-0.676564,-59.694175,3.579705,1.943192,2.381620,0.011333,0.024748,0.059961
0.265827,-128.980622,75.306091,3.323424,3.817313,-0.676564,-59.694175,3.579705,1.943192,2.381620,0.011333,0.024748,0.059961
0.266349,-128.669963,75.034863,3.051967,3.740942,-0.676564,-59.694175,3.579705,1.943192,2.381827,0.011333,0.024102,0.059961
0.266870,-128.639378,75.070118,3.041864,3.758150,-0.676564,-59.694175,3.579705,1.943192,2.382077,0.011333,0.024120,0.059961
0.267391,-128.716266,75.052430,3.087201,3.734071,-0.676564,-59.694175,3.579705,1.943192,2.381711,0.011333,0.024150,0.059961
0.267912,-128.916768,75.218664,3.217693,3.785883,-0.676564,-59.694175,3.579705,1.943192,2.381546,0.011333,0.024482,0.059961
0.268434,-128.916768,75.218664,3.217693,3.785883,-0.676564,-59.694175,3.579705,1.943192,2.381546,0.011333,0.024482,0.059961
0.268955,-128.764793,75.193713,3.080812,3.816794,-0.676564,-59.694175,3.579705,1.943192,2.382045,0.011333,0.024297,0.059961
0.269476,-129.032062,75.400776,2.936088,3.795186,-0.676564,-59.694175,3.579705,1.943192,2.381770,0.011333,0.023933,0.059961
0.269997,-129.055311,75.587918,3.043726,3.836541,-0.676564,-59.694175,3.579705,1.943192,2.382371,0.011333,0.024206,0.059961
0.270518,-129.268702,75.399325,3.122959,3.737316,-0.676564,-59.694175,3.579705,1.943192,2.380845,0.011333,0.024142,0.059961
0.271040,-129.382482,75.183765,3.218701,3.624817,-0.676564,-59.694175,3.579705,1.943192,2.379606,0.011333,0.024102,0.059961
0.271561,-129.275567,75.372430,3.202917,3.509704,-0.676564,-59.694175,3.579705,1.943192,2.380719,0.011333,0.023832,0.059961
0.272082,-129.333068,75.174796,3.180340,3.635781,-0.676564,-59.694175,3.579705,1.943192,2.379765,0.011333,0.024054,0.059961
0.272603,-129.306102,76.639628,3.444051,2.560248,-0.676564,-59.694175,3.579705,1.943192,2.385263,0.011333,0.022585,0.059961
0.273125,-129.306102,76.639628,3.444051,2.560248,-0.676564,-59.694175,3.579705,1.943192,2.385263,0.011333,0.022585,0.059961
0.273646,-128.641229,76.952696,3.086945,2.363846,-0.676564,-59.694175,3.579705,1.943192,2.388994,0.011333,0.021552,0.059961
0.274167,-129.033233,75.269077,2.979534,3.704341,-0.676564,-59.694175,3.579705,1.943192,2.381279,0.011333,0.023830,0.059961
0.274688,-128.641229,76.952696,3.086945,2.363846,-0.676564,-59.694175,3.579705,1.943192,2.388994,0.011333,0.021552,0.059961
0.275209,-129.249980,75.098268,3.139804,3.624372,-0.676564,-59.694175,3.579705,1.943192,2.379804,0.011333,0.023965,0.059961
0.275731,-129.291176,76.704219,3.503737,2.398642,-0.676564,-59.694175,3.579705,1.943192,2.385557,0.011333,0.022483,0.059961
0.276252,-129.302163,76.709965,3.575852,2.377387,-0.676564,-59.694175,3.579705,1.943192,2.385536,0.011333,0.022622,0.059961
0.276773,-128.528432,77.019732,3.172625,2.302124,-0.676564,-59.694175,3.579705,1.943192,2.389679,0.011333,0.021661,0.059961
0.277294,-128.826143,77.339210,3.103977,2.224904,-0.676564,-59.694175,3.579705,1.943192,2.389683,0.011333,0.021351,0.059961
0.277816,-128.610819,77.064464,3.114573,2.351556,-0.676564,-59.694175,3.579705,1.943192,2.389520,0.011333,0.021592,0.059961
0.278337,-128.667054,77.058042,3.088220,2.363874,-0.676564,-59.694175,3.579705,1.943192,2.389278,0.011333,0.021546,0.059961
0.278858,-128.668922,75.495682,2.819851,3.601313,-0.676564,-59.694175,3.579705,1.943192,2.383536,0.011333,0.023331,0.059961
0.279379,-129.249536,75.204124,3.258824,3.617828,-0.676564,-59.694175,3.579705,1.943192,2.380198,0.011333,0.024181,0.059961
0.279901,-128.577446,75.585648,2.875211,3.609500,-0.676564,-59.694175,3.579705,1.943192,2.384225,0.011333,0.023452,0.059961
0.280422,-128.891921,75.579864,2.856643,3.907698,-0.676564,-59.694175,3.579705,1.943192,2.382977,0.011333,0.024032,0.059961
0.280943,-128.715210,75.303640,2.883434,3.746984,-0.676564,-59.694175,3.579705,1.943192,2.382645,0.011333,0.023770,0.059961
0.281464,-128.768891,75.453728,2.880706,3.827280,-0.676564,-59.694175,3.579705,1.943192,2.382991,0.011333,0.023921,0.059961
0.281985,-128.806468,75.264359,2.815316,3.765367,-0.676564,-59.694175,3.579705,1.943192,2.382144,0.011333,0.023680,0.059961
0.282507,-129.290470,75.157769,3.155114,3.643185,-0.676564,-59.694175,3.579705,1.943192,2.379867,0.011333,0.024025,0.059961
0.283028,-129.340591,75.166939,3.194945,3.632178,-0.676564,-59.694175,3.579705,1.943192,2.379706,0.011333,0.024076,0.059961
0.283549,-129.340591,75.166939,3.194945,3.632178,-0.676564,-59.694175,3.579705,1.943192,2.379706,0.011333,0.024076,0.059961
0.284070,-129.189442,76.919246,3.423693,2.404287,-0.676564,-59.694175,3.579705,1.943192,2.386739,0.011333,0.022306,0.059961
0.284592,-128.806468,75.264359,2.815316,3.765367,-0.676564,-59.694175,3.579705,1.943192,2.382144,0.011333,0.023680,0.059961
0.285113,-128.858774,75.417902,2.812508,3.847494,-0.676564,-59.694175,3.579705,1.943192,2.382508,0.011333,0.023837,0.059961
0.285634,-128.956401,75.898538,2.796174,4.125789,-0.676564,-59.694175,3.579705,1.943192,2.383901,0.011333,0.024381,0.059961
0.286155,-129.088359,75.909207,2.901328,4.084821,-0.676564,-59.694175,3.579705,1.943192,2.383427,0.011333,0.024460,0.059961
0.286677,-129.385766,75.792630,3.218974,3.970039,-0.676564,-59.694175,3.579705,1.943192,2.381843,0.011333,0.024783,0.059961
0.287198,-128.871167,75.924639,2.863223,4.101059,-0.676564,-59.694175,3.579705,1.943192,2.384329,0.011333,0.024448,0.059961
0.287719,-129.364032,74.792866,3.218974,3.970039,-0.676564,-59.694175,3.579705,1.943192,2.378228,0.011333,0.024874,0.059961
0.288240,-129.008131,75.068647,3.252317,3.941819,-0.676564,-59.694175,3.579705,1.943192,2.380634,0.011333,0.024889,0.059961
0.288761,-129.213543,74.851323,3.250808,3.887470,-0.676564,-59.694175,3.579705,1.943192,2.379029,0.011333,0.024767,0.059961
0.289283,-129.264793,74.666041,3.231296,3.999314,-0.676564,-59.694175,3.579705,1.943192,2.378142,0.011333,0.024984,0.059961
0.289804,-129.058454,74.706565,3.372382,3.896812,-0.676564,-59.694175,3.579705,1.943192,2.379095,0.011333,0.025060,0.059961
0.290325,-128.757643,74.845466,3.045412,3.950739,-0.676564,-59.694175,3.579705,1.943192,2.380782,0.011333,0.024554,0.059961
0.290846,-128.800542,74.856289,3.077483,3.940131,-0.676564,-59.694175,3.579705,1.943192,2.380655,0.011333,0.024586,0.059961
0.291368,-128.686057,74.576102,3.057578,3.594805,-0.676564,-59.694175,3.579705,1.943192,2.380061,0.011333,0.023841,0.059961
0.291889,-128.761368,75.397396,3.124250,3.645324,-0.676564,-59.694175,3.579705,1.943192,2.382812,0.011333,0.024003,0.059961
0.292410,-128.641017,75.611882,2.910208,3.631581,-0.676564,-59.694175,3.579705,1.943192,2.384073,0.011333,0.023556,0.059961
0.292931,-128.526112,75.229043,2.883955,3.641214,-0.676564,-59.694175,3.579705,1.943192,2.383107,0.011333,0.023570,0.059961
0.293453,-128.526112,75.229043,2.883955,3.641214,-0.676564,-59.694175,3.579705,1.943192,2.383107,0.011333,0.023570,0.059961
0.293974,-128.781206,75.272109,2.984083,3.285868,-0.676564,-59.694175,3.579705,1.943192,2.382271,0.011333,0.023009,0.059961
0.294495,-129.041455,74.403313,3.033481,3.614696,-0.676564,-59.694175,3.579705,1.943192,2.378033,0.011333,0.023814,0.059961
0.295016,-129.316736,74.418415,3.354926,3.506742,-0.676564,-59.694175,3.579705,1.943192,2.377019,0.011333,0.024208,0.059961
0.295537,-129.136750,74.547330,3.325300,3.432612,-0.676564,-59.694175,3.579705,1.943192,2.378198,0.011333,0.024008,0.059961
0.296059,-129.312522,74.220132,3.420930,3.667227,-0.676564,-59.694175,3.579705,1.943192,2.376296,0.011333,0.024689,0.059961
0.296580,-129.487594,74.243745,3.310609,3.656849,-0.676564,-59.694175,3.579705,1.943192,2.375705,0.011333,0.024419,0.059961
0.297101,-129.727321,74.474094,3.341975,3.594223,-0.676564,-59.694175,3.579705,1.943192,2.375634,0.011333,0.024310,0.059961
0.297622,-129.286262,74.403714,3.056137,3.691407,-0.676564,-59.694175,3.579705,1.943192,2.377082,0.011333,0.023995,0.059961
0.298144,-129.286262,74.403714,3.056137,3.691407,-0.676564,-59.694175,3.579705,1.943192,2.377082,0.011333,0.023995,0.059961
0.298665,-129.492562,74.162946,3.191288,3.674170,-0.676564,-59.694175,3.579705,1.943192,2.375384,0.011333,0.024221,0.059961
0.299186,-129.136915,74.206336,3.067955,3.743535,-0.676564,-59.694175,3.579705,1.943192,2.376927,0.011333,0.024161,0.059961
0.299707,-129.287605,74.669344,3.141803,3.612703,-0.676564,-59.694175,3.579705,1.943192,2.378066,0.011333,0.023975,0.059961
0.300229,-129.191250,74.962910,3.135930,3.701360,-0.676564,-59.694175,3.579705,1.943192,2.379530,0.011333,0.024135,0.059961
0.300750,-128.835660,74.776260,3.087999,3.790171,-0.676564,-59.694175,3.579705,1.943192,2.380221,0.011333,0.024283,0.059961
0.301271,-129.062835,75.081066,3.169182,3.923910,-0.676564,-59.694175,3.579705,1.943192,2.380467,0.011333,0.024681,0.059961
0.301792,-129.205182,74.624217,3.272329,3.597077,-0.676564,-59.694175,3.579705,1.943192,2.378218,0.011333,0.024217,0.059961
0.302313,-129.165806,74.699811,3.346221,3.366757,-0.676564,-59.694175,3.579705,1.943192,2.378652,0.011333,0.023908,0.059961
0.302835,-129.211129,76.268600,3.184072,2.621041,-0.676564,-59.694175,3.579705,1.943192,2.384271,0.011333,0.022130,0.059961
0.303356,-129.109420,76.247770,3.250741,2.634449,-0.676564,-59.694175,3.579705,1.943192,2.384590,0.011333,0.022310,0.059961
0.303877,-128.796381,76.459595,3.111375,2.558051,-0.676564,-59.694175,3.579705,1.943192,2.386585,0.011333,0.021909,0.059961
0.304398,-128.791308,76.675779,3.067162,2.722189,-0.676564,-59.694175,3.579705,1.943192,2.387397,0.011333,0.022067,0.059961
0.304920,-128.796381,76.459595,3.111375,2.558051,-0.676564,-59.694175,3.579705,1.943192,2.386585,0.011333,0.021909,0.059961
0.305441,-128.791308,76.675779,3.067162,2.722189,-0.676564,-59.694175,3.579705,1.943192,2.387397,0.011333,0.022067,0.059961
0.305962,-128.791308,76.675779,3.067162,2.722189,-0.676564,-59.694175,3.579705,1.943192,2.387397,0.011333,0.022067,0.059961
0.306483,-128.791308,76.675779,3.067162,2.722189,-0.676564,-59.694175,3.579705,1.943192,2.387397,0.011333,0.022067,0.059961
0.307005,-128.796381,76.459595,3.111375,2.558051,-0.676564,-59.694175,3.579705,1.943192,2.386585,0.011333,0.021909,0.059961
0.307526,-128.612548,76.535574,3.141928,2.768804,-0.676564,-59.694175,3.579705,1.943192,2.387580,0.011333,0.022331,0.059961
0.308047,-128.718155,75.011704,2.996517,3.590623,-0.676564,-59.694175,3.579705,1.943192,2.381553,0.011333,0.023676,0.059961
0.308568,-128.812498,75.969425,3.029571,3.577020,-0.676564,-59.694175,3.579705,1.943192,2.384722,0.011333,0.023625,0.059961
0.309089,-128.739889,76.011467,2.996517,3.590623,-0.676564,-59.694175,3.579705,1.943192,2.385160,0.011333,0.023593,0.059961
0.309611,-129.561284,75.189450,3.256390,3.807518,-0.676564,-59.694175,3.579705,1.943192,2.378934,0.011333,0.024542,0.059961
0.310132,-129.111146,75.544387,3.070909,4.057458,-0.676564,-59.694175,3.579705,1.943192,2.381993,0.011333,0.024742,0.059961
0.310653,-128.971236,75.424771,3.061207,4.207839,-0.676564,-59.694175,3.579705,1.943192,2.382096,0.011333,0.025088,0.059961
0.311174,-128.793452,75.122051,2.873123,3.926079,-0.676564,-59.694175,3.579705,1.943192,2.381668,0.011333,0.024152,0.059961
0.311696,-129.262827,74.061757,3.001901,3.702055,-0.676564,-59.694175,3.579705,1.943192,2.375898,0.011333,0.023946,0.059961
0.312217,-129.164218,74.827102,3.137478,3.657833,-0.676564,-59.694175,3.579705,1.943192,2.379131,0.011333,0.024060,0.059961
0.312738,-129.512300,76.507008,3.378112,2.483348,-0.676564,-59.694175,3.579705,1.943192,2.383978,0.011333,0.022301,0.059961
0.313259,-129.032942,75.537773,3.324854,3.317669,-0.676564,-59.694175,3.579705,1.943192,2.382273,0.011333,0.023722,0.059961
0.313781,-129.081891,75.193319,3.255771,3.549388,-0.676564,-59.694175,3.579705,1.943192,2.380809,0.011333,0.024054,0.059961
0.314302,-129.032578,75.332463,3.307491,3.687961,-0.676564,-59.694175,3.579705,1.943192,2.381516,0.011333,0.024437,0.059961
0.314823,-129.032578,75.332463,3.307491,3.687961,-0.676564,-59.694175,3.579705,1.943192,2.381516,0.011333,0.024437,0.059961
0.315344,-129.108701,75.451005,3.273271,3.626700,-0.676564,-59.694175,3.579705,1.943192,2.381658,0.011333,0.024224,0.059961
0.315865,-129.119081,75.073755,3.346116,3.937079,-0.676564,-59.694175,3.579705,1.943192,2.380222,0.011333,0.025055,0.059961
0.316387,-129.222157,75.239360,3.269416,4.091792,-0.676564,-59.694175,3.579705,1.943192,2.380434,0.011333,0.025216,0.059961
0.316908,-129.389978,75.669061,3.386086,3.858749,-0.676564,-59.694175,3.579705,1.943192,2.381371,0.011333,0.024890,0.059961
0.317429,-129.378760,75.919919,3.240820,3.968637,-0.676564,-59.694175,3.579705,1.943192,2.382339,0.011333,0.024813,0.059961
0.317950,-129.381064,76.078392,3.416285,3.674740,-0.676564,-59.694175,3.579705,1.943192,2.382913,0.011333,0.024539,0.059961
0.318472,-129.453191,77.143773,3.615209,2.961700,-0.676564,-59.694175,3.579705,1.943192,2.386535,0.011333,0.023573,0.059961
0.318993,-129.359330,75.078628,3.416285,3.674740,-0.676564,-59.694175,3.579705,1.943192,2.379306,0.011333,0.024621,0.059961
0.319514,-129.359330,75.078628,3.416285,3.674740,-0.676564,-59.694175,3.579705,1.943192,2.379306,0.011333,0.024621,0.059961
0.320035,-129.606412,76.680857,3.427332,2.728738,-0.676564,-59.694175,3.579705,1.943192,2.384250,0.011333,0.022773,0.059961
0.320557,-129.524965,77.695696,3.301298,3.005656,-0.676564,-59.694175,3.579705,1.943192,2.388266,0.011333,0.022904,0.059961
0.321078,-129.614363,77.172039,3.405760,2.497502,-0.676564,-59.694175,3.579705,1.943192,2.386014,0.011333,0.022338,0.059961
0.321599,-129.463091,76.455657,3.408303,3.264162,-0.676564,-59.694175,3.579705,1.943192,2.383980,0.011333,0.023688,0.059961
0.322120,-129.481152,76.795679,3.484953,3.149822,-0.676564,-59.694175,3.579705,1.943192,2.385155,0.011333,0.023623,0.059961
0.322641,-129.298142,76.882252,3.436697,2.917452,-0.676564,-59.694175,3.579705,1.943192,2.386181,0.011333,0.023128,0.059961
0.323163,-129.222698,76.835564,3.422214,2.920905,-0.676564,-59.694175,3.579705,1.943192,2.386304,0.011333,0.023112,0.059961
0.323684,-129.426495,77.674581,3.347887,3.132071,-0.676564,-59.694175,3.579705,1.943192,2.388570,0.011333,0.023238,0.059961
0.324205,-129.481476,76.810574,3.398311,2.541446,-0.676564,-59.694175,3.579705,1.943192,2.385208,0.011333,0.022422,0.059961
0.324726,-129.405442,76.302434,3.663559,2.878835,-0.676564,-59.694175,3.579705,1.943192,2.383641,0.011333,0.023605,0.059961
0.325248,-129.405442,76.302434,3.663559,2.878835,-0.676564,-59.694175,3.579705,1.943192,2.383641,0.011333,0.023605,0.059961
0.325769,-129.377010,76.222807,3.649544,2.922590,-0.676564,-59.694175,3.579705,1.943192,2.383459,0.011333,0.023653,0.059961
0.326290,-129.393143,77.183565,3.635511,2.942710,-0.676564,-59.694175,3.579705,1.943192,2.386913,0.011333,0.023593,0.059961
0.326811,-129.616192,75.438635,3.354167,3.937020,-0.676564,-59.694175,3.579705,1.943192,2.379643,0.011333,0.024988,0.059961
0.327333,-129.689916,75.566434,3.429323,3.575306,-0.676564,-59.694175,3.579705,1.943192,2.379829,0.011333,0.024373,0.059961
0.327854,-129.295247,74.899743,3.524253,3.814299,-0.676564,-59.694175,3.579705,1.943192,2.378892,0.011333,0.025158,0.059961
0.328375,-129.295247,74.899743,3.524253,3.814299,-0.676564,-59.694175,3.579705,1.943192,2.378892,0.011333,0.025158,0.059961
0.328896,-129.403539,75.561588,3.570119,3.601924,-0.676564,-59.694175,3.579705,1.943192,2.380921,0.011333,0.024759,0.059961
0.329417,-129.360428,75.833691,3.522488,3.792911,-0.676564,-59.694175,3.579705,1.943192,2.382092,0.011333,0.025026,0.059961
0.329939,-129.643737,75.635436,3.568589,3.762400,-0.676564,-59.694175,3.579705,1.943192,2.380263,0.011333,0.025047,0.059961
0.330460,-129.643737,75.635436,3.568589,3.762400,-0.676564,-59.694175,3.579705,1.943192,2.380263,0.011333,0.025047,0.059961
0.330981,-129.424122,75.898969,3.476629,3.740037,-0.676564,-59.694175,3.579705,1.943192,2.382086,0.011333,0.024808,0.059961
0.331502,-129.324564,76.017592,3.429562,3.770813,-0.676564,-59.694175,3.579705,1.943192,2.382908,0.011333,0.024774,0.059961
0.332024,-129.324564,76.017592,3.429562,3.770813,-0.676564,-59.694175,3.579705,1.943192,2.382908,0.011333,0.024774,0.059961
0.332545,-129.756802,75.349434,3.632173,3.541905,-0.676564,-59.694175,3.579705,1.943192,2.378769,0.011333,0.024753,0.059961
0.333066,-129.639924,75.502697,3.662512,3.607642,-0.676564,-59.694175,3.579705,1.943192,2.379788,0.011333,0.024950,0.059961
0.333587,-129.791641,74.740981,3.407097,3.521689,-0.676564,-59.694175,3.579705,1.943192,2.376378,0.011333,0.024271,0.059961
0.334108,-129.818481,76.975855,3.724685,2.782536,-0.676564,-59.694175,3.579705,1.943192,2.384508,0.011333,0.023504,0.059961
0.334630,-129.627441,76.694226,3.614263,2.841560,-0.676564,-59.694175,3.579705,1.943192,2.384217,0.011333,0.023379,0.059961
0.335151,-129.676857,75.469173,3.429563,3.650083,-0.676564,-59.694175,3.579705,1.943192,2.379521,0.011333,0.024533,0.059961
0.335672,-129.832500,76.000648,3.440321,3.626119,-0.676564,-59.694175,3.579705,1.943192,2.380878,0.011333,0.024449,0.059961
0.336193,-129.566945,76.114630,3.601083,2.866469,-0.676564,-59.694175,3.579705,1.943192,2.382325,0.011333,0.023432,0.059961
0.336715,-129.437103,76.091585,3.643656,2.818646,-0.676564,-59.694175,3.579705,1.943192,2.382744,0.011333,0.023469,0.059961
0.337236,-129.511315,75.875853,3.649831,2.722999,-0.676564,-59.694175,3.579705,1.943192,2.381662,0.011333,0.023333,0.059961
0.337757,-129.088997,76.453052,3.536716,2.904495,-0.676564,-59.694175,3.579705,1.943192,2.385423,0.011333,0.023383,0.059961
0.338278,-129.032526,76.027217,3.507644,3.239734,-0.676564,-59.694175,3.579705,1.943192,2.384078,0.011333,0.023939,0.059961
0.338800,-128.954078,77.043635,3.536561,3.367724,-0.676564,-59.694175,3.579705,1.943192,2.388107,0.011333,0.024176,0.059961
0.339321,-128.747980,76.680558,3.501237,3.599173,-0.676564,-59.694175,3.579705,1.943192,2.387583,0.011333,0.024590,0.059961
0.339842,-129.429460,77.639929,3.425275,3.044605,-0.676564,-59.694175,3.579705,1.943192,2.388433,0.011333,0.023256,0.059961
0.340363,-129.455957,76.443950,3.385821,2.928981,-0.676564,-59.694175,3.579705,1.943192,2.383965,0.011333,0.023043,0.059961
0.340884,-128.904146,76.529235,3.457245,3.461624,-0.676564,-59.694175,3.579705,1.943192,2.386421,0.011333,0.024222,0.059961
0.341406,-129.138527,75.833746,3.603875,4.053776,-0.676564,-59.694175,3.579705,1.943192,2.382954,0.011333,0.025769,0.059961
0.341927,-129.023445,75.398371,3.649722,3.417527,-0.676564,-59.694175,3.579705,1.943192,2.381795,0.011333,0.024632,0.059961
0.342448,-129.475647,76.009018,3.781797,2.659053,-0.676564,-59.694175,3.579705,1.943192,2.382291,0.011333,0.023545,0.059961
0.342969,-129.119314,74.549101,3.549637,3.524620,-0.676564,-59.694175,3.579705,1.943192,2.378272,0.011333,0.024671,0.059961
0.343491,-129.425406,75.776086,3.429917,3.471783,-0.676564,-59.694175,3.579705,1.943192,2.381628,0.011333,0.024183,0.059961
0.344012,-129.322967,75.258162,3.563944,3.661324,-0.676564,-59.694175,3.579705,1.943192,2.380112,0.011333,0.024897,0.059961
0.344533,-129.358630,75.242888,3.546595,3.668039,-0.676564,-59.694175,3.579705,1.943192,2.379917,0.011333,0.024871,0.059961
0.345054,-129.641276,75.442450,3.414097,3.646477,-0.676564,-59.694175,3.579705,1.943192,2.379560,0.011333,0.024500,0.059961
0.345576,-129.761176,75.311895,3.376762,3.611353,-0.676564,-59.694175,3.579705,1.943192,2.378613,0.011333,0.024348,0.059961
0.346097,-129.537174,74.933056,3.400406,3.803761,-0.676564,-59.694175,3.579705,1.943192,2.378077,0.011333,0.024849,0.059961
0.346618,-129.752132,74.797439,3.517562,3.796985,-0.676564,-59.694175,3.579705,1.943192,2.376741,0.011333,0.025067,0.059961
0.347139,-129.666032,75.927566,3.547133,3.839127,-0.676564,-59.694175,3.579705,1.943192,2.381253,0.011333,0.025133,0.059961
0.347660,-129.326369,76.117216,3.530316,3.628655,-0.676564,-59.694175,3.579705,1.943192,2.383268,0.011333,0.024692,0.059961
0.348182,-129.493306,76.199269,3.427316,3.635416,-0.676564,-59.694175,3.579705,1.943192,2.382922,0.011333,0.024461,0.059961
0.348703,-129.493306,76.199269,3.427316,3.635416,-0.676564,-59.694175,3.579705,1.943192,2.382922,0.011333,0.024461,0.059961
0.349224,-129.493306,76.199269,3.427316,3.635416,-0.676564,-59.694175,3.579705,1.943192,2.382922,0.011333,0.024461,0.059961
0.349745,-129.534890,76.157355,3.339492,3.656698,-0.676564,-59.694175,3.579705,1.943192,2.382607,0.011333,0.024320,0.059961
0.350267,-129.716303,75.111974,3.348716,3.762109,-0.676564,-59.694175,3.579705,1.943192,2.378046,0.011333,0.024622,0.059961
0.350788,-129.810480,75.302530,3.335763,3.621612,-0.676564,-59.694175,3.579705,1.943192,2.378387,0.011333,0.024280,0.059961
0.351309,-129.761176,75.311895,3.376762,3.611353,-0.676564,-59.694175,3.579705,1.943192,2.378613,0.011333,0.024348,0.059961
0.351830,-129.700242,75.371136,3.396124,3.620787,-0.676564,-59.694175,3.579705,1.943192,2.379068,0.011333,0.024409,0.059961
0.352352,-129.690052,75.669206,3.352814,3.842722,-0.676564,-59.694175,3.579705,1.943192,2.380208,0.011333,0.024757,0.059961
0.352873,-129.774541,76.317893,3.428022,3.452259,-0.676564,-59.694175,3.579705,1.943192,2.382269,0.011333,0.024063,0.059961
0.353394,-129.710616,76.380070,3.447121,3.464849,-0.676564,-59.694175,3.579705,1.943192,2.382744,0.011333,0.024130,0.059961
0.353915,-129.738568,77.266344,3.466738,2.937518,-0.676564,-59.694175,3.579705,1.943192,2.385877,0.011333,0.023155,0.059961
0.354436,-129.616000,76.313360,3.551373,2.892403,-0.676564,-59.694175,3.579705,1.943192,2.382866,0.011333,0.023343,0.059961
0.354958,-129.618115,75.975246,3.601789,2.674519,-0.676564,-59.694175,3.579705,1.943192,2.381615,0.011333,0.023126,0.059961
0.355479,-128.901492,75.137233,3.382547,3.497224,-0.676564,-59.694175,3.579705,1.943192,2.381304,0.011333,0.024237,0.059961
0.356000,-129.136970,75.022185,3.514261,3.473221,-0.676564,-59.694175,3.579705,1.943192,2.379961,0.011333,0.024455,0.059961
0.356521,-129.136970,75.022185,3.514261,3.473221,-0.676564,-59.694175,3.579705,1.943192,2.379961,0.011333,0.024455,0.059961
0.357043,-128.976233,74.916794,3.599320,3.492820,-0.676564,-59.694175,3.579705,1.943192,2.380195,0.011333,0.024706,0.059961
0.357564,-129.176370,75.045280,3.533985,3.474074,-0.676564,-59.694175,3.579705,1.943192,2.379893,0.011333,0.024494,0.059961
0.358085,-129.615888,76.098931,3.645936,2.600424,-0.676564,-59.694175,3.579705,1.943192,2.382078,0.011333,0.023109,0.059961
0.358606,-129.271650,75.309729,3.519876,3.435032,-0.676564,-59.694175,3.579705,1.943192,2.380502,0.011333,0.024357,0.059961
0.359128,-129.076679,74.563176,3.576587,3.517229,-0.676564,-59.694175,3.579705,1.943192,2.378491,0.011333,0.024719,0.059961
0.359649,-129.504293,74.711516,3.451327,3.737502,-0.676564,-59.694175,3.579705,1.943192,2.377381,0.011333,0.024838,0.059961
0.360170,-129.391137,74.891630,3.375734,3.696189,-0.676564,-59.694175,3.579705,1.943192,2.378489,0.011333,0.024593,0.059961
0.360691,-129.197083,76.874490,3.241548,4.013450,-0.676564,-59.694175,3.579705,1.943192,2.386545,0.011333,0.024844,0.059961
0.361212,-129.595044,75.644320,3.498452,3.520959,-0.676564,-59.694175,3.579705,1.943192,2.380484,0.011333,0.024417,0.059961
0.361734,-129.556002,75.471892,3.471871,3.631321,-0.676564,-59.694175,3.579705,1.943192,2.379999,0.011333,0.024597,0.059961
0.362255,-129.525314,75.312424,3.473285,3.535810,-0.676564,-59.694175,3.579705,1.943192,2.379528,0.011333,0.024425,0.059961
0.362776,-129.572127,75.296203,3.438049,3.542335,-0.676564,-59.694175,3.579705,1.943192,2.379287,0.011333,0.024359,0.059961
0.363297,-129.843639,75.372464,3.546155,3.601906,-0.676564,-59.694175,3.579705,1.943192,2.378518,0.011333,0.024673,0.059961
0.363819,-129.415534,75.694394,3.386864,3.447444,-0.676564,-59.694175,3.579705,1.943192,2.381365,0.011333,0.024051,0.059961
0.364340,-129.536030,75.485843,3.667732,3.696561,-0.676564,-59.694175,3.579705,1.943192,2.380128,0.011333,0.025152,0.059961
0.364861,-129.695768,75.240483,3.628357,3.563125,-0.676564,-59.694175,3.579705,1.943192,2.378602,0.011333,0.024801,0.059961
0.365382,-129.600700,75.323560,3.406997,3.575128,-0.676564,-59.694175,3.579705,1.943192,2.379277,0.011333,0.024354,0.059961
0.365904,-129.600700,75.323560,3.406997,3.575128,-0.676564,-59.694175,3.579705,1.943192,2.379277,0.011333,0.024354,0.059961
0.366425,-129.820166,75.212937,3.517182,3.630468,-0.676564,-59.694175,3.579705,1.943192,2.378018,0.011333,0.024683,0.059961
0.366946,-129.598459,75.422402,3.386296,3.649213,-0.676564,-59.694175,3.579705,1.943192,2.379651,0.011333,0.024453,0.059961
0.367467,-129.642473,74.880902,3.557084,3.803505,-0.676564,-59.694175,3.579705,1.943192,2.377475,0.011333,0.025169,0.059961
0.367988,-129.644298,74.927803,3.547133,3.839127,-0.676564,-59.694175,3.579705,1.943192,2.377642,0.011333,0.025218,0.059961
0.368510,-129.280873,75.251333,3.400355,3.798083,-0.676564,-59.694175,3.579705,1.943192,2.380251,0.011333,0.024838,0.059961
0.369031,-129.362452,75.273349,3.348042,3.816371,-0.676564,-59.694175,3.579705,1.943192,2.380015,0.011333,0.024759,0.059961
0.369552,-129.177713,75.480116,3.480893,3.631517,-0.676564,-59.694175,3.579705,1.943192,2.381497,0.011333,0.024658,0.059961
0.370073,-129.243925,75.698909,3.401785,3.786686,-0.676564,-59.694175,3.579705,1.943192,2.382048,0.011333,0.024784,0.059961
0.370595,-129.116770,74.852914,3.481501,3.652387,-0.676564,-59.694175,3.579705,1.943192,2.379412,0.011333,0.024757,0.059961
0.371116,-129.140906,74.947637,3.467539,3.721698,-0.676564,-59.694175,3.579705,1.943192,2.379669,0.011333,0.024859,0.059961
0.371637,-129.140906,74.947637,3.467539,3.721698,-0.676564,-59.694175,3.579705,1.943192,2.379669,0.011333,0.024859,0.059961
0.372158,-129.116770,74.852914,3.481501,3.652387,-0.676564,-59.694175,3.579705,1.943192,2.379412,0.011333,0.024757,0.059961
0.372680,-129.140906,74.947637,3.467539,3.721698,-0.676564,-59.694175,3.579705,1.943192,2.379669,0.011333,0.024859,0.059961
0.373201,-129.116770,74.852914,3.481501,3.652387,-0.676564,-59.694175,3.579705,1.943192,2.379412,0.011333,0.024757,0.059961
0.373722,-128.803166,75.236561,3.311667,3.657857,-0.676564,-59.694175,3.579705,1.943192,2.382054,0.011333,0.024416,0.059961
0.374243,-128.895043,75.591402,3.324057,3.576478,-0.676564,-59.694175,3.579705,1.943192,2.383008,0.011333,0.024238,0.059961
0.374764,-129.290184,75.346226,3.412105,3.574386,-0.676564,-59.694175,3.579705,1.943192,2.380565,0.011333,0.024395,0.059961
0.375286,-128.889518,74.897016,3.290960,3.896415,-0.676564,-59.694175,3.579705,1.943192,2.380460,0.011333,0.024895,0.059961
0.375807,-128.981308,75.559932,3.272472,3.594300,-0.676564,-59.694175,3.579705,1.943192,2.382556,0.011333,0.024161,0.059961
0.376328,-128.889518,74.897016,3.290960,3.896415,-0.676564,-59.694175,3.579705,1.943192,2.380460,0.011333,0.024895,0.059961
0.376849,-129.188804,74.302634,3.522537,4.024293,-0.676564,-59.694175,3.579705,1.943192,2.377084,0.011333,0.025666,0.059961
0.377371,-129.190074,74.569095,3.405329,3.987375,-0.676564,-59.694175,3.579705,1.943192,2.378072,0.011333,0.025321,0.059961
0.377892,-129.066693,75.347362,3.382932,3.811401,-0.676564,-59.694175,3.579705,1.943192,2.381438,0.011333,0.024844,0.059961
0.378413,-129.353492,75.097314,3.477219,3.829503,-0.676564,-59.694175,3.579705,1.943192,2.379398,0.011333,0.025068,0.059961
0.378934,-129.242110,75.633443,3.444074,4.182641,-0.676564,-59.694175,3.579705,1.943192,2.381813,0.011333,0.025726,0.059961
0.379456,-129.353492,75.097314,3.477219,3.829503,-0.676564,-59.694175,3.579705,1.943192,2.379398,0.011333,0.025068,0.059961
0.379977,-129.353492,75.097314,3.477219,3.829503,-0.676564,-59.694175,3.579705,1.943192,2.379398,0.011333,0.025068,0.059961
0.380498,-129.353492,75.097314,3.477219,3.829503,-0.676564,-59.694175,3.579705,1.943192,2.379398,0.011333,0.025068,0.059961
0.381019,-129.313931,75.118034,3.351826,3.868836,-0.676564,-59.694175,3.579705,1.943192,2.379629,0.011333,0.024896,0.059961
0.381540,-129.183282,74.999974,3.405213,3.786577,-0.676564,-59.694175,3.579705,1.943192,2.379699,0.011333,0.024855,0.059961
0.382062,-129.383676,74.952605,3.373407,3.781750,-0.676564,-59.694175,3.579705,1.943192,2.378745,0.011333,0.024762,0.059961
0.382583,-129.303897,74.974639,3.483816,3.756312,-0.676564,-59.694175,3.579705,1.943192,2.379136,0.011333,0.024945,0.059961
0.383104,-129.271165,74.804772,3.441599,3.678066,-0.676564,-59.694175,3.579705,1.943192,2.378633,0.011333,0.024712,0.059961
0.383625,-129.121061,75.356901,3.485312,3.558480,-0.676564,-59.694175,3.579705,1.943192,2.381262,0.011333,0.024537,0.059961
0.384147,-129.194454,75.628436,3.395672,3.759478,-0.676564,-59.694175,3.579705,1.943192,2.381980,0.011333,0.024726,0.059961
0.384668,-129.356857,75.379956,3.435011,4.035130,-0.676564,-59.694175,3.579705,1.943192,2.380431,0.011333,0.025396,0.059961
0.385189,-129.356857,75.379956,3.435011,4.035130,-0.676564,-59.694175,3.579705,1.943192,2.380431,0.011333,0.025396,0.059961
0.385710,-129.356857,75.379956,3.435011,4.035130,-0.676564,-59.694175,3.579705,1.943192,2.380431,0.011333,0.025396,0.059961
0.386232,-129.335123,74.380192,3.435011,4.035130,-0.676564,-59.694175,3.579705,1.943192,2.376805,0.011333,0.025487,0.059961
0.386753,-129.335123,74.380192,3.435011,4.035130,-0.676564,-59.694175,3.579705,1.943192,2.376805,0.011333,0.025487,0.059961
0.387274,-129.335123,74.380192,3.435011,4.035130,-0.676564,-59.694175,3.579705,1.943192,2.376805,0.011333,0.025487,0.059961
0.387795,-129.335123,74.380192,3.435011,4.035130,-0.676564,-59.694175,3.579705,1.943192,2.376805,0.011333,0.025487,0.059961
0.388316,-129.367985,75.257557,3.282917,3.692973,-0.676564,-59.694175,3.579705,1.943192,2.379935,0.011333,0.024369,0.059961
0.388838,-129.367985,75.257557,3.282917,3.692973,-0.676564,-59.694175,3.579705,1.943192,2.379935,0.011333,0.024369,0.059961
0.389359,-129.367985,75.257557,3.282917,3.692973,-0.676564,-59.694175,3.579705,1.943192,2.379935,0.011333,0.024369,0.059961
0.389880,-129.504347,75.162512,3.345519,3.684593,-0.676564,-59.694175,3.579705,1.943192,2.379055,0.011333,0.024472,0.059961
0.390401,-129.367985,75.257557,3.282917,3.692973,-0.676564,-59.694175,3.579705,1.943192,2.379935,0.011333,0.024369,0.059961
0.390923,-129.367985,75.257557,3.282917,3.692973,-0.676564,-59.694175,3.579705,1.943192,2.379935,0.011333,0.024369,0.059961
0.391444,-129.255431,74.842783,3.396035,3.820251,-0.676564,-59.694175,3.579705,1.943192,2.378835,0.011333,0.024912,0.059961
0.391965,-129.053680,75.843078,3.368791,3.859985,-0.676564,-59.694175,3.579705,1.943192,2.383318,0.011333,0.024877,0.059961
0.392486,-129.053680,75.843078,3.368791,3.859985,-0.676564,-59.694175,3.579705,1.943192,2.383318,0.011333,0.024877,0.059961
0.393008,-129.188145,75.766198,3.435532,3.840084,-0.676564,-59.694175,3.579705,1.943192,2.382512,0.011333,0.024965,0.059961
0.393529,-129.121061,75.356901,3.485312,3.558480,-0.676564,-59.694175,3.579705,1.943192,2.381262,0.011333,0.024537,0.059961
0.394050,-129.007744,75.221400,3.383619,3.740933,-0.676564,-59.694175,3.579705,1.943192,2.381202,0.011333,0.024716,0.059961
0.394571,-128.999013,75.029781,3.311946,3.674600,-0.676564,-59.694175,3.579705,1.943192,2.380526,0.011333,0.024447,0.059961
0.395092,-128.999013,75.029781,3.311946,3.674600,-0.676564,-59.694175,3.579705,1.943192,2.380526,0.011333,0.024447,0.059961
0.395614,-129.074822,74.907495,3.299268,3.618174,-0.676564,-59.694175,3.579705,1.943192,2.379777,0.011333,0.024307,0.059961
0.396135,-128.991578,74.946824,3.350365,3.607035,-0.676564,-59.694175,3.579705,1.943192,2.380247,0.011333,0.024395,0.059961
0.396656,-128.999013,75.029781,3.311946,3.674600,-0.676564,-59.694175,3.579705,1.943192,2.380526,0.011333,0.024447,0.059961
0.397177,-129.087139,75.187837,3.335808,3.755506,-0.676564,-59.694175,3.579705,1.943192,2.380768,0.011333,0.024642,0.059961
0.397699,-129.087139,75.187837,3.335808,3.755506,-0.676564,-59.694175,3.579705,1.943192,2.380768,0.011333,0.024642,0.059961
0.398220,-129.087139,75.187837,3.335808,3.755506,-0.676564,-59.694175,3.579705,1.943192,2.380768,0.011333,0.024642,0.059961
0.398741,-129.054358,75.401697,3.334520,3.901255,-0.676564,-59.694175,3.579705,1.943192,2.381687,0.011333,0.024933,0.059961
0.399262,-129.266306,75.171118,3.387228,3.935574,-0.676564,-59.694175,3.579705,1.943192,2.380010,0.011333,0.025111,0.059961
0.399783,-129.027627,75.352976,3.407399,3.553442,-0.676564,-59.694175,3.579705,1.943192,2.381611,0.011333,0.024371,0.059961
0.400305,-129.031946,74.843314,3.368791,3.859985,-0.676564,-59.694175,3.579705,1.943192,2.379706,0.011333,0.024964,0.059961
0.400826,-129.444574,76.470364,3.494841,2.816623,-0.676564,-59.694175,3.579705,1.943192,2.384106,0.011333,0.023099,0.059961
0.401347,-129.425515,76.696078,3.332802,2.750728,-0.676564,-59.694175,3.579705,1.943192,2.385006,0.011333,0.022617,0.059961
0.401868,-129.592239,76.881503,3.349805,3.064600,-0.676564,-59.694175,3.579705,1.943192,2.385039,0.011333,0.023157,0.059961
0.402390,-129.591310,76.928461,3.363342,3.035123,-0.676564,-59.694175,3.579705,1.943192,2.385214,0.011333,0.023132,0.059961
0.402911,-129.426584,77.024300,3.274306,3.020870,-0.676564,-59.694175,3.579705,1.943192,2.386202,0.011333,0.022926,0.059961
0.403432,-129.426584,77.024300,3.274306,3.020870,-0.676564,-59.694175,3.579705,1.943192,2.386202,0.011333,0.022926,0.059961
0.403953,-129.426584,77.024300,3.274306,3.020870,-0.676564,-59.694175,3.579705,1.943192,2.386202,0.011333,0.022926,0.059961
0.404475,-129.425515,76.696078,3.332802,2.750728,-0.676564,-59.694175,3.579705,1.943192,2.385006,0.011333,0.022617,0.059961
0.404996,-129.452716,77.021350,3.386673,3.107185,-0.676564,-59.694175,3.579705,1.943192,2.386090,0.011333,0.023319,0.059961
0.405517,-129.422910,76.745742,3.347354,2.714949,-0.676564,-59.694175,3.579705,1.943192,2.385198,0.011333,0.022589,0.059961
0.406038,-129.181427,75.734744,3.425247,3.610798,-0.676564,-59.694175,3.579705,1.943192,2.382423,0.011333,0.024477,0.059961
0.406559,-129.422910,76.745742,3.347354,2.714949,-0.676564,-59.694175,3.579705,1.943192,2.385198,0.011333,0.022589,0.059961
0.407081,-129.599338,76.603997,3.422581,2.763715,-0.676564,-59.694175,3.579705,1.943192,2.383996,0.011333,0.022824,0.059961
0.407602,-129.158259,75.665149,3.292417,4.030386,-0.676564,-59.694175,3.579705,1.943192,2.382256,0.011333,0.025094,0.059961
0.408123,-129.158259,75.665149,3.292417,4.030386,-0.676564,-59.694175,3.579705,1.943192,2.382256,0.011333,0.025094,0.059961
0.408644,-129.242206,75.377554,3.259951,4.088616,-0.676564,-59.694175,3.579705,1.943192,2.380868,0.011333,0.025176,0.059961
0.409166,-129.136570,75.265557,3.477315,4.031385,-0.676564,-59.694175,3.579705,1.943192,2.380864,0.011333,0.025507,0.059961
0.409687,-129.166757,75.355473,3.309141,4.069854,-0.676564,-59.694175,3.579705,1.943192,2.381079,0.011333,0.025240,0.059961
0.410208,-129.171986,75.085766,3.293562,3.944138,-0.676564,-59.694175,3.579705,1.943192,2.380060,0.011333,0.024958,0.059961
0.410729,-129.095588,75.528983,3.234594,4.026049,-0.676564,-59.694175,3.579705,1.943192,2.381997,0.011333,0.024989,0.059961
0.411251,-129.008361,75.530879,3.228081,4.025907,-0.676564,-59.694175,3.579705,1.943192,2.382343,0.011333,0.024984,0.059961
0.411772,-129.029220,75.563991,3.196069,4.052645,-0.676564,-59.694175,3.579705,1.943192,2.382384,0.011333,0.024976,0.059961
0.412293,-129.165203,75.493905,3.272216,4.023968,-0.676564,-59.694175,3.579705,1.943192,2.381597,0.011333,0.025054,0.059961
0.412814,-129.074545,75.575894,3.233865,4.043277,-0.676564,-59.694175,3.579705,1.943192,2.382252,0.011333,0.025023,0.059961
0.413335,-129.312683,75.142790,3.263119,4.198282,-0.676564,-59.694175,3.579705,1.943192,2.379725,0.011333,0.025443,0.059961
0.413857,-129.312683,75.142790,3.263119,4.198282,-0.676564,-59.694175,3.579705,1.943192,2.379725,0.011333,0.025443,0.059961
0.414378,-128.994564,75.577633,3.214668,4.042860,-0.676564,-59.694175,3.579705,1.943192,2.382570,0.011333,0.024992,0.059961
0.414899,-128.994564,75.577633,3.214668,4.042860,-0.676564,-59.694175,3.579705,1.943192,2.382570,0.011333,0.024992,0.059961
0.415420,-129.109246,76.128364,3.256195,3.708793,-0.676564,-59.694175,3.579705,1.943192,2.384152,0.011333,0.024303,0.059961
0.415942,-129.208077,76.320983,3.394860,3.828272,-0.676564,-59.694175,3.579705,1.943192,2.384476,0.011333,0.024808,0.059961
0.416463,-129.114466,76.719435,3.398241,3.002275,-0.676564,-59.694175,3.579705,1.943192,2.386299,0.011333,0.023218,0.059961
0.416984,-129.012428,77.002958,3.022970,2.685619,-0.676564,-59.694175,3.579705,1.943192,2.387732,0.011333,0.021871,0.059961
0.417505,-129.467062,76.754969,3.319340,2.732406,-0.676564,-59.694175,3.579705,1.943192,2.385061,0.011333,0.022549,0.059961
0.418027,-129.130761,76.999596,3.287927,2.886935,-0.676564,-59.694175,3.579705,1.943192,2.387260,0.011333,0.022759,0.059961
0.418548,-129.448910,76.742271,3.501005,2.976962,-0.676564,-59.694175,3.579705,1.943192,2.385085,0.011333,0.023364,0.059961
0.419069,-129.142721,76.968426,3.412282,2.876358,-0.676564,-59.694175,3.579705,1.943192,2.387100,0.011333,0.023016,0.059961
0.419590,-128.893509,75.289971,3.587540,3.478278,-0.676564,-59.694175,3.579705,1.943192,2.381900,0.011333,0.024633,0.059961
0.420111,-128.729759,75.461694,3.577061,3.496828,-0.676564,-59.694175,3.579705,1.943192,2.383173,0.011333,0.024652,0.059961
0.420633,-128.607100,75.659358,3.576115,3.414789,-0.676564,-59.694175,3.579705,1.943192,2.384381,0.011333,0.024491,0.059961
0.421154,-128.846424,77.005777,3.181077,2.920181,-0.676564,-59.694175,3.579705,1.943192,2.388388,0.011333,0.022616,0.059961
0.421675,-129.007345,76.740348,3.177284,2.774446,-0.676564,-59.694175,3.579705,1.943192,2.386792,0.011333,0.022360,0.059961
0.422196,-128.277751,76.596022,3.202155,2.931878,-0.676564,-59.694175,3.579705,1.943192,2.389109,0.011333,0.022770,0.059961
0.422718,-128.311403,76.666584,3.101599,2.869177,-0.676564,-59.694175,3.579705,1.943192,2.389236,0.011333,0.022439,0.059961
0.423239,-128.074057,74.950825,2.975577,3.571077,-0.676564,-59.694175,3.579705,1.943192,2.383845,0.011333,0.023664,0.059961
0.423760,-128.296468,77.002031,3.121018,2.429055,-0.676564,-59.694175,3.579705,1.943192,2.390520,0.011333,0.021759,0.059961
0.424281,-127.181412,75.234142,3.278203,3.800835,-0.676564,-59.694175,3.579705,1.943192,2.388404,0.011333,0.024814,0.059961
0.424803,-126.846086,76.744604,3.219919,2.359420,-0.676564,-59.694175,3.579705,1.943192,2.395279,0.011333,0.022058,0.059961
0.425324,-126.521323,76.714446,3.053115,2.386817,-0.676564,-59.694175,3.579705,1.943192,2.396454,0.011333,0.021763,0.059961
0.425845,-125.581024,75.930685,3.111510,3.771968,-0.676564,-59.694175,3.579705,1.943192,2.397320,0.011333,0.024517,0.059961
0.426366,-124.790859,75.046235,3.492001,3.260371,-0.676564,-59.694175,3.579705,1.943192,2.397222,0.011333,0.024499,0.059961
0.426887,-124.227502,76.684835,3.068430,2.661604,-0.676564,-59.694175,3.579705,1.943192,2.405507,0.011333,0.022474,0.059961
0.427409,-123.587846,75.489137,3.602969,3.085345,-0.676564,-59.694175,3.579705,1.943192,2.403707,0.011333,0.024562,0.059961
0.427930,-122.159536,75.691156,3.124342,2.436042,-0.676564,-59.694175,3.579705,1.943192,2.410264,0.011333,0.022558,0.059961
0.428451,-121.227076,75.138875,3.569568,2.179693,-0.676564,-59.694175,3.579705,1.943192,2.412062,0.011333,0.023452,0.059961
0.428972,-120.043592,75.202723,3.198852,2.533492,0.000000,-60.153221,4.985809,3.135374,2.416077,-0.000000,0.028612,0.082885
0.429494,-119.130880,75.361959,3.547057,2.975198,-0.894322,-60.548010,4.991704,3.353117,2.425623,0.014769,0.030406,0.082428
0.430015,-117.405109,75.291507,3.436481,2.667903,-1.625534,-61.328630,5.081152,3.710860,2.438577,0.026499,0.030905,0.082809
0.430536,-116.048212,74.209720,3.123199,3.145749,-3.297186,-62.285378,4.946479,3.554254,2.451171,0.052887,0.030668,0.079252
0.431057,-113.900749,74.361109,3.062873,3.146400,-5.669942,-62.482092,3.538305,3.123133,2.472418,0.090497,0.026288,0.056346
0.431579,-112.068905,73.640739,3.138931,2.915414,-30.839370,-28.914693,3.529267,3.195181,2.471715,0.817597,0.034962,0.079377
0.432100,-109.853847,74.045351,3.272024,2.983168,-56.008798,4.652707,3.520229,3.267228,2.481691,1.653677,0.053126,0.058166
0.432621,-108.127843,73.978550,3.448438,2.906155,-81.178227,38.220107,3.511191,3.339276,2.495755,2.010826,0.106042,0.037571
0.433142,-11.988677,-86.644089,6.557623,5.406976,-106.347655,71.787507,3.502153,3.411324,-0.537165,2.164564,0.038916,0.026810
0.433663,-13.436908,-86.842695,6.640127,6.457597,-104.058814,73.106799,3.713108,2.912314,-0.515473,2.183233,0.040709,0.025156
0.434185,-16.377034,-89.264311,6.619433,6.533706,-101.849637,73.846807,3.305793,2.717539,-0.482674,2.198142,0.039808,0.023319
0.434706,-19.161051,-92.012540,6.448642,6.689930,-99.228362,73.161858,3.705903,2.697261,-0.451369,2.206125,0.040290,0.025066
0.435227,-22.546416,-94.689672,6.464882,6.697862,-96.669685,73.417853,3.529700,2.735612,-0.415284,2.220332,0.039976,0.025127
0.435748,-26.142248,-97.078250,6.554897,6.429182,-94.910525,72.938647,3.592735,2.781877,-0.384362,2.226032,0.040408,0.025963
0.436270,-29.763547,-99.687475,6.603407,6.510654,-91.816447,73.832131,3.167205,2.497190,-0.343441,2.248049,0.039531,0.023592
0.436791,-33.540276,-101.337553,6.155589,6.879631,-88.916716,73.340119,3.675694,2.555932,-0.306998,2.260488,0.039211,0.026541
0.437312,-37.468567,-103.849642,6.146560,7.101158,-85.954393,73.385821,3.224702,2.796980,-0.267034,2.277479,0.038049,0.026409
0.437833,-41.404848,-105.008536,6.151790,7.073203,-83.726069,73.785953,3.278176,2.192167,-0.232425,2.293171,0.038068,0.024380
0.438355,-45.912021,-106.524822,6.364137,6.845635,-80.642691,73.846180,3.736132,2.424274,-0.190223,2.312229,0.040154,0.028281
0.438876,-50.323957,-107.735066,6.332247,6.909862,-76.939661,73.839593,3.823188,2.549782,-0.145546,2.335637,0.040303,0.030230
0.439397,-54.900038,-108.368645,6.033593,7.010125,-74.699363,73.905636,3.747522,2.886077,-0.108200,2.350853,0.038771,0.031786
0.439918,-59.365842,-109.086618,6.148158,6.606699,-72.112641,73.988074,3.305442,2.795016,-0.069514,2.369030,0.038042,0.029689
0.440439,-63.681847,-109.455836,6.202278,6.714308,-68.808142,73.511586,3.714597,2.862141,-0.028010,2.389231,0.039498,0.033207
0.440961,-68.051087,-108.225303,6.155373,6.739970,-66.273659,74.993414,3.359382,2.860111,0.009701,2.417842,0.038272,0.031477
0.441482,-73.086442,-107.853844,6.341632,6.939999,-63.576471,74.764199,3.620007,3.076440,0.052029,2.436890,0.039936,0.034669
0.442003,-77.413277,-107.039190,6.271106,6.606719,-59.788713,75.482499,3.337844,2.694487,0.096263,2.471695,0.038743,0.032252
0.442524,-81.569925,-105.972692,6.257955,6.794626,-58.169911,75.685610,3.395441,2.765403,0.128108,2.486310,0.038892,0.033273
0.443046,-85.793987,-104.121518,6.376776,6.805882,-55.726155,75.388391,3.520337,3.192889,0.165959,2.505048,0.040055,0.036355
0.443567,-89.925461,-103.245479,6.235484,6.598646,-53.529198,76.199347,3.560433,2.829346,0.200112,2.529198,0.039216,0.035831
0.444088,-93.982249,-101.471490,6.335592,6.616685,-51.004367,76.722942,3.383181,2.575590,0.236665,2.554893,0.039158,0.034274
0.444609,-97.733540,-99.591959,6.294462,6.655702,-48.599799,76.542681,3.910118,2.836395,0.272040,2.575879,0.040455,0.040083
0.445131,-101.716200,-97.244928,6.280646,6.516667,-46.163372,77.922095,3.206611,2.534572,0.307108,2.606758,0.038345,0.033635
0.445652,-105.122756,-95.185699,6.225706,6.540946,-44.115137,77.430559,3.662046,2.702067,0.339726,2.623722,0.039364,0.038731
0.446173,-108.599654,-92.945384,6.348190,6.448669,-41.253771,78.867632,3.765027,2.375313,0.373567,2.659655,0.039639,0.039471
0.446694,-111.485052,-90.494377,6.385026,6.477706,-40.249376,78.106407,3.810157,3.082654,0.399761,2.665769,0.040410,0.041762
0.447215,-114.829840,-87.996201,6.276751,6.708194,-38.323474,79.166605,3.668701,2.877994,0.429219,2.690757,0.039575,0.040160
0.447737,-117.997434,-85.586548,6.213969,6.619298,-37.318506,79.132626,3.449571,3.027542,0.455452,2.700927,0.038932,0.038595
0.448258,-120.881349,-83.431970,6.127867,6.538102,-36.028928,79.692673,3.640947,2.889990,0.479652,2.716995,0.038789,0.040302
0.448779,-122.912479,-80.641122,6.190326,6.457377,-34.108113,80.028159,3.653043,2.897671,0.504925,2.738705,0.039015,0.040778
0.449300,-125.971234,-78.062097,6.466674,6.794902,-32.669852,80.325100,3.995515,2.893863,0.532345,2.755306,0.041052,0.044495
0.449822,-127.868245,-77.041497,6.405653,6.684633,-31.111758,80.436510,3.945739,2.796894,0.550950,2.772529,0.040299,0.044245
0.450343,-129.997637,-74.712278,6.372505,6.614743,-30.595360,80.014911,3.976221,3.103595,0.571039,2.776376,0.040521,0.045244
0.450864,-132.042699,-72.624369,6.359030,6.411228,-28.990358,81.005739,3.406170,2.754532,0.590846,2.797915,0.038604,0.038804
0.451385,-133.778603,-70.292621,6.558063,6.375703,-28.641719,80.748104,4.128973,2.881695,0.608092,2.800733,0.040820,0.046791
0.451907,-135.836697,-68.141812,6.453488,6.340334,-27.917376,81.195771,3.806169,2.903640,0.625768,2.810427,0.039720,0.043339
0.452428,-136.925874,-66.686421,6.071202,6.373569,-26.845525,80.925900,3.904105,3.292273,0.640769,2.821286,0.039113,0.045129
0.452949,-138.630974,-65.023497,6.327736,6.395870,-26.875192,81.361318,3.845469,3.239278,0.652046,2.822557,0.039740,0.044233
0.453470,-140.300965,-63.817027,6.418210,6.584351,-26.974007,81.909992,3.798323,3.008883,0.660974,2.823465,0.039957,0.043235
0.453991,-141.276156,-62.757617,6.550714,6.448612,-26.386812,81.587338,3.561187,3.321591,0.672258,2.828792,0.039994,0.041274
0.454513,-142.514552,-61.187700,6.273873,6.611401,-26.072534,81.884467,3.647734,3.046017,0.683141,2.833336,0.039389,0.041852
0.455034,-143.998251,-60.731623,6.482820,6.449485,-26.221918,81.940796,3.556979,3.053257,0.690099,2.831880,0.039408,0.040835
0.455555,-144.619380,-59.642525,6.491074,6.648430,-26.079763,81.700618,3.719869,3.357610,0.697877,2.832605,0.040482,0.043001
0.456076,-145.590666,-59.105608,6.622601,6.642943,-26.271266,81.680192,3.549735,3.376610,0.703055,2.830407,0.040575,0.041187
0.456598,-146.411387,-59.094182,6.571490,6.664826,-26.225098,81.266352,3.818396,3.357170,0.708122,2.829437,0.040817,0.044234
0.457119,-146.954176,-58.864458,6.570615,6.491950,-26.601342,81.038062,4.009474,3.331721,0.710422,2.824417,0.040801,0.046296
0.457640,-147.585783,-58.922990,6.724449,6.627588,-26.603609,80.871899,4.054970,3.210587,0.713382,2.823783,0.041364,0.046754
0.458161,-148.293973,-58.138021,6.601260,6.646032,-27.514814,82.052180,3.777651,2.818415,0.711154,2.818043,0.040225,0.042661
0.458682,-148.569190,-58.341457,6.701254,6.771698,-28.210137,81.943431,3.848635,2.897318,0.709098,2.810037,0.040988,0.043378
0.459204,-149.252551,-58.724378,6.620412,6.768903,-28.159982,81.523909,3.599502,2.870113,0.712231,2.809004,0.040249,0.040915
0.459725,-149.395489,-59.300814,6.624201,6.669659,-29.130161,81.423198,4.011695,2.896275,0.707169,2.798019,0.040776,0.045112
0.460246,-149.861830,-60.341848,6.513805,6.713547,-30.429822,81.118759,3.947329,2.961158,0.701162,2.782711,0.040520,0.044315
0.460767,-149.524541,-61.583374,6.619116,6.320725,-31.372402,80.526772,3.632739,3.070171,0.693604,2.770093,0.039722,0.041236
0.461289,-149.787010,-62.373219,6.607580,6.772360,-32.617827,80.926881,3.871003,2.908748,0.685410,2.758457,0.040756,0.042994
0.461810,-149.582411,-64.095265,6.356810,6.563002,-33.550254,80.165696,3.476889,2.723085,0.677370,2.745231,0.038841,0.038839
0.462331,-149.313150,-65.696709,6.699797,6.386244,-34.752450,79.680718,3.922724,2.850850,0.667395,2.730319,0.040402,0.043391
0.462852,-148.783141,-67.231245,6.573231,6.462495,-36.569348,79.136873,3.945013,3.006754,0.654075,2.708720,0.040510,0.043552
0.463374,-148.583799,-68.850681,6.466727,6.626206,-37.516240,79.180703,3.673262,3.063344,0.643691,2.699120,0.039921,0.040736
0.463895,-147.863373,-70.827522,6.517458,6.493283,-38.973979,78.958876,3.672253,2.998968,0.628595,2.683079,0.039793,0.040321
0.464416,-147.626563,-72.636769,6.545256,6.501575,-40.951069,78.847426,3.523448,3.034561,0.613541,2.662569,0.039664,0.038554
0.464937,-146.172278,-74.560574,6.437438,6.652587,-41.902764,78.548668,3.553282,3.051222,0.597870,2.651535,0.039636,0.038734
0.465458,-145.665079,-76.781442,6.442015,6.797876,-43.627161,77.928563,3.509644,3.062106,0.583055,2.631230,0.039781,0.038162
0.465980,-144.083099,-79.063616,6.459649,6.589071,-45.650854,77.553766,3.752435,2.995878,0.561104,2.609572,0.040033,0.039704
0.466501,-143.339909,-80.768075,6.347940,6.707711,-47.873723,77.415619,3.710763,2.872505,0.543000,2.587754,0.039717,0.038441
0.467022,-141.458812,-84.211009,6.397229,6.446491,-49.792541,76.308734,3.791367,3.005949,0.518868,2.563452,0.039806,0.039235
0.467543,-139.752437,-86.109032,6.441421,6.588441,-51.650920,76.132597,3.756235,2.942820,0.497474,2.545488,0.040096,0.038263
0.468065,-138.149106,-88.551576,6.269630,6.624228,-53.803923,75.854114,3.797599,3.212704,0.474018,2.524647,0.039706,0.038844
0.468586,-136.531693,-90.810745,6.352244,6.588990,-55.594863,75.213621,3.853832,3.281580,0.453597,2.505066,0.040155,0.039152
0.469107,-134.048331,-93.111626,6.132674,6.491054,-57.798726,74.849179,3.646240,3.206753,0.426153,2.484033,0.038778,0.036889
0.469628,-131.951571,-95.401377,6.408864,6.580719,-60.309203,74.574949,3.328985,2.979458,0.398889,2.461566,0.039154,0.033316
0.470150,-128.947468,-97.620444,6.301618,6.480272,-63.061887,74.451009,3.484494,3.033715,0.365676,2.438828,0.039050,0.033860
0.470671,-126.592739,-99.237427,6.401948,6.544991,-65.680066,73.952463,3.779172,3.109990,0.338198,2.415369,0.040382,0.035385
0.471192,-124.036294,-101.730137,6.349370,6.772634,-68.991574,73.838921,3.707494,3.075730,0.303815,2.390119,0.040002,0.033918
0.471713,-121.246747,-103.458571,6.408016,6.456892,-71.409067,73.573897,3.905169,3.098601,0.274415,2.371125,0.040669,0.034497
0.472234,-118.072152,-105.208918,6.327439,6.564537,-74.948573,73.571019,3.682364,3.013572,0.236689,2.346920,0.039779,0.031978
0.472756,-115.116615,-106.955157,6.142020,6.630630,-78.159319,73.182565,3.575626,2.985875,0.202353,2.323322,0.038685,0.030583
0.473277,-111.660268,-107.875569,6.243523,6.556901,-80.914010,72.065924,3.751310,3.282904,0.169234,2.298421,0.039908,0.032282
0.473798,-108.719402,-109.164417,5.861158,6.854763,-84.846768,72.193184,3.902175,2.934783,0.130880,2.275793,0.038533,0.030295
0.474319,-105.371480,-110.163069,5.933835,6.788792,-87.400079,71.955536,3.723999,3.084708,0.098361,2.259578,0.038306,0.029659
0.474841,-101.748065,-109.260304,6.119167,6.854684,-90.896268,72.949201,3.904624,3.243809,0.059486,2.247093,0.039774,0.030181
0.475362,-97.884045,-109.567984,6.104569,7.066104,-94.111965,72.463036,3.264992,3.208934,0.020719,2.226954,0.038025,0.027193
0.475883,-94.683378,-109.562477,6.004955,7.041310,-97.621244,72.616757,3.571459,3.232740,-0.016125,2.210358,0.038347,0.027594
0.476404,-90.790017,-109.461640,6.038939,6.869515,-100.861796,72.573639,3.790551,3.229054,-0.055272,2.194513,0.039116,0.027611
0.476926,-87.505189,-108.533922,6.154408,6.729060,-103.938817,72.729022,3.334899,3.246698,-0.090415,2.181340,0.038481,0.025824
0.477447,-83.755569,-107.691988,6.085332,6.846242,-106.968070,72.932875,3.646882,3.218644,-0.127812,2.169216,0.039000,0.025956
0.477968,-80.804585,-106.708591,6.083743,6.955867,-109.353029,73.695070,3.926438,2.850611,-0.156946,2.163803,0.039681,0.024459
0.478489,-76.906141,-104.975426,6.138207,7.133774,-112.413821,73.489984,3.382396,2.976223,-0.196396,2.149800,0.038674,0.023107
0.479010,-73.725235,-103.746664,6.163622,6.926314,-115.612197,73.814915,4.229742,3.018435,-0.231666,2.139023,0.040999,0.024887
0.479532,-70.858334,-101.892091,6.201310,6.852626,-117.782978,74.472929,3.972663,2.959858,-0.260041,2.134620,0.040391,0.023546
0.480053,-68.069079,-100.175193,6.366043,6.619068,-120.900011,74.300124,3.489697,3.267978,-0.294023,2.121852,0.039880,0.023468
0.480574,-64.887226,-98.086588,6.378170,6.784216,-123.513506,74.874405,3.584622,3.060789,-0.326803,2.115765,0.040134,0.022224
0.481095,-62.229124,-95.837809,6.364285,6.779369,-126.811411,74.779376,3.961813,3.202302,-0.361855,2.103600,0.041094,0.023193
0.481617,-59.024759,-93.798023,6.160044,6.662273,-128.342784,76.259086,3.150121,2.445911,-0.387055,2.106928,0.037815,0.017736
0.482138,-56.925579,-91.434820,6.271249,6.763378,-130.225208,75.648322,3.253126,3.202723,-0.413418,2.097056,0.039100,0.021351
0.482659,-54.654705,-89.062484,6.206110,6.627192,-132.144110,76.733025,3.612315,2.791771,-0.437212,2.096886,0.039248,0.019762
0.483180,-52.416494,-86.508105,6.108770,6.667265,-134.303984,77.087631,3.653716,3.358735,-0.464086,2.091863,0.039296,0.022177
0.483702,-50.221302,-85.490907,6.164541,6.711006,-135.580133,76.564526,3.562849,3.481846,-0.484799,2.084869,0.039408,0.022489
0.484223,-48.258827,-83.197406,6.204862,6.731806,-137.720130,77.329988,3.444794,3.512517,-0.508428,2.082427,0.039275,0.022137
0.484744,-46.130034,-80.935891,6.388133,6.562303,-138.729816,77.335758,3.464292,3.588033,-0.529368,2.079346,0.039929,0.022408
0.485265,-44.541203,-79.343768,6.672147,6.537853,-140.034738,77.828530,3.447584,3.336268,-0.545969,2.078066,0.040589,0.020990
0.485786,-43.254034,-77.094904,6.383035,6.533156,-141.714920,79.134418,3.604688,3.425408,-0.562354,2.080070,0.039767,0.021371
0.486308,-41.783310,-74.795965,6.566353,6.290443,-142.924246,78.209300,3.479535,3.584684,-0.584090,2.071493,0.040203,0.021855
0.486829,-40.251688,-73.459550,6.451054,6.532936,-143.456499,77.590936,3.562451,3.365567,-0.599394,2.066601,0.040247,0.020915
0.487350,-39.179330,-71.711131,6.421667,6.565755,-145.254900,77.839033,3.765313,3.491036,-0.616939,2.062733,0.040586,0.021566
0.487871,-37.946961,-69.957093,6.443930,6.493970,-145.122193,78.261673,3.599854,3.721332,-0.626054,2.065373,0.040550,0.022406
0.488393,-37.176234,-68.712419,6.462518,6.396764,-146.534059,79.652046,3.176046,2.701920,-0.635187,2.068692,0.038584,0.016891
0.488914,-36.020513,-67.539285,6.647370,6.550478,-146.909509,79.092707,3.503642,2.979680,-0.647483,2.064672,0.040253,0.018611
0.489435,-35.368324,-66.642218,6.622035,6.414801,-147.987588,79.446864,3.504802,2.682941,-0.656740,2.063486,0.039554,0.017189
0.489956,-34.477140,-65.866457,6.622943,6.493345,-148.014243,78.537013,3.489621,3.604206,-0.666300,2.058627,0.040630,0.021362
0.490478,-34.064988,-64.405040,6.730429,6.486918,-148.335412,79.493867,3.652722,3.938999,-0.671134,2.062755,0.041531,0.023037
0.490999,-33.500894,-63.763822,6.649048,6.438302,-148.434876,79.186435,3.931774,3.719676,-0.677184,2.060865,0.041502,0.022395
0.491520,-32.978461,-63.775083,6.811400,6.218752,-149.061852,78.762243,3.784671,3.581222,-0.683464,2.056894,0.041085,0.021511
0.492041,-32.928962,-63.294024,6.899560,6.473655,-148.853640,78.693419,3.657631,3.493809,-0.684687,2.057111,0.041632,0.020967
0.492562,-32.141181,-63.461571,6.852780,6.357697,-149.128402,78.503773,3.777252,3.506116,-0.689237,2.055354,0.041323,0.021164
0.493084,-31.903982,-63.546632,6.773754,6.424814,-148.708778,79.391494,3.667328,3.897889,-0.685123,2.061173,0.041324,0.022826
0.493605,-31.812164,-63.594285,6.826960,6.426685,-148.255598,78.538046,3.672459,3.945240,-0.686375,2.057958,0.041733,0.023169
0.494126,-31.786112,-63.637367,6.827269,6.399977,-147.952614,79.483782,3.200516,3.858516,-0.681814,2.063778,0.040761,0.022157
0.494647,-31.540283,-64.204628,6.919554,6.676687,-147.432213,79.530275,3.388006,3.740064,-0.678564,2.065493,0.041618,0.021871
0.495169,-31.822443,-65.186131,6.698873,6.666894,-146.460085,78.145855,3.393666,3.656817,-0.674622,2.060933,0.041117,0.021687
0.495690,-31.801930,-65.913899,6.716689,6.671727,-145.992343,79.136736,3.192509,3.518814,-0.666915,2.067524,0.040506,0.020760
0.496211,-31.899012,-66.777719,6.602083,6.474655,-145.160515,78.205345,3.648710,3.556362,-0.663175,2.064962,0.040681,0.021696
0.496732,-32.230009,-68.132028,6.715741,6.409470,-143.929731,78.873811,3.333526,3.244595,-0.649764,2.072104,0.039996,0.019896
0.497254,-32.600944,-69.278867,6.558043,6.596136,-143.108604,78.839536,3.594794,3.420307,-0.640985,2.074336,0.040375,0.021187
0.497775,-33.269747,-70.944683,6.653317,6.584095,-141.879581,78.218214,3.180663,3.476274,-0.629356,2.074637,0.040101,0.021046
0.498296,-33.819851,-72.255582,6.656193,6.656987,-140.062087,77.973105,3.188031,3.366438,-0.615544,2.078772,0.040255,0.020742
0.498817,-34.277342,-73.881526,6.508577,6.480534,-139.560325,78.755927,3.654093,2.812568,-0.603819,2.084563,0.039572,0.018953
0.499338,-35.523843,-76.746071,6.721832,6.468804,-137.661237,76.657353,3.410552,3.437510,-0.587409,2.078887,0.040549,0.021776
0.499860,-36.170664,-78.387968,6.851678,6.325966,-136.291435,76.440942,3.087405,3.246882,-0.574020,2.081942,0.040124,0.020539
0.500381,-37.224938,-80.421679,6.607330,6.537635,-134.392451,76.069320,3.504720,3.334115,-0.555656,2.085859,0.040393,0.021863
0.500902,-38.429191,-82.357040,6.685025,6.448583,-132.651678,76.377688,3.529049,2.989148,-0.535689,2.093214,0.040328,0.020463
0.501423,-39.580003,-84.671394,6.569751,6.663437,-130.899646,75.477481,3.495983,3.464172,-0.518232,2.093836,0.040459,0.022979
0.501945,-41.114587,-86.658818,6.448308,6.651162,-128.785063,76.256733,3.521782,2.768248,-0.493688,2.105405,0.039542,0.019925
0.502466,-43.018666,-88.756250,6.524134,6.625726,-126.271687,76.395100,3.154861,2.830762,-0.466923,2.114888,0.039138,0.019793
0.502987,-44.626808,-90.672132,6.411773,6.754921,-123.903684,74.906365,3.176233,3.121733,-0.446534,2.114557,0.039272,0.021662
0.503508,-46.206912,-93.068387,6.675086,6.592771,-121.711067,75.189174,3.229381,3.222155,-0.421807,2.124178,0.040138,0.022537
0.504030,-48.340102,-95.168788,6.394081,6.672215,-119.897940,74.789981,3.249078,3.030878,-0.398504,2.128518,0.039022,0.021892
0.504551,-50.462561,-97.543273,6.394133,6.712752,-116.675500,74.506502,3.520469,2.869623,-0.367376,2.139101,0.039595,0.022193
0.505072,-52.690887,-99.379428,6.425520,6.766385,-113.031656,73.575441,3.510597,3.262573,-0.335678,2.147823,0.040086,0.024752
0.505593,-55.075838,-101.288193,6.296769,6.796317,-110.844026,74.174614,3.672927,2.370239,-0.307738,2.160537,0.039548,0.021277
0.506114,-57.744406,-101.964866,6.278246,7.080283,-108.050870,74.257596,3.421677,3.036787,-0.278075,2.172912,0.039252,0.024143
0.506636,-60.396137,-103.835575,6.312292,6.842741,-104.971777,74.223804,3.813090,3.075020,-0.245300,2.186260,0.040218,0.025973
0.507157,-63.371613,-105.384992,6.214093,6.761947,-102.762137,73.698530,3.831448,3.169428,-0.216508,2.192957,0.039856,0.026956
0.507678,-65.893952,-106.810384,6.234188,6.810519,-99.145074,73.274409,3.655621,3.243664,-0.182585,2.207261,0.039522,0.027537
0.508199,-69.188070,-107.680603,6.171687,6.936156,-95.525103,73.253706,3.989988,2.959058,-0.144546,2.224996,0.040216,0.028059
0.508721,-71.726960,-108.963906,6.101440,6.788993,-92.556812,73.216941,3.619020,2.657828,-0.113842,2.240055,0.038701,0.025960
0.509242,-75.117134,-109.325891,6.018824,6.832282,-89.329587,73.325846,3.549031,2.873780,-0.077655,2.258120,0.038154,0.027369
0.509763,-78.307085,-109.738617,6.331467,6.778272,-86.545868,73.022550,3.996203,2.861593,-0.045049,2.271647,0.040924,0.029849
0.510284,-81.537290,-109.462220,6.078226,6.928145,-83.220886,72.991867,3.649754,2.949588,-0.009227,2.290807,0.038857,0.029563
0.510806,-84.805364,-109.408235,6.216148,6.769813,-79.334062,73.408375,3.777096,2.661140,0.029919,2.317419,0.039769,0.029830
0.511327,-87.647492,-108.771275,6.202360,6.833264,-76.448541,73.537737,4.065170,2.879475,0.061351,2.336790,0.040601,0.032993
0.511848,-91.389888,-108.188152,6.210244,6.805819,-72.559358,73.816087,3.891683,2.871191,0.103095,2.364780,0.040057,0.033122
0.512369,-93.734054,-107.063157,6.357864,6.700397,-69.450858,73.770052,3.771589,3.133642,0.133487,2.386343,0.040516,0.034410
0.512890,-97.094568,-106.077371,6.285211,6.565404,-66.639783,74.167587,4.089117,2.995849,0.167382,2.409605,0.040977,0.036522
0.513412,-99.640229,-104.351326,6.377963,6.661204,-63.916329,74.911886,3.910348,2.979244,0.196705,2.435232,0.040891,0.036030
0.513933,-101.931118,-102.487727,6.394258,6.708948,-60.274467,74.866940,4.055556,2.845256,0.230696,2.463757,0.041482,0.037747
0.514454,-104.885695,-101.403523,6.154571,6.614032,-57.554245,75.828154,3.831195,3.182264,0.260969,2.492351,0.039553,0.037896
0.514975,-107.051850,-100.300342,6.199707,6.587410,-54.544618,75.131622,3.665115,2.950921,0.290817,2.513637,0.039337,0.037003
0.515497,-109.170589,-98.116761,6.302162,6.376224,-51.437091,75.397510,3.752187,3.130837,0.321208,2.542905,0.039985,0.039077
0.516018,-111.444439,-96.169698,6.372259,6.506976,-49.680363,76.092998,3.765347,3.126575,0.344268,2.563188,0.040333,0.039465
0.516539,-113.539407,-94.074851,6.259562,6.580352,-47.478320,76.843249,3.743449,2.893456,0.368821,2.588145,0.039729,0.039070
0.517060,-115.280908,-91.655834,6.216487,6.325185,-44.649875,77.374062,4.115025,2.872319,0.395809,2.618208,0.040295,0.043012
0.517581,-117.222514,-89.801451,6.411183,6.685793,-42.045152,78.294283,3.724745,2.938791,0.420548,2.648774,0.040166,0.040103
0.518103,-118.514100,-87.615173,6.447453,6.484582,-40.617790,78.698220,4.002395,2.755588,0.438025,2.665132,0.040805,0.042620
0.518624,-119.919374,-85.857904,6.269183,6.507618,-37.968926,78.862006,3.619068,2.847894,0.461657,2.692886,0.039201,0.039839
0.519145,-121.259325,-83.780055,6.357304,6.566082,-36.521907,79.457255,3.960009,2.954291,0.478815,2.710749,0.040394,0.043497
0.519666,-122.101387,-81.988943,6.330512,6.510397,-34.639626,79.896881,4.147755,2.888857,0.495341,2.732499,0.040597,0.045649
0.520188,-123.280172,-80.357391,6.367549,6.460186,-32.828444,79.802991,4.018960,2.987985,0.514102,2.751324,0.040406,0.045042
0.520709,-123.908744,-78.718074,6.313796,6.538844,-30.759398,80.446326,4.144879,2.916452,0.529496,2.776386,0.040421,0.046550
0.521230,-125.219712,-77.147457,6.349400,6.538051,-29.017046,80.589536,4.128415,2.993768,0.547662,2.795984,0.040440,0.046869
0.521751,-125.766058,-75.669538,6.551831,6.406805,-27.862139,80.401482,4.056172,3.139240,0.560254,2.808006,0.040974,0.046632
0.522273,-126.108420,-73.300009,6.470930,6.456725,-26.722899,81.914759,4.122225,2.880218,0.569533,2.826250,0.040705,0.046649
0.522794,-126.560284,-72.170868,6.341364,6.807001,-26.220875,82.628982,3.659316,2.925195,0.575100,2.834311,0.039829,0.041509
0.523315,-127.259438,-71.226975,6.337042,6.554957,-24.655643,82.629319,4.022752,2.992633,0.588151,2.851615,0.040096,0.045792
0.523836,-127.285192,-70.168934,6.294408,6.848555,-23.610862,82.655385,3.807867,2.963498,0.596074,2.863349,0.040017,0.043633
0.524357,-127.315159,-69.937486,6.246410,6.736463,-22.713443,82.761298,3.962590,3.201125,0.600601,2.873742,0.040071,0.045607
0.524879,-127.310328,-69.260137,6.375017,6.508832,-22.032066,83.510797,3.706225,3.057034,0.603390,2.883647,0.039430,0.042463
0.525400,-126.636382,-68.658572,6.530586,6.478441,-21.210601,83.342043,3.906905,2.939788,0.606410,2.892383,0.040288,0.044826
0.525921,-126.306225,-68.718839,6.402495,6.483329,-20.220155,83.363575,3.833859,3.106330,0.609084,2.903634,0.039769,0.044265
0.526442,-126.137802,-68.590798,6.498993,6.510539,-19.740324,83.324698,3.816589,3.142552,0.610976,2.908973,0.040098,0.044187
0.526964,-126.117765,-68.094873,6.414446,6.743894,-19.956552,83.270642,3.735767,3.316998,0.611636,2.906370,0.040315,0.043376
0.527485,-125.743188,-68.417906,6.428426,6.557093,-19.699888,84.218834,3.821139,2.820987,0.607189,2.911811,0.039650,0.043655
0.528006,-124.894731,-68.371950,6.056577,6.702172,-19.709637,84.136391,3.794991,2.877642,0.603780,2.911484,0.038836,0.043428
0.528527,-124.096600,-68.637151,6.491049,6.565208,-19.553526,83.783272,3.881701,2.991867,0.601191,2.912314,0.040327,0.044642
0.529049,-123.410377,-69.040659,6.525576,6.459036,-19.678169,83.986612,3.751966,3.052588,0.595717,2.911443,0.040075,0.043111
0.529570,-122.470538,-69.317564,6.390097,6.576567,-19.761137,84.139921,3.734763,3.145606,0.589825,2.910913,0.039897,0.042882
0.530091,-121.644246,-70.337866,6.393244,6.701511,-19.714542,83.982624,3.714820,3.154804,0.583726,2.911022,0.040001,0.042748
0.530612,-120.211037,-70.778690,6.418741,6.466101,-19.887581,84.342579,3.582285,2.902359,0.574082,2.910027,0.039376,0.040964
0.531133,-119.623715,-72.064044,6.388023,6.733318,-20.196397,83.864209,3.536901,2.966320,0.567643,2.905270,0.039572,0.040667
0.531655,-117.998842,-73.772348,6.531381,6.423426,-20.791458,83.156194,3.232136,3.080838,0.554589,2.896587,0.039234,0.037606
0.532176,-116.471350,-75.463396,6.229666,6.640863,-21.435223,82.973074,3.686945,2.833104,0.540300,2.888781,0.039154,0.042468
0.532697,-115.244414,-76.751798,6.228134,6.712798,-22.137866,83.321885,3.456379,2.816525,0.526816,2.881901,0.038680,0.039645
0.533218,-113.646927,-78.258200,6.406637,6.483264,-22.879214,83.023884,3.277210,2.850318,0.512609,2.872693,0.038736,0.037726
0.533740,-112.049434,-79.627886,6.295216,6.605696,-23.511080,82.745750,3.698139,2.941557,0.499209,2.864752,0.039391,0.042397
0.534261,-110.055613,-81.442964,6.299297,6.415507,-24.910552,82.352304,3.690954,3.083040,0.479382,2.847855,0.039341,0.042352
0.534782,-107.818443,-83.091557,6.363393,6.682610,-25.739624,82.203194,3.649459,3.157618,0.460892,2.838141,0.039808,0.041889
0.535303,-105.738895,-84.843765,6.266975,6.671668,-26.475597,81.788785,3.268175,3.321561,0.444001,2.828531,0.038697,0.038076
0.535825,-103.842888,-86.623345,6.055569,6.470797,-27.772598,81.467639,3.664046,3.089718,0.424976,2.813045,0.038447,0.041925
0.536346,-101.377703,-88.758774,6.333438,6.582794,-29.654436,81.060764,3.829802,3.179715,0.399624,2.790886,0.040075,0.043549
0.536867,-99.053578,-90.834713,6.295725,6.668879,-30.773862,80.633556,4.209912,2.785196,0.378959,2.777004,0.040784,0.047003
0.537388,-96.389906,-92.858114,6.214344,6.620668,-32.060739,80.207112,3.568559,2.917582,0.355879,2.761324,0.038858,0.040359
0.537909,-93.544534,-95.168228,6.323902,6.727890,-34.094016,79.471690,3.642508,2.873856,0.328113,2.736332,0.039569,0.040867
0.538431,-90.624594,-96.876517,6.190148,6.760700,-36.527719,79.011935,3.782630,2.939164,0.298381,2.708552,0.039477,0.041912
0.538952,-87.873363,-98.149675,6.203046,6.771290,-38.992038,79.577769,3.936410,2.792657,0.268399,2.685988,0.039848,0.042231
0.539473,-84.683692,-99.891966,6.085288,6.712422,-41.437777,78.683768,3.656037,3.007309,0.237597,2.656863,0.038716,0.039643
0.539994,-81.714283,-101.424537,6.272969,6.470302,-43.703616,78.120603,3.664046,3.089718,0.208625,2.631532,0.039562,0.039498
0.540516,-78.302845,-103.009484,6.146364,6.641468,-45.864669,77.662534,3.689497,3.160199,0.177649,2.608141,0.039086,0.039472
0.541037,-74.907359,-104.121384,5.888936,6.850962,-48.611864,76.802783,4.133512,3.015784,0.144329,2.577301,0.039387,0.042325
0.541558,-71.621312,-105.541114,6.358982,6.567844,-50.457757,76.271382,4.030794,3.124478,0.115882,2.557137,0.041114,0.041311
0.542079,-67.454350,-106.395836,6.155862,6.907858,-53.234424,75.737991,3.757548,2.889936,0.077916,2.528939,0.039487,0.037749
0.542601,-63.898674,-107.408574,6.285078,6.769530,-56.555933,75.022932,4.023086,3.004650,0.040228,2.495633,0.040872,0.039240
0.543122,-60.343170,-107.841268,6.412238,6.905339,-59.306300,74.813528,3.896268,2.967251,0.005677,2.471306,0.041078,0.037358
0.543643,-56.905012,-107.840558,6.318734,6.875217,-62.138910,74.168289,4.167741,3.142010,-0.028748,2.444218,0.041571,0.039052
0.544164,-53.001330,-107.573993,6.021275,7.094574,-65.456917,73.960370,4.048304,3.082472,-0.068505,2.417112,0.039887,0.037013
0.544685,-49.221427,-107.724227,6.073644,6.996486,-68.484177,73.483002,3.854084,3.570161,-0.105905,2.391391,0.039516,0.037082
0.545207,-45.904329,-106.913336,6.393992,6.861455,-70.762291,73.262706,3.716416,3.519246,-0.137099,2.373554,0.040694,0.035566
0.545728,-42.060236,-106.267655,6.336413,6.884743,-73.525736,73.145656,3.911372,3.441924,-0.173614,2.353603,0.040922,0.035511
0.546249,-38.277678,-105.005382,6.206012,6.875011,-76.810006,73.041661,3.607655,3.145631,-0.213130,2.331053,0.039502,0.031822
0.546770,-35.334141,-103.048040,6.175049,6.736195,-79.945573,73.243112,4.094755,3.125108,-0.247852,2.312469,0.040750,0.033204
0.547292,-31.527465,-101.642205,6.132972,6.843623,-82.519243,73.052586,3.642779,3.347269,-0.284001,2.295419,0.039413,0.031578
0.547813,-28.550137,-99.854819,6.380694,6.812727,-85.328553,73.433968,3.919727,3.604404,-0.316629,2.281414,0.041184,0.033238
0.548334,-25.222870,-98.827252,6.452862,6.790452,-88.226162,72.513404,3.776411,3.129824,-0.352362,2.258751,0.040956,0.029818
0.548855,-22.481885,-96.745912,6.392157,6.843049,-91.013127,72.294568,3.770466,3.224276,-0.385164,2.242071,0.040798,0.029646
0.549377,-19.788973,-94.406750,6.020965,6.918133,-93.332588,72.559767,3.826101,3.090010,-0.414900,2.231624,0.039506,0.028643
0.549898,-17.171142,-91.759297,6.302242,6.768102,-95.296677,72.288069,3.558868,3.260011,-0.444458,2.219752,0.040117,0.028193
0.550419,-14.889999,-89.622417,6.382001,6.660665,-97.453755,72.815822,3.467532,2.977152,-0.470248,2.212492,0.039897,0.025989
0.550940,-12.531689,-86.931681,6.282447,6.739613,-99.765528,73.332366,3.184084,3.311402,-0.498467,2.204659,0.039198,0.026388
0.551461,-10.613861,-84.857174,6.298099,6.745766,-102.024637,72.960102,3.225860,3.402927,-0.524999,2.191600,0.039476,0.026661
0.551983,-8.726058,-82.415811,6.374984,6.854407,-104.752694,73.249308,3.538506,3.398393,-0.552739,2.181025,0.040415,0.026952
0.552504,-7.069922,-79.822219,6.489094,6.284448,-106.692466,73.145951,3.650865,3.117229,-0.577263,2.171777,0.040099,0.025489
0.553025,-5.362719,-77.600523,6.603329,6.419471,-108.758330,73.159098,3.656472,3.352590,-0.601153,2.162948,0.040762,0.026322
0.553546,-4.056297,-75.092711,6.581588,6.446213,-110.986559,73.411234,3.652581,3.116055,-0.624056,2.155174,0.040459,0.024714
0.554068,-2.834611,-73.392433,6.563755,6.598963,-112.759724,73.584187,3.672210,3.630556,-0.642161,2.148980,0.041000,0.027057
0.554589,-1.440674,-71.235732,6.549503,6.553672,-114.518827,73.972709,3.446835,3.579980,-0.661636,2.144315,0.040351,0.025975
0.555110,-0.331255,-69.120745,6.649431,6.368007,-115.488190,73.897450,3.521812,3.616454,-0.677898,2.140017,0.040552,0.026178
0.555631,0.257913,-67.390965,6.731642,6.397712,-116.836361,73.571532,3.591492,3.738763,-0.693168,2.132766,0.041150,0.026780
0.556153,1.359254,-65.751422,6.476526,6.569575,-118.775229,73.836570,3.540257,3.529651,-0.710637,2.126983,0.040256,0.025259
0.556674,1.678167,-63.168996,6.740872,6.384889,-119.747301,75.396846,3.539609,2.795377,-0.719567,2.132720,0.039845,0.021379
0.557195,2.042054,-61.913986,6.696304,6.468809,-120.984539,74.684332,3.616168,3.633293,-0.733171,2.123843,0.040936,0.025521
0.557716,2.298966,-60.533575,6.678893,6.470158,-122.576149,75.033828,3.910301,2.785469,-0.744367,2.120095,0.040303,0.021795
0.558237,3.059058,-59.584409,6.561703,6.277261,-123.156321,75.048857,3.563139,3.394937,-0.753138,2.118084,0.039633,0.023861
0.558759,3.158966,-58.389787,6.668890,6.534662,-123.888814,75.164059,3.596885,3.379423,-0.760438,2.116132,0.040542,0.023734
0.559280,3.495094,-57.682427,6.757092,6.288292,-125.385303,75.168837,3.714868,3.272007,-0.770228,2.110850,0.040065,0.023221
0.559801,3.439406,-56.968610,6.790794,6.383237,-125.326290,75.778957,3.710018,3.002367,-0.770173,2.114630,0.040091,0.021899
0.560322,3.269111,-56.219365,6.739843,6.442045,-126.233613,74.733911,3.840804,3.807315,-0.779829,2.105334,0.041390,0.026013
0.560844,3.211649,-55.814184,6.821450,6.346341,-127.442724,75.049755,3.614123,3.850764,-0.784597,2.103007,0.040953,0.025634
0.561365,3.112389,-55.789676,6.755880,6.362181,-127.141263,74.803464,3.457258,3.584788,-0.784097,2.102605,0.040378,0.024082
0.561886,2.660576,-55.799915,6.907341,6.424991,-127.737237,74.811296,3.626003,4.174693,-0.784581,2.100609,0.041895,0.027302
0.562407,2.199847,-55.541882,6.670112,6.619037,-127.858611,74.714426,3.579059,3.677452,-0.784638,2.099630,0.041130,0.024665
0.562929,1.356108,-55.442462,6.730381,6.504225,-128.493023,74.708328,3.248924,3.740102,-0.784238,2.097442,0.040730,0.024371
0.563450,1.218510,-55.719078,6.679831,6.490101,-127.908444,75.921320,3.508482,3.706877,-0.775760,2.106467,0.040729,0.024581
0.563971,0.316981,-57.281659,6.885888,6.438141,-127.817373,75.176970,3.472417,3.858157,-0.768806,2.102464,0.041309,0.025375
0.564492,-0.527220,-58.344351,6.711759,6.264770,-128.285252,74.895604,3.804214,3.665341,-0.764398,2.099234,0.040628,0.024915
0.565013,-1.468804,-58.904221,6.826917,6.504120,-127.696690,75.371471,3.488584,3.932629,-0.754515,2.104007,0.041433,0.025781
0.565535,-2.410587,-60.219268,6.753167,6.401278,-128.118039,75.611664,3.718197,4.144013,-0.746710,2.103958,0.041447,0.027145
0.566056,-3.379243,-61.268855,6.799456,6.425321,-128.118210,75.613986,3.610737,4.406487,-0.739014,2.103971,0.041798,0.028335
0.566577,-4.485937,-62.255150,6.653111,6.502171,-127.500797,75.828859,3.490450,3.762719,-0.727748,2.107334,0.040625,0.024898
0.567098,-5.955168,-63.759928,6.647111,6.417212,-126.921281,76.025558,3.322866,3.740777,-0.713350,2.110479,0.040192,0.024570
0.567620,-7.494105,-65.649977,6.648417,6.542441,-126.788260,76.036602,3.415744,2.727542,-0.699807,2.111005,0.039503,0.019787
0.568141,-8.198641,-68.181863,6.606208,6.552319,-125.321997,74.519232,3.411924,3.489030,-0.687272,2.107252,0.040249,0.023793
0.568662,-10.025076,-69.221804,6.687412,6.418563,-124.517250,75.247347,3.276805,3.665347,-0.670153,2.114381,0.040283,0.024508
0.569183,-11.898897,-71.472460,6.533630,6.685041,-123.909433,75.326043,3.157448,3.206577,-0.651783,2.117013,0.039615,0.022022
0.569705,-13.788001,-73.571547,6.573440,6.526358,-122.824452,74.770432,3.530039,3.535603,-0.633854,2.117631,0.040454,0.024578
0.570226,-15.819472,-75.727554,6.573341,6.477125,-121.618247,75.002409,3.427651,3.658194,-0.612006,2.123407,0.040302,0.025168
0.570747,-17.849795,-78.130960,6.574048,6.642175,-120.989788,74.217954,3.588895,3.620620,-0.595121,2.121027,0.040839,0.025447
0.571268,-19.950402,-80.783509,6.533714,6.730784,-119.882851,74.695459,3.288965,3.292195,-0.571254,2.128007,0.039861,0.023301
0.571789,-22.480756,-83.331803,6.753967,6.679521,-117.910516,74.615229,3.212326,3.402633,-0.543493,2.134994,0.040553,0.024003
0.572311,-25.213070,-85.650326,6.406842,6.630811,-116.719765,74.014044,3.568242,3.054553,-0.520420,2.135925,0.039806,0.023228
0.572832,-27.800918,-87.314475,6.521208,6.804199,-115.389050,74.415283,3.533436,3.229507,-0.496349,2.143583,0.040468,0.024192
0.573353,-30.877550,-89.769273,6.419873,6.684307,-113.239101,74.732992,3.388165,3.417131,-0.464184,2.154140,0.039732,0.025121
0.573874,-33.297049,-92.266812,6.494759,6.764510,-111.276542,73.787055,3.530052,3.179652,-0.439036,2.156323,0.040376,0.024646
0.574396,-36.867198,-94.829386,6.556406,6.696099,-110.023066,74.563926,3.279445,2.755813,-0.407675,2.166407,0.039654,0.022051
0.574917,-40.360221,-97.192674,6.471696,6.814445,-107.483408,73.743349,3.480581,3.260427,-0.374180,2.172126,0.040166,0.025566
0.575438,-43.800982,-99.392100,6.136220,6.917546,-105.073537,73.435946,3.570705,3.539297,-0.340704,2.180784,0.039143,0.027690
0.575959,-47.449762,-101.558736,6.245331,6.999906,-103.029222,73.276610,3.786021,3.528107,-0.307793,2.189014,0.040086,0.028607
0.576480,-50.825608,-103.206139,6.319940,6.948943,-101.142678,73.032920,3.714815,3.250987,-0.278106,2.196187,0.040141,0.027390
0.577002,-55.137403,-105.055361,6.044767,7.058622,-98.570158,72.331443,3.629227,3.514960,-0.240124,2.203853,0.038879,0.029080
0.577523,-59.251100,-106.203247,6.144576,7.208681,-96.425316,72.616956,3.624436,3.481322,-0.204967,2.216272,0.039268,0.029275
0.578044,-63.193958,-107.690944,6.136117,6.993891,-94.417708,72.632537,3.692685,3.510952,-0.171454,2.226515,0.039243,0.030050
0.578565,-67.199369,-108.430991,6.081685,6.718256,-91.261413,72.542815,3.711363,3.535899,-0.132183,2.242414,0.039071,0.030921
0.579087,-71.709964,-108.954319,6.163503,6.851622,-88.820150,72.751068,3.777676,2.871450,-0.093888,2.257065,0.039619,0.028444
0.579608,-75.764373,-109.340755,6.167417,6.756369,-86.476668,72.749816,3.618771,3.428066,-0.058762,2.270198,0.039211,0.031045
0.580129,-80.390390,-109.794810,6.387910,6.870414,-83.837890,72.972280,3.986825,3.440228,-0.018861,2.287014,0.041193,0.033161
0.580650,-85.079057,-109.989378,6.146658,6.993835,-81.099238,71.761465,3.713535,3.246108,0.021894,2.295183,0.039504,0.031943
0.581172,-88.802247,-109.631592,5.873950,7.002818,-77.952131,72.339557,3.838299,3.348473,0.059555,2.318867,0.038507,0.033696
0.581693,-93.279746,-108.831429,6.188443,6.654339,-75.355450,73.088210,3.711309,3.039464,0.098212,2.340922,0.039480,0.032215
0.582214,-97.424597,-107.993478,6.135300,6.620391,-72.778506,73.370763,3.734556,3.073673,0.135065,2.360247,0.039254,0.033120
0.582735,-101.490866,-106.174424,6.205095,6.534053,-70.293643,73.193510,3.319300,3.182531,0.172206,2.376402,0.038690,0.032069
0.583256,-105.611609,-105.239302,6.323773,6.639750,-68.208083,73.532569,3.311704,3.018035,0.206250,2.393742,0.039120,0.031699
0.583778,-108.967101,-103.556558,6.217144,6.694390,-65.582533,73.574657,3.731338,3.210140,0.240200,2.413564,0.039814,0.035614
0.584299,-112.564529,-101.657021,6.302485,6.718815,-63.918893,73.976827,3.756121,3.186729,0.270199,2.429004,0.040297,0.036045
0.584820,-116.478705,-99.733909,6.374970,6.699687,-61.003903,75.042442,3.673907,2.784093,0.307347,2.459020,0.040075,0.034622
0.585341,-119.961471,-98.342904,6.272904,6.389079,-59.682969,75.337327,3.777341,2.730186,0.334059,2.471620,0.039616,0.035498
0.585863,-122.706255,-95.881807,6.294394,6.631557,-57.047479,74.911920,3.818982,2.963006,0.367015,2.490755,0.040167,0.037478
0.586384,-125.951747,-93.354289,6.116692,6.585580,-55.626659,75.480247,3.671902,3.060023,0.394677,2.506483,0.039111,0.036996
0.586905,-129.192350,-91.168004,6.355928,6.553815,-53.476310,76.393237,3.720068,2.784629,0.424409,2.530858,0.039831,0.036897
0.587426,-132.124946,-89.460009,6.121836,6.674363,-51.679891,76.049530,3.765347,3.126575,0.452421,2.544720,0.039248,0.038891
0.587948,-134.625756,-87.253579,6.330037,6.663176,-50.896925,76.258548,4.087727,2.947976,0.473253,2.553065,0.040740,0.041156
0.588469,-137.347811,-85.225965,6.366745,6.548243,-49.341422,76.199549,3.696572,3.112187,0.499137,2.566956,0.039904,0.038929
0.588990,-139.461825,-83.414243,6.351369,6.679234,-47.733863,75.918763,3.661977,3.264131,0.522360,2.580302,0.040017,0.039628
0.589511,-141.854999,-79.915379,6.406695,6.557239,-46.486760,77.847732,4.065042,3.063935,0.543724,2.603271,0.040659,0.042211
0.590032,-143.806860,-78.638069,6.318303,6.821664,-45.489072,77.621847,3.660431,3.122458,0.561609,2.611505,0.039863,0.039244
0.590554,-145.852699,-76.503110,6.400602,6.710818,-44.125622,77.912901,3.624897,2.679148,0.582527,2.626287,0.039568,0.038188
0.591075,-147.744885,-74.708438,6.327769,6.630721,-43.408062,77.732472,3.729886,3.533690,0.600207,2.632301,0.040055,0.041381
0.591596,-149.070360,-72.868496,6.377844,6.616439,-42.555745,77.869143,3.516834,3.197960,0.615157,2.641438,0.039578,0.038834
0.592117,-150.527268,-71.367209,6.280927,6.571354,-42.028766,78.062408,3.829157,3.049689,0.628019,2.647699,0.039627,0.041378
0.592639,-152.187047,-69.638244,6.396823,6.384598,-40.822222,78.115250,3.934480,3.157085,0.645878,2.660037,0.039844,0.042901
0.593160,-152.898723,-68.180321,6.170557,6.496589,-40.877224,78.241762,3.856471,2.916911,0.653069,2.660149,0.039161,0.041634
0.593681,-154.181699,-67.229960,6.303700,6.393949,-40.334729,78.177059,3.842619,2.963655,0.664260,2.665274,0.039296,0.041780
0.594202,-155.234325,-65.998345,6.368555,6.237507,-40.190427,78.421281,3.993823,3.029851,0.672661,2.668000,0.039517,0.043275
0.594724,-156.317703,-65.003431,6.481946,6.675670,-39.782243,78.478075,3.891275,3.174805,0.682135,2.672423,0.040542,0.042688
0.595245,-156.477106,-63.893934,6.354499,6.506199,-39.477080,78.525535,3.914846,3.161288,0.687724,2.675764,0.039995,0.042951
0.595766,-157.535328,-63.895617,6.494218,6.531676,-39.234322,78.689217,3.959756,3.170813,0.692583,2.679067,0.040304,0.043396
0.596287,-158.254948,-62.845519,6.322448,6.806041,-38.947205,78.577225,4.147073,3.179189,0.700781,2.681427,0.040755,0.045324
0.596808,-158.181052,-63.357759,6.439942,6.692182,-38.485476,77.458352,3.913430,3.215748,0.704502,2.680465,0.040524,0.043767
0.597330,-158.869223,-63.566420,6.524897,6.623442,-38.785283,77.707020,3.794654,3.243686,0.704500,2.678648,0.040321,0.042503
0.597851,-159.066483,-63.480626,6.597498,6.628299,-39.103112,78.201953,3.738942,3.124732,0.702578,2.677923,0.040279,0.041454
0.598372,-159.153298,-63.468673,6.646511,6.606329,-39.003401,78.105613,3.711129,3.070932,0.703722,2.678451,0.040268,0.041150
0.598893,-159.314629,-63.539302,6.556682,6.607679,-39.836501,78.411870,3.743025,2.831146,0.699647,2.671532,0.039895,0.040647
0.599415,-159.564650,-63.732502,6.559904,6.730451,-40.229011,78.508856,3.826439,2.853302,0.698053,2.668064,0.040277,0.041325
0.599936,-159.291087,-64.477914,6.553976,6.486785,-40.431114,78.314590,3.882678,2.895010,0.694185,2.665018,0.039892,0.041945
0.600457,-159.120046,-64.911868,6.672865,6.542495,-41.423674,78.100681,3.603470,2.924609,0.688597,2.653931,0.040051,0.039204
0.600978,-158.543199,-65.781021,6.453734,6.946083,-41.894523,77.917935,3.802764,2.968682,0.681869,2.648261,0.040608,0.041060
0.601500,-158.369143,-66.796914,6.423587,6.589268,-42.748512,77.681954,3.883126,3.111738,0.674899,2.638518,0.040105,0.041933
0.602021,-158.142788,-68.335191,6.509698,6.476931,-43.613698,77.437073,3.792103,3.188244,0.665943,2.628660,0.040000,0.041135
0.602542,-157.262123,-69.513909,6.189921,6.802884,-44.188891,77.347929,3.984750,3.200723,0.656134,2.622543,0.040034,0.042735
0.603063,-156.259845,-71.231191,6.356919,6.825727,-45.564811,77.722692,3.838725,2.751620,0.639102,2.611346,0.039888,0.039871
0.603584,-155.866591,-72.892558,6.472135,6.525152,-45.859235,76.953676,3.747588,2.969055,0.633270,2.604169,0.039656,0.039741
0.604106,-154.304998,-74.610207,6.488304,6.519585,-47.798469,76.608180,3.694447,3.132507,0.613621,2.583760,0.039954,0.039270
0.604627,-153.518174,-76.528782,6.462563,6.447534,-48.890554,76.452495,3.683710,2.747512,0.599855,2.572642,0.039411,0.037889
0.605148,-151.855114,-78.484589,6.441776,6.440933,-50.557019,76.488324,3.438825,2.789935,0.578937,2.557539,0.038990,0.035504
0.605669,-150.584202,-79.599740,6.153498,6.488304,-52.010250,77.293166,3.788571,2.784207,0.560960,2.549290,0.038749,0.037639
0.606191,-149.229115,-81.718075,6.439892,6.412583,-53.353911,76.762041,3.766386,2.895107,0.544064,2.534193,0.039677,0.037509
0.606712,-147.667812,-84.166828,6.398259,6.582601,-55.184420,76.548480,3.523233,2.672275,0.522171,2.516972,0.039126,0.034518
0.607233,-145.548400,-86.394431,6.409169,6.624913,-57.446929,75.629897,3.561673,2.938134,0.498036,2.491989,0.039652,0.035242
0.607754,-143.466971,-88.209684,6.416706,6.741252,-58.718572,75.243114,3.277210,2.850318,0.478329,2.478927,0.039265,0.032716
0.608276,-141.333591,-90.669813,6.451329,6.548221,-60.081598,74.868235,3.653475,2.947554,0.456289,2.465330,0.039963,0.035361
0.608797,-139.168023,-93.091119,6.417725,6.336815,-62.380088,74.606493,3.309952,3.138581,0.429400,2.445211,0.039011,0.033322
0.609318,-136.607583,-95.543640,6.336574,6.568502,-65.302276,74.668591,3.632866,2.832730,0.396710,2.423011,0.039458,0.033368
0.609839,-134.163288,-97.384726,6.258336,6.583673,-67.171940,74.152060,3.741990,3.024355,0.372322,2.405545,0.039562,0.034353
0.610360,-130.911879,-99.285342,6.315309,6.671921,-68.629343,73.939658,4.009235,2.928457,0.345155,2.393425,0.040517,0.035192
0.610882,-128.073192,-101.266050,6.159435,6.852795,-71.322172,73.661080,3.615241,3.131793,0.313713,2.372325,0.039044,0.033062
0.611403,-124.613981,-102.691204,6.306447,6.675581,-73.585309,73.796715,3.545310,3.001149,0.281458,2.357629,0.039415,0.031524
0.611924,-121.925920,-104.366951,6.232976,6.743234,-76.813767,73.334099,3.627858,3.237550,0.248613,2.333024,0.039427,0.032290
0.612445,-118.280120,-105.461640,6.249479,6.505765,-79.044902,73.567139,3.644911,2.952157,0.215745,2.320317,0.039452,0.030485
0.612967,-114.558457,-107.551542,6.304479,6.624903,-81.207041,72.376761,3.481753,3.072011,0.183279,2.298763,0.039375,0.029967
0.613488,-111.315759,-108.551460,6.175180,6.526920,-83.990969,72.542821,3.229272,3.075769,0.149757,2.283189,0.038080,0.028313
0.614009,-107.745716,-109.316584,6.229019,6.559201,-86.122572,73.037904,3.325829,2.790986,0.118026,2.274168,0.038459,0.026799
0.614530,-103.734300,-109.737134,6.269983,6.718926,-89.335829,72.551169,3.685914,3.005631,0.078824,2.252882,0.039778,0.028612
0.615052,-99.783427,-110.037353,6.116356,6.817340,-91.513462,71.985010,3.636755,3.335989,0.045403,2.237316,0.039059,0.029666
0.615573,-95.684028,-110.122260,6.117054,6.899444,-94.730315,72.398444,4.138830,3.132404,0.005225,2.223361,0.040464,0.029666
0.616094,-91.933822,-109.862739,6.429484,6.692928,-97.739947,71.974812,4.059438,3.306927,-0.031919,2.205531,0.041794,0.029572
0.616615,-87.994788,-109.591272,6.151769,6.857918,-99.885970,72.354518,3.912955,3.488436,-0.065263,2.197692,0.039996,0.029513
0.617136,-84.247363,-108.561375,6.364152,6.675327,-102.097792,72.381452,3.548291,3.362663,-0.098334,2.187499,0.040085,0.027374
0.617658,-80.492658,-107.941375,6.383370,6.601162,-104.678860,73.033509,3.601710,2.992382,-0.132857,2.179971,0.040135,0.025107
0.618179,-76.769106,-106.738364,6.220722,6.869331,-107.302725,73.209125,3.552421,3.251843,-0.168080,2.169522,0.039317,0.025791
0.618700,-73.520007,-105.185231,6.210052,6.912230,-110.186591,73.500742,3.595807,2.849160,-0.202392,2.159069,0.039408,0.023392
0.619221,-69.687015,-104.007934,6.088411,6.512785,-112.878769,72.716499,3.807828,3.397433,-0.239703,2.143083,0.039524,0.026236
0.619743,-66.410072,-102.529465,6.302084,6.844873,-115.486674,73.544579,3.442649,3.230161,-0.271828,2.137852,0.039444,0.024050
0.620264,-63.088952,-100.376843,6.199450,6.730574,-117.291718,73.251433,3.521445,3.389751,-0.302591,2.129053,0.039401,0.024783
0.620785,-59.952113,-98.958689,6.045261,7.020809,-119.064497,73.408593,3.423499,3.409611,-0.330375,2.123292,0.038648,0.024403
0.621306,-56.920613,-96.864195,6.142263,6.926079,-121.140532,73.351260,3.488297,3.367347,-0.360773,2.115254,0.039281,0.024010
0.621828,-53.916940,-94.482229,6.286689,6.641701,-123.449972,75.100296,3.588815,3.375374,-0.389118,2.117330,0.039664,0.023767
0.622349,-51.025275,-92.463476,6.357247,6.770706,-124.635745,75.970612,3.361427,3.047037,-0.412014,2.118202,0.039328,0.021480
0.622870,-48.781402,-90.378462,6.335479,6.565848,-126.330266,75.365012,3.153875,3.384544,-0.437627,2.108691,0.038985,0.022607
0.623391,-46.644427,-88.548086,6.442997,6.561398,-128.207639,75.083963,3.703081,3.186554,-0.462411,2.100593,0.040497,0.022387
0.623912,-43.665733,-86.573292,6.438739,6.837835,-129.647542,75.129489,3.431665,3.241586,-0.488706,2.095999,0.040170,0.021959
0.624434,-41.563181,-84.584189,6.403847,6.730814,-130.955625,76.249063,3.464444,3.251514,-0.507292,2.098063,0.039820,0.021821
0.624955,-39.757147,-82.268151,6.516714,6.675491,-132.222519,76.073748,3.074853,3.556914,-0.528542,2.092891,0.039803,0.022573
0.625476,-37.492387,-80.534662,6.382378,6.779819,-132.696628,76.370485,3.234032,3.377178,-0.545377,2.093027,0.039613,0.021829
0.625997,-35.791853,-79.173333,6.605130,6.576556,-133.934802,77.281969,3.069247,2.542941,-0.560245,2.094141,0.039085,0.017358
0.626519,-33.989267,-77.017922,6.438494,6.598531,-134.628861,76.224167,3.915628,3.725047,-0.581096,2.085977,0.041172,0.024382
0.627040,-32.003335,-75.598069,6.459652,6.735430,-135.604127,76.909851,3.586594,2.969687,-0.596708,2.086722,0.040028,0.020084
0.627561,-30.769865,-74.062473,6.214694,6.509658,-136.204486,78.234417,3.102208,3.051473,-0.605537,2.092172,0.037929,0.019508
0.628082,-29.235832,-72.300593,6.424794,6.618252,-136.168930,77.075930,3.118906,3.355507,-0.621293,2.085865,0.039396,0.021088
0.628604,-27.716279,-71.184101,6.564509,6.763361,-137.669942,76.759693,3.538149,3.660014,-0.639143,2.079428,0.040910,0.023039
0.629125,-26.590052,-70.263913,6.710325,6.543674,-137.663773,76.896625,3.497660,3.799134,-0.646553,2.080205,0.041041,0.023653
0.629646,-25.338674,-69.894314,6.472382,6.637629,-137.471655,76.271889,3.361904,3.738809,-0.654394,2.077332,0.040252,0.023240
0.630167,-24.324422,-68.946430,6.676276,6.626523,-137.097111,76.659626,3.507041,3.616049,-0.659001,2.080647,0.040963,0.022858
0.630688,-23.486103,-68.004881,6.880908,6.431420,-137.202190,76.452789,3.429645,3.753735,-0.666883,2.079171,0.041321,0.023427
0.631210,-22.558566,-67.548099,6.608463,6.535896,-137.213013,77.377409,3.410044,3.471995,-0.669307,2.084265,0.040168,0.021946
0.631731,-22.093685,-67.006438,6.768503,6.559398,-137.183089,77.334571,3.451099,3.428336,-0.673119,2.084122,0.040745,0.021805
0.632252,-21.113513,-66.770045,6.758708,6.468844,-136.638092,77.398115,3.330932,3.489659,-0.675544,2.086178,0.040397,0.021981
0.632773,-20.427219,-66.589474,6.694381,6.690019,-136.082208,76.820446,3.527071,3.166724,-0.678670,2.084715,0.040720,0.020845
0.633295,-20.301053,-66.685165,6.702731,6.728025,-136.013717,76.689341,3.530886,3.078904,-0.679035,2.084200,0.040743,0.020454
0.633816,-20.094158,-66.962970,6.768503,6.559398,-135.650282,78.141719,3.537844,2.914841,-0.672520,2.093421,0.040230,0.019686
0.634337,-19.456102,-67.328491,6.919859,6.578725,-134.503552,78.078491,3.317344,2.625692,-0.669358,2.096750,0.040191,0.018107
0.634858,-19.016900,-67.998857,6.936439,6.682347,-133.667242,76.654396,3.461839,3.067407,-0.670205,2.091481,0.041178,0.020570
0.635380,-18.757447,-68.711985,6.842900,6.744703,-132.937876,76.390223,3.600091,3.220876,-0.666700,2.092353,0.041348,0.021647
0.635901,-18.634070,-69.544087,6.920409,6.613289,-131.708790,75.968146,3.576412,3.197896,-0.660609,2.093974,0.041381,0.021680
0.636422,-18.909464,-70.571266,6.849644,6.744456,-130.687303,76.634646,3.444715,3.042817,-0.649446,2.101154,0.040956,0.020796
0.636943,-18.905730,-71.763731,6.771472,6.589850,-129.199843,75.905947,3.599767,3.103158,-0.641513,2.101980,0.040872,0.021608
0.637464,-19.059709,-73.075179,6.653097,6.560633,-128.904537,76.297740,3.249695,2.591402,-0.634074,2.105234,0.039281,0.018540
0.637986,-19.728342,-73.660866,6.622234,6.604899,-127.317333,77.178028,3.497150,2.473104,-0.619577,2.115752,0.039642,0.018709
0.638507,-19.942021,-75.043767,6.604019,6.708758,-125.904201,76.817344,3.551566,2.761500,-0.609219,2.118628,0.040068,0.020317
0.639028,-20.900286,-77.114015,6.766360,6.452028,-124.912123,75.586363,3.139213,3.275331,-0.597962,2.114969,0.039993,0.022188
0.639549,-21.266711,-78.893652,6.572438,6.798315,-122.863597,75.869891,3.353615,2.890792,-0.580907,2.123994,0.039870,0.020953
0.640071,-21.964888,-80.808455,6.670723,6.646288,-121.437161,75.349832,3.622900,3.009027,-0.567179,2.126142,0.040546,0.022332
0.640592,-22.840453,-82.434119,6.630317,6.612577,-119.372044,75.031426,3.680447,2.741034,-0.549948,2.131945,0.040442,0.021538
0.641113,-23.803403,-84.311603,6.464664,6.861762,-117.294408,75.359349,3.599570,2.622314,-0.529707,2.141867,0.039916,0.021099
0.641634,-25.056454,-86.329621,6.494146,6.612828,-115.473411,74.838946,3.614513,2.554842,-0.511256,2.145839,0.039782,0.021139
0.642155,-26.687612,-88.611505,6.761283,6.642046,-113.864461,73.513483,3.526102,3.068667,-0.493362,2.144088,0.041055,0.023684
0.642677,-27.784595,-90.263719,6.605903,6.689977,-110.584251,73.889234,3.416271,3.136435,-0.467166,2.159840,0.040398,0.024251
0.643198,-29.260633,-92.309891,6.343999,6.681778,-108.566570,73.048710,3.385809,3.204940,-0.447195,2.163066,0.039438,0.024931
0.643719,-31.095137,-94.257876,6.505691,6.700409,-106.194857,73.516484,3.166947,2.827481,-0.420876,2.176322,0.039397,0.022776
0.644240,-32.989766,-96.278974,6.441789,6.632392,-104.567995,73.765956,3.288971,2.661514,-0.398424,2.185161,0.039133,0.022546
0.644762,-34.862022,-97.807250,6.432573,6.820914,-101.762726,73.425430,3.715685,2.470436,-0.372464,2.195830,0.040284,0.023560
0.645283,-36.876405,-99.482334,6.380426,6.816526,-99.400830,73.140247,3.715815,2.439211,-0.347504,2.205155,0.040126,0.023914
0.645804,-39.154531,-102.123009,6.412245,6.863690,-96.129616,72.040542,4.145129,2.685598,-0.316162,2.213920,0.041530,0.027354
0.646325,-41.902404,-103.711380,6.460613,6.757062,-93.591037,72.707857,3.781650,2.502928,-0.285011,2.231272,0.040603,0.025717
0.646847,-44.359699,-104.779446,6.436375,6.806928,-90.823364,72.165423,3.593459,2.816245,-0.256791,2.242217,0.040292,0.027068
0.647368,-46.858694,-105.972110,6.201464,6.890427,-86.972225,72.559840,3.609220,2.946525,-0.221015,2.266097,0.039298,0.028561
0.647889,-49.408461,-106.819711,6.127211,6.963640,-84.876791,72.610960,3.604699,2.743653,-0.195156,2.278467,0.038946,0.028080
0.648410,-52.568449,-107.872750,6.190910,6.941560,-81.506004,72.771022,3.647816,2.857939,-0.158842,2.299636,0.039322,0.029581
0.648931,-55.356364,-108.138224,6.086057,7.096801,-78.853621,73.395214,3.607058,2.803800,-0.128722,2.320358,0.038701,0.029722
0.649453,-58.274555,-108.667774,6.432036,6.810280,-75.127581,73.387861,3.710783,2.880397,-0.092308,2.344481,0.040613,0.031536
0.649974,-61.511330,-109.818610,6.272597,6.847985,-72.508002,72.376071,3.641026,3.064344,-0.060284,2.355284,0.039740,0.032841
0.650495,-64.522759,-110.051489,6.149277,6.819804,-69.519039,72.979743,3.688191,2.751425,-0.027291,2.380476,0.039163,0.032504
0.651016,-67.293577,-109.381754,6.191675,6.839016,-66.578724,73.260411,3.967038,2.524424,0.003914,2.403939,0.040262,0.034258
0.651538,-69.824216,-109.176335,6.199082,6.825215,-63.246909,73.118011,3.812843,2.751414,0.036065,2.428456,0.039898,0.035162
0.652059,-73.346481,-108.146026,6.230706,6.732837,-60.948760,73.574492,3.728993,2.869002,0.068119,2.449776,0.039868,0.035643
0.652580,-75.958252,-106.507311,6.354083,6.730760,-57.384043,74.801864,3.703023,2.873252,0.102089,2.487207,0.040349,0.036267
0.653101,-78.998186,-105.447056,6.487443,6.832236,-55.114036,75.147368,3.795611,3.008165,0.131490,2.508792,0.041255,0.037988
0.653623,-81.613590,-104.609029,6.345901,6.554301,-52.362235,76.085760,4.079674,2.667685,0.160490,2.538830,0.041151,0.039901
0.654144,-84.165207,-103.338935,6.382734,6.755877,-49.685960,76.312409,3.560412,2.862645,0.189617,2.564454,0.039959,0.036984
0.654665,-86.586325,-102.437232,6.305417,6.714236,-47.349961,76.399275,3.743565,2.813660,0.215976,2.586763,0.040038,0.039054
0.655186,-89.089920,-99.751297,6.468308,6.658389,-45.314900,77.729533,3.811757,2.786819,0.241820,2.613781,0.040982,0.039785
0.655707,-91.306412,-98.334775,6.468849,6.537400,-42.909496,77.982967,4.031739,3.029136,0.267889,2.638564,0.041533,0.042943
0.656229,-93.720841,-96.888535,6.299555,6.262337,-40.629155,78.728434,3.986926,2.719929,0.293580,2.665174,0.040360,0.042397
0.656750,-95.706610,-95.798359,6.090717,6.597822,-37.851500,78.797478,3.570638,3.116396,0.319979,2.693777,0.038514,0.039923
0.657271,-97.593814,-93.662401,6.203231,6.479349,-37.083960,79.741656,3.622260,2.556674,0.335742,2.706293,0.038986,0.039308
0.657792,-99.316975,-91.975445,6.388819,6.433940,-35.360602,79.940483,3.697846,2.670054,0.356157,2.725130,0.039975,0.040613
0.658314,-100.880485,-90.328014,6.257029,6.485525,-33.316127,80.142702,3.862674,2.707182,0.377347,2.747617,0.039864,0.042804
0.658835,-102.685557,-88.936505,6.343763,6.529663,-31.662415,80.273250,3.741510,2.955085,0.397402,2.765895,0.039974,0.042246
0.659356,-103.986654,-87.311607,6.212954,6.718820,-29.627910,80.799126,3.607107,3.001808,0.416449,2.790131,0.039239,0.041143
0.659877,-105.412049,-85.970841,6.367325,6.512819,-28.427347,81.317195,3.303497,2.974507,0.431298,2.805287,0.038940,0.037952
0.660399,-106.536029,-84.535407,6.203195,6.574899,-27.551562,81.840238,3.703725,3.001116,0.443233,2.816860,0.039231,0.042134
0.660920,-107.492780,-83.407263,6.371437,6.641597,-25.505134,82.096560,3.839131,2.957423,0.459947,2.840374,0.040097,0.043852
0.661441,-108.275462,-82.790286,6.089093,6.770533,-25.566339,81.470511,3.735582,2.815063,0.466462,2.837514,0.039053,0.042893
0.661962,-109.166417,-81.295469,6.376725,6.556024,-23.850298,81.715057,3.627846,3.030749,0.482175,2.857610,0.039743,0.042110
0.662483,-109.772371,-80.191975,6.428611,6.769107,-22.505225,81.864652,3.839243,3.061384,0.493970,2.873312,0.040610,0.044638
0.663005,-110.587084,-79.424018,6.140558,6.522406,-22.318664,82.542963,3.707750,3.049229,0.498979,2.877519,0.038921,0.042881
0.663526,-111.153065,-78.830915,6.394630,6.673730,-21.767516,82.829818,3.707561,2.973660,0.505083,2.884605,0.039906,0.042790
0.664047,-111.644696,-78.214844,6.523331,6.837399,-20.661556,83.072094,3.232525,2.849347,0.513610,2.897821,0.039482,0.037516
0.664568,-111.738702,-78.370864,6.465549,6.564654,-20.310025,82.378055,3.382471,2.975446,0.517137,2.899867,0.039340,0.039607
0.665090,-111.706367,-78.155065,6.418389,6.686314,-20.231848,82.477865,3.414815,3.012673,0.517663,2.901042,0.039414,0.039957
0.665611,-111.669956,-77.968427,6.505488,6.583814,-19.572421,82.405595,3.730531,3.204637,0.521283,2.908400,0.040315,0.043736
0.666132,-111.943821,-77.737171,6.419372,6.712502,-19.438805,82.157299,3.708411,3.355615,0.524489,2.909260,0.040257,0.043714
0.666653,-111.943821,-77.737171,6.419372,6.712502,-19.420163,82.240696,3.691417,3.411113,0.524350,2.909702,0.040239,0.043515
0.667175,-111.824424,-77.529698,6.455929,6.813053,-19.420163,82.240696,3.691417,3.411113,0.524353,2.909702,0.040543,0.043515
0.667696,-111.715793,-78.000409,6.474846,6.577112,-19.791480,82.597348,3.597959,3.274156,0.519869,2.906413,0.039950,0.042163
0.668217,-111.479150,-78.158001,6.564336,6.653881,-19.855268,82.474132,3.598838,3.348150,0.518367,2.905343,0.040432,0.042267
0.668738,-111.189391,-77.985640,6.548900,6.673016,-20.779391,83.321999,3.224578,3.135302,0.510855,2.897191,0.039571,0.037490
0.669259,-110.427904,-78.816761,6.107272,6.865536,-20.748097,83.706727,3.204729,2.917963,0.504221,2.898623,0.037885,0.036976
0.669781,-109.789836,-79.342909,6.494774,6.614780,-21.939392,82.957260,3.685770,2.871436,0.496127,2.883046,0.040153,0.042398
0.670302,-109.015144,-80.425142,6.385851,6.719883,-22.211487,82.881250,3.678182,3.070848,0.488559,2.879754,0.039869,0.042429
0.670823,-108.088889,-81.243776,6.368210,6.757312,-23.086888,82.086682,3.431749,3.176055,0.479857,2.867425,0.039561,0.040033
0.671344,-107.215301,-82.678802,6.480378,6.715852,-23.651061,81.929294,3.607107,3.001808,0.469753,2.860557,0.040109,0.041797
0.671866,-106.613733,-82.756594,6.292723,6.668288,-24.083293,82.579428,3.519387,3.002914,0.462982,2.857825,0.039129,0.040475
0.672387,-105.517151,-84.464176,6.461865,6.607914,-25.436284,82.136281,3.706855,3.006037,0.448069,2.841275,0.040110,0.042460
0.672908,-104.205233,-85.945524,6.528826,6.475700,-26.964281,82.072625,3.509752,2.856003,0.430906,2.824161,0.039774,0.039953
0.673429,-102.876733,-87.608896,6.237144,6.737617,-28.529299,81.812247,3.413681,2.711408,0.413528,2.806062,0.038565,0.038603
0.673951,-101.176703,-89.101379,6.479018,6.666116,-30.012000,81.344938,3.746981,3.010895,0.395518,2.788139,0.040386,0.042288
0.674472,-99.811824,-90.694533,6.552532,6.504803,-31.112294,80.595422,3.645931,2.977969,0.381430,2.773187,0.040377,0.041281
0.674993,-98.074928,-92.408501,6.250000,6.704185,-32.095019,80.287687,3.555271,2.930348,0.364944,2.761302,0.038982,0.040199
0.675514,-96.238342,-93.916900,6.175319,6.678938,-34.081509,80.065735,3.604457,2.804658,0.343127,2.739155,0.038760,0.040149
0.676035,-94.340408,-95.490422,6.291544,6.583519,-36.039317,79.423940,3.784247,3.112505,0.321732,2.715617,0.039788,0.042173
0.676557,-92.319757,-97.023598,6.215426,6.692301,-38.410380,79.088840,3.238701,2.884242,0.297051,2.689482,0.038185,0.036101
0.677078,-90.082997,-98.392879,6.167013,6.740572,-40.339713,78.925248,3.243261,2.822339,0.273501,2.669094,0.037973,0.035659
0.677599,-87.816947,-100.211436,6.370963,6.819509,-42.635157,78.336758,3.279324,2.707612,0.247848,2.643171,0.038962,0.035406
0.678120,-85.789465,-102.446669,6.318659,6.787293,-44.066172,76.826812,3.572788,2.805772,0.228665,2.620828,0.039460,0.038378
0.678642,-83.068792,-103.634902,6.119455,6.957745,-47.228527,76.655943,3.744060,2.836413,0.196233,2.589411,0.039099,0.039070
0.679163,-80.500370,-104.578599,6.388783,6.702316,-49.112765,76.307727,3.722290,2.746895,0.171810,2.569719,0.040251,0.038185
0.679684,-77.667940,-106.012373,6.242243,6.619123,-51.488195,76.067227,3.538334,2.744927,0.142803,2.546554,0.039005,0.036031
0.680205,-75.292748,-106.536766,6.236308,6.718899,-54.047531,75.428655,4.023499,2.953404,0.116228,2.519853,0.040505,0.039824
0.680727,-72.221137,-107.239637,6.495587,6.581702,-56.920433,75.097312,3.903683,3.281380,0.083718,2.493019,0.041408,0.039146
0.681248,-69.354990,-108.056766,6.222110,6.791207,-59.600640,74.709635,3.629756,2.916681,0.053320,2.468217,0.039360,0.035266
0.681769,-65.834478,-109.346714,6.091895,6.868104,-62.826318,73.345463,3.689953,2.710025,0.016464,2.433290,0.038980,0.034283
0.682290,-63.207384,-109.281569,6.277553,6.892802,-65.484924,73.338961,3.806590,2.621355,-0.012471,2.412710,0.040198,0.033902
0.682811,-60.068939,-109.671625,6.367875,6.812861,-68.024782,73.070092,3.912090,2.677801,-0.043509,2.391938,0.040857,0.034010
0.683333,-57.128881,-109.181709,6.155527,6.998747,-70.980402,72.484344,3.807168,2.875072,-0.076100,2.366677,0.039736,0.033348
0.683854,-54.178241,-108.786255,6.156028,6.769261,-74.099539,72.760922,3.972908,2.720355,-0.109293,2.347080,0.040114,0.032677
0.684375,-51.544024,-108.035119,6.222170,6.796878,-76.907532,72.603349,3.728257,2.659426,-0.139498,2.327414,0.039770,0.030330
0.684896,-48.758429,-107.441091,6.170751,6.738654,-79.442161,71.634076,4.033194,3.135939,-0.169698,2.304557,0.040585,0.033340
0.685418,-45.669357,-106.248052,6.142961,7.012491,-82.671927,72.971535,3.436578,3.092490,-0.203604,2.293951,0.038610,0.029452
0.685939,-43.431308,-105.002660,6.162471,6.865755,-85.077390,73.048305,3.781265,2.818636,-0.229769,2.280268,0.039595,0.029090
0.686460,-40.934341,-103.286966,6.362167,6.843431,-87.831778,73.228919,3.096016,2.387749,-0.259685,2.265775,0.038803,0.023617
0.686981,-37.904769,-102.190111,6.070347,7.002997,-91.326499,72.629664,3.789884,2.709145,-0.296570,2.242649,0.039317,0.027183
0.687503,-35.957756,-100.812167,6.407896,6.827407,-93.455485,72.172013,3.647575,3.339394,-0.320899,2.228393,0.040574,0.029283
0.688024,-33.327308,-99.039779,6.400496,6.687567,-97.005396,72.675251,3.661244,2.776496,-0.355115,2.213777,0.040175,0.025770
0.688545,-31.274412,-96.793249,6.433462,6.759940,-99.293510,73.327239,3.555521,3.097593,-0.380359,2.206890,0.040185,0.026464
0.689066,-29.371000,-94.725376,6.441548,6.675956,-100.991702,73.598930,3.684608,3.334496,-0.402288,2.200566,0.040602,0.027688
0.689587,-27.851429,-92.940703,6.181479,6.903485,-103.409792,73.098561,3.560894,3.132435,-0.427057,2.186126,0.039537,0.025912
0.690109,-25.729013,-91.112629,6.267386,6.826074,-105.445463,73.756767,3.523502,2.774262,-0.450371,2.181172,0.039448,0.023631
0.690630,-24.693375,-89.038149,6.426103,6.865931,-108.610229,73.540185,4.135026,2.938436,-0.476494,2.165989,0.041569,0.025623
0.691151,-23.351232,-87.240807,6.550640,6.596794,-110.530995,74.393486,3.056695,2.704962,-0.494641,2.163209,0.039241,0.021161
0.691672,-21.964702,-85.329131,6.640784,6.747048,-112.925722,75.148659,3.443282,2.726450,-0.515660,2.157970,0.040287,0.021858
0.692194,-20.766935,-83.764399,6.439180,6.686793,-114.669460,73.570405,3.434849,3.126072,-0.538087,2.141234,0.039951,0.023628
0.692715,-19.495816,-81.944591,6.566369,6.543628,-116.742178,75.045051,3.255489,2.517263,-0.554594,2.142113,0.039218,0.019842
0.693236,-19.123853,-80.311416,6.649148,6.631056,-117.440618,74.748551,3.599953,2.380130,-0.565085,2.137608,0.040396,0.020021
0.693757,-18.010610,-78.371666,6.650045,6.503492,-119.457557,75.011794,3.655388,2.710479,-0.584344,2.131505,0.040390,0.021324
0.694279,-17.596577,-77.839257,6.637759,6.422119,-121.122630,73.923233,3.574404,2.487919,-0.598651,2.118768,0.039945,0.019904
0.694800,-17.316998,-76.496335,6.702961,6.258338,-122.599608,74.287110,3.908889,2.872769,-0.609542,2.115567,0.040698,0.022214
0.695321,-16.162115,-75.081670,6.613233,6.517432,-124.354912,74.955467,3.221709,2.551897,-0.624752,2.113239,0.039119,0.018915
0.695842,-16.161573,-73.844105,6.710590,6.555403,-124.868881,75.514369,3.181763,2.572575,-0.629159,2.114701,0.039494,0.018838
0.696363,-15.937697,-72.957259,6.821368,6.394951,-125.760791,75.759878,3.486820,2.442588,-0.636081,2.112988,0.039938,0.018796
0.696885,-15.858557,-71.706167,6.735636,6.568645,-127.647654,74.936204,3.475266,3.261245,-0.651342,2.101643,0.040620,0.022412
0.697406,-15.875427,-70.709343,6.731466,6.440234,-127.637512,76.215803,3.590202,2.964877,-0.650297,2.109101,0.040281,0.021131
0.697927,-15.818811,-70.293062,6.780065,6.360489,-129.554533,76.026109,3.627005,2.637241,-0.660753,2.101474,0.039913,0.019458
0.698448,-16.080837,-69.663636,6.668952,6.507868,-129.958331,76.207270,3.692899,2.690514,-0.662845,2.101154,0.040033,0.019776
0.698970,-16.154647,-69.474972,6.819790,6.513011,-131.619578,76.408257,3.606219,2.986744,-0.669530,2.096772,0.040354,0.020727
0.699491,-16.153370,-69.208591,6.702722,6.557951,-132.123546,76.829924,3.530422,3.179383,-0.671137,2.097502,0.040034,0.021406
0.700012,-16.329538,-68.797733,6.644323,6.785041,-132.152599,76.866801,3.503945,3.165679,-0.671768,2.097615,0.040313,0.021288
0.700533,-17.018045,-68.693826,6.897463,6.740025,-132.546801,77.082756,3.584358,3.496408,-0.670154,2.097540,0.041419,0.022949
0.701054,-18.113633,-68.916689,6.667172,6.716738,-132.383624,75.282013,3.462308,3.682026,-0.670119,2.087857,0.041143,0.023833
0.701576,-19.019366,-69.591324,6.881281,6.572448,-132.190196,75.205200,3.966514,3.567589,-0.663411,2.088047,0.042279,0.024125
0.702097,-19.808416,-70.132726,6.756586,6.544789,-131.832681,75.277651,3.712952,3.628066,-0.656430,2.089626,0.041545,0.024037
0.702618,-20.520449,-70.828022,6.702590,6.653045,-132.634536,75.353534,3.859831,3.434522,-0.654262,2.087452,0.041492,0.023226
0.703139,-21.579953,-71.983806,6.892135,6.651907,-132.457064,75.140397,3.792005,3.407975,-0.645820,2.086810,0.041941,0.023018
0.703661,-22.946333,-72.886648,6.846866,6.629610,-132.632844,74.934536,3.969846,3.289579,-0.638375,2.085066,0.042027,0.022755
0.704182,-23.991005,-73.878539,6.601989,6.537519,-132.195091,74.296342,3.930126,3.775266,-0.630738,2.082821,0.041623,0.025145
0.704703,-25.629700,-75.272163,6.702964,6.595886,-132.631172,75.765945,3.828084,3.780295,-0.616368,2.089810,0.041493,0.024826
0.705224,-27.037760,-75.650095,6.553424,6.471628,-131.448060,77.763791,3.493036,2.964416,-0.597573,2.105011,0.039500,0.020364
0.705746,-28.310986,-77.162939,6.735466,6.453957,-131.635855,77.227502,3.541211,2.972722,-0.589785,2.101361,0.040142,0.020497
0.706267,-29.892267,-78.859468,6.548106,6.643118,-130.714081,77.195018,3.832529,2.941262,-0.573606,2.104249,0.040335,0.021051
0.706788,-31.777227,-80.663900,6.570856,6.798257,-129.751943,76.703660,3.524146,2.497664,-0.556861,2.104688,0.039904,0.018575
0.707309,-33.393648,-82.272887,6.548487,6.667773,-129.696814,75.409338,3.247000,3.738017,-0.548281,2.097448,0.040060,0.024131
0.707830,-35.363227,-84.056272,6.450963,6.767848,-128.691246,75.027172,3.401903,3.282754,-0.530554,2.098623,0.039863,0.022243
0.708352,-37.300145,-86.091320,6.457623,6.681832,-126.945408,74.238627,3.588743,3.653864,-0.509826,2.099970,0.040518,0.024734
0.708873,-39.716459,-88.137923,6.404501,6.809413,-125.210965,74.839691,3.624712,3.613578,-0.483116,2.109529,0.040404,0.024792
0.709394,-41.918496,-89.692032,6.357939,6.966547,-124.190922,75.334261,3.144159,3.408500,-0.462480,2.116055,0.039207,0.022990
0.709915,-44.505381,-91.539547,6.455549,6.807783,-123.391542,74.994271,3.561666,3.234994,-0.442383,2.116913,0.040176,0.023036
0.710437,-46.932135,-94.212775,6.395077,6.987702,-121.335282,73.781323,3.355837,3.502761,-0.416927,2.117134,0.039856,0.024391
0.710958,-49.459471,-96.394373,6.333271,6.819315,-120.259470,74.364614,3.896479,2.793422,-0.393045,2.124612,0.040173,0.022190
0.711479,-52.487636,-98.444164,6.253510,6.870648,-118.206711,73.349019,3.894642,3.281806,-0.365371,2.126164,0.040227,0.024894
0.712000,-55.699425,-99.866135,6.050636,7.017863,-116.757099,73.596467,3.749395,3.010887,-0.338449,2.133225,0.039028,0.023461
0.712522,-59.019144,-101.666526,6.033988,7.237165,-114.601899,73.265779,3.662620,3.230042,-0.307650,2.139618,0.038913,0.024712
0.713043,-61.905115,-103.376312,6.105704,6.840263,-112.606707,73.599608,3.787388,3.071961,-0.279015,2.149697,0.039160,0.024548
0.713564,-65.168663,-104.563238,6.257234,6.911587,-110.416397,73.064880,3.629624,3.052682,-0.249428,2.155367,0.039573,0.024465
0.714085,-68.738417,-106.027814,6.432817,6.736409,-108.518900,73.228981,3.784650,2.782756,-0.218380,2.164411,0.040603,0.023915
0.714606,-72.223399,-106.831275,6.422385,6.722159,-106.464307,73.203411,3.789253,2.748765,-0.187946,2.173142,0.040653,0.024154
0.715128,-75.888618,-108.223578,6.240970,6.750029,-103.982979,72.371304,3.828549,3.094153,-0.154329,2.178827,0.040074,0.026455
0.715649,-79.478111,-108.935670,6.204961,7.223846,-101.471132,72.433794,3.425183,3.172438,-0.120672,2.190748,0.038861,0.026148
0.716170,-83.323481,-109.592861,6.172065,6.993461,-98.732633,72.333684,3.560373,3.213410,-0.084498,2.203082,0.039050,0.027278
0.716691,-87.284708,-109.999681,6.109417,6.917876,-96.957978,72.248685,3.737167,3.232000,-0.053028,2.211189,0.039249,0.028292
0.717213,-90.646905,-110.183841,6.455830,6.789954,-94.693068,72.235310,3.654134,3.253898,-0.022177,2.222462,0.040656,0.028603
0.717734,-94.800626,-110.231658,6.045330,6.922161,-92.255340,72.534841,3.670738,3.329643,0.013926,2.237091,0.038694,0.029516
0.718255,-98.101325,-110.194653,6.115584,6.821524,-88.739314,72.364089,3.613906,3.077708,0.051237,2.254898,0.038866,0.028840
0.718776,-101.989944,-109.636618,6.218173,6.725405,-86.954194,72.424579,3.748813,3.203708,0.082399,2.265282,0.039753,0.030375
0.719298,-105.758141,-109.012023,6.175502,6.643699,-84.863639,72.089753,3.777830,3.207432,0.114866,2.274987,0.039721,0.031055
0.719819,-109.504576,-108.130396,6.333216,6.502453,-82.112862,72.808358,3.149683,2.898115,0.150246,2.296207,0.038657,0.027441
0.720340,-113.328417,-107.188590,6.292994,6.565803,-79.713587,73.108663,3.673738,2.566936,0.184325,2.313002,0.039688,0.028861
0.720861,-116.172728,-105.957054,6.305146,6.733814,-77.772773,73.058568,3.799102,2.674991,0.211304,2.324950,0.040179,0.030464
0.721382,-119.867252,-103.584019,6.239002,6.614373,-75.120104,74.148203,3.911024,2.717088,0.246641,2.349683,0.040108,0.031830
0.721904,-123.260689,-102.234264,6.605282,6.404607,-73.144027,73.955380,3.843570,2.872216,0.277128,2.361710,0.041475,0.032669
0.722425,-126.001585,-100.550955,6.182982,6.453071,-70.961554,74.133581,3.728204,2.901945,0.305236,2.378053,0.039351,0.032728
0.722946,-128.585343,-98.857257,6.389554,6.555774,-69.075068,74.362661,3.645293,2.739381,0.330920,2.393041,0.040021,0.032092
0.723467,-131.276620,-97.318215,6.389603,6.535125,-66.825506,74.206700,3.633335,3.112451,0.359431,2.408484,0.040040,0.034147
0.723989,-134.391233,-95.178665,6.143147,6.639749,-64.419106,74.224934,3.988849,3.067038,0.391705,2.426804,0.039954,0.036850
0.724510,-136.446031,-93.762895,6.302923,6.410373,-62.973035,75.053633,4.094495,2.741544,0.410498,2.443496,0.040367,0.036722
0.725031,-139.145960,-91.444082,6.419916,6.490891,-60.713916,74.916271,4.032370,2.883727,0.440555,2.460528,0.040759,0.037550
0.725552,-141.315548,-89.444759,6.498853,6.457259,-59.770399,75.176298,3.816154,2.945278,0.459921,2.469865,0.040564,0.036491
0.726074,-143.239404,-87.373089,6.470088,6.340804,-57.556509,75.293256,3.828338,3.183996,0.484810,2.488919,0.040403,0.038029
0.726595,-145.084430,-86.430081,6.373788,6.340305,-56.562727,74.982295,3.922527,2.776348,0.501629,2.495315,0.039968,0.037795
0.727116,-146.585708,-84.665160,6.122800,6.614877,-55.480797,74.764306,3.628291,3.194582,0.519157,2.503182,0.039069,0.037384
0.727637,-147.908696,-82.398895,6.396835,6.385143,-53.440543,75.312323,3.764353,3.102216,0.539680,2.524462,0.039917,0.038511
0.728158,-149.750032,-80.611759,6.394166,6.423595,-51.998364,75.383351,4.169286,2.944055,0.559773,2.537755,0.040620,0.041686
0.728680,-150.741165,-79.195327,6.085417,6.554543,-51.174110,76.078865,3.761121,2.849798,0.570188,2.549462,0.038774,0.038203
0.729201,-151.882529,-77.932769,6.501368,6.316906,-49.789279,75.550108,3.841131,3.223985,0.586970,2.558900,0.040217,0.040508
0.729722,-153.098386,-76.678238,6.248191,6.469243,-49.582698,75.945879,3.762695,3.211946,0.595972,2.563203,0.039429,0.039768
0.730243,-154.034625,-74.751452,6.464865,6.514186,-48.077862,76.055090,4.101520,3.156275,0.612469,2.577872,0.040805,0.042848
0.730765,-154.233649,-73.388520,6.327759,6.661505,-47.985021,76.801687,3.703511,2.666421,0.615693,2.583143,0.039571,0.038030
0.731286,-155.503522,-72.802805,6.480017,6.512902,-47.058848,76.689977,3.694369,2.860809,0.627582,2.591215,0.039753,0.038746
0.731807,-155.893534,-73.075771,6.505665,6.728972,-46.019450,75.886272,3.893869,2.945887,0.635516,2.596461,0.040516,0.041275
0.732328,-156.398996,-71.551333,6.438824,6.861527,-45.463629,77.259228,3.796296,2.873980,0.640602,2.609705,0.040202,0.039956
0.732850,-156.408260,-71.055577,6.386544,6.576490,-45.875969,77.150092,4.091077,2.835995,0.640810,2.605129,0.040221,0.042373
0.733371,-156.569378,-70.422472,6.327630,6.507016,-45.515038,77.175991,3.786317,2.966421,0.645041,2.608739,0.039490,0.040098
0.733892,-156.552236,-70.283908,6.281084,6.578549,-45.415728,77.084861,3.741333,3.045563,0.646145,2.609178,0.039488,0.039958
0.734413,-156.937573,-70.329916,6.494837,6.613154,-44.859650,76.995475,4.093067,3.078714,0.650346,2.614045,0.040727,0.043331
0.734934,-157.000050,-70.320800,6.411208,6.665180,-45.594491,77.141388,3.684765,3.008342,0.647003,2.607779,0.039851,0.039306
0.735456,-156.728159,-70.362709,6.534977,6.507145,-45.541112,77.147602,3.649871,3.117207,0.645902,2.608328,0.039998,0.039291
0.735977,-156.558674,-70.504579,6.566283,6.596284,-44.952598,77.167433,4.003368,3.020620,0.647184,2.614115,0.040708,0.042311
0.736498,-156.327217,-71.127115,6.466760,6.706610,-45.741781,76.838116,3.632039,3.079875,0.641819,2.604636,0.040080,0.039095
0.737019,-155.917710,-71.682299,6.387041,6.608702,-45.697660,76.713038,3.596579,3.033939,0.638842,2.604344,0.039542,0.038727
0.737541,-154.972264,-71.411009,6.100972,6.612181,-45.163400,77.428752,4.161536,2.890358,0.635625,2.613551,0.039608,0.043269
0.738062,-154.631416,-72.678940,6.240376,6.677788,-46.148164,77.832584,3.736576,3.084231,0.624526,2.606398,0.039355,0.039546
0.738583,-153.735116,-73.245192,6.391756,6.639338,-45.927984,77.348875,3.732999,3.009748,0.621304,2.605761,0.039762,0.039560
0.739104,-152.626934,-74.499855,6.217544,6.912784,-45.928756,77.124246,3.670928,3.084755,0.613206,2.604476,0.039578,0.039291
0.739626,-151.813375,-75.841164,6.410183,6.696805,-46.903614,77.159869,4.049727,2.890108,0.601050,2.595402,0.040381,0.041775
0.740147,-150.287606,-77.134556,6.422282,6.780401,-48.259544,77.490067,3.688237,2.780046,0.583264,2.584589,0.039851,0.037885
0.740668,-149.463760,-78.944529,6.393244,6.701511,-48.830603,77.326944,3.891133,2.843506,0.572120,2.578345,0.039947,0.039621
0.741189,-147.726496,-80.253689,6.355730,6.833416,-49.918843,77.389921,3.795071,2.847313,0.555310,2.568719,0.039902,0.038472
0.741710,-145.905062,-81.719804,6.504743,6.554030,-50.153708,77.413274,3.752440,2.754114,0.541673,2.566717,0.039873,0.037805
0.742232,-144.218502,-83.161724,6.288307,6.599040,-51.879763,76.932030,3.693193,2.858926,0.523170,2.548284,0.039324,0.037225
0.742753,-142.613500,-85.869418,6.228080,6.605744,-51.910384,74.880608,3.845515,3.380070,0.513717,2.535417,0.039789,0.040618
0.743274,-140.615660,-87.736836,6.285261,6.623764,-53.746336,75.154876,3.632675,3.191286,0.489927,2.520777,0.039436,0.037768
0.743795,-138.577976,-89.380570,6.409079,6.658981,-55.059023,74.698746,3.964714,3.127397,0.470834,2.506411,0.040734,0.039782
0.744317,-136.261111,-91.447719,6.236250,6.668625,-55.842832,75.360966,3.651615,2.710717,0.449224,2.503873,0.038996,0.035700
0.744838,-133.643933,-93.266250,6.332520,6.579377,-57.825408,74.764231,3.643480,2.918601,0.423867,2.483260,0.039533,0.035870
0.745359,-131.259915,-94.886473,6.201266,6.623129,-59.177436,74.321408,4.106026,3.146389,0.402717,2.469151,0.040351,0.039608
0.745880,-128.500573,-96.804707,6.285192,6.620535,-60.836979,74.799681,4.105271,2.752361,0.375583,2.458775,0.040456,0.037624
0.746402,-126.052979,-98.500045,6.313792,6.592801,-62.126067,74.372155,3.657691,2.858091,0.354198,2.445671,0.039517,0.034592
0.746923,-122.607592,-101.295096,6.479180,6.653597,-64.275578,73.242527,3.681276,2.922620,0.322538,2.421308,0.040394,0.034606
0.747444,-120.028038,-102.951319,6.151404,6.669663,-66.079249,73.340312,3.622374,2.940461,0.296971,2.408228,0.038792,0.033774
0.747965,-116.552246,-104.330894,6.304265,6.661269,-68.481776,73.056667,3.888242,2.976830,0.264635,2.388506,0.040261,0.034870
0.748486,-113.483120,-106.216516,6.153099,6.622742,-70.076023,72.682594,4.032043,2.877433,0.238035,2.374451,0.039921,0.034898
0.749008,-110.005275,-105.926178,6.310665,6.706670,-71.923007,73.436707,3.568819,2.929555,0.209213,2.366608,0.039555,0.031827
0.749529,-106.655791,-107.266658,6.109120,6.717532,-74.197354,73.285276,3.941122,3.100434,0.177873,2.350010,0.039653,0.033950
0.750050,-103.078046,-108.192183,6.140597,6.862450,-76.724654,72.920711,3.996344,3.098315,0.144494,2.330780,0.040054,0.033566
0.750571,-99.269196,-109.003222,6.191409,6.659753,-79.100238,72.459678,3.705331,3.366006,0.110692,2.312408,0.039536,0.032859
0.751093,-95.314733,-109.421211,6.275543,6.822742,-81.235380,72.938233,3.825537,2.748033,0.077054,2.302429,0.040184,0.029980
0.751614,-91.040168,-110.210891,6.100718,6.660093,-83.480969,72.686142,4.203507,3.060246,0.041307,2.287181,0.040472,0.032506
0.752135,-87.496725,-110.504966,6.240865,6.833516,-86.172725,73.044391,3.965560,2.627970,0.007213,2.273925,0.040283,0.028812
0.752656,-83.449093,-110.440719,6.043019,6.750188,-89.272629,72.612501,3.706141,2.555619,-0.031803,2.253642,0.038707,0.026643
0.753178,-79.662203,-110.061329,6.215257,6.857182,-91.341202,72.789017,3.654479,2.660319,-0.063785,2.243639,0.039354,0.026411
0.753699,-75.749159,-108.851146,6.173718,6.911412,-93.399674,73.720355,3.640297,2.569510,-0.096378,2.238979,0.039085,0.025428
0.754220,-72.009960,-107.990431,6.466251,6.894633,-95.901345,73.430114,4.164312,2.741625,-0.130937,2.224260,0.042006,0.027643
0.754741,-68.430289,-107.564001,6.218580,6.791384,-98.161245,72.572460,3.895673,3.244379,-0.163572,2.207426,0.040220,0.028576
0.755262,-64.511975,-106.509376,6.119945,6.921723,-100.023495,73.325434,4.042528,3.186676,-0.194959,2.203382,0.040072,0.028299
0.755784,-61.156364,-105.070643,6.035886,6.872870,-101.684165,72.952646,4.080678,3.619862,-0.223840,2.193134,0.040040,0.030227
0.756305,-57.820828,-103.465450,6.370822,7.034720,-103.911125,73.587154,3.798811,3.315824,-0.254668,2.186987,0.040670,0.027367
0.756826,-54.316880,-101.737940,6.243460,6.864817,-106.570833,72.673493,3.679686,3.410213,-0.291091,2.169289,0.039998,0.027118
0.757347,-51.248587,-100.188882,6.062556,6.717729,-107.897725,73.191699,3.841938,3.205997,-0.315798,2.166839,0.039493,0.026225
0.757869,-47.664208,-98.490744,6.091639,6.583559,-109.816466,73.485384,4.017239,2.981441,-0.346795,2.160527,0.039860,0.025249
0.758390,-44.793945,-96.611398,6.320139,6.671096,-111.656335,73.225051,3.683564,3.014795,-0.375052,2.151243,0.040082,0.024194
0.758911,-41.854337,-94.602328,6.592995,6.670308,-113.581631,74.620270,3.526389,2.394337,-0.400908,2.152059,0.040364,0.020489
0.759432,-38.910606,-93.400965,6.556631,6.584522,-114.113918,73.193367,3.171603,3.152531,-0.424031,2.141106,0.039863,0.023295
0.759953,-36.512090,-91.323614,6.407606,6.554227,-115.642680,74.003137,3.563475,2.499599,-0.446407,2.140059,0.039685,0.020758
0.760475,-33.805173,-89.288038,6.408460,6.498991,-117.195571,74.744352,3.427112,2.656486,-0.470327,2.138529,0.039222,0.020866
0.760996,-31.503805,-87.206815,6.402985,6.691192,-118.226561,75.042859,3.134774,2.852132,-0.490867,2.136367,0.038927,0.020967
0.761517,-29.337705,-85.399141,6.447643,6.463441,-119.521896,74.696109,3.512591,3.412233,-0.513009,2.129365,0.039915,0.024412
0.762038,-27.111113,-83.596548,6.643095,6.493246,-120.446280,75.428841,3.169036,2.909528,-0.530746,2.130290,0.039580,0.021003
0.762560,-25.221069,-81.609287,6.638072,6.339173,-122.435763,75.913946,3.151204,2.543768,-0.552931,2.125814,0.038945,0.018923
0.763081,-23.192977,-81.009411,6.371693,6.520412,-121.746681,74.451885,3.398676,3.415816,-0.565005,2.119651,0.039451,0.023903
0.763602,-21.510448,-79.618289,6.621994,6.503478,-123.468623,74.040135,3.437018,3.073967,-0.585833,2.110971,0.040020,0.022047
0.764123,-19.669358,-78.130081,6.527285,6.447741,-124.166647,74.652344,3.117309,2.163303,-0.599881,2.112118,0.038349,0.016931
0.764645,-18.125868,-76.466011,6.488739,6.547370,-124.243520,74.184979,3.708319,3.588227,-0.613669,2.109076,0.040544,0.025017
0.765166,-16.972813,-75.554366,6.840983,6.383682,-124.601289,74.337651,3.730235,3.393869,-0.622731,2.108715,0.041215,0.024021
0.765687,-15.834204,-73.370614,6.663527,6.550029,-124.473296,74.773340,3.680845,3.594593,-0.632750,2.111744,0.041171,0.024914
0.766208,-14.180571,-72.082202,6.581571,6.428524,-124.718931,75.007091,3.830694,3.215762,-0.644464,2.112251,0.040565,0.023293
0.766729,-13.206478,-71.410108,6.593391,6.530068,-124.016361,74.154789,3.755524,3.315538,-0.650656,2.109702,0.040953,0.023785
0.767251,-12.021869,-70.502525,6.617873,6.547710,-125.367807,75.173376,3.515000,3.227285,-0.661225,2.110938,0.040206,0.022615
0.767772,-11.747071,-70.173277,6.735807,6.376874,-124.864773,74.151679,3.600189,3.498588,-0.664767,2.106686,0.040907,0.024276
0.768293,-10.727569,-69.696737,6.814316,6.441120,-124.955789,74.278536,3.661680,3.227070,-0.670696,2.107116,0.040999,0.023018
0.768814,-10.023127,-69.524502,6.856560,6.637067,-124.689276,73.557170,3.556485,3.582091,-0.675596,2.103774,0.041740,0.024698
0.769336,-9.503195,-69.364776,6.636671,6.573534,-124.679400,73.548686,3.504414,3.543662,-0.678338,2.103758,0.040809,0.024410
0.769857,-8.843094,-69.634730,6.946202,6.594084,-124.258351,74.079555,2.891622,3.655763,-0.676621,2.108398,0.040853,0.023998
0.770378,-8.750600,-68.769825,6.920054,6.501871,-123.650414,75.016751,3.284477,3.486942,-0.674192,2.116116,0.041027,0.023741
0.770899,-8.250847,-68.684588,6.826930,6.721391,-123.776912,76.121953,3.331173,3.598559,-0.673396,2.122167,0.041065,0.024273
0.771421,-8.039933,-68.996493,6.756279,6.582700,-123.083917,75.646519,3.378112,2.483348,-0.671908,2.121877,0.039809,0.019088
0.771942,-7.510346,-69.762261,6.732121,6.703609,-121.684328,75.911138,3.467670,2.788524,-0.664764,2.128559,0.040281,0.020878
0.772463,-7.688832,-70.579969,6.721325,6.623574,-120.612927,74.828876,3.534143,3.349259,-0.660307,2.126085,0.040899,0.023965
0.772984,-7.470137,-71.117150,6.727378,6.415406,-120.277659,74.215336,4.037784,2.982627,-0.660061,2.123646,0.041122,0.023401
0.773505,-7.678017,-72.302949,6.658852,6.615952,-119.283533,73.971087,3.502562,3.336694,-0.651763,2.125885,0.040666,0.024107
0.774027,-7.679885,-73.295411,6.703136,6.563527,-117.673683,74.759113,3.277763,3.448451,-0.638959,2.136774,0.040364,0.024390
0.774548,-8.080117,-74.381835,6.559037,6.536273,-117.265408,74.670373,3.496115,2.978407,-0.632227,2.137810,0.039761,0.022562
0.775069,-8.180786,-75.775633,6.570631,6.674230,-115.649647,75.004517,3.628430,2.534336,-0.619233,2.146151,0.039881,0.021050
0.775590,-9.155894,-77.212954,6.605912,6.707584,-115.164426,74.913445,3.614882,2.468010,-0.608605,2.147517,0.039949,0.020799
0.776112,-9.643513,-79.619561,6.559362,6.641073,-112.679698,74.202959,3.247460,2.446589,-0.590195,2.153145,0.039133,0.020115
0.776633,-10.343836,-81.142450,6.720550,6.452304,-111.745016,73.792113,3.551635,2.423651,-0.579516,2.154421,0.039942,0.021017
0.777154,-11.642446,-83.021820,6.542840,6.455799,-109.817583,73.831539,3.619012,2.355014,-0.559249,2.162696,0.039514,0.021236
0.777675,-12.546185,-84.586386,6.693504,6.479853,-108.638359,73.519569,3.150164,2.705475,-0.546114,2.165738,0.039447,0.021746
0.778197,-13.598695,-86.000900,6.563930,6.578414,-106.720864,73.139048,3.315212,2.928025,-0.529436,2.171609,0.039672,0.023629
0.778718,-15.209590,-87.916233,6.555168,6.763158,-104.758919,72.999171,3.357166,3.120849,-0.507819,2.179392,0.040101,0.025062
0.779239,-16.635650,-89.806456,6.482446,6.792097,-103.461756,73.118649,3.490829,2.927907,-0.489636,2.186019,0.039921,0.024680
0.779760,-18.360577,-91.169364,6.407416,6.654872,-101.146998,72.894238,3.468185,3.056691,-0.467320,2.195265,0.039688,0.025693
0.780281,-19.817346,-93.975762,6.633371,6.660957,-98.173516,72.419499,3.035047,2.587025,-0.440101,2.206358,0.039516,0.022569
0.780803,-21.766750,-95.968213,6.620726,6.670566,-97.029189,71.935508,3.539938,2.989416,-0.421396,2.208758,0.040625,0.026456
0.781324,-23.656879,-98.012295,6.245551,6.597122,-94.600961,72.280079,3.553845,2.666369,-0.394736,2.223230,0.038896,0.025400
0.781845,-25.941460,-98.172179,6.230746,6.885524,-91.997915,73.026922,3.926661,2.754517,-0.368245,2.241739,0.040171,0.027737
0.782366,-28.155471,-101.181168,6.302729,6.832934,-89.468406,71.571133,3.502289,3.174769,-0.341050,2.245513,0.039536,0.028859
0.782888,-30.501963,-101.469441,6.403766,6.899547,-87.183091,72.766602,3.754470,2.984930,-0.314514,2.266306,0.040564,0.029258
0.783409,-33.299388,-103.186529,6.201463,6.812929,-85.316718,73.015287,3.752493,2.646870,-0.287061,2.278656,0.039480,0.028156
0.783930,-35.592480,-104.435206,6.189232,6.886903,-83.004316,72.630347,3.513070,3.086971,-0.261627,2.289637,0.038987,0.029725
0.784451,-38.791906,-105.600263,6.344930,6.940046,-79.424296,72.439500,3.741591,3.167036,-0.224378,2.310233,0.040408,0.031999
0.784973,-41.555202,-106.673122,6.209830,6.806003,-77.157486,72.588093,3.830109,3.111485,-0.196054,2.325690,0.039960,0.032732
0.785494,-44.297688,-107.443433,6.461991,6.941670,-74.480597,72.819719,4.056278,3.035364,-0.165899,2.344920,0.041736,0.034282
0.786015,-47.269150,-108.079333,6.118279,7.086361,-71.275360,72.953032,3.766097,2.881823,-0.131838,2.367826,0.039387,0.032977
0.786536,-50.254620,-107.554598,6.363672,6.977841,-68.801932,74.248403,4.058787,2.935454,-0.101667,2.394250,0.041304,0.035405
0.787057,-53.554902,-107.748373,6.187025,7.121996,-66.647092,74.240437,3.706306,3.060770,-0.071816,2.410039,0.039544,0.034413
0.787579,-56.487676,-107.613499,5.907630,7.105424,-63.757748,74.534291,3.710439,2.881331,-0.039892,2.433963,0.038276,0.034511
0.788100,-59.589032,-107.677511,6.168885,6.930318,-61.162788,74.948839,3.843532,2.870503,-0.008617,2.457135,0.039797,0.036049
0.788621,-62.452284,-107.312516,6.388962,6.850210,-59.347370,75.397857,3.730077,2.662687,0.016992,2.474753,0.040485,0.035038
0.789142,-65.704838,-106.852460,6.332652,6.768786,-57.194970,75.533115,3.715987,2.702415,0.046625,2.493489,0.040213,0.035696
0.789664,-68.569217,-106.324004,6.463167,6.832184,-54.540591,75.386447,3.631376,3.125578,0.077050,2.515281,0.040680,0.037249
0.790185,-71.692127,-105.008776,6.300557,6.771447,-51.280804,76.095877,3.746938,2.943663,0.112231,2.548601,0.040226,0.038315
0.790706,-74.407235,-104.382190,6.182658,6.910723,-49.280125,76.582902,3.741137,3.096797,0.137968,2.569809,0.039590,0.039141
0.791227,-77.546710,-103.164125,6.179371,6.770662,-48.036770,77.119603,4.056278,3.035364,0.162247,2.584515,0.040466,0.041809
0.791749,-79.918897,-101.809608,6.213781,6.546750,-45.210036,77.296111,3.843532,2.870503,0.191417,2.612355,0.040018,0.040431
0.792270,-82.297795,-101.295112,6.371146,6.790083,-43.727268,77.281467,3.720475,2.940483,0.212721,2.626686,0.040389,0.039947
0.792791,-84.857527,-100.256758,6.217602,6.685386,-41.396152,77.263433,3.698075,2.938581,0.240102,2.649733,0.039604,0.040418
0.793312,-87.082047,-98.784021,6.306717,6.757317,-39.881526,77.917238,4.035289,2.962845,0.261026,2.668514,0.040897,0.043840
0.793833,-89.647983,-97.479923,6.485057,6.507439,-38.205575,78.713517,3.817096,2.755248,0.284070,2.689713,0.040807,0.041586
0.794355,-91.441705,-95.888751,6.537623,6.634813,-36.839911,78.972398,3.711652,2.748103,0.302664,2.705110,0.040879,0.040837
0.794876,-93.456511,-94.570174,6.216653,6.542309,-35.257441,78.734379,3.981527,3.299664,0.323987,2.720568,0.040351,0.044930
0.795397,-95.430068,-92.990832,6.193734,6.803377,-33.583872,79.335334,3.746844,3.399168,0.344573,2.741150,0.039771,0.042903
0.795918,-97.098397,-92.048731,6.360867,6.569968,-32.641183,79.815000,4.234166,3.208874,0.358813,2.753386,0.041412,0.047581
0.796440,-98.984856,-91.408960,6.396070,6.813100,-31.380091,79.346743,4.097610,3.119852,0.376980,2.764988,0.041286,0.046638
0.796961,-100.612289,-89.892335,6.373305,6.630143,-30.802680,79.954197,4.099080,2.990912,0.389967,2.773863,0.041030,0.046372
0.797482,-101.699975,-88.839550,6.368624,6.671341,-29.261863,79.927445,3.876055,2.934130,0.405439,2.790643,0.040454,0.044375
0.798003,-103.151763,-86.877906,6.493953,6.757215,-28.177990,81.110722,3.682802,2.957486,0.419775,2.807235,0.040502,0.042062
0.798525,-105.141318,-86.194028,6.389352,6.786380,-28.068996,81.001783,3.754633,3.160709,0.431939,2.808019,0.040326,0.043108
0.799046,-105.561644,-85.268017,6.352430,6.647296,-28.045489,81.150992,3.711860,3.042136,0.435906,2.808846,0.040030,0.042467
0.799567,-106.861704,-84.664121,6.137216,6.715329,-26.593332,81.502398,3.318529,2.973401,0.450004,2.826195,0.038192,0.038340
0.800088,-107.622573,-83.746284,6.372694,6.467597,-26.320705,80.837259,3.391326,3.263179,0.458824,2.826817,0.039352,0.039749
0.800609,-108.309030,-83.062148,6.425863,6.588786,-26.025734,80.835391,3.775198,3.233883,0.465279,2.830113,0.040515,0.043896
0.801131,-109.438275,-83.003235,6.445368,6.591299,-26.121749,80.961692,3.862614,3.186031,0.470135,2.829494,0.040642,0.044715
0.801652,-109.664097,-83.069129,6.502903,6.708180,-26.089430,80.830304,3.804656,3.160681,0.471548,2.829381,0.040819,0.044134
0.802173,-110.787861,-82.881144,6.362452,6.721889,-26.070364,80.698203,3.758861,3.101811,0.477864,2.829116,0.040130,0.043650
0.802694,-111.003651,-82.713628,6.501284,6.775742,-25.907352,80.585467,3.780804,3.267118,0.480390,2.830539,0.040844,0.044132
0.803216,-111.179506,-81.880337,6.541869,6.716773,-26.039815,81.483125,3.775640,3.254191,0.480438,2.832277,0.040898,0.043608
0.803737,-111.642517,-82.217413,6.543124,6.630240,-26.180315,81.423233,3.864351,3.249525,0.481293,2.830499,0.040915,0.044558
0.804258,-111.651766,-82.369919,6.465549,6.564654,-26.261240,81.680785,3.901478,3.057837,0.479923,2.830520,0.040480,0.044643
0.804779,-111.651766,-82.369919,6.465549,6.564654,-27.027094,81.614591,4.268677,3.176783,0.476407,2.821804,0.041479,0.048544
0.805301,-111.737379,-82.545042,6.488658,6.664231,-27.444671,81.578619,3.917323,3.209553,0.474463,2.817067,0.040875,0.044746
0.805822,-111.664281,-83.262090,6.499574,6.900708,-27.942167,81.976667,3.816389,2.850641,0.468972,2.813088,0.040611,0.043039
0.806343,-111.516758,-83.995446,6.492123,6.831133,-29.305995,82.016212,3.590217,2.762979,0.459809,2.798412,0.039994,0.040259
0.806864,-111.313810,-86.087840,6.527607,6.864519,-30.197046,80.255025,3.632381,3.161630,0.453717,2.781715,0.040456,0.041720
0.807385,-110.962174,-86.728942,6.549632,6.751300,-30.559560,79.944717,3.842443,3.391667,0.449465,2.776473,0.040996,0.044259
0.807907,-110.403454,-87.362603,6.381905,6.715864,-31.779090,80.092496,3.694084,2.974293,0.438972,2.763865,0.039832,0.041833
0.808428,-109.488290,-88.850864,6.288662,6.573458,-32.725453,80.058746,3.989946,2.626322,0.426558,2.753551,0.039808,0.044221
0.808949,-109.015805,-89.605175,6.450625,6.590757,-33.468631,78.967186,3.678901,3.091627,0.421322,2.740714,0.040068,0.041924
0.809470,-108.009220,-90.888872,6.274250,6.600070,-35.181312,79.482374,3.652574,2.928842,0.403957,2.724884,0.039150,0.040775
0.809992,-106.929639,-92.297280,6.448788,6.522132,-36.401531,78.632722,3.413813,3.056027,0.391333,2.708037,0.039387,0.038701
0.810513,-105.750680,-93.290919,6.481782,6.824058,-37.899413,78.561533,3.731056,2.999816,0.376035,2.692110,0.040461,0.041323
0.811034,-104.721483,-95.517255,6.340278,6.656214,-39.643537,76.604387,3.734353,3.573476,0.361479,2.664035,0.040123,0.042907
0.811555,-103.588947,-96.884219,6.594374,6.555227,-41.326787,76.390293,3.719009,3.476707,0.344959,2.645689,0.041026,0.042204
0.812077,-102.370936,-98.257964,6.301884,6.691196,-43.137256,76.009720,3.785880,3.569672,0.327649,2.625396,0.040074,0.042729
0.812598,-100.548602,-99.729614,6.260284,6.645698,-44.428655,75.812465,3.888171,3.314593,0.309426,2.611506,0.040016,0.042675
0.813119,-98.874666,-101.017455,6.402168,6.671182,-47.073727,75.318579,3.852173,3.237107,0.285725,2.582997,0.040630,0.041543
0.813640,-97.619570,-102.178240,6.250532,6.745914,-49.364838,75.736035,3.797048,2.887815,0.264853,2.563952,0.039682,0.039273
0.814161,-95.415934,-103.664711,6.383919,6.768607,-51.629186,75.132833,3.756235,2.942820,0.240169,2.539528,0.040230,0.038568
0.814683,-93.727321,-104.015025,6.258581,6.654944,-53.291148,76.549980,3.697846,2.670054,0.220308,2.533448,0.039261,0.036417
0.815204,-91.346491,-104.998432,6.463824,6.677167,-55.846919,75.254014,3.630028,3.084768,0.194455,2.503159,0.040341,0.036775
0.815725,-89.555653,-106.349530,6.343285,6.720738,-58.532597,74.821467,4.063325,2.816468,0.169592,2.477740,0.040946,0.038324
0.816246,-87.482819,-107.079805,6.307308,6.784166,-60.637887,74.278765,4.014367,3.013417,0.146954,2.456958,0.040774,0.038036
0.816768,-85.118811,-107.913252,6.211296,6.782421,-63.259693,73.948657,3.716599,2.974576,0.119622,2.433941,0.039530,0.035172
0.817289,-83.124055,-108.772540,6.134298,6.868431,-66.100482,73.639477,3.985765,2.915675,0.093055,2.410092,0.039937,0.035859
0.817810,-80.481889,-109.156983,6.470292,6.664755,-68.334005,73.246034,4.050220,2.991092,0.066501,2.390875,0.041749,0.035902
0.818331,-77.796038,-109.790267,6.114192,7.031995,-71.395169,73.029472,3.816016,3.082098,0.034998,2.367510,0.039402,0.034043
0.818852,-75.250867,-109.203675,6.120609,6.695225,-73.822401,73.412449,4.037965,3.096979,0.007822,2.353410,0.040152,0.034538
0.819374,-73.131122,-109.438056,6.098956,6.857356,-76.602555,73.196364,3.694548,3.053504,-0.019005,2.333460,0.039037,0.031851
0.819895,-70.356517,-109.505110,6.357169,6.865081,-80.203820,72.417770,3.334437,3.241683,-0.054076,2.305223,0.039409,0.030387
0.820416,-67.635211,-108.818765,6.126143,6.857065,-83.047872,72.298095,3.813496,3.337246,-0.084893,2.287106,0.039716,0.032245
0.820937,-65.289043,-108.478140,6.043639,6.770030,-85.051428,72.431816,3.721186,3.372790,-0.108807,2.276232,0.039031,0.031540
0.821459,-63.040595,-107.819871,5.984976,6.728851,-88.243225,72.389419,3.854304,3.199132,-0.138951,2.257817,0.039157,0.030468
0.821980,-60.593262,-107.311898,6.182787,7.003274,-90.813954,72.311527,3.620060,3.094145,-0.166684,2.243253,0.039411,0.028497
0.822501,-58.060281,-106.665020,6.164576,6.802396,-92.768711,72.938548,3.521093,2.687040,-0.190897,2.237091,0.038852,0.025700
0.823022,-55.884127,-105.268103,6.128266,6.885849,-94.986031,73.359057,3.530788,2.853593,-0.215503,2.228426,0.038776,0.026028
0.823544,-53.802559,-104.375086,6.105163,6.628660,-98.875451,72.428093,3.681305,3.319975,-0.249616,2.203015,0.039170,0.028152
0.824065,-51.669122,-103.830959,6.177233,6.656890,-101.546525,72.329136,4.101976,2.974565,-0.275915,2.189714,0.040451,0.027240
0.824586,-50.043762,-102.489669,6.331250,6.585116,-103.979325,71.964599,4.083871,3.001794,-0.299846,2.176204,0.041120,0.026810
0.825107,-48.148720,-100.586088,6.283903,6.934043,-106.221973,72.084055,3.325194,3.274451,-0.324440,2.167027,0.039348,0.025633
0.825628,-46.553802,-98.932891,6.181893,6.767286,-108.700170,72.497984,3.631797,2.914968,-0.347781,2.158998,0.039447,0.024132
0.826150,-44.635903,-97.358745,6.206579,6.800208,-110.490019,72.899178,3.583167,3.242575,-0.369067,2.154017,0.039526,0.025304
0.826671,-43.315200,-96.053769,6.407600,6.771112,-112.310767,72.598972,3.936125,3.101402,-0.388325,2.144645,0.041212,0.025192
0.827192,-42.209958,-95.406579,6.435793,6.744876,-115.112553,71.798452,3.666968,3.189336,-0.411157,2.128477,0.040655,0.024545
0.827713,-40.221507,-93.841564,6.053812,6.863026,-116.852976,72.952565,3.731250,2.788117,-0.430674,2.128900,0.039028,0.022372
0.828235,-39.215504,-92.268176,6.341944,6.723206,-118.160524,73.866716,3.211393,2.549444,-0.443600,2.129495,0.038729,0.019746
0.828756,-38.302264,-90.973092,6.209357,6.591898,-119.297225,73.790542,3.526881,2.698377,-0.456891,2.124739,0.038876,0.021037
0.829277,-37.385369,-89.379092,6.468413,6.798547,-121.590365,73.571125,3.592112,3.246081,-0.476960,2.114938,0.040494,0.023518
0.829798,-36.851232,-88.012262,6.412247,6.667994,-123.089683,73.564270,3.715194,3.336569,-0.490267,2.109484,0.040518,0.023991
0.830320,-36.176021,-86.962178,6.816621,6.445205,-124.574046,73.853041,3.608705,3.681096,-0.502603,2.105938,0.041668,0.025289
0.830841,-35.594312,-85.622484,6.454719,6.725601,-125.551548,74.013955,3.510447,3.134031,-0.513159,2.103467,0.040194,0.022199
0.831362,-35.153449,-84.805930,6.562140,6.551826,-127.134148,74.347903,3.576502,3.738437,-0.524038,2.099964,0.040752,0.025108
0.831883,-34.645020,-83.916326,6.662185,6.598357,-128.175306,74.136720,3.784386,3.419682,-0.534342,2.095183,0.041398,0.023736
0.832404,-34.232717,-82.803059,6.731545,6.531247,-129.068484,74.459177,3.697221,3.761760,-0.542653,2.094055,0.041614,0.025138
0.832926,-34.213070,-81.467718,6.742949,6.534749,-130.306599,75.527547,3.798534,3.520233,-0.549254,2.096091,0.041584,0.023851
0.833447,-33.690452,-81.209098,6.526697,6.569989,-131.013319,75.670340,3.743399,3.632486,-0.555261,2.094565,0.040730,0.024195
0.833968,-33.873154,-80.871954,6.804510,6.291087,-132.056570,76.403501,3.930261,3.297593,-0.558079,2.095307,0.041281,0.022725
0.834489,-33.737297,-80.887331,6.719322,6.410847,-132.704379,75.480272,3.685577,3.640207,-0.564269,2.087947,0.040969,0.023917
0.835011,-34.250177,-80.347729,6.802332,6.482535,-132.929793,75.162007,3.604400,3.755083,-0.565441,2.085406,0.041479,0.024355
0.835532,-34.271911,-79.347965,6.802332,6.482535,-133.120474,77.065246,3.702004,3.269075,-0.563596,2.095567,0.041125,0.021993
0.836053,-34.410738,-79.579858,6.650304,6.680156,-133.808571,76.476551,3.943782,3.218220,-0.567136,2.090024,0.041301,0.022133
0.836574,-35.249932,-79.497568,6.627266,6.440493,-134.117059,75.976756,3.735505,3.804206,-0.566404,2.086216,0.041092,0.024572
0.837096,-35.383390,-79.862262,6.588686,6.404754,-134.191339,76.157551,3.738375,3.573729,-0.564548,2.086998,0.040650,0.023426
0.837617,-36.332932,-79.865021,6.766943,6.457741,-134.182875,75.786117,3.641274,3.962599,-0.561219,2.084929,0.041631,0.025225
0.838138,-36.987785,-80.579419,6.707737,6.382758,-134.302081,76.172543,3.793121,3.687904,-0.555586,2.086729,0.041270,0.024053
0.838659,-37.841299,-80.912789,6.459758,6.619477,-134.072020,76.122348,3.771131,3.832503,-0.549776,2.087182,0.040866,0.024762
0.839180,-39.003245,-81.723094,6.504404,6.578766,-134.254973,76.175897,3.708139,3.701995,-0.542802,2.086898,0.040691,0.023992
0.839702,-39.587759,-82.510268,6.554933,6.662069,-134.387407,76.121294,3.724144,3.722340,-0.538660,2.086168,0.040928,0.024104
0.840223,-40.884356,-83.351111,6.402441,6.779113,-134.165371,76.158115,3.807096,3.946332,-0.529168,2.087085,0.040867,0.025363
0.840744,-42.017464,-84.300374,6.436504,6.618735,-133.028898,76.113781,3.652484,3.756718,-0.516068,2.090493,0.040406,0.024345
0.841265,-43.338741,-86.271696,6.510568,6.543224,-132.672299,75.047205,3.680510,3.753973,-0.505733,2.085582,0.040640,0.024512
0.841787,-44.751800,-87.654874,6.404201,6.785312,-132.116185,75.214512,3.853121,3.500093,-0.492348,2.088341,0.040635,0.023613
0.842308,-46.159934,-88.760163,6.592721,6.746490,-131.023379,75.492992,3.566226,3.615909,-0.476889,2.093517,0.040725,0.023831
0.842829,-47.934807,-90.089551,6.641113,6.594019,-129.884690,75.309549,3.490906,4.036222,-0.460015,2.096244,0.040893,0.026017
0.843350,-49.657177,-91.323264,6.609962,6.776529,-129.018731,75.798530,3.616041,3.438731,-0.443344,2.101974,0.040789,0.023290
0.843872,-51.384600,-93.505337,6.699290,6.658424,-127.313357,75.506758,3.495709,3.561162,-0.422230,2.106111,0.040778,0.023944
0.844393,-53.310312,-94.972831,6.437725,6.692312,-126.743350,74.724703,3.640376,3.643092,-0.408399,2.103515,0.040191,0.024756
0.844914,-55.169724,-96.401802,6.453221,6.874553,-125.202655,74.403298,3.727860,3.068812,-0.389111,2.106987,0.040430,0.022340
0.845435,-57.182749,-97.699557,6.472828,6.912335,-124.543629,74.531130,3.614910,3.034856,-0.372818,2.110063,0.040187,0.022034
0.845956,-59.541039,-99.549383,6.616073,6.860226,-122.590466,73.793541,3.533455,3.372250,-0.348851,2.112650,0.040755,0.023873
0.846478,-61.823104,-100.671881,6.534802,6.851047,-120.742252,73.567139,3.367071,3.297350,-0.326080,2.118019,0.040110,0.023456
0.846999,-64.176874,-102.306844,6.362146,6.902766,-119.278986,73.789014,3.462314,3.117398,-0.303258,2.124799,0.039419,0.022933
0.847520,-66.565906,-103.556073,6.261819,7.038709,-116.967466,74.022176,3.646883,3.442784,-0.276554,2.135016,0.039503,0.025302
0.848041,-69.681469,-104.684408,6.205982,6.883055,-115.685849,73.311172,3.668847,3.316369,-0.252923,2.135634,0.039365,0.024979
0.848563,-72.117541,-105.915250,6.252768,7.070861,-114.180796,73.093818,3.332362,3.315935,-0.230791,2.140222,0.038747,0.024494
0.849084,-75.228910,-107.256044,6.139785,6.862215,-111.997858,72.111504,4.031997,3.392850,-0.202191,2.142847,0.040187,0.026966
0.849605,-77.994930,-108.494239,6.442887,7.011848,-109.960492,72.223027,3.337439,3.246753,-0.175071,2.151943,0.039618,0.024889
0.850126,-81.131082,-108.715751,6.119741,7.150165,-107.473451,72.846307,3.961135,3.227244,-0.144082,2.166472,0.039799,0.026765
0.850648,-84.257694,-109.198237,6.612234,6.916632,-105.216277,72.540740,3.735666,3.326456,-0.114815,2.174403,0.041519,0.027102
0.851169,-87.537206,-109.844350,6.194106,6.998772,-102.653831,72.456052,3.679985,3.521949,-0.082732,2.185424,0.039411,0.028454
0.851690,-90.103019,-110.595192,6.039420,7.126650,-99.874116,72.337318,3.919240,3.499489,-0.053363,2.197636,0.039313,0.029593
0.852211,-93.658229,-111.047225,6.152765,6.989368,-98.093354,71.951516,4.197848,3.319277,-0.024231,2.203654,0.040691,0.030010
0.852732,-96.825873,-110.203157,6.468357,6.928883,-95.559586,72.666478,3.568858,3.303014,0.006924,2.220940,0.040397,0.028345
0.853254,-99.812328,-109.725656,6.342537,6.549228,-93.765235,72.931747,4.088542,2.895891,0.033094,2.231861,0.041288,0.028580
0.853775,-103.171946,-109.794642,6.244379,6.760043,-91.229863,72.610018,3.738907,2.927868,0.065377,2.243033,0.039818,0.028014
0.854296,-105.927093,-109.237587,6.296909,6.819059,-88.919510,72.614499,3.900348,3.189280,0.093253,2.255597,0.040560,0.030410
0.854817,-109.439387,-108.644870,6.213296,6.836840,-86.707732,72.348768,3.698115,3.048785,0.124939,2.266163,0.039660,0.029494
0.855339,-112.116412,-108.187209,6.228835,6.586655,-84.075332,72.790490,4.213233,2.887893,0.153720,2.284379,0.041021,0.031629
0.855860,-115.256492,-107.195164,6.181679,6.879642,-81.228467,72.843406,3.706526,3.034756,0.186801,2.301825,0.039398,0.030712
0.856381,-117.841300,-106.258559,6.358714,6.594614,-79.319802,73.127073,3.810451,2.856625,0.211529,2.315595,0.040350,0.030857
0.856902,-120.483042,-104.710561,6.330573,6.711672,-77.095627,73.172481,3.838013,3.035914,0.239239,2.330093,0.040421,0.032358
0.857424,-122.971854,-103.530964,6.394017,6.793533,-74.993920,73.282681,3.848891,2.943931,0.264967,2.344654,0.040714,0.032579
0.857945,-125.578625,-102.213312,6.596880,6.659350,-72.061072,73.707311,3.134622,2.972063,0.295319,2.367488,0.039715,0.029649
0.858466,-127.710777,-99.976838,6.468317,6.417097,-71.018729,73.931533,3.677706,3.020488,0.315125,2.376287,0.040500,0.032954
0.858987,-130.194570,-99.736526,6.114769,6.743040,-68.572955,73.338307,3.545039,2.983134,0.342046,2.389762,0.038663,0.032817
0.859508,-132.329387,-97.847216,6.317654,6.484464,-66.948587,73.420794,3.930625,3.265441,0.364671,2.402270,0.040464,0.036671
0.860030,-133.470460,-96.358627,6.276630,6.619380,-64.669019,73.107601,4.099083,3.271558,0.385659,2.417366,0.040900,0.038505
0.860551,-135.219292,-94.341726,6.378577,6.494396,-63.204641,73.758067,3.828876,3.125288,0.404750,2.433096,0.040486,0.036527
0.861072,-136.673345,-93.933874,6.338325,6.344060,-61.196263,73.386643,3.646701,2.923124,0.423762,2.446527,0.039542,0.035255
0.861593,-138.212864,-92.401311,6.611211,6.658597,-59.574299,73.475613,3.661761,3.043060,0.442696,2.460299,0.040936,0.036258
0.862115,-139.478886,-90.703667,6.362238,6.472330,-58.496520,74.268334,3.539004,3.218474,0.456329,2.474435,0.039560,0.036174
0.862636,-141.174935,-89.306042,6.477875,6.560143,-56.836325,74.636010,3.773364,2.926840,0.475134,2.490764,0.040313,0.037165
0.863157,-142.090455,-87.877603,6.249090,6.800553,-55.451894,75.446855,3.754689,2.637848,0.487725,2.507774,0.039437,0.036365
0.863678,-142.866405,-86.655944,6.291356,6.641393,-54.433085,75.135289,3.395205,2.915367,0.500221,2.514634,0.038903,0.034900
0.864200,-143.885342,-85.304334,6.486752,6.372655,-53.451988,75.075071,3.935995,3.033561,0.513431,2.522871,0.040534,0.039685
0.864721,-144.648554,-84.695575,6.040701,6.686629,-51.700362,74.844038,3.777403,3.347149,0.527529,2.537085,0.039079,0.040059
0.865242,-145.558449,-83.215228,6.410876,6.340319,-50.447481,75.533123,3.932025,2.966159,0.539780,2.552747,0.039915,0.040310
0.865763,-145.956498,-81.936224,6.430864,6.603850,-49.742028,75.662156,3.819236,3.073695,0.548107,2.560017,0.040222,0.039874
0.866284,-146.231089,-81.359889,6.437210,6.380277,-49.252477,75.734784,3.644550,2.924313,0.553062,2.564987,0.039513,0.038147
0.866806,-146.545749,-81.325142,6.153496,6.488241,-48.230034,75.658393,4.033188,3.187001,0.559520,2.574076,0.039526,0.042442
0.867327,-146.819214,-79.573475,5.988883,6.742376,-47.698517,76.258146,3.941880,3.338341,0.566524,2.582643,0.039383,0.042046
0.867848,-147.168064,-79.156572,6.217138,6.690954,-47.137931,76.283083,3.999644,3.397472,0.571814,2.588090,0.040171,0.042853
0.868369,-146.787515,-79.251233,6.387629,6.886237,-46.681178,76.405248,4.067295,3.289630,0.571526,2.593147,0.041012,0.043238
0.868891,-146.420342,-79.108299,6.464551,6.780696,-46.266914,76.563842,4.025477,3.335157,0.571694,2.598023,0.041048,0.043070
0.869412,-146.254118,-78.992429,6.470975,6.693892,-46.026960,77.067626,3.806894,3.123514,0.570897,2.603214,0.040289,0.040546
0.869933,-146.068793,-79.524881,6.432857,6.795555,-45.610207,76.840008,3.904626,3.327157,0.571058,2.605912,0.040554,0.042109
0.870454,-145.340923,-79.394245,6.334567,6.779144,-45.380633,76.207262,3.795499,3.701288,0.571023,2.604496,0.040473,0.042517
0.870976,-144.940788,-78.789970,6.135654,6.670286,-45.386711,76.910456,3.750914,3.851048,0.568884,2.608467,0.039735,0.042294
0.871497,-143.637313,-79.090348,6.526285,6.547318,-45.112498,77.350556,4.027397,3.563468,0.562036,2.613602,0.041154,0.043720
0.872018,-143.307833,-79.617179,6.489064,6.470806,-45.301425,77.109664,3.753608,3.656562,0.558838,2.610420,0.040458,0.041696
0.872539,-142.333024,-80.293927,6.317040,6.919937,-45.297034,76.773138,3.771672,3.789962,0.553405,2.608550,0.040668,0.042365
0.873060,-141.124375,-80.815183,6.285832,6.655128,-45.356644,76.910972,3.818528,3.679796,0.545680,2.608759,0.040228,0.042370
0.873582,-139.984583,-82.396069,6.334784,6.723897,-45.830524,77.182211,3.747997,3.303439,0.533047,2.605747,0.039909,0.040521
0.874103,-139.276227,-82.771075,6.440244,6.667944,-46.210411,76.720975,3.633645,3.631968,0.528209,2.599471,0.040320,0.040566
0.874624,-137.717291,-84.202766,6.458908,6.800409,-47.198764,77.145883,4.046157,3.269880,0.511258,2.592533,0.041099,0.042573
0.875145,-135.885359,-86.421915,6.443460,6.798591,-47.735622,75.549422,3.711042,3.534284,0.498403,2.578085,0.040607,0.040971
0.875667,-134.349227,-87.372683,6.236707,6.689636,-47.720592,75.834572,3.703523,3.406403,0.487974,2.579927,0.039562,0.040421
0.876188,-132.920274,-88.246385,6.416008,6.758650,-48.302768,76.396743,3.451590,3.055920,0.474741,2.577788,0.039507,0.036990
0.876709,-130.808627,-89.806269,6.437907,6.408206,-48.730540,76.288413,3.831598,2.912059,0.458968,2.573154,0.039970,0.039652
0.877230,-128.491515,-91.121361,6.311354,6.815216,-49.680363,76.092998,3.765347,3.126575,0.440440,2.563188,0.039904,0.039465
0.877752,-126.713740,-92.528504,6.315402,6.745524,-50.105694,76.085339,3.653475,2.947554,0.426457,2.559233,0.039456,0.037927
0.878273,-124.636646,-94.372697,6.383268,6.785622,-51.139625,75.736436,4.165104,3.078603,0.407834,2.547684,0.040988,0.042216
0.878794,-122.236488,-95.541577,6.362324,6.766151,-52.715322,75.367936,4.099083,3.271558,0.386330,2.531243,0.040979,0.041826
0.879315,-119.913618,-98.209689,6.183706,6.614557,-53.412271,74.349508,3.720544,3.319483,0.367842,2.518628,0.039154,0.039205
0.879836,-116.726919,-99.495720,6.397381,6.548138,-55.524556,74.233973,3.548471,3.425168,0.338709,2.499394,0.039761,0.037806
0.880358,-114.469392,-100.507155,6.281070,6.762236,-56.358178,74.196791,3.986583,3.127627,0.321115,2.491990,0.040412,0.039663
0.880879,-111.324667,-102.565171,6.384750,6.674853,-58.396122,74.457128,4.003115,2.842359,0.290533,2.476503,0.040664,0.038102
0.881400,-108.621081,-103.783039,6.361615,6.768377,-59.328120,74.646159,3.630773,2.422712,0.269538,2.470036,0.039518,0.033742
0.881921,-105.501356,-105.103114,6.207868,6.402902,-60.714443,74.071441,4.045906,2.575525,0.244943,2.454970,0.039965,0.036851
0.882443,-102.196166,-106.036001,6.210148,6.783939,-62.479791,73.324311,3.931573,3.290782,0.217917,2.435880,0.040059,0.038156
0.882964,-98.850910,-107.313955,6.406928,6.816760,-64.170726,73.373619,4.146892,2.866054,0.189628,2.423003,0.041436,0.037419
0.883485,-95.640067,-108.202741,6.426362,6.674458,-66.200502,72.673034,4.179696,3.203178,0.161346,2.402768,0.041796,0.038333
0.884006,-92.537713,-108.123924,6.424162,6.619041,-68.503292,73.646540,3.647148,2.968341,0.131461,2.392361,0.040278,0.033301
0.884527,-88.764753,-109.093509,6.431671,6.727767,-70.381184,72.935469,4.069048,3.262186,0.100651,2.374015,0.041592,0.036525
0.885049,-85.361511,-109.389738,6.181282,6.826848,-72.857547,72.866010,3.785266,3.125732,0.068499,2.356253,0.039683,0.033688
0.885570,-81.629088,-109.920743,6.318402,6.723648,-74.818385,72.674412,3.753710,3.159900,0.037282,2.341659,0.040222,0.033181
0.886091,-77.683914,-110.055536,6.221519,6.869930,-76.806680,72.674677,3.789913,3.065429,0.004801,2.328559,0.039867,0.032408
0.886612,-74.301087,-110.095979,6.411950,6.865780,-79.046135,72.871163,3.689804,3.400135,-0.025928,2.315570,0.040420,0.032891
0.887134,-71.040384,-109.947905,6.128619,6.855739,-80.515003,72.550573,3.540865,3.273440,-0.051870,2.304209,0.038739,0.031333
0.887655,-67.175786,-109.544090,6.037240,6.816785,-82.502386,72.419112,3.563412,3.212941,-0.084031,2.291200,0.038412,0.030698
0.888176,-63.715746,-108.885106,6.434878,6.677009,-84.957256,72.034984,3.662081,3.397981,-0.116873,2.274068,0.040651,0.031520
0.888697,-59.760997,-108.196792,6.196588,6.614673,-86.989687,72.315593,3.715980,3.178113,-0.149712,2.264341,0.039593,0.030128
0.889219,-56.612677,-107.466528,6.260156,6.908732,-88.783953,72.293872,3.591919,3.097954,-0.177093,2.254177,0.039584,0.028855
0.889740,-52.923438,-106.515066,6.346134,6.718264,-91.168349,71.743084,4.055102,3.463319,-0.211344,2.237517,0.041315,0.031900
0.890261,-49.899221,-105.405424,6.397325,6.758472,-92.947470,72.137411,3.647163,3.231574,-0.237876,2.230799,0.040348,0.028845
0.890782,-46.414529,-103.999047,6.381526,7.100982,-94.971556,71.492221,3.805403,3.613379,-0.269939,2.216071,0.041022,0.030991
0.891303,-43.406890,-102.805799,6.385964,6.618205,-96.846463,72.003715,3.734954,3.299809,-0.296680,2.210114,0.040470,0.028679
0.891825,-40.363208,-100.945814,6.435370,6.756460,-98.037281,71.954413,3.853121,3.500093,-0.321962,2.203946,0.041213,0.029830
0.892346,-37.175896,-99.367034,6.306484,6.573794,-100.281626,72.449708,3.597756,3.476265,-0.351990,2.196439,0.039782,0.028440
0.892867,-34.556093,-97.615752,6.417167,6.871986,-101.080873,72.836056,3.568095,3.376775,-0.372103,2.195196,0.040360,0.027638
0.893388,-31.895000,-95.497193,6.140064,6.889783,-103.186312,72.348926,3.810739,3.478691,-0.401652,2.182293,0.040052,0.028499
0.893910,-29.270770,-93.983356,6.188531,6.687065,-103.995190,72.446480,3.126892,3.450833,-0.422009,2.179259,0.038569,0.026419
0.894431,-26.832477,-92.024818,6.389539,6.635496,-105.740147,72.571565,3.509172,3.162384,-0.447033,2.172282,0.039999,0.025555
0.894952,-24.789395,-90.670285,6.399362,6.577309,-106.236422,72.808506,3.315007,3.615270,-0.462216,2.171618,0.039790,0.027347
0.895473,-22.540907,-88.879190,6.389172,6.599032,-107.942425,73.589846,3.264336,3.822847,-0.483955,2.169169,0.039635,0.027977
0.895995,-20.351479,-87.059535,6.685536,6.454784,-108.918513,73.141183,3.598686,3.589491,-0.505029,2.162153,0.041216,0.027381
0.896516,-18.756677,-85.513987,6.528183,6.563966,-110.070219,73.436207,3.207685,3.816046,-0.521443,2.159151,0.040118,0.027506
0.897037,-16.690514,-83.727088,6.743836,6.602485,-110.366042,73.624266,3.315742,3.683621,-0.536976,2.159093,0.041102,0.026942
0.897558,-15.132327,-82.268892,6.592836,6.684868,-111.454997,73.264367,3.630130,3.697184,-0.554494,2.152318,0.041311,0.027569
0.898079,-13.510438,-80.983085,6.695882,6.629875,-111.941480,73.502910,3.264336,3.822847,-0.567290,2.151811,0.040991,0.027357
0.898601,-11.913487,-79.522590,6.574114,6.430990,-112.705671,72.950326,3.615778,3.418009,-0.584104,2.145246,0.040687,0.025903
0.899122,-10.978396,-78.456279,6.737015,6.555713,-113.953743,73.960512,3.588771,4.173842,-0.594173,2.146496,0.041735,0.029513
0.899643,-9.380616,-77.631491,6.473483,6.470490,-113.713319,74.612861,3.564696,2.997133,-0.600790,2.151482,0.039598,0.023371
0.900164,-7.936014,-76.596469,6.492030,6.657625,-113.967513,73.212561,3.784165,3.635734,-0.615927,2.141809,0.041072,0.027165
0.900686,-7.453901,-75.864955,6.666375,6.537567,-113.619294,72.588236,3.498912,3.400805,-0.620818,2.139309,0.040958,0.025436
0.901207,-6.281546,-74.978456,6.564117,6.559010,-114.483780,72.859348,3.672864,3.457882,-0.631815,2.137563,0.040854,0.025948
0.901728,-5.932522,-74.195131,6.744022,6.437296,-114.583186,72.756850,3.511054,3.691841,-0.636658,2.136533,0.041253,0.026824
0.902249,-5.173687,-73.854294,6.871906,6.454743,-114.689848,73.193683,3.520948,3.404960,-0.640142,2.138823,0.041304,0.025276
0.902771,-4.264104,-73.425097,6.755429,6.432324,-114.768095,73.154085,3.481932,3.413145,-0.645984,2.138268,0.040782,0.025225
0.903292,-4.014810,-73.311721,6.824800,6.590338,-115.477590,73.149219,3.725089,3.936860,-0.650530,2.135449,0.042049,0.028365
0.903813,-3.798977,-73.404344,6.768591,6.644878,-115.152070,72.848797,3.670165,3.683305,-0.650740,2.134864,0.041684,0.027004
0.904334,-3.465631,-73.600057,6.704195,6.634041,-114.757689,73.520857,3.783916,3.868880,-0.647627,2.140579,0.041695,0.028207
0.904855,-3.233626,-73.557158,6.860897,6.599725,-114.187427,73.154322,3.714100,3.697063,-0.647503,2.140571,0.041949,0.027299
0.905377,-3.059957,-73.513165,6.899408,6.545717,-113.394353,72.976814,3.363015,3.530828,-0.645538,2.142636,0.041387,0.025826
0.905898,-3.055207,-73.868172,6.919369,6.627375,-113.368401,73.316718,3.436327,3.739473,-0.643173,2.144857,0.041776,0.027055
0.906419,-2.875360,-74.166627,6.945920,6.819608,-113.178784,73.285276,3.617460,3.363022,-0.642261,2.145425,0.042090,0.025514
0.906940,-3.069368,-74.626747,6.928583,6.532037,-112.146273,73.493895,3.794839,3.592110,-0.634744,2.150916,0.042110,0.027253
0.907462,-3.242694,-75.495528,6.894946,6.602904,-111.422285,73.438099,3.622508,3.100537,-0.628200,2.153540,0.041405,0.024485
0.907983,-3.510458,-76.765104,6.745251,6.652682,-110.826165,72.934738,3.673573,3.219225,-0.621960,2.152845,0.041172,0.025348
0.908504,-4.130455,-77.258781,6.647599,6.586318,-109.335031,73.596859,3.603615,2.801692,-0.608969,2.163261,0.040408,0.023326
0.909025,-4.651435,-78.750745,6.735358,6.578657,-108.640465,72.908609,3.552393,3.153352,-0.601047,2.161862,0.040863,0.025088
0.909547,-5.569785,-79.887584,6.592451,6.731964,-107.399213,74.838607,3.577402,2.893720,-0.582067,2.179389,0.040214,0.023939
0.910068,-6.277278,-82.099038,6.827315,6.431619,-106.673501,72.962533,3.446677,3.816500,-0.574588,2.170689,0.041133,0.028650
0.910589,-7.287081,-82.432380,6.613424,6.830729,-105.177051,73.292521,3.618403,3.406392,-0.561190,2.179404,0.041131,0.027124
0.911110,-8.211623,-84.903596,6.755305,6.600031,-103.742849,72.245667,3.184084,3.311402,-0.546209,2.179097,0.040485,0.025869
0.911631,-9.467712,-86.648536,6.610247,6.391209,-102.764517,72.138847,3.579123,3.433314,-0.531221,2.182851,0.040456,0.027733
0.912153,-10.887976,-88.038087,6.563893,6.485785,-101.904360,72.235998,3.507314,3.256405,-0.516467,2.187444,0.040135,0.026759
0.912674,-12.152116,-89.990350,6.856045,6.466955,-99.603986,71.946007,3.549417,3.711274,-0.495163,2.196346,0.041629,0.029760
0.913195,-13.811274,-91.304803,6.658764,6.672085,-97.968739,71.847990,3.224118,3.419443,-0.476223,2.203573,0.040414,0.027594
0.913716,-15.248487,-92.344006,6.517910,6.827445,-96.983983,73.159722,3.621210,2.848915,-0.458723,2.217075,0.040333,0.025937
0.914238,-17.072969,-93.779098,6.477826,6.837839,-95.129242,73.405563,3.691698,2.779795,-0.436808,2.228004,0.040338,0.026225
0.914759,-19.138033,-95.762910,6.484083,6.882682,-93.101073,73.445238,3.632386,2.988220,-0.412085,2.238718,0.040309,0.027411
0.915280,-21.373960,-97.673496,6.585399,6.816968,-91.292691,73.308106,3.588414,2.888043,-0.388177,2.247364,0.040525,0.027169
0.915801,-23.752996,-99.170722,6.544656,6.747957,-88.789283,72.272929,3.631444,3.378153,-0.362575,2.254005,0.040861,0.030408
0.916323,-26.387658,-100.637010,6.428313,6.936188,-87.035526,72.662613,3.507728,3.452208,-0.336639,2.266436,0.040144,0.030650
0.916844,-28.423735,-102.366315,6.417798,6.924996,-85.035999,72.706081,3.507728,3.452208,-0.312752,2.278188,0.039973,0.031067
0.917365,-31.013823,-103.376663,6.352623,6.985985,-82.868575,72.789332,3.595729,3.412475,-0.286267,2.291532,0.039963,0.031673
0.917886,-33.861185,-103.878703,6.355617,6.875849,-80.895348,73.165739,3.609420,3.526532,-0.259665,2.306064,0.040054,0.032675
0.918407,-36.486105,-105.016800,6.285587,6.956121,-78.986196,73.305497,3.739206,3.609614,-0.233968,2.318910,0.040055,0.034058
0.918929,-39.499346,-105.766122,6.210558,6.935508,-76.472480,73.540765,3.682217,3.357913,-0.203350,2.336654,0.039549,0.033154
0.919450,-42.472297,-106.649188,6.275790,6.935364,-74.693915,73.613237,3.768951,3.526302,-0.176880,2.348908,0.040057,0.034784
0.919971,-45.356445,-107.278550,6.196534,6.985885,-72.277819,73.729878,3.589330,3.381369,-0.147648,2.366139,0.039205,0.033792
0.920492,-48.879189,-107.776672,6.249549,6.827123,-70.843100,73.216635,3.765099,3.520773,-0.120762,2.372669,0.040049,0.035817
0.921014,-51.698150,-107.813933,6.247750,6.756059,-68.285730,73.778192,3.994104,3.332572,-0.091092,2.394837,0.040671,0.036841
0.921535,-55.133832,-108.045715,6.092654,6.879860,-65.502782,74.165962,3.580572,3.342044,-0.056845,2.418142,0.038732,0.035149
0.922056,-57.850861,-109.109130,6.245869,6.908967,-64.085725,73.161522,3.354633,3.359398,-0.034193,2.422226,0.038878,0.034513
0.922577,-61.386294,-108.747191,6.190509,6.834434,-61.596307,74.168240,3.710095,3.027798,-0.001148,2.448532,0.039456,0.035763
0.923099,-64.057481,-108.198692,6.270511,6.686650,-59.163641,74.251867,3.753619,3.399316,0.026816,2.468808,0.040042,0.038131
0.923620,-67.616054,-107.288798,6.169465,6.736138,-57.583238,74.276373,4.059907,3.385485,0.055201,2.482122,0.040617,0.040653
0.924141,-70.442073,-106.943536,6.169387,6.919139,-55.480701,74.895222,4.100726,3.336459,0.082093,2.504020,0.040612,0.041278
0.924662,-73.492228,-106.191015,6.232344,6.815514,-53.129454,75.468828,3.788252,3.355945,0.111627,2.528192,0.039920,0.039555
0.925183,-75.902758,-105.422845,6.225714,6.855477,-51.864248,76.035630,3.721941,3.034266,0.131707,2.542978,0.039650,0.038225
0.925705,-78.942424,-105.267528,6.399803,6.756022,-49.897304,74.654786,4.134637,3.282795,0.160051,2.552409,0.041791,0.043338
0.926226,-81.842839,-103.879645,6.411601,6.688339,-48.484423,75.253815,4.096241,3.188352,0.184112,2.569250,0.041719,0.043031
0.926747,-84.237950,-102.547702,6.328067,6.695189,-46.191655,75.838509,4.132641,3.436050,0.210132,2.594524,0.041429,0.044553
0.927268,-86.884389,-101.885161,6.263760,6.676828,-45.285055,76.356633,4.045297,3.199544,0.229283,2.606282,0.040724,0.043291
0.927790,-89.372737,-100.450806,6.371349,6.739443,-43.769739,76.547590,4.172530,3.192726,0.252162,2.622168,0.041615,0.044838
0.928311,-92.010827,-99.534392,6.305763,6.818803,-41.716562,76.694797,4.156731,3.251980,0.278001,2.643422,0.041212,0.045454
0.928832,-94.095143,-98.223652,6.351796,6.760168,-41.180658,77.221383,3.797624,2.981804,0.292925,2.651676,0.040379,0.041510
0.929353,-96.341664,-97.254567,6.289725,6.652156,-39.903098,77.119242,4.089117,2.995849,0.313023,2.664106,0.040827,0.044730
0.929875,-98.357583,-96.015375,6.372164,6.755798,-38.756247,77.354397,3.864528,3.103270,0.331124,2.677128,0.040640,0.043045
0.930396,-100.445162,-94.965296,6.444434,6.713034,-38.309371,77.551243,3.916545,3.169618,0.345709,2.682766,0.041054,0.043720
0.930917,-102.406679,-92.996198,6.391248,6.673719,-37.143194,78.502084,3.849026,2.927174,0.363627,2.699656,0.040541,0.042577
0.931438,-104.143580,-91.922140,6.511473,6.561681,-37.043341,78.692782,3.973728,3.143670,0.374704,2.701631,0.041356,0.044110
0.931959,-105.061360,-91.541840,6.410711,6.581818,-35.637339,79.137794,3.685135,3.112500,0.386312,2.718473,0.040044,0.041421
0.932481,-106.823064,-90.484914,6.324738,6.816290,-35.181724,78.779147,3.802389,3.372279,0.400389,2.721581,0.040339,0.043282
0.933002,-108.486656,-89.895735,6.377203,6.811580,-34.984192,78.791613,3.973883,3.141944,0.410925,2.723732,0.040825,0.044650
0.933523,-109.515794,-89.141361,6.485104,6.698491,-34.079150,78.755519,3.785003,3.104923,0.422275,2.733201,0.040681,0.042955
0.934044,-111.102556,-87.519452,6.481293,6.878500,-34.081441,79.627608,3.820097,3.012045,0.431798,2.737175,0.040865,0.042793
0.934566,-112.237960,-87.040932,6.616581,6.639158,-34.498629,79.245607,3.949275,3.241562,0.437313,2.730998,0.041674,0.044490
0.935087,-113.149689,-86.935338,6.489647,6.520531,-34.198996,79.373386,3.955618,3.323359,0.443223,2.734767,0.041006,0.044702
0.935608,-113.991784,-86.658198,6.734522,6.520784,-34.521132,79.077386,4.066225,3.251366,0.447116,2.729981,0.042228,0.045746
0.936129,-114.855669,-86.404649,6.496651,6.625862,-34.510384,79.076978,4.022979,3.375166,0.452000,2.730093,0.041329,0.045509
0.936651,-115.326584,-86.243531,6.569671,6.785672,-34.501128,79.036447,4.033317,3.345296,0.454826,2.730004,0.041751,0.045586
0.937172,-115.864277,-85.986217,6.638418,6.715523,-34.808932,79.222171,4.174125,3.391945,0.456119,2.727602,0.042283,0.046893
0.937693,-116.644845,-86.245260,6.461886,6.844158,-34.995297,79.325449,4.117375,3.327999,0.458145,2.726113,0.041450,0.046128
0.938214,-116.880226,-86.269785,6.578946,6.908343,-35.421990,79.477838,3.936448,3.166771,0.456792,2.722334,0.041442,0.043897
0.938735,-117.261322,-86.468143,6.593203,6.769943,-36.067455,79.744857,3.690553,2.970019,0.454400,2.716840,0.040677,0.040886
0.939257,-117.423641,-86.640347,6.601110,6.725223,-36.241711,79.822797,4.012475,2.814089,0.453749,2.715395,0.041270,0.043738
0.939778,-117.617000,-87.951509,6.539519,6.874495,-37.104560,78.124302,3.981504,3.362813,0.451408,2.698191,0.041480,0.044805
0.940299,-117.542515,-88.547962,6.502620,6.883325,-37.788193,78.756253,3.667418,2.927426,0.444836,2.694226,0.040294,0.040534
0.940820,-117.205176,-89.049502,6.556874,6.720476,-38.973015,78.547061,4.093815,2.937634,0.436727,2.681010,0.041419,0.044395
0.941342,-117.350676,-89.748668,6.527426,6.587567,-39.614729,78.440890,3.586620,2.970906,0.432947,2.673932,0.039989,0.039491
0.941863,-117.019556,-90.482100,6.442880,6.813699,-40.654704,78.453255,4.019021,2.999971,0.424546,2.663489,0.040825,0.043300
0.942384,-116.417017,-91.244974,6.411412,6.811291,-41.908396,78.008585,3.650676,3.183272,0.414690,2.648608,0.040021,0.040104
0.942905,-116.265303,-93.550816,6.285529,6.914218,-43.293601,76.771498,3.787448,3.219937,0.404775,2.628119,0.039850,0.041510
0.943426,-114.997129,-94.121500,6.467886,6.686723,-44.309055,76.988870,3.952434,3.087890,0.391760,2.619364,0.040775,0.042283
0.943948,-114.476510,-95.644599,6.355668,6.782048,-45.286060,76.402862,3.846449,3.065953,0.382366,2.606538,0.040072,0.041204
0.944469,-113.674492,-96.670718,6.401381,6.746652,-47.116994,76.491661,3.752187,3.130837,0.366955,2.589509,0.040010,0.039983
0.944990,-112.543609,-97.452900,6.356383,6.586918,-48.581656,76.284710,4.061596,3.162236,0.352754,2.574520,0.040593,0.042280
0.945511,-111.816085,-98.600385,6.522641,6.703809,-50.963785,75.199793,3.939466,3.352855,0.336789,2.545982,0.041307,0.041442
0.946033,-110.573971,-99.974854,6.379645,6.817777,-52.564939,75.104951,4.090581,3.091904,0.319946,2.530943,0.041040,0.041358
0.946554,-109.319681,-101.521166,6.594061,6.752640,-54.325742,75.765389,3.639326,2.539239,0.300786,2.519531,0.040429,0.035473
0.947075,-108.168179,-102.565909,6.370630,6.717816,-56.041689,74.480367,4.089732,3.213661,0.286332,2.496535,0.040966,0.040730
0.947596,-106.676896,-104.014282,6.248810,6.604501,-58.506521,74.337019,3.799015,3.194146,0.263793,2.474802,0.039594,0.037841
0.948118,-104.809079,-105.172606,6.255289,6.370932,-59.903536,73.841271,4.156150,3.342787,0.245778,2.460031,0.040593,0.040532
0.948639,-103.438760,-105.328379,6.261791,6.731653,-62.282878,74.224597,3.523264,3.317996,0.225321,2.443453,0.039093,0.035502
0.949160,-101.537061,-106.446641,6.521625,6.656432,-64.845537,73.884598,3.805901,3.235182,0.200727,2.421258,0.041000,0.036303
0.949681,-99.694915,-107.393163,6.417542,6.750364,-66.534369,73.676350,4.009328,3.329656,0.181130,2.407088,0.041100,0.037467
0.950202,-97.725211,-108.168951,6.239648,6.880507,-68.839442,73.007140,3.774606,3.313789,0.158104,2.385568,0.039797,0.035529
0.950724,-95.873780,-108.901493,6.395227,6.657126,-71.423137,72.865133,3.965371,3.382721,0.133714,2.366188,0.041023,0.036179
0.951245,-93.635609,-109.976118,6.351724,6.740297,-73.362290,72.526537,3.968590,3.337146,0.110631,2.350466,0.040790,0.035507
0.951766,-91.633495,-110.416835,6.332652,6.768786,-76.659330,72.548040,3.748939,3.189921,0.081660,2.328647,0.040092,0.032832
0.952287,-89.319419,-109.857783,6.345334,6.819378,-79.206676,73.164187,3.741818,3.304896,0.055198,2.316559,0.040191,0.032578
0.952809,-87.549918,-110.201048,6.296018,6.804824,-82.015118,72.640292,3.858761,3.081665,0.030262,2.295651,0.040369,0.031444
0.953330,-85.079316,-109.855715,6.140097,6.955230,-84.458255,72.708150,3.747760,3.407172,0.003402,2.281571,0.039402,0.031910
0.953851,-82.914297,-110.002526,6.245079,6.782379,-86.709363,72.786079,3.859747,2.819295,-0.020759,2.269119,0.040156,0.029057
0.954372,-80.554793,-109.816446,6.400663,6.906137,-88.749224,72.144241,3.612855,3.095509,-0.045004,2.253354,0.040354,0.028950
0.954894,-78.264586,-109.352215,6.443482,6.673760,-91.347758,72.286294,3.727743,3.143969,-0.071904,2.240229,0.040875,0.029022
0.955415,-76.216713,-108.893164,6.516476,6.830580,-93.749058,72.587090,3.951502,3.091537,-0.096309,2.229650,0.041792,0.029006
0.955936,-73.849212,-108.331836,6.464867,6.826407,-96.839156,72.338591,3.690810,3.366723,-0.126568,2.212373,0.040889,0.028842
0.956457,-71.947940,-107.453477,6.605772,6.797565,-99.145041,72.961554,3.567493,3.605784,-0.149621,2.205217,0.041171,0.029183
0.956978,-69.815315,-107.733976,6.522552,6.741208,-101.264558,72.322570,3.509990,3.356903,-0.172919,2.190985,0.040544,0.027398
0.957500,-67.741288,-106.480502,6.452634,6.799759,-103.250400,71.926157,3.366826,3.744382,-0.196467,2.179249,0.040115,0.028811
0.958021,-65.469390,-105.176126,6.196797,7.042485,-105.768095,72.362789,3.284949,3.763029,-0.223203,2.170815,0.038803,0.028228
0.958542,-63.836879,-104.458302,6.386899,7.039793,-107.718544,72.991955,3.183769,3.295191,-0.242426,2.166342,0.039250,0.025058
0.959063,-62.084074,-102.959538,6.392822,6.998050,-110.102339,72.704168,3.193221,3.146855,-0.266835,2.154401,0.039448,0.023958
0.959585,-60.469942,-101.841783,6.467744,6.768356,-111.636502,72.761645,3.881388,3.330189,-0.285063,2.148417,0.041457,0.026293
0.960106,-58.594472,-100.840735,6.339315,6.910802,-113.563747,73.797621,3.716617,3.440922,-0.304943,2.147055,0.040324,0.026027
0.960627,-56.910403,-100.302993,6.446004,6.984294,-115.284662,73.527793,3.462305,2.609902,-0.323979,2.138543,0.039980,0.021080
0.961148,-55.782060,-99.482162,6.679601,6.513506,-117.502209,73.888800,3.553101,3.275144,-0.342010,2.132144,0.040946,0.024180
0.961670,-54.387861,-98.066460,6.419298,6.727680,-118.968764,74.387980,3.493027,2.764446,-0.358316,2.129592,0.039663,0.021290
0.962191,-53.069903,-96.773410,6.581987,6.555156,-120.807556,74.431113,3.253369,2.294458,-0.376754,2.122979,0.039592,0.018280
0.962712,-52.219193,-95.720036,6.348681,6.730143,-121.812726,74.068621,3.290813,3.053354,-0.388997,2.117116,0.039160,0.021880
0.963233,-50.975218,-94.540677,6.510402,6.837704,-123.710735,74.558468,3.481055,2.417459,-0.406212,2.113187,0.039996,0.018980
0.963754,-49.978063,-93.754982,6.692339,6.660139,-125.244539,73.623451,3.491866,3.307916,-0.422587,2.102225,0.041029,0.023101
0.964276,-49.555769,-92.780729,6.755925,6.561973,-126.244127,75.493171,3.352780,2.787797,-0.427613,2.109739,0.040410,0.020036
0.964797,-48.562415,-91.623537,6.572967,6.777704,-127.230741,74.456566,3.441675,3.505330,-0.442368,2.100269,0.040587,0.023669
0.965318,-48.176358,-91.344348,6.729328,6.514888,-127.970521,75.189363,3.575044,2.936891,-0.446827,2.102013,0.040798,0.020975
0.965839,-47.609484,-89.245554,6.613384,6.866332,-129.075476,75.662561,3.230473,3.487518,-0.458843,2.100998,0.040386,0.022883
0.966361,-46.972494,-88.222391,6.469749,6.666004,-130.137314,75.230676,3.819662,3.552760,-0.470662,2.094947,0.041013,0.024092
0.966882,-46.505970,-88.189650,6.624287,6.628317,-130.969912,76.394549,3.511440,2.869945,-0.474149,2.098845,0.040224,0.020087
0.967403,-46.279291,-88.192537,6.703823,6.609023,-131.706325,75.977751,3.385186,3.950748,-0.479800,2.094037,0.040801,0.025106
0.967924,-46.047751,-87.583103,6.739006,6.627367,-131.402089,76.283081,3.490978,2.938193,-0.480210,2.096778,0.040691,0.020316
0.968446,-46.061809,-87.058934,6.771334,6.657123,-131.716426,75.095897,3.365648,3.772520,-0.485974,2.088965,0.041341,0.024251
0.968967,-45.875808,-87.160160,6.717051,6.767208,-131.852344,76.191970,3.493225,3.038523,-0.484486,2.094776,0.040836,0.020741
0.969488,-46.151169,-87.016771,6.823260,6.653273,-132.826778,74.569794,3.781429,3.822771,-0.492345,2.082355,0.042389,0.025031
0.970009,-46.095735,-87.220442,6.795556,6.815205,-132.682361,74.942024,3.525185,4.007244,-0.490437,2.084949,0.041950,0.025568
0.970530,-46.095735,-87.220442,6.795556,6.815205,-132.958762,74.456925,3.900868,3.853929,-0.493011,2.081285,0.042685,0.025364
0.971052,-46.457433,-87.250644,6.854855,6.764815,-133.264963,74.475989,3.663279,3.915274,-0.492617,2.080414,0.042398,0.025263
0.971573,-46.729630,-87.764240,6.716270,6.828771,-133.353181,74.675982,3.697642,3.716772,-0.489903,2.081274,0.041777,0.024288
0.972094,-47.688043,-88.117429,6.744748,6.652450,-133.424393,74.854673,3.733249,3.889874,-0.484293,2.082066,0.041860,0.025185
0.972615,-48.294066,-88.935572,6.690564,6.739888,-133.416559,75.029303,3.735262,3.888057,-0.478851,2.083086,0.041614,0.025165
0.973137,-49.145548,-89.210434,6.554623,6.814344,-132.719044,75.059838,3.986100,3.657284,-0.470628,2.085503,0.041693,0.024526
0.973658,-49.905746,-89.943304,6.743314,6.697986,-131.269177,75.871343,3.410638,3.949405,-0.456171,2.094869,0.041146,0.025206
0.974179,-50.671227,-90.663983,6.724877,6.833158,-130.796602,75.958558,3.458542,3.409339,-0.448235,2.096932,0.040977,0.022623
0.974700,-51.835117,-91.443784,6.640753,6.874876,-130.703261,75.016655,3.870634,3.382689,-0.442465,2.091838,0.041705,0.023291
0.975222,-52.841943,-92.410024,6.508801,6.785919,-129.101696,75.654558,3.527315,3.880631,-0.425970,2.100864,0.040505,0.025351
0.975743,-54.086716,-93.548885,6.769002,6.541022,-128.616171,75.198578,3.831605,3.501839,-0.415899,2.099871,0.041853,0.024088
0.976264,-55.339553,-94.839240,6.602224,7.047013,-127.147053,75.335027,3.520582,3.686938,-0.399297,2.105685,0.040905,0.024660
0.976785,-56.726004,-95.937177,6.440949,6.798014,-126.386484,74.620758,3.527420,3.675365,-0.387750,2.104140,0.040165,0.024785
0.977306,-58.177787,-96.962482,6.642108,6.858949,-124.576570,74.795150,3.460055,3.276360,-0.368888,2.111506,0.040750,0.022890
0.977828,-59.654282,-98.258610,6.660271,6.674802,-125.010191,74.346134,3.699473,3.788133,-0.361962,2.107325,0.041318,0.025887
0.978349,-61.080172,-99.018868,6.470977,6.986928,-122.749671,74.230056,3.448221,3.445243,-0.341974,2.114684,0.040160,0.024023
0.978870,-63.058927,-100.587857,6.358120,7.017789,-121.326201,73.774216,3.388090,3.666347,-0.322507,2.117125,0.039596,0.025306
0.979391,-64.923848,-101.689895,6.442582,6.900439,-120.876391,73.666678,3.673371,3.303972,-0.308867,2.118127,0.040410,0.024075
0.979913,-66.698613,-102.849750,6.464833,7.024281,-118.363180,74.415444,3.678618,3.169467,-0.283598,2.132055,0.040400,0.023758
0.980434,-68.670059,-103.697500,6.435658,6.949121,-116.667995,74.029062,3.789872,3.238003,-0.263774,2.136218,0.040644,0.024647
0.980955,-70.847364,-105.356241,6.452312,7.044222,-114.240731,73.896467,3.592249,3.422505,-0.237510,2.144953,0.040180,0.025529
0.981476,-72.969156,-106.323933,6.557012,7.036874,-112.623114,73.242729,3.443252,3.164570,-0.217343,2.147407,0.040354,0.024191
0.981998,-75.462529,-107.038288,6.123602,7.054654,-111.155862,72.572129,3.581500,3.069872,-0.196171,2.149198,0.038869,0.024341
0.982519,-77.603727,-108.346163,6.561631,7.075380,-108.004792,73.201127,3.324764,2.975874,-0.165916,2.166438,0.040010,0.023682
0.983040,-80.018642,-109.187783,6.413995,7.059491,-106.612219,72.850113,3.656655,3.114883,-0.145062,2.170239,0.040171,0.025533
0.983561,-82.285748,-110.148493,6.449679,6.934556,-104.641898,72.554150,4.066419,3.360415,-0.121758,2.177050,0.041430,0.028310
0.984082,-85.399450,-110.557013,6.270298,7.114922,-102.714862,72.169440,3.710180,3.138964,-0.094479,2.183278,0.039719,0.026595
0.984604,-87.800047,-110.842256,6.560685,7.106644,-100.218078,72.677932,4.123531,3.119219,-0.067563,2.198234,0.042128,0.028257
0.985125,-90.017441,-110.930063,6.265100,6.994881,-98.053875,72.162199,4.145864,2.969910,-0.043865,2.205241,0.040993,0.028168
0.985646,-93.070499,-111.112305,6.123449,6.960018,-94.947761,71.873674,3.777325,3.520076,-0.010259,2.218750,0.039317,0.030364
0.986167,-95.343738,-111.237609,6.189744,7.081001,-93.184574,72.323434,3.904313,3.163962,0.011762,2.230813,0.039866,0.029340
0.986689,-97.751350,-110.808065,6.331649,6.770393,-91.039178,71.346713,3.908432,3.434019,0.036832,2.235514,0.040822,0.031313
0.987210,-100.582433,-110.811476,6.083706,6.881563,-88.439508,71.338055,3.698514,3.551421,0.066566,2.249568,0.039016,0.031772
0.987731,-103.067560,-109.923163,6.105806,6.975459,-85.877625,71.968916,4.146755,3.220921,0.094226,2.268306,0.040413,0.032411
0.988252,-105.621390,-109.631146,6.388057,6.837777,-84.285647,72.053410,4.277886,3.175164,0.116898,2.278112,0.042016,0.033199
0.988774,-107.791774,-108.881930,6.283469,6.787507,-81.508219,72.368687,4.188646,3.190754,0.144008,2.296869,0.041227,0.033618
0.989295,-109.868221,-107.999770,6.365371,6.927061,-79.750576,72.051145,4.259329,3.141181,0.165739,2.305518,0.041947,0.034294
0.989816,-112.072853,-107.185859,6.306434,6.663609,-77.373171,72.891665,4.158101,3.169938,0.190360,2.326379,0.041156,0.034505
0.990337,-114.287340,-105.815411,6.348368,6.815786,-74.964562,72.716406,3.891647,3.367316,0.216795,2.340973,0.040772,0.034767
0.990858,-116.355330,-104.667003,6.328149,6.607195,-72.796068,73.000132,3.836013,3.163109,0.240431,2.357594,0.040430,0.034111
0.991380,-118.240380,-103.705516,6.376019,6.772203,-70.801337,73.196052,3.794170,3.386176,0.262002,2.372823,0.040566,0.035378
0.991901,-120.154334,-102.368266,6.322736,6.723057,-68.801810,73.239520,3.794170,3.386176,0.284495,2.387427,0.040369,0.035912
0.992422,-122.157339,-101.356190,6.379354,6.745132,-66.770299,73.777126,3.752879,3.112197,0.306303,2.406007,0.040308,0.034963
0.992943,-123.027578,-100.260369,6.374974,6.577218,-65.053925,73.712053,3.905169,3.098601,0.321662,2.418507,0.040658,0.036358
0.993465,-124.917116,-98.657333,6.375870,6.569611,-62.771244,73.864062,3.752879,3.112197,0.345751,2.437202,0.040266,0.036092
0.993986,-126.479591,-97.272850,6.404403,6.771064,-61.397654,74.813319,4.133431,2.882268,0.361568,2.454370,0.041254,0.038038
0.994507,-127.323449,-96.179925,6.383140,6.670335,-60.410171,74.280457,4.173121,2.979452,0.374063,2.458812,0.041416,0.039102
0.995028,-128.465803,-95.162158,6.411911,6.659042,-58.422465,74.578380,4.180285,3.186048,0.391363,2.477075,0.041472,0.040456
0.995550,-129.223444,-93.751260,6.428408,6.726038,-57.065372,75.122946,3.832526,3.537230,0.403808,2.491959,0.040851,0.039508
0.996071,-130.406193,-92.833528,6.542050,6.660686,-55.093225,75.302369,3.758277,3.249563,0.421130,2.509955,0.040832,0.038467
0.996592,-130.871563,-91.916059,6.463292,6.673447,-54.801272,75.721295,3.862973,3.166501,0.425992,2.515122,0.040771,0.038928
0.997113,-131.123197,-91.291893,6.500528,6.772818,-52.561689,76.065190,3.724745,2.938791,0.438889,2.536927,0.040418,0.037748
0.997634,-132.295588,-90.078828,6.303791,6.662769,-52.613174,75.976698,3.872282,2.895029,0.447401,2.535924,0.040032,0.038790
0.998156,-132.666667,-89.266784,6.460959,6.636639,-51.139746,75.824923,3.854034,3.216260,0.458698,2.548224,0.040702,0.040090
0.998677,-132.941148,-88.853036,6.516133,6.786824,-49.339096,76.242911,4.214122,2.949718,0.468742,2.567237,0.041544,0.042768
0.999198,-133.310799,-88.332933,6.554788,6.613123,-49.137187,76.277536,3.795611,3.008165,0.472687,2.569313,0.040628,0.039485
0.999719,-133.266962,-87.991837,6.576584,6.638607,-47.657488,76.617771,4.218395,2.858271,0.479579,2.585142,0.041459,0.043080
1.000241,-133.066620,-87.539905,6.538832,6.598750,-47.128014,76.674440,3.870744,3.199452,0.482138,2.590470,0.040694,0.041098
1.000762,-133.174910,-87.218798,6.509358,6.807044,-46.970265,76.111461,3.816207,3.125013,0.485634,2.588677,0.040791,0.040684
1.001283,-133.112002,-87.074305,6.575792,6.860328,-46.517183,76.405776,4.126201,3.204774,0.487122,2.594715,0.041739,0.043583
1.001804,-132.910625,-87.028930,6.465238,6.866131,-45.659954,76.390501,3.822329,2.976893,0.490403,2.602853,0.040510,0.040665
1.002325,-132.109760,-86.903472,6.524129,6.824495,-45.138144,76.040277,3.832094,3.279206,0.490284,2.605886,0.040971,0.041797
1.002847,-131.541512,-86.599862,6.490596,6.838268,-44.583673,76.637347,4.105929,3.365428,0.489471,2.614701,0.041455,0.044347
1.003368,-130.942303,-86.871533,6.414919,6.887835,-44.724081,76.449373,4.124536,3.564867,0.485723,2.612264,0.041449,0.045041
1.003889,-129.884364,-87.095015,6.576758,6.669186,-44.343534,76.770468,4.249290,3.370310,0.481107,2.617798,0.041953,0.045652
1.004410,-129.299231,-87.617305,6.505556,6.705059,-44.493506,76.782316,4.020969,3.426829,0.476248,2.616401,0.041210,0.043724
1.004932,-128.011861,-87.485043,6.668102,6.657247,-44.591352,77.400050,4.018808,3.140241,0.468381,2.618921,0.041674,0.042752
1.005453,-127.321065,-88.302371,6.543053,6.685086,-44.729775,76.712960,3.913867,3.416933,0.464053,2.613707,0.041192,0.042724
1.005974,-125.883844,-89.121172,6.618350,6.716074,-44.364393,77.176869,4.101844,3.335635,0.455778,2.619878,0.041746,0.044097
1.006495,-124.563317,-89.575337,6.287565,7.074766,-44.830927,77.025300,3.934610,3.415415,0.446368,2.614492,0.040612,0.042750
1.007017,-122.968712,-90.715029,6.379848,6.712101,-45.213739,77.135887,3.833463,3.341880,0.433808,2.611414,0.040288,0.041538
1.007538,-121.466049,-91.124331,6.615880,6.753513,-45.224693,76.666105,3.801411,3.611520,0.426494,2.608639,0.041428,0.042167
1.008059,-119.894997,-92.113438,6.583287,6.731024,-45.545005,77.011086,4.138946,3.530189,0.414186,2.607514,0.041939,0.044597
1.008580,-118.464142,-93.367045,6.410029,6.930195,-46.125754,77.084774,3.950342,3.308825,0.401356,2.602367,0.040788,0.042210
1.009101,-116.672137,-94.606782,6.365848,6.826918,-47.072614,76.673288,3.791922,3.467454,0.385968,2.590988,0.040270,0.041191
1.009623,-114.720291,-95.299422,6.479314,6.641803,-47.247258,76.912228,3.781196,3.311911,0.373420,2.590724,0.040503,0.040532
1.010144,-112.511482,-96.726326,6.362305,6.750409,-48.182857,76.665210,4.140066,2.958868,0.355261,2.580492,0.040902,0.042437
1.010665,-110.630487,-97.853511,6.447105,6.760289,-49.341920,76.673507,4.458292,2.899897,0.337716,2.569777,0.042097,0.044575
1.011186,-108.237537,-99.008808,6.351767,6.689125,-50.184425,76.341107,3.992751,2.943338,0.319712,2.560053,0.040515,0.040582
1.011708,-106.261042,-100.105552,6.373322,6.658541,-50.688868,76.026023,3.739489,3.302899,0.305629,2.553546,0.040031,0.039516
1.012229,-103.687518,-101.666086,6.288442,6.913203,-52.828629,75.705501,3.810115,3.204353,0.279244,2.532333,0.039959,0.039245
1.012750,-101.113722,-102.978422,6.402903,6.689739,-53.664665,75.554600,4.165410,3.281122,0.259767,2.524003,0.041284,0.041990
1.013271,-98.216135,-103.764680,6.305934,6.770083,-54.747780,75.117493,3.828966,3.522126,0.238380,2.511779,0.040154,0.040079
1.013793,-95.455966,-105.096749,6.455416,6.677470,-56.478232,75.485843,4.053039,3.094813,0.212583,2.499247,0.041197,0.039644
1.014314,-92.517954,-106.056671,6.647468,6.782122,-57.348883,74.867946,3.962133,3.193885,0.191991,2.487930,0.041940,0.039198
1.014835,-89.781271,-106.991269,6.335498,6.826660,-58.860653,74.445706,3.853244,3.477735,0.168799,2.472578,0.040327,0.039127
1.015356,-86.785179,-107.435036,6.450478,6.937019,-60.680100,73.932301,4.064133,3.348475,0.142953,2.454325,0.041616,0.039650
1.015877,-83.654349,-108.521819,6.391430,6.901551,-62.596287,73.598493,4.202499,3.145152,0.115116,2.436802,0.041719,0.039276
1.016399,-80.760193,-109.128850,6.458560,6.930583,-64.114423,73.413399,4.243384,3.256664,0.090937,2.423707,0.042156,0.039475
1.016920,-77.507104,-109.368201,6.190586,6.991407,-65.911399,73.553739,4.122856,3.279609,0.063307,2.410937,0.040586,0.038178
1.017441,-74.062849,-109.729176,6.433594,6.845906,-68.107763,72.725933,4.005015,3.420787,0.032627,2.388974,0.041514,0.037570
1.017962,-71.032746,-110.147151,6.171527,6.727197,-69.647618,72.780866,4.177175,3.476933,0.007572,2.378190,0.040738,0.038301
1.018484,-67.508613,-109.911807,6.237049,6.901357,-71.114404,73.073928,4.469383,3.600797,-0.019703,2.369784,0.041925,0.039916
1.019005,-64.466316,-109.979679,6.454550,6.713645,-73.231488,72.577011,4.294861,3.692428,-0.047977,2.351706,0.042418,0.038818
1.019526,-61.175078,-109.580179,6.110276,6.868635,-75.617798,72.215371,3.960742,3.321146,-0.079278,2.333183,0.039941,0.034815
1.020047,-57.653133,-109.218140,6.223153,6.961071,-77.694190,72.433044,4.085735,3.164193,-0.109883,2.321164,0.040749,0.034099
1.020569,-54.718442,-108.437353,6.337656,6.899296,-79.524220,71.973167,3.868548,3.694655,-0.136640,2.306393,0.040815,0.035186
1.021090,-51.579985,-107.489587,6.177551,6.806943,-80.512854,72.297812,4.248101,3.744032,-0.159560,2.302487,0.041209,0.036752
1.021611,-48.510826,-106.904238,6.209066,6.921362,-82.604330,72.319480,3.807199,3.753374,-0.187983,2.289905,0.040040,0.034401
1.022132,-45.030772,-106.037192,6.346858,7.011739,-84.401209,72.427619,3.807185,3.560802,-0.217128,2.279994,0.040619,0.032974
1.022653,-42.289441,-104.554168,6.364629,6.831872,-86.177556,72.459949,3.630827,3.684480,-0.243035,2.269938,0.040320,0.032528
1.023175,-39.381621,-103.559844,6.152485,6.696189,-87.801795,72.404513,3.808308,3.658286,-0.268525,2.260380,0.039803,0.032685
1.023696,-36.724668,-102.342922,6.436345,6.780922,-89.783159,72.836385,4.035024,3.318840,-0.294098,2.252358,0.041481,0.031312
1.024217,-34.176525,-100.789454,6.441045,6.897188,-90.997853,72.997844,3.729794,3.620376,-0.316003,2.246873,0.040895,0.031404
1.024738,-31.080857,-100.363870,6.393716,6.631258,-92.513651,71.721416,4.084077,3.665847,-0.342889,2.230264,0.041515,0.032703
1.025260,-28.592656,-99.015319,6.457996,6.889193,-94.209835,71.795961,4.042774,3.433811,-0.366768,2.221987,0.041694,0.030978
1.025781,-26.589714,-97.475254,6.334718,6.470231,-95.693235,71.584097,4.098427,3.616280,-0.388029,2.213053,0.041208,0.031767
1.026302,-24.203520,-95.627829,6.264853,6.804239,-96.751648,72.259728,3.729775,3.641112,-0.407889,2.212283,0.040241,0.030417
1.026823,-22.346597,-94.181611,6.785115,6.514471,-97.837570,72.147673,3.862857,3.394178,-0.426063,2.206199,0.042323,0.029337
1.027345,-19.913930,-92.831389,6.323100,6.812874,-99.121562,71.834320,3.676744,3.576094,-0.448349,2.197914,0.040428,0.029499
1.027866,-18.652296,-91.402455,6.535010,6.731186,-100.905311,72.083057,3.820140,3.642870,-0.466141,2.191097,0.041455,0.029867
1.028387,-16.671655,-89.959114,6.531287,6.596977,-101.496636,72.035995,3.593451,3.695908,-0.482370,2.188028,0.040893,0.029422
1.028908,-14.981206,-88.342005,6.520250,6.589719,-102.763927,72.105371,3.806557,3.482610,-0.500623,2.182636,0.041161,0.028619
1.029429,-13.344922,-87.354018,6.376549,6.804639,-103.334691,72.372448,3.606212,3.625660,-0.513072,2.181770,0.040474,0.028688
1.029951,-11.903630,-85.274197,6.397937,6.511731,-104.874465,73.056558,3.821369,3.740910,-0.530950,2.179243,0.040668,0.029476
1.030472,-10.944570,-84.214571,6.588124,6.673881,-104.998121,73.284364,3.589999,3.422627,-0.538336,2.180151,0.040896,0.027165
1.030993,-9.587403,-82.797757,6.594097,6.586854,-105.856565,73.127324,3.902545,3.445283,-0.553120,2.175331,0.041473,0.027976
1.031514,-8.616881,-82.048787,6.796148,6.652222,-106.563197,72.747646,3.582158,3.625259,-0.564148,2.169797,0.041773,0.027991
1.032036,-7.683192,-81.381293,6.718442,6.524605,-107.031787,72.902051,3.754311,3.715478,-0.572100,2.168742,0.041643,0.028786
1.032557,-6.805516,-80.446065,6.774164,6.495358,-107.988922,73.017518,3.998084,3.712637,-0.582907,2.165341,0.042169,0.029185
1.033078,-5.869468,-79.647346,6.536874,6.689558,-108.377273,71.994063,4.095588,3.765164,-0.594428,2.157153,0.042080,0.029739
1.033599,-5.375695,-79.185525,6.661830,6.638080,-108.397976,72.623726,4.112680,3.882822,-0.596239,2.161084,0.042436,0.030315
1.034121,-4.793592,-78.776452,6.815349,6.385264,-109.036251,72.677848,3.715811,4.035270,-0.602815,2.158716,0.041857,0.030066
1.034642,-4.319324,-78.642596,6.718358,6.504329,-108.715937,72.739896,3.898556,4.030022,-0.603726,2.160469,0.042038,0.030502
1.035163,-3.978488,-78.517821,6.809780,6.585820,-108.375206,72.328728,3.973639,3.709205,-0.605386,2.159301,0.042411,0.029108
1.035684,-3.761823,-78.469291,6.629217,6.620881,-108.420412,72.117627,4.009653,3.550509,-0.607365,2.157760,0.041835,0.028395
1.036205,-3.394422,-78.239096,6.847183,6.593783,-108.511529,72.797710,3.879743,3.967635,-0.608016,2.161707,0.042461,0.030157
1.036727,-3.650169,-78.355034,6.623707,6.665918,-108.873521,72.969622,3.658703,3.943539,-0.607597,2.161258,0.041373,0.029432
1.037248,-3.650169,-78.355034,6.623707,6.665918,-108.177133,72.294131,4.093815,3.612517,-0.606582,2.159925,0.042107,0.028958
1.037769,-3.731336,-78.641142,7.035431,6.662095,-107.724807,72.599206,3.672295,3.485799,-0.602358,2.163812,0.042522,0.027290
1.038290,-3.978438,-78.971971,6.675821,6.454666,-107.394286,72.705545,3.423721,3.419788,-0.598416,2.165916,0.040529,0.026378
1.038812,-4.416082,-79.551266,6.795850,6.454216,-107.384390,72.790975,3.399757,3.693190,-0.594369,2.166504,0.041050,0.027776
1.039333,-5.072324,-80.158805,6.781665,6.657719,-106.865883,73.234122,3.624082,3.830182,-0.585886,2.171581,0.041754,0.029066
1.039854,-5.369965,-81.048661,6.697722,6.613738,-106.032173,73.479423,3.264099,3.862656,-0.577371,2.176803,0.040740,0.028520
1.040375,-6.149624,-81.916716,6.728333,6.516774,-105.297324,72.902281,3.668323,3.779482,-0.569604,2.176368,0.041479,0.029232
1.040897,-6.730119,-83.030397,6.699951,6.598472,-104.928257,73.095104,3.635896,3.695092,-0.561449,2.179250,0.041238,0.028745
1.041418,-7.558913,-84.412415,6.642491,6.670460,-103.931342,72.969014,3.628367,3.894094,-0.549451,2.182923,0.041245,0.029990
1.041939,-8.647117,-84.966966,6.748830,6.586743,-103.007274,73.172984,3.532964,3.916662,-0.537980,2.188446,0.041431,0.030014
1.042460,-9.857784,-86.300123,6.760857,6.502653,-102.179535,73.138678,3.348844,3.831367,-0.524867,2.192039,0.040955,0.029246
1.042981,-10.863782,-87.461797,6.610917,6.737273,-101.406257,73.310185,3.651796,4.150181,-0.512901,2.196750,0.041410,0.031856
1.043503,-12.788338,-88.924329,6.487251,6.649189,-100.093757,72.200915,3.393568,3.935092,-0.496563,2.195697,0.040463,0.030454
1.044024,-14.067020,-90.494741,6.589126,6.623360,-99.486239,72.243442,3.709403,3.907714,-0.483359,2.198868,0.041293,0.031236
1.044545,-15.862541,-91.896345,6.778221,6.544128,-97.383263,72.745648,3.622305,3.415587,-0.459752,2.212377,0.041512,0.028720
1.045066,-17.201253,-92.976279,6.582990,6.661785,-96.931951,73.181570,3.615797,3.756086,-0.447397,2.217476,0.040893,0.030511
1.045588,-19.102841,-94.550321,6.508984,6.883853,-95.511460,73.236566,3.771282,3.778311,-0.427328,2.224952,0.041116,0.031371
1.046109,-20.994451,-96.372633,6.471399,6.908526,-93.686479,73.435055,3.254982,3.372455,-0.404480,2.235605,0.039599,0.027960
1.046630,-23.159916,-97.867158,6.339711,6.940575,-92.260380,73.302279,3.581342,3.504981,-0.383689,2.242184,0.039832,0.029997
1.047151,-25.343256,-98.821339,6.709944,6.706581,-90.864565,73.030877,3.756416,3.543711,-0.364252,2.247810,0.041739,0.031127
1.047673,-27.591078,-100.385483,6.371112,7.067108,-89.137860,72.565781,3.557088,3.638159,-0.341888,2.254067,0.040163,0.031373
1.048194,-30.288337,-101.779372,6.426390,6.792461,-87.740985,72.656706,3.655112,3.580239,-0.318172,2.262427,0.040410,0.031697
1.048715,-32.776444,-103.346019,6.522343,7.074662,-86.021513,72.466802,3.957112,3.612517,-0.294070,2.270877,0.041676,0.033424
1.049236,-34.973119,-104.758966,6.500371,7.026081,-83.617169,72.816546,3.597435,3.548815,-0.267375,2.287261,0.040524,0.032196
1.049757,-38.292740,-105.694627,6.451511,6.994658,-82.357892,72.362546,4.094495,3.514022,-0.242603,2.291682,0.041717,0.034460
1.050279,-40.925296,-106.763917,6.375230,7.030223,-79.799683,72.341070,3.598250,3.749769,-0.213733,2.307209,0.040109,0.034186
1.050800,-43.599060,-107.378059,6.150107,7.212724,-78.835993,72.521123,3.844321,4.033242,-0.193422,2.314497,0.039781,0.036854
1.051321,-46.713878,-107.952650,6.151139,6.928080,-76.604942,72.629655,3.758220,3.813583,-0.164039,2.329563,0.039488,0.035879
1.051842,-49.652981,-108.856138,6.212282,7.073496,-74.755354,72.591892,3.727202,3.520182,-0.137472,2.341513,0.039620,0.034761
1.052364,-52.529695,-108.673274,6.419510,6.866481,-72.658567,73.363492,3.765803,3.667054,-0.110128,2.361022,0.040660,0.036001
1.052885,-55.650972,-109.367690,6.220838,6.906382,-70.885318,73.157668,3.862794,3.786062,-0.083271,2.371969,0.040001,0.037557
1.053406,-59.203958,-109.378433,6.164511,6.936999,-68.876992,73.428720,3.832930,3.539107,-0.052865,2.388169,0.039661,0.036735
1.053927,-61.975905,-109.151919,6.395232,6.830537,-66.714064,73.796395,3.730045,3.350546,-0.025893,2.406556,0.040455,0.035829
1.054449,-65.372313,-108.962404,6.179972,6.964096,-65.572747,73.468137,4.193784,3.277538,-0.001099,2.412918,0.040939,0.038738
1.054970,-68.525110,-108.615663,6.532415,6.802618,-63.646248,74.164770,4.249457,3.538696,0.026686,2.432372,0.042620,0.040556
1.055491,-71.353594,-108.183249,6.313747,6.643432,-61.238057,74.167372,3.825925,3.480724,0.055416,2.451392,0.040425,0.038364
1.056012,-73.868644,-107.909355,6.412930,6.628997,-59.917903,74.641581,4.266837,3.347832,0.076273,2.465182,0.042064,0.041084
1.056533,-77.540514,-107.109571,6.308270,6.823703,-58.660060,74.642945,3.843718,3.437118,0.103509,2.475524,0.040441,0.038909
1.057055,-79.969922,-106.248739,6.417433,6.655648,-56.693380,75.027230,3.734885,3.795243,0.127705,2.494493,0.040648,0.039951
1.057576,-82.953185,-105.510897,6.478058,7.014618,-54.950531,75.017030,3.814895,3.481826,0.153889,2.509381,0.041193,0.039811
1.058097,-85.796277,-104.850115,6.300726,6.738384,-53.905689,75.588440,4.318936,3.333063,0.174933,2.522097,0.041669,0.043232
1.058618,-88.402805,-103.833160,6.456194,6.682147,-52.714240,75.423447,3.838877,3.410517,0.196522,2.531598,0.041094,0.040250
1.059140,-91.094778,-102.782322,6.621083,6.661765,-51.041650,76.286623,3.933857,3.237726,0.220052,2.551923,0.041897,0.040665
1.059661,-93.808234,-101.581894,6.306191,6.747183,-49.327725,76.547260,4.058102,3.635120,0.244705,2.569158,0.040898,0.043252
1.060182,-95.924584,-100.596667,6.316342,6.576600,-48.713983,76.192907,4.067048,3.348539,0.260955,2.572740,0.041007,0.042819
1.060703,-98.293857,-99.560914,6.352023,6.501624,-47.263641,76.514700,3.811469,3.512277,0.282091,2.588255,0.040401,0.041488
1.061224,-100.346192,-98.689812,6.406780,6.602080,-46.872295,76.608303,4.049054,3.564537,0.296079,2.592510,0.041319,0.043681
1.061746,-102.320551,-97.774281,6.309337,6.550594,-45.799293,77.006136,4.113380,3.137396,0.312770,2.605043,0.040866,0.043329
1.062267,-104.225121,-96.741574,6.386404,6.533280,-44.750042,76.521134,3.616403,3.678264,0.330663,2.612420,0.040156,0.040975
1.062788,-106.335256,-96.087174,6.321620,6.569580,-44.373415,76.642923,3.948170,3.677472,0.344422,2.616785,0.040663,0.043834
1.063309,-108.064604,-95.052207,6.376304,6.717160,-43.759425,76.789726,4.087693,3.574283,0.358079,2.623629,0.041304,0.044895
1.063831,-109.458524,-94.606159,6.362553,6.751267,-43.246291,77.216103,3.869488,3.493939,0.367816,2.631052,0.040551,0.042747
1.064352,-111.038174,-93.521524,6.465611,6.559483,-43.035623,76.813215,3.877990,3.700338,0.379841,2.630904,0.041101,0.043571
1.064873,-112.827482,-92.946524,6.521749,6.785938,-42.790344,76.888550,4.036390,3.674921,0.391136,2.633754,0.041787,0.044934
1.065394,-114.468432,-92.363978,6.324037,6.640204,-42.221614,77.010268,4.228182,3.612183,0.403184,2.640087,0.041273,0.046616
1.065916,-114.996368,-92.008144,6.454947,6.755805,-42.371841,76.918242,4.310540,3.627675,0.406029,2.638083,0.042134,0.047389
1.066437,-116.609250,-91.218109,6.448126,6.788403,-42.218271,76.856458,4.228702,3.636092,0.416689,2.639277,0.041944,0.046745
1.066958,-117.170306,-91.096287,6.546384,6.716102,-42.218271,76.856458,4.228702,3.636092,0.419747,2.639277,0.042234,0.046745
1.067479,-118.465191,-90.847989,6.402874,6.813392,-42.131132,76.729881,4.227756,3.703817,0.427430,2.639453,0.041744,0.046979
1.068000,-119.204584,-90.540595,6.428904,6.731745,-42.131132,76.729881,4.227756,3.703817,0.431775,2.639453,0.041768,0.046979
1.068522,-120.052246,-90.609818,6.438193,6.788299,-42.283304,76.793029,4.310987,3.696698,0.434897,2.638278,0.041958,0.047638
1.069043,-120.857729,-90.653248,6.414919,6.887835,-43.029487,76.530929,3.877660,3.685163,0.435688,2.629393,0.040958,0.043649
1.069564,-121.107802,-90.675571,6.451784,6.865723,-43.079787,77.035981,3.932914,3.568380,0.435464,2.631701,0.041025,0.043611
1.070085,-121.308220,-90.939531,6.483654,6.807453,-42.995607,76.867039,3.810243,3.522775,0.436641,2.631599,0.040752,0.042506
1.070607,-121.980709,-90.590671,6.632003,6.879542,-43.919205,76.888870,4.141866,3.622229,0.436158,2.622616,0.042274,0.045402
1.071128,-122.226688,-91.188559,6.534858,6.818413,-45.197676,76.879691,3.926820,3.408911,0.429751,2.610117,0.041237,0.042616
1.071649,-122.356097,-91.206643,6.533350,6.842766,-45.146199,76.621444,3.844902,3.616562,0.431183,2.609144,0.041187,0.042587
1.072170,-122.740107,-91.265158,6.478919,6.877855,-45.880539,76.866135,4.120376,3.621665,0.428776,2.603464,0.041623,0.044633
1.072692,-122.720498,-92.058741,6.734272,6.849956,-46.935463,76.960003,4.010234,3.571625,0.421508,2.593949,0.042213,0.043222
1.073213,-122.547786,-92.843442,6.377463,6.779865,-48.082156,77.046949,4.277178,3.297798,0.413095,2.583667,0.041277,0.044338
1.073734,-121.963778,-93.530682,6.426324,6.775018,-49.352684,76.490530,3.927898,3.224991,0.403623,2.568590,0.040715,0.041031
1.074255,-121.458269,-94.341257,6.681663,6.810271,-50.024943,76.982502,4.278000,2.976048,0.395032,2.565342,0.042353,0.042879
1.074776,-121.095748,-94.912633,6.494670,6.878280,-51.465840,76.939061,4.116299,2.544992,0.384959,2.552034,0.041204,0.039998
1.075298,-120.454276,-96.763711,6.383328,6.824082,-52.585267,74.753356,4.165548,3.440929,0.376793,2.528555,0.041338,0.043114
1.075819,-120.229714,-98.135513,6.429361,6.751338,-53.311073,75.436622,4.303163,2.773606,0.367977,2.526384,0.041292,0.041804
1.076340,-119.146184,-98.747827,6.587288,6.558577,-54.866054,74.549493,3.906432,3.526524,0.355192,2.507133,0.041297,0.040808
1.076861,-118.398045,-100.191051,6.424400,6.714161,-56.950777,74.168363,3.881919,3.320755,0.338827,2.486760,0.040593,0.039394
1.077383,-117.181096,-101.124561,6.497729,6.730907,-58.227462,74.134109,4.173269,3.253119,0.324491,2.475797,0.041630,0.040823
1.077904,-116.419734,-101.184881,6.359578,6.859748,-59.411866,74.772911,3.814874,3.400647,0.313315,2.470175,0.040220,0.038325
1.078425,-115.083993,-102.359490,6.683455,6.799288,-61.245353,74.356472,3.712969,3.388530,0.295728,2.452583,0.041364,0.037219
1.078946,-113.860622,-103.409401,6.357250,6.749313,-63.096194,74.643933,3.791096,3.405900,0.277739,2.439836,0.040043,0.037196
1.079468,-112.780327,-104.621103,6.381071,6.754017,-64.790093,74.214878,3.819012,3.323203,0.262171,2.423893,0.040195,0.036673
1.079989,-110.976331,-105.551227,6.470090,6.828280,-67.060865,73.660320,3.859962,3.619105,0.240313,2.403058,0.040892,0.037673
1.080510,-109.225445,-106.541011,6.480006,6.874727,-69.417211,73.411023,4.146237,3.471539,0.217710,2.384150,0.041743,0.038032
1.081031,-107.773284,-107.639540,6.373188,6.726859,-71.315860,73.926888,4.237800,2.889285,0.198159,2.374170,0.041260,0.035539
1.081552,-105.855819,-108.427247,6.314943,6.918368,-73.206398,72.692597,4.148112,3.664211,0.178349,2.352673,0.041101,0.037919
1.082074,-104.363826,-108.790515,6.582998,6.732119,-75.444987,72.810251,4.133208,3.559874,0.157918,2.338425,0.042249,0.036691
1.082595,-102.360987,-109.379416,6.546302,6.809696,-77.309102,72.455670,4.049080,3.340433,0.136911,2.323799,0.041924,0.034815
1.083116,-100.476304,-109.888046,6.423684,6.877428,-79.776687,72.890229,4.049483,3.579421,0.112769,2.311117,0.041292,0.035170
1.083637,-98.527704,-110.352119,6.484967,6.601763,-81.935528,71.766705,4.283776,3.539443,0.090856,2.290132,0.042488,0.035623
1.084159,-96.360777,-110.665891,6.492504,6.732205,-84.352675,72.052682,4.173444,3.683697,0.065625,2.277714,0.042149,0.035135
1.084680,-93.993366,-110.936871,6.322991,6.910154,-86.422127,71.711006,4.074708,3.625731,0.041429,2.263432,0.041152,0.033973
1.085201,-91.860149,-110.848699,6.271089,6.897988,-88.869024,71.938559,4.022399,3.500184,0.016363,2.251297,0.040754,0.032498
1.085722,-89.705745,-111.275278,6.238045,6.910744,-91.110934,71.990956,3.803187,3.604323,-0.007667,2.239500,0.039864,0.031709
1.086244,-87.522289,-110.959587,6.098871,6.915888,-93.015118,72.309513,3.859686,3.578006,-0.029962,2.231601,0.039368,0.031292
1.086765,-85.657077,-109.997162,6.317746,6.720935,-95.320355,71.855848,4.128510,3.483752,-0.053088,2.216748,0.041443,0.031250
1.087286,-83.609024,-109.695180,6.222286,6.804920,-97.814089,72.147472,4.159797,3.735033,-0.077959,2.206313,0.041045,0.032005
1.087807,-81.468593,-109.244018,6.137060,6.879198,-99.707022,72.719292,4.020260,3.527646,-0.099898,2.200937,0.040140,0.030031
1.088328,-79.433398,-108.421793,6.192788,7.010269,-102.066001,72.397064,4.174274,3.650647,-0.124520,2.187747,0.041021,0.030638
1.088850,-77.380839,-108.081235,6.085991,6.950658,-103.864309,72.755791,4.122750,3.564206,-0.145416,2.181850,0.040275,0.029628
1.089371,-75.327392,-107.160876,6.183506,6.896435,-105.944286,72.530052,4.225987,3.402241,-0.168766,2.171116,0.041120,0.028702
1.089892,-73.638669,-107.002621,6.458875,6.831512,-107.705027,72.557187,4.156332,3.370873,-0.187493,2.163629,0.042013,0.027985
1.090413,-71.756636,-105.340934,6.448499,6.666391,-109.683764,73.143426,3.863882,3.358151,-0.209381,2.158931,0.041186,0.026712
1.090935,-69.775293,-105.695614,6.700690,6.918568,-111.518779,72.685279,4.069971,3.890249,-0.229877,2.148419,0.042822,0.029634
1.091456,-68.296218,-104.403269,6.652256,6.617138,-112.475915,73.391344,3.693321,3.288170,-0.243554,2.148932,0.041463,0.025422
1.091977,-66.396821,-103.492760,6.423299,6.800655,-114.723536,72.771422,3.711878,3.798804,-0.267596,2.136070,0.040736,0.027780
1.092498,-64.864722,-102.237364,6.493150,6.921181,-116.796070,73.331087,3.644527,3.891841,-0.287590,2.131447,0.040893,0.027725
1.093020,-63.802736,-101.123366,6.458830,6.871982,-117.364609,72.737963,3.779369,3.778487,-0.298846,2.125619,0.041309,0.027367
1.093541,-62.303684,-100.594522,6.517622,6.765709,-119.015089,73.850765,3.835310,3.535149,-0.314318,2.126165,0.041264,0.025853
1.094062,-60.894054,-99.655971,6.444635,6.895710,-120.898459,73.589292,3.845690,3.663143,-0.333424,2.117579,0.041114,0.026237
1.094583,-59.809835,-98.322729,6.529327,6.788085,-121.715749,73.400981,4.094217,3.605911,-0.345996,2.113457,0.042207,0.026330
1.095104,-58.687862,-96.937851,6.517923,6.800552,-122.818655,75.198245,3.724341,3.905810,-0.356629,2.120189,0.041093,0.026784
1.095626,-57.679464,-96.272243,6.636329,6.849498,-123.647452,74.824195,4.027263,3.601452,-0.367997,2.114988,0.042316,0.025742
1.096147,-56.706940,-95.588887,6.548961,6.668462,-125.016929,74.722609,3.750076,3.868595,-0.381444,2.109523,0.041250,0.026350
1.096668,-55.714245,-95.127965,6.464680,6.813465,-125.889590,75.001762,3.903674,3.813728,-0.391220,2.108103,0.041241,0.026188
1.097189,-55.144776,-94.274646,6.546229,6.709751,-126.789857,74.615498,3.876473,3.759604,-0.401202,2.102715,0.041539,0.025762
1.097711,-54.508821,-93.789401,6.734237,6.665032,-127.531230,74.489576,3.919581,4.336302,-0.409416,2.099434,0.042616,0.028669
1.098232,-53.917842,-93.250151,6.737859,6.764053,-127.889680,75.044248,3.884805,3.877625,-0.414120,2.101445,0.042324,0.026163
1.098753,-53.413370,-92.808551,6.643673,6.743757,-127.807277,74.813412,3.896776,4.205368,-0.417702,2.100382,0.042222,0.027880
1.099274,-53.003790,-92.764622,6.655479,6.940115,-128.212091,75.085952,3.321818,3.905174,-0.421245,2.100589,0.040933,0.025338
1.099796,-52.964489,-92.435770,6.508794,6.816365,-128.728138,74.718605,4.124745,4.001989,-0.425558,2.096707,0.042174,0.027098
1.100317,-52.771434,-92.212364,6.622860,6.789651,-129.422799,74.985595,3.956531,4.121982,-0.429856,2.095920,0.042162,0.027284
1.100838,-52.407636,-92.437665,6.723776,6.777418,-128.645823,75.147968,3.908485,4.242694,-0.426939,2.099477,0.042448,0.027923
1.101359,-52.372573,-92.318330,6.806768,6.915694,-129.129959,74.647532,4.245172,3.958184,-0.430907,2.094943,0.043603,0.027032
1.101880,-52.389615,-92.127049,6.856226,6.764014,-128.553803,75.279629,3.929632,4.048887,-0.426975,2.100552,0.042950,0.026976
1.102402,-52.213980,-92.164608,6.735829,7.076829,-128.897422,74.333597,3.987237,4.366543,-0.431606,2.093898,0.043179,0.028731
1.102923,-52.412551,-92.494423,6.776419,6.965786,-129.013069,74.763705,4.050451,4.414873,-0.429468,2.096010,0.043252,0.029013
1.103444,-52.478948,-92.415824,6.756557,6.925930,-128.453797,75.736417,3.641331,3.831741,-0.424368,2.103534,0.041820,0.025373
1.103965,-52.801452,-93.014323,6.907910,6.982369,-128.295019,75.299438,3.559505,3.642460,-0.421630,2.101546,0.042222,0.024344
1.104487,-53.473661,-93.429903,6.800243,6.935162,-127.277658,75.125203,3.707578,3.758078,-0.412715,2.104013,0.042218,0.025340
1.105008,-53.798096,-94.176261,6.712216,7.080218,-126.899775,75.788720,3.714992,3.818914,-0.406181,2.109179,0.041785,0.025654
1.105529,-54.727458,-94.877039,6.585483,7.058837,-126.285864,75.372406,3.631207,3.829788,-0.397896,2.108889,0.041148,0.025693
1.106050,-55.485676,-95.292591,6.724863,6.883654,-125.178364,75.422643,3.576274,3.695490,-0.387589,2.113068,0.041460,0.025072
1.106572,-55.905146,-96.096184,6.558810,6.953180,-124.202795,75.331279,3.820211,3.551375,-0.379131,2.115995,0.041296,0.024959
1.107093,-56.859996,-96.809263,6.619371,6.926186,-123.812124,74.715037,3.911964,3.942434,-0.372148,2.113752,0.041963,0.027207
1.107614,-57.667451,-98.771899,6.627006,7.289989,-122.558874,74.312207,3.651552,3.770593,-0.358694,2.115864,0.041376,0.026087
1.108135,-58.833072,-99.787557,6.534630,6.932668,-121.839708,73.327304,3.895778,3.649445,-0.349056,2.112563,0.041442,0.026135
1.108656,-59.883572,-100.793795,6.746810,6.933630,-120.083885,73.740159,3.435501,3.551185,-0.332142,2.121499,0.041136,0.024978
1.109178,-61.034956,-101.803874,6.394663,6.957139,-118.999295,72.909892,3.986553,3.923777,-0.320341,2.120496,0.041187,0.028239
1.109699,-62.438099,-102.727160,6.385574,7.107418,-117.084045,73.689384,3.709928,3.410289,-0.300382,2.132533,0.040230,0.025284
1.110220,-64.037448,-103.715647,6.404881,7.115112,-116.342807,72.999845,3.708541,3.671138,-0.287770,2.131159,0.040434,0.026806
1.110741,-65.486312,-104.850091,6.563241,6.997998,-114.785335,73.844509,3.717197,3.555163,-0.269188,2.142466,0.040810,0.026401
1.111263,-66.920876,-106.136479,6.485277,7.064559,-112.901841,73.082472,3.699797,3.587965,-0.251146,2.145278,0.040511,0.026926
1.111784,-68.550887,-106.909693,6.502159,6.991956,-111.605091,72.621866,4.157456,3.373079,-0.235369,2.147666,0.041816,0.027218
1.112305,-70.122409,-106.651652,6.483496,7.027751,-109.747637,73.645049,3.955954,3.421402,-0.216338,2.161820,0.041200,0.027207
1.112826,-72.256843,-107.494644,6.330948,6.965347,-108.421732,73.700730,3.598676,3.688987,-0.197002,2.167809,0.039542,0.027923
1.113348,-74.048851,-108.545585,6.506300,6.864717,-105.772858,73.149908,3.917763,3.557878,-0.172857,2.175846,0.041199,0.028601
1.113869,-75.813817,-109.039202,6.374807,7.081541,-103.939772,72.799093,4.012938,3.457018,-0.153460,2.181789,0.040984,0.028758
1.114390,-78.069087,-109.660710,6.400356,7.229328,-102.044042,73.210723,4.155126,3.527728,-0.130359,2.193133,0.041413,0.029881
1.114911,-80.154105,-110.631470,6.381472,7.076993,-100.006104,72.583751,4.145313,3.323615,-0.107932,2.198624,0.041306,0.029361
1.115432,-82.104610,-111.164734,6.382393,7.242776,-97.581756,72.606486,4.006985,3.452541,-0.084021,2.210484,0.040882,0.030089
1.115954,-84.126943,-111.136703,6.385442,6.907800,-95.386749,72.822652,3.953959,3.662854,-0.061132,2.222848,0.040757,0.031437
1.116475,-86.074736,-111.525183,6.329229,7.291719,-92.994804,72.427695,3.697995,3.528600,-0.037601,2.232498,0.039827,0.030486
1.116996,-88.208342,-111.508020,6.510158,6.860510,-91.180889,72.292032,3.931203,3.303834,-0.016171,2.241157,0.041371,0.030587
1.117517,-90.290743,-111.533091,6.515116,6.963180,-89.053399,72.300838,3.742439,3.525726,0.006731,2.252740,0.040870,0.031501
1.118039,-92.372497,-111.641212,6.427840,6.990209,-87.012888,71.969210,3.828988,3.310976,0.029182,2.261850,0.040732,0.031266
1.118560,-94.735860,-111.022796,6.320246,6.979828,-84.970231,72.687108,4.339427,3.562546,0.053108,2.278441,0.041676,0.034965
1.119081,-96.266547,-110.889790,6.395497,6.787335,-82.129604,72.684187,4.035686,3.499737,0.076858,2.295259,0.041076,0.034143
1.119602,-98.419152,-110.027277,6.413710,6.901825,-80.206820,72.894430,4.099463,3.724492,0.099236,2.308469,0.041421,0.035971
1.120124,-100.645926,-109.408533,6.405309,6.832583,-77.792891,73.077392,3.941027,3.325088,0.124583,2.324949,0.040899,0.033981
1.120645,-102.119822,-108.856998,6.256653,6.735729,-76.111905,73.043976,4.175639,3.373828,0.142016,2.335629,0.040938,0.035828
1.121166,-103.850013,-107.850766,6.330509,6.834770,-74.112378,73.087444,4.175639,3.373828,0.162896,2.349232,0.041363,0.036415
1.121687,-105.771027,-107.163808,6.395380,6.689156,-72.157827,73.379110,4.098017,3.440282,0.184071,2.364586,0.041347,0.036817
1.122208,-107.564816,-105.965674,6.377561,6.559652,-69.975708,73.564304,4.170501,3.387970,0.206394,2.381190,0.041491,0.037613
1.122730,-108.849757,-106.351315,6.173950,6.604823,-68.293339,72.698586,4.267969,3.374683,0.222750,2.387429,0.040860,0.038848
1.123251,-110.264149,-105.306007,6.342904,6.708013,-66.745373,73.086810,3.788147,3.400066,0.239276,2.401514,0.040275,0.036542
1.123772,-111.951917,-104.225017,6.412240,6.810117,-64.935351,73.198858,4.461237,3.215273,0.259042,2.415946,0.042460,0.040481
1.124293,-113.042612,-102.978236,6.482434,6.692131,-63.060018,73.477777,4.376174,3.294074,0.276027,2.432346,0.042503,0.040831
1.124815,-114.177197,-102.167194,6.408066,6.715821,-61.473108,73.611021,4.059174,3.440411,0.291303,2.445808,0.041318,0.039801
1.125336,-115.477895,-100.976536,6.544097,6.877720,-60.065314,73.848093,4.196254,3.324532,0.306944,2.458756,0.042322,0.040684
1.125857,-116.456580,-100.208889,6.416408,6.826332,-58.093965,73.866754,4.310080,3.416446,0.323494,2.475157,0.042048,0.042482
1.126378,-116.905938,-99.512067,6.432966,6.642540,-56.540940,74.035166,4.034125,3.410077,0.334741,2.489379,0.041251,0.040965
1.126899,-118.188168,-98.558634,6.343866,6.843687,-55.632983,74.513509,4.131422,3.399076,0.346830,2.500261,0.041182,0.041780
1.127421,-118.667950,-98.016144,6.319669,6.724084,-54.231627,74.369158,4.173601,3.268394,0.357712,2.511523,0.041088,0.042191
1.127942,-118.840644,-97.278512,6.383818,6.675249,-52.217865,74.852873,4.118691,3.412612,0.369290,2.532475,0.041090,0.042750
1.128463,-119.486222,-96.416799,6.658317,6.668956,-51.936725,74.817798,4.134989,3.250080,0.375743,2.534786,0.042280,0.042486
1.128984,-120.254087,-94.959110,6.336189,6.685156,-50.905602,76.057789,4.561430,3.279635,0.385244,2.551768,0.042035,0.045965
1.129506,-120.669587,-94.436394,6.419671,6.707804,-49.408512,75.866477,4.015050,3.588798,0.396299,2.564335,0.041044,0.042999
1.130027,-120.654761,-94.416820,6.418650,6.705986,-48.354124,76.214708,4.289843,3.307181,0.400789,2.576229,0.041462,0.044676
1.130548,-120.468100,-93.716726,6.435655,6.707518,-47.705310,76.376363,4.143268,3.327654,0.404225,2.583275,0.041235,0.043659
1.131069,-120.510035,-93.235702,6.442551,6.905785,-47.656417,76.401725,4.287415,3.383206,0.405648,2.583885,0.041876,0.045027
1.131591,-120.465180,-93.137611,6.441625,6.840191,-46.177057,76.266501,4.087551,3.290926,0.413271,2.597161,0.041210,0.043630
1.132112,-120.430406,-92.967584,6.402015,6.869432,-45.853040,76.245329,4.150024,3.826585,0.415119,2.600153,0.041467,0.045707
1.132633,-119.210627,-92.802573,6.429693,6.891412,-45.146031,76.534508,3.824292,3.683068,0.412309,2.608649,0.040771,0.042634
1.133154,-119.023563,-92.666395,6.429466,6.853387,-44.594546,76.537924,4.243843,3.459138,0.414403,2.614031,0.041652,0.045826
1.133675,-118.635405,-92.726425,6.326077,6.794899,-44.371369,76.874774,4.310540,3.627675,0.412725,2.618114,0.041387,0.046760
1.134197,-117.492231,-92.780332,6.301707,6.825608,-44.329722,76.615470,4.272852,3.768641,0.407703,2.617057,0.041420,0.046909
1.134718,-116.763997,-92.897437,6.399028,6.787121,-44.020023,76.759113,4.197100,3.639402,0.405061,2.620899,0.041498,0.045953
1.135239,-116.251510,-93.336175,6.326374,6.827690,-44.279728,76.596798,4.272693,3.810569,0.400625,2.617440,0.041521,0.047039
1.135760,-114.966953,-93.577142,6.545691,6.769917,-44.276325,76.561929,4.282894,3.788559,0.393786,2.617276,0.042406,0.047087
1.136282,-114.317734,-93.992967,6.424769,6.813786,-44.144549,76.756935,4.208645,3.748365,0.389928,2.619667,0.041680,0.046293
1.136803,-112.661644,-94.547257,6.402116,6.736171,-44.136905,76.523971,4.345628,3.812818,0.380991,2.618427,0.041990,0.047758
1.137324,-111.473324,-94.788726,6.655388,6.640020,-44.270849,76.672610,4.291678,3.755472,0.373538,2.617956,0.042794,0.047033
1.137845,-110.464449,-95.558384,6.408216,6.741720,-44.364358,76.552270,4.022760,3.933615,0.366686,2.616360,0.041208,0.045215
1.138367,-108.570222,-97.750569,6.450639,6.771292,-44.813873,75.584360,4.052855,3.627531,0.352463,2.606411,0.041290,0.044914
1.138888,-106.922229,-97.230133,6.486384,6.719688,-45.266969,76.646889,3.786341,3.648122,0.340759,2.608120,0.040794,0.042139
1.139409,-105.658562,-99.191227,6.413140,6.723868,-46.158256,75.611518,4.002555,3.950841,0.328084,2.593513,0.041077,0.045024
1.139930,-104.095090,-100.018616,6.408954,6.658314,-46.429578,76.092222,4.048066,3.335314,0.316436,2.593725,0.040837,0.043390
1.140451,-101.955927,-100.619120,6.339577,6.888923,-47.174173,76.208498,3.791512,3.277839,0.300426,2.587309,0.040020,0.040796
1.140973,-100.263412,-101.764436,6.385143,6.678818,-48.060894,75.619292,4.255297,3.612361,0.286211,2.575433,0.041463,0.045544
1.141494,-98.010955,-102.394630,6.313798,6.829953,-48.890078,76.037343,3.944364,3.153542,0.268638,2.570172,0.040256,0.041267
1.142015,-95.970336,-103.666802,6.328978,6.896793,-49.710338,75.919672,4.230477,3.326267,0.252111,2.561868,0.041065,0.043867
1.142536,-93.715878,-104.440933,6.350236,6.889155,-50.476175,75.495523,4.058519,3.158228,0.235834,2.552254,0.040737,0.041879
1.143058,-91.482768,-105.714758,6.568353,6.824747,-51.691650,75.440202,4.158288,3.323625,0.216219,2.540869,0.041869,0.042766
1.143579,-88.983561,-106.093003,6.416159,6.703592,-52.683093,74.993085,3.709019,3.080250,0.197838,2.529187,0.040120,0.038339
1.144100,-86.840448,-107.303898,6.430033,6.814249,-53.504020,74.278281,4.035249,3.451031,0.181567,2.517360,0.041128,0.042010
1.144621,-83.836337,-107.206931,6.360221,6.678302,-55.224405,75.133961,3.796735,3.326054,0.155645,2.507753,0.040139,0.039021
1.145143,-81.720099,-107.401394,6.286577,6.912611,-56.950058,74.973562,3.814895,3.481826,0.134993,2.491975,0.039993,0.039262
1.145664,-79.138081,-108.534565,6.190776,6.862426,-57.862582,74.907093,3.355682,3.354589,0.115464,2.483873,0.038176,0.035448
1.146185,-76.049431,-109.157013,6.276131,6.908337,-59.832092,74.503782,4.086542,3.227137,0.088072,2.464980,0.040626,0.039485
1.146706,-73.594798,-109.497668,6.211239,6.975258,-60.970863,74.875894,3.776146,3.137233,0.068363,2.458197,0.039343,0.036612
1.147227,-70.580445,-109.827371,6.292115,6.963437,-63.333102,73.936379,4.149122,3.426160,0.039418,2.433286,0.040985,0.039646
1.147749,-67.693215,-110.276201,6.477252,6.805312,-63.940132,74.204195,4.011949,3.301655,0.020341,2.430358,0.041292,0.038038
1.148270,-65.110017,-110.456649,6.176611,6.931899,-65.669992,73.771592,3.934477,3.395360,-0.003040,2.414230,0.039751,0.037521
1.148791,-62.253985,-110.175552,6.532032,6.881131,-68.131283,73.415163,4.027115,3.563309,-0.032002,2.393507,0.041777,0.038135
1.149312,-59.172655,-110.064709,6.176320,6.877723,-69.754907,73.098515,4.199524,3.462059,-0.057711,2.379596,0.040713,0.038258
1.149834,-56.111391,-109.624907,6.467546,6.873472,-71.289343,73.093753,4.138139,3.762539,-0.082877,2.368691,0.041883,0.038780
1.150355,-53.651444,-109.324222,6.220838,6.906382,-73.137974,72.534430,4.179440,3.525850,-0.106745,2.352051,0.040992,0.037510
1.150876,-50.824765,-108.594991,6.030400,7.323277,-74.948351,73.015041,3.963450,3.599065,-0.132059,2.343129,0.039484,0.036134
1.151397,-47.975672,-108.356920,6.409273,7.050768,-76.691414,72.933765,3.821647,3.396851,-0.157091,2.331086,0.040704,0.034061
1.151919,-45.454904,-107.277802,6.295449,7.137269,-78.426685,72.413001,3.700384,3.816608,-0.181473,2.316348,0.040120,0.035258
1.152440,-42.811323,-106.272991,6.110725,7.270804,-79.683825,71.946873,3.540724,3.549139,-0.204015,2.305214,0.039054,0.033024
1.152961,-39.880439,-105.142084,6.228781,7.220087,-80.661252,73.244332,3.677185,3.562690,-0.224747,2.308040,0.039762,0.033178
1.153482,-37.653678,-104.186042,6.511067,6.936286,-82.825207,72.997401,3.701323,3.733903,-0.249625,2.293207,0.041093,0.033692
1.154003,-34.868974,-104.167084,6.263980,6.844659,-84.538300,72.245109,3.630271,3.655694,-0.274448,2.277946,0.039719,0.032778
1.154525,-32.929591,-103.025910,6.444756,6.863506,-86.633526,72.059452,3.765803,3.667054,-0.297620,2.264613,0.040910,0.032904
1.155046,-30.503831,-101.514712,6.433081,6.926900,-87.527741,72.141304,3.388727,3.732637,-0.317279,2.260127,0.040110,0.031717
1.155567,-28.399547,-100.296276,6.380602,6.966574,-88.669684,72.090335,3.644516,3.560590,-0.336338,2.253427,0.040529,0.031452
1.156088,-26.719520,-99.174646,6.528239,6.845496,-90.698933,71.900510,3.712697,3.836484,-0.357880,2.241094,0.041349,0.032739
1.156610,-24.627562,-97.801113,6.355342,6.763101,-92.258116,72.119570,3.594251,3.583780,-0.378792,2.234288,0.040192,0.030638
1.157131,-22.959747,-96.381852,6.523867,6.573228,-92.696780,71.509097,3.667886,3.925237,-0.393687,2.227872,0.041308,0.032725
1.157652,-21.158701,-95.693282,6.497372,6.817178,-94.719757,71.522503,3.813409,3.945852,-0.414437,2.217551,0.041550,0.032844
1.158173,-19.301682,-94.174336,6.488356,6.638033,-95.720919,71.593488,3.866483,4.022166,-0.431965,2.212978,0.041581,0.033188
1.158695,-18.043948,-93.080613,6.603830,6.767556,-96.744521,71.893888,3.668748,3.643435,-0.445117,2.209887,0.041464,0.030303
1.159216,-16.731203,-91.920898,6.567716,6.702065,-97.365836,71.838930,3.769626,3.863614,-0.457546,2.206460,0.041662,0.031659
1.159737,-15.609281,-91.002890,6.729026,6.537087,-98.766911,71.483113,3.677390,3.974875,-0.473030,2.197288,0.041991,0.031784
1.160258,-13.992860,-89.944640,6.837928,6.715829,-99.182844,71.507657,3.551217,3.730427,-0.485521,2.195457,0.042181,0.030016
1.160779,-13.144706,-87.868333,6.512198,6.611279,-100.244581,72.746816,3.608737,3.812028,-0.496904,2.198559,0.040983,0.030221
1.161301,-12.104179,-87.235390,6.645906,6.511315,-100.921533,72.663970,3.658393,3.848172,-0.507024,2.194822,0.041446,0.030432
1.161822,-11.535717,-86.394088,6.528742,6.592220,-102.190115,72.439925,3.893869,3.767057,-0.518634,2.187453,0.041554,0.030416
1.162343,-11.021610,-85.419953,6.604930,6.617763,-102.858016,72.690671,3.774958,4.155845,-0.526209,2.186011,0.041895,0.032020
1.162864,-10.051107,-85.305447,6.703902,6.570226,-102.787700,72.395941,3.677390,3.974875,-0.531588,2.184419,0.041841,0.030851
1.163386,-9.614413,-84.797353,6.879358,6.583707,-102.921061,72.620502,3.658393,3.848172,-0.535058,2.185267,0.042345,0.030058
1.163907,-9.366867,-84.554990,6.670639,6.547808,-103.632140,72.431838,3.574296,4.072451,-0.540762,2.180805,0.041537,0.030972
1.164428,-8.692121,-84.473783,6.882936,6.426899,-103.943454,72.407837,4.113441,3.914376,-0.545663,2.179242,0.042982,0.031422
1.164949,-8.435037,-84.229035,6.886383,6.522015,-104.093974,72.403152,3.947774,4.020243,-0.548267,2.178533,0.042846,0.031521
1.165471,-8.339533,-84.213250,6.949276,6.501283,-104.323237,71.960068,4.085997,3.989170,-0.551084,2.174630,0.043341,0.031725
1.165992,-8.339533,-84.213250,6.949276,6.501283,-104.717981,72.152656,3.964579,4.188181,-0.552366,2.174114,0.043162,0.032378
1.166513,-8.202419,-84.030877,6.886194,6.634908,-104.503597,71.871684,4.025445,4.143916,-0.553333,2.173249,0.043298,0.032375
1.167034,-8.236611,-84.224722,6.873129,6.521727,-104.298515,71.733469,4.091663,4.117221,-0.552062,2.173268,0.043245,0.032461
1.167555,-8.237228,-84.275740,6.884991,6.480678,-104.039925,72.028849,4.115504,3.991481,-0.549868,2.176349,0.043154,0.031864
1.168077,-8.669938,-84.625074,6.873022,6.459330,-103.984152,71.901879,4.018564,4.150133,-0.546961,2.175774,0.043030,0.032495
1.168598,-8.880504,-85.006369,6.812624,6.574570,-104.220961,71.981554,4.198923,4.106933,-0.545778,2.175228,0.043207,0.032661
1.169119,-9.878865,-85.169522,6.853856,6.595325,-103.697595,72.232694,3.648814,3.972032,-0.537506,2.179217,0.042280,0.030618
1.169640,-10.312387,-86.180835,6.923718,6.509746,-103.599077,72.360646,3.943827,4.004166,-0.531851,2.180493,0.042869,0.031531
1.170162,-11.197772,-86.489960,6.693291,6.728569,-102.959299,73.196679,3.597386,3.655681,-0.521560,2.188819,0.041338,0.028784
1.170683,-12.397430,-88.646442,6.753626,6.823918,-102.667732,71.968376,3.637574,3.915805,-0.512032,2.182182,0.041893,0.030518
1.171204,-13.249798,-89.419567,6.494184,6.804485,-101.854368,71.951810,3.881833,3.936293,-0.502131,2.185817,0.041474,0.031420
1.171725,-14.202758,-90.061875,6.743271,6.648566,-101.472141,72.009597,3.712271,3.741375,-0.493942,2.187969,0.041734,0.029991
1.172247,-15.620257,-91.244362,6.751232,6.669665,-100.971013,72.018900,3.690347,3.681312,-0.481705,2.190368,0.041676,0.029707
1.172768,-16.487535,-92.454764,6.618232,7.050190,-99.715317,71.966468,3.612060,3.636526,-0.468584,2.195951,0.041357,0.029504
1.173289,-18.133085,-93.469956,6.708630,6.804279,-98.771295,72.336667,3.701841,3.717542,-0.452659,2.202915,0.041653,0.030321
1.173810,-19.450311,-94.809067,6.455529,6.830756,-97.399058,71.833445,3.842995,3.498357,-0.437525,2.206260,0.040996,0.029941
1.174331,-21.230651,-95.691248,6.552312,6.910570,-96.981291,72.436257,3.647572,3.582067,-0.423315,2.212317,0.040931,0.029787
1.174853,-23.068609,-96.916389,6.596569,6.830839,-95.081457,72.271894,3.577053,3.763800,-0.402410,2.220733,0.041060,0.030951
1.175374,-24.807372,-98.534816,6.486099,6.926918,-94.908885,72.312680,3.635896,3.695092,-0.389368,2.221881,0.040596,0.030787
1.175895,-26.940117,-99.553483,6.520509,6.769007,-93.127874,72.099123,3.633438,3.651188,-0.368024,2.229603,0.040736,0.030945
1.176416,-28.668391,-101.107888,6.317768,7.086426,-92.765907,71.910666,3.683025,3.824572,-0.354790,2.230221,0.040139,0.032137
1.176938,-30.886954,-102.054641,6.408052,6.999352,-90.959363,72.066704,3.661909,3.390055,-0.332216,2.240822,0.040304,0.030137
1.177459,-33.367455,-103.421346,6.494105,7.044307,-89.564496,71.478638,3.718345,3.660804,-0.310890,2.244359,0.040973,0.032143
1.177980,-35.668857,-103.942212,6.228052,6.937215,-87.805517,72.234903,3.205064,3.710623,-0.287722,2.259208,0.038523,0.030918
1.178501,-38.182614,-104.654567,6.280483,7.202098,-87.072084,72.098863,3.852362,3.641303,-0.269850,2.262400,0.040460,0.032982
1.179023,-40.538604,-105.599406,6.382879,6.871550,-85.053405,72.530878,3.659125,3.498276,-0.244885,2.276896,0.040187,0.031910
1.179544,-43.509168,-106.485052,6.208829,6.882226,-83.796837,72.645934,3.531884,3.461447,-0.221225,2.285037,0.039057,0.031486
1.180065,-46.152980,-107.498921,6.387142,7.005914,-82.551898,72.219675,4.038489,3.587157,-0.199830,2.289536,0.041280,0.034549
1.180586,-48.919249,-108.400888,6.386946,6.969338,-81.374647,72.508350,4.084169,3.533342,-0.177513,2.298641,0.041287,0.034746
1.181107,-51.811032,-108.845522,6.450713,6.977068,-78.900168,72.085560,3.810243,3.522775,-0.148617,2.311091,0.040991,0.034213
1.181629,-54.661451,-109.834083,6.369383,6.937737,-77.101885,72.557187,3.791512,3.277839,-0.122419,2.325837,0.040358,0.033327
1.182150,-57.723649,-109.939494,6.395171,6.942604,-76.709139,72.238154,3.795081,3.606547,-0.103839,2.326186,0.040623,0.035080
1.182671,-60.210099,-110.267722,6.388564,7.097993,-74.423633,72.977935,3.806154,3.544792,-0.077410,2.346387,0.040477,0.035260
1.183192,-63.316397,-110.063650,6.170271,6.975523,-72.925887,72.676583,3.749714,3.472923,-0.052537,2.354482,0.039466,0.035097
1.183714,-66.220867,-110.170556,6.468186,6.896606,-71.252246,73.257738,4.054122,3.738061,-0.027423,2.370071,0.041602,0.038199
1.184235,-69.292304,-110.150244,6.143867,7.013717,-69.364633,73.162486,3.976333,3.336352,-0.000395,2.382835,0.039923,0.036574
1.184756,-72.199075,-109.811765,6.392795,6.882695,-67.815395,73.826887,3.235395,3.280534,0.023867,2.398610,0.039007,0.032481
1.185277,-75.377172,-109.549403,6.217103,6.960394,-66.928238,73.762820,3.792103,3.188244,0.046058,2.404735,0.039689,0.035464
1.185798,-77.888088,-108.803799,6.365659,6.782673,-65.480945,73.718089,4.258878,3.269879,0.067872,2.415301,0.041862,0.039088
1.186320,-80.670778,-108.471668,6.515637,6.534899,-63.098479,74.230705,3.844902,3.616562,0.095885,2.437080,0.041214,0.038500
1.186841,-83.594997,-107.396083,6.300183,6.936481,-62.142451,74.264893,4.290367,3.534094,0.117547,2.444831,0.041682,0.041269
1.187362,-85.976817,-107.096625,6.308245,6.753279,-60.580272,74.436660,4.071911,3.461123,0.138998,2.458463,0.040970,0.040013
1.187883,-88.787079,-107.096935,6.422984,6.936824,-59.533864,73.739416,4.223870,3.500824,0.160377,2.462383,0.041976,0.041725
1.188405,-91.488446,-106.438865,6.288812,6.856108,-58.060906,74.219707,4.263494,3.260876,0.182962,2.477748,0.041353,0.041528
1.188926,-94.139871,-105.695654,6.297042,6.742165,-56.985838,74.042173,3.624565,3.457098,0.203841,2.485640,0.039658,0.038136
1.189447,-96.187771,-104.596609,6.320212,6.829995,-55.738743,74.112156,4.186809,3.572203,0.222590,2.496758,0.041409,0.042873
1.189968,-98.405689,-104.017623,6.369365,6.587500,-54.943590,74.404793,3.785307,3.352967,0.238938,2.505530,0.040341,0.039340
1.190490,-100.654090,-102.767623,6.346193,6.966449,-54.012971,74.514315,4.327455,3.359266,0.257260,2.514372,0.041921,0.043685
1.191011,-102.866729,-101.896745,6.312280,6.785072,-53.593023,74.531224,4.122338,3.321703,0.272346,2.518184,0.041163,0.042137
1.191532,-104.890458,-100.793734,6.492247,6.939869,-52.622866,74.986624,4.053802,3.481574,0.289020,2.529684,0.041786,0.042292
1.192053,-106.603560,-100.271544,6.298800,6.769791,-51.701726,74.993328,4.243293,3.233302,0.303569,2.538004,0.041307,0.043323
1.192574,-108.677623,-99.588341,6.406301,6.708963,-51.381253,75.036204,4.189076,3.305684,0.317044,2.541173,0.041557,0.043200
1.193096,-110.581237,-99.018915,6.320926,6.695752,-51.231595,75.057433,4.093344,3.537923,0.328581,2.542664,0.040970,0.043195
1.193617,-112.252871,-98.346917,6.324902,6.753723,-49.982823,74.728485,4.353408,3.497791,0.345366,2.552074,0.041699,0.045694
1.194138,-113.716868,-97.903029,6.647570,6.826850,-50.044057,74.761222,4.323727,3.669293,0.353295,2.551710,0.042975,0.045933
1.194659,-114.926007,-95.960856,6.477467,6.701424,-50.181310,75.724407,4.360816,3.497952,0.360622,2.556353,0.042390,0.045317
1.195181,-116.575661,-95.447271,6.463525,6.789218,-49.181610,75.549646,3.935068,3.641079,0.375431,2.564526,0.041272,0.042707
1.195702,-117.500336,-95.080742,6.530750,6.835293,-49.471024,75.237545,3.884563,3.740213,0.380010,2.559941,0.041578,0.042663
1.196223,-118.793000,-95.024791,6.412850,6.837757,-49.066512,75.284443,4.190119,3.670699,0.388593,2.563989,0.041705,0.044983
1.196744,-119.633032,-94.544312,6.573483,6.889489,-49.354146,75.109379,3.851073,3.681448,0.392729,2.560245,0.041643,0.042290
1.197266,-120.823297,-94.388450,6.421540,6.711146,-49.483306,75.073564,3.941599,3.661878,0.398460,2.558825,0.041070,0.042919
1.197787,-121.255250,-94.366460,6.364286,6.764535,-49.357456,75.151442,3.840687,3.711820,0.401134,2.560471,0.040607,0.042290
1.198308,-122.502062,-94.100180,6.501661,6.767128,-49.354146,75.109379,3.851073,3.681448,0.408031,2.560245,0.041119,0.042290
1.198829,-122.792709,-94.026506,6.541785,6.906520,-49.316167,74.951758,4.127642,3.540257,0.410166,2.559634,0.042001,0.044130
1.199350,-123.481795,-94.256002,6.694590,6.700827,-50.254305,75.455858,4.173601,3.268394,0.407348,2.554045,0.042322,0.043214
1.199872,-123.815610,-94.086601,6.799972,6.718339,-50.719636,75.204724,4.086249,3.459120,0.407596,2.548241,0.042708,0.043006
1.200393,-124.168751,-94.422657,6.730430,6.744874,-51.285943,75.458676,3.937761,3.427695,0.405272,2.544651,0.041990,0.041475
1.200914,-124.556705,-94.644596,6.455267,6.895797,-51.599757,75.231598,3.773273,3.463687,0.405652,2.540407,0.040648,0.040307
1.201435,-124.508372,-94.733555,6.455287,6.843027,-52.366556,75.320900,4.268124,3.382066,0.401216,2.534064,0.041807,0.043614
1.201957,-124.620607,-95.201431,6.562451,6.866112,-53.317768,75.352865,3.843936,3.314796,0.395982,2.525801,0.041157,0.039822
1.202478,-124.665327,-95.550201,6.549477,6.941543,-53.706120,75.393908,3.823919,3.314885,0.393457,2.522633,0.041062,0.039544
1.202999,-124.819328,-96.249363,6.599855,7.193278,-54.778331,75.354185,3.857090,3.475202,0.387517,2.513011,0.041514,0.040033
1.203520,-124.359689,-96.762805,6.418229,6.836475,-55.632647,75.456758,4.179132,3.438093,0.379701,2.506283,0.041299,0.041965
1.204042,-123.987604,-97.479878,6.580254,6.870003,-56.807669,74.985657,3.769814,3.659857,0.371445,2.493258,0.041117,0.039651
1.204563,-123.611826,-97.933771,6.635665,6.904698,-58.141445,75.220397,4.196800,3.301464,0.361490,2.483566,0.042281,0.040876
1.205084,-122.745336,-99.120990,6.473148,6.793392,-58.322618,74.806162,4.183035,3.551688,0.354732,2.479384,0.041527,0.041708
1.205605,-122.439142,-100.567537,6.460834,6.980706,-60.169597,73.675106,4.098788,3.528598,0.343228,2.456758,0.041456,0.040797
1.206126,-121.363636,-101.412414,6.630506,6.771747,-61.601314,73.408904,4.064228,3.544925,0.329394,2.443430,0.042019,0.040260
1.206648,-120.557480,-102.236483,6.383669,6.847734,-62.716860,73.293895,4.108097,3.557502,0.318314,2.433804,0.041142,0.040273
1.207169,-120.087958,-103.066942,6.347264,6.851646,-63.820547,73.292895,4.152351,3.562646,0.308840,2.425169,0.041042,0.040222
1.207690,-118.715726,-103.766642,6.502751,6.754959,-65.169152,73.137402,3.780992,3.529089,0.293920,2.413744,0.040743,0.037481
1.208211,-117.397594,-104.730409,6.456564,6.736759,-66.983904,72.981405,3.835310,3.535149,0.276420,2.399018,0.040694,0.037362
1.208733,-116.442713,-105.965934,6.389446,6.954557,-68.370047,73.114664,4.048233,3.342996,0.262259,2.389716,0.040849,0.037321
1.209254,-114.980060,-106.672123,6.551531,6.808318,-70.074678,72.461672,4.234475,3.415080,0.245619,2.372939,0.042182,0.038295
1.209775,-113.327634,-107.516898,6.554163,6.848037,-71.941809,72.270579,4.094893,3.382493,0.226252,2.358474,0.041865,0.036845
1.210296,-111.983731,-108.241711,6.421519,6.868561,-73.764453,72.374879,4.069464,3.156954,0.208528,2.346686,0.041170,0.035158
1.210818,-110.411447,-108.907858,6.659795,6.854661,-75.614693,72.072547,4.101201,3.154833,0.189950,2.332215,0.042387,0.034809
1.211339,-108.847525,-109.021821,6.428210,6.775408,-77.517885,72.915798,4.002780,3.387705,0.170527,2.325612,0.041019,0.034666
1.211860,-107.489278,-109.431614,6.301495,6.908222,-79.267419,72.931436,4.090355,3.426526,0.153538,2.314589,0.040737,0.034773
1.212381,-105.457940,-109.942336,6.268680,7.043959,-81.157144,72.730598,4.174545,3.391113,0.132252,2.301491,0.040897,0.034505
1.212902,-103.558602,-110.457485,6.273383,6.755331,-83.693721,72.248082,4.239792,3.592226,0.108301,2.282929,0.041205,0.035111
1.213424,-101.599566,-110.990716,6.352629,6.737172,-85.621504,72.053107,4.190811,3.537744,0.087070,2.270353,0.041420,0.034155
1.213945,-99.584189,-111.178930,6.331586,6.804118,-87.123107,71.820792,3.794807,3.492391,0.067988,2.260215,0.040251,0.032041
1.214466,-97.516023,-111.128724,6.348583,6.944095,-88.924789,71.555871,3.869445,3.403807,0.046993,2.248384,0.040657,0.031488
1.214987,-95.564532,-111.424622,6.296263,6.944506,-90.529012,72.151016,3.900720,3.484935,0.027423,2.243701,0.040333,0.031548
1.215509,-93.731098,-111.222823,6.470629,6.912181,-92.393516,72.007393,4.034574,3.578615,0.007300,2.232822,0.041615,0.032076
1.216030,-91.483848,-111.169205,6.222599,7.032665,-94.971556,71.492221,3.805403,3.613379,-0.019092,2.216071,0.039926,0.030991
1.216551,-89.704697,-110.821259,6.324448,7.084676,-96.755128,71.729580,3.876842,3.793943,-0.038603,2.208740,0.040611,0.031746
1.217072,-87.605591,-110.426283,6.230175,6.938915,-98.341176,71.942065,3.997370,3.665323,-0.058800,2.202388,0.040528,0.031059
1.217594,-85.577142,-109.901758,6.197288,6.932305,-100.041428,72.663784,4.122950,3.545440,-0.079063,2.198980,0.040656,0.030369
1.218115,-83.865786,-109.239524,6.383382,6.984067,-101.220158,72.762779,3.573633,3.501222,-0.095065,2.194066,0.040039,0.028286
1.218636,-81.578866,-108.581741,6.170452,7.017278,-103.197162,72.722155,3.721822,3.516922,-0.118678,2.184664,0.039517,0.028406
1.219157,-80.109772,-108.051983,6.440225,6.869633,-105.768157,72.541948,4.181240,3.561830,-0.141133,2.171968,0.042102,0.029403
1.219678,-77.930626,-107.507488,6.472253,7.003763,-107.012189,73.230941,3.805403,3.613379,-0.159537,2.170923,0.041066,0.028347
1.220200,-75.916350,-106.889994,6.388158,7.127426,-108.434390,72.681899,4.127114,3.454256,-0.179145,2.161299,0.041731,0.028160
1.220721,-74.544532,-106.192002,6.347906,6.959332,-110.516490,73.259799,4.041489,3.753083,-0.197833,2.156177,0.041199,0.028987
1.221242,-72.827476,-104.861508,6.477067,6.690129,-111.597685,73.781195,4.072973,3.577650,-0.213712,2.154960,0.041840,0.027920
1.221763,-70.931315,-104.421400,6.407082,6.913695,-112.915880,73.538429,3.809995,3.533478,-0.231685,2.148062,0.040860,0.026850
1.222285,-69.532292,-104.576679,6.210687,6.941427,-113.901301,72.921428,3.827493,3.703240,-0.244949,2.140263,0.040065,0.027652
1.222806,-68.104561,-103.818317,6.479567,6.928258,-115.580297,72.997360,3.997138,3.859548,-0.262317,2.134108,0.041704,0.028524
1.223327,-66.679340,-103.372096,6.467766,6.973507,-116.380602,73.246844,3.663766,3.829144,-0.274310,2.132534,0.040729,0.027510
1.223848,-65.636224,-101.897297,6.612802,6.785991,-118.201874,73.426608,3.907964,3.927784,-0.291292,2.126656,0.042039,0.028187
1.224370,-64.533161,-101.435483,6.398676,6.961748,-119.173716,72.891840,4.339302,4.203751,-0.303738,2.119733,0.042520,0.030359
1.224891,-63.318640,-100.563632,6.408430,6.759892,-119.804397,73.435997,4.166471,3.735115,-0.313899,2.120695,0.041825,0.027453
1.225412,-62.228856,-100.192800,6.500484,6.848030,-120.470592,73.073606,4.108906,3.787337,-0.324274,2.116031,0.042146,0.027512
1.225933,-61.102098,-99.577819,6.463006,6.874858,-121.365333,73.286561,4.089633,3.901603,-0.335441,2.114043,0.041932,0.027880
1.226454,-60.167919,-98.135308,6.665900,6.795555,-122.295249,74.565677,4.159676,3.945902,-0.345325,2.118331,0.042811,0.027961
1.226976,-59.491345,-97.647206,6.652747,6.753614,-123.406562,73.958602,4.072472,4.205459,-0.356536,2.110707,0.042700,0.028989
1.227497,-58.691450,-96.832245,6.540088,6.717876,-123.410630,73.919095,4.096889,4.204271,-0.362296,2.110457,0.042407,0.029031
1.228018,-57.898705,-97.166513,6.756306,6.763400,-123.731646,73.523449,4.043634,4.053558,-0.368107,2.106953,0.043048,0.028146
1.228539,-57.380997,-96.510912,6.764449,6.761083,-123.825614,74.594667,4.037249,4.189613,-0.370402,2.112991,0.042972,0.028705
1.229061,-57.018085,-96.395319,6.551929,6.891480,-124.274399,74.114439,4.116539,4.283981,-0.375706,2.108548,0.042498,0.029307
1.229582,-56.651832,-96.086449,6.513208,6.752237,-124.255422,74.590499,4.141404,4.135129,-0.377132,2.111436,0.042193,0.028544
1.230103,-56.376438,-96.282862,6.514161,6.907202,-124.304125,74.497279,4.033988,4.153081,-0.378565,2.110712,0.041991,0.028443
1.230624,-56.117306,-96.436863,6.694985,6.943055,-124.579691,74.191345,4.109385,4.326849,-0.381572,2.107925,0.042978,0.029455
1.231146,-55.825899,-96.350541,6.864514,6.869955,-124.309705,74.193597,4.269317,4.292264,-0.381851,2.108893,0.043999,0.029608
1.231667,-55.454896,-96.549192,6.690408,6.886605,-124.154985,73.938968,4.258526,4.176739,-0.383056,2.107928,0.043241,0.029053
1.232188,-55.551095,-96.580146,6.762112,6.871578,-124.078542,73.811608,4.257293,4.243978,-0.382381,2.107441,0.043574,0.029420
1.232709,-55.584828,-96.722487,6.788227,6.849445,-123.978466,73.376966,4.041644,4.062791,-0.382298,2.105203,0.043141,0.028163
1.233230,-55.683005,-96.851562,6.811637,6.892397,-122.892831,74.404696,3.888799,3.984269,-0.373982,2.115209,0.042720,0.027557
1.233752,-55.690777,-97.089066,6.674138,6.842336,-122.653385,74.599927,3.758092,3.834650,-0.371876,2.117236,0.041696,0.026568
1.234273,-55.638848,-97.610728,6.629160,7.048524,-121.202533,75.284058,3.713043,3.983513,-0.362458,2.126617,0.041440,0.027405
1.234794,-56.156449,-98.048228,6.795607,6.853606,-120.879601,74.903144,3.746261,3.526276,-0.358093,2.125540,0.041986,0.025236
1.235315,-56.721910,-98.793950,6.556671,7.106830,-120.220918,74.808620,3.530123,3.986869,-0.350656,2.127423,0.040751,0.027295
1.235837,-57.015987,-99.189412,6.526919,7.213528,-120.105423,74.326372,3.945391,3.793816,-0.348734,2.124956,0.041649,0.027162
1.236358,-57.911648,-99.861345,6.669308,6.915360,-118.424827,74.324282,3.662846,3.462899,-0.334362,2.131268,0.041337,0.025180
1.236879,-58.699056,-100.546242,6.508278,6.980285,-117.451998,74.901206,3.568199,3.803224,-0.323137,2.138489,0.040411,0.026825
1.237400,-59.337622,-101.022805,6.572318,7.075704,-116.475197,74.348055,3.736584,3.627802,-0.314964,2.138914,0.041198,0.026484
1.237922,-60.146079,-103.206917,6.597958,7.004758,-115.626686,72.673560,3.703193,3.660579,-0.305566,2.131922,0.041195,0.026893
1.238443,-60.991363,-103.793347,6.527653,6.949998,-114.193218,73.630896,3.741212,3.227438,-0.291325,2.143502,0.040681,0.024923
1.238964,-62.011116,-104.806004,6.594776,7.211100,-112.416932,72.958578,3.740775,3.703893,-0.276301,2.146468,0.041251,0.027719
1.239485,-63.502860,-105.389375,6.727482,6.825769,-110.479030,72.924739,3.633671,3.711599,-0.257593,2.154223,0.041509,0.027861
1.240006,-64.532878,-106.162402,6.562612,7.118777,-109.829333,72.580129,3.989526,3.626775,-0.248192,2.154757,0.041754,0.028416
1.240528,-65.681117,-107.420448,6.632537,7.066348,-108.607169,72.442986,3.810412,3.724416,-0.234277,2.159042,0.041467,0.028733
1.241049,-67.048006,-107.883371,6.485884,7.033160,-107.056986,72.505490,3.921215,3.726545,-0.218260,2.166097,0.041117,0.029303
1.241570,-68.280528,-108.314807,6.433654,7.125116,-105.440399,72.273146,4.133059,3.553020,-0.202939,2.171684,0.041546,0.029321
1.242091,-69.588279,-109.102183,6.289810,7.034629,-102.757959,72.446867,3.668124,3.614751,-0.180711,2.184886,0.039568,0.028892
1.242613,-71.251446,-109.865326,6.367053,6.985691,-101.802059,72.395575,3.887366,3.519452,-0.166076,2.188960,0.040422,0.029196
1.243134,-72.748803,-109.142073,6.510757,7.040779,-99.297552,73.468959,3.520434,3.561796,-0.144373,2.207794,0.040167,0.028717
1.243655,-74.369279,-109.945171,6.506556,6.772682,-97.548680,72.956682,3.438678,3.527148,-0.126059,2.212952,0.039941,0.028697
1.244176,-75.989722,-110.454909,6.384401,7.027862,-96.356955,72.343470,3.586294,3.625387,-0.110961,2.214800,0.039853,0.029972
1.244697,-77.819567,-110.910925,6.227523,6.995312,-94.932444,72.570562,3.849295,3.404386,-0.092999,2.223478,0.039751,0.029917
1.245219,-79.484492,-111.009149,6.224824,7.017715,-92.263192,72.526001,4.076430,3.584237,-0.069513,2.236990,0.040456,0.032208
1.245740,-81.326016,-111.148907,6.215288,7.080567,-90.625658,71.980693,3.745816,3.604198,-0.050738,2.242030,0.039586,0.031621
1.246261,-82.693295,-111.211764,6.530389,7.040137,-87.754964,72.419162,3.723463,3.620296,-0.027557,2.260741,0.040923,0.032189
1.246782,-84.465726,-111.261021,6.646677,7.038054,-86.565637,71.966701,3.747818,3.556775,-0.011460,2.264365,0.041642,0.032299
1.247304,-86.215623,-111.664632,6.533698,7.114045,-85.216574,72.083009,3.960939,3.579323,0.005437,2.272894,0.041581,0.033537
1.247825,-87.808385,-111.241907,6.330608,6.806798,-81.393770,72.725545,3.504074,3.284140,0.034854,2.300010,0.039310,0.030999
1.248346,-89.713876,-110.917884,6.346303,6.993129,-80.217492,73.020726,4.179334,3.062751,0.051582,2.309264,0.041257,0.033296
1.248867,-91.404155,-110.524703,6.300421,7.044133,-78.619409,72.502016,3.815334,3.481836,0.069739,2.315737,0.040159,0.034025
1.249389,-93.276495,-110.034506,6.236738,7.001959,-76.834217,72.918329,3.797840,3.253313,0.089631,2.330051,0.039771,0.033248
1.249910,-94.620194,-109.600603,6.270809,6.855147,-73.854222,73.113192,3.995146,3.424338,0.113167,2.351152,0.040450,0.035775
1.250431,-95.830481,-108.762377,6.415828,6.741680,-72.530836,72.755595,3.842984,3.562241,0.127662,2.357741,0.040879,0.036071
1.250952,-97.428250,-107.939199,6.336916,7.049386,-70.755282,73.348678,4.081310,3.569950,0.146082,2.374189,0.041178,0.037712
1.251473,-98.892529,-107.426241,6.460190,6.770210,-68.812514,73.412480,3.851760,3.581360,0.164827,2.388526,0.041048,0.037047
1.251995,-99.969222,-106.637228,6.439697,6.749480,-67.597130,73.387083,4.232089,3.454574,0.177919,2.397240,0.042108,0.039033
1.252516,-101.543194,-105.730667,6.300385,6.924169,-65.070140,73.518059,3.813743,3.348627,0.200737,2.417076,0.040334,0.036839
1.253037,-102.408095,-105.010672,6.445754,6.650472,-64.042997,74.017617,4.267024,3.660813,0.211103,2.428317,0.042187,0.041058
1.253558,-103.778282,-104.261259,6.334934,6.495893,-62.055342,74.618930,4.162629,3.550451,0.229148,2.447860,0.041219,0.040431
1.254080,-104.462516,-104.711379,6.369088,6.745288,-60.814727,73.625334,3.840772,3.605725,0.240031,2.451196,0.040575,0.039240
1.254601,-105.855694,-103.785737,6.211118,6.705405,-58.808377,73.590491,3.862155,3.556055,0.259270,2.467382,0.039957,0.039764
1.255122,-106.285412,-102.974677,6.445622,6.537001,-58.042552,74.050837,4.222406,3.525119,0.266058,2.476796,0.041893,0.042211
1.255643,-107.013490,-102.166232,6.605955,6.730296,-56.864011,74.267711,3.774606,3.313789,0.276936,2.488143,0.041437,0.038607
1.256165,-107.596394,-101.443098,6.671061,6.631331,-55.499309,74.458912,4.205151,3.285901,0.287940,2.501062,0.042778,0.042015
1.256686,-107.913528,-100.826018,6.660826,6.481911,-54.314672,74.254559,4.022416,3.555284,0.297079,2.510059,0.042319,0.042022
1.257207,-108.487327,-100.665861,6.423198,6.835767,-53.346966,74.516507,4.062175,3.335524,0.304942,2.520270,0.041384,0.041808
1.257728,-108.611668,-100.124124,6.413285,6.821431,-51.731264,75.055128,4.177605,3.022478,0.313959,2.538122,0.041458,0.042166
1.258249,-108.915369,-99.766208,6.420194,6.712743,-50.870131,74.852952,3.797909,3.256504,0.320920,2.544689,0.040538,0.040171
1.258771,-109.302092,-99.233087,6.613198,6.824991,-49.920205,75.467743,4.368930,3.202906,0.327654,2.557191,0.042743,0.044756
1.259292,-109.479751,-98.032119,6.614702,6.780045,-48.964954,75.985480,3.833673,3.422970,0.334670,2.569165,0.041467,0.041129
1.259813,-109.230469,-97.996390,6.664791,6.732612,-48.406165,75.760295,4.216501,3.633300,0.336723,2.573033,0.042702,0.045115
1.260334,-109.176216,-97.703475,6.567699,6.811098,-47.479330,76.644537,4.285834,3.198921,0.340120,2.586977,0.042217,0.044521
1.260856,-108.836168,-97.643921,6.459485,6.745021,-47.107864,76.454036,3.967311,3.293674,0.340732,2.589376,0.040994,0.042247
1.261377,-108.774046,-97.557637,6.478693,6.790345,-46.686166,76.339029,4.024681,3.642252,0.342932,2.592714,0.041354,0.043855
1.261898,-108.459594,-97.299230,6.397218,6.846135,-46.593670,76.300609,4.051931,3.551428,0.342339,2.593372,0.041175,0.043873
1.262419,-108.125854,-97.504419,6.377173,6.909480,-46.136974,76.581934,4.359127,3.403915,0.342082,2.599372,0.041788,0.046154
1.262941,-107.341342,-97.438766,6.448511,6.665003,-46.072616,76.621944,4.368880,3.433385,0.338452,2.600219,0.042039,0.046318
1.263462,-106.496284,-97.546409,6.366288,6.779237,-45.165267,76.419156,3.893315,3.477889,0.338942,2.607802,0.040550,0.042697
1.263983,-106.032511,-97.504824,6.381861,6.746228,-45.284197,76.317168,3.843457,3.430089,0.336217,2.606064,0.040530,0.042148
1.264504,-104.763066,-98.109770,6.475804,6.803040,-45.436974,76.307963,3.994265,3.604860,0.327862,2.604531,0.041350,0.043869
1.265025,-104.314230,-98.491697,6.371687,6.936673,-45.246991,75.775476,3.813560,3.911322,0.326794,2.603294,0.040667,0.043504
1.265547,-102.775435,-98.818073,6.334638,6.894498,-45.259713,76.299624,3.863568,3.618675,0.317340,2.606200,0.040453,0.042850
1.266068,-101.721610,-99.357188,6.489316,6.694384,-45.444953,76.307925,3.997140,3.701812,0.310032,2.604454,0.041333,0.044159
1.266589,-100.464689,-100.021434,6.470224,6.679909,-45.958659,76.335123,4.379392,3.551991,0.299754,2.599657,0.042212,0.046860
1.267110,-99.294138,-100.385507,6.692100,6.931074,-46.285851,76.382370,4.272391,3.697838,0.291342,2.596791,0.042985,0.046197
1.267632,-98.055712,-100.808365,6.360175,6.748027,-46.027364,77.432530,4.437550,3.123599,0.284008,2.605287,0.041634,0.045904
1.268153,-96.258178,-101.443800,6.293118,6.783233,-46.962402,76.980197,3.903676,3.334676,0.269560,2.593810,0.040066,0.041673
1.268674,-94.549142,-102.169210,6.349841,6.747887,-47.564595,76.806183,4.179913,3.441491,0.256727,2.587117,0.041074,0.044154
1.269195,-93.078860,-103.012988,6.466249,6.807713,-48.304932,76.931661,4.120045,3.160541,0.243868,2.580915,0.041298,0.042635
1.269717,-91.451884,-103.344062,6.428621,6.900123,-49.171962,76.821443,3.881848,3.074150,0.230502,2.572222,0.040592,0.040187
1.270238,-89.436768,-104.288101,6.504719,7.006632,-49.850065,76.161079,4.283471,3.462935,0.215958,2.562036,0.042166,0.044547
1.270759,-87.573288,-106.027827,6.368117,6.832129,-50.257744,75.045982,4.290356,3.375367,0.203234,2.551498,0.041520,0.044612
1.271280,-85.662016,-106.414377,6.331116,6.937230,-51.599029,74.892160,4.282429,3.337354,0.185710,2.538303,0.041443,0.044011
1.271801,-83.711264,-106.898538,6.314345,6.850057,-51.906050,75.445195,4.172519,3.293749,0.172687,2.538968,0.040894,0.042716
1.272323,-81.853586,-108.167596,6.348928,7.017883,-53.325775,74.969661,4.222620,3.540843,0.154531,2.523324,0.041169,0.043549
1.272844,-79.625988,-108.504745,6.294689,6.819708,-54.551948,74.798838,3.738452,3.170111,0.135946,2.511462,0.039592,0.038361
1.273365,-77.375847,-108.910339,6.317895,6.871308,-55.697338,74.312598,4.125491,3.119441,0.117770,2.498411,0.040897,0.040858
1.273886,-75.211653,-109.585030,6.223564,7.025699,-56.828784,74.333764,3.783236,3.409307,0.099620,2.488871,0.039433,0.039006
1.274408,-72.640661,-109.886266,6.494952,6.851009,-58.533586,73.783575,3.792050,3.417530,0.076656,2.470941,0.040832,0.038776
1.274929,-70.172074,-110.112139,6.394756,6.847326,-59.759173,73.865344,4.228478,3.227323,0.056538,2.461371,0.041602,0.040664
1.275450,-67.946436,-110.316357,6.362486,6.876485,-60.896172,73.631070,3.845632,3.427972,0.038309,2.450577,0.040388,0.038532
1.275971,-65.323976,-109.765505,6.268808,6.822658,-62.768052,74.173510,3.788147,3.400066,0.013895,2.439290,0.039817,0.037371
1.276493,-63.070702,-109.803563,6.205570,6.958645,-64.280720,73.810683,4.069447,3.638308,-0.006590,2.425097,0.040415,0.039737
1.277014,-60.427943,-109.771306,6.504405,6.749330,-65.332629,73.892911,4.149122,3.426160,-0.026698,2.417602,0.041991,0.039020
1.277535,-58.072780,-110.365028,6.388562,6.965382,-66.934399,73.291692,3.912345,3.602732,-0.048214,2.401499,0.040747,0.038030
1.278056,-55.658026,-109.824852,6.255180,7.012560,-68.674213,73.317535,3.794318,3.567400,-0.070952,2.388884,0.039862,0.036732
1.278577,-53.641258,-109.361448,6.267078,6.897468,-70.060952,73.096092,3.829874,3.916806,-0.089750,2.377393,0.040119,0.038239
1.279099,-50.969214,-108.922726,6.126315,6.855433,-71.752275,73.174904,4.150524,3.392476,-0.113640,2.366010,0.040393,0.037058
1.279620,-48.106757,-108.656291,6.375902,7.113867,-73.194827,73.081590,3.833010,3.424948,-0.137178,2.355420,0.040598,0.035138
1.280141,-45.924487,-107.851361,6.375341,6.683789,-74.993447,73.154592,3.810442,3.420075,-0.159237,2.343783,0.040525,0.034512
1.280662,-44.105312,-107.436463,6.410822,7.010623,-76.599761,72.450014,3.811043,3.753458,-0.178711,2.328360,0.040888,0.035859
1.281184,-41.594172,-106.364534,6.202946,6.973034,-78.530194,72.714002,3.851470,3.560600,-0.203404,2.317758,0.040053,0.034550
1.281705,-39.852986,-105.886024,6.462067,6.986181,-79.462438,72.714592,4.070867,3.436569,-0.218244,2.311881,0.041787,0.034713
1.282226,-37.450367,-105.211321,6.214548,6.756858,-80.988168,72.712302,3.788741,3.496236,-0.239984,2.302402,0.039839,0.033349
1.282747,-35.466204,-103.918271,6.251431,6.994024,-82.172404,72.323486,4.076519,3.705219,-0.259057,2.292532,0.041100,0.035368
1.283269,-33.645990,-103.100267,6.254562,6.788098,-83.280781,72.536970,3.817010,3.796766,-0.275417,2.287352,0.040334,0.034457
1.283790,-31.870851,-102.281402,6.343171,7.104356,-84.805455,72.889503,3.707948,3.698758,-0.293463,2.280775,0.040466,0.033111
1.284311,-29.996623,-101.021367,6.324624,6.977959,-86.889559,72.515468,3.792061,3.948326,-0.316802,2.266264,0.040735,0.034327
1.284832,-28.315821,-100.224468,6.491368,6.877424,-87.857142,72.518264,3.797671,3.725085,-0.331929,2.260841,0.041338,0.032959
1.285353,-26.420780,-98.909575,6.399829,6.845160,-89.270272,73.185436,4.134999,3.429584,-0.350153,2.257506,0.041612,0.032306
1.285875,-25.021062,-97.837005,6.515083,6.886107,-90.703314,72.666591,3.763098,3.691124,-0.367705,2.246236,0.041385,0.032003
1.286396,-23.914821,-96.521961,6.247532,6.985582,-91.952651,72.899630,4.086336,3.500373,-0.381875,2.241129,0.041159,0.031850
1.286917,-22.593737,-95.922969,6.598648,6.652725,-92.859118,73.075092,3.794868,3.657459,-0.394032,2.237527,0.041574,0.031402
1.287438,-21.228216,-95.002023,6.520888,6.692142,-93.422963,72.895844,4.001498,3.666445,-0.406091,2.233395,0.041845,0.032040
1.287960,-19.959416,-95.081276,6.583329,6.583810,-94.856147,71.838714,3.796729,3.704465,-0.421771,2.218981,0.041498,0.031418
1.288481,-19.104268,-94.260849,6.595066,6.562625,-95.579233,71.534755,3.943827,4.004166,-0.432179,2.213294,0.042090,0.033360
1.289002,-18.238378,-93.094874,6.426452,6.658318,-95.714969,71.687545,3.633240,3.602214,-0.439504,2.213637,0.040732,0.030216
1.289523,-17.097696,-92.359081,6.547861,6.590798,-96.999514,71.858802,3.817433,3.956092,-0.452838,2.208394,0.041616,0.032369
1.290045,-16.771879,-92.126838,6.567509,6.504836,-97.198218,71.796997,3.717910,3.917872,-0.456125,2.207004,0.041382,0.031848
1.290566,-16.073380,-91.508659,6.758900,6.802848,-98.676591,71.786103,3.969373,3.919097,-0.468319,2.199734,0.042847,0.032260
1.291087,-15.438776,-91.013213,6.455870,6.599713,-99.169243,71.734836,3.666953,4.079030,-0.475164,2.197027,0.040955,0.032210
1.291608,-15.111422,-89.625309,6.577145,6.661670,-99.469523,72.606983,3.505733,3.828161,-0.479506,2.201336,0.041031,0.030201
1.292129,-14.910162,-89.184792,6.533740,6.649678,-99.835689,72.784558,3.539391,3.749714,-0.482922,2.200750,0.040874,0.029770
1.292651,-14.592690,-89.112774,6.693427,6.676238,-100.981392,72.816802,3.877049,3.766941,-0.490084,2.195538,0.042063,0.030563
1.293172,-14.504066,-89.052919,6.797411,6.658417,-101.291003,73.322673,3.807314,3.963127,-0.490852,2.197371,0.042265,0.031271
1.293693,-14.362441,-88.914469,6.779745,6.737631,-101.269148,72.317324,3.807274,3.961287,-0.494372,2.190930,0.042502,0.031420
1.294214,-14.439229,-88.972245,6.796569,6.693735,-101.269148,72.317324,3.807274,3.961287,-0.493853,2.190930,0.042514,0.031420
1.294736,-14.359408,-88.937388,6.835963,6.681286,-101.216985,72.616780,3.773736,4.176374,-0.493302,2.193129,0.042657,0.032464
1.295257,-14.482924,-88.840513,6.837824,6.742080,-101.357661,72.884174,3.764504,4.052167,-0.492945,2.194213,0.042593,0.031692
1.295778,-14.615142,-89.028812,6.821329,6.660786,-101.505007,72.399218,3.718281,3.795950,-0.493783,2.190365,0.042253,0.030237
1.296299,-15.047749,-89.777593,6.676016,6.871574,-101.419272,72.178504,3.695292,3.913089,-0.489933,2.189321,0.041911,0.030858
1.296821,-15.751210,-90.068986,6.787351,6.675939,-101.133680,72.642841,3.546396,3.852409,-0.483248,2.193689,0.041734,0.030124
1.297342,-16.163891,-90.556781,6.791620,6.593880,-101.237506,71.978361,3.867381,4.126062,-0.482205,2.188857,0.042559,0.032532
1.297863,-16.655362,-90.866387,6.813035,6.551401,-101.428625,71.981912,4.037334,4.050804,-0.479965,2.187990,0.042887,0.032533
1.298384,-17.829439,-91.646404,6.851326,6.740327,-101.341687,72.163824,4.147656,4.037656,-0.471466,2.189587,0.043389,0.032755
1.298905,-19.040974,-92.489457,6.545440,6.962375,-100.592718,72.459010,3.722833,3.963983,-0.459164,2.195031,0.041450,0.031324
1.299427,-19.772526,-92.848617,6.769478,6.851583,-99.351406,72.310937,3.500361,3.857205,-0.449006,2.199957,0.041821,0.030416
1.299948,-21.208384,-93.808118,6.566270,6.810889,-99.213811,72.937813,3.572230,3.691717,-0.437566,2.204731,0.040875,0.029643
1.300469,-22.556850,-94.758021,6.453903,6.961445,-99.048341,72.641767,3.813237,3.682129,-0.428609,2.203587,0.041093,0.030355
1.300990,-23.695876,-95.733825,6.703198,6.896666,-98.071566,72.693422,3.846920,3.714320,-0.415838,2.208660,0.042070,0.030816
1.301512,-25.154895,-96.377043,6.556067,6.895955,-97.056792,72.646858,3.581050,3.474582,-0.402205,2.213336,0.040883,0.028979
1.302033,-26.631981,-97.739408,6.499089,6.792806,-97.167218,72.342890,3.866391,3.855601,-0.393125,2.210781,0.041271,0.031859
1.302554,-28.224515,-98.253292,6.636646,6.685157,-95.217448,72.703288,3.478086,3.545150,-0.373479,2.222913,0.040861,0.029387
1.303075,-29.845896,-100.118601,6.516362,7.093544,-95.118825,71.727026,3.973809,3.602546,-0.363003,2.216902,0.041746,0.031405
1.303597,-31.567800,-101.319668,6.672202,6.933951,-94.004399,72.116115,3.737545,3.965588,-0.345554,2.225188,0.041705,0.032771
1.304118,-33.528873,-102.544497,6.601477,6.937707,-93.624972,71.873946,4.077919,3.928756,-0.331813,2.225516,0.042185,0.033760
1.304639,-35.111960,-103.567436,6.417542,7.129488,-92.550486,71.699197,4.146225,3.584857,-0.316691,2.229921,0.041607,0.032502
1.305160,-37.790089,-104.551525,6.502786,7.063845,-91.292920,71.677961,3.820767,3.336415,-0.294754,2.236412,0.041078,0.030404
1.305681,-39.854543,-105.344196,6.773465,6.986660,-89.975705,71.568766,4.243697,3.614698,-0.276075,2.242740,0.043419,0.033667
1.306203,-42.057375,-106.498374,6.521989,7.115671,-89.202493,71.629515,3.776487,3.409160,-0.258737,2.247363,0.041029,0.031098
1.306724,-44.465250,-107.343754,6.542994,6.932387,-87.921013,71.604665,3.890529,3.196324,-0.238228,2.254269,0.041344,0.030776
1.307245,-46.828280,-107.168654,6.380893,7.205039,-85.627842,73.285778,3.215300,3.456305,-0.211786,2.278685,0.038925,0.029781
1.307766,-49.182843,-108.017749,6.379717,7.213196,-85.463068,72.541295,4.041171,3.615017,-0.198292,2.274595,0.041118,0.033892
1.308288,-51.942879,-108.622165,6.443081,7.119516,-83.344672,72.977895,3.483916,3.275011,-0.171224,2.289975,0.039828,0.030396
1.308809,-54.261226,-109.051836,6.457274,7.065397,-81.298812,72.934902,3.794343,3.477079,-0.147490,2.302019,0.040754,0.033162
1.309330,-56.970033,-109.807191,6.328113,7.159226,-81.186528,72.612915,3.859223,3.381787,-0.131980,2.300507,0.040328,0.033068
1.309851,-59.917501,-109.992641,6.518421,7.024317,-80.577396,72.678498,3.688112,3.383718,-0.112620,2.304699,0.040761,0.032471
1.310372,-62.574874,-110.480704,6.192898,7.040215,-78.548003,72.913137,3.685809,3.387191,-0.086878,2.319008,0.039174,0.032924
1.310894,-65.071494,-110.834999,6.300473,7.204161,-76.805264,73.059892,3.914821,3.369619,-0.063721,2.331208,0.040267,0.034327
1.311415,-67.797656,-110.842807,6.307436,6.939289,-75.985582,72.402227,3.770494,3.495156,-0.044653,2.332051,0.040067,0.034574
1.311936,-70.999379,-110.562548,6.163883,6.978924,-73.828911,73.113743,4.224563,3.144479,-0.015404,2.351328,0.040679,0.035789
1.312457,-73.350743,-110.766155,6.170210,7.009627,-72.270133,73.132343,4.057040,3.434866,0.005876,2.362124,0.040155,0.036594
1.312979,-76.069027,-110.380683,6.471924,6.885379,-71.689292,72.955969,4.194792,3.593029,0.023884,2.364951,0.042055,0.038235
1.313500,-78.462395,-110.151819,6.351345,6.969274,-70.119506,73.341401,4.109983,3.487446,0.045436,2.378649,0.041189,0.037700
1.314021,-81.484154,-109.303330,6.287814,6.906946,-69.087324,73.989155,4.060482,3.354818,0.067531,2.390441,0.040748,0.037028
1.314542,-84.029822,-109.288615,6.403220,6.842311,-67.743248,73.653996,4.141480,3.525388,0.088792,2.397973,0.041523,0.038686
1.315064,-86.813760,-108.757666,6.235405,6.839866,-67.077892,73.577034,3.920289,3.438207,0.107820,2.402368,0.040179,0.037255
1.315585,-89.373647,-107.615553,6.343827,6.947747,-65.203404,73.594128,3.811677,3.427979,0.132600,2.416574,0.040517,0.037101
1.316106,-91.649941,-107.218273,6.405336,6.750099,-64.411684,73.659860,4.241565,3.311054,0.149466,2.423076,0.041980,0.039509
1.316627,-94.031877,-106.770176,6.521330,6.809007,-62.802117,74.244768,3.773968,3.081177,0.170844,2.439496,0.041009,0.036010
1.317148,-96.392840,-105.722990,6.535576,6.828745,-62.797927,73.922261,3.849528,3.224152,0.184872,2.437381,0.041497,0.037122
1.317670,-98.657670,-104.889590,6.470074,6.688943,-60.354843,74.733610,3.659433,3.129947,0.210093,2.462235,0.040461,0.036020
1.318191,-100.614243,-104.372937,6.579727,6.636381,-60.161603,74.635217,4.214829,2.761875,0.222249,2.463158,0.042418,0.038712
1.318712,-102.441856,-104.548846,6.311916,6.797126,-59.900309,73.832248,4.266534,3.333883,0.234114,2.459998,0.041531,0.041262
1.319233,-104.768542,-103.921339,6.655493,6.608443,-59.075405,73.731105,3.791096,3.405900,0.251748,2.466104,0.041681,0.038584
1.319755,-106.380097,-103.247549,6.454165,6.703212,-58.464926,73.696746,4.096355,3.375309,0.264450,2.470940,0.041649,0.040756
1.320276,-108.399032,-102.219271,6.375018,6.750204,-57.487698,73.899468,4.042028,3.327266,0.281403,2.480462,0.041165,0.040463
1.320797,-110.253357,-101.841407,6.339383,6.634972,-56.711131,74.041962,3.682623,3.499595,0.295506,2.487973,0.039956,0.038772
1.321318,-111.847275,-101.094807,6.422185,6.613131,-56.956453,73.923678,3.827710,3.488658,0.303913,2.485115,0.040760,0.039702
1.321840,-113.010503,-100.527337,6.600363,6.735300,-56.419811,74.032691,4.066057,3.507200,0.313500,2.490397,0.042164,0.041578
1.322361,-114.611482,-100.250829,6.411197,6.781709,-56.461789,73.666632,4.084165,3.544988,0.322667,2.487646,0.041480,0.041947
1.322882,-115.712439,-99.656660,6.531123,6.615408,-56.190773,73.353109,4.222489,3.789646,0.331352,2.487910,0.042419,0.044023
1.323403,-116.756140,-99.336982,6.552499,6.563542,-55.826392,73.542945,4.015292,3.788000,0.338847,2.492293,0.041861,0.042604
1.323924,-118.335692,-98.847623,6.451157,6.655639,-55.920863,73.750189,4.143844,3.642314,0.346989,2.492834,0.041725,0.042873
1.324446,-119.301089,-97.528875,6.689745,6.869426,-56.039940,74.537037,4.129010,3.773397,0.352317,2.496915,0.042866,0.042939
1.324967,-120.333997,-97.328365,6.466389,6.967445,-55.717562,75.078069,4.070635,3.424454,0.358588,2.503148,0.041583,0.041217
1.325488,-120.825463,-97.092529,6.470005,6.802034,-55.717562,75.078069,4.070635,3.424454,0.361538,2.503148,0.041508,0.041217
1.326009,-121.666991,-96.759282,6.737058,6.761854,-55.836557,74.866551,4.069109,3.548096,0.366262,2.500776,0.042656,0.041661
1.326531,-122.589437,-97.166414,6.479512,6.814069,-55.845931,74.860003,4.163192,3.551257,0.370105,2.500653,0.041726,0.042350
1.327052,-122.773468,-97.162750,6.491786,6.800284,-56.325067,74.614438,4.310540,3.627675,0.369101,2.494975,0.042249,0.043599
1.327573,-123.315415,-97.029557,6.600446,6.777403,-56.723935,74.465827,4.068035,3.655155,0.370379,2.490617,0.042107,0.041892
1.328094,-123.721396,-97.163109,6.803643,6.860726,-57.379610,74.252630,3.888616,3.695820,0.369269,2.483682,0.042604,0.040683
1.328616,-123.616897,-97.359672,6.778055,6.757124,-57.560238,74.471612,4.270241,3.335993,0.367010,2.483586,0.043193,0.041932
1.329137,-124.369695,-97.880559,6.500547,6.913061,-57.943156,74.509067,4.489778,3.203009,0.367794,2.480619,0.042570,0.042941
1.329658,-124.390444,-98.232629,6.479357,6.846134,-58.220099,74.657096,4.277737,3.471868,0.365532,2.479270,0.041880,0.042167
1.330179,-124.374206,-98.473595,6.495867,6.825806,-59.260402,74.630846,3.853917,3.447648,0.359781,2.470492,0.040903,0.038848
1.330700,-124.329066,-99.088379,6.432506,6.879128,-59.999644,74.567442,4.388788,3.035310,0.354769,2.464031,0.041878,0.040885
1.331222,-124.181286,-99.360426,6.469440,7.018229,-60.607347,74.669281,4.022092,3.339809,0.350244,2.459772,0.041215,0.039159
1.331743,-123.521228,-100.074154,6.642231,6.816934,-61.247816,74.469779,3.822264,3.523036,0.342700,2.453311,0.041359,0.038419
1.332264,-123.460324,-100.472178,6.615446,6.897758,-62.390432,74.466157,4.111443,3.389174,0.335867,2.444203,0.041976,0.039425
1.332785,-122.972646,-101.011712,6.685596,6.848135,-63.362451,74.592638,4.243352,3.185948,0.327252,2.437420,0.042500,0.039192
1.333307,-122.252685,-101.727222,6.403692,6.900814,-64.537601,74.300678,4.106023,3.369779,0.316830,2.426399,0.041102,0.038682
1.333828,-121.728893,-102.363231,6.562668,6.690690,-65.628769,74.422171,4.109149,3.461932,0.307283,2.418899,0.041645,0.038694
1.334349,-120.607460,-103.159967,6.451481,6.748097,-66.362479,74.427234,4.116339,3.158926,0.296454,2.413414,0.041122,0.037334
1.334870,-119.867858,-103.894293,6.383769,6.962056,-67.956961,73.630216,3.995650,3.331588,0.284484,2.396242,0.040798,0.036977
1.335392,-118.744849,-105.520051,6.435078,6.841298,-69.622784,72.318113,4.145847,3.327578,0.269498,2.375181,0.041473,0.037600
1.335913,-117.942318,-106.241864,6.360175,6.748027,-71.200152,72.168516,3.875811,3.346673,0.256233,2.362949,0.040413,0.035752
1.336434,-116.178291,-106.745484,6.338326,6.841568,-72.110979,72.115476,4.257179,3.335286,0.241566,2.356226,0.041442,0.037498
1.336955,-115.245343,-107.442927,6.528778,6.818108,-72.944044,72.545184,3.875324,3.343497,0.230834,2.353453,0.041064,0.035166
1.337476,-114.048789,-108.248089,6.405944,6.843521,-74.794913,72.202761,3.869760,3.529720,0.214195,2.338562,0.040580,0.035568
1.337998,-112.857243,-109.031609,6.623699,7.051964,-76.766336,72.316922,3.849185,3.208352,0.196447,2.326358,0.041450,0.033416
1.338519,-111.401351,-109.425234,6.379224,6.944538,-77.816366,71.966230,4.184418,3.432541,0.183079,2.317157,0.041377,0.035830
1.339040,-109.795544,-110.028938,6.372207,6.913612,-79.849031,71.824134,4.071188,3.364534,0.163209,2.303335,0.041047,0.034426
1.339561,-107.915839,-110.501582,6.249098,6.943353,-80.915831,71.947779,3.922211,3.576328,0.146920,2.297595,0.040055,0.034476
1.340083,-106.637684,-110.991567,6.443569,6.875345,-82.809046,71.542392,3.893758,3.637259,0.129810,2.283330,0.040921,0.034259
1.340604,-105.226381,-110.666879,6.299600,6.750700,-84.415089,72.946128,4.265955,3.503637,0.112862,2.283440,0.041172,0.034491
1.341125,-103.397697,-110.834699,6.295104,6.781866,-86.432687,72.477496,4.095277,3.745096,0.092284,2.268601,0.040805,0.034517
1.341646,-101.452256,-111.069419,6.273501,6.911948,-88.060197,72.421037,4.169433,3.563701,0.072856,2.259050,0.040950,0.033501
1.342168,-99.277306,-111.186322,6.216670,6.864975,-89.761944,72.430031,4.180256,3.516586,0.051776,2.249738,0.040748,0.032878
1.342689,-97.503630,-111.445778,6.302626,6.893422,-91.226241,72.055753,4.191520,3.483805,0.034196,2.239322,0.041225,0.032442
1.343210,-95.693282,-111.293555,6.353122,6.852864,-92.679508,72.315035,3.795804,3.865154,0.016413,2.233390,0.040302,0.032658
1.343731,-94.247681,-111.466637,6.652792,6.918186,-94.385040,72.490486,4.011816,3.726552,-0.000747,2.225737,0.042232,0.032223
1.344252,-92.164988,-111.334953,6.498274,7.004837,-95.915968,72.356979,4.101598,3.530911,-0.020417,2.217094,0.041825,0.031195
1.344774,-89.945214,-110.980264,6.407350,7.120392,-97.754892,72.410416,4.065886,3.420365,-0.042559,2.208341,0.041345,0.030103
1.345295,-88.260436,-110.990751,6.512849,7.027828,-99.663171,72.348644,4.165209,3.415821,-0.062115,2.198715,0.042087,0.029976
1.345816,-86.449376,-110.195716,6.475174,6.841185,-101.310587,72.584324,4.194264,3.560824,-0.081128,2.192480,0.042070,0.030391
1.346337,-84.564556,-109.792408,6.612982,6.883088,-102.439803,72.155361,4.079295,3.587744,-0.097930,2.184448,0.042499,0.029991
1.346859,-83.358045,-109.361137,6.170660,7.128453,-103.614206,72.545539,4.134814,3.421031,-0.110898,2.181623,0.040616,0.029024
1.347380,-81.324340,-109.146655,6.146862,7.085937,-105.315399,72.660710,4.250250,3.452124,-0.131201,2.174735,0.040791,0.029138
1.347901,-79.823929,-108.300882,6.475653,6.934056,-106.672491,72.890192,4.311225,3.463402,-0.147108,2.170232,0.042468,0.029057
1.348422,-78.001022,-107.516868,6.450944,6.972050,-108.191130,73.144005,3.623197,3.672892,-0.165579,2.165276,0.040468,0.028005
1.348944,-76.256074,-106.840644,6.512161,6.697074,-109.384694,73.029741,4.140111,3.470544,-0.182139,2.159473,0.042161,0.028056
1.349465,-74.827140,-106.162488,6.375363,6.760981,-109.871658,73.450759,4.149759,3.494450,-0.192690,2.160077,0.041569,0.028066
1.349986,-73.383978,-105.580704,6.551482,6.728096,-111.529771,73.445015,4.135202,3.727481,-0.209935,2.153140,0.042312,0.028870
1.350507,-71.960453,-104.786452,6.445670,6.977076,-112.813771,73.182074,3.687465,3.607705,-0.225644,2.146256,0.040789,0.027006
1.351028,-70.679097,-104.211001,6.302853,6.933471,-113.520438,73.442139,4.126983,3.758262,-0.236634,2.145025,0.041334,0.028628
1.351550,-69.361594,-104.426854,6.475275,7.001668,-114.131176,72.808392,3.963585,3.690753,-0.247424,2.138644,0.041640,0.027861
1.352071,-68.005186,-103.802853,6.305994,6.943914,-115.313051,72.689332,4.140801,3.717435,-0.261889,2.133244,0.041411,0.028190
1.352592,-66.740442,-103.270322,6.317221,6.854381,-116.379237,72.337523,3.959831,3.725332,-0.275481,2.126923,0.040999,0.027674
1.353113,-65.812703,-102.632806,6.174657,6.812420,-117.221499,72.650545,3.808194,3.882125,-0.285289,2.125627,0.039978,0.028002
1.353635,-64.668130,-101.908867,6.466150,6.821235,-117.703148,73.154233,4.168921,3.463908,-0.294159,2.126885,0.042040,0.026511
1.354156,-63.691559,-101.523372,6.550063,6.782636,-118.310651,72.480428,4.151370,3.849906,-0.304156,2.120449,0.042543,0.028357
1.354677,-62.664177,-100.913243,6.514721,6.740947,-118.622257,73.070299,4.044005,3.854208,-0.311180,2.122891,0.042006,0.028045
1.355198,-62.187626,-100.282039,6.569766,6.898037,-118.671560,73.012085,3.833033,3.846682,-0.315084,2.122350,0.041887,0.027581
1.355720,-61.248307,-100.210591,6.702698,6.822747,-119.085083,72.926665,3.824292,3.683068,-0.322397,2.120277,0.042295,0.026655
1.356241,-60.557846,-100.256498,6.498920,6.860640,-118.860211,73.050629,3.697078,3.688496,-0.324518,2.121877,0.041068,0.026455
1.356762,-60.333047,-100.218903,6.541365,6.921586,-118.834694,73.240118,3.653320,4.159629,-0.325285,2.123129,0.041265,0.028846
1.357283,-59.389139,-98.771056,6.400158,6.881043,-119.323898,74.052693,3.955744,3.610581,-0.333819,2.126227,0.041279,0.026416
1.357804,-58.943722,-98.860167,6.544302,6.797096,-120.002088,73.434837,4.324677,3.811699,-0.340574,2.119954,0.042881,0.028134
1.358326,-58.622375,-99.186593,6.522445,6.862981,-119.766021,73.447703,4.176891,3.832115,-0.340394,2.120909,0.042361,0.027968
1.358847,-58.660209,-99.014961,6.602647,6.900057,-119.645321,73.694860,4.190409,3.686423,-0.339440,2.122857,0.042697,0.027268
1.359368,-58.646594,-99.177065,6.606455,6.982533,-119.896102,73.503179,4.221454,3.899274,-0.340855,2.120761,0.042887,0.028371
1.359889,-58.340604,-99.301976,6.476251,6.919540,-119.103319,73.844730,3.845127,3.626891,-0.337505,2.125796,0.041216,0.026323
1.360411,-58.032464,-99.486723,6.705529,6.912438,-118.610987,73.722872,3.647320,3.795427,-0.336444,2.126912,0.041751,0.026886
1.360932,-57.886225,-99.518554,6.659088,6.929795,-117.862507,73.733555,3.993595,3.777009,-0.333267,2.129819,0.042427,0.027615
1.361453,-57.618969,-100.011223,6.721955,6.844271,-117.307097,73.858587,3.849689,3.859452,-0.330686,2.132709,0.042202,0.027822
1.361974,-57.630076,-100.498499,6.700522,6.809190,-117.107807,73.555502,3.872228,3.897231,-0.329279,2.131622,0.042135,0.028130
1.362496,-57.980780,-100.941609,6.707029,6.914911,-115.853644,73.436578,3.539391,3.749714,-0.320443,2.135751,0.041431,0.026906
1.363017,-58.144353,-101.660052,6.584402,7.083222,-115.460405,73.605690,3.749347,3.752117,-0.316061,2.138332,0.041326,0.027397
1.363538,-58.900346,-101.940285,6.754340,6.899547,-114.586301,73.360258,3.562656,3.802742,-0.307579,2.140264,0.041639,0.027448
1.364059,-59.164090,-102.837927,6.628484,6.938344,-113.232102,73.181754,3.663248,3.528173,-0.298022,2.144565,0.041229,0.026468
1.364580,-59.623840,-103.080983,6.581346,7.077882,-112.975621,73.292308,3.877990,3.700338,-0.293743,2.146288,0.041617,0.027875
1.365102,-60.387720,-103.636624,6.517185,7.106330,-111.331438,73.171864,3.815997,3.630973,-0.280531,2.152247,0.041227,0.027681
1.365623,-61.074150,-104.019551,6.504109,6.943437,-109.842298,73.445548,3.948433,3.628003,-0.268184,2.160168,0.041429,0.028228
1.366144,-61.668513,-104.769203,6.659031,6.997282,-108.802913,73.538561,3.754205,3.503607,-0.258432,2.165156,0.041513,0.027292
1.366665,-62.607962,-105.287428,6.461877,7.084769,-107.459230,72.939085,3.697286,3.508041,-0.246534,2.167125,0.040663,0.027479
1.367187,-63.711452,-106.068017,6.671680,6.988665,-106.014207,73.135752,3.889359,3.445162,-0.231816,2.174690,0.041961,0.027908
1.367708,-64.435147,-106.783049,6.573137,6.978058,-104.854475,73.393035,3.803610,3.723639,-0.220679,2.181490,0.041211,0.029301
1.368229,-65.564832,-106.963200,6.648436,6.963346,-103.513655,73.117968,3.647470,3.501342,-0.207693,2.185778,0.041255,0.028017
1.368750,-66.485176,-107.911659,6.464998,6.986908,-101.866007,73.272598,3.729078,3.520088,-0.192849,2.194361,0.040502,0.028631
1.369271,-67.894064,-109.206821,6.519058,6.949790,-100.342223,72.556269,3.575384,3.409912,-0.176658,2.196850,0.040321,0.028004
1.369793,-68.999444,-109.583079,6.500013,6.883385,-98.596587,72.056205,3.646910,3.675587,-0.161525,2.201908,0.040549,0.030017
1.370314,-70.190721,-110.282825,6.492824,7.125744,-96.924681,72.205608,3.771282,3.778311,-0.145462,2.211068,0.040777,0.031240
1.370835,-71.676379,-110.944055,6.455826,7.161683,-96.230007,72.147952,3.680745,3.852573,-0.133310,2.214134,0.040298,0.031525
1.371356,-72.520287,-111.356286,6.471549,7.094376,-94.652450,71.909825,3.869844,3.707959,-0.120183,2.220492,0.040885,0.031699
1.371878,-74.091281,-111.295989,6.411195,6.928736,-92.118148,72.080592,3.650739,3.559636,-0.097990,2.234763,0.040062,0.030731
1.372399,-75.262451,-111.578762,6.221432,6.933195,-91.153371,72.189403,3.820984,3.369245,-0.086258,2.240613,0.039599,0.030532
1.372920,-76.554823,-112.108862,6.413621,7.042402,-88.592443,71.624799,3.749269,3.633913,-0.065423,2.250684,0.040359,0.032302
1.373441,-78.146800,-112.198054,6.506814,7.063662,-86.834766,72.227957,3.696863,3.678607,-0.047073,2.264621,0.040539,0.032635
1.373963,-79.377316,-111.160111,6.300408,7.066303,-85.375151,72.586055,3.999111,3.489460,-0.032630,2.275407,0.040594,0.033123
1.374484,-81.300391,-111.555440,6.210598,7.228706,-84.080688,72.629721,4.011458,3.567853,-0.015094,2.283253,0.040138,0.033876
1.375005,-82.275134,-111.453079,6.502790,7.014439,-81.557405,73.107666,3.965894,3.394011,0.003889,2.301616,0.041269,0.033415
1.375526,-83.683000,-111.323978,6.372698,7.062381,-79.591081,72.850444,3.589489,3.406825,0.022214,2.312005,0.039704,0.032357
1.376047,-85.327127,-111.122304,6.305471,7.029099,-78.532976,72.463759,3.762592,3.484309,0.036991,2.316022,0.039973,0.033830
1.376569,-86.425817,-111.000560,6.488493,6.809152,-77.032442,73.034020,3.870191,3.482652,0.050997,2.329556,0.041000,0.034585
1.377090,-87.756118,-110.480079,6.331426,6.760139,-74.866292,73.016109,3.761841,3.215419,0.070131,2.343684,0.040040,0.033396
1.377611,-89.419554,-110.056322,6.352786,7.030247,-72.831963,72.965976,3.764084,3.350095,0.090385,2.357114,0.040200,0.034565
1.378132,-90.380269,-109.525715,6.561123,6.852349,-70.638242,73.738117,3.599362,3.423221,0.107311,2.377662,0.040611,0.034434
1.378654,-91.540252,-109.388276,6.339902,6.824305,-70.161869,73.495556,4.168867,3.252343,0.116368,2.379396,0.041207,0.037003
1.379175,-92.586320,-108.593789,6.507008,6.691680,-67.550178,73.728053,3.994544,3.257521,0.136465,2.399895,0.041470,0.036768
1.379696,-93.741395,-108.114226,6.344054,6.732129,-66.034729,73.559970,3.979041,3.096558,0.151341,2.410050,0.040739,0.036539
1.380217,-94.732406,-107.258266,6.410788,6.838781,-65.157496,74.184058,4.176945,3.040512,0.161578,2.420884,0.041598,0.037726
1.380739,-95.700418,-106.806147,6.386904,6.773281,-63.829704,74.080239,4.223196,3.146441,0.174402,2.430386,0.041657,0.038880
1.381260,-96.675654,-106.299838,6.661787,6.852525,-62.040836,74.139965,4.191216,3.211775,0.189640,2.444808,0.042779,0.039498
1.381781,-97.596640,-105.512346,6.299798,6.849139,-61.481489,74.060412,4.200209,3.383378,0.198469,2.448734,0.041351,0.040390
1.382302,-97.901330,-104.933225,6.349381,6.680749,-58.763054,74.864456,3.616646,3.282428,0.214336,2.476111,0.039745,0.036702
1.382823,-98.698697,-104.219720,6.562445,6.801732,-58.281957,74.754051,4.117971,3.261279,0.222099,2.479384,0.042172,0.040266
1.383345,-99.366730,-103.434054,6.409979,6.717925,-57.175552,74.821526,3.753619,3.399316,0.232412,2.489091,0.040580,0.038517
1.383866,-99.871009,-103.057261,6.346502,6.780028,-56.138258,74.961899,4.153200,3.398834,0.240893,2.498802,0.041376,0.041632
1.384387,-100.124242,-102.901185,6.314505,6.756828,-55.132700,74.990966,3.700919,3.433256,0.247720,2.507637,0.039974,0.038777
1.384908,-100.367989,-103.391222,6.418356,6.803220,-53.813906,74.113821,4.140699,3.488142,0.256492,2.513565,0.041625,0.042883
1.385430,-100.310620,-102.726623,6.409607,6.657410,-53.203144,74.177665,3.796735,3.326054,0.260249,2.519390,0.040691,0.039916
1.385951,-100.400854,-102.424888,6.413159,6.822633,-52.401747,74.450378,4.136301,3.297530,0.264991,2.528289,0.041619,0.042602
1.386472,-100.607779,-102.054858,6.384068,6.660209,-51.230338,74.813386,3.871104,3.376289,0.272245,2.541158,0.040658,0.041030
1.386993,-100.930526,-101.957797,6.502806,6.735653,-51.090404,74.798726,3.816082,3.250747,0.274835,2.542341,0.041031,0.040248
1.387515,-101.002417,-101.552684,6.509661,6.817136,-50.349629,75.089903,4.215826,3.056787,0.279260,2.550924,0.042089,0.043065
1.388036,-100.926569,-101.426455,6.588293,6.717953,-49.708983,75.244276,4.318025,3.334579,0.282169,2.557778,0.042668,0.044850
1.388557,-100.647816,-101.368230,6.460728,6.806070,-49.100744,74.995497,3.825142,3.308867,0.284357,2.561909,0.040888,0.041030
1.389078,-100.432873,-101.484970,6.484274,6.813406,-49.118485,74.868627,3.854034,3.216260,0.283156,2.560967,0.041066,0.041028
1.389599,-100.073383,-100.158442,6.395241,6.778474,-48.525375,76.011358,4.239630,3.403415,0.284658,2.573418,0.041764,0.044527
1.390121,-99.402092,-100.101459,6.633357,6.788244,-48.290906,75.628904,4.150649,3.392064,0.283041,2.573327,0.042657,0.043975
1.390642,-98.785633,-100.220665,6.562445,6.801732,-47.744734,75.789281,4.215289,3.552982,0.282247,2.579430,0.042507,0.045082
1.391163,-98.110358,-100.605304,6.423557,6.845559,-48.135479,75.741096,4.337272,3.483227,0.276150,2.575459,0.042258,0.045795
1.391684,-97.222869,-100.694988,6.629703,6.813858,-48.095458,75.884538,4.352156,3.386304,0.271354,2.576692,0.043145,0.045621
1.392206,-96.183313,-101.199826,6.452942,6.891205,-48.004861,75.866627,4.205353,3.243939,0.265661,2.577437,0.041941,0.044046
1.392727,-95.387972,-101.404676,6.540564,6.837680,-47.859292,75.684581,4.255686,3.379655,0.262209,2.577724,0.042494,0.044948
1.393248,-94.325132,-101.590711,6.420897,6.653860,-48.085918,75.756143,4.209357,3.374323,0.255049,2.576016,0.041817,0.044439
1.393769,-93.245797,-102.495093,6.480973,6.760328,-48.041272,75.642629,4.253636,3.312217,0.248516,2.575757,0.042108,0.044703
1.394291,-92.140790,-103.112417,6.452942,6.891205,-48.590073,75.688920,4.191610,3.224874,0.238918,2.570883,0.041787,0.043740
1.394812,-90.992898,-103.427677,6.559453,6.957210,-48.698737,75.395057,3.907279,3.269469,0.232247,2.568095,0.041565,0.041567
1.395333,-89.265028,-103.877501,6.462203,6.937936,-49.614967,75.385323,4.047735,3.320063,0.217679,2.559508,0.041550,0.042576
1.395854,-87.934804,-104.648670,6.386286,6.851225,-49.892975,75.486266,4.195184,3.337917,0.208127,2.557555,0.041498,0.043701
1.396375,-86.639032,-104.970467,6.522486,6.843122,-50.961055,75.644333,3.816589,3.142552,0.195025,2.548741,0.041042,0.039685
1.396897,-85.067472,-105.240172,6.397329,6.794672,-51.336449,75.369078,3.814812,3.236556,0.184635,2.543641,0.040554,0.039932
1.397418,-83.554387,-105.818982,6.275552,7.108978,-52.320790,75.235408,3.987670,3.333975,0.170828,2.533942,0.040536,0.041325
1.397939,-81.917795,-106.724643,6.394957,6.644679,-53.126094,75.667413,3.781041,3.177869,0.156564,2.529459,0.040225,0.038863
1.398460,-80.018852,-106.921336,6.538000,6.998919,-53.928457,75.808006,4.084768,2.868243,0.141823,2.523268,0.041750,0.039993
1.398982,-78.127520,-107.192804,6.568184,6.909178,-54.900999,75.056246,3.822990,3.432754,0.126761,2.510060,0.041375,0.039699
1.399503,-76.179767,-107.713786,6.237159,6.766560,-55.459904,75.564797,3.870803,3.162617,0.112573,2.508450,0.039807,0.038819
1.400024,-74.255696,-108.118516,6.462026,6.891212,-57.017911,75.129435,3.767369,3.298360,0.093792,2.492401,0.040647,0.038202
1.400545,-72.381505,-108.386822,6.483929,6.970248,-57.717090,75.034601,4.070635,3.424454,0.079780,2.485912,0.041610,0.040597
1.401067,-70.444754,-108.977985,6.449773,6.941401,-58.606812,75.221386,3.531518,3.228491,0.064179,2.479711,0.039845,0.035867
1.401588,-68.684686,-108.972828,6.439753,6.919450,-60.207264,74.190958,3.772231,3.290627,0.046250,2.459868,0.040705,0.037560
1.402109,-66.391179,-110.316930,6.290182,6.977553,-61.135932,73.211350,3.600316,3.302041,0.028627,2.445836,0.039477,0.036494
1.402630,-64.283196,-110.725758,6.541662,6.982944,-62.638099,73.322270,3.740890,3.209056,0.008938,2.434616,0.040943,0.036567
1.403151,-62.281224,-110.594550,6.513619,7.059502,-63.771637,73.204482,3.543111,3.332266,-0.008109,2.424951,0.040341,0.035574
1.403673,-59.928435,-111.060076,6.525088,7.120058,-64.977515,73.035045,3.769149,3.327993,-0.027420,2.414511,0.040918,0.036632
1.404194,-58.060899,-110.838677,6.451183,7.160660,-66.170566,73.106368,3.960220,3.539147,-0.044059,2.405952,0.041117,0.038298
1.404715,-55.846258,-110.671385,6.431584,6.966354,-67.458507,72.735621,4.082088,3.388495,-0.063230,2.393818,0.041454,0.038076
1.405236,-53.863445,-110.447500,6.390813,7.035317,-68.860505,72.519192,3.679641,3.117596,-0.081783,2.382067,0.040182,0.034245
1.405758,-51.903927,-109.957826,6.484765,6.961611,-70.348130,72.238132,3.586551,3.624475,-0.100889,2.369449,0.040491,0.035753
1.406279,-49.905211,-109.877054,6.468082,6.902409,-71.584819,71.846905,3.857885,3.699579,-0.118738,2.358022,0.041175,0.037269
1.406800,-47.750048,-108.531045,6.374726,6.998254,-73.002105,73.389056,3.729794,3.620376,-0.137927,2.358838,0.040265,0.035510
1.407321,-45.852445,-108.382488,6.481903,6.877628,-74.860676,73.550243,3.815824,3.598956,-0.158114,2.347365,0.040860,0.035323
1.407843,-43.787656,-107.803687,6.521886,7.128370,-76.650170,72.918441,3.758487,3.348905,-0.179875,2.331250,0.041042,0.033550
1.408364,-42.238856,-107.487647,6.295851,7.053868,-77.419033,72.493709,3.844922,3.192833,-0.193032,2.323352,0.040302,0.033118
1.408885,-40.244457,-106.624323,6.488058,6.721157,-79.180893,72.456258,3.751300,3.262921,-0.214092,2.311877,0.040889,0.032554
1.409406,-38.245394,-105.816318,6.394984,7.115369,-80.444082,72.394182,3.705780,3.496558,-0.232509,2.303574,0.040519,0.033188
1.409927,-36.613494,-105.476255,6.445050,6.935892,-81.296937,72.533574,3.513015,3.250630,-0.245935,2.299288,0.040100,0.030926
1.410449,-34.967547,-104.755169,6.375347,7.035612,-82.217067,72.140349,3.249174,3.479505,-0.261011,2.291005,0.039344,0.030913
1.410970,-33.983349,-103.884365,6.496324,6.871093,-84.448227,72.102663,3.737643,3.167008,-0.279260,2.277498,0.040967,0.030792
1.411491,-32.230338,-102.851889,6.477060,7.107249,-85.612240,72.307656,3.839841,3.576032,-0.295819,2.272144,0.041324,0.032912
1.412012,-30.740638,-102.129481,6.472349,7.153241,-86.738829,72.285371,3.738381,3.483782,-0.310667,2.265555,0.041056,0.031798
1.412534,-29.276816,-101.496620,6.414645,6.890551,-87.942916,72.029534,3.826981,3.403597,-0.326018,2.257045,0.040900,0.031490
1.413055,-28.266809,-100.468803,6.462414,6.975630,-89.157463,72.264631,3.760512,3.420090,-0.338911,2.251924,0.041003,0.031011
1.413576,-26.991144,-99.828745,6.552801,6.916708,-90.367748,72.002970,3.552627,3.449582,-0.353350,2.243569,0.040882,0.030204
1.414097,-25.703299,-98.930439,6.581452,6.739436,-90.291738,72.403624,3.109833,3.298689,-0.360500,2.246686,0.039909,0.027875
1.414619,-24.932282,-97.760387,6.526157,6.764205,-92.246845,72.295533,3.665998,3.633768,-0.376913,2.235530,0.041072,0.031109
1.415140,-24.285535,-97.449663,6.434685,6.877440,-92.552406,71.978006,3.679686,3.410213,-0.383027,2.231791,0.040785,0.029973
1.415661,-23.601527,-96.783238,6.669697,6.686273,-92.680263,72.476029,3.720702,3.615079,-0.387490,2.234465,0.041748,0.031070
1.416182,-22.808997,-95.851882,6.523845,6.892673,-93.814484,72.436098,3.268927,3.308108,-0.399266,2.228305,0.040244,0.027788
1.416703,-22.018376,-95.093630,6.651169,6.670164,-94.101270,72.037776,3.193309,3.701897,-0.407190,2.224166,0.040755,0.029724
1.417225,-21.666366,-94.840720,6.659396,6.715867,-95.672236,72.387774,3.919846,3.435666,-0.416636,2.218522,0.042093,0.030169
1.417746,-21.244392,-94.077523,6.586769,6.722322,-96.248440,72.325452,3.637887,3.676584,-0.423467,2.215222,0.041353,0.030422
1.418267,-20.911374,-94.654739,6.517089,6.774343,-96.606377,71.505474,3.682799,3.795179,-0.427463,2.207979,0.041264,0.031249
1.418788,-20.547413,-94.465237,6.699961,6.673752,-97.068629,71.663920,3.613789,3.537700,-0.431644,2.206755,0.041563,0.029544
1.419310,-20.425073,-94.350172,6.666927,6.659308,-97.464674,70.907991,3.651022,3.876274,-0.436225,2.199758,0.041791,0.031526
1.419831,-20.383071,-94.334032,6.642780,6.781520,-97.765796,71.230547,3.542451,3.881395,-0.437218,2.200449,0.041478,0.031144
1.420352,-20.214976,-93.797028,6.744761,6.764508,-97.944419,71.217424,3.771575,3.938587,-0.440218,2.199493,0.042465,0.032053
1.420873,-20.204626,-93.946627,6.712974,6.875917,-97.765773,71.295830,3.515452,4.001904,-0.438851,2.200886,0.041894,0.031735
1.421395,-20.184619,-94.045980,6.732052,6.802138,-98.163867,71.375754,3.761142,4.024405,-0.440504,2.199485,0.042360,0.032424
1.421916,-20.468401,-94.209691,6.820107,6.783175,-98.544469,71.672026,3.741767,4.166805,-0.439912,2.199615,0.042612,0.033031
1.422437,-20.972068,-94.076360,6.539408,6.803785,-98.797150,71.384136,3.743982,4.176125,-0.439651,2.196485,0.041665,0.033089
1.422958,-21.274436,-93.162869,6.628964,6.778294,-99.012051,72.213696,3.734379,4.150483,-0.439414,2.200945,0.041979,0.032729
1.423479,-22.215400,-94.006302,6.676400,6.671484,-99.070764,72.047163,3.744157,4.039648,-0.433476,2.199564,0.041974,0.032163
1.424001,-22.788843,-94.172651,6.467289,6.870637,-98.997785,72.087985,3.759962,4.063922,-0.429793,2.200184,0.041392,0.032346
1.424522,-23.727213,-94.606538,6.625946,6.991483,-98.934082,71.894542,3.737562,4.071641,-0.424258,2.199212,0.042099,0.032375
1.425043,-24.433083,-95.029670,6.544416,6.850793,-98.819150,71.261641,3.776949,3.878179,-0.420626,2.195564,0.041773,0.031550
1.425564,-25.256818,-95.772939,6.524200,6.840571,-98.899593,71.005182,3.697313,3.754486,-0.415814,2.193469,0.041409,0.030679
1.426086,-26.188906,-96.566227,6.745072,6.666578,-98.339325,71.375401,3.684627,3.659439,-0.405774,2.198633,0.041980,0.030188
1.426607,-27.591412,-97.218533,6.624522,6.899854,-97.522096,71.869669,3.378596,3.538227,-0.392154,2.205898,0.040899,0.028750
1.427128,-28.517925,-97.996312,6.698704,6.862106,-97.168790,71.553901,3.443084,3.593353,-0.384723,2.205528,0.041342,0.029346
1.427649,-29.736494,-98.464855,6.658609,6.863903,-97.101842,71.707358,3.484981,3.482204,-0.376937,2.206881,0.041199,0.028856
1.428170,-31.130545,-99.766433,6.505493,6.966550,-96.223997,71.753875,3.960289,3.552412,-0.362718,2.211537,0.041656,0.030853
1.428692,-32.826450,-100.284617,6.476606,7.017677,-94.947257,71.466376,3.466121,3.638983,-0.347052,2.216020,0.040586,0.030103
1.429213,-34.458856,-100.966703,6.415038,6.999044,-94.462869,72.028128,3.618610,3.420669,-0.333870,2.222251,0.040480,0.029419
1.429734,-35.901786,-101.955481,6.391980,7.123455,-93.564429,71.697524,3.171035,3.512647,-0.320601,2.224642,0.039456,0.028761
1.430255,-37.322034,-102.399906,6.247715,7.137076,-93.270834,71.894300,3.725570,3.653637,-0.310612,2.227485,0.040135,0.031254
1.430777,-39.605222,-103.601904,6.701818,6.997283,-92.463342,72.071596,3.618610,3.420669,-0.292272,2.232888,0.041595,0.029828
1.431298,-41.534315,-104.387511,6.559518,7.007009,-90.975532,72.435779,3.573545,3.686263,-0.272645,2.243223,0.040866,0.031326
1.431819,-43.148079,-105.005078,6.564043,6.998309,-90.642428,72.699817,4.064765,3.696863,-0.261161,2.246786,0.042045,0.033092
1.432340,-45.253434,-106.096575,6.360429,7.266787,-89.122238,72.021273,3.568686,3.660656,-0.241485,2.250468,0.040035,0.031632
1.432862,-47.573074,-106.613524,6.517648,6.960237,-88.458779,72.082940,3.636058,3.628735,-0.224928,2.254542,0.040820,0.031826
1.433383,-49.545195,-107.094883,6.526070,7.008304,-86.887878,71.989113,3.518544,3.656499,-0.205575,2.262692,0.040644,0.031913
1.433904,-51.964654,-107.838557,6.429062,7.238022,-86.624269,72.485680,3.737910,3.675908,-0.189891,2.267567,0.040638,0.032771
1.434425,-53.892657,-108.537653,6.454010,7.051769,-85.443152,72.359548,3.893688,3.501249,-0.172674,2.273473,0.041103,0.032780
1.434946,-56.360835,-109.244156,6.389770,7.207635,-84.007350,72.596476,3.758400,3.573441,-0.150882,2.283458,0.040385,0.032907
1.435468,-58.420728,-110.375736,6.405406,7.045168,-82.820685,71.623699,3.815824,3.598956,-0.133271,2.283823,0.040648,0.033730
1.435989,-61.258769,-110.881328,6.199086,6.904610,-81.317860,71.826365,3.803978,3.680395,-0.109350,2.294296,0.039607,0.034425
1.436510,-63.522356,-111.095930,6.115320,7.019456,-80.697653,71.655366,3.725491,3.563972,-0.093707,2.296913,0.039047,0.033692
1.437031,-66.052976,-111.380049,6.429168,7.081096,-79.615860,71.890946,3.938084,3.489172,-0.073870,2.305251,0.041037,0.034469
1.437553,-68.409168,-111.638918,6.435308,6.971846,-78.184943,71.791786,4.019406,3.657952,-0.053244,2.313593,0.041310,0.036059
1.438074,-71.120400,-112.004224,6.169804,7.190648,-76.731073,72.065819,3.764746,3.514472,-0.030472,2.324852,0.039252,0.034521
1.438595,-73.416851,-112.032875,6.213805,6.931687,-76.201766,71.718950,3.587941,3.535892,-0.015155,2.325898,0.039045,0.034024
1.439116,-75.998826,-111.503771,6.493176,6.971053,-75.135044,72.216202,4.089110,3.451148,0.004702,2.336388,0.041767,0.036185
1.439638,-78.239958,-110.644775,6.391902,6.965132,-74.536813,72.853414,3.785267,3.658807,0.020178,2.344774,0.040476,0.035702
1.440159,-80.565635,-110.497511,6.541856,6.952491,-72.567283,73.366813,3.703885,3.587823,0.043474,2.361673,0.040851,0.035341
1.440680,-83.260135,-110.328759,6.167364,7.060267,-71.747412,73.561591,4.210908,3.580829,0.062525,2.368679,0.040541,0.038113
1.441201,-85.581449,-109.706439,6.248143,7.043070,-70.953650,73.335746,3.705855,3.400254,0.079745,2.372702,0.039581,0.034901
1.441722,-87.757367,-109.873453,6.164938,6.980602,-69.813904,73.061377,4.125157,3.506594,0.097774,2.378920,0.040376,0.038023
1.442244,-90.091608,-109.227635,6.334885,6.903324,-68.656362,73.467866,4.313019,3.671450,0.116794,2.390036,0.041674,0.040045
1.442765,-92.210556,-108.896676,6.326659,6.761407,-67.662520,74.094318,4.052671,3.754832,0.133353,2.401535,0.040716,0.039067
1.443286,-94.547920,-108.291389,6.585829,6.762258,-67.312839,73.901118,4.251220,3.205472,0.148386,2.402815,0.042511,0.038142
1.443807,-96.658717,-107.379087,6.187391,6.741663,-66.400246,73.857651,4.102204,3.187449,0.165430,2.409314,0.040407,0.037468
1.444329,-98.928817,-107.168944,6.010585,6.804642,-65.225138,73.383079,3.811177,3.149336,0.184546,2.414983,0.038821,0.035999
1.444850,-100.519631,-106.842917,6.300685,6.746058,-64.212835,74.007792,4.094630,3.202480,0.198122,2.426941,0.040727,0.038146
1.445371,-102.622272,-105.940322,6.209638,6.838958,-63.633365,74.452959,4.187769,3.217746,0.212859,2.434389,0.040599,0.038886
1.445892,-104.120556,-105.413774,6.387698,6.862877,-63.455793,73.836793,4.242154,3.321229,0.223084,2.431663,0.041707,0.039830
1.446414,-105.983020,-104.715456,6.365511,6.765035,-62.440931,74.226809,4.014125,3.345412,0.238692,2.442219,0.040870,0.038676
1.446935,-107.731699,-103.755829,6.257247,6.873955,-61.981151,74.356113,4.196269,3.521091,0.251428,2.446714,0.041034,0.040635
1.447456,-109.214239,-103.436452,6.575134,6.646013,-61.396289,74.357058,3.972379,3.668979,0.262735,2.451379,0.041691,0.039949
1.447977,-110.803209,-103.035013,6.383960,6.790920,-60.934049,74.014465,3.832543,3.491393,0.274555,2.452822,0.040558,0.038578
1.448498,-112.406585,-102.465150,6.415828,6.799652,-61.398611,74.168678,4.121603,3.666592,0.281130,2.450115,0.041519,0.040951
1.449020,-113.951500,-101.599742,6.318976,6.755491,-60.773936,74.231331,4.504866,3.603057,0.293690,2.455547,0.042198,0.043430
1.449541,-114.415093,-101.191958,6.438844,6.740901,-60.306876,74.196686,4.270689,3.642843,0.299241,2.459097,0.042065,0.042176
1.450062,-116.137709,-100.869358,6.370174,6.768958,-60.518493,74.383337,4.207859,3.561437,0.307312,2.458612,0.041529,0.041328
1.450583,-116.950075,-100.428885,6.583796,6.716896,-60.263881,74.219365,4.301280,3.605282,0.313846,2.459596,0.042707,0.042248
1.451105,-118.245562,-101.239648,6.399864,6.724453,-60.285142,73.196923,4.270689,3.642843,0.320795,2.452625,0.041832,0.042485
1.451626,-118.465256,-100.882874,6.491273,6.941664,-60.285142,73.196923,4.270689,3.642843,0.322544,2.452625,0.042372,0.042485
1.452147,-119.255521,-100.786903,6.627963,6.771909,-60.257248,73.397648,4.342224,3.552802,0.326583,2.454195,0.042934,0.042574
1.452668,-120.095451,-100.942958,6.408178,6.911952,-60.257248,73.397648,4.342224,3.552802,0.330627,2.454195,0.042013,0.042574
1.453190,-120.459223,-100.846905,6.504504,6.763661,-60.175606,73.538839,4.248465,3.448901,0.332831,2.455802,0.042005,0.041541
1.453711,-120.612060,-99.629767,6.476432,6.836883,-60.169722,74.478761,4.309354,3.388930,0.334136,2.462067,0.042123,0.041478
1.454232,-121.223831,-99.654720,6.628390,6.874176,-61.102669,74.386927,3.935059,3.397025,0.332608,2.453928,0.041840,0.038723
1.454753,-121.470576,-99.643003,6.767116,6.874191,-61.765192,74.702492,4.193798,3.319115,0.329937,2.450713,0.043018,0.039849
1.455274,-122.109132,-100.010736,6.460794,6.994778,-62.066632,74.684592,4.329880,3.364047,0.331050,2.448203,0.042094,0.040819
1.455796,-122.237631,-100.113993,6.429253,7.042284,-63.209170,73.850081,3.859223,3.381787,0.327124,2.433676,0.040998,0.037702
1.456317,-122.316258,-100.169411,6.490488,6.986689,-63.716601,74.052387,4.343696,3.439992,0.324464,2.431077,0.042476,0.040786
1.456838,-122.382476,-100.530029,6.505564,6.900813,-64.292968,73.765064,4.109777,3.268161,0.321705,2.424697,0.041852,0.038523
1.457359,-122.388608,-100.740210,6.421282,6.872054,-64.278889,73.985548,4.161108,3.202368,0.321069,2.426283,0.041517,0.038554
1.457881,-122.133964,-101.410160,6.491149,6.959085,-65.765284,73.894582,4.359194,3.355406,0.311105,2.414337,0.042414,0.039902
1.458402,-122.063991,-101.945395,6.384680,6.958121,-66.350684,73.329868,4.299688,3.426185,0.307762,2.406118,0.041882,0.039746
1.458923,-121.255705,-102.252116,6.553908,6.912492,-67.109527,73.520728,4.567521,3.081905,0.298822,2.401752,0.043241,0.039801
1.459444,-120.674303,-103.017713,6.439653,6.974840,-67.752801,73.478165,4.240527,3.184746,0.291315,2.396711,0.041827,0.037940
1.459966,-120.139946,-103.674232,6.442183,6.920816,-69.224193,73.296143,4.427336,3.026744,0.280142,2.384758,0.042341,0.038003
1.460487,-119.256330,-104.061090,6.664247,6.939674,-70.176156,73.331017,4.175071,3.076395,0.269924,2.378175,0.042623,0.036364
1.461008,-118.656009,-104.763015,6.506762,6.907899,-71.544079,73.265715,4.056310,3.098730,0.258701,2.368083,0.041602,0.035357
1.461529,-118.020038,-105.334031,6.371268,6.800881,-71.984342,73.082015,4.220315,3.142548,0.252517,2.363761,0.041425,0.036349
1.462050,-117.094783,-105.848390,6.625802,6.878308,-73.547195,72.967932,4.091895,3.255819,0.238882,2.352241,0.042260,0.035658
1.462572,-116.008817,-106.663961,6.342794,6.876809,-74.813162,72.727872,3.990169,3.178171,0.225727,2.342062,0.040734,0.034462
1.463093,-114.577528,-106.824024,6.708698,6.940056,-75.855712,73.103188,4.251985,3.260755,0.211975,2.337718,0.043091,0.035793
1.463614,-113.800989,-107.785805,6.408518,6.963860,-77.348795,72.806114,4.164754,3.062511,0.199172,2.325950,0.041477,0.034101
1.464135,-112.596451,-108.079462,6.626669,7.001712,-78.593013,72.754555,4.040091,3.072290,0.185866,2.317637,0.042158,0.033164
1.464657,-111.058374,-108.334691,6.403002,6.981563,-79.813024,72.786664,4.161992,3.101833,0.170829,2.310183,0.041551,0.033530
1.465178,-109.495902,-108.987044,6.383782,6.889589,-81.532237,72.484145,4.226527,3.169533,0.152892,2.297514,0.041688,0.033676
1.465699,-108.083406,-109.860917,6.529688,6.783278,-82.428873,73.097341,3.715904,3.133194,0.139312,2.296267,0.040662,0.030879
1.466220,-106.736301,-109.999244,6.525325,6.960314,-84.090707,72.988113,4.186649,3.346528,0.123129,2.285630,0.042045,0.033505
1.466742,-105.363514,-111.403166,6.358493,7.030371,-85.500274,71.480931,4.136250,3.160206,0.108187,2.267125,0.041242,0.032249
1.467263,-103.610692,-111.601758,6.255989,7.098409,-86.946008,71.059800,3.697104,3.499674,0.090981,2.255989,0.039649,0.031882
1.467784,-101.830192,-111.825157,6.459304,7.064905,-87.892608,71.640013,4.089049,3.309573,0.075823,2.254668,0.041554,0.032108
1.468305,-100.067376,-111.724856,6.445859,6.819766,-90.125533,71.264470,3.590074,3.456130,0.054277,2.239856,0.040265,0.030534
1.468826,-98.719348,-112.436669,6.366028,6.967275,-91.719889,70.981093,4.094563,3.523523,0.038143,2.229412,0.041239,0.032313
1.469348,-97.029674,-112.391413,6.160527,7.029082,-92.683626,70.890646,3.795081,3.606547,0.023708,2.223745,0.039469,0.031514
1.469869,-95.225128,-112.413603,6.175795,7.093204,-94.573815,71.386635,3.727854,3.389222,0.003544,2.217378,0.039247,0.029672
1.470390,-93.362648,-112.455756,6.189275,7.055626,-94.647040,71.561375,3.523798,3.174549,-0.006980,2.218182,0.038703,0.027861
1.470911,-92.049227,-111.523060,6.519881,6.855433,-97.056429,72.008006,3.725400,3.718054,-0.027276,2.209105,0.040901,0.030787
1.471433,-90.099047,-111.238453,6.473263,7.003644,-98.734493,72.188751,3.730953,3.291423,-0.047044,2.202117,0.040691,0.028214
1.471954,-88.438667,-111.045605,6.558259,6.937439,-100.065695,72.074913,3.814573,3.536891,-0.063409,2.195001,0.041353,0.029469
1.472475,-86.572486,-110.817703,6.452547,7.066768,-101.065354,72.906647,3.813496,3.337246,-0.078721,2.195728,0.040681,0.028146
1.472996,-85.108591,-110.268021,6.483633,6.843666,-102.627331,72.736694,3.728767,3.689185,-0.095438,2.187368,0.040699,0.029434
1.473518,-83.596513,-109.823046,6.208894,7.011170,-103.708967,72.755826,3.989230,3.620954,-0.109715,2.182554,0.040212,0.029573
1.474039,-81.982947,-109.531860,6.347936,7.119066,-104.373079,72.685919,3.557295,3.750103,-0.122263,2.179105,0.039702,0.028998
1.474560,-80.291751,-109.112486,6.485228,7.119668,-105.473058,72.704373,4.041795,3.316574,-0.137623,2.174316,0.041654,0.027839
1.475081,-78.987402,-108.752946,6.271409,7.113471,-106.985888,72.459104,3.810442,3.420075,-0.153295,2.166109,0.040094,0.027454
1.475602,-77.646597,-108.381853,6.420296,7.211981,-107.928721,72.599511,3.910138,3.354188,-0.165786,2.162938,0.041033,0.027190
1.476124,-75.996538,-107.457653,6.421279,7.119028,-109.094022,72.590052,3.995459,3.554613,-0.181797,2.157914,0.041385,0.028202
1.476645,-74.473669,-107.247042,6.584800,7.042487,-110.029255,72.731638,4.021604,3.588681,-0.195043,2.154880,0.042097,0.028247
1.477166,-73.136520,-106.714550,6.332494,7.032073,-110.936312,72.901527,3.912065,3.589846,-0.207421,2.152180,0.040660,0.027797
1.477687,-72.197332,-106.116715,6.610388,7.023726,-111.545362,72.503367,4.165226,3.428375,-0.216826,2.147164,0.042719,0.027531
1.478209,-71.014770,-105.516629,6.655235,6.995049,-112.118934,72.536006,4.025716,3.780209,-0.226879,2.145029,0.042613,0.028863
1.478730,-69.932539,-104.856754,6.485286,6.916572,-113.087940,73.103369,3.855591,3.588721,-0.237908,2.144657,0.041278,0.027250
1.479251,-68.372451,-104.613733,6.413350,7.030017,-113.708061,72.863712,4.083163,3.594719,-0.250096,2.140674,0.041605,0.027719
1.479772,-67.535379,-104.050553,6.619681,6.911231,-114.173558,73.005958,4.107947,3.744946,-0.257558,2.139705,0.042575,0.028437
1.480294,-66.642816,-103.260090,6.588884,6.923952,-114.767399,72.905630,3.920722,3.655920,-0.266671,2.136730,0.042047,0.027463
1.480815,-65.902758,-102.926104,6.450110,7.107048,-114.970312,73.252436,4.036146,3.798063,-0.271627,2.138079,0.041786,0.028376
1.481336,-64.991414,-103.715212,6.458898,6.910000,-115.352437,71.959022,3.907846,3.894870,-0.279186,2.128546,0.041471,0.028675
1.481857,-64.355574,-103.098510,6.593771,6.909419,-115.439282,72.319971,4.067562,4.000610,-0.283374,2.130457,0.042507,0.029508
1.482378,-63.476127,-102.927373,6.530457,6.989766,-115.550890,72.325892,4.088892,3.919024,-0.288831,2.130059,0.042283,0.029105
1.482900,-63.093749,-102.579595,6.669192,6.730963,-115.545676,72.247478,4.069666,3.974579,-0.291477,2.129591,0.042806,0.029364
1.483421,-62.401235,-102.527331,6.517811,6.815991,-115.579039,72.035894,4.066000,4.174614,-0.295702,2.128144,0.042245,0.030432
1.483942,-62.027676,-102.306156,6.699823,6.887596,-115.520780,72.164025,4.108422,4.002104,-0.297504,2.129169,0.043118,0.029603
1.484463,-61.807138,-102.318985,6.599428,6.916925,-115.648007,72.572712,4.088188,4.040531,-0.298645,2.131214,0.042542,0.029693
1.484985,-61.358050,-102.465555,6.732133,6.930541,-115.596959,72.773520,4.040729,4.296893,-0.300162,2.132657,0.042949,0.030936
1.485506,-60.921243,-102.442690,6.690884,6.886170,-115.481432,72.959791,4.117944,4.271346,-0.301570,2.134262,0.042890,0.030953
1.486027,-60.887347,-102.209102,6.694439,6.888830,-114.514304,72.847847,3.730070,3.798945,-0.297263,2.137371,0.041954,0.027845
1.486548,-60.683518,-102.641541,6.579031,6.825196,-114.701820,72.307499,3.702533,3.913800,-0.299479,2.133266,0.041385,0.028430
1.487069,-60.395082,-102.788633,6.546861,6.994802,-113.702576,72.576533,3.982996,3.856555,-0.295104,2.138904,0.041962,0.028865
1.487591,-60.410977,-102.057462,6.383020,7.171253,-113.565379,73.175541,4.033267,4.260972,-0.294514,2.143187,0.041614,0.031055
1.488112,-60.418168,-102.239804,6.458254,7.110903,-112.724640,72.843931,3.628663,3.577824,-0.290311,2.144503,0.040796,0.026770
1.488633,-60.468120,-102.703066,6.595959,6.917300,-111.929291,73.253116,4.175672,3.030752,-0.284530,2.150300,0.042475,0.025526
1.489154,-60.485667,-102.742083,6.591360,6.933905,-111.436622,72.555170,4.103397,3.454984,-0.282861,2.147937,0.042525,0.027524
1.489676,-60.954878,-103.448552,6.678746,7.112974,-110.068500,72.767283,3.888369,3.466577,-0.271815,2.154941,0.042320,0.027284
1.490197,-61.233248,-103.575584,6.674972,7.107225,-109.795097,72.331869,4.027148,3.356150,-0.269356,2.153326,0.042744,0.027172
1.490718,-61.618432,-104.484879,6.785442,6.935321,-108.127310,73.700718,3.986716,3.164225,-0.255317,2.169073,0.042651,0.026338
1.491239,-62.056191,-104.664731,6.592671,6.964001,-107.575043,72.875570,3.930528,3.533433,-0.250980,2.166220,0.041923,0.028191
1.491761,-62.786794,-105.393468,6.486959,7.009437,-105.859542,72.838312,4.013554,3.450569,-0.237121,2.173468,0.041658,0.028335
1.492282,-63.391798,-105.930145,6.722623,7.101550,-105.815160,72.356818,3.940213,3.159544,-0.233606,2.170570,0.042513,0.026739
1.492803,-63.821354,-106.218121,6.681554,7.127218,-103.587355,72.680728,4.094748,3.231717,-0.218726,2.182620,0.042757,0.027973
1.493324,-64.557536,-107.200214,6.597566,7.023145,-103.069815,72.024314,3.812923,3.668238,-0.211664,2.180711,0.041643,0.029555
1.493845,-65.028835,-107.189270,6.459619,6.986186,-102.251548,72.207699,4.051633,3.423006,-0.204585,2.185656,0.041653,0.029113
1.494367,-66.231037,-107.513616,6.587945,6.984623,-100.875546,72.151712,3.819824,3.547114,-0.190490,2.191687,0.041662,0.029363
1.494888,-66.734256,-108.260551,6.378669,7.061627,-99.290198,72.224627,3.692314,3.345700,-0.178461,2.199682,0.040266,0.028258
1.495409,-67.854302,-108.523002,6.436656,7.101036,-97.803652,71.914397,3.785974,3.365591,-0.164482,2.204819,0.040886,0.028986
1.495930,-68.804743,-108.883759,6.604602,7.016856,-96.807241,71.909659,3.746550,3.392378,-0.153666,2.209682,0.041531,0.029209
1.496452,-69.721949,-109.243033,6.576360,7.038510,-95.288325,72.282759,4.009688,3.178595,-0.139921,2.219759,0.042019,0.029306
1.496973,-70.864482,-109.708728,6.506699,7.214577,-93.749135,72.044279,3.786925,3.401372,-0.125252,2.226020,0.041136,0.030020
1.497494,-71.896494,-110.978397,6.559402,6.875813,-91.702650,71.140421,3.788783,3.401490,-0.108328,2.230589,0.041356,0.030604
1.498015,-72.868984,-111.203577,6.390795,6.884093,-90.685126,71.591720,3.707313,3.268845,-0.097158,2.239074,0.040240,0.029807
1.498537,-73.985828,-111.430691,6.610611,7.072290,-89.270742,71.331818,3.669142,3.290453,-0.083438,2.244958,0.041234,0.030130
1.499058,-75.294832,-111.456360,6.575740,6.728618,-87.370841,71.692504,4.078738,3.296945,-0.065840,2.257945,0.042152,0.032134
1.499579,-76.373872,-111.777038,6.559117,7.016888,-85.613627,71.663234,3.983962,3.249133,-0.050327,2.267726,0.041783,0.031978
1.500100,-77.298953,-111.961282,6.195120,7.147434,-83.685626,71.663271,4.009806,3.250190,-0.034767,2.278959,0.040167,0.032595
1.500621,-78.480040,-112.079246,6.551978,7.173665,-81.918748,71.757376,3.841164,3.631493,-0.018703,2.290169,0.041307,0.034195
1.501143,-79.965362,-111.702809,6.555247,6.948747,-80.597203,71.458785,3.815334,3.481836,-0.003450,2.296168,0.041410,0.033723
1.501664,-80.874968,-111.663028,6.353264,7.106443,-78.391522,72.138562,4.281768,3.160505,0.013511,2.314679,0.041679,0.034889
1.502185,-82.109562,-111.508834,6.533676,6.967648,-77.229970,72.204710,4.131687,3.367507,0.026555,2.322579,0.042064,0.035407
1.502706,-83.239190,-111.609170,6.271013,7.160384,-75.961583,72.169995,3.987555,3.130340,0.039579,2.330604,0.040408,0.034003
1.503228,-84.128156,-111.464552,6.395750,6.974520,-73.990106,72.422084,3.905290,3.301217,0.055076,2.345485,0.040694,0.034862
1.503749,-85.404036,-111.014065,6.287400,6.849083,-72.618922,72.249893,3.640431,3.368093,0.069651,2.353647,0.039558,0.034228
1.504270,-86.159777,-111.041834,6.465183,6.766497,-71.217891,72.527465,4.029748,3.190988,0.081217,2.365305,0.041359,0.035832
1.504791,-87.510954,-110.432102,6.286335,6.806160,-69.890827,72.388337,4.093358,3.004869,0.096083,2.373746,0.040840,0.035871
1.505313,-88.111450,-109.466683,6.331227,6.993564,-67.835970,73.239635,4.056349,3.141474,0.110521,2.394479,0.040913,0.036687
1.505834,-89.145312,-109.071900,6.230878,6.816696,-66.952588,73.604846,4.391748,3.156032,0.120894,2.403487,0.041417,0.039008
1.506355,-89.494434,-108.798977,6.298971,6.743502,-65.736722,73.320663,4.165279,3.150336,0.129719,2.410679,0.041107,0.038052
1.506876,-90.682821,-108.176425,6.524117,6.776889,-64.677038,73.561700,3.730124,3.055431,0.142130,2.420377,0.040926,0.035244
1.507397,-91.318981,-107.652458,6.516906,7.019916,-63.415581,73.360674,4.120609,3.332296,0.152947,2.428777,0.042106,0.039223
1.507919,-92.111070,-107.552269,6.552142,6.940762,-61.826554,73.367197,4.163860,3.143135,0.165855,2.441352,0.042300,0.039332
1.508440,-92.847409,-107.022425,6.518412,6.759818,-61.124914,73.714207,4.174953,3.240256,0.173748,2.449290,0.042145,0.039910
1.508961,-93.174431,-106.598302,6.558760,6.781103,-59.275152,74.460651,4.012758,2.697527,0.185085,2.469259,0.041671,0.037413
1.509482,-93.497696,-106.273834,6.534666,6.719169,-58.114739,74.627314,4.100223,3.112865,0.193154,2.479955,0.041791,0.039732
1.510004,-93.852348,-106.010161,6.397125,6.846416,-57.319794,74.457587,4.166872,3.371102,0.199733,2.485520,0.041462,0.041396
1.510525,-94.138812,-105.332321,6.588517,6.930219,-56.042670,74.505735,4.015466,3.131049,0.208750,2.496690,0.041947,0.039904
1.511046,-94.551502,-105.232388,6.775192,6.870387,-55.614117,75.172925,3.968090,3.241029,0.212572,2.504641,0.042482,0.039859
1.511567,-94.598714,-104.729474,6.737502,6.686531,-54.739380,74.693639,4.252680,3.425587,0.218603,2.509157,0.043236,0.043014
1.512089,-94.746456,-104.399782,6.639613,6.862035,-54.200678,75.002262,3.856654,3.331550,0.222271,2.515824,0.041734,0.039821
1.512610,-94.825837,-103.887006,6.619508,6.925515,-53.743958,75.205331,4.109490,3.411889,0.225488,2.521115,0.042384,0.042059
1.513131,-94.825837,-103.887006,6.619508,6.925515,-53.206438,75.334939,4.199549,3.336554,0.228178,2.526674,0.042565,0.042648
1.513652,-94.886118,-103.658988,6.674086,7.031895,-52.438347,75.016795,4.102821,3.409387,0.233245,2.531524,0.042654,0.042488
1.514173,-94.673728,-103.388264,6.589617,6.898984,-51.775068,75.549409,4.205029,3.333056,0.235300,2.540791,0.042436,0.043099
1.514695,-94.620120,-103.050297,6.619746,6.871783,-51.353674,75.065911,3.851073,3.681448,0.238296,2.541608,0.041824,0.041757
1.515216,-94.056787,-103.146785,6.432331,6.857024,-51.139283,75.129393,3.814662,3.661967,0.236241,2.543949,0.040873,0.041449
1.515737,-93.463073,-104.234431,6.493433,6.876693,-51.381033,74.308446,4.084293,3.499182,0.231472,2.536624,0.041832,0.043220
1.516258,-92.964738,-103.830904,6.647962,6.649296,-50.846724,74.765526,3.902091,3.445248,0.231596,2.544360,0.041947,0.041625
1.516780,-92.313140,-104.007396,6.326334,6.821259,-50.500097,74.691517,4.120229,3.434173,0.229851,2.547077,0.041162,0.043455
1.517301,-91.763319,-104.089708,6.379846,6.831636,-50.278478,74.482915,4.288240,3.570891,0.228265,2.547820,0.041937,0.045371
1.517822,-90.931679,-103.876588,6.630661,6.768503,-50.937378,74.487283,3.844430,3.681275,0.220580,2.541795,0.041941,0.042035
1.518343,-90.227721,-104.041859,6.546968,6.872825,-50.996593,74.596335,3.954496,3.468553,0.216180,2.541935,0.041832,0.042125
1.518865,-89.289478,-104.540699,6.558326,6.964489,-50.865542,74.724150,3.905643,3.416522,0.211147,2.543930,0.041665,0.041570
1.519386,-88.256376,-104.890668,6.319181,6.767302,-51.043974,74.290272,3.821433,3.557536,0.204770,2.539585,0.040413,0.041480
1.519907,-87.323010,-105.335565,6.576537,6.741608,-50.989735,74.595442,3.894364,3.261448,0.199250,2.541992,0.041605,0.040999
1.520428,-86.236728,-105.754363,6.568929,6.755403,-51.190278,74.176105,3.779702,3.656298,0.192369,2.537530,0.041364,0.041502
1.520949,-85.015093,-105.899990,6.542965,6.868932,-51.618313,74.044134,4.149924,3.619879,0.183507,2.532796,0.042338,0.044143
1.521471,-83.814207,-106.497788,6.320154,6.912040,-52.798865,73.960980,3.686187,3.607933,0.170206,2.521615,0.040036,0.040275
1.521992,-82.684220,-105.874568,6.596999,6.838456,-52.886921,75.476236,3.840802,3.310932,0.162852,2.530391,0.041531,0.039873
1.522513,-81.210234,-106.427763,6.466414,6.672074,-53.130737,75.335942,3.917465,3.320215,0.153272,2.527351,0.041094,0.040458
1.523034,-79.824345,-106.871434,6.390347,6.925570,-53.550736,75.345066,4.157597,3.177083,0.143202,2.523695,0.041410,0.041720
1.523556,-78.331071,-107.344455,6.472105,6.815267,-54.949305,74.606703,3.810243,3.522775,0.127805,2.506775,0.040955,0.040058
1.524077,-76.958151,-107.499268,6.350392,6.994491,-55.822468,74.633785,3.779116,3.460896,0.115529,2.499404,0.040334,0.039357
1.524598,-75.470726,-107.550276,6.276573,7.052748,-55.715269,75.083799,4.226852,3.150664,0.107751,2.503205,0.041203,0.041488
1.525119,-73.580768,-108.244900,6.390841,6.908653,-56.684112,74.348938,3.735970,3.399747,0.092274,2.490199,0.040384,0.038677
1.525641,-72.054270,-108.909909,6.461669,7.050673,-57.973630,74.670617,3.858997,3.020039,0.076550,2.481414,0.040882,0.037729
1.526162,-70.416338,-109.166640,6.529154,7.093156,-58.153968,74.666937,4.008663,3.271611,0.066605,2.479885,0.041588,0.039596
1.526683,-68.742449,-109.225471,6.662926,6.876433,-59.713227,73.997032,4.176862,3.379715,0.049240,2.462617,0.042865,0.040827
1.527204,-66.680685,-109.387380,6.579592,7.047341,-60.578165,73.984218,3.793354,3.389747,0.033267,2.455494,0.041396,0.038033
1.527725,-64.768005,-109.846765,6.496146,6.712169,-62.070388,73.965671,3.616736,3.489794,0.014675,2.443415,0.040445,0.036919
1.528247,-63.405106,-109.521347,6.233653,6.947839,-62.655951,73.860083,3.856662,3.361291,0.004085,2.438083,0.039972,0.037763
1.528768,-61.633974,-109.644119,6.215337,7.004392,-64.552713,73.732308,3.760103,3.171887,-0.015915,2.422479,0.039609,0.035888
1.529289,-59.661406,-109.728228,6.306323,6.798310,-65.192686,73.465996,3.799873,3.207288,-0.030184,2.415791,0.040173,0.036153
1.529810,-57.957969,-109.550450,6.474328,6.786764,-66.460702,73.675572,4.147531,3.392235,-0.046372,2.407634,0.041918,0.038571
1.530332,-56.080454,-109.579149,6.456819,6.787257,-67.639624,73.512115,3.569745,3.264797,-0.063050,2.397775,0.040220,0.034369
1.530853,-54.284098,-109.202108,6.510768,6.950330,-68.374108,73.654119,3.627321,3.250940,-0.076903,2.393353,0.040646,0.034410
1.531374,-52.250227,-109.192657,6.498600,6.939067,-69.474729,73.475672,3.902383,3.209509,-0.094016,2.384176,0.041317,0.035522
1.531895,-50.527299,-108.833029,6.466189,7.009081,-71.424216,73.273322,4.155805,3.262110,-0.114251,2.368973,0.041937,0.036620
1.532417,-48.868294,-108.496976,6.414445,7.150192,-72.497994,73.188733,3.735031,3.141561,-0.129332,2.360936,0.040549,0.033527
1.532938,-46.972477,-109.238827,6.391611,7.022966,-73.789097,72.020572,3.813869,3.192584,-0.146881,2.344066,0.040653,0.034036
1.533459,-45.341138,-109.181761,6.603999,6.987412,-75.469733,72.045728,4.022515,3.243606,-0.164741,2.332987,0.042086,0.034847
1.533980,-43.865219,-108.204941,6.550100,6.993115,-76.375956,72.081596,3.669345,3.156845,-0.178411,2.327276,0.041012,0.032450
1.534501,-42.122743,-107.630439,6.547175,6.700674,-77.591855,71.811209,3.896998,3.241828,-0.195148,2.317522,0.041619,0.033665
1.535023,-40.988584,-107.008284,6.083962,6.923437,-79.096675,71.547148,3.670701,3.352646,-0.210270,2.306121,0.039064,0.032810
1.535544,-39.605498,-106.737786,6.461025,6.859209,-80.252837,72.193686,4.100731,3.347371,-0.223376,2.303378,0.041700,0.034307
1.536065,-37.755745,-106.077917,6.437949,6.802530,-81.248944,71.944734,3.772732,3.508109,-0.239619,2.295534,0.040778,0.033419
1.536586,-36.289193,-105.488769,6.590920,6.879128,-83.199764,71.696246,3.659504,3.251893,-0.258817,2.282065,0.041155,0.031244
1.537108,-34.809843,-105.184101,6.399140,6.911942,-83.856851,71.522859,3.971996,3.283560,-0.270746,2.276981,0.041117,0.032569
1.537629,-33.832805,-104.657465,6.568719,6.779600,-84.950617,71.898459,3.946762,3.497222,-0.281822,2.273171,0.041677,0.033169
1.538150,-32.887512,-102.749136,6.467213,6.831577,-85.425996,73.353863,3.647628,2.902833,-0.289933,2.280310,0.040402,0.028774
1.538671,-31.712239,-102.145881,6.655921,6.967497,-87.006935,71.716028,3.698776,3.701774,-0.307922,2.260154,0.041878,0.032820
1.539193,-30.748370,-101.678258,6.511269,6.947936,-88.181967,72.402086,3.922069,3.606662,-0.318681,2.258243,0.041590,0.032752
1.539714,-30.050242,-101.115022,6.696077,6.686907,-88.586546,71.925294,3.992918,3.553415,-0.326197,2.252764,0.042554,0.032725
1.540235,-28.840783,-100.412651,6.372390,7.076956,-89.282819,72.196966,3.568294,3.198053,-0.336823,2.250779,0.040218,0.029170
1.540756,-28.393387,-100.009873,6.503781,7.112593,-90.790655,72.285512,3.722338,3.247260,-0.347460,2.243202,0.041104,0.029636
1.541277,-27.518647,-99.555816,6.745543,6.647051,-91.069460,72.419743,3.660996,3.266900,-0.353970,2.242612,0.041688,0.029436
1.541799,-26.913058,-99.217737,6.512191,6.925016,-91.977823,72.229935,3.837354,3.139364,-0.362712,2.236508,0.041250,0.029264
1.542320,-26.431126,-98.637482,6.428313,6.936188,-91.689958,72.589964,3.177077,3.330831,-0.364129,2.240449,0.039506,0.027983
1.542841,-25.944304,-98.326393,6.719893,6.800694,-93.177394,72.338609,3.689487,3.682647,-0.375278,2.230952,0.041843,0.031241
1.543362,-25.887923,-98.211590,6.731465,6.795913,-93.811516,71.818231,3.884406,3.859266,-0.380058,2.224181,0.042480,0.032744
1.543884,-25.574110,-97.568589,6.789072,6.895087,-94.184802,72.014975,3.850468,3.812782,-0.384451,2.223585,0.042722,0.032276
1.544405,-25.379599,-97.390158,6.718373,6.988120,-94.608425,71.991387,3.907792,3.978071,-0.387997,2.221263,0.042689,0.033246
1.544926,-25.299627,-97.256154,6.697094,6.977112,-95.279480,72.361581,3.546666,3.482697,-0.391299,2.220329,0.041478,0.029306
1.545447,-25.328767,-97.279015,6.710597,6.935119,-95.514548,71.661521,3.733548,4.133259,-0.393751,2.214469,0.042301,0.033447
1.545969,-25.286174,-97.155342,6.725651,6.925700,-95.819761,72.575970,4.037709,3.460342,-0.393848,2.219030,0.042598,0.030626
1.546490,-25.332307,-96.993143,6.744822,6.786927,-95.943277,72.340954,3.860807,3.704607,-0.395068,2.216851,0.042328,0.031308
1.547011,-25.523762,-96.833584,6.807221,6.733607,-95.898377,72.479687,3.737720,3.838135,-0.393922,2.217997,0.042342,0.031628
1.547532,-25.657337,-96.917482,6.732499,6.754104,-96.127915,72.233894,3.822072,3.929733,-0.394745,2.215215,0.042307,0.032361
1.548053,-26.024295,-96.900659,6.889491,6.632937,-96.382854,72.363551,3.867544,3.782834,-0.393944,2.214805,0.042892,0.031642
1.548575,-26.394387,-96.848239,6.697050,6.924040,-96.413915,72.318607,3.990565,3.768973,-0.392438,2.214352,0.042651,0.031946
1.549096,-27.166165,-97.117567,6.651478,7.055114,-96.496735,72.318113,3.935613,3.788860,-0.388399,2.213936,0.042439,0.031863
1.549617,-27.979933,-98.359279,6.622973,6.900689,-96.395867,71.293033,3.945260,3.922255,-0.383323,2.207599,0.042319,0.032782
1.550138,-28.191512,-98.801980,6.638777,7.134779,-96.416681,71.376911,3.993895,3.862492,-0.381284,2.208058,0.042538,0.032590
1.550660,-29.444174,-99.182217,6.807378,6.856978,-96.375842,71.367585,3.966946,3.869962,-0.373978,2.208198,0.043000,0.032559
1.551181,-30.453068,-99.795221,6.427594,6.957206,-95.417383,71.383551,3.482283,3.448157,-0.362720,2.213092,0.040248,0.029039
1.551702,-31.570866,-100.290654,6.609129,6.869045,-96.030187,71.126324,3.858222,3.816468,-0.359681,2.208297,0.041928,0.032061
1.552223,-32.753846,-100.851586,6.475084,6.947098,-95.538727,71.169175,3.613413,3.855011,-0.349961,2.211041,0.040844,0.031650
1.552744,-33.627645,-101.617763,6.128393,7.015805,-94.406978,71.274317,3.543548,3.724652,-0.338050,2.217470,0.039174,0.030940
1.553266,-34.986777,-100.888103,6.469962,6.974746,-95.025130,71.976250,3.894810,3.689794,-0.334281,2.219045,0.041471,0.031591
1.553787,-36.178231,-102.880863,6.355952,7.044475,-94.355998,71.159028,3.954425,3.805724,-0.322601,2.216951,0.041087,0.032664
1.554308,-37.905381,-102.507667,6.351110,7.100229,-93.941078,72.146874,3.876298,3.551274,-0.310462,2.225719,0.040826,0.031028
1.554829,-39.682281,-102.850505,6.357345,7.003949,-92.477455,71.915431,3.775793,3.368780,-0.293374,2.231762,0.040678,0.030113
1.555351,-40.911382,-103.964950,6.443239,7.075120,-92.269671,72.301887,3.837203,3.261791,-0.283518,2.235453,0.040973,0.029788
1.555872,-42.577319,-104.746922,6.505206,6.832153,-91.135588,72.566502,3.546595,3.668039,-0.267302,2.243245,0.040436,0.031086
1.556393,-44.452203,-105.296110,6.418405,6.859280,-90.608912,72.183669,3.989818,3.324423,-0.254431,2.243492,0.041234,0.031053
1.556914,-46.092410,-105.915084,6.505803,7.019937,-89.551621,72.136682,3.411209,3.467696,-0.239401,2.248901,0.040233,0.029964
1.557436,-47.834540,-106.315752,6.390024,6.974446,-89.003439,72.224164,3.611038,3.358583,-0.226625,2.252496,0.040172,0.030195
1.557957,-49.948071,-106.883026,6.430337,7.133816,-88.012168,72.506500,3.249348,3.698722,-0.209086,2.259896,0.039493,0.030903
1.558478,-51.854440,-107.706736,6.369220,7.234922,-87.596965,72.354940,3.475921,3.528937,-0.195954,2.261190,0.039698,0.030872
1.558999,-53.750658,-108.315757,6.387026,7.045631,-86.973446,71.666093,3.805403,3.613379,-0.182535,2.260001,0.040712,0.032763
1.559520,-55.844232,-108.611456,6.447237,7.078102,-86.236947,71.993982,3.790055,3.631742,-0.166720,2.266423,0.040909,0.032915
1.560042,-58.031267,-109.123980,6.451062,7.024968,-85.127658,72.095375,3.827552,3.444274,-0.148423,2.273493,0.040977,0.032355
1.560563,-60.005493,-109.424017,6.464259,6.916456,-83.989620,72.501018,3.931641,3.326443,-0.131079,2.282912,0.041242,0.032422
1.561084,-62.097649,-109.617079,6.437451,6.845132,-83.699606,72.276615,3.999288,3.592038,-0.118208,2.283090,0.041386,0.034103
1.561605,-64.085725,-110.195222,6.417958,7.103876,-82.669633,72.731059,3.523333,3.153154,-0.101245,2.292327,0.039845,0.030150
1.562127,-66.519932,-110.501931,6.498331,7.005016,-81.051833,73.124755,3.721430,3.146964,-0.078974,2.304824,0.040660,0.031299
1.562648,-69.004189,-110.483731,6.179644,7.103793,-80.725202,72.560292,3.686398,3.201535,-0.063947,2.302979,0.039245,0.031570
1.563169,-71.135625,-110.478533,6.242587,6.894247,-79.119095,72.758265,3.615784,3.279355,-0.043542,2.314338,0.039338,0.031981
1.563690,-73.131426,-110.777994,6.215705,7.072307,-78.740719,72.459243,3.738381,3.483782,-0.030603,2.314674,0.039569,0.033669
1.564212,-75.403669,-110.697007,6.259878,7.057197,-77.010884,72.440498,3.648958,3.365399,-0.008776,2.325623,0.039563,0.033117
1.564733,-77.885849,-110.374888,6.499911,6.927479,-76.089605,72.701584,3.999836,3.127373,0.009811,2.333428,0.041686,0.033927
1.565254,-79.831074,-111.545464,6.229153,7.264387,-75.594197,72.120996,4.104718,3.118433,0.023064,2.332686,0.040607,0.034668
1.565775,-82.347518,-111.338776,6.432007,6.977339,-74.638674,72.178201,3.606105,2.981073,0.041981,2.339437,0.040148,0.031763
1.566296,-84.155945,-110.888684,6.287843,6.987128,-73.374384,72.166669,3.709391,3.185322,0.058830,2.347897,0.039819,0.033551
1.566818,-86.078572,-110.905988,6.246711,6.993258,-72.910056,71.779779,3.700117,3.547035,0.071958,2.348383,0.039656,0.035412
1.567339,-88.808762,-110.405725,6.394254,6.962290,-72.092356,71.493381,3.803616,3.374145,0.091642,2.352023,0.040744,0.035393
1.567860,-90.613202,-110.249394,6.580656,6.909749,-70.784720,71.906477,4.004524,3.493107,0.108428,2.364056,0.042044,0.037279
1.568381,-92.872584,-109.772657,6.410212,6.970977,-69.860743,72.264418,4.040281,3.588665,0.125746,2.373105,0.041319,0.038093
1.568903,-94.528099,-107.977763,6.549191,6.883467,-69.735207,73.236242,4.228155,3.275574,0.135971,2.380677,0.042604,0.037627
1.569424,-96.520964,-107.954753,6.619804,6.933275,-68.902238,73.594256,3.715569,3.048855,0.150971,2.389110,0.041336,0.033927
1.569945,-98.095292,-107.721114,6.445183,7.003604,-68.574346,73.310270,4.156999,3.218646,0.161648,2.389561,0.041819,0.037341
1.570466,-100.020500,-107.154089,6.415460,6.745162,-67.916821,73.277887,4.101685,3.077224,0.176084,2.394146,0.041516,0.036673
1.570988,-101.750054,-106.753304,6.427821,6.724659,-67.555691,73.229827,4.115938,3.206026,0.187749,2.396476,0.041628,0.037391
1.571509,-103.673556,-106.324419,6.298787,6.859435,-66.916816,73.228826,3.808211,3.292480,0.201922,2.401203,0.040216,0.036117
1.572030,-104.968454,-105.715614,6.562003,6.688833,-65.764913,73.088383,3.875558,3.289530,0.215839,2.408888,0.041592,0.036870
1.572551,-106.385813,-105.639345,6.406422,6.968090,-65.834360,73.005552,4.132041,3.291540,0.223212,2.407799,0.041637,0.038434
1.573072,-108.117093,-105.314001,6.446909,6.716801,-65.929016,73.146206,4.135819,3.201318,0.232139,2.408042,0.041706,0.038039
1.573594,-109.150500,-104.699867,6.534907,6.818150,-65.344943,73.213769,4.293074,3.194293,0.241416,2.412924,0.042585,0.039180
1.574115,-110.454677,-104.514054,6.439372,6.834272,-65.118513,73.079442,4.343576,3.295641,0.249942,2.413736,0.042318,0.039992
1.574636,-111.780838,-104.072194,6.386679,7.007679,-64.361830,73.482704,4.239697,3.316509,0.260976,2.422266,0.041744,0.039578
1.575157,-112.863768,-103.934785,6.513433,6.948717,-64.347997,73.192039,4.238549,3.328658,0.267347,2.420408,0.042289,0.039692
1.575679,-113.970923,-103.523168,6.366323,6.911057,-64.485688,72.830838,4.206947,3.519488,0.273567,2.416893,0.041711,0.040295
1.576200,-114.564791,-103.295888,6.372554,6.998197,-64.465508,73.228821,4.191139,3.289662,0.276537,2.419752,0.041609,0.039193
1.576721,-115.405698,-102.898040,6.548498,6.847996,-64.465508,73.228821,4.191139,3.289662,0.281542,2.419752,0.042331,0.039193
1.577242,-116.284080,-102.685850,6.436819,6.904876,-64.600027,73.110887,4.239809,3.337840,0.285942,2.417918,0.042048,0.039670
1.577764,-116.530087,-102.537103,6.399390,6.835079,-64.600027,73.110887,4.239809,3.337840,0.287460,2.417918,0.041880,0.039670
1.578285,-117.154870,-102.516118,6.641625,6.694923,-64.376707,73.265689,4.136507,3.292118,0.291684,2.420685,0.042472,0.038878
1.578806,-118.107234,-102.393052,6.414414,6.805294,-64.465508,73.228821,4.191139,3.289662,0.296439,2.419752,0.041679,0.039193
1.579327,-118.212534,-102.542663,6.435522,6.778967,-64.809180,73.096871,4.111185,3.397322,0.295169,2.416219,0.041574,0.039037
1.579848,-118.530984,-102.590801,6.478610,6.890938,-64.763356,73.206327,4.210576,3.330268,0.296815,2.417313,0.041996,0.039379
1.580370,-118.811534,-102.492923,6.571929,6.883417,-65.842910,73.915233,3.731292,3.004540,0.291697,2.413890,0.041009,0.034638
1.580891,-118.789800,-103.492686,6.571929,6.883417,-65.953818,72.315969,3.780818,3.278954,0.291944,2.402175,0.041320,0.036390
1.581412,-118.958951,-103.676960,6.688985,6.986191,-67.397863,72.580495,3.870595,3.153032,0.284592,2.393202,0.042055,0.035906
1.581933,-118.935575,-103.853804,6.714590,6.876449,-67.340971,72.472013,3.854034,3.216260,0.284663,2.392877,0.042077,0.036114
1.582455,-119.054851,-104.084331,6.692606,6.888512,-67.897284,72.690511,3.584023,3.156220,0.281698,2.390275,0.041248,0.034095
1.582976,-119.021308,-104.324413,6.650556,6.928892,-69.032839,72.495765,3.776695,3.059653,0.275518,2.380658,0.041593,0.034507
1.583497,-118.770216,-104.567148,6.656949,6.923840,-69.344043,72.354467,3.784764,3.079229,0.272422,2.377437,0.041655,0.034574
1.584018,-118.349087,-105.017777,6.435409,7.084129,-70.705301,72.410802,3.765913,3.053986,0.262335,2.368111,0.040683,0.033960
1.584540,-118.098054,-105.706888,6.403541,7.154750,-71.191398,71.765847,3.744699,3.481459,0.258395,2.360213,0.040609,0.035776
1.585061,-117.737404,-106.555479,6.386561,6.989892,-71.907472,71.577419,3.793849,3.354459,0.251818,2.353894,0.040498,0.035284
1.585582,-116.900055,-107.022414,6.571415,6.996032,-72.437847,72.061622,4.034708,3.065618,0.243355,2.353591,0.041767,0.035043
1.586103,-116.107850,-106.987845,6.357036,6.981711,-73.697284,71.698548,4.058873,3.110766,0.233034,2.342448,0.041098,0.035043
1.586624,-115.602721,-106.492234,6.374891,7.166918,-74.362710,72.651416,3.971341,3.230567,0.226264,2.344555,0.040955,0.034737
1.587146,-114.462509,-106.947199,6.333505,6.984891,-75.033069,72.326807,3.581357,3.299967,0.216493,2.337832,0.039754,0.032993
1.587667,-113.807639,-107.746367,6.389501,6.935878,-76.543610,72.308158,3.604022,3.365705,0.204079,2.327748,0.039982,0.033051
1.588188,-112.875406,-108.009352,6.452294,6.825525,-78.197825,72.693275,3.325194,3.274451,0.189599,2.319730,0.039511,0.030890
1.588709,-111.840334,-108.557938,6.309461,7.075880,-79.245009,72.053582,3.649380,3.276351,0.178550,2.308699,0.039805,0.032213
1.589231,-110.790208,-108.869513,6.421945,6.931991,-80.343926,72.111330,3.627142,3.304281,0.166669,2.302247,0.040235,0.031976
1.589752,-109.635548,-109.248353,6.452917,6.816766,-81.822032,71.909514,4.033454,3.346867,0.152342,2.291804,0.041518,0.033617
1.590273,-108.578962,-109.596603,6.341395,6.975623,-82.829201,72.264183,3.861518,3.530357,0.140656,2.288179,0.040466,0.033452
1.590794,-107.315499,-110.109276,6.312575,7.094085,-83.664817,71.961705,3.941880,3.182036,0.129175,2.281136,0.040566,0.031944
1.591316,-105.985775,-110.354484,6.562112,6.967846,-84.818059,71.912595,3.765099,3.520773,0.115618,2.274038,0.041249,0.032598
1.591837,-104.850032,-110.736463,6.411333,6.843462,-86.368850,72.097151,3.689592,3.215332,0.100740,2.266375,0.040263,0.030381
1.592358,-103.439529,-110.916787,6.295445,6.919441,-86.760073,71.903061,3.775245,2.933351,0.090983,2.262828,0.039994,0.029305
1.592879,-101.681885,-111.166872,6.215476,6.993916,-87.491616,72.575940,3.192912,3.098750,0.077076,2.263279,0.037939,0.027600
1.593400,-100.255717,-111.220731,6.489987,6.843877,-90.551763,71.794324,3.745624,3.297671,0.052973,2.241165,0.040888,0.030092
1.593922,-98.717388,-111.207993,6.523396,6.917630,-91.546165,72.224078,3.737464,3.397404,0.039075,2.238755,0.040957,0.030288
1.594443,-97.334663,-111.340913,6.214757,7.039337,-92.463342,72.071596,3.618610,3.420669,0.026553,2.232888,0.039198,0.029828
1.594964,-95.989107,-111.236846,6.454456,6.865154,-94.168550,71.939580,3.930522,3.350695,0.009938,2.223163,0.041254,0.030171
1.595485,-94.067160,-110.752384,6.389087,6.865021,-94.961050,71.898869,3.754159,3.525859,-0.004894,2.218852,0.040571,0.030314
1.596007,-93.048126,-110.810216,6.167796,6.706986,-96.503979,71.889186,3.824777,3.379592,-0.018913,2.211048,0.039717,0.029458
1.596528,-91.552505,-110.485319,6.474415,7.147218,-97.129955,72.151394,3.783129,3.490319,-0.030529,2.209695,0.041041,0.029730
1.597049,-89.577240,-111.423434,6.202952,7.077775,-98.469684,70.583194,3.940504,3.475592,-0.048819,2.192710,0.040335,0.030045
1.597570,-88.131773,-111.341614,6.435711,6.909751,-99.692395,71.501945,4.058981,3.146179,-0.063143,2.192990,0.041530,0.028392
1.598092,-86.470200,-111.161578,6.519241,6.925406,-100.977709,71.694675,3.810184,3.211700,-0.079172,2.188206,0.041168,0.027648
1.598613,-84.945130,-110.909802,6.438437,6.962855,-102.076986,71.311915,4.051042,3.156272,-0.093741,2.180588,0.041564,0.027909
1.599134,-84.026722,-110.521201,6.461055,7.120886,-103.192254,71.457447,3.725132,3.132620,-0.104931,2.176450,0.040777,0.026579
1.599655,-82.118795,-110.434571,6.473272,7.092023,-103.669876,71.301807,4.082258,3.222312,-0.118033,2.173272,0.041828,0.027987
1.600176,-80.964446,-109.977783,6.391611,7.022966,-104.558974,71.842649,4.157862,3.262539,-0.129047,2.172813,0.041599,0.028174
1.600698,-79.581800,-109.503398,6.322020,6.920640,-105.763105,71.559419,4.097667,3.015005,-0.143603,2.165645,0.041182,0.026566
1.601219,-78.283235,-109.174908,6.450258,6.955565,-106.642749,71.206754,3.996874,3.306274,-0.155943,2.159523,0.041572,0.027557
1.601740,-77.073502,-108.708784,6.136239,7.041466,-107.191548,71.381467,3.787448,3.219937,-0.165705,2.158285,0.039575,0.026435
1.602261,-75.781256,-108.547014,6.333154,7.075527,-108.265312,71.131323,4.063686,3.171393,-0.178858,2.152083,0.041251,0.026746
1.602783,-74.795147,-107.367611,6.340458,7.006967,-108.815382,72.588279,3.663999,3.309834,-0.186843,2.159083,0.040068,0.026167
1.603304,-73.829062,-106.850309,6.390122,6.978993,-109.410692,72.614393,3.875320,3.514819,-0.195727,2.156733,0.040920,0.027635
1.603825,-72.453996,-106.483186,6.506061,6.948104,-109.997433,72.519550,4.100948,3.478833,-0.206740,2.153670,0.042068,0.027919
1.604346,-71.924904,-106.587573,6.505549,7.032614,-110.293279,73.039080,3.996712,3.800718,-0.210438,2.155718,0.041655,0.029191
1.604868,-70.491383,-106.078280,6.485555,6.995028,-110.701485,72.663276,3.789650,3.603418,-0.221279,2.151650,0.041096,0.027643
1.605389,-69.559727,-105.616345,6.550053,6.790654,-111.008923,72.985622,3.838627,3.835737,-0.228039,2.152409,0.041466,0.028879
1.605910,-68.717255,-105.567178,6.536680,6.939784,-111.264786,72.684486,4.066655,3.792677,-0.234309,2.149458,0.042071,0.029169
1.606431,-67.987596,-104.970062,6.379814,6.855189,-111.724584,72.852234,4.144675,4.034137,-0.241172,2.148625,0.041656,0.030495
1.606952,-67.156981,-105.201091,6.383395,7.116410,-111.869762,72.544500,4.145551,3.883181,-0.246442,2.146097,0.041694,0.029720
1.607474,-66.443770,-104.637929,6.397977,7.048424,-111.790454,72.455916,4.128917,3.844103,-0.250674,2.145863,0.041797,0.029504
1.607995,-66.063040,-104.635829,6.527406,6.958099,-111.655744,72.561262,4.196315,3.872589,-0.251837,2.147077,0.042481,0.029824
1.608516,-65.696429,-104.261376,6.662146,6.939374,-111.655744,72.561262,4.196315,3.872589,-0.254291,2.147077,0.043122,0.029824
1.609037,-64.840182,-104.317196,6.485566,6.982025,-112.087173,72.212618,4.008075,3.765941,-0.261514,2.143122,0.041836,0.028789
1.609559,-64.283264,-104.383794,6.441961,7.142721,-112.160631,72.488440,4.074114,3.903774,-0.264354,2.144560,0.041796,0.029613
1.610080,-64.140070,-104.281825,6.509903,7.144173,-112.192302,72.431838,4.022577,3.627176,-0.265502,2.144075,0.041925,0.028065
1.610601,-63.862653,-104.067406,6.721975,6.961573,-111.729879,72.283850,4.202345,3.420816,-0.265045,2.145026,0.043319,0.027569
1.611122,-63.777359,-104.112729,6.671506,6.962898,-111.084749,72.642948,3.800240,3.303182,-0.261514,2.149938,0.041972,0.026065
1.611643,-63.507267,-104.136332,6.678126,6.907934,-110.723940,73.112326,3.637615,3.848829,-0.260341,2.154387,0.041569,0.028533
1.612165,-63.259746,-104.599518,6.579465,7.045698,-110.680812,72.917508,3.991369,3.792551,-0.261040,2.153339,0.041995,0.029076
1.612686,-63.312063,-104.595160,6.621778,7.027967,-109.103621,73.251974,3.581980,3.148854,-0.252003,2.162067,0.041053,0.025032
1.613207,-63.203382,-104.668068,6.562914,6.962273,-109.835768,72.430065,3.778034,3.376334,-0.257470,2.153779,0.041409,0.026625
1.613728,-63.209994,-105.882135,6.575121,7.036331,-108.159287,71.324462,3.194046,3.400147,-0.248415,2.153779,0.040157,0.025772
1.614250,-63.179244,-105.933331,6.695823,6.948713,-107.084174,71.855307,3.535735,3.402327,-0.242106,2.161805,0.041400,0.026709
1.614771,-63.066557,-106.221522,6.656683,7.057172,-106.790144,71.587977,3.698149,3.190657,-0.241117,2.161352,0.041628,0.026105
1.615292,-63.200572,-106.375453,6.714839,6.973113,-106.616135,72.190348,3.822174,3.221603,-0.238507,2.165991,0.042031,0.026575
1.615813,-63.583532,-106.789294,6.770740,7.156596,-105.003907,72.079288,3.512272,3.274171,-0.227558,2.172366,0.041612,0.026321
1.616335,-63.911468,-107.230677,6.757156,7.089975,-104.583004,72.092306,3.772133,3.503471,-0.223033,2.174326,0.042132,0.028280
1.616856,-64.344186,-107.218212,6.576340,6.969793,-103.754572,71.251238,3.853779,3.639426,-0.217336,2.172560,0.041767,0.029472
1.617377,-64.832329,-107.950500,6.516768,7.270951,-102.778951,71.354077,3.670298,3.364959,-0.208555,2.177651,0.040938,0.027711
1.617898,-65.497879,-107.837353,6.570683,6.869702,-102.070780,71.401808,3.900343,3.320437,-0.201282,2.181208,0.041768,0.028270
1.618419,-66.121822,-108.422108,6.495850,7.210019,-100.849819,71.419607,3.886042,3.292670,-0.190755,2.186990,0.041398,0.028339
1.618941,-66.485176,-107.911659,6.464998,6.986908,-99.588282,72.464139,3.192566,3.439951,-0.181503,2.199831,0.039424,0.027252
1.619462,-67.174628,-108.541816,6.367077,7.134013,-98.620719,72.679482,3.575676,3.191961,-0.171812,2.205899,0.039787,0.027199
1.619983,-67.889350,-108.841929,6.454010,7.051769,-96.992945,72.438990,3.723555,3.312808,-0.159186,2.212277,0.040630,0.028627
1.620504,-68.697103,-109.091039,6.427596,7.135659,-96.253740,71.655354,3.947847,3.642897,-0.151295,2.210731,0.041317,0.031288
1.621026,-69.872809,-109.385634,6.385461,7.029617,-95.062246,72.178065,3.899155,3.468452,-0.137856,2.220205,0.040854,0.030428
1.621547,-70.322167,-109.870237,6.440875,7.029228,-93.218131,71.647764,3.739879,3.728145,-0.125473,2.226098,0.040754,0.031747
1.622068,-71.189479,-110.282387,6.327037,7.067362,-92.351634,72.285677,3.721143,3.120111,-0.115399,2.234913,0.039966,0.028660
1.622589,-72.211555,-110.669382,6.529095,6.943532,-90.699064,72.230565,3.759116,3.233534,-0.100738,2.243324,0.040990,0.029730
1.623111,-73.033881,-110.797822,6.331166,7.047059,-88.858715,71.819762,3.687116,3.274669,-0.086440,2.250546,0.039989,0.030139
1.623632,-73.869459,-110.890142,6.461200,7.265439,-87.613393,72.564238,3.578568,3.179773,-0.074778,2.262517,0.040165,0.029428
1.624153,-74.668072,-110.985106,6.428883,7.056369,-86.814076,71.897385,3.809270,3.473672,-0.066317,2.262484,0.040780,0.032061
1.624674,-75.327433,-111.018503,6.215288,7.080567,-83.573987,72.385458,3.551927,3.385777,-0.044934,2.284577,0.039001,0.031276
1.625195,-76.391743,-110.955010,6.680694,6.824023,-82.891093,72.647102,3.683650,3.109905,-0.035384,2.290428,0.041525,0.030586
1.625717,-77.397024,-111.151616,6.235620,6.938603,-81.922021,72.400909,4.144931,3.398655,-0.024647,2.294577,0.040781,0.034247
1.626238,-78.314355,-110.818047,6.594893,6.883593,-80.010086,72.305391,4.146811,3.318093,-0.009260,2.305654,0.042539,0.034436
1.626759,-79.287074,-111.136627,6.235978,7.086892,-78.956676,72.384402,3.840272,3.510340,0.001800,2.312795,0.039906,0.034213
1.627280,-80.170077,-110.629644,6.576479,6.981705,-77.585178,72.633256,4.100471,3.250120,0.014104,2.323242,0.042285,0.034550
1.627802,-81.263154,-110.501234,6.300981,7.046384,-75.919854,72.687061,4.187831,3.283455,0.029160,2.334444,0.041284,0.035615
1.628323,-82.028510,-110.340617,6.616447,6.804127,-74.580522,72.742889,4.055996,3.281404,0.040658,2.343722,0.042352,0.035318
1.628844,-82.554976,-109.856400,6.466946,6.930792,-73.659940,72.847779,4.112322,3.304015,0.048647,2.350651,0.041897,0.035963
1.629365,-83.467451,-109.818037,6.275552,7.108978,-72.053325,72.691034,4.211739,3.202834,0.062459,2.360600,0.041335,0.036598
1.629887,-84.407758,-110.423118,6.576293,6.847723,-70.594944,72.446706,3.763869,3.280364,0.075390,2.369139,0.041318,0.034963
1.630408,-85.275256,-110.362630,6.343856,6.865947,-69.334625,72.158339,3.854034,3.216260,0.087115,2.376148,0.040521,0.035596
1.630929,-85.660280,-110.032413,6.418986,6.980569,-68.380374,72.432113,4.227461,3.117304,0.094421,2.384961,0.041934,0.037602
1.631450,-86.620487,-109.822877,6.530711,6.679660,-66.854224,72.606983,4.278428,3.172889,0.107929,2.397421,0.042522,0.038615
1.631971,-87.414851,-109.534399,6.305585,6.752985,-65.670064,72.816132,4.093404,2.884379,0.118687,2.407750,0.040924,0.036731
1.632493,-87.414834,-108.924108,6.295359,6.957031,-64.931729,72.798995,3.861231,3.396012,0.123096,2.413253,0.040362,0.037544
1.633014,-87.912165,-108.687228,6.387961,6.927781,-63.823774,72.861943,3.844072,3.065035,0.131912,2.422222,0.040720,0.036413
1.633535,-88.518343,-108.493204,6.451950,6.981746,-62.553348,73.326755,3.916025,3.328993,0.141847,2.435315,0.041114,0.038183
1.634056,-89.072012,-108.408919,6.416464,6.879266,-61.478197,73.564558,3.520121,2.883448,0.150490,2.445457,0.039781,0.034143
1.634578,-89.268349,-108.222914,6.453948,6.822820,-60.765077,73.649091,4.146175,2.977411,0.155457,2.451756,0.041640,0.038933
1.635099,-89.458331,-108.071681,6.401957,6.826915,-59.233004,73.623125,3.556719,2.936965,0.164843,2.464087,0.039777,0.035209
1.635620,-89.601408,-107.114061,6.449471,6.817228,-58.561004,74.512055,4.109240,3.180013,0.169267,2.475492,0.041484,0.039901
1.636141,-89.793741,-106.793841,6.438393,6.829709,-58.384398,74.620283,4.083697,3.174683,0.171437,2.477664,0.041396,0.039732
1.636663,-90.043122,-106.380425,6.621636,6.869384,-57.797894,74.120700,4.234984,3.386025,0.176778,2.479303,0.042834,0.041871
1.637184,-90.208119,-106.332540,6.579981,6.849516,-56.914968,74.435562,3.816183,3.269110,0.182135,2.488800,0.041380,0.038676
1.637705,-90.039947,-105.898594,6.581302,7.090972,-56.613818,74.356182,4.142081,3.332289,0.183355,2.490844,0.042428,0.041353
1.638226,-90.069045,-105.809096,6.595053,7.036139,-55.497278,74.739120,3.749334,3.372595,0.189192,2.502879,0.041311,0.038886
1.638747,-89.961367,-105.956828,6.622178,7.102386,-54.891390,74.378496,4.024979,3.547069,0.192074,2.505815,0.042220,0.041791
1.639269,-89.807725,-105.774400,6.523874,7.035948,-55.170514,74.345736,3.810820,3.598807,0.189981,2.503179,0.041261,0.040364
1.639790,-89.575800,-105.819574,6.382091,7.083720,-55.078675,74.329436,3.860789,3.570685,0.189202,2.503872,0.040760,0.040649
1.640311,-89.084791,-105.659052,6.454223,7.023757,-54.465643,74.557881,4.187852,3.589670,0.189785,2.510679,0.041964,0.043212
1.640832,-88.827389,-105.424980,6.461343,6.893556,-54.273598,74.302108,4.273825,3.477269,0.189939,2.510725,0.042323,0.043631
1.641354,-88.310019,-105.454899,6.547201,6.910928,-53.904722,74.307714,4.279414,3.620412,0.189106,2.514006,0.042732,0.044273
1.641875,-87.694716,-105.517265,6.376009,6.938555,-53.672915,74.428846,4.125254,3.669036,0.186861,2.516825,0.041517,0.043319
1.642396,-86.914957,-105.423667,6.404765,6.902298,-54.053069,74.565196,3.955973,3.555017,0.180588,2.514343,0.041187,0.041507
1.642917,-86.340684,-105.744552,6.559785,6.945195,-53.580722,74.361109,4.154065,3.628103,0.179926,2.517209,0.042427,0.043447
1.643439,-85.595717,-105.727438,6.326982,7.025333,-53.523480,74.427422,4.137524,3.594128,0.176180,2.518138,0.041370,0.043204
1.643960,-84.630451,-105.874059,6.608873,7.000220,-53.619788,74.541139,4.154750,3.643231,0.170222,2.518010,0.042657,0.043428
1.644481,-83.533623,-106.122456,6.327495,6.782212,-53.473493,74.409918,4.038007,3.673500,0.164995,2.518470,0.041044,0.042755
1.645002,-82.883439,-106.239765,6.590836,6.919265,-53.736279,74.537545,4.165263,3.583556,0.159857,2.516958,0.042578,0.043269
1.645523,-81.777513,-106.468766,6.439991,6.779151,-54.244813,74.660489,4.210378,3.613850,0.150851,2.513267,0.041995,0.043499
1.646045,-80.455894,-106.831424,6.596878,6.784877,-55.203478,74.917042,3.899327,3.317605,0.138058,2.506553,0.041751,0.039814
1.646566,-79.499285,-107.851987,6.552150,6.902566,-55.209388,73.994239,3.916613,3.268576,0.132788,2.500572,0.041609,0.040055
1.647087,-78.256499,-108.179295,6.593130,7.008529,-55.336170,73.625090,3.848381,3.244649,0.125410,2.497072,0.041669,0.039543
1.647608,-77.070123,-108.538900,6.188262,7.041747,-56.367612,73.760526,4.237393,3.268974,0.113079,2.489067,0.040897,0.042101
1.648130,-75.669821,-108.647460,6.251433,7.049318,-56.947314,73.926131,3.809442,3.222505,0.102191,2.485209,0.039913,0.038600
1.648651,-74.413605,-108.710189,6.532315,7.025186,-57.904592,73.652637,4.204888,3.092120,0.090282,2.475332,0.042422,0.040755
1.649172,-73.151925,-109.179068,6.430572,6.895230,-57.670114,73.248506,4.056696,3.332134,0.084663,2.474631,0.041531,0.040716
1.649693,-71.666139,-109.262174,6.548104,6.907478,-59.012341,73.744221,3.867840,3.192886,0.069034,2.466711,0.041458,0.038321
1.650215,-70.032858,-109.334942,6.573289,6.998999,-59.500478,73.579959,3.889423,3.169032,0.057517,2.461599,0.041688,0.038274
1.650736,-68.909699,-110.106015,6.375311,7.159463,-60.156742,73.278925,3.964414,3.338672,0.047694,2.454220,0.040896,0.039291
1.651257,-67.247068,-110.027266,6.218357,7.119743,-60.970485,73.057665,3.685392,3.370588,0.034269,2.446135,0.039462,0.037407
1.651778,-65.794474,-109.204045,6.246159,6.802852,-61.785956,74.012769,3.864315,3.230554,0.021875,2.445989,0.040079,0.037521
1.652299,-64.028083,-110.440527,6.236837,6.963406,-62.966112,72.747629,3.771846,3.138598,0.005797,2.428145,0.039787,0.036530
1.652821,-62.522674,-109.520865,6.445095,7.036075,-63.704759,73.672770,4.078951,3.162283,-0.006453,2.428627,0.041635,0.038139
1.653342,-61.339669,-109.547167,6.284613,7.129092,-64.696051,73.488353,3.654289,2.964428,-0.018335,2.419736,0.039712,0.034425
1.653863,-59.585936,-109.576946,6.261101,6.853360,-65.838471,73.376414,3.989851,3.180231,-0.034162,2.410288,0.040557,0.037034
1.654384,-57.989521,-109.875537,6.388387,6.935374,-67.003606,72.589205,3.680538,3.395609,-0.049362,2.396187,0.040362,0.035960
1.654906,-56.343192,-110.167237,6.504571,6.953975,-67.920703,73.033272,4.124468,3.201437,-0.063112,2.392450,0.041957,0.037348
1.655427,-54.764834,-109.697301,6.367315,6.963740,-68.816836,72.962061,3.673494,3.215585,-0.076779,2.385423,0.040136,0.034552
1.655948,-53.741406,-109.520576,6.390879,6.963964,-70.083229,72.552297,3.949399,3.437488,-0.089514,2.373503,0.041108,0.036790
1.656469,-51.797993,-109.124020,6.382532,6.893712,-70.597590,72.869134,3.505058,3.264638,-0.102933,2.372026,0.039819,0.033420
1.656991,-50.148002,-109.165688,6.472698,6.923999,-72.273142,72.603131,4.145942,3.211396,-0.121125,2.358472,0.041974,0.036218
1.657512,-48.860629,-108.782386,6.539771,7.093271,-72.418865,72.540325,3.579773,3.440544,-0.129201,2.357032,0.040814,0.034253
1.658033,-47.249395,-108.303243,6.375182,7.003643,-74.548607,72.886432,3.707501,3.001762,-0.149542,2.344921,0.040278,0.032278
1.658554,-45.945119,-107.884618,6.441736,7.153592,-75.800730,72.830404,3.831031,3.148401,-0.163729,2.336213,0.040966,0.033227
1.659075,-44.422581,-107.519790,6.400747,6.937469,-76.850502,72.361207,3.774216,3.324384,-0.178359,2.326117,0.040699,0.033564
1.659597,-43.032522,-106.827530,6.418384,7.060650,-77.455434,72.703043,3.579483,3.028548,-0.189439,2.324556,0.040269,0.031046
1.660118,-41.791245,-106.252271,6.636925,6.916993,-79.029958,72.857730,3.804694,2.920044,-0.204989,2.315580,0.041786,0.031218
1.660639,-40.391249,-106.233245,6.468948,6.951720,-79.715253,72.127295,3.660473,3.315217,-0.217003,2.306263,0.040765,0.032324
1.661160,-39.463636,-105.837543,6.264677,6.911998,-80.500417,71.832599,3.606287,3.507131,-0.226991,2.299355,0.039791,0.032917
1.661682,-38.534936,-105.173501,6.412187,6.713520,-81.657800,71.971544,3.582319,3.512684,-0.238788,2.293228,0.040359,0.032553
1.662203,-37.272885,-104.751484,6.629690,6.983898,-82.785031,72.217373,3.623674,3.423529,-0.251721,2.288122,0.041424,0.031963
1.662724,-36.441105,-104.084580,6.513351,6.920534,-83.660478,71.783397,3.633557,3.389899,-0.262307,2.279935,0.041051,0.031707
1.663245,-35.228292,-104.818347,6.448731,6.814041,-84.977223,71.870097,3.767715,2.974578,-0.274458,2.272822,0.040675,0.029906
1.663767,-34.450720,-104.193862,6.481215,6.815118,-85.582804,70.947297,3.553582,3.281057,-0.284053,2.262966,0.040587,0.030537
1.664288,-33.799688,-103.903278,6.516664,6.888789,-86.144506,71.129105,3.817522,3.657447,-0.290592,2.261010,0.041453,0.033327
1.664809,-32.883791,-103.184729,6.431481,6.947570,-86.943405,71.081563,3.746975,3.405185,-0.300800,2.256154,0.040939,0.031576
1.665330,-32.287268,-103.070106,6.412319,7.042778,-88.044739,71.473915,3.889796,3.259267,-0.309201,2.252686,0.041064,0.031068
1.665851,-31.890686,-102.410425,6.428574,6.742213,-88.077075,70.923334,3.769048,3.607692,-0.313464,2.248725,0.041000,0.032472
1.666373,-31.080529,-102.431736,6.439350,6.899902,-89.320997,71.090267,3.815890,3.876786,-0.323823,2.243030,0.041138,0.033754
1.666894,-30.667236,-101.805659,6.359538,6.870547,-90.012633,71.093807,3.907897,3.740937,-0.330637,2.239299,0.041044,0.033181
1.667415,-30.412918,-101.642113,6.427991,6.975456,-90.453443,71.030344,4.049978,3.776754,-0.334636,2.236491,0.041760,0.033765
1.667936,-30.121636,-100.520535,6.613229,6.838107,-90.538616,71.820352,3.969273,3.477722,-0.337180,2.241412,0.042209,0.031803
1.668458,-29.768729,-100.083916,6.704417,6.842898,-91.733046,72.002833,3.595498,3.705127,-0.345623,2.236272,0.041704,0.031417
1.668979,-29.723850,-100.137239,6.774968,6.899138,-91.987527,72.060607,3.889562,3.454485,-0.346956,2.235317,0.042603,0.031032
1.669500,-29.522960,-99.964943,6.634229,7.006541,-92.297633,71.823349,3.897439,3.400575,-0.350344,2.232085,0.042130,0.030748
1.670021,-29.602044,-100.010020,6.677799,7.001007,-92.758772,71.924842,3.797951,3.416697,-0.352029,2.230354,0.042012,0.030369
1.670542,-29.685637,-99.872610,6.744956,6.967783,-92.982710,71.457913,3.593379,3.288022,-0.353891,2.226037,0.041883,0.029032
1.671064,-29.685637,-99.872610,6.744956,6.967783,-92.971196,71.589749,3.751022,3.622438,-0.353582,2.226988,0.042317,0.031284
1.671585,-29.856108,-99.920512,6.683145,6.953589,-93.323716,71.171862,3.655291,3.490254,-0.355220,2.222334,0.041852,0.030263
1.672106,-29.959297,-99.846596,6.580050,7.037880,-93.843483,71.600536,3.689330,3.532718,-0.356680,2.222552,0.041456,0.030423
1.672627,-30.791419,-100.138151,6.789328,6.828353,-94.037009,71.594039,3.838224,3.494285,-0.352866,2.221515,0.042533,0.030665
1.673149,-31.080220,-100.132220,6.681589,6.878774,-94.141132,71.504175,3.888153,3.529907,-0.352100,2.220377,0.042278,0.031002
1.673670,-31.523346,-100.336261,6.657509,6.929330,-94.141132,71.504175,3.888153,3.529907,-0.349441,2.220377,0.042197,0.031002
1.674191,-32.161968,-100.659134,6.616818,6.815410,-93.860312,71.219276,4.026203,3.609971,-0.344639,2.219893,0.042393,0.031975
1.674712,-32.612791,-101.053806,6.484787,7.066439,-93.820555,71.237550,4.002945,3.612481,-0.341351,2.220220,0.041877,0.031918
1.675234,-33.682720,-101.326579,6.574149,6.876511,-93.820555,71.237550,4.002945,3.612481,-0.335334,2.220220,0.042161,0.031918
1.675755,-34.694391,-101.833215,6.509625,6.825517,-93.820555,71.237550,4.002945,3.612481,-0.329199,2.220220,0.041830,0.031918
1.676276,-35.562775,-102.013670,6.647789,6.833221,-93.422330,71.282015,3.749151,3.675114,-0.322240,2.222571,0.041844,0.031508
1.676797,-36.656297,-102.583198,6.516310,6.842971,-92.972028,71.535689,3.805403,3.613379,-0.312814,2.226619,0.041336,0.031421
1.677318,-37.870481,-102.563956,6.637766,6.955697,-92.488763,71.564827,4.134569,3.703722,-0.303947,2.229336,0.042881,0.033099
1.677840,-38.866650,-103.154977,6.407231,6.932025,-92.092020,71.513829,3.893588,3.739666,-0.295783,2.231072,0.041241,0.032576
1.678361,-40.277022,-103.622055,6.518577,7.080578,-92.180022,71.555634,3.851914,3.737415,-0.288048,2.230893,0.041639,0.032400
1.678882,-41.759914,-103.925325,6.450074,6.958588,-91.780684,71.911823,3.826612,3.571946,-0.277151,2.235406,0.041159,0.031483
1.679403,-42.708946,-105.727005,6.453577,6.871111,-91.729624,70.730985,4.048110,3.714712,-0.270971,2.227653,0.041673,0.033172
1.679925,-44.408755,-106.449514,6.511339,7.007351,-90.935479,70.689039,3.636914,3.606809,-0.256855,2.231575,0.040875,0.031414
1.680446,-45.703743,-107.172329,6.595760,6.994298,-90.107862,70.644662,3.892987,3.597343,-0.244713,2.235705,0.041856,0.032425
1.680967,-47.800337,-107.271449,6.502840,6.950570,-89.255257,70.826871,3.617986,3.495131,-0.228692,2.241581,0.040793,0.031095
1.681488,-49.018261,-107.848999,6.446944,6.993571,-88.175401,70.845217,3.755744,3.508697,-0.215720,2.247642,0.040879,0.031895
1.682010,-50.660479,-108.248579,6.440795,6.952508,-88.191514,70.919578,3.265368,3.562106,-0.206488,2.248065,0.039589,0.030473
1.682531,-52.630116,-108.555448,6.279256,6.893760,-86.846888,71.182369,3.620203,3.545032,-0.188119,2.257393,0.039714,0.031841
1.683052,-54.255360,-108.799400,6.481400,6.873877,-86.665032,70.677612,3.626192,3.686495,-0.178653,2.254933,0.040788,0.032751
1.683573,-56.335134,-109.562508,6.455085,7.148873,-85.959969,71.260148,3.932880,3.553501,-0.162391,2.262967,0.041315,0.033251
1.684094,-58.046287,-110.015246,6.488773,7.092129,-85.623431,71.037954,3.969598,3.456745,-0.151153,2.263360,0.041570,0.033027
1.684616,-60.150250,-109.362998,6.473033,6.919632,-84.409950,72.021350,4.060607,3.367021,-0.132958,2.277164,0.041761,0.033122
1.685137,-62.081263,-109.549052,6.476031,7.056233,-83.798230,72.415080,3.921395,3.393103,-0.118786,2.283454,0.041333,0.032761
1.685658,-64.102836,-109.751459,6.533092,6.970324,-82.991463,72.251923,3.613542,3.351948,-0.103412,2.287126,0.040817,0.031509
1.686179,-66.105609,-110.138208,6.547543,6.984270,-82.094830,72.178311,3.357177,3.703131,-0.087477,2.292004,0.040228,0.032535
1.686701,-67.588078,-110.393858,6.190670,7.076977,-81.210198,72.521943,3.573480,3.494180,-0.074335,2.299739,0.038994,0.032418
1.687222,-69.937713,-110.621782,6.547031,7.073229,-80.355706,72.189243,4.039130,3.542140,-0.056926,2.302711,0.042016,0.034921
1.687743,-71.873600,-110.873124,6.328539,7.046315,-79.281943,72.349476,3.838949,3.566759,-0.040412,2.310507,0.040370,0.034407
1.688264,-73.711260,-111.037228,6.238058,7.022578,-78.763539,72.162621,3.855392,3.566418,-0.027571,2.312486,0.040016,0.034647
1.688786,-75.577708,-110.831591,6.221271,7.086841,-78.293184,72.295004,4.035545,3.363081,-0.014827,2.316384,0.040490,0.034606
1.689307,-77.667269,-110.823980,6.282541,7.088029,-77.469381,72.502982,4.000282,3.532020,0.001079,2.323091,0.040627,0.035417
1.689828,-79.689112,-110.732347,6.403815,6.985172,-76.375101,72.393759,3.575057,3.668658,0.018095,2.329439,0.040044,0.034444
1.690349,-81.909547,-110.597625,6.494925,7.022518,-75.393701,72.839913,3.143848,3.267324,0.035506,2.338968,0.039316,0.030604
1.690870,-83.622293,-109.996374,6.282916,6.955425,-74.999967,72.734174,3.753878,3.520544,0.047151,2.340859,0.040015,0.034797
1.691392,-85.655093,-110.003488,6.272186,6.942335,-74.794401,72.773722,3.862207,3.558422,0.059351,2.342502,0.040238,0.035544
1.691913,-87.566960,-109.971299,6.236180,6.924057,-73.477846,72.870260,4.089507,3.480586,0.076904,2.352043,0.040676,0.036670
1.692434,-89.628318,-109.717473,6.311396,6.961266,-72.937641,73.048710,3.849295,3.404386,0.091070,2.356955,0.040297,0.035204
1.692955,-91.464925,-109.468870,6.349167,6.958541,-72.460329,72.328144,3.636155,3.633173,0.104159,2.355282,0.040061,0.035501
1.693477,-93.219828,-109.368525,6.206274,6.847301,-71.213132,72.765611,3.744699,3.481459,0.120244,2.366977,0.039545,0.035538
1.693998,-94.552144,-108.901619,6.430687,6.901427,-70.950511,72.593751,3.877660,3.685163,0.129314,2.367642,0.041058,0.037286
1.694519,-96.102192,-108.014759,6.316233,6.969699,-70.205186,73.008520,3.963447,3.270304,0.142095,2.375766,0.040804,0.036006
1.695040,-97.989382,-108.841874,6.429747,6.943315,-70.247864,72.073606,4.160168,3.252055,0.152155,2.369022,0.041843,0.037214
1.695562,-99.511582,-108.618301,6.512980,6.909151,-69.276834,72.132386,3.787467,3.447520,0.165739,2.376385,0.041140,0.036279
1.696083,-101.028837,-108.185115,6.577138,6.781528,-69.274631,72.284463,3.796304,3.251525,0.174170,2.377453,0.041431,0.035417
1.696604,-102.502903,-107.848356,6.556599,6.639580,-68.741553,71.952982,3.806626,3.328808,0.185609,2.379016,0.041413,0.036042
1.697125,-103.748473,-107.650492,6.272514,6.876513,-68.199995,71.775620,4.076848,3.413569,0.195590,2.381734,0.040940,0.038145
1.697646,-105.055813,-107.426088,6.418763,6.806581,-68.155168,71.794926,4.106773,3.412528,0.203057,2.382196,0.041643,0.038322
1.698168,-106.065070,-107.143332,6.474266,6.796065,-67.507207,71.806792,3.648701,3.498858,0.212223,2.387047,0.040650,0.036316
1.698689,-107.456109,-106.937285,6.257163,6.956113,-67.562629,71.631862,3.717814,3.636390,0.219797,2.385420,0.039932,0.037370
1.699210,-108.367699,-106.677266,6.404537,6.911638,-67.434584,71.773703,3.773004,3.703047,0.225480,2.387354,0.040714,0.037980
1.699731,-109.477176,-106.596303,6.475104,6.865323,-67.892806,71.714816,4.270569,3.593731,0.229117,2.383564,0.042361,0.040151
1.700253,-109.932008,-106.551316,6.427932,6.754971,-67.284692,71.718876,3.851073,3.681448,0.234815,2.388083,0.040939,0.038363
1.700774,-110.808474,-106.184265,6.643733,6.748500,-67.284692,71.718876,3.851073,3.681448,0.239936,2.388083,0.041931,0.038363
1.701295,-111.685916,-105.242252,6.415281,6.856876,-67.306426,72.718640,3.851073,3.681448,0.244393,2.394827,0.040894,0.038085
1.701816,-112.179505,-105.276153,6.454111,6.784712,-67.584363,72.631626,3.717814,3.636390,0.245604,2.392175,0.040692,0.037095
1.702338,-112.975235,-105.064060,6.616245,6.576310,-68.031764,72.574830,4.038526,3.559289,0.247805,2.388494,0.042214,0.038420
1.702859,-113.341254,-105.156522,6.695269,6.812175,-68.095060,72.844386,4.153712,3.422374,0.248919,2.389879,0.042817,0.038410
1.703380,-114.172436,-105.122906,6.419291,6.863423,-68.176902,72.794690,4.106773,3.412528,0.252983,2.388940,0.041484,0.038083
1.703901,-114.301873,-105.018798,6.401423,6.914660,-68.663731,72.635754,4.047958,3.607868,0.251455,2.384298,0.041369,0.038484
1.704422,-114.548787,-105.227308,6.607004,6.763867,-68.922034,72.542792,3.872259,3.362663,0.251238,2.381784,0.041691,0.036371
1.704944,-114.998304,-105.060694,6.605021,7.016366,-69.294052,72.924407,3.827453,3.369386,0.251356,2.381716,0.041593,0.035959
1.705465,-115.190547,-105.296927,6.673679,6.883549,-69.819492,72.624510,3.940728,3.531340,0.249685,2.375884,0.042205,0.037220
1.705986,-115.280047,-105.294814,6.731703,6.860292,-70.735681,72.333578,3.705332,3.533147,0.245706,2.367363,0.041971,0.035802
1.706507,-115.280047,-105.294814,6.731703,6.860292,-70.823292,72.305458,3.765099,3.520773,0.245279,2.366550,0.042129,0.036038
1.707029,-115.115442,-105.525452,6.695439,6.745682,-71.000774,72.814742,3.758887,3.512432,0.242495,2.368807,0.041772,0.035800
1.707550,-115.225008,-105.695356,6.670213,6.797228,-71.541202,73.005210,4.079886,3.259074,0.239751,2.366322,0.042419,0.036204
1.708071,-115.174471,-106.064095,6.615580,6.956085,-72.502404,73.178200,4.103622,3.077267,0.233719,2.360833,0.042200,0.035254
1.708592,-114.999663,-105.839568,6.606718,6.933362,-73.279854,73.066152,3.657223,3.112970,0.229100,2.354734,0.041120,0.032810
1.709114,-114.350844,-106.488825,6.397230,6.748603,-74.006935,72.343133,3.973787,3.653000,0.221882,2.344826,0.041118,0.036845
1.709635,-113.908116,-106.447958,6.366543,7.141586,-74.859225,73.173642,3.729591,2.972332,0.214064,2.344808,0.040230,0.032133
1.710156,-113.304142,-107.204527,6.575779,6.934754,-75.529084,73.228202,3.623136,2.891023,0.206377,2.340728,0.040729,0.031049
1.710677,-112.958912,-107.290327,6.602806,6.912995,-76.777352,72.823652,3.675589,3.407185,0.198243,2.329772,0.041167,0.033423
1.711198,-111.945247,-107.870462,6.329412,6.855065,-77.185476,72.706307,3.804507,3.188513,0.190167,2.326321,0.040193,0.032929
1.711720,-111.717193,-107.917331,6.378142,6.950895,-78.068661,72.945501,3.662579,2.778003,0.183941,2.322282,0.040004,0.030144
1.712241,-110.618391,-109.207005,6.483775,6.946504,-78.550344,71.816121,3.688374,3.280975,0.175330,2.311439,0.040613,0.032626
1.712762,-109.725243,-109.640728,6.308885,6.986327,-79.134236,71.837990,3.322338,3.526480,0.166995,2.307904,0.038852,0.032146
1.713283,-108.821799,-109.640757,6.555442,6.678965,-80.599203,71.852281,3.657950,3.154794,0.154267,2.298882,0.040856,0.031366
1.713805,-107.881185,-110.202315,6.481240,6.917447,-82.162647,71.419257,4.200305,3.357237,0.140670,2.286356,0.042100,0.034386
1.714326,-107.314319,-110.680743,6.226279,6.827801,-82.795848,71.585280,3.711587,3.235139,0.133718,2.283706,0.039445,0.031494
1.714847,-106.264912,-110.850876,6.570755,6.810319,-84.130136,71.521448,4.057156,3.342611,0.120781,2.275365,0.042025,0.033140
1.715368,-105.117886,-111.073674,6.381864,6.924598,-84.858746,72.127941,3.551889,3.072770,0.110136,2.275277,0.039644,0.029471
1.715890,-103.911527,-111.207326,6.480619,7.004951,-86.150986,71.491121,4.047653,3.297017,0.096908,2.263467,0.041631,0.032353
1.716411,-102.568999,-111.627557,6.433853,6.993873,-87.176473,70.905404,3.727685,3.688255,0.084128,2.253628,0.040611,0.032962
1.716932,-101.326000,-110.829050,6.296837,6.767134,-89.006124,72.858746,3.911644,3.050890,0.066969,2.256765,0.040266,0.029753
1.717453,-99.892793,-110.870432,6.295368,6.789928,-89.617572,72.096533,4.228261,3.319864,0.056100,2.248270,0.041382,0.032199
1.717974,-98.768383,-110.804842,6.555849,6.715248,-90.785752,71.842904,3.915197,3.500836,0.043677,2.240238,0.041767,0.031665
1.718496,-97.431748,-111.171777,6.287066,6.963637,-91.918753,71.868038,4.136186,3.448091,0.030110,2.234381,0.041097,0.031918
1.719017,-96.373437,-111.200094,6.523713,6.807225,-92.138558,72.671214,3.647900,3.388500,0.023028,2.238619,0.040640,0.029743
1.719538,-95.126229,-111.256141,6.215705,7.072307,-93.607321,72.254843,4.207454,3.637017,0.008277,2.228162,0.040900,0.032642
1.720059,-93.512845,-111.076824,6.291895,7.099373,-94.770554,72.202199,3.915422,3.401100,-0.006862,2.221847,0.040433,0.030204
1.720581,-92.360196,-111.015383,6.504462,6.874533,-95.835375,72.301878,4.228388,3.294334,-0.018955,2.217132,0.042312,0.030494
1.721102,-91.161593,-110.979074,6.174939,7.002569,-96.147507,72.246889,4.211081,3.347020,-0.027205,2.215204,0.040778,0.030618
1.721623,-89.716977,-111.213903,6.277779,7.041820,-97.840429,72.144686,4.174371,3.443434,-0.044275,2.206166,0.041079,0.030579
1.722144,-88.431424,-110.764401,6.413155,6.918467,-98.782285,71.763755,3.799515,3.426695,-0.056648,2.199077,0.040778,0.029156
1.722666,-86.984718,-110.727821,6.065639,7.158789,-99.537400,72.616924,4.099640,3.606333,-0.068358,2.201077,0.039856,0.030720
1.723187,-85.566001,-110.300871,6.278014,7.063949,-100.425269,72.307659,4.105276,3.301160,-0.081193,2.194829,0.040953,0.029059
1.723708,-84.337835,-110.146563,6.464740,7.028125,-101.575377,72.232165,4.138382,3.351591,-0.094235,2.188946,0.041906,0.029163
1.724229,-83.075353,-109.806973,6.218975,6.980821,-102.173941,72.765935,3.999707,3.671405,-0.104229,2.189648,0.040310,0.030175
1.724750,-81.860720,-109.514190,6.366132,7.109596,-102.537444,72.010081,3.628319,3.762561,-0.113417,2.183051,0.040160,0.029679
1.725272,-80.964038,-109.110306,6.573230,6.869059,-103.752142,71.826975,4.180125,3.510570,-0.125285,2.176332,0.042709,0.029643
1.725793,-79.798525,-108.929195,6.377862,7.012726,-104.076013,72.112258,4.135062,3.589066,-0.133304,2.176728,0.041640,0.029813
1.726314,-78.654327,-108.595172,6.395925,7.066294,-105.510950,71.717341,4.182589,3.542906,-0.147858,2.167778,0.041952,0.029448
1.726835,-77.803587,-108.470431,6.444400,7.069185,-105.812446,72.189697,4.075191,3.405749,-0.153812,2.169504,0.041736,0.028353
1.727357,-76.595140,-108.039074,6.528931,6.765484,-106.510552,72.774527,4.025479,3.810143,-0.163964,2.170200,0.041865,0.030078
1.727878,-75.532934,-108.718551,6.709403,6.808080,-106.393913,71.498983,3.964123,3.864280,-0.169598,2.162497,0.042627,0.030390
1.728399,-74.737192,-108.652369,6.483673,6.942880,-107.184335,71.959502,4.095604,3.680250,-0.177755,2.162043,0.041824,0.029544
1.728920,-73.551226,-108.065150,6.236118,6.906333,-107.121414,71.683761,4.035605,3.475541,-0.184634,2.160539,0.040679,0.028380
1.729441,-72.808029,-108.240979,6.376499,7.061408,-107.553663,71.934991,4.158745,3.673998,-0.190504,2.160294,0.041557,0.029603
1.729963,-71.909741,-107.816369,6.474907,6.955563,-107.521081,71.606674,4.227624,3.457097,-0.195931,2.158322,0.042281,0.028726
1.730484,-71.755552,-107.694884,6.498939,7.016793,-107.639870,71.540913,4.296272,3.582102,-0.197595,2.157389,0.042639,0.029519
1.731005,-70.593475,-107.283707,6.574575,6.976084,-107.663711,71.135330,4.205162,3.565728,-0.204856,2.154669,0.042834,0.029227
1.731526,-70.139226,-107.366050,6.476146,7.126682,-108.372879,71.119470,3.856975,3.670053,-0.211022,2.151551,0.041413,0.028755
1.732048,-69.516883,-107.094740,6.740251,6.931685,-108.180220,70.992407,3.727519,3.711208,-0.213786,2.151547,0.042306,0.028719
1.732569,-69.074034,-107.049885,6.672692,6.952626,-108.341038,71.345517,3.999561,3.429722,-0.216657,2.153143,0.042582,0.027841
1.733090,-68.459173,-107.192269,6.481084,6.998706,-108.090409,71.527278,4.018875,3.801560,-0.218220,2.155377,0.041747,0.029851
1.733611,-68.190489,-106.285404,6.574865,7.169954,-108.322865,72.144896,4.032598,3.532274,-0.221237,2.158349,0.042248,0.028377
1.734133,-67.993711,-106.223128,6.543757,7.204994,-108.372552,72.220039,4.014810,3.423980,-0.222536,2.158618,0.042044,0.027766
1.734654,-67.234159,-105.820015,6.590770,7.034745,-107.776002,72.732850,4.307393,3.610139,-0.223272,2.164444,0.043011,0.029548
1.735175,-66.892488,-106.087444,6.394988,6.942372,-107.864586,72.041402,3.807850,3.696579,-0.226082,2.159644,0.040839,0.028766
1.735696,-66.672581,-105.888839,6.351397,7.146796,-107.549799,72.285917,3.816348,3.565337,-0.225519,2.162562,0.040698,0.028131
1.736217,-66.627730,-106.078685,6.447752,6.900673,-107.075498,72.616180,3.874385,3.666185,-0.222600,2.166726,0.041136,0.028854
1.736739,-66.503440,-106.172079,6.462388,7.040952,-107.010396,72.600465,3.894794,3.703068,-0.222821,2.166908,0.041275,0.029112
1.737260,-66.239920,-106.717098,6.584910,6.943374,-106.064508,72.001248,3.830469,3.692172,-0.219252,2.167182,0.041670,0.029146
1.737781,-66.162867,-106.574644,6.607666,7.012638,-105.271286,71.954314,3.778750,3.499285,-0.215653,2.170371,0.041706,0.028159
1.738302,-66.308779,-106.823780,6.585883,6.978335,-105.265677,72.289999,3.783618,3.473457,-0.214163,2.172566,0.041486,0.028002
1.738824,-66.439910,-106.982291,6.616682,7.022565,-103.956325,72.096547,3.684419,3.347543,-0.206510,2.177165,0.041440,0.027354
1.739345,-66.430905,-107.164192,6.609287,7.110386,-103.494791,71.877638,3.637216,3.515134,-0.204129,2.177825,0.041350,0.028215
1.739866,-66.510672,-107.205634,6.562612,7.118777,-102.774543,72.199231,4.103251,3.422555,-0.199447,2.183199,0.042321,0.029152
1.740387,-66.777706,-107.344979,6.760184,6.977370,-102.072578,71.927572,3.875204,3.564663,-0.194392,2.184650,0.042655,0.029396
1.740909,-66.965196,-107.635904,6.621575,7.157054,-101.418181,72.056146,3.735892,3.387203,-0.189435,2.188525,0.041615,0.028197
1.741430,-67.418942,-108.387393,6.645236,7.118674,-99.856203,72.197695,3.797881,3.426553,-0.177728,2.196803,0.041759,0.028878
1.741951,-67.418942,-108.387393,6.645236,7.118674,-98.998732,72.458349,3.442385,3.182941,-0.172880,2.202620,0.040818,0.026701
1.742472,-68.011610,-108.424807,6.509910,7.203592,-97.928107,72.796174,3.360611,3.155449,-0.163607,2.210036,0.039967,0.026470
1.742993,-68.308155,-109.002810,6.572294,7.204122,-97.259212,72.212548,3.821038,3.371705,-0.158422,2.209464,0.041475,0.029206
1.743515,-69.057148,-108.852917,6.441280,7.098090,-96.557063,71.722931,3.947543,3.527453,-0.151129,2.209676,0.041407,0.030614
1.744036,-69.669979,-110.201743,6.585444,7.058011,-94.915124,71.390611,3.508059,3.302249,-0.138136,2.215673,0.040733,0.028443
1.744557,-70.124409,-110.310588,6.536844,7.078408,-94.338378,71.389989,4.027838,3.333892,-0.132482,2.218600,0.041901,0.030447
1.745078,-70.762207,-110.430682,6.359571,6.953397,-92.909308,71.696577,3.871910,3.346588,-0.121008,2.228031,0.040604,0.030265
1.745600,-71.550605,-110.914790,6.200594,7.129475,-92.273635,71.462455,3.954053,3.482920,-0.113142,2.229770,0.040107,0.031417
1.746121,-71.950025,-111.030521,6.469091,7.022243,-90.640249,71.353620,4.159686,3.499298,-0.102121,2.237695,0.041959,0.032644
1.746642,-72.559541,-111.501131,6.490313,6.918980,-89.919316,71.028454,4.024173,3.512819,-0.094821,2.239356,0.041656,0.032443
1.747163,-73.564390,-111.462584,6.447500,7.003361,-87.961014,71.141655,3.770494,3.495156,-0.078678,2.250872,0.040789,0.031880
1.747685,-73.957090,-111.585687,6.525700,7.077062,-86.912600,71.744670,3.849295,3.404386,-0.070550,2.260882,0.041231,0.031867
1.748206,-74.501368,-111.684468,6.575856,6.936547,-85.620950,71.336087,4.099789,3.193990,-0.060681,2.265433,0.042260,0.032239
1.748727,-75.524519,-111.873249,6.339869,7.170988,-84.301566,71.561567,3.565821,3.318125,-0.047812,2.274637,0.039616,0.030965
1.749248,-76.059854,-111.616690,6.589426,7.014048,-82.601732,71.443983,4.072019,3.415074,-0.035721,2.283889,0.042288,0.033975
1.749769,-76.914826,-110.798211,6.297605,6.968751,-81.326025,73.006738,3.227628,3.157888,-0.023995,2.302342,0.038491,0.029182
1.750291,-77.831873,-110.797717,6.524453,6.955617,-80.116105,72.693422,4.219894,3.250857,-0.012448,2.307658,0.042343,0.034385
1.750812,-78.443415,-110.732868,6.571063,6.770714,-79.432538,72.015531,3.697164,3.502432,-0.005412,2.307260,0.041257,0.033498
1.751333,-79.384310,-110.911737,6.188716,6.790731,-78.672900,72.698752,3.754862,3.332460,0.003875,2.316748,0.039424,0.032985
1.751854,-79.643436,-110.981650,6.230575,6.961712,-76.837553,72.833268,3.774606,3.313789,0.015264,2.329447,0.039627,0.033431
1.752376,-80.416874,-110.652223,6.567312,6.884205,-75.670535,72.961348,4.261669,3.310272,0.025844,2.337969,0.042623,0.036136
1.752897,-81.313986,-110.764062,6.334900,6.728418,-74.898481,72.777959,3.886728,3.320859,0.034940,2.341836,0.040469,0.034536
1.753418,-81.784319,-110.497264,6.361416,6.932690,-73.792139,72.855995,4.068493,3.241449,0.043561,2.349811,0.041146,0.035421
1.753939,-82.188437,-110.409784,6.422245,6.882283,-72.573524,73.131761,3.774655,3.208884,0.052338,2.360026,0.040533,0.034023
1.754461,-82.948707,-110.070555,6.533383,6.763184,-71.056880,73.156278,4.362331,3.303568,0.064811,2.370751,0.042778,0.038090
1.754982,-83.358129,-109.712574,6.275747,7.001143,-69.645146,73.286992,4.125447,3.085365,0.074795,2.381669,0.040929,0.036289
1.755503,-83.695162,-109.684196,6.260503,7.035609,-68.317057,73.196788,4.288601,3.271665,0.083891,2.390663,0.041355,0.038439
1.756024,-84.368166,-109.399906,6.436396,6.872102,-67.929813,73.114356,4.223347,3.208010,0.089824,2.392936,0.042004,0.037945
1.756545,-84.942032,-109.162786,6.400985,6.779633,-66.687497,73.288400,4.257090,3.291222,0.099720,2.403317,0.041916,0.038852
1.757067,-85.324624,-109.234350,6.203555,6.859940,-65.898761,73.326256,4.356019,3.213733,0.106009,2.409493,0.041288,0.039431
1.757588,-85.390438,-109.002944,6.295671,6.961210,-64.416976,73.742834,4.161644,3.053308,0.114269,2.423593,0.041031,0.038019
1.758109,-85.732667,-108.767196,6.419038,6.887313,-64.229992,73.329695,4.062868,3.310069,0.117539,2.422249,0.041434,0.038516
1.758630,-85.848341,-108.604257,6.386286,6.851225,-63.228224,73.546772,4.268401,3.131721,0.123551,2.431494,0.041837,0.039456
1.759152,-86.235295,-108.214237,6.620004,6.982370,-62.789851,73.644679,3.766547,3.376321,0.128214,2.435588,0.041550,0.037275
1.759673,-86.137968,-108.227722,6.545497,7.003591,-62.239569,73.911596,4.012546,2.975913,0.130464,2.441714,0.041787,0.037450
1.760194,-86.364124,-107.928885,6.656817,6.865177,-61.036257,74.038105,3.757545,3.155869,0.138301,2.452156,0.041598,0.036752
1.760715,-86.281123,-108.838127,6.653519,6.723516,-60.711838,73.463708,3.806632,3.197951,0.139349,2.450949,0.041618,0.037482
1.761237,-86.529574,-108.695757,6.590757,6.756112,-59.866607,73.252675,4.036561,3.285437,0.145506,2.456415,0.042004,0.039680
1.761758,-86.248545,-108.605595,6.572049,6.871371,-58.871948,73.850217,4.054541,3.165554,0.148934,2.468573,0.041836,0.039540
1.762279,-86.345612,-108.596634,6.644764,6.849249,-58.637249,73.014125,4.014297,3.508691,0.151402,2.464968,0.042249,0.040835
1.762800,-86.091557,-108.449203,6.534310,6.971813,-58.504307,73.360394,3.984887,3.379596,0.150588,2.468383,0.041632,0.040084
1.763321,-85.757924,-108.344913,6.428320,7.076942,-58.409115,73.652197,4.202608,3.053109,0.149155,2.471110,0.041734,0.040427
1.763843,-85.631713,-108.209392,6.384474,7.038836,-57.901496,73.404098,4.065818,3.150332,0.151518,2.473716,0.041218,0.040017
1.764364,-85.463667,-108.045794,6.379498,6.945117,-57.518094,73.583565,4.197415,3.397004,0.152663,2.478129,0.041567,0.041898
1.764885,-84.834223,-107.945785,6.484943,6.986475,-57.343514,73.399411,4.098106,3.561384,0.150448,2.478388,0.041846,0.041907
1.765406,-84.053544,-106.780015,6.608374,6.842377,-56.976821,74.391855,3.776709,3.647913,0.148355,2.487992,0.041568,0.039802
1.765928,-83.805547,-106.987017,6.423729,6.926154,-56.935752,74.413177,3.749785,3.648685,0.147055,2.488478,0.040608,0.039626
1.766449,-83.334140,-106.920279,6.299640,6.948197,-56.943823,74.276691,3.731910,3.676961,0.144627,2.487524,0.040051,0.039658
1.766970,-82.530952,-107.343142,6.605566,6.910196,-57.024744,74.230181,3.784809,3.679658,0.139560,2.486535,0.041544,0.040020
1.767491,-81.803183,-107.338449,6.333597,6.927280,-57.024744,74.230181,3.784809,3.679658,0.135631,2.486535,0.040311,0.040020
1.768013,-80.853871,-107.190089,6.514033,6.816558,-57.025560,74.188752,3.795334,3.651180,0.130625,2.486259,0.041229,0.039995
1.768534,-79.915766,-107.467343,6.331633,6.917148,-56.945537,74.411658,3.747182,3.463264,0.125629,2.488386,0.040166,0.038899
1.769055,-79.412826,-107.755942,6.347519,7.072780,-56.910939,74.306234,3.739241,3.616995,0.122971,2.487995,0.040208,0.039473
1.769576,-78.415152,-107.834231,6.593067,6.802862,-56.880554,74.350383,3.804321,3.398374,0.117656,2.488539,0.041492,0.039094
1.770097,-77.441377,-108.005041,6.316958,6.927625,-57.696905,74.480919,4.056475,3.321946,0.107778,2.482499,0.040911,0.040309
1.770619,-75.956084,-108.302512,6.287509,6.818670,-58.032055,74.086246,4.018326,3.243885,0.097959,2.477115,0.040721,0.039771
1.771140,-75.442832,-108.303784,6.297029,6.926617,-58.591830,74.126014,3.775198,3.233883,0.092108,2.472711,0.040089,0.037855
1.771661,-74.238849,-108.700796,6.398231,6.849553,-58.704782,74.184402,3.723790,3.134421,0.084736,2.472157,0.040339,0.037088
1.772182,-73.294420,-108.651503,6.292828,6.858979,-59.051798,74.165583,3.801145,2.997994,0.077749,2.469164,0.040097,0.037039
1.772704,-71.846580,-108.786487,6.503734,6.799148,-59.589459,74.302078,4.063313,3.428339,0.066847,2.465640,0.041790,0.040184
1.773225,-70.733040,-109.034508,6.401573,6.937066,-60.648792,74.332081,3.780246,3.305630,0.054940,2.457221,0.040487,0.037505
1.773746,-69.610182,-109.042138,6.291242,6.945420,-61.080000,73.950403,3.841499,2.870459,0.046581,2.451222,0.040240,0.036288
1.774267,-68.377072,-109.054100,6.503234,6.753891,-61.850899,74.394562,3.995050,3.301822,0.035560,2.448002,0.041578,0.038526
1.774789,-66.556985,-109.576917,6.535845,6.849339,-62.912796,73.826297,3.713603,3.162366,0.019867,2.435838,0.040979,0.036005
1.775310,-65.578714,-109.318341,6.225811,7.033846,-62.962479,74.173822,3.742663,3.291724,0.014257,2.437766,0.039585,0.036598
1.775831,-63.708959,-109.150431,6.241268,6.918321,-63.733015,73.508945,4.019040,3.838033,-0.000132,2.427306,0.040640,0.040522
1.776352,-62.662881,-109.560720,6.489761,6.873426,-64.974202,73.718678,3.879206,3.343581,-0.012610,2.419160,0.041249,0.037192
1.776873,-61.673270,-110.143453,6.464671,6.988041,-65.333114,72.313104,3.739328,3.144146,-0.020056,2.406861,0.040924,0.035754
1.777395,-59.998858,-110.126833,6.440201,6.848943,-65.893979,72.635489,3.988810,3.111934,-0.032244,2.404821,0.041428,0.036905
1.777916,-58.600891,-110.399503,6.318648,7.007311,-66.681708,72.754888,4.045488,3.513306,-0.044092,2.399722,0.040928,0.038624
1.778437,-57.530408,-110.244039,6.203370,6.962444,-67.781874,72.965093,4.014211,2.944731,-0.055897,2.393004,0.040270,0.035736
1.778958,-55.840205,-110.327000,6.402043,6.868863,-68.635108,72.844811,3.767257,3.159960,-0.069739,2.385940,0.040458,0.034918
1.779480,-54.479616,-109.952706,6.649423,6.831873,-69.199181,72.145621,3.276335,3.316187,-0.080658,2.377037,0.040582,0.032966
1.780001,-53.454821,-109.669969,6.267115,6.903956,-70.701652,71.923430,3.715848,3.298796,-0.094691,2.364761,0.039961,0.034873
1.780522,-51.838739,-110.029610,6.465476,6.935282,-71.609213,71.612330,3.724279,3.451616,-0.108416,2.356216,0.040855,0.035454
1.781043,-50.676128,-108.471045,6.402147,6.926073,-71.730122,73.541737,3.221284,3.181233,-0.115161,2.368664,0.039149,0.031167
1.781565,-49.456617,-108.431941,6.253167,6.946878,-72.362432,72.773615,3.342786,3.289753,-0.125741,2.359028,0.038875,0.032316
1.782086,-47.908721,-108.060992,6.421921,6.946405,-73.383276,73.007051,3.592523,3.470632,-0.139773,2.353624,0.040287,0.034119
1.782607,-46.818731,-108.056727,6.389504,7.064781,-74.775931,73.212775,3.555510,3.200938,-0.153024,2.345632,0.039925,0.032290
1.783128,-45.721563,-107.941854,6.560177,6.901257,-76.274701,72.914246,3.692421,3.271399,-0.167356,2.333673,0.041059,0.032968
1.783649,-44.523673,-107.587605,6.486620,6.873990,-77.159220,72.101388,3.798303,3.522080,-0.179664,2.322322,0.041196,0.034596
1.784171,-43.726734,-107.244465,6.408467,6.881489,-78.223138,72.501781,3.348810,3.579476,-0.189612,2.318254,0.039612,0.032580
1.784692,-42.459417,-107.076522,6.492271,7.108799,-79.206477,71.927252,3.759393,3.463529,-0.202474,2.308068,0.041147,0.033650
1.785213,-41.622726,-106.565992,6.325252,7.064476,-79.843295,71.894428,4.003285,3.578709,-0.210981,2.303857,0.041123,0.035133
1.785734,-40.272598,-105.965281,6.453883,7.066999,-80.678481,71.925754,3.651125,3.727607,-0.223349,2.298902,0.040808,0.034176
1.786256,-39.628053,-105.965435,6.695255,6.971591,-81.349333,72.426528,3.779337,3.776990,-0.229745,2.298235,0.042034,0.034687
1.786777,-38.761364,-105.568876,6.532131,6.894908,-82.379029,71.756786,3.824166,3.578559,-0.241187,2.287388,0.041513,0.033744
1.787298,-37.852862,-105.112813,6.373945,6.974780,-82.818532,71.956063,3.765099,3.520773,-0.248688,2.286127,0.040661,0.033068
1.787819,-37.055806,-104.798686,6.315838,7.060422,-83.449361,72.141021,4.105775,3.349755,-0.256427,2.283642,0.041283,0.033470
1.788341,-36.397276,-104.396183,6.400078,6.853943,-84.708950,72.123794,3.759231,3.413679,-0.267147,2.276120,0.040648,0.032026
1.788862,-35.995155,-104.274574,6.379814,6.855189,-85.114093,71.788274,3.669065,3.382931,-0.272067,2.271467,0.040378,0.031476
1.789383,-35.466115,-103.850465,6.611658,6.746799,-85.589294,71.714816,4.132902,3.703686,-0.278098,2.268221,0.042664,0.034806
1.789904,-35.124169,-103.519587,6.690188,6.812515,-86.535713,71.642396,3.913403,3.568162,-0.285491,2.262316,0.042432,0.033045
1.790425,-34.694371,-103.483560,6.433096,6.871414,-87.272865,71.754158,3.703799,3.499819,-0.291494,2.258917,0.040706,0.031717
1.790947,-34.297826,-103.174422,6.555601,6.889810,-87.984253,71.746537,3.718579,3.653698,-0.297792,2.254886,0.041316,0.032412
1.791468,-34.219114,-103.077874,6.529465,6.857976,-88.342094,71.899055,4.050871,3.381504,-0.299981,2.253938,0.041935,0.032158
1.791989,-33.936581,-103.031597,6.649076,6.811574,-88.932327,71.649626,3.779286,3.607825,-0.305011,2.248982,0.041792,0.032190
1.792510,-33.835633,-102.755118,6.662163,6.930041,-89.043048,71.562522,3.771489,3.594614,-0.306712,2.247780,0.041944,0.032083
1.793032,-33.545539,-102.626907,6.702331,7.031587,-89.263624,71.398133,3.783129,3.490319,-0.309860,2.245450,0.042198,0.031559
1.793553,-33.461702,-102.475467,6.597517,7.062470,-89.215846,71.467879,3.588939,3.510983,-0.310184,2.246188,0.041314,0.030983
1.794074,-33.461702,-102.475467,6.597517,7.062470,-90.005219,71.915591,3.752143,3.332728,-0.313539,2.244937,0.041516,0.030398
1.794595,-33.427515,-103.337140,6.650579,7.096373,-90.095868,70.782176,3.824924,3.536789,-0.314645,2.236715,0.042035,0.031852
1.795116,-33.541256,-103.495632,6.682145,7.042404,-90.715950,70.644871,3.668065,3.612033,-0.317236,2.232444,0.041747,0.031600
1.795638,-33.814811,-103.446167,6.494162,7.100372,-90.438958,70.602718,3.875607,3.563615,-0.314535,2.233637,0.041524,0.032117
1.796159,-34.301911,-103.332443,6.525150,6.998311,-90.592979,70.587026,3.958392,3.561403,-0.313021,2.232704,0.041866,0.032359
1.796680,-34.591633,-102.463149,6.587864,6.997980,-90.614713,71.586790,3.958392,3.561403,-0.311407,2.239418,0.042120,0.032204
1.797201,-35.138446,-102.734247,6.624870,6.967704,-90.614713,71.586790,3.958392,3.561403,-0.308107,2.239418,0.042241,0.032204
1.797723,-35.522698,-102.691791,6.661747,7.042863,-90.507825,71.736605,3.938403,3.783700,-0.305370,2.241009,0.042443,0.033286
1.798244,-36.400345,-102.972399,6.530807,7.008537,-90.973245,71.491698,3.784809,3.679658,-0.303161,2.236852,0.041476,0.032153
1.798765,-36.706758,-103.183004,6.443565,7.080420,-90.973245,71.491698,3.784809,3.679658,-0.301218,2.236852,0.041107,0.032153
1.799286,-37.780794,-103.672158,6.654665,7.015111,-90.973245,71.491698,3.784809,3.679658,-0.294823,2.236852,0.041945,0.032153
1.799808,-38.770255,-103.765613,6.405662,7.044842,-90.973245,71.491698,3.784809,3.679658,-0.289497,2.236852,0.040920,0.032153
1.800329,-39.813924,-104.287210,6.360561,7.062984,-90.857828,71.360795,3.817226,3.740820,-0.282814,2.236578,0.040808,0.032633
1.800850,-40.823108,-104.400425,6.467613,6.908120,-90.595626,71.331192,4.007610,3.690118,-0.276002,2.237781,0.041750,0.033083
1.801371,-41.996573,-104.403101,6.324481,6.983693,-90.595626,71.331192,4.007610,3.690118,-0.269805,2.237781,0.041229,0.033083
1.801892,-42.722929,-105.208505,6.524645,7.118251,-90.152349,71.132446,4.052480,3.509770,-0.262746,2.238809,0.042157,0.032458
1.802414,-44.098119,-105.841345,6.414663,7.141817,-89.663040,71.306001,4.062294,3.653023,-0.251757,2.242644,0.041660,0.033317
1.802935,-45.254831,-105.916079,6.387296,6.942325,-89.097444,71.405940,3.765912,3.692123,-0.242387,2.246413,0.040739,0.032590
1.803456,-46.451073,-106.219814,6.300527,6.859524,-88.972973,71.622625,3.805403,3.613379,-0.234693,2.248574,0.040372,0.032307
1.803977,-47.906138,-106.672805,6.385975,6.767645,-88.187104,71.383551,3.330294,3.652223,-0.222481,2.251276,0.039586,0.031098
1.804499,-49.455230,-106.873575,6.520257,6.960483,-87.243419,71.712781,3.827310,3.603618,-0.208520,2.258800,0.041485,0.032722
1.805020,-50.715638,-107.454136,6.347145,7.106695,-87.028787,71.595523,3.820820,3.648471,-0.200096,2.259205,0.040681,0.033001
1.805541,-52.211369,-107.640198,6.371277,6.969615,-86.932799,71.693094,3.779286,3.607825,-0.191248,2.260415,0.040644,0.032642
1.806062,-53.781520,-108.295735,6.375013,6.949897,-86.596808,71.323164,3.755719,3.561117,-0.180701,2.259777,0.040597,0.032455
1.806584,-55.363060,-108.537707,6.186752,6.967142,-85.530785,72.075594,4.121798,3.392882,-0.165502,2.271029,0.040645,0.033196
1.807105,-56.991849,-108.456403,6.391611,7.022966,-84.785592,72.068031,3.799515,3.426695,-0.152762,2.275292,0.040759,0.032242
1.807626,-58.374854,-109.110409,6.513186,7.068680,-83.375439,72.432820,3.473648,3.528692,-0.136851,2.286078,0.040335,0.031737
1.808147,-60.009060,-110.167212,6.451062,7.024968,-83.655310,71.593860,4.112480,3.495347,-0.129369,2.278659,0.041757,0.034226
1.808668,-61.787630,-109.573522,6.140076,6.918881,-82.752004,72.733576,4.077781,3.988519,-0.114492,2.291850,0.040212,0.036558
1.809190,-63.722744,-109.590523,6.255709,6.902012,-81.946015,72.466820,3.789142,3.462962,-0.099764,2.294883,0.039996,0.032998
1.809711,-65.358768,-109.905308,6.239271,6.918621,-81.305139,72.436599,3.422932,3.118719,-0.087231,2.298574,0.038900,0.029909
1.810232,-67.322553,-111.213892,6.230618,6.996724,-80.456949,71.068263,3.557574,3.538218,-0.071931,2.294312,0.039279,0.033039
1.810753,-69.251591,-110.197603,6.187764,7.112268,-79.572689,72.074125,3.775139,3.493044,-0.056564,2.306787,0.039716,0.033745
1.811275,-70.829885,-110.220801,6.340697,6.995899,-79.204361,72.275196,3.923584,3.451994,-0.045856,2.310483,0.040819,0.034263
1.811796,-72.559945,-110.319728,6.377135,6.965653,-78.967656,72.142548,3.697164,3.502432,-0.035104,2.311059,0.040377,0.033586
1.812317,-74.357038,-110.616432,6.516329,6.866091,-78.689912,72.512308,3.868885,3.403332,-0.023656,2.315361,0.041371,0.033873
1.812838,-76.043069,-111.486615,6.415301,6.998486,-77.532930,71.874966,4.026080,3.245107,-0.008125,2.318343,0.041305,0.034307
1.813360,-77.647459,-110.905342,6.292821,6.972268,-77.547488,72.646737,4.096088,3.255916,0.000545,2.323577,0.040907,0.034563
1.813881,-79.427786,-110.619858,6.137152,6.975030,-76.359492,72.283209,3.618300,3.638900,0.016774,2.328778,0.038947,0.034516
1.814402,-81.259479,-110.715247,6.100016,7.013207,-75.752542,72.612428,4.119273,3.416987,0.030030,2.335033,0.040134,0.035924
1.814923,-83.204184,-110.387662,6.236486,6.990379,-75.119539,73.017948,3.846971,3.498444,0.044052,2.342009,0.039919,0.035051
1.815444,-84.511414,-110.119358,6.504320,6.855129,-75.019051,72.256159,3.871034,3.772320,0.052002,2.337437,0.041450,0.036677
1.815966,-86.341546,-109.941007,6.332967,6.958235,-74.775278,72.636879,3.915422,3.401100,0.063265,2.341689,0.040706,0.035107
1.816487,-88.021150,-110.306922,6.474049,6.768297,-74.261709,72.723108,4.057560,3.458755,0.075035,2.345727,0.041626,0.036212
1.817008,-89.650471,-109.900200,6.257308,7.079993,-73.776829,72.439684,4.077572,3.525468,0.086836,2.347050,0.040824,0.036815
1.817529,-91.441391,-109.555498,6.293871,6.914675,-72.901585,72.215964,3.810243,3.522775,0.101644,2.351470,0.040290,0.035745
1.818051,-92.780497,-109.374948,6.435366,6.947109,-71.964310,72.586095,3.832359,3.450863,0.113904,2.360496,0.040915,0.035692
1.818572,-94.511449,-109.176780,6.574747,6.773190,-72.350097,72.635025,4.020612,3.647045,0.121293,2.358160,0.042076,0.037447
1.819093,-95.602247,-108.855617,6.283990,6.882351,-71.885899,72.705545,4.258699,3.651477,0.129889,2.361863,0.041477,0.038830
1.819614,-97.119157,-108.775898,6.259227,6.758962,-71.713386,72.771859,4.095597,3.430128,0.139037,2.363520,0.040815,0.037021
1.820136,-97.909781,-108.405113,6.420521,6.786838,-71.096939,73.319549,4.105015,3.331619,0.146490,2.371584,0.041479,0.036720
1.820657,-99.546227,-108.168485,6.354744,6.848719,-70.608542,73.009890,4.062565,3.428435,0.158382,2.372913,0.041124,0.037113
1.821178,-100.789227,-107.916948,6.475257,6.695339,-70.316265,72.609324,4.177966,3.584955,0.167224,2.372237,0.042075,0.038607
1.821699,-101.694442,-107.436631,6.417542,6.750364,-70.590660,72.521580,4.254567,3.723933,0.171148,2.369686,0.042163,0.039575
1.822220,-103.045486,-107.428677,6.346996,6.840854,-70.296153,72.629009,4.233552,3.486217,0.179916,2.372515,0.041696,0.038486
1.822742,-103.702565,-107.302071,6.369307,6.862324,-70.432008,72.948581,4.136320,3.709352,0.182525,2.373744,0.041471,0.038817
1.823263,-104.448850,-107.213618,6.486487,6.790407,-70.395127,72.378212,4.199172,3.643508,0.187393,2.370083,0.042269,0.039012
1.823784,-105.443724,-107.223416,6.328474,6.796095,-70.003035,72.751154,4.303431,3.513744,0.194433,2.375443,0.041721,0.039060
1.824305,-105.866428,-107.137917,6.431267,6.934852,-69.863359,72.856433,4.240746,3.482243,0.197418,2.377163,0.041980,0.038596
1.824827,-106.939295,-106.636940,6.513105,6.840740,-70.296153,72.629009,4.233552,3.486217,0.201629,2.372515,0.042435,0.038486
1.825348,-107.621054,-107.780395,6.424399,7.066190,-70.254582,71.546062,4.183035,3.551688,0.205432,2.365302,0.041907,0.038754
1.825869,-107.969536,-106.843288,6.375771,6.960103,-70.197601,72.590912,4.137994,3.546721,0.207477,2.372954,0.041501,0.038260
1.826390,-108.567975,-106.558367,6.548327,6.956271,-70.508672,72.568054,4.211728,3.543301,0.209358,2.370587,0.042521,0.038559
1.826912,-109.057568,-106.506703,6.495858,6.829051,-70.892309,72.402952,4.112724,3.509678,0.210171,2.366736,0.042025,0.037792
1.827433,-109.647516,-106.811984,6.437271,6.931041,-71.223391,72.540393,3.830525,3.644517,0.211048,2.365355,0.040922,0.036793
1.827954,-109.841766,-107.266172,6.467935,6.922911,-71.405014,71.492221,3.805403,3.613379,0.211796,2.356805,0.041117,0.036724
1.828475,-109.922001,-107.557518,6.490670,7.015458,-71.193803,71.876457,3.774529,3.598058,0.212574,2.360966,0.040996,0.036456
1.828996,-110.513127,-106.690562,6.609483,6.904678,-72.194687,73.056526,4.195958,3.210602,0.210036,2.362128,0.042548,0.036430
1.829518,-110.663287,-106.559617,6.617942,6.951776,-72.126472,73.090592,4.183155,3.343375,0.211308,2.362834,0.042583,0.036930
1.830039,-110.663287,-106.559617,6.617942,6.951776,-72.635208,72.704117,4.100446,3.463440,0.209036,2.356669,0.042480,0.036933
1.830560,-110.765541,-107.021104,6.725942,6.903339,-73.788837,72.475811,4.069109,3.548096,0.203160,2.347218,0.042872,0.036864
1.831081,-110.702473,-107.151687,6.672559,6.863992,-74.346256,72.631722,4.149449,3.476820,0.199531,2.344530,0.042804,0.036754
1.831603,-110.774260,-107.430494,6.646895,6.830331,-74.471559,72.823011,4.010878,3.274356,0.198739,2.345003,0.042181,0.035071
1.832124,-110.513576,-107.430722,6.587161,6.853729,-75.058341,72.866611,3.813496,3.337246,0.194171,2.341379,0.041425,0.034186
1.832645,-110.360045,-107.670279,6.677561,6.902813,-75.886619,72.594572,3.996952,3.379768,0.188956,2.334027,0.042385,0.035114
1.833166,-110.121362,-107.966359,6.549267,6.896980,-76.528509,72.578780,3.750968,3.490788,0.183960,2.329712,0.041132,0.034287
1.833688,-109.775953,-108.271508,6.335688,6.883112,-77.172170,72.656584,3.728641,3.363881,0.178290,2.326065,0.040042,0.033398
1.834209,-109.409796,-108.418213,6.389556,6.813770,-78.030518,72.571242,3.860859,3.301208,0.171670,2.319961,0.040659,0.033518
1.834730,-109.033865,-108.567637,6.375622,6.953068,-78.550197,72.483504,4.090570,3.392181,0.166806,2.316048,0.041283,0.034895
1.835251,-108.233645,-108.980240,6.460116,6.898409,-79.560750,72.765994,4.106798,3.069614,0.156474,2.311618,0.041591,0.033199
1.835772,-107.601295,-109.029831,6.404885,6.723252,-80.382635,71.756652,4.119652,3.635479,0.149435,2.299557,0.041658,0.035802
1.836294,-107.257256,-109.639416,6.227418,6.856215,-81.067442,72.229399,3.855356,3.641368,0.143021,2.298605,0.039911,0.034423
1.836815,-106.058527,-109.779459,6.376520,6.913102,-82.315347,72.017416,4.053058,3.456140,0.129868,2.289568,0.041227,0.034074
1.837336,-105.534080,-109.929016,6.342123,6.975251,-82.576268,72.679717,3.633501,3.243403,0.125065,2.292537,0.039747,0.031082
1.837857,-104.734825,-109.946959,6.450336,6.930470,-84.399823,72.234358,4.016143,3.457326,0.111159,2.278682,0.041461,0.033341
1.838379,-103.810074,-110.210213,6.355651,7.044066,-85.034475,72.169498,3.807032,3.209284,0.102586,2.274540,0.040428,0.031131
1.838900,-103.282880,-110.200611,6.344000,6.961331,-85.752486,72.392679,3.979410,3.398596,0.095715,2.271916,0.040839,0.032538
1.839421,-102.027312,-110.606393,6.497573,6.801432,-86.754834,72.214877,3.874621,3.511086,0.083344,2.264985,0.041240,0.032462
1.839942,-100.942752,-110.381927,6.448529,6.798454,-87.975344,72.834443,4.011424,3.148074,0.070659,2.262317,0.041344,0.030862
1.840464,-100.016121,-110.469931,6.477221,6.859239,-88.821369,72.694020,3.741986,3.218041,0.061043,2.256674,0.040766,0.029952
1.840985,-98.785186,-110.818397,6.349304,6.741635,-89.285845,72.184185,3.669867,3.419841,0.051862,2.250676,0.040023,0.030665
1.841506,-97.634036,-112.018936,6.334217,6.970490,-90.025179,71.581745,4.094491,3.476436,0.041419,2.242561,0.041047,0.032413
1.842027,-96.505562,-112.024473,6.501762,6.825408,-91.228011,71.402692,4.212814,3.574245,0.028764,2.234889,0.042219,0.033055
1.842548,-95.492641,-112.079099,6.228468,7.101744,-92.334445,71.128796,3.869361,3.454853,0.017237,2.227188,0.040018,0.031014
1.843070,-94.522232,-112.060827,6.486824,6.831614,-93.325310,71.551918,3.830564,3.279173,0.006519,2.224896,0.041028,0.029707
1.843591,-93.483448,-111.979417,6.271733,7.160778,-94.115469,70.972556,3.916251,3.400945,-0.003455,2.216917,0.040415,0.030509
1.844112,-92.324609,-111.997781,6.524260,6.802180,-94.663964,70.796216,4.037624,3.511018,-0.012797,2.212932,0.041970,0.031373
1.844633,-91.199635,-111.763498,6.266162,7.072107,-95.704034,71.278293,4.155597,3.487159,-0.024604,2.210947,0.041066,0.031336
1.845155,-90.050773,-112.129959,6.440643,6.945616,-96.004716,70.762277,3.979999,3.456012,-0.032543,2.205971,0.041376,0.030596
1.845676,-89.157292,-110.794293,6.166488,7.036870,-97.348051,72.178346,3.849720,3.456190,-0.044735,2.208801,0.039697,0.029712
1.846197,-88.022379,-110.821931,6.340452,6.935768,-97.431833,72.318650,3.929078,3.495946,-0.051333,2.209318,0.040680,0.030128
1.846718,-87.132540,-110.862258,6.151287,7.124849,-99.276288,72.257611,3.808523,3.267340,-0.066219,2.199966,0.039437,0.028214
1.847240,-86.219894,-110.616684,6.471922,7.090211,-99.730825,72.698188,4.096246,3.349138,-0.073570,2.200685,0.041675,0.029379
1.847761,-84.655532,-110.396758,6.482473,7.027849,-100.308281,72.767496,3.624601,3.214409,-0.085250,2.198392,0.040413,0.027126
1.848282,-84.201945,-110.394334,6.460304,7.100483,-100.591914,72.480058,3.372994,3.142835,-0.089385,2.195172,0.039714,0.025998
1.848803,-82.853972,-110.352455,6.478779,6.976954,-101.977186,71.476265,3.890228,3.485127,-0.104786,2.182129,0.041348,0.029098
1.849324,-82.115805,-109.545820,6.442270,7.095148,-102.404614,72.034702,4.029929,3.142411,-0.111273,2.183822,0.041601,0.027647
1.849846,-80.901917,-109.907652,6.476998,7.063739,-103.073229,72.283159,3.812988,3.469491,-0.121097,2.182381,0.040980,0.028488
1.850367,-80.304644,-109.517059,6.537876,7.092155,-103.138117,72.173944,3.800575,3.636412,-0.125017,2.181374,0.041332,0.029322
1.850888,-79.663989,-109.169673,6.417696,7.002124,-104.017912,72.105524,3.957010,3.607841,-0.133548,2.176946,0.041255,0.029429
1.851409,-78.664415,-108.825635,6.418991,7.061752,-104.362254,72.176842,3.731962,3.663737,-0.141033,2.175862,0.040674,0.029048
1.851931,-77.794169,-108.831634,6.488729,6.983016,-104.732526,71.523987,3.716416,3.519246,-0.148266,2.169967,0.041048,0.028253
1.852452,-76.945359,-108.672227,6.399280,7.049963,-104.765106,71.986802,3.702372,3.741971,-0.152790,2.172829,0.040524,0.029338
1.852973,-76.053465,-108.432947,6.458673,6.950549,-104.715679,72.248053,3.667886,3.925237,-0.157323,2.174742,0.040678,0.030216
1.853494,-75.694227,-108.546101,6.468005,7.129634,-105.086043,71.900113,3.910341,3.694181,-0.161466,2.170841,0.041410,0.029565
1.854015,-74.691851,-108.561874,6.360568,7.110865,-105.330602,71.925977,4.037528,3.948831,-0.168152,2.169926,0.041248,0.031183
1.854537,-74.197019,-108.175315,6.591311,7.052357,-105.419734,71.865514,4.115863,3.875858,-0.171712,2.169140,0.042572,0.030988
1.855058,-73.688643,-107.830464,6.502008,7.002917,-105.572026,71.784872,4.020678,3.665829,-0.175679,2.167946,0.041951,0.029621
1.855579,-73.011259,-107.688764,6.464834,6.972210,-105.573672,71.826586,4.009959,3.696927,-0.179440,2.168209,0.041748,0.029750
1.856100,-72.571505,-107.686630,6.537686,7.141031,-105.556188,71.744232,3.917074,3.695135,-0.181800,2.167753,0.041852,0.029513
1.856622,-72.326046,-108.445589,6.586657,7.034103,-105.534454,70.744469,3.917074,3.695135,-0.183246,2.161341,0.042103,0.029636
1.857143,-72.034187,-108.319065,6.511821,7.003258,-105.501981,70.749770,3.982874,3.669816,-0.184767,2.161518,0.041954,0.029676
1.857664,-71.724120,-108.671136,6.568448,7.144792,-105.177522,70.758036,3.728674,3.733771,-0.184327,2.162998,0.041478,0.029442
1.858185,-71.260180,-108.446834,6.578484,7.224488,-104.912878,71.147637,3.585832,3.435433,-0.185234,2.166713,0.041102,0.027481
1.858707,-70.916606,-108.436552,6.475573,7.036220,-104.619300,71.437023,3.677094,3.526787,-0.185221,2.169904,0.040772,0.028222
1.859228,-70.715778,-108.688856,6.435433,7.180237,-104.497723,71.631855,3.953274,3.201246,-0.185197,2.171716,0.041227,0.027306
1.859749,-70.460889,-108.593402,6.547527,6.936957,-104.575637,71.027279,3.796867,3.551483,-0.187691,2.167423,0.041441,0.028721
1.860270,-70.444173,-108.758669,6.518960,7.078238,-103.892802,71.331254,3.912301,3.017550,-0.183640,2.172462,0.041524,0.026427
1.860791,-70.430430,-108.681298,6.561053,6.884885,-102.864043,71.895853,3.605019,3.652101,-0.177716,2.180811,0.040858,0.028978
1.861313,-70.379310,-108.964898,6.514738,6.972142,-102.538261,71.341370,3.593361,3.653603,-0.176501,2.178667,0.040697,0.029092
1.861834,-70.218142,-107.810674,6.529391,7.046386,-102.579807,71.966982,3.716127,3.529612,-0.178102,2.182576,0.041193,0.028667
1.862355,-70.156533,-107.884018,6.513508,7.016886,-102.212676,71.777443,3.599665,3.534700,-0.176567,2.183022,0.040850,0.028474
1.862876,-70.130851,-108.141878,6.653976,6.973191,-100.931027,72.636786,3.398374,3.002839,-0.168755,2.194600,0.040762,0.025278
1.863398,-70.172934,-108.155814,6.660874,6.878545,-101.039400,72.557734,3.782493,3.134069,-0.169171,2.193576,0.041767,0.027081
1.863919,-70.280465,-108.510499,6.614693,6.932050,-100.739626,72.054950,3.689016,3.252971,-0.167114,2.191690,0.041373,0.027506
1.864440,-70.625798,-108.740822,6.599013,7.008106,-99.009758,71.598047,3.752519,3.357075,-0.156112,2.196885,0.041607,0.028628
1.864961,-70.710415,-108.690911,6.548313,7.005434,-99.042855,71.868007,3.660459,3.303938,-0.155646,2.198514,0.041079,0.028039
1.865483,-71.042712,-108.816248,6.474122,7.010754,-97.440681,71.679148,3.896145,3.302788,-0.145223,2.205029,0.041445,0.029120
1.866004,-71.287498,-109.235637,6.381796,7.082568,-96.704448,71.773870,3.727036,3.321916,-0.139506,2.209286,0.040479,0.028824
1.866525,-71.891679,-109.375351,6.417622,7.111161,-95.418496,71.372367,3.246190,3.591798,-0.129436,2.213012,0.039532,0.029136
1.867046,-72.050659,-109.901153,6.546785,7.010152,-94.968542,71.766055,3.750556,3.408371,-0.125490,2.217924,0.041227,0.029710
1.867567,-72.344238,-110.064980,6.520292,6.993697,-94.603530,71.680787,3.724024,3.257562,-0.121868,2.219205,0.041025,0.028941
1.868089,-72.586364,-110.223851,6.516759,7.240053,-92.721484,71.854343,3.649766,3.187761,-0.110138,2.230074,0.040803,0.028716
1.868610,-73.126839,-110.407542,6.336551,7.089965,-92.933071,72.378852,3.755883,2.572586,-0.107936,2.232493,0.040075,0.026091
1.869131,-73.765275,-110.349622,6.535635,7.043782,-90.860683,71.462449,3.627409,3.465862,-0.093752,2.237255,0.040951,0.030524
1.869652,-74.238993,-110.459195,6.489951,7.120656,-90.072343,71.560307,3.879588,3.292415,-0.086769,2.242160,0.041396,0.030696
1.870174,-74.624121,-110.706690,6.492856,7.008056,-88.866732,71.558011,3.721336,3.328027,-0.077984,2.248717,0.040944,0.030571
1.870695,-75.342565,-110.717509,6.215252,7.011192,-88.089473,72.004868,3.507391,3.057838,-0.069648,2.256061,0.038976,0.028525
1.871216,-75.842519,-110.868813,6.414997,7.088767,-86.542236,72.404391,3.554921,3.171968,-0.058315,2.267481,0.039958,0.029556
1.871737,-76.312284,-110.734713,6.498851,6.977411,-85.292136,72.961129,3.510034,2.623501,-0.048845,2.278432,0.040162,0.026995
1.872259,-76.445781,-110.797554,6.495117,6.955513,-83.868692,72.273536,3.839519,3.288200,-0.040524,2.282070,0.041182,0.031917
1.872780,-77.165694,-110.671851,6.200963,7.081711,-83.503072,72.772568,3.844114,2.710298,-0.034533,2.287638,0.039750,0.029329
1.873301,-77.487557,-111.965092,6.278571,7.093472,-81.807566,72.342656,3.136937,2.401240,-0.023435,2.294871,0.038072,0.025168
1.873822,-78.053589,-111.640169,6.601558,7.065215,-80.957572,71.296213,3.771236,2.997212,-0.015873,2.292824,0.041555,0.031122
1.874343,-78.724400,-112.051860,6.268697,7.266317,-79.764533,70.771761,3.789041,3.333830,-0.005689,2.296527,0.040065,0.033212
1.874865,-79.346338,-112.014136,6.220055,7.028241,-78.856544,71.393487,3.714834,3.158223,0.002671,2.306564,0.039502,0.032152
1.875386,-79.793676,-111.584652,6.208012,7.348101,-78.352960,71.867671,3.291877,2.891440,0.007853,2.313050,0.038302,0.028977
1.875907,-80.275441,-111.438992,6.533630,6.943347,-77.238818,71.889337,3.802022,2.825635,0.016562,2.320338,0.041228,0.031415
1.876428,-80.444268,-111.439690,6.470650,7.086086,-75.567038,72.250274,3.028986,2.994812,0.026545,2.333760,0.038883,0.028802
1.876950,-81.195351,-111.515183,6.176908,7.321040,-74.518943,72.421932,3.702315,2.584935,0.036281,2.341924,0.039130,0.030575
1.877471,-81.445520,-111.443770,6.301568,7.361087,-73.443784,72.334459,3.464343,2.997681,0.043513,2.348585,0.039100,0.031391
1.877992,-81.982414,-111.498577,6.442279,7.043006,-72.717041,71.899004,3.560373,3.213410,0.050478,2.350538,0.040089,0.033144
1.878513,-82.240009,-111.349546,6.579075,6.986592,-71.352031,72.612120,3.511866,2.733935,0.059117,2.364947,0.040470,0.030980
1.879035,-82.503933,-111.189767,6.643426,7.236912,-71.230178,72.216058,3.884063,3.043828,0.061392,2.363067,0.041883,0.034456
1.879556,-83.008500,-109.995270,6.458546,7.159878,-70.195392,73.275030,4.087866,2.908973,0.069800,2.377657,0.041607,0.035207
1.880077,-83.295893,-110.022918,6.289821,7.181045,-69.304488,73.155476,3.744287,3.211915,0.076233,2.383220,0.039863,0.034758
1.880598,-83.409261,-109.912308,6.291022,7.274361,-69.273219,73.268353,3.717318,2.966824,0.077017,2.384215,0.039791,0.033560
1.881119,-83.483770,-109.987780,6.249680,7.248730,-67.795146,73.133286,4.102285,3.039343,0.085465,2.394055,0.040691,0.036598
1.881641,-83.512490,-109.791608,6.306594,7.110691,-66.484462,73.986999,3.972023,2.596673,0.092391,2.409553,0.040388,0.034448
1.882162,-83.829559,-109.735528,6.398771,7.088656,-67.249409,73.416014,3.767992,2.926932,0.090281,2.400005,0.040390,0.034251
1.882683,-84.124032,-109.661816,6.632983,7.042985,-65.356028,73.566845,3.801317,2.988153,0.102073,2.415229,0.041507,0.035224
1.883204,-83.851172,-109.664977,6.464648,7.104390,-65.171262,73.172933,3.733083,3.172756,0.101813,2.413969,0.040636,0.035681
1.883726,-84.101355,-109.205994,6.540214,6.990616,-64.975030,73.557787,3.659934,3.005834,0.104271,2.418070,0.040791,0.034529
1.884247,-84.050781,-109.200785,6.518907,6.958974,-63.357513,73.941043,3.609717,2.783450,0.112513,2.433126,0.040433,0.033740
1.884768,-83.978061,-109.062016,6.527633,7.042976,-63.414916,73.465920,3.754958,3.082205,0.112185,2.429492,0.041009,0.035895
1.885289,-83.870280,-108.888629,6.580616,6.979713,-63.352234,73.583252,3.820952,3.040834,0.111975,2.430770,0.041441,0.036150
1.885811,-83.643478,-108.844914,6.399221,7.073301,-62.832088,73.982475,3.782452,2.829247,0.113343,2.437515,0.040411,0.035189
1.886332,-83.272942,-108.657041,6.501524,7.005785,-61.296378,73.827947,3.751021,2.896168,0.119852,2.448671,0.040843,0.035725
1.886853,-83.132932,-108.549103,6.446107,7.088769,-61.984017,73.664856,4.115893,2.934698,0.115549,2.442093,0.041695,0.038148
1.887374,-82.472318,-107.946155,6.636326,7.075649,-62.061424,73.886741,4.128929,2.828299,0.111783,2.442960,0.042703,0.037802
1.887895,-82.027334,-108.142078,6.486434,7.024392,-61.407223,73.423021,3.919400,3.217358,0.113084,2.445078,0.041484,0.038100
1.888417,-81.725052,-108.096756,6.304547,7.161690,-61.149401,73.830922,3.915818,3.082042,0.112619,2.449870,0.040563,0.037552
1.888938,-80.948951,-108.029604,6.512525,6.893818,-61.136467,73.759702,3.863780,3.185503,0.108558,2.449500,0.041411,0.037609
1.889459,-80.446476,-108.195856,6.497977,6.995785,-60.634374,73.282831,3.962840,3.416953,0.108740,2.450365,0.041703,0.039432
1.889980,-79.919762,-109.177091,6.332161,6.871758,-60.616155,72.495699,4.003735,3.354717,0.105858,2.445204,0.041016,0.039687
1.890502,-79.465183,-109.190012,6.316717,6.842281,-60.500675,72.368638,3.980731,3.289777,0.104076,2.445279,0.040909,0.039353
1.891023,-78.153382,-109.305921,6.508222,6.739795,-60.590845,72.496250,4.006300,3.354773,0.096304,2.445413,0.041837,0.039712
1.891544,-77.623212,-109.114104,6.392151,6.873317,-60.613266,72.654027,4.004547,3.361894,0.093309,2.446300,0.041322,0.039677
1.892065,-76.781677,-109.313132,6.533601,6.843362,-60.532067,72.565530,3.978344,3.322810,0.089107,2.446360,0.041890,0.039401
1.892587,-75.754924,-109.050407,6.353031,6.905486,-60.630928,72.564928,3.822248,3.233932,0.083083,2.445553,0.040691,0.037987
1.893108,-75.470551,-109.352107,6.363231,6.967523,-60.380849,72.063525,3.797983,3.554261,0.082986,2.444175,0.040724,0.039349
1.893629,-74.183274,-109.937009,6.537231,6.993778,-60.719253,73.538424,3.923799,2.707569,0.073252,2.451388,0.041440,0.036515
1.894150,-73.539303,-109.642380,6.291895,7.099373,-61.300934,73.048289,3.940345,2.780710,0.066890,2.443412,0.040551,0.036786
1.894671,-72.636677,-109.931153,6.534255,6.880060,-61.404060,72.625207,3.797110,3.012192,0.061452,2.439721,0.041319,0.036711
1.895193,-71.600006,-109.952475,6.305681,6.912361,-62.391105,72.700068,4.075319,2.944868,0.050375,2.432358,0.041053,0.037985
1.895714,-70.267904,-110.100744,6.519524,7.101046,-63.084339,72.679441,3.656396,2.955164,0.039281,2.426752,0.040866,0.035048
1.896235,-69.353656,-109.139528,6.195489,6.946610,-63.290640,74.226910,3.947766,2.757340,0.033053,2.435554,0.040043,0.035843
1.896756,-68.402704,-109.195652,6.557228,7.009500,-63.743386,73.892847,4.068335,2.799524,0.025443,2.429802,0.042134,0.036709
1.897278,-66.860242,-109.633673,6.432559,6.844878,-63.866763,73.868921,4.198829,2.779903,0.016312,2.428686,0.041855,0.037479
1.897799,-65.909506,-109.496699,6.408526,6.835920,-64.290421,73.439122,3.919766,3.110114,0.008850,2.422522,0.041063,0.036791
1.898320,-65.147903,-109.629736,6.274106,7.129254,-65.174810,73.515410,3.925059,3.118223,-0.000147,2.416260,0.040409,0.036565
1.898841,-63.850627,-109.751518,6.389406,7.055120,-65.935017,73.394680,4.146980,3.029950,-0.011381,2.409683,0.041588,0.037402
1.899363,-62.298610,-109.522376,6.558494,6.795226,-66.882922,73.414220,3.656181,3.127761,-0.025054,2.402714,0.041033,0.034504
1.899884,-61.523838,-109.507129,6.230757,6.924062,-66.503764,73.690008,3.647148,2.968341,-0.027177,2.407409,0.039396,0.033844
1.900405,-60.108007,-109.767012,6.441982,7.037220,-67.367868,73.280929,3.841002,3.019461,-0.039640,2.398211,0.040943,0.035049
1.900926,-58.858184,-109.765199,6.387874,6.998335,-68.079092,73.014513,4.156003,3.136396,-0.050405,2.391160,0.041642,0.037231
1.901447,-57.528181,-109.678700,6.247082,7.073518,-68.892914,73.394275,3.693280,3.078048,-0.061998,2.387820,0.039575,0.033964
1.901969,-56.451269,-109.910046,6.391823,7.160489,-68.550918,73.112203,3.585487,3.222422,-0.066014,2.388381,0.039969,0.034128
1.902490,-55.494930,-109.643990,6.218092,7.014449,-69.866014,73.089837,3.212668,3.418347,-0.078483,2.378742,0.038212,0.032761
1.903011,-53.982982,-109.480172,6.424819,7.036937,-70.941178,72.616875,3.485038,3.278321,-0.092859,2.367867,0.039988,0.033351
1.903532,-53.168509,-108.999087,6.731830,6.774405,-71.417003,72.782846,3.659173,3.322220,-0.100052,2.365666,0.041933,0.034304
1.904054,-52.092017,-109.062321,6.438689,6.919696,-72.505641,72.994256,3.688010,3.251127,-0.111662,2.359553,0.040519,0.033804
1.904575,-50.692367,-108.824875,6.509740,6.763950,-72.656246,72.839090,3.598628,3.231426,-0.120320,2.357451,0.040653,0.033246
1.905096,-49.749575,-108.574513,6.374726,6.998254,-73.655921,73.037342,3.905333,3.424131,-0.130882,2.351978,0.040842,0.035386
1.905617,-48.620646,-108.411527,6.457200,7.147865,-74.286899,72.756046,4.007143,3.320989,-0.140735,2.345784,0.041564,0.035324
1.906139,-47.674446,-108.131734,6.429225,7.046442,-75.542682,72.754580,3.786265,3.240894,-0.152863,2.337396,0.040806,0.033504
1.906660,-46.534667,-107.652513,6.483071,6.883803,-76.398127,72.745358,3.982104,3.249010,-0.164054,2.331708,0.041610,0.034279
1.907181,-45.785580,-108.755627,6.504162,7.184523,-76.769512,71.465054,3.554808,3.412411,-0.170258,2.320426,0.040622,0.033172
1.907702,-44.587957,-108.607535,6.433972,6.895311,-77.420586,71.574118,3.665308,3.186300,-0.180242,2.316975,0.040464,0.032393
1.908223,-43.846808,-108.790554,6.484361,7.151810,-77.962599,71.879861,3.883780,3.219522,-0.186631,2.315623,0.041164,0.033385
1.908745,-43.107349,-108.029618,6.517641,7.164249,-78.695516,71.251973,3.540179,3.524063,-0.195957,2.306594,0.040701,0.033264
1.909266,-42.197387,-107.632374,6.447484,6.917915,-79.198793,71.405575,3.567158,3.642925,-0.203799,2.304494,0.040408,0.033846
1.909787,-41.814223,-107.185112,6.390024,6.974446,-80.287568,71.193905,3.906584,3.364778,-0.212429,2.296235,0.041106,0.033673
1.910308,-40.577951,-106.900747,6.380669,6.939445,-80.312969,71.427938,3.575586,3.419178,-0.219238,2.297707,0.040146,0.032463
1.910830,-40.188518,-107.038034,6.437251,7.039425,-81.288349,70.875141,3.849495,3.478544,-0.227028,2.287867,0.041176,0.033783
1.911351,-39.903950,-106.657088,6.533296,7.046769,-82.267450,71.512240,3.905676,3.314854,-0.233436,2.286369,0.041615,0.032853
1.911872,-39.433332,-106.380541,6.677211,6.849365,-81.928419,71.201353,3.815882,3.431688,-0.234882,2.286257,0.042110,0.033185
1.912393,-38.694664,-105.388619,6.446389,6.939786,-83.342995,71.938669,3.789015,3.734899,-0.246658,2.282883,0.041026,0.034135
1.912914,-38.397821,-105.150102,6.529722,7.063646,-83.265441,72.740840,3.494713,3.396965,-0.247067,2.288834,0.040513,0.031110
1.913436,-37.669270,-105.034047,6.530222,7.100368,-84.185902,72.507816,3.969682,3.537045,-0.256244,2.281804,0.041742,0.033548
1.913957,-37.528689,-104.881798,6.483227,7.203195,-84.376751,72.031225,4.017851,3.565740,-0.258867,2.277426,0.041827,0.033919
1.914478,-37.395389,-104.866901,6.534609,7.237116,-84.872735,72.246209,3.772756,3.725171,-0.261905,2.276004,0.041375,0.033602
1.914999,-37.181877,-104.792053,6.569088,6.990130,-85.197501,71.894431,4.055861,3.480492,-0.265348,2.271713,0.042199,0.033465
1.915521,-37.181877,-104.792053,6.569088,6.990130,-85.567774,71.605238,4.063883,3.529047,-0.267716,2.267592,0.042271,0.033686
1.916042,-37.110283,-104.733131,6.600896,6.997732,-85.900637,71.392785,4.043643,3.635783,-0.270243,2.264220,0.042413,0.034090
1.916563,-37.022802,-104.777673,6.655235,6.995049,-86.423794,71.381875,3.870847,3.835891,-0.273410,2.261162,0.042195,0.034348
1.917084,-36.937867,-104.763184,6.706799,6.972845,-86.175911,71.800243,3.903335,3.912874,-0.271960,2.265445,0.042429,0.034849
1.917606,-36.937867,-104.763184,6.706799,6.972845,-86.772120,71.565511,3.714447,3.913355,-0.275438,2.260449,0.041976,0.034088
1.918127,-37.023824,-104.564614,6.685776,6.854856,-86.872004,71.737661,3.745775,3.811813,-0.275550,2.261064,0.041902,0.033597
1.918648,-37.186028,-104.515578,6.599933,6.861441,-87.016232,71.646055,3.802653,3.857993,-0.275665,2.259622,0.041711,0.034030
1.919169,-37.344840,-104.512699,6.628647,7.037892,-87.229385,71.422233,3.756942,3.786299,-0.276288,2.256888,0.041820,0.033480
1.919690,-37.888606,-104.329025,6.426056,6.993924,-87.016449,71.563323,3.782989,3.913829,-0.272365,2.259054,0.041060,0.034275
1.920212,-38.312689,-104.248207,6.641820,6.850090,-87.229385,71.422233,3.756942,3.786299,-0.271577,2.256888,0.041924,0.033480
1.920733,-39.259725,-104.388698,6.715358,6.892147,-87.291236,71.530225,3.735882,3.899050,-0.266536,2.257281,0.042230,0.033976
1.921254,-39.405031,-104.479679,6.615010,7.002992,-87.117536,71.442105,3.837307,3.741257,-0.264843,2.257653,0.042067,0.033552
1.921775,-40.463661,-105.019420,6.510476,7.064016,-87.083066,71.778426,3.794041,3.978382,-0.257819,2.260151,0.041423,0.034602
1.922297,-40.723869,-104.958626,6.536680,6.939784,-87.469522,71.548358,4.093224,3.748175,-0.258894,2.256405,0.042302,0.034425
1.922818,-42.036282,-105.155107,6.480263,6.904432,-87.285327,71.623546,3.889645,3.877796,-0.250584,2.257954,0.041543,0.034386
1.923339,-42.414235,-105.735702,6.397213,7.013277,-87.265250,71.846319,3.883270,4.007971,-0.247391,2.259590,0.041060,0.035016
1.923860,-43.230779,-107.083011,6.430716,7.068087,-87.221390,70.926655,3.897486,3.889122,-0.242271,2.253522,0.041187,0.034624
1.924382,-44.237274,-106.922229,6.472540,6.983883,-87.127319,70.516845,3.828059,3.785478,-0.237168,2.251215,0.041325,0.033923
1.924903,-45.183708,-107.450291,6.286010,7.090668,-86.622256,70.796734,3.989327,3.695264,-0.228421,2.256000,0.040843,0.034108
1.925424,-46.215040,-107.944306,6.363526,7.021402,-86.389739,71.087350,3.951362,3.867844,-0.220743,2.259326,0.040966,0.034875
1.925945,-47.174121,-107.779111,6.264458,6.953008,-86.259548,70.840617,3.937486,3.956849,-0.215424,2.258361,0.040622,0.035379
1.926466,-48.496114,-107.821870,6.470012,7.115935,-86.120105,70.851427,3.955807,3.905161,-0.207542,2.259229,0.041661,0.035202
1.926988,-49.780620,-108.283117,6.311614,7.222894,-85.837064,71.275366,3.844724,3.447400,-0.198171,2.263775,0.040488,0.032399
1.927509,-50.786733,-109.022674,6.430804,7.134716,-85.061160,70.826359,3.835886,3.659373,-0.188315,2.265132,0.041004,0.033722
1.928030,-52.262958,-107.904639,6.356520,7.022655,-84.674536,72.448517,3.805174,3.838750,-0.177814,2.278539,0.040535,0.034320
1.928551,-53.602494,-108.103410,6.446526,6.993907,-84.155235,72.517200,3.588432,3.687955,-0.167568,2.282048,0.040359,0.032819
1.929073,-54.838871,-108.526608,6.337915,7.069773,-83.526653,71.569853,3.450876,3.771801,-0.157964,2.279254,0.039685,0.033087
1.929594,-56.179184,-109.111025,6.501474,7.044935,-83.205904,71.894300,3.785373,3.804380,-0.148219,2.283392,0.041167,0.034523
1.930115,-58.012776,-109.365275,6.438788,7.096526,-83.316303,71.769993,3.694317,3.790789,-0.138796,2.281881,0.040656,0.034101
1.930636,-58.926390,-109.862260,6.364115,7.074077,-82.468720,72.142745,3.677399,3.923608,-0.128636,2.289507,0.040120,0.034853
1.931158,-60.573461,-110.033316,6.533870,7.003000,-82.448083,71.877827,3.626980,3.709605,-0.119674,2.287808,0.040823,0.033591
1.931679,-62.114511,-109.986968,6.464464,6.983084,-81.207060,72.377596,3.663040,3.518630,-0.104314,2.298768,0.040546,0.032941
1.932200,-63.378767,-110.401454,6.189355,7.021620,-81.183764,72.549551,3.700158,3.400787,-0.097016,2.300090,0.039261,0.032485
1.932721,-65.172950,-110.514957,6.195845,6.935466,-81.084302,71.889558,3.740855,3.728238,-0.087011,2.296160,0.039556,0.034456
1.933242,-66.511660,-110.539073,6.509941,6.983889,-80.177161,72.035571,4.013430,3.809086,-0.074710,2.302757,0.041781,0.036199
1.933764,-68.181043,-110.629934,6.412120,6.980143,-80.026560,72.023052,4.004263,3.592701,-0.064762,2.303606,0.041308,0.035132
1.934285,-69.886996,-110.696339,6.370749,6.963422,-79.077671,72.271619,3.717889,3.560502,-0.050189,2.311256,0.040270,0.033912
1.934806,-71.301636,-111.114962,6.108420,7.218418,-78.934268,72.093592,3.841323,3.752144,-0.041637,2.310931,0.039361,0.035481
1.935327,-72.925902,-110.969345,6.316064,7.158676,-78.142140,72.554808,4.025718,3.589569,-0.028415,2.319135,0.040798,0.035615
1.935849,-74.526300,-110.847438,6.363438,7.080708,-77.636784,72.562283,4.140262,3.618274,-0.016958,2.322422,0.041387,0.036422
1.936370,-76.089054,-110.515879,6.529061,6.999848,-77.025709,72.444566,3.784595,3.482410,-0.005119,2.325555,0.041247,0.034304
1.936891,-77.509939,-110.989970,6.126758,7.126835,-76.752274,72.655365,3.848856,3.831804,0.004126,2.328780,0.039398,0.036333
1.937412,-78.672480,-110.825832,6.435852,7.049381,-75.645036,72.870778,3.233065,3.708320,0.016479,2.337517,0.039203,0.033205
1.937934,-80.518844,-111.842691,6.506876,6.931286,-75.342863,71.700758,3.693342,3.597875,0.028193,2.331431,0.040749,0.035032
1.938455,-82.074587,-110.221809,6.425650,6.777714,-75.532056,72.560190,3.636923,3.492473,0.035779,2.336130,0.040371,0.034014
1.938976,-83.458987,-111.556900,6.267292,6.996393,-74.874186,71.870614,3.845161,3.687814,0.046768,2.335729,0.040049,0.036268
1.939497,-84.595254,-111.030528,6.416567,6.997038,-74.823082,71.613084,3.871077,3.582013,0.053453,2.334277,0.040977,0.035947
1.940018,-86.152703,-111.246551,6.489234,6.903233,-74.458298,71.521966,4.042996,3.662681,0.063898,2.336083,0.041751,0.037289
1.940540,-87.375535,-111.032703,6.274866,7.042589,-74.053956,71.423685,4.118456,3.598751,0.072883,2.338116,0.041040,0.037498
1.941061,-89.179903,-110.870266,6.277143,7.029540,-73.888918,71.566303,4.034796,3.407779,0.083620,2.340228,0.040773,0.036207
1.941582,-90.024759,-110.734155,6.280252,6.930723,-73.891888,71.759038,4.090626,3.516715,0.088173,2.341552,0.040922,0.036952
1.942103,-91.364368,-110.788912,6.335918,7.087930,-73.769381,71.678683,3.980202,3.474340,0.096131,2.341821,0.040838,0.036250
1.942625,-92.645125,-110.457049,6.548682,6.825287,-73.259127,71.903650,4.087051,3.749567,0.105908,2.346857,0.042097,0.038176
1.943146,-93.641915,-110.339944,6.364990,6.858401,-72.776943,71.939537,3.922090,3.740733,0.113971,2.350408,0.040774,0.037441
1.943667,-94.963050,-110.398259,6.375099,7.036319,-72.963889,71.503330,3.937407,3.879086,0.120355,2.346085,0.040939,0.038252
1.944188,-95.760699,-110.143323,6.408238,7.007865,-72.963889,71.503330,3.937407,3.879086,0.124848,2.346085,0.041126,0.038252
1.944710,-97.045914,-110.265956,6.362698,6.853429,-72.963889,71.503330,3.937407,3.879086,0.131720,2.346085,0.040846,0.038252
1.945231,-97.890360,-109.052840,6.427135,6.788288,-72.570997,72.574297,4.114417,3.859453,0.138510,2.356217,0.041632,0.038866
1.945752,-98.992440,-108.837044,6.518358,6.909774,-72.209512,72.588236,4.349330,3.806204,0.146567,2.358810,0.042735,0.039929
1.946273,-99.899848,-108.706786,6.426715,7.004638,-72.221534,72.551336,4.355933,3.780397,0.151531,2.358473,0.042367,0.039852
1.946794,-100.274449,-108.772456,6.637305,6.897588,-72.152360,72.758830,4.395887,3.649739,0.153694,2.360380,0.043318,0.039458
1.947316,-101.427589,-108.542048,6.358063,6.903093,-72.931926,72.415916,3.903897,3.844285,0.156189,2.352644,0.040788,0.037693
1.947837,-101.964226,-108.543933,6.398021,6.941167,-72.931926,72.415916,3.903897,3.844285,0.159079,2.352644,0.040957,0.037693
1.948358,-102.336981,-108.303463,6.542076,6.989324,-72.914698,72.457309,3.901389,3.873091,0.161354,2.353048,0.041645,0.037815
1.948879,-103.226542,-108.261869,6.473406,7.025585,-73.019523,72.299627,3.871034,3.772320,0.165760,2.351241,0.041266,0.037190
1.949401,-103.709523,-108.237751,6.301660,7.121126,-73.019523,72.299627,3.871034,3.772320,0.168383,2.351241,0.040491,0.037190
1.949922,-103.930119,-108.035208,6.387961,6.927781,-73.424155,72.350979,3.805220,3.604952,0.167530,2.348833,0.040701,0.035942
1.950443,-104.490488,-108.216162,6.540128,7.033419,-73.358548,72.354416,4.111837,3.728367,0.170730,2.349303,0.042198,0.038065
1.950964,-104.828928,-108.267810,6.547377,7.003191,-73.743399,72.579776,4.160124,3.605575,0.170225,2.348242,0.042293,0.037580
1.951486,-105.169310,-108.454435,6.576121,6.844108,-74.491199,72.459250,3.732223,3.699496,0.167975,2.342368,0.041241,0.035753
1.952007,-105.169310,-108.454435,6.576121,6.844108,-74.672828,72.790698,3.875501,3.712605,0.166699,2.343432,0.041554,0.036371
1.952528,-105.640923,-108.603689,6.411790,6.872532,-74.671447,73.139741,3.810350,3.531009,0.168781,2.345832,0.040497,0.035116
1.953049,-105.708092,-108.473194,6.408906,6.946080,-74.458565,73.006254,3.662859,3.322149,0.170521,2.346346,0.040136,0.033500
1.953570,-105.796443,-108.595990,6.443734,7.005864,-75.714878,72.535577,4.179388,3.580657,0.164574,2.334752,0.041857,0.036992
1.954092,-105.605164,-108.665795,6.597695,6.906373,-76.116767,72.368343,4.268766,3.532026,0.161470,2.330955,0.042829,0.037125
1.954613,-105.790820,-108.686865,6.465364,6.951534,-77.053939,72.940956,3.870948,3.208826,0.156918,2.328781,0.040996,0.033338
1.955134,-105.930542,-108.743881,6.634731,6.859417,-77.559180,72.410236,4.166371,3.582115,0.155353,2.321875,0.042714,0.036428
1.955655,-105.986505,-108.837538,6.622835,6.799727,-77.749414,72.554501,4.170494,3.611314,0.154429,2.321646,0.042617,0.036501
1.956177,-105.989050,-109.985820,6.622579,6.852486,-78.974232,71.745546,3.896986,3.635585,0.147572,2.308270,0.041832,0.035203
1.956698,-105.354813,-110.222192,6.332775,6.796188,-79.405234,71.619165,4.107774,3.729758,0.141747,2.304685,0.041117,0.036508
1.957219,-105.132123,-110.380379,6.416865,6.864536,-80.216669,71.671957,3.439518,3.403277,0.136014,2.299997,0.039661,0.031787
1.957740,-104.914141,-110.478550,6.441064,6.838076,-80.877707,71.568432,3.863599,3.372631,0.131275,2.295204,0.040914,0.033302
1.958262,-104.478355,-110.423915,6.645933,6.862599,-81.108939,71.227410,4.116401,3.551617,0.127947,2.291419,0.042676,0.035276
1.958783,-103.860185,-110.683112,6.548306,6.924150,-82.366561,71.510085,3.684294,3.396431,0.117429,2.285758,0.040971,0.032298
1.959304,-103.484648,-110.860699,6.321582,6.942635,-83.140289,71.201529,4.048580,3.541673,0.111282,2.278995,0.040997,0.034391
1.959825,-102.829123,-111.095652,6.416073,6.960935,-84.477929,71.061493,3.723724,3.547313,0.100405,2.270150,0.040542,0.032806
1.960346,-102.304932,-110.098506,6.614936,6.970774,-84.637913,72.625366,3.735259,3.305574,0.096387,2.279958,0.041388,0.031331
1.960868,-101.543480,-110.565099,6.316795,6.975643,-84.932571,72.052004,3.777581,3.688022,0.090711,2.274328,0.040163,0.033452
1.961389,-100.957869,-110.546005,6.539229,6.902859,-86.168831,71.714995,3.849716,3.567598,0.080965,2.264902,0.041504,0.032876
1.961910,-99.922300,-110.922197,6.326120,7.027150,-86.475905,72.030363,4.002604,3.562479,0.073365,2.265310,0.040820,0.033311
1.962431,-99.683966,-110.967534,6.348634,6.909861,-86.773889,73.251917,3.881579,2.896501,0.069965,2.271896,0.040296,0.029428
1.962953,-98.703890,-111.074932,6.661038,6.996795,-88.061736,72.069365,4.153481,3.383846,0.058043,2.256654,0.042788,0.032619
1.963474,-97.721473,-111.182177,6.269668,7.057409,-88.890777,72.082709,3.864357,3.407493,0.048148,2.252156,0.040147,0.031419
1.963995,-97.269357,-111.500179,6.217226,6.977238,-89.274629,71.904342,3.783800,3.521180,0.043563,2.248839,0.039652,0.031639
1.964516,-96.287792,-111.252316,6.572856,6.811876,-90.191128,72.075792,4.138133,3.553130,0.033243,2.245016,0.042343,0.032843
1.965038,-95.422241,-111.229284,6.272934,6.943147,-90.676886,72.430357,3.908997,3.309560,0.025832,2.244789,0.040232,0.030633
1.965559,-94.789445,-111.434306,6.368848,7.007576,-92.006483,71.658561,4.235125,3.527761,0.015199,2.232503,0.041769,0.032673
1.966080,-94.024109,-111.155041,6.633537,7.034725,-92.625186,71.937225,3.745816,3.604198,0.007640,2.231136,0.041607,0.031192
1.966601,-92.902645,-111.269600,6.403917,7.044180,-93.423498,71.626123,4.133169,3.558047,-0.002848,2.224889,0.041673,0.032120
1.967122,-92.202641,-111.475540,6.557633,6.953189,-93.645834,71.805241,4.101594,3.601191,-0.007874,2.224947,0.042200,0.032152
1.967644,-91.323654,-111.366247,6.215288,7.080567,-95.004571,71.836581,3.869594,3.976068,-0.020089,2.218214,0.039957,0.033060
1.968165,-90.436248,-111.178604,6.558567,6.951574,-95.196317,71.731295,3.822264,3.523036,-0.026018,2.216540,0.041488,0.030490
1.968686,-89.822151,-110.997985,6.526763,7.151981,-95.884079,71.852214,4.174231,3.485086,-0.033140,2.213891,0.042348,0.031277
1.969207,-88.792211,-111.042502,6.383670,7.052199,-96.669965,71.958815,3.827890,3.512634,-0.043021,2.210688,0.040641,0.030106
1.969729,-87.932209,-110.852484,6.487819,7.122756,-97.332379,72.069566,4.077467,3.236422,-0.051344,2.208156,0.041838,0.029371
1.970250,-87.314191,-110.651882,6.240202,7.197673,-98.353377,71.716893,3.936781,3.582682,-0.060458,2.200836,0.040398,0.030474
1.970771,-86.114079,-110.728914,6.330687,7.052810,-98.653594,71.945362,3.842852,3.684549,-0.068537,2.200899,0.040460,0.030633
1.971292,-85.485867,-110.474743,6.306031,7.044630,-98.612134,72.692577,4.089593,3.506395,-0.071540,2.206027,0.040939,0.030383
1.971813,-84.662238,-111.456634,6.522063,7.006303,-99.693920,71.033965,4.190964,3.419720,-0.082184,2.189876,0.042340,0.030205
1.972335,-83.849572,-111.301178,6.347443,7.136396,-99.712198,71.670767,4.110625,3.835709,-0.086478,2.194013,0.041198,0.032016
1.972856,-82.999817,-111.373446,6.464359,7.129205,-99.804099,71.227288,4.169656,3.819831,-0.091769,2.190639,0.041969,0.032144
1.973377,-82.287703,-111.400810,6.458920,7.072426,-100.982511,71.288767,3.785696,4.021409,-0.101976,2.185506,0.040805,0.031911
1.973898,-81.895319,-110.796500,6.483537,6.912386,-101.618323,71.379062,4.132939,3.407010,-0.107844,2.183147,0.041961,0.029495
1.974420,-81.038178,-110.753153,6.408264,7.078251,-101.475245,71.548338,4.185820,3.743894,-0.111640,2.184925,0.041750,0.031380
1.974941,-80.159796,-110.877488,6.497031,6.906293,-101.657785,71.180619,4.342295,3.482797,-0.117539,2.181655,0.042621,0.030517
1.975462,-79.832125,-110.638162,6.465476,6.935282,-101.520977,71.596909,4.032764,3.389990,-0.118459,2.185032,0.041529,0.029109
1.975983,-79.519994,-110.189717,6.202946,6.973034,-101.611027,71.665033,4.087123,3.410577,-0.120884,2.185062,0.040577,0.029349
1.976505,-79.029819,-110.241095,6.413311,6.847023,-102.317306,71.830837,4.080846,3.673797,-0.127212,2.182890,0.041428,0.030501
1.977026,-78.240125,-110.283321,6.513578,6.959024,-102.522466,71.242056,4.033697,4.103731,-0.132979,2.178086,0.041874,0.032689
1.977547,-77.865128,-110.019576,6.487860,6.824160,-102.253737,71.570763,4.223042,4.177233,-0.133507,2.181477,0.042276,0.033589
1.978068,-77.528667,-109.098018,6.209585,6.943163,-102.683927,72.131511,3.752659,3.963087,-0.137922,2.183172,0.039735,0.031038
1.978589,-77.078590,-108.915732,6.457333,7.003649,-102.677184,72.091780,3.761826,3.938580,-0.140491,2.182944,0.040942,0.030935
1.979111,-76.343583,-109.025744,6.503556,7.107257,-102.600281,72.047197,3.714342,3.935885,-0.144002,2.183006,0.041008,0.030822
1.979632,-76.098478,-109.251401,6.511840,6.971286,-102.595014,72.218334,3.679851,4.053072,-0.144986,2.184146,0.040854,0.031350
1.980153,-76.031352,-109.076201,6.448420,7.201909,-102.198248,72.478228,3.928315,4.099192,-0.143141,2.187665,0.041250,0.032268
1.980674,-75.767406,-109.267518,6.359922,7.054997,-102.814083,71.897231,3.837600,3.923793,-0.148199,2.181048,0.040632,0.031052
1.981196,-75.542673,-109.103017,6.202946,6.973034,-101.830022,72.270492,4.065511,3.981239,-0.143933,2.188014,0.040540,0.032111
1.981717,-75.098418,-108.987367,6.460642,6.969048,-101.819352,72.234838,4.073168,3.960058,-0.146394,2.187831,0.041738,0.032027
1.982238,-74.889151,-109.096340,6.510551,7.141383,-101.801351,71.916515,4.070929,3.767777,-0.147594,2.185831,0.042007,0.031060
1.982759,-74.850581,-109.265693,6.766059,7.073986,-101.582778,71.927766,4.083798,3.642799,-0.146477,2.186918,0.043155,0.030496
1.983281,-74.465314,-109.379033,6.562612,7.118777,-100.465533,72.482965,3.585688,3.613751,-0.142004,2.195787,0.040764,0.029093
1.983802,-74.465314,-109.379033,6.562612,7.118777,-100.208011,72.464936,3.902306,4.008984,-0.140630,2.196888,0.041632,0.032125
1.984323,-74.448002,-109.642192,6.555506,7.188140,-99.454554,72.408368,4.001847,3.551125,-0.136506,2.200104,0.041831,0.030186
1.984844,-74.383602,-109.570656,6.580164,7.211768,-99.584514,72.016942,4.235464,3.400623,-0.137900,2.196907,0.042701,0.030176
1.985365,-74.368234,-109.697064,6.511650,7.181240,-99.159015,72.244057,3.826311,3.557642,-0.135423,2.200439,0.041179,0.029776
1.985887,-74.274242,-109.679180,6.438654,7.202826,-98.297685,71.967317,4.020271,3.765987,-0.131491,2.202766,0.041480,0.031657
1.986408,-74.295852,-109.839227,6.412681,7.327026,-97.432745,72.232807,3.951164,3.429790,-0.126398,2.208745,0.041089,0.029874
1.986929,-74.412503,-109.890356,6.487244,7.314535,-97.277728,72.377293,4.052328,3.397824,-0.124797,2.210464,0.041675,0.030058
1.987450,-74.468843,-110.088434,6.503995,7.177203,-96.504715,72.497157,4.452939,3.571402,-0.120107,2.215084,0.042870,0.032414
1.987972,-74.547884,-110.030736,6.546704,7.187285,-95.380542,72.446395,4.037059,3.562102,-0.113674,2.220382,0.041901,0.031249
1.988493,-74.628129,-110.196190,6.534095,7.223555,-94.936746,72.326898,3.952679,3.637653,-0.110810,2.221834,0.041614,0.031474
1.989014,-74.888048,-111.106777,6.473334,7.122158,-94.381038,71.494573,4.058778,3.623067,-0.106349,2.219086,0.041628,0.031990
1.989535,-75.513102,-110.907687,6.674014,7.052259,-93.677992,72.107521,4.209467,3.129646,-0.098929,2.226811,0.042895,0.030197
1.990057,-75.572038,-111.050807,6.491977,7.132115,-92.309969,71.305163,4.075664,3.747204,-0.091531,2.228514,0.041877,0.033206
1.990578,-75.808695,-111.255219,6.516165,6.942162,-91.599609,71.581036,3.915045,3.546800,-0.086153,2.234127,0.041431,0.031748
1.991099,-76.074623,-111.414360,6.561468,7.178873,-91.029910,71.509675,4.004237,3.593145,-0.081575,2.236672,0.041895,0.032441
1.991620,-76.290778,-111.481971,6.457234,7.135997,-90.162117,71.282463,4.000342,3.691103,-0.075752,2.239781,0.041456,0.033175
1.992141,-76.572522,-111.515834,6.573083,6.852714,-89.022672,71.372238,3.887604,3.314120,-0.067970,2.246592,0.041659,0.031109
1.992663,-76.832382,-111.581466,6.409580,6.909119,-88.603095,71.030478,3.631211,3.666391,-0.064368,2.246555,0.040268,0.032165
1.993184,-77.027540,-111.676837,6.323214,6.924002,-87.308490,71.783387,3.921690,3.373713,-0.055981,2.258917,0.040498,0.031892
1.993705,-77.664557,-111.840122,6.388072,7.041322,-87.029127,70.557592,3.785562,3.555052,-0.051296,2.252049,0.040664,0.032562
1.994226,-77.856887,-111.946430,6.468436,7.049626,-85.705385,71.449133,4.058466,3.591533,-0.042769,2.265727,0.041603,0.033966
1.994748,-78.305221,-110.994206,6.550824,7.077733,-84.575487,72.358110,3.482700,3.546798,-0.034185,2.278501,0.040443,0.031624
1.995269,-78.450429,-111.283694,6.618083,7.157353,-84.140266,72.655629,3.592116,3.327938,-0.030923,2.283079,0.040920,0.030973
1.995790,-78.932152,-111.242022,6.335374,7.211542,-82.355489,72.157537,4.039120,3.541659,-0.018664,2.290289,0.040961,0.034392
1.996311,-79.387167,-111.115809,6.257167,7.053118,-82.627548,72.154565,3.745816,3.604198,-0.017679,2.288635,0.039787,0.033420
1.996833,-79.739392,-111.192390,6.457960,7.077783,-80.432480,72.552367,3.416905,3.387422,-0.003772,2.304731,0.039763,0.031395
1.997354,-79.931302,-111.317909,6.433910,7.024414,-79.897845,72.832509,3.895103,3.262965,0.000182,2.309967,0.040842,0.032964
1.997875,-80.214254,-111.150434,6.600778,6.788824,-78.867567,72.229159,3.619503,3.272559,0.007344,2.312288,0.041050,0.032121
1.998396,-80.435392,-111.095472,6.562791,7.034528,-78.726024,72.414422,3.734105,3.620470,0.009315,2.314459,0.041145,0.034338
1.998917,-80.695372,-111.094513,6.529955,7.020171,-77.457318,72.846014,4.012968,3.522108,0.017602,2.325524,0.041662,0.035366
1.999439,-80.994556,-110.944258,6.369784,7.022398,-76.929995,72.489234,3.827710,3.488658,0.022155,2.326483,0.040504,0.034550
1.999960,-81.361125,-110.949623,6.298152,6.984352,-76.598508,72.373907,3.702251,3.402627,0.025973,2.327844,0.039840,0.033660
2.000481,-81.484222,-110.996474,6.287882,6.963719,-74.748931,73.139119,3.663313,3.422149,0.036562,2.345310,0.039498,0.033871
2.001002,-81.861051,-110.768253,6.527056,6.994251,-74.625796,72.892935,3.806443,3.472399,0.039374,2.344448,0.041111,0.034887
2.001524,-81.920114,-110.692423,6.514984,6.961502,-73.476553,72.810751,4.021727,3.523284,0.045981,2.351643,0.041681,0.036527
2.002045,-81.920114,-110.692423,6.514984,6.961502,-72.623587,72.534202,3.824578,3.682926,0.050694,2.355579,0.041183,0.036577
2.002566,-81.920114,-110.692423,6.514984,6.961502,-71.783899,72.860408,4.223868,3.494012,0.055166,2.363637,0.042237,0.037950
2.003087,-82.088011,-110.482240,6.624847,6.937807,-70.654882,73.158955,4.072725,3.466472,0.062178,2.373605,0.042265,0.037286
2.003609,-81.978920,-110.319895,6.577770,6.825239,-70.099661,72.865771,4.117114,3.488856,0.064758,2.375540,0.042270,0.037860
2.004130,-82.062182,-110.262878,6.532863,6.815503,-69.852084,72.934954,4.221564,3.541078,0.066551,2.377782,0.042361,0.038725
2.004651,-82.123565,-110.135087,6.524280,6.886245,-68.912463,73.976633,3.781008,2.779159,0.071633,2.391621,0.040849,0.033165
2.005172,-82.192740,-109.807355,6.543983,7.064191,-68.624898,74.187156,3.855523,3.005128,0.073607,2.395123,0.041171,0.034526
2.005693,-82.245504,-110.744880,6.578738,7.080022,-67.809471,72.974963,4.034408,3.437539,0.078415,2.392869,0.041882,0.037841
2.006215,-82.341063,-110.472868,6.597239,6.903131,-68.186023,72.551450,3.991719,3.420192,0.077186,2.387203,0.042005,0.037509
2.006736,-82.341063,-110.472868,6.597239,6.903131,-66.748070,72.629022,3.852078,3.464354,0.084955,2.398364,0.041576,0.037303
2.007257,-81.991999,-110.463456,6.357678,6.913198,-66.428050,72.421414,4.105182,3.487342,0.084898,2.399332,0.041238,0.039027
2.007778,-81.735689,-110.785181,6.328188,7.128094,-66.063972,72.937776,4.162012,3.610024,0.085095,2.405605,0.041094,0.039863
2.008300,-81.699549,-110.302678,6.353891,6.773508,-65.639774,73.029539,4.209965,3.606954,0.087376,2.409435,0.041419,0.040246
2.008821,-81.554276,-109.960863,6.389516,6.827248,-65.461432,72.482382,4.259539,3.459977,0.087980,2.407048,0.041927,0.040142
2.009342,-80.942715,-110.127828,6.426240,6.911976,-64.647534,72.509461,4.112797,3.532895,0.088986,2.413452,0.041615,0.039804
2.009863,-80.557974,-109.913309,6.569159,6.754608,-64.632449,72.562433,4.083016,3.618268,0.087054,2.413931,0.042224,0.039973
2.010385,-80.041858,-110.052088,6.513640,6.927170,-63.940659,72.960896,4.127139,3.272977,0.087753,2.421988,0.041970,0.038962
2.010906,-79.610488,-110.317586,6.251461,6.748508,-64.254689,72.613291,4.224524,3.423117,0.083747,2.417189,0.041101,0.040150
2.011427,-79.021835,-108.977501,6.332358,6.836631,-63.943294,73.645043,4.350531,3.680359,0.082380,2.426591,0.041930,0.041792
2.011948,-78.477766,-109.138366,6.553318,6.924190,-63.740290,73.606893,4.284376,3.737257,0.080471,2.427908,0.042707,0.041686
2.012469,-77.857107,-109.292292,6.471771,7.047919,-63.667795,73.557852,4.286226,3.575211,0.077446,2.428142,0.042330,0.041088
2.012991,-77.172589,-109.222870,6.179524,6.985753,-63.638674,73.673063,4.262111,3.659313,0.073863,2.429142,0.040944,0.041248
2.013512,-76.442431,-109.150046,6.463600,6.915244,-63.674992,73.528569,4.121210,3.537957,0.069777,2.427889,0.041863,0.039911
2.014033,-75.790406,-109.209989,6.261771,6.905510,-63.560264,73.657965,4.226464,3.535431,0.066780,2.429651,0.041225,0.040563
2.014554,-74.871685,-109.183391,6.415205,6.954937,-63.691874,73.483678,4.289289,3.434698,0.061127,2.427455,0.042168,0.040572
2.015076,-74.124796,-109.600717,6.425999,6.916361,-63.589992,73.421451,4.265509,3.569214,0.057497,2.427828,0.042073,0.040996
2.015597,-73.476013,-109.713511,6.304959,6.867867,-63.691874,73.483678,4.289289,3.434698,0.053357,2.427455,0.041567,0.040572
2.016118,-72.360607,-109.773282,6.487365,6.863511,-63.895273,73.647339,4.204026,3.483695,0.046120,2.426978,0.042101,0.040112
2.016639,-71.684959,-110.180987,6.312958,6.993741,-64.202175,73.371602,4.239788,3.557297,0.040744,2.422747,0.041398,0.040600
2.017161,-71.273338,-109.578412,6.282136,7.001692,-64.407712,73.232205,4.138017,3.528136,0.037538,2.420220,0.041123,0.039823
2.017682,-69.954530,-109.941174,6.439359,6.929062,-64.321811,73.239821,4.203095,3.527463,0.030740,2.420933,0.041959,0.040249
2.018203,-69.285057,-109.766208,6.269732,6.866242,-64.274813,73.150931,4.223866,3.641023,0.027384,2.420693,0.041314,0.040877
2.018724,-67.871614,-109.813791,6.401648,6.798775,-64.568234,72.891622,4.064017,3.715394,0.018078,2.416672,0.041496,0.040200
2.019245,-67.153204,-109.942129,6.181814,6.839654,-65.517793,73.148339,4.264635,3.483796,0.008932,2.411167,0.041017,0.040084
2.019767,-65.924191,-109.776941,6.444509,6.780218,-65.538955,73.229881,4.177870,3.317112,0.002105,2.411560,0.041967,0.038861
2.020288,-64.951487,-109.790605,6.330322,6.779413,-65.858767,73.457237,4.290711,3.578690,-0.004951,2.410682,0.041732,0.040434
2.020809,-64.045455,-109.784353,6.393327,6.910338,-66.347990,72.858551,3.676627,3.616186,-0.012606,2.402930,0.040377,0.037034
2.021330,-63.091906,-109.688700,6.197123,6.794412,-67.556336,73.305448,4.268479,3.371359,-0.024392,2.396986,0.041109,0.038945
2.021852,-61.877722,-111.033255,6.421002,6.859894,-67.782481,72.183902,4.167674,3.148371,-0.032217,2.387630,0.041759,0.037618
2.022373,-60.593509,-109.574511,6.624645,6.821777,-67.938533,73.231478,4.211410,3.254622,-0.040158,2.393670,0.042904,0.038030
2.022894,-59.693669,-110.549726,6.466022,6.877670,-67.907431,72.202552,4.165740,3.359104,-0.044915,2.386840,0.042045,0.038423
2.023415,-59.043271,-110.628392,6.223360,6.946040,-68.937611,72.205960,3.905872,3.389085,-0.054064,2.379347,0.040134,0.036748
2.023937,-57.819131,-110.462420,6.420775,6.813085,-69.207158,72.512544,3.947658,3.200782,-0.062158,2.379514,0.041113,0.036024
2.024458,-57.049848,-110.271158,6.186148,6.964198,-69.924242,72.268340,4.201547,3.261575,-0.070413,2.372678,0.040871,0.037554
2.024979,-56.048040,-110.343440,6.540894,6.855330,-70.285155,72.457096,4.064926,3.228427,-0.077726,2.371409,0.041997,0.036487
2.025500,-55.013178,-110.077199,6.186995,6.940652,-71.112493,72.196019,3.994959,2.925620,-0.088097,2.363755,0.040255,0.034630
2.026021,-53.877869,-110.120542,6.457214,6.906267,-71.941398,71.688804,4.044771,3.521494,-0.099029,2.354436,0.041711,0.037329
2.026543,-52.542759,-109.693866,6.426038,6.772833,-72.359551,72.361581,3.758844,3.260563,-0.108423,2.356209,0.040657,0.034383
2.027064,-51.927906,-109.770436,6.454127,7.080876,-72.640449,71.611907,3.777829,3.279010,-0.113700,2.349064,0.040988,0.034642
2.027585,-51.281460,-109.035096,6.095508,6.868798,-73.346774,72.776040,4.040368,3.348504,-0.120773,2.352289,0.039957,0.035886
2.028106,-50.469797,-108.929518,6.542343,6.846188,-74.544612,72.977535,3.691853,3.174133,-0.131582,2.345572,0.040943,0.032949
2.028628,-49.748057,-108.460561,6.395656,6.901149,-74.403634,73.479071,3.625247,3.113648,-0.134695,2.349943,0.040063,0.032284
2.029149,-48.290106,-108.524906,6.443740,7.053078,-75.045861,72.389401,3.709686,3.399175,-0.146828,2.338179,0.040704,0.034068
2.029670,-47.791736,-108.284752,6.390122,6.978993,-75.833397,72.771422,4.045572,3.544111,-0.153657,2.335593,0.041314,0.036087
2.030191,-47.041747,-108.012663,6.339399,7.073997,-76.503270,72.785255,3.850938,3.502201,-0.161533,2.331295,0.040561,0.034774
2.030713,-46.074330,-107.841618,6.487314,6.928399,-76.645483,72.354626,3.735970,3.399747,-0.168055,2.327405,0.040995,0.033796
2.031234,-45.720266,-108.077971,6.397744,7.061797,-77.604781,72.791794,4.028518,3.426565,-0.174492,2.324203,0.041214,0.034966
2.031755,-44.745375,-107.763845,6.329956,7.115961,-77.946102,72.514291,3.953466,3.381046,-0.182123,2.320109,0.040789,0.034358
2.032276,-44.337652,-107.530781,6.451165,6.914391,-78.478045,72.662772,3.791712,3.677077,-0.187246,2.317738,0.040869,0.034880
2.032797,-43.875446,-107.257592,6.383777,6.940104,-78.912897,72.013837,3.791858,3.742017,-0.193011,2.310515,0.040744,0.035240
2.033319,-43.246552,-107.344807,6.522190,6.974060,-79.054320,72.106604,3.725697,3.731754,-0.196953,2.310264,0.041133,0.034851
2.033840,-42.736462,-107.106392,6.498655,6.909557,-79.546392,72.160421,3.939274,3.847996,-0.202521,2.307547,0.041595,0.036215
2.034361,-42.484214,-107.013430,6.649442,6.867086,-79.892696,72.488134,3.778240,3.615243,-0.205461,2.307640,0.041736,0.034203
2.034882,-41.995942,-106.313595,6.567053,6.890450,-80.266576,72.214120,3.997088,3.341073,-0.211172,2.303434,0.042099,0.033798
2.035404,-41.645859,-106.383346,6.441727,6.840622,-81.206391,71.912754,3.657423,3.681074,-0.218344,2.295573,0.040655,0.033840
2.035925,-41.430117,-106.547565,6.557596,6.905171,-80.987270,72.010769,3.832012,3.741595,-0.218015,2.297591,0.041596,0.034896
2.036446,-41.301781,-106.199830,6.633883,7.019595,-81.850520,72.360582,3.963970,3.718908,-0.223300,2.294733,0.042263,0.035042
2.036967,-40.910728,-105.986152,6.717246,7.009501,-82.114362,72.146020,3.893614,3.648329,-0.227312,2.291664,0.042504,0.034373
2.037488,-40.442057,-105.904217,6.563585,6.958707,-82.557999,71.887516,4.002624,3.647968,-0.232596,2.287215,0.042126,0.034758
2.038010,-40.313437,-105.983530,6.477976,7.060395,-82.698886,71.714675,4.010239,3.566071,-0.234150,2.285179,0.041792,0.034378
2.038531,-40.199488,-105.774592,6.559363,6.981004,-82.859239,72.164336,3.850097,3.960337,-0.235303,2.287315,0.041694,0.035613
2.039052,-40.181574,-105.868697,6.578507,6.918540,-82.644935,71.883433,3.989327,3.695264,-0.234496,2.286666,0.042143,0.034918
2.039573,-40.140240,-105.850018,6.554306,6.924459,-83.206356,72.323486,3.766031,4.008908,-0.237160,2.286335,0.041375,0.035432
2.040095,-40.169789,-106.903343,6.496338,7.005599,-83.401959,71.342964,3.759472,3.713435,-0.237947,2.278423,0.041054,0.034012
2.040616,-40.255748,-106.740379,6.453414,7.045443,-83.739879,70.951370,3.816836,3.852063,-0.240000,2.273711,0.041155,0.034963
2.041137,-40.367254,-106.661173,6.502041,6.841539,-83.784790,70.930553,3.708910,4.002376,-0.239776,2.273302,0.041084,0.035368
2.041658,-40.752122,-106.616136,6.551276,6.836791,-83.853473,70.965875,3.684166,3.932436,-0.238108,2.273143,0.041246,0.034872
2.042180,-41.243751,-106.836809,6.752707,6.897531,-84.157926,71.026593,3.832465,3.844295,-0.236751,2.271778,0.042476,0.034864
2.042701,-41.523494,-107.201641,6.695035,6.898248,-84.157926,71.026593,3.832465,3.844295,-0.234800,2.271778,0.042150,0.034864
2.043222,-41.814646,-107.139648,6.662637,6.916212,-84.159794,70.982751,3.842590,3.811902,-0.233398,2.271463,0.042070,0.034739
2.043743,-42.590108,-106.462026,6.361611,6.934671,-84.275364,72.009415,3.727419,3.953305,-0.229455,2.277870,0.040409,0.034818
2.044264,-43.363930,-106.431476,6.661189,6.874735,-84.191460,71.894932,3.824041,3.876107,-0.225069,2.277577,0.042044,0.034813
2.044786,-43.830715,-106.461858,6.487507,6.817304,-84.191460,71.894932,3.824041,3.876107,-0.222544,2.277577,0.041266,0.034813
2.045307,-44.401283,-106.913566,6.528668,7.031188,-84.198410,71.947119,3.834382,3.852447,-0.218937,2.277894,0.041439,0.034716
2.045828,-44.788385,-107.097403,6.485142,6.974842,-83.960874,71.687767,3.946107,3.883953,-0.215695,2.277506,0.041577,0.035419
2.046349,-46.066130,-107.043890,6.431081,6.997158,-83.960874,71.687767,3.946107,3.883953,-0.208926,2.277506,0.041408,0.035419
2.046871,-46.489901,-107.476979,6.464998,6.986908,-84.104570,71.813292,3.844205,3.915166,-0.206798,2.277525,0.041174,0.035133
2.047392,-47.890176,-107.924254,6.544170,6.986998,-83.975715,71.784165,3.956420,3.832514,-0.198165,2.278082,0.041790,0.035169
2.047913,-48.422188,-107.733439,6.557267,6.798933,-83.486227,71.657214,3.835909,3.876078,-0.193028,2.280096,0.041608,0.035076
2.048434,-49.264084,-108.355388,6.683246,6.898100,-83.468426,71.538469,3.855279,3.798303,-0.187893,2.279382,0.042165,0.034772
2.048956,-50.182383,-108.123422,6.490376,6.945427,-83.129256,71.635550,3.864317,3.683386,-0.181272,2.282065,0.041388,0.034278
2.049477,-51.295722,-108.295296,6.521459,7.004766,-82.863827,71.904132,3.837941,3.699995,-0.173424,2.285499,0.041421,0.034270
2.049998,-52.218408,-108.571552,6.381318,7.091412,-82.517969,71.981482,4.048807,3.737018,-0.166266,2.288102,0.041350,0.035386
2.050519,-53.321047,-108.576751,6.337418,7.012287,-82.432966,71.916784,4.031194,3.629609,-0.159913,2.288167,0.041137,0.034813
2.051040,-54.379177,-108.837445,6.488889,6.894358,-82.235385,72.231856,3.922919,3.470674,-0.152646,2.291523,0.041407,0.033571
2.051562,-55.876116,-109.081358,6.385461,7.029617,-82.139428,71.962187,3.962138,3.672809,-0.144061,2.290248,0.041127,0.034808
2.052083,-56.724906,-109.349386,6.298861,7.057842,-81.451980,72.477559,4.039165,3.596810,-0.135163,2.297958,0.040822,0.034841
2.052604,-57.841323,-109.520558,6.363285,7.044503,-80.873614,72.283679,3.787802,3.683554,-0.126016,2.300167,0.040458,0.034390
2.053125,-59.464547,-109.481130,6.088856,6.933921,-79.936368,72.386639,3.939235,3.661389,-0.112092,2.306671,0.039667,0.035136
2.053647,-60.331021,-109.752224,6.384449,6.660998,-79.722567,72.331789,4.025686,3.750801,-0.106098,2.307627,0.041224,0.036019
2.054168,-61.919668,-110.535994,6.355460,6.864914,-80.187660,71.354951,3.766769,3.677495,-0.100098,2.297975,0.040436,0.034631
2.054689,-63.197782,-111.175277,6.159711,7.006708,-79.711337,71.290906,4.033238,3.720642,-0.090256,2.300489,0.040213,0.036120
2.055210,-64.168147,-111.346709,6.390248,7.007012,-79.641173,71.466451,4.030480,3.658120,-0.084437,2.302149,0.041194,0.035780
2.055732,-65.609379,-110.949690,6.250895,6.768322,-78.878434,71.085796,3.810243,3.522775,-0.072764,2.304278,0.040118,0.034416
2.056253,-66.605165,-111.628819,6.514323,6.943302,-78.793780,71.185143,3.729757,3.562844,-0.066574,2.305507,0.040977,0.034268
2.056774,-68.219983,-111.627228,6.421556,6.963132,-77.994397,71.148234,3.824359,3.587434,-0.053427,2.310323,0.040840,0.035018
2.057295,-69.472323,-111.748991,6.222724,6.866746,-77.876552,71.364047,3.824993,3.474504,-0.045864,2.312585,0.039852,0.034448
2.057816,-70.938871,-111.813806,6.311058,6.991237,-77.770593,71.713052,4.195451,3.294278,-0.037207,2.315694,0.041265,0.035311
2.058338,-72.252134,-111.934632,6.410113,7.001765,-76.774244,72.048841,4.568508,3.706057,-0.024574,2.324453,0.042771,0.039249
2.058859,-73.310987,-111.811112,6.200960,7.047449,-76.804775,71.655096,3.854125,3.644715,-0.019041,2.321521,0.039789,0.035640
2.059380,-74.637581,-110.648486,6.407321,6.890518,-76.530353,72.323168,3.985744,3.638560,-0.010344,2.327938,0.041239,0.036148
2.059901,-75.790800,-110.731221,6.232939,6.937050,-76.265943,72.281911,3.981916,3.577938,-0.002596,2.329381,0.040414,0.035921
2.060423,-77.394371,-110.822602,6.222924,7.079715,-76.274287,72.237904,3.990872,3.541939,0.006119,2.329022,0.040383,0.035800
2.060944,-78.486470,-110.888519,6.553093,6.890433,-75.888803,72.286894,4.174231,3.485086,0.014180,2.331891,0.042412,0.036528
2.061465,-79.716238,-110.700544,6.346303,6.993129,-75.591477,72.598068,4.108529,3.433411,0.022499,2.335997,0.041235,0.035994
2.061986,-81.095612,-110.949836,6.166787,6.973343,-75.596756,72.193293,4.159004,3.642532,0.030016,2.333170,0.040598,0.037285
2.062508,-82.114760,-110.770742,6.473256,6.814971,-74.941129,72.118672,3.877990,3.700338,0.039204,2.337004,0.041230,0.036409
2.063029,-83.349116,-110.926913,6.235011,6.953854,-74.501531,72.145262,4.165955,3.656634,0.048291,2.340128,0.040917,0.037715
2.063550,-84.664859,-110.459773,6.412980,6.902772,-74.873997,72.458867,3.837436,3.676743,0.053475,2.339804,0.040804,0.036042
2.064071,-85.729978,-110.571006,6.388823,6.798048,-74.393770,72.297587,4.057049,3.543534,0.061912,2.341906,0.041308,0.036647
2.064592,-86.845484,-110.399153,6.398778,6.699055,-74.393770,72.297587,4.057049,3.543534,0.068050,2.341906,0.041375,0.036647
2.065114,-87.517867,-110.425241,6.386475,6.792064,-74.220939,72.161264,3.953794,3.700251,0.072697,2.342125,0.041036,0.036955
2.065635,-89.109046,-110.324569,6.346243,6.738745,-74.223012,72.117453,3.964069,3.665052,0.081413,2.341807,0.040884,0.036846
2.066156,-89.702225,-110.100807,6.354532,6.863900,-74.274759,72.281372,3.990872,3.541939,0.084388,2.342594,0.041006,0.036347
2.066677,-91.044394,-109.800398,6.242755,6.908114,-73.956276,72.420362,4.175490,3.528495,0.093504,2.345702,0.041048,0.037279
2.067199,-91.628461,-109.644160,6.255594,6.911481,-73.956276,72.420362,4.175490,3.528495,0.096762,2.345702,0.041129,0.037279
2.067720,-92.379797,-109.569183,6.561123,6.852349,-74.274759,72.281372,3.990872,3.541939,0.099233,2.342594,0.042024,0.036347
2.068241,-93.204659,-109.791284,6.424187,6.903579,-74.312327,72.259277,4.010281,3.543125,0.103405,2.342188,0.041388,0.036443
2.068762,-93.968593,-109.754702,6.429747,6.943315,-74.435803,72.275656,4.084165,3.544988,0.106896,2.341472,0.041618,0.036782
2.069284,-94.838298,-109.803804,6.328493,6.900752,-74.512593,72.129793,4.073834,3.630844,0.111259,2.339947,0.041131,0.037139
2.069805,-95.583040,-109.445388,6.409284,6.845563,-74.432500,72.318553,4.073717,3.580139,0.115842,2.341791,0.041511,0.036884
2.070326,-95.677505,-109.569114,6.378142,6.950895,-74.483758,72.430199,4.057392,3.615929,0.115927,2.342217,0.041277,0.036930
2.070847,-96.673482,-110.393448,6.536760,6.796149,-74.846289,71.501931,3.828055,3.708306,0.119428,2.333346,0.041362,0.036382
2.071368,-97.307307,-110.501899,6.259158,6.868010,-74.921486,71.549098,3.868384,3.715683,0.122350,2.333174,0.040153,0.036577
2.071890,-97.650420,-110.557408,6.388296,6.906584,-74.822311,71.702669,3.892846,3.808997,0.124601,2.334907,0.040762,0.037144
2.072411,-98.272932,-110.236247,6.517479,6.786938,-75.328592,71.992771,4.147348,3.673401,0.125250,2.333555,0.042060,0.037494
2.072932,-98.582327,-110.501883,6.567476,6.870506,-75.259979,71.629273,3.837307,3.741257,0.127359,2.331482,0.041444,0.036451
2.073453,-99.145942,-110.376161,6.428179,6.816806,-75.604763,71.744311,4.163169,3.484138,0.128549,2.330001,0.041705,0.036660
2.073975,-99.434618,-110.451097,6.290818,6.873242,-76.048131,71.653617,3.984920,3.480837,0.127724,2.326451,0.040583,0.035664
2.074496,-99.660276,-110.424376,6.376776,6.805882,-76.828862,71.540705,3.782787,3.481128,0.124819,2.320568,0.040449,0.034524
2.075017,-99.654826,-110.655814,6.378142,6.950895,-76.524421,71.823573,4.225549,3.531309,0.126084,2.324517,0.041607,0.036893
2.075538,-99.982765,-110.729959,6.583100,6.962871,-77.264808,71.583009,3.783129,3.490319,0.123971,2.318041,0.041343,0.034450
2.076060,-100.144574,-110.753317,6.492730,6.939403,-78.231601,71.422019,4.014768,3.422595,0.119710,2.310724,0.041611,0.034962
2.076581,-100.346413,-109.802762,6.520462,6.910965,-78.718901,72.107797,3.776998,3.670665,0.118335,2.312390,0.041156,0.034843
2.077102,-100.295666,-109.720874,6.515058,6.872586,-79.018321,72.082991,3.851296,3.837873,0.116505,2.310328,0.041369,0.035939
2.077623,-100.343517,-109.871426,6.613294,6.890348,-79.509680,72.409598,4.031486,3.618567,0.113801,2.309493,0.042218,0.035441
2.078144,-100.427657,-109.824164,6.565446,6.890461,-79.787420,72.345407,4.069109,3.548096,0.112821,2.307316,0.042133,0.035208
2.078666,-100.511337,-110.110695,6.535326,6.937784,-80.460668,72.256812,3.636058,3.628735,0.109507,2.302527,0.040787,0.033585
2.079187,-100.485511,-110.002059,6.548430,6.848474,-81.003461,72.450189,3.794462,3.481382,0.106376,2.300514,0.041254,0.033345
2.079708,-100.402260,-109.958476,6.597524,6.841766,-81.533944,72.257769,4.115072,3.538825,0.103181,2.295951,0.042442,0.034908
2.080229,-100.339962,-110.034956,6.613015,6.877505,-81.996581,72.108629,4.102756,3.459390,0.100370,2.292119,0.042507,0.034375
2.080751,-100.163930,-110.557465,6.587610,6.846721,-82.744938,72.127774,3.813054,3.606086,0.095062,2.287747,0.041483,0.033679
2.081272,-99.760582,-110.559612,6.449818,6.848846,-83.451508,72.239764,4.105641,3.343585,0.088983,2.284306,0.041659,0.033425
2.081793,-99.502463,-110.738065,6.280132,6.799487,-84.627075,72.111097,3.745816,3.604198,0.081175,2.276511,0.039874,0.032958
2.082314,-99.107266,-110.789126,6.436806,6.868253,-84.627573,71.454907,3.766815,3.761696,0.079286,2.271998,0.040808,0.033982
2.082836,-98.871604,-111.179727,6.415343,6.814362,-85.069687,72.289182,3.766386,3.441759,0.075086,2.275154,0.040439,0.032082
2.083357,-98.237888,-110.791987,6.457324,6.768369,-86.561121,71.838353,3.784178,3.504362,0.063850,2.263514,0.040901,0.032191
2.083878,-97.936108,-111.168447,6.483621,6.993809,-86.846283,72.233406,3.782996,3.490753,0.060394,2.264593,0.040861,0.031986
2.084399,-97.339502,-111.160446,6.221732,6.987980,-87.483385,72.091321,4.077779,3.541749,0.053733,2.260035,0.040542,0.033237
2.084920,-97.059757,-111.183180,6.353785,6.993841,-88.626131,72.024161,3.745816,3.604198,0.046001,2.253218,0.040222,0.032059
2.085442,-96.209122,-111.393232,6.592907,6.984545,-88.856485,71.818810,3.817453,3.729040,0.040110,2.250551,0.041551,0.032947
2.085963,-95.856183,-111.092640,6.445644,6.888176,-89.614344,72.227017,4.080522,3.619905,0.034036,2.249171,0.041591,0.033084
2.086484,-95.420496,-111.237646,6.266896,7.049255,-90.305576,71.931577,3.894709,3.573996,0.027917,2.243421,0.040269,0.032063
2.087005,-94.787851,-112.135319,6.393193,6.978673,-90.536615,71.126366,3.791052,3.720508,0.023193,2.236700,0.040548,0.032550
2.087527,-94.235400,-112.090091,6.489987,6.843877,-90.755059,71.586529,3.655316,3.326073,0.018946,2.238663,0.040546,0.029899
2.088048,-93.456963,-112.116741,6.255995,7.018164,-91.965093,71.644359,3.360586,3.538351,0.008118,2.232625,0.038644,0.029785
2.088569,-93.105921,-112.151921,6.241708,7.024906,-92.649176,71.045987,3.827890,3.512634,0.002493,2.224981,0.039968,0.031113
2.089090,-92.338462,-112.015146,6.504462,6.874533,-93.044108,71.653053,3.897101,3.460102,-0.003842,2.227036,0.041284,0.030901
2.089612,-91.722958,-111.989400,6.465705,7.099367,-93.416811,71.139961,3.696739,3.482877,-0.009249,2.221638,0.040669,0.030343
2.090133,-91.216789,-112.045936,6.159703,7.064446,-93.363098,71.511087,3.082103,3.595845,-0.011692,2.224425,0.037522,0.029038
2.090654,-91.123463,-111.924370,6.182658,6.870370,-94.250439,71.534565,3.573958,3.538751,-0.017043,2.220022,0.038921,0.030017
2.091175,-90.311497,-111.756073,6.505974,6.747944,-94.902225,71.369677,3.809874,3.541045,-0.025063,2.215598,0.041158,0.030658
2.091696,-89.364550,-112.207318,6.109918,6.970725,-95.801666,70.986749,4.091763,3.541207,-0.035124,2.208497,0.040119,0.031414
2.092218,-89.123120,-111.991131,6.088542,7.089197,-96.090593,71.305681,4.090456,3.734847,-0.037994,2.209201,0.039994,0.032300
2.092739,-88.306928,-111.835916,6.445988,6.994505,-96.450296,70.737515,4.083813,3.695119,-0.044574,2.203594,0.041757,0.032067
2.093260,-87.961696,-111.177400,6.414294,6.982465,-97.529892,71.956672,4.276208,3.800797,-0.052199,2.206438,0.042041,0.032795
2.093781,-87.239468,-110.959236,6.159703,7.064446,-97.706073,72.152896,4.095345,3.418518,-0.057097,2.206877,0.040338,0.030229
2.094303,-86.941721,-110.790714,6.349941,6.932755,-98.147296,72.215466,3.940427,3.626016,-0.061154,2.205139,0.040767,0.030688
2.094824,-86.329134,-110.792684,6.445988,6.994505,-98.595386,72.192823,3.758092,3.834650,-0.066934,2.202816,0.040698,0.031163
2.095345,-85.272662,-110.900163,6.175876,6.850476,-98.707607,71.419275,3.718579,3.968712,-0.073556,2.197149,0.039455,0.031884
2.095866,-84.849572,-110.659154,6.413679,6.919087,-98.838424,71.734492,3.811849,3.762765,-0.076546,2.198613,0.040799,0.030950
2.096387,-84.648099,-110.829721,6.461057,6.901416,-98.910957,71.782758,3.815753,3.843735,-0.077946,2.198584,0.040979,0.031372
2.096909,-84.335940,-110.529740,6.483727,6.812491,-99.330737,71.869732,4.097702,3.787525,-0.082024,2.197147,0.041914,0.031784
2.097430,-83.937778,-110.491297,6.540099,6.904750,-99.456758,71.920659,4.170852,3.796901,-0.084872,2.196881,0.042376,0.032014
2.097951,-83.293789,-110.234100,6.222426,6.909652,-99.550115,71.702108,4.199107,3.837926,-0.089115,2.194992,0.041114,0.032319
2.098472,-83.200915,-110.581250,6.473096,7.011497,-99.546512,71.740917,4.189444,3.866016,-0.089413,2.195265,0.042135,0.032432
2.098994,-82.413712,-110.743115,6.394915,7.007113,-100.117358,71.663651,4.140443,3.600118,-0.096753,2.192045,0.041583,0.030797
2.099515,-82.195459,-110.440714,6.437140,6.889911,-99.955299,71.906283,4.172744,3.746441,-0.097090,2.194414,0.041880,0.031649
2.100036,-81.783736,-110.235593,6.365836,6.738744,-100.041549,71.714874,4.182965,3.612621,-0.100010,2.192742,0.041656,0.031000
2.100557,-81.418577,-110.563100,6.204035,6.974936,-100.142811,71.742288,4.108677,3.518145,-0.102349,2.192444,0.040625,0.030270
2.101079,-80.960466,-110.525610,6.307834,6.949925,-100.267176,71.576105,4.131002,3.606232,-0.105627,2.190760,0.041193,0.030777
2.101600,-80.749532,-110.668906,6.385250,6.985808,-100.264827,71.577622,4.152350,3.763120,-0.106675,2.190781,0.041576,0.031649
2.102121,-80.525586,-110.616519,6.449035,7.045348,-100.391198,71.687242,3.955724,3.562256,-0.108542,2.190909,0.041277,0.029992
2.102642,-80.402725,-110.293266,6.421108,6.836122,-100.142811,71.742288,4.108677,3.518145,-0.108019,2.192444,0.041637,0.030270
2.103163,-80.197164,-110.034520,6.488992,6.952255,-99.762225,72.039109,3.903924,3.721953,-0.107046,2.196206,0.041374,0.030761
2.103685,-80.088318,-110.947100,6.466943,6.845720,-99.728687,71.159976,4.158734,3.712935,-0.107435,2.190549,0.041984,0.031581
2.104206,-79.965232,-110.927788,6.535707,6.845321,-99.507610,71.367454,4.131764,3.876448,-0.106794,2.192977,0.042183,0.032380
2.104727,-79.845924,-110.731009,6.496433,6.952598,-99.345615,71.065376,3.909038,3.712079,-0.106853,2.191740,0.041486,0.030946
2.105248,-79.895585,-110.880057,6.508427,6.849178,-98.695491,71.120216,3.829528,3.808092,-0.102931,2.195216,0.041289,0.031364
2.105770,-79.875690,-110.971190,6.527586,6.793296,-98.775410,70.861874,3.908049,3.842336,-0.103568,2.193108,0.041628,0.031792
2.106291,-79.864554,-111.140277,6.497275,6.939711,-98.470986,70.934661,3.974505,3.883481,-0.101838,2.195057,0.041634,0.032258
2.106812,-79.462620,-111.304570,6.564447,6.927072,-97.868443,71.300777,4.199231,3.759254,-0.100456,2.200419,0.042465,0.032352
2.107333,-79.358409,-111.304840,6.476118,6.950600,-97.292698,71.240262,4.276492,3.668944,-0.097932,2.202825,0.042315,0.032274
2.107855,-79.211856,-111.423517,6.545378,6.980171,-96.973318,70.862924,3.856071,3.834111,-0.097130,2.201861,0.041498,0.031987
2.108376,-79.211856,-111.423517,6.545378,6.980171,-96.141863,71.194489,4.215901,3.680426,-0.092443,2.208199,0.042456,0.032420
2.108897,-79.041802,-111.548348,6.425996,6.947122,-95.732298,71.001083,4.180125,3.510570,-0.091177,2.208940,0.041825,0.031562
2.109418,-79.052675,-111.453562,6.405161,7.007888,-94.757752,70.937609,3.806842,3.643384,-0.085895,2.213414,0.040720,0.031283
2.109939,-79.202303,-111.517008,6.566742,6.920075,-94.200368,70.862008,3.452514,3.689913,-0.082051,2.215734,0.040558,0.030590
2.110461,-79.607319,-110.442390,6.464051,6.944357,-94.010185,72.382229,3.883382,3.536590,-0.078617,2.226938,0.041128,0.030928
2.110982,-79.607319,-110.442390,6.464051,6.944357,-93.748961,72.274645,4.085980,3.521484,-0.077242,2.227564,0.041732,0.031611
2.111503,-79.510160,-110.746747,6.401998,7.013146,-93.088759,71.947740,4.096456,3.543526,-0.074188,2.228789,0.041495,0.031957
2.112024,-79.623910,-110.873387,6.431306,7.045010,-91.813717,72.289793,3.483407,3.405906,-0.066454,2.237778,0.039857,0.029401
2.112546,-79.710276,-110.898491,6.486830,7.025626,-91.690546,71.777739,3.891030,3.625893,-0.065488,2.234977,0.041328,0.032023
2.113067,-79.710276,-110.898491,6.486830,7.025626,-90.973402,71.873110,3.952132,3.474309,-0.061546,2.239438,0.041486,0.031614
2.113588,-79.764655,-110.967175,6.496667,7.044450,-89.983322,71.888936,3.889772,3.464161,-0.055826,2.244875,0.041351,0.031569
2.114109,-79.946779,-111.206719,6.433853,6.930343,-89.021355,72.006593,3.949925,3.438450,-0.049490,2.250922,0.041159,0.031872
2.114631,-79.982603,-111.174436,6.447967,6.938912,-89.244962,72.442571,4.350819,3.230617,-0.050401,2.252647,0.042307,0.032330
2.115152,-80.076402,-111.438242,6.476008,6.959573,-86.851349,72.820330,3.630789,3.149443,-0.036752,2.268545,0.040268,0.029615
2.115673,-80.064672,-111.337554,6.456710,7.031648,-87.272374,71.866046,3.957366,3.448700,-0.039322,2.259684,0.041307,0.032398
2.116194,-80.350872,-111.174443,6.557186,6.993948,-86.782629,72.078837,3.883573,3.551343,-0.035083,2.263900,0.041563,0.032714
2.116715,-80.887445,-111.379756,6.375270,7.061919,-85.894005,72.344064,3.520447,3.382843,-0.027244,2.270773,0.039627,0.030638
2.117237,-80.976643,-111.376952,6.314977,7.086633,-84.897367,72.170388,3.994807,3.556883,-0.021358,2.275343,0.040703,0.033626
2.117758,-81.282180,-111.063737,6.215420,7.040986,-84.345473,72.494335,3.695197,3.455018,-0.016687,2.280776,0.039388,0.032000
2.118279,-81.326016,-111.148907,6.215288,7.080567,-83.362557,72.592988,4.084808,3.430894,-0.011083,2.287249,0.040475,0.033716
2.118800,-81.367599,-111.057840,6.220055,7.028241,-82.786276,72.739963,3.603315,3.622892,-0.007719,2.291688,0.039109,0.032797
2.119322,-81.367599,-111.057840,6.220055,7.028241,-82.224546,72.540812,3.598911,3.500030,-0.004667,2.293706,0.039140,0.032318
2.119843,-81.541724,-111.251592,6.261027,6.950106,-81.359442,72.025429,3.770734,3.533501,0.000995,2.295416,0.039879,0.033496
2.120364,-81.503611,-112.020215,6.274354,7.086989,-79.839556,71.616980,3.842490,3.426622,0.009061,2.301958,0.040064,0.033733
2.120885,-81.503611,-112.020215,6.274354,7.086989,-79.638649,71.098012,4.080442,3.609005,0.010184,2.299596,0.040871,0.035831
2.121407,-82.001836,-111.846194,6.533925,6.974976,-79.000515,71.595458,4.052938,3.509037,0.016360,2.307062,0.041909,0.035305
2.121928,-81.918153,-111.820466,6.483621,6.993809,-77.987738,72.042000,3.829439,3.160907,0.021374,2.316585,0.040946,0.032822
2.122449,-81.978261,-111.744459,6.470319,6.961369,-77.189408,71.609115,3.573480,3.494180,0.026112,2.318710,0.040301,0.033537
2.122970,-81.967014,-111.648555,6.450475,7.023526,-76.502144,72.326924,3.670775,3.466273,0.029696,2.328148,0.040326,0.033855
2.123491,-81.967014,-111.648555,6.450475,7.023526,-76.175035,72.273403,3.646529,3.333481,0.031481,2.329918,0.040270,0.033192
2.124013,-82.031608,-111.730464,6.426898,6.986356,-75.514954,71.992445,4.157618,3.245779,0.035455,2.332319,0.041637,0.035540
2.124534,-82.062845,-111.637262,6.439838,6.927576,-75.231008,71.731888,4.082175,3.458491,0.037240,2.332389,0.041553,0.036253
2.125055,-82.062845,-111.637262,6.439838,6.927576,-73.816753,72.196069,4.248684,3.076325,0.044826,2.345095,0.041924,0.035798
2.125576,-82.003453,-110.585642,6.486314,6.927184,-73.543591,72.843263,3.983965,3.485528,0.046088,2.351410,0.041457,0.036137
2.126098,-81.939234,-110.504824,6.508654,6.963433,-72.800150,72.816994,3.644716,3.525206,0.049811,2.356310,0.040646,0.034822
2.126619,-81.939234,-110.504824,6.508654,6.963433,-72.757921,72.483194,4.360349,3.477827,0.050132,2.354303,0.042758,0.038385
2.127140,-81.939234,-110.504824,6.508654,6.963433,-71.949611,72.523243,3.979157,3.793782,0.054526,2.360165,0.041623,0.038062
2.127661,-81.735176,-110.553549,6.340232,6.996604,-71.916732,72.807128,4.084020,3.286826,0.053496,2.362347,0.041075,0.036270
2.128183,-81.422568,-110.379550,6.264659,6.931956,-70.836630,72.370075,3.906849,3.812735,0.057861,2.366902,0.040342,0.038127
2.128704,-81.239498,-110.531766,6.257990,6.979139,-70.373131,72.368356,3.574751,3.654553,0.059342,2.370171,0.039348,0.035800
2.129225,-80.920788,-110.378851,6.446221,6.870094,-70.793361,72.303973,3.794684,3.688164,0.055381,2.366751,0.040889,0.036989
2.129746,-80.366306,-110.192064,6.501544,6.786765,-70.176061,72.775332,4.005777,3.462174,0.055637,2.374375,0.041672,0.037129
2.130267,-79.996062,-110.035124,6.450761,6.834007,-69.578298,72.751733,4.006623,3.435900,0.056932,2.378487,0.041478,0.037200
2.130789,-79.874142,-110.221967,6.529221,6.798654,-68.984540,72.753886,3.986395,3.648937,0.059444,2.382782,0.041736,0.038204
2.131310,-79.452387,-109.952067,6.264070,6.989130,-69.080774,72.316471,3.846885,3.736988,0.056842,2.379074,0.040276,0.037945
2.131831,-78.960815,-109.573611,6.384731,6.968214,-68.923976,72.790500,3.912065,3.589846,0.054982,2.383472,0.041004,0.037540
2.132352,-78.475414,-109.589914,6.518944,6.965431,-68.698437,72.664564,3.837226,3.716455,0.053593,2.384243,0.041451,0.037808
2.132874,-77.904093,-109.880219,6.426264,6.898130,-67.809893,73.326889,4.212954,3.290879,0.055042,2.395264,0.041878,0.038205
2.133395,-77.409833,-109.814121,6.264982,6.932923,-67.956983,72.580272,4.152986,3.765259,0.051780,2.389080,0.041160,0.039994
2.133916,-76.396122,-110.087459,6.488854,6.848421,-68.179020,72.598456,3.885249,3.688160,0.044949,2.387577,0.041360,0.038096
2.134437,-76.117690,-109.971189,6.424778,6.810626,-67.727932,72.981594,4.110142,3.758912,0.045825,2.393514,0.041646,0.039687
2.134959,-75.419369,-109.851461,6.313307,7.078479,-67.625044,72.864317,4.093528,3.709593,0.042632,2.393470,0.041148,0.039438
2.135480,-74.989386,-109.580047,6.336462,6.981473,-67.170330,72.955644,3.876480,3.830715,0.042810,2.397458,0.040663,0.038879
2.136001,-74.111707,-110.398928,6.421089,6.994650,-67.148596,71.955880,3.876480,3.830715,0.038166,2.390740,0.041105,0.039171
2.136522,-73.423140,-110.438118,6.185135,6.862645,-67.148596,71.955880,3.876480,3.830715,0.034387,2.390740,0.040001,0.039171
2.137043,-72.633186,-110.507932,6.537828,6.948362,-67.008878,72.177360,3.848034,3.707485,0.030777,2.393311,0.041508,0.038417
2.137565,-71.912192,-111.002662,6.465375,6.718988,-66.791738,72.225101,4.390437,3.603047,0.027939,2.395259,0.042635,0.041134
2.138086,-71.342821,-110.855651,6.341559,6.668055,-66.510341,72.177084,4.174730,3.640476,0.026396,2.397032,0.041466,0.040127
2.138607,-70.251341,-110.981709,6.353861,6.713210,-66.510341,72.177084,4.174730,3.640476,0.020422,2.397032,0.041500,0.040127
2.139128,-69.675659,-110.747415,6.249285,6.935192,-66.654148,72.192649,4.104283,3.637911,0.016515,2.396063,0.040864,0.039657
2.139650,-69.246617,-110.811325,6.276133,6.840474,-67.580087,71.934815,4.187656,3.753075,0.009119,2.387398,0.041285,0.040424
2.140171,-67.973224,-110.867457,6.473064,6.775367,-67.462762,72.143142,4.186946,3.632776,0.002789,2.389708,0.042124,0.039871
2.140692,-67.153876,-110.979717,6.267798,6.732631,-67.565144,72.043333,4.140124,3.580522,-0.002247,2.388260,0.041042,0.039368
2.141213,-66.245107,-110.831040,6.457069,6.758425,-67.745407,71.908415,4.180256,3.516586,-0.008210,2.385995,0.042092,0.039297
2.141735,-65.455685,-111.380960,6.293847,7.056215,-68.652824,71.681674,3.754991,3.729710,-0.017463,2.377774,0.040030,0.037710
2.142256,-64.325045,-111.086245,6.486565,6.681659,-68.615461,72.112961,4.258431,3.584598,-0.023415,2.381042,0.042343,0.039708
2.142777,-63.586221,-109.856584,6.304085,6.731473,-68.837694,72.979167,3.834941,3.689647,-0.028714,2.385389,0.040343,0.037551
2.143298,-62.606106,-110.130906,6.426583,6.697540,-68.737982,72.699042,4.116576,3.866959,-0.033526,2.384193,0.041721,0.039987
2.143819,-61.876115,-110.391045,6.191546,7.030993,-69.680244,72.802781,4.114647,3.694715,-0.042575,2.378106,0.040549,0.038894
2.144341,-60.883834,-110.221830,6.480198,6.902302,-70.402969,72.554780,3.847609,3.697609,-0.052034,2.371245,0.041181,0.037346
2.144862,-60.208401,-110.322273,6.444378,6.950090,-70.429054,72.807816,3.785165,3.599872,-0.055753,2.372800,0.040754,0.036494
2.145383,-59.394616,-109.935543,6.211074,6.681794,-70.429054,72.807816,3.785165,3.599872,-0.060309,2.372800,0.039736,0.036494
2.145904,-58.437963,-110.209686,6.435088,6.853676,-70.839930,72.431554,3.794669,3.648303,-0.067799,2.367303,0.040817,0.036755
2.146426,-57.579084,-109.628892,6.282922,6.793890,-71.243975,72.414759,4.114754,3.514871,-0.074923,2.364344,0.041145,0.037717
2.146947,-56.525913,-110.002790,6.401510,6.761083,-70.973914,72.478418,3.695455,3.679390,-0.079010,2.366682,0.040390,0.036352
2.147468,-56.054719,-109.621144,6.627410,6.715094,-72.605630,72.432506,3.766061,3.834122,-0.090663,2.355001,0.041704,0.037056
2.147989,-55.360483,-109.696741,6.312313,6.964460,-72.711784,72.384602,3.759231,3.413679,-0.095007,2.353940,0.040188,0.034989
2.148511,-54.133378,-109.379401,6.597916,6.813305,-72.561248,72.805132,4.162618,3.970390,-0.100807,2.357872,0.042608,0.039576
2.149032,-53.798680,-109.211320,6.515363,6.785975,-73.358140,72.412609,4.134210,3.769000,-0.107279,2.349708,0.042244,0.038354
2.149553,-52.703680,-109.108035,6.783736,6.708791,-73.904922,72.462577,4.102987,3.635773,-0.116239,2.346341,0.043347,0.037408
2.150074,-51.881223,-109.218874,6.487435,6.815725,-74.397484,72.603789,3.962809,3.530019,-0.123209,2.343993,0.041499,0.036049
2.150595,-51.689051,-108.731887,6.420140,6.763207,-74.640560,72.366439,3.784690,3.834202,-0.126063,2.340726,0.040854,0.036651
2.151117,-50.516332,-108.776835,6.529629,6.970387,-74.522928,72.243606,3.717170,3.898225,-0.131849,2.340665,0.041193,0.036723
2.151638,-49.888154,-108.437222,6.496651,6.886141,-74.722169,72.223063,3.491320,3.729510,-0.136606,2.339189,0.040492,0.034800
2.152159,-49.637798,-108.363061,6.448332,6.923617,-75.539872,72.242899,3.999690,3.758761,-0.142446,2.333889,0.041622,0.037080
2.152680,-48.497864,-109.084350,6.492791,6.921495,-76.126896,71.459350,3.676140,3.733690,-0.151854,2.324579,0.040903,0.035502
2.153202,-47.957397,-109.178005,6.490848,7.007908,-76.345143,71.585758,3.885981,3.595767,-0.155771,2.324033,0.041386,0.035682
2.153723,-47.497113,-108.996518,6.595377,7.102107,-76.100974,71.846341,3.618334,3.612630,-0.156870,2.327445,0.041148,0.034544
2.154244,-46.873602,-108.883169,6.312846,6.886630,-76.215543,72.191877,3.599004,3.504300,-0.160647,2.329089,0.039680,0.033811
2.154765,-46.400926,-108.689735,6.557267,6.798933,-77.552686,71.486655,4.010830,3.486996,-0.171203,2.315516,0.042031,0.035428
2.155286,-46.094167,-108.631719,6.493779,6.711580,-77.641193,71.165191,4.083083,3.738730,-0.173691,2.312702,0.042024,0.037027
2.155808,-45.764109,-108.740665,6.542639,7.043934,-78.476762,71.300826,3.698627,3.675766,-0.179734,2.308320,0.041149,0.034765
2.156329,-45.290725,-108.475673,6.561601,6.863188,-78.657514,71.208273,3.812307,3.809409,-0.183606,2.306529,0.041572,0.035916
2.156850,-44.663691,-108.309110,6.465150,6.827532,-78.657514,71.208273,3.812307,3.809409,-0.187146,2.306529,0.041140,0.035916
2.157371,-44.468639,-108.433275,6.464998,6.986908,-78.691097,71.141605,3.813145,3.906164,-0.188317,2.305851,0.041157,0.036430
2.157893,-44.298812,-107.218076,6.472031,6.869221,-78.712550,72.035571,3.540253,3.527449,-0.189676,2.311931,0.040485,0.033114
2.158414,-44.381587,-107.355854,6.518241,6.996583,-78.736485,72.264484,3.583012,3.662634,-0.188982,2.313360,0.040764,0.033933
2.158935,-44.264083,-107.434402,6.439300,7.046128,-78.884660,72.491398,3.559421,3.539684,-0.190093,2.313985,0.040262,0.033124
2.159456,-44.140351,-107.404071,6.439386,6.868440,-79.285361,72.461892,3.887356,3.467525,-0.192964,2.311259,0.041078,0.034118
2.159978,-43.744990,-107.531757,6.435983,7.092874,-79.276709,72.152392,3.736328,3.638109,-0.195227,2.309182,0.040742,0.034357
2.160499,-43.845423,-107.273471,6.430443,6.951563,-79.899030,71.685707,3.849429,3.626660,-0.198802,2.302064,0.041129,0.034726
2.161020,-43.845423,-107.273471,6.430443,6.951563,-79.087855,72.546624,3.361828,3.716385,-0.193534,2.313083,0.039731,0.033160
2.161541,-43.757238,-107.099100,6.433400,6.971624,-80.101426,72.076891,3.894719,3.791665,-0.200126,2.303512,0.041227,0.035619
2.162062,-43.798093,-107.070774,6.411714,6.968018,-79.624809,72.735481,3.396377,3.641321,-0.196676,2.311008,0.039706,0.032751
2.162584,-43.861901,-107.372115,6.412322,7.017444,-80.520864,71.831174,4.063239,3.699069,-0.201782,2.299219,0.041578,0.035816
2.163105,-44.073500,-107.449926,6.547570,6.981227,-80.444235,72.076389,3.673317,3.887364,-0.199887,2.301386,0.041093,0.035122
2.163626,-44.152425,-107.495010,6.474456,7.132476,-80.361256,72.097017,3.615604,3.905754,-0.198950,2.302041,0.040637,0.035004
2.164147,-44.397532,-107.189926,6.547451,6.854542,-80.740494,72.003876,3.802407,3.770210,-0.200100,2.299059,0.041465,0.034982
2.164669,-44.397532,-107.189926,6.547451,6.854542,-80.759385,72.114926,3.866265,3.815410,-0.200080,2.299708,0.041614,0.035449
2.165190,-44.507493,-107.476282,6.460500,7.008631,-80.759385,72.114926,3.866265,3.815410,-0.199181,2.299708,0.041193,0.035449
2.165711,-45.250043,-107.567630,6.505765,7.041196,-80.974863,71.796497,3.805403,3.613379,-0.196602,2.296188,0.041292,0.034181
2.166232,-45.905240,-107.364238,6.455314,6.901806,-80.754203,72.157998,3.856847,3.846742,-0.191736,2.300037,0.041198,0.035562
2.166754,-46.378224,-107.594748,6.557133,6.860829,-80.878836,71.620367,3.599599,3.631471,-0.190183,2.295557,0.041042,0.033485
2.167275,-46.802590,-107.774584,6.682959,6.752504,-80.866327,71.860421,3.817767,3.765686,-0.187402,2.297295,0.042102,0.035022
2.167796,-47.353387,-107.998953,6.693073,6.799610,-80.864300,71.947600,3.837941,3.699995,-0.184118,2.297910,0.042156,0.034753
2.168317,-48.204308,-107.644653,6.483897,6.667587,-80.864300,71.947600,3.837941,3.699995,-0.179890,2.297910,0.041293,0.034753
2.168838,-48.549145,-109.020648,6.422910,6.879950,-80.785285,70.672460,3.635496,3.636828,-0.177507,2.289524,0.040497,0.033878
2.169360,-49.185568,-109.273001,6.695842,6.939215,-80.151792,71.116410,3.981483,3.535964,-0.170006,2.296534,0.042562,0.034892
2.169881,-50.227333,-109.326365,6.411920,6.908480,-80.212914,70.888106,3.917102,3.672079,-0.164878,2.294560,0.041175,0.035325
2.170402,-50.978666,-109.438488,6.536087,6.912623,-80.079692,71.077127,3.894719,3.791665,-0.159835,2.296707,0.041650,0.035839
2.170923,-51.725851,-109.503793,6.395656,6.901149,-80.001570,71.055496,3.849908,3.834067,-0.155339,2.297040,0.040904,0.035898
2.171445,-52.355836,-109.880509,6.492195,7.139299,-79.168910,71.052848,3.770308,3.773359,-0.147122,2.302220,0.041115,0.035459
2.171966,-53.409869,-109.464857,6.242443,7.046788,-79.376066,70.890724,3.663151,3.934714,-0.142990,2.299786,0.039820,0.035862
2.172487,-53.972176,-109.755913,6.497744,6.882630,-79.568393,71.016436,3.962602,3.932086,-0.140659,2.299464,0.041720,0.036996
2.173008,-55.079935,-110.125100,6.326264,6.947712,-79.244189,70.934132,3.748516,3.908415,-0.132676,2.300916,0.040318,0.036088
2.173530,-55.959752,-110.253943,6.364367,6.939065,-79.153642,71.152930,3.731621,3.855752,-0.127166,2.303015,0.040392,0.035710
2.174051,-56.885517,-110.502359,6.400605,6.841543,-79.024763,71.144033,3.742526,3.842249,-0.121283,2.303763,0.040554,0.035718
2.174572,-57.905852,-109.573609,6.397802,6.770114,-78.800671,72.163322,3.829395,3.825371,-0.114470,2.312256,0.040783,0.035818
2.175093,-58.743246,-110.023227,6.391990,6.901387,-78.847111,72.080829,3.822008,3.770279,-0.109952,2.311393,0.040678,0.035514
2.175614,-59.927222,-109.931796,6.231602,6.941627,-78.782270,72.007265,3.785755,3.745907,-0.103265,2.311294,0.039899,0.035267
2.176136,-60.853232,-110.095893,6.401254,6.941405,-78.787805,71.961466,3.795148,3.709498,-0.098194,2.310943,0.040702,0.035131
2.176657,-61.748033,-110.277040,6.208346,7.082730,-78.128661,71.862390,4.086692,3.571513,-0.089693,2.314441,0.040666,0.035951
2.177178,-63.250938,-110.538718,6.180359,6.997744,-78.123369,72.078911,3.936753,3.636360,-0.081261,2.315974,0.040014,0.035537
2.177699,-64.078206,-110.631584,6.377547,6.887694,-77.829000,71.852688,3.943272,3.538779,-0.075211,2.316289,0.040981,0.035217
2.178221,-65.208859,-110.318062,6.180516,6.942584,-77.433010,72.058999,3.697164,3.502432,-0.066927,2.320261,0.039415,0.033979
2.178742,-66.268838,-110.645819,6.340181,6.823848,-77.480265,71.842553,3.999345,3.542922,-0.061359,2.318457,0.041004,0.035593
2.179263,-67.418755,-110.692574,6.285934,6.966635,-77.161973,72.462507,4.004538,3.700782,-0.053146,2.324796,0.040642,0.036335
2.179784,-68.466602,-110.607257,6.421298,6.963939,-76.416263,72.416159,4.289168,3.526621,-0.043408,2.329324,0.042153,0.037102
2.180306,-69.573514,-110.917708,6.176000,6.973041,-76.537807,72.309370,4.167377,3.515849,-0.037991,2.327794,0.040636,0.036440
2.180827,-70.471306,-110.716735,6.453049,6.827136,-76.262592,72.488694,4.037975,3.684306,-0.031600,2.330829,0.041531,0.036650
2.181348,-71.785348,-111.046360,6.354871,7.035365,-76.196974,72.366921,4.048504,3.586712,-0.024048,2.330420,0.041071,0.036282
2.181869,-73.037151,-110.767706,6.144499,7.097037,-75.707761,72.469641,4.013588,3.749613,-0.014574,2.334345,0.040050,0.037004
2.182390,-73.506132,-110.864043,6.164564,6.996092,-76.192295,72.307115,3.939187,3.548244,-0.014664,2.330038,0.039935,0.035592
2.182912,-74.937413,-110.657740,6.357283,7.038757,-75.711549,72.132650,4.156965,3.622542,-0.004235,2.331992,0.041554,0.037161
2.183433,-75.543838,-110.789360,6.276618,6.932268,-75.341795,72.067655,3.799155,3.699151,0.001105,2.333987,0.040123,0.035942
2.183954,-77.124330,-110.736676,6.186911,7.040028,-75.201042,72.165975,3.871362,3.712046,0.010515,2.335602,0.039901,0.036356
2.184475,-77.835267,-111.438406,6.486145,6.999192,-75.097323,71.070338,3.849540,3.666651,0.015001,2.328651,0.041322,0.036309
2.184997,-79.042140,-111.622337,6.132339,7.060120,-75.073032,71.346530,3.896651,3.812112,0.021689,2.330749,0.039702,0.037197
2.185518,-79.600897,-111.931961,6.231667,6.930110,-74.967867,71.299410,3.868564,3.806937,0.025280,2.331119,0.040020,0.037081
2.186039,-80.471870,-111.507351,6.469398,6.823988,-74.909402,71.590783,3.861811,3.745180,0.030370,2.333546,0.041132,0.036686
2.186560,-81.365920,-111.690724,6.240408,6.827805,-74.900824,71.660333,3.912065,3.589846,0.035246,2.334088,0.040148,0.036150
2.187082,-82.410240,-111.601281,6.556619,6.946613,-74.927832,71.507052,3.877660,3.685163,0.040841,2.332838,0.041568,0.036478
2.187603,-83.313840,-111.541790,6.219721,6.843990,-74.822196,71.662596,3.906186,3.782231,0.046318,2.334628,0.040052,0.037084
2.188124,-84.192294,-111.299340,6.383641,6.813318,-75.068662,71.305013,3.906532,3.781756,0.049922,2.330488,0.040939,0.037102
2.188645,-84.991871,-111.304442,6.347378,6.927121,-74.927832,71.507052,3.877660,3.685163,0.054996,2.332838,0.040633,0.036478
2.189166,-85.750349,-111.161295,6.276960,6.900508,-74.927832,71.507052,3.877660,3.685163,0.059178,2.332838,0.040329,0.036478
2.189688,-86.612071,-111.256355,6.451329,7.105750,-74.927832,71.507052,3.877660,3.685163,0.063844,2.332838,0.041111,0.036478
2.190209,-87.375535,-111.032703,6.274866,7.042589,-74.927832,71.507052,3.877660,3.685163,0.068086,2.332838,0.040331,0.036478
2.190730,-87.991581,-111.117140,6.431676,6.890046,-74.927832,71.507052,3.877660,3.685163,0.071412,2.332838,0.041027,0.036478
2.191251,-89.246965,-110.265724,6.290756,7.173353,-75.481880,72.276114,4.194873,3.709700,0.075265,2.334502,0.041320,0.037790
2.191773,-89.396796,-110.076407,6.274866,7.042589,-75.826046,72.255765,4.141735,3.616221,0.074292,2.332089,0.041134,0.036998
2.192294,-89.821712,-110.361572,6.594053,6.893594,-76.666196,72.261483,3.765412,3.605339,0.071912,2.326627,0.041478,0.034944
2.192815,-90.316698,-110.643714,6.422820,6.866422,-76.666196,72.261483,3.765412,3.605339,0.074493,2.326627,0.040602,0.034944
2.193336,-91.111830,-110.699309,6.253834,6.894774,-76.225963,72.671216,3.598911,3.500030,0.081002,2.332325,0.039239,0.033684
2.193858,-91.315173,-110.424229,6.299995,6.879486,-76.789214,72.277826,3.840772,3.605725,0.079339,2.325940,0.040272,0.035257
2.194379,-92.014486,-110.439079,6.485229,6.741431,-77.479573,72.116442,4.252080,3.440695,0.079452,2.320359,0.042339,0.036266
2.194900,-92.154737,-110.625519,6.506287,6.755164,-76.661120,72.082940,3.615906,3.655382,0.084597,2.325425,0.040604,0.034562
2.195421,-92.850317,-110.843862,6.561899,6.923557,-77.956288,71.887942,4.255509,3.685216,0.081328,2.315719,0.042660,0.037320
2.195942,-93.307299,-110.724593,6.348090,7.056147,-79.018106,72.169223,3.871034,3.772320,0.077970,2.310925,0.040549,0.035673
2.196464,-93.574418,-110.583337,6.386095,7.038355,-78.708667,72.194686,3.795081,3.606547,0.081154,2.313055,0.040527,0.034586
2.196985,-93.933460,-110.300861,6.626193,6.963218,-78.899743,72.011587,3.853392,3.700127,0.082275,2.310582,0.041910,0.035298
2.197506,-94.185040,-110.254397,6.601107,6.944787,-79.376526,72.345856,3.799911,3.832635,0.080921,2.309889,0.041587,0.035548
2.198027,-94.193919,-110.668791,6.604313,6.842541,-79.600897,72.111512,4.034665,3.651538,0.079670,2.306869,0.042208,0.035649
2.198549,-94.304071,-110.830314,6.544791,6.936418,-80.330127,71.642984,3.679911,3.681906,0.076432,2.299094,0.041039,0.034199
2.199070,-94.545102,-110.912508,6.679089,6.900705,-80.518955,72.095834,4.084567,3.688354,0.076493,2.301058,0.042654,0.035804
2.199591,-94.809580,-110.818125,6.646303,6.990977,-80.275929,72.093295,4.310540,3.627675,0.079291,2.302543,0.043172,0.036583
2.200112,-95.230236,-110.751940,6.340579,7.148820,-81.144130,72.550232,3.885762,3.311192,0.076696,2.300337,0.040465,0.032870
2.200634,-95.230236,-110.751940,6.340579,7.148820,-82.060479,72.125578,4.236584,3.655585,0.071890,2.291849,0.041602,0.035875
2.201155,-95.379080,-110.876417,6.337783,7.105464,-82.308502,72.338073,4.394627,3.760292,0.071220,2.291811,0.041997,0.036950
2.201676,-95.357346,-111.876181,6.337783,7.105464,-82.179877,71.116322,4.097493,3.703203,0.071887,2.284148,0.041149,0.035674
2.202197,-95.137189,-111.883035,6.432211,6.980817,-83.971445,71.254805,4.195083,3.530285,0.060894,2.274454,0.041857,0.034711
2.202718,-95.320889,-111.911316,6.302544,7.026415,-83.400076,71.608213,3.387488,3.560717,0.064866,2.280268,0.038924,0.031733
2.203240,-95.320889,-111.911316,6.302544,7.026415,-84.847313,71.262170,3.879290,3.625312,0.057116,2.269390,0.040346,0.033685
2.203761,-95.320889,-111.911316,6.302544,7.026415,-84.841002,71.161745,3.925876,3.550410,0.057182,2.268732,0.040501,0.033504
2.204282,-95.392429,-111.851215,6.281014,7.019661,-85.140588,71.548569,3.826311,3.557642,0.055841,2.269666,0.040049,0.033011
2.204803,-95.071078,-111.775108,6.439467,6.976829,-86.543903,70.966937,3.747818,3.556775,0.046629,2.257620,0.040732,0.032477
2.205325,-94.758848,-111.986501,6.430683,6.908049,-86.712473,71.409318,3.873448,3.504781,0.043846,2.259714,0.040897,0.032567
2.205846,-94.529464,-112.196897,6.516700,6.897610,-86.760895,71.079073,3.883573,3.551343,0.042362,2.257167,0.041356,0.032885
2.206367,-94.593712,-112.251897,6.537001,6.900607,-87.907526,71.332798,4.092495,3.656699,0.036404,2.252482,0.041983,0.033881
2.206888,-94.425247,-112.414847,6.541855,6.956795,-88.395915,71.087804,3.784907,3.588019,0.032845,2.248092,0.041166,0.032324
2.207410,-94.110688,-111.360328,6.588683,6.806111,-88.631980,71.966613,3.699338,3.715023,0.029876,2.252794,0.041200,0.032485
2.207931,-94.014338,-111.194464,6.569161,6.887834,-89.495048,71.900157,4.042456,3.496797,0.024678,2.247606,0.042115,0.032408
2.208452,-93.411067,-111.294372,6.252784,7.027584,-90.452841,71.742677,3.948920,3.617476,0.016160,2.241347,0.040399,0.032472
2.208973,-93.316755,-111.460102,6.196760,6.951113,-90.705832,71.933878,3.795081,3.606547,0.014236,2.241282,0.039619,0.031792
2.209494,-93.207908,-111.401951,6.196445,7.099683,-90.671382,72.089219,3.827890,3.512634,0.013823,2.242518,0.039691,0.031406
2.210016,-92.769523,-111.235924,6.371458,6.844373,-91.305360,71.947491,3.747760,3.488957,0.007993,2.238170,0.040352,0.030885
2.210537,-92.336091,-111.385133,6.611173,6.789698,-92.444794,71.691088,3.765758,3.627589,-0.000594,2.230420,0.041559,0.031458
2.211058,-91.946165,-111.752945,6.368623,6.922476,-92.761171,72.185563,3.827250,3.585933,-0.004431,2.232095,0.040394,0.031299
2.211579,-91.547314,-111.755905,6.164852,7.086726,-92.863620,71.876146,3.782542,3.768226,-0.007168,2.229479,0.039387,0.032135
2.212101,-91.410590,-111.614349,6.246728,7.006339,-93.265789,71.622625,3.764515,3.684612,-0.010124,2.225681,0.039801,0.031587
2.212622,-91.087422,-111.615018,6.213889,7.146298,-94.092997,71.590536,3.937171,3.680335,-0.016404,2.221205,0.040148,0.031942
2.213143,-90.496976,-111.796713,6.560650,6.861234,-94.505430,71.706428,3.780046,3.664274,-0.021841,2.219877,0.041253,0.031248
2.213664,-90.122917,-111.610492,6.413501,6.980461,-94.815582,71.712620,3.801369,3.694443,-0.025592,2.218341,0.040657,0.031407
2.214185,-90.081543,-111.506066,6.555507,6.920551,-94.945984,71.580074,3.794287,3.679990,-0.026563,2.216791,0.041357,0.031301
2.214707,-89.870545,-111.443392,6.554069,6.894954,-95.156090,71.629807,3.934185,3.654290,-0.028863,2.216062,0.041738,0.031552
2.215228,-89.365257,-111.332273,6.238172,6.946058,-95.532724,71.910513,4.148114,3.747310,-0.033645,2.216043,0.040862,0.032591
2.215749,-89.163950,-111.229453,6.195543,7.060123,-95.416155,71.531068,4.122023,3.551966,-0.034196,2.214089,0.040696,0.031589
2.216270,-88.664116,-111.319226,6.480271,7.026671,-96.109016,71.538794,3.921430,3.672533,-0.040692,2.210672,0.041391,0.031409
2.216792,-88.436720,-111.135136,6.558567,6.951574,-96.401531,71.958096,3.773755,3.864484,-0.043474,2.212016,0.041292,0.031857
2.217313,-88.185157,-111.032629,6.496484,7.050699,-96.594045,71.911019,3.768302,3.834171,-0.045932,2.210747,0.041015,0.031645
2.217834,-87.968702,-110.944243,6.470972,7.008083,-96.407072,71.851077,3.972792,3.825898,-0.046130,2.211275,0.041500,0.032261
2.218355,-87.279923,-110.915383,6.154251,7.008847,-97.042632,71.971444,3.994458,3.869035,-0.053331,2.208930,0.040071,0.032396
2.218877,-86.992647,-112.110931,6.286349,7.088346,-96.465341,70.803495,4.025951,3.831864,-0.051741,2.203965,0.040766,0.032600
2.219398,-86.678911,-112.245022,6.465411,7.020231,-96.875419,71.056521,3.876412,3.953473,-0.055570,2.203643,0.041071,0.032684
2.219919,-86.632474,-112.066292,6.478321,6.997621,-97.039691,71.006278,4.012149,3.892207,-0.056786,2.202498,0.041563,0.032721
2.220440,-86.479375,-112.144906,6.579193,6.953583,-97.382860,71.016065,4.236901,3.828762,-0.059459,2.200882,0.042651,0.032982
2.220961,-86.239174,-111.947047,6.512849,7.027828,-97.326420,71.069660,4.212162,3.858066,-0.060507,2.201517,0.042308,0.033065
2.221483,-86.023302,-111.776919,6.543259,7.135098,-97.224322,71.228126,4.239653,3.973419,-0.061130,2.203079,0.042532,0.033756
2.222004,-85.987016,-111.692759,6.550126,7.092737,-97.425863,71.005584,4.268704,3.822039,-0.062529,2.200602,0.042715,0.033036
2.222525,-85.572661,-111.686520,6.240438,7.168367,-97.449595,71.027517,4.297977,3.844371,-0.064912,2.200633,0.041397,0.033234
2.223046,-85.390996,-110.652317,6.291189,7.055981,-97.366514,72.031568,4.213971,3.832422,-0.065460,2.207736,0.041371,0.032792
2.223568,-85.113520,-110.763775,6.357179,7.029418,-97.447597,72.005348,4.268704,3.822039,-0.067382,2.207164,0.041810,0.032893
2.224089,-85.017368,-110.879071,6.327292,6.980315,-97.501056,72.122157,4.156100,3.815221,-0.068111,2.207677,0.041281,0.032481
2.224610,-84.977270,-110.910209,6.306303,6.973637,-97.366514,72.031568,4.213971,3.832422,-0.067619,2.207736,0.041374,0.032792
2.225131,-84.977270,-110.910209,6.306303,6.973637,-97.366514,72.031568,4.213971,3.832422,-0.067619,2.207736,0.041374,0.032792
2.225653,-84.642021,-110.818393,6.510581,6.923508,-97.227271,72.262956,4.205342,3.761169,-0.068633,2.209955,0.042238,0.032400
2.226174,-84.642021,-110.818393,6.510581,6.923508,-96.867377,71.915258,3.910440,3.648068,-0.066803,2.209422,0.041474,0.031028
2.226695,-84.501593,-111.005901,6.557693,7.018637,-96.434848,72.164932,3.986844,3.762312,-0.065056,2.213227,0.041816,0.031918
2.227216,-84.356487,-110.914490,6.584982,7.004893,-96.422498,71.839965,3.965913,3.634497,-0.065927,2.211124,0.041976,0.031238
2.227737,-84.356487,-110.914490,6.584982,7.004893,-96.300834,71.980605,3.954878,3.709985,-0.065214,2.212667,0.041915,0.031603
2.228259,-84.295529,-110.987356,6.600040,7.034692,-95.656893,71.870254,4.233207,3.732297,-0.062053,2.215151,0.042800,0.032766
2.228780,-84.295529,-110.987356,6.600040,7.034692,-95.646257,71.870485,4.235643,3.732350,-0.061995,2.215205,0.042807,0.032777
2.229301,-84.359086,-111.040109,6.621224,7.036498,-95.130505,71.805777,3.841186,3.884673,-0.058842,2.217371,0.041799,0.032461
2.229822,-84.200674,-110.977295,6.527832,7.057646,-94.947764,72.045282,3.847603,4.123835,-0.058653,2.219898,0.041342,0.033771
2.230344,-84.166154,-111.033401,6.561040,7.010710,-94.864352,71.667874,3.812659,3.912359,-0.058489,2.217794,0.041472,0.032604
2.230865,-84.168623,-110.938478,6.539610,7.073741,-94.440145,72.101750,3.980652,3.797077,-0.056057,2.222860,0.041767,0.032535
2.231386,-83.826874,-111.092876,6.427276,7.056136,-93.923856,71.658934,3.939665,3.681134,-0.055194,2.222532,0.041195,0.031982
2.231907,-83.831902,-110.996099,6.406136,7.120220,-92.812822,72.516617,3.854609,3.951310,-0.048900,2.234043,0.040701,0.033238
2.232429,-83.826874,-111.092876,6.427276,7.056136,-92.617019,72.014694,3.824716,3.689271,-0.047969,2.231700,0.040805,0.031886
2.232950,-83.999502,-110.834901,6.473703,7.166846,-92.679936,71.780380,3.832265,3.981348,-0.047498,2.229792,0.041158,0.033492
2.233471,-84.018946,-110.752334,6.592552,7.153653,-91.726794,72.319187,3.875935,3.554776,-0.042078,2.238436,0.041740,0.031515
2.233992,-84.018946,-110.752334,6.592552,7.153653,-91.147652,72.536871,3.723215,3.618259,-0.038874,2.242982,0.041280,0.031414
2.234513,-83.993703,-111.843952,6.613844,7.095514,-90.882119,72.086338,3.897283,2.948287,-0.037434,2.241368,0.041708,0.028852
2.235035,-83.997212,-111.752097,6.592552,7.153653,-90.508407,71.203188,3.762592,3.484309,-0.035574,2.237376,0.041466,0.031202
2.235556,-83.993703,-111.843952,6.613844,7.095514,-89.791663,70.780634,3.995992,3.499876,-0.031737,2.238348,0.042292,0.032343
2.236077,-83.993703,-111.843952,6.613844,7.095514,-88.714571,70.871967,3.716416,3.519246,-0.025831,2.244852,0.041508,0.031681
2.236598,-83.915845,-112.169971,6.504467,6.952480,-88.541774,71.013118,4.066354,3.828920,-0.025248,2.246774,0.041863,0.034569
2.237120,-84.007219,-111.953801,6.595991,7.188528,-88.401379,71.802070,4.029575,3.400016,-0.023908,2.252949,0.042052,0.032165
2.237641,-83.926292,-112.065359,6.583367,7.141724,-87.640152,71.332570,4.030552,3.661444,-0.020248,2.253971,0.042082,0.033742
2.238162,-84.003748,-112.118323,6.540642,7.140516,-86.652330,71.405285,3.805174,3.838750,-0.014431,2.260027,0.041228,0.034068
2.238683,-84.003748,-112.118323,6.540642,7.140516,-86.332558,71.362878,3.957370,3.520650,-0.012692,2.261550,0.041661,0.033070
2.239205,-84.003748,-112.118323,6.540642,7.140516,-85.985010,71.281061,3.989833,3.297527,-0.010803,2.262968,0.041773,0.032193
2.239726,-84.003748,-112.118323,6.540642,7.140516,-84.853549,71.215457,3.797041,3.511963,-0.004635,2.269031,0.041252,0.032791
2.240247,-84.025482,-111.118559,6.540642,7.140516,-84.763060,72.359435,3.827250,3.585933,-0.004020,2.277415,0.041302,0.033106
2.240768,-84.025482,-111.118559,6.540642,7.140516,-84.349945,72.814225,4.035047,3.148722,-0.001764,2.282927,0.041782,0.031897
2.241289,-84.036713,-111.215132,6.560151,7.076008,-83.125468,71.969309,4.023605,3.468048,0.004974,2.284387,0.042011,0.033799
2.241811,-84.036713,-111.215132,6.560151,7.076008,-82.936034,73.112260,3.808595,2.850316,0.005971,2.293324,0.041152,0.029882
2.242332,-84.036713,-111.215132,6.560151,7.076008,-82.609490,72.196242,3.724488,3.392003,0.007781,2.289029,0.041129,0.032265
2.242853,-84.022903,-111.104365,6.578398,6.982393,-81.746100,71.962033,3.523294,3.534232,0.012436,2.292627,0.040761,0.032408
2.243374,-83.918753,-111.190894,6.623959,7.084716,-80.951542,71.823808,3.735733,3.402254,0.016212,2.296519,0.041548,0.032831
2.243896,-83.805450,-111.086541,6.564088,7.014884,-81.042395,72.364241,3.698163,3.271907,0.015060,2.299685,0.041065,0.031915
2.244417,-83.845476,-111.055888,6.543186,7.007715,-80.672811,71.807837,3.745472,3.127913,0.017348,2.298122,0.041223,0.031617
2.244938,-83.640532,-111.120893,6.469011,7.024101,-79.794981,71.639626,3.851960,3.649231,0.021038,2.302392,0.041188,0.034886
2.245459,-83.009547,-111.158978,6.525094,6.956010,-79.289662,72.859535,3.840906,2.798190,0.020212,2.313958,0.041137,0.030799
2.245981,-82.806697,-111.088738,6.579277,6.957738,-79.258027,72.495172,3.777173,3.010419,0.019328,2.311659,0.041316,0.031480
2.246502,-82.806697,-111.088738,6.579277,6.957738,-79.120106,72.723787,3.794429,3.008480,0.020054,2.314095,0.041311,0.031555
2.247023,-82.564049,-111.266319,6.616990,6.970291,-78.090598,72.014903,3.790142,3.461086,0.024403,2.315740,0.041594,0.034040
2.247544,-82.248911,-110.940049,6.603060,6.931807,-77.114596,71.662242,3.783129,3.490319,0.028110,2.319563,0.041660,0.034472
2.248065,-82.012315,-110.751194,6.514194,7.037398,-77.120415,72.413792,3.447176,3.261128,0.026701,2.324730,0.040224,0.031663
2.248587,-81.592812,-110.652491,6.325645,7.066020,-76.855723,72.210023,3.624057,3.474944,0.025899,2.325039,0.039856,0.033622
2.249108,-81.502526,-110.767066,6.302486,7.018540,-76.682819,72.237814,3.596327,3.504447,0.026330,2.326355,0.039640,0.033678
2.249629,-81.334041,-110.779764,6.268254,7.079268,-75.777778,71.809983,4.018219,3.519267,0.030421,2.329317,0.040761,0.036050
2.250150,-80.524681,-110.760863,6.425743,7.012172,-75.161057,71.801374,3.663124,3.550673,0.029371,2.333338,0.040500,0.034679
2.250672,-80.013138,-110.253563,6.470892,6.889088,-74.929367,72.914481,3.645168,3.100046,0.027748,2.342567,0.040532,0.032292
2.251193,-79.679062,-110.342882,6.275747,7.148191,-74.913679,72.958122,3.637439,3.129265,0.025992,2.342971,0.039561,0.032382
2.251714,-79.487578,-111.288704,6.255629,7.144880,-74.141656,71.932188,3.936850,3.201805,0.029169,2.341070,0.040326,0.034628
2.252235,-78.968582,-111.278081,6.599540,7.063872,-74.179233,72.159610,3.975896,3.049469,0.026103,2.342394,0.041987,0.034114
2.252757,-78.529471,-111.093592,6.441423,6.899260,-73.419551,71.326291,3.722367,3.532091,0.028005,2.341734,0.040768,0.035421
2.253278,-77.899986,-110.893617,6.220199,7.016932,-73.334954,72.258025,3.793032,3.045397,0.024920,2.348798,0.039767,0.033356
2.253799,-77.572170,-111.398267,6.273001,7.067880,-72.864775,71.571042,3.805735,3.496258,0.025722,2.347238,0.040089,0.035752
2.254320,-77.204362,-111.024758,6.278927,6.909686,-72.705862,71.312818,3.715660,3.779836,0.024666,2.346522,0.040003,0.036807
2.254841,-76.231136,-111.190768,6.472753,7.037664,-72.170759,71.373624,3.828852,3.584925,0.022237,2.350641,0.041184,0.036526
2.255363,-75.592588,-111.208927,6.273055,7.039069,-72.312676,71.401526,3.719633,3.606321,0.017959,2.349855,0.039932,0.036042
2.255884,-75.369809,-111.434091,6.314882,7.132118,-72.092621,71.747519,3.475703,3.469475,0.017888,2.353795,0.039345,0.034142
2.256405,-74.685083,-110.452090,6.556821,6.903770,-72.107393,72.379605,3.883837,3.564925,0.014098,2.358078,0.041678,0.036493
2.256926,-73.747298,-110.285526,6.268156,6.753988,-72.107393,72.379605,3.883837,3.564925,0.008977,2.358078,0.040367,0.036493
2.257448,-73.468129,-110.457820,6.273439,7.117601,-71.320808,72.572773,3.609410,3.594909,0.011731,2.364895,0.039541,0.035403
2.257969,-72.452931,-110.579821,6.365774,6.958047,-71.366403,72.645535,3.609907,3.631032,0.005930,2.365076,0.039940,0.035550
2.258490,-72.112180,-110.704027,6.451649,6.954242,-71.238757,72.339342,3.760488,3.840649,0.004772,2.363860,0.040796,0.037430
2.259011,-71.525990,-110.335722,6.262329,7.084244,-70.983129,72.595738,3.788025,3.993667,0.002968,2.367426,0.040009,0.038312
2.259533,-70.732327,-110.476270,6.456598,6.932268,-70.947508,72.681620,3.824019,4.017291,-0.001175,2.368267,0.040970,0.038590
2.260054,-69.973607,-110.177017,6.473826,7.044212,-71.274308,72.406548,3.772776,3.875355,-0.007124,2.364075,0.041038,0.037634
2.260575,-69.218099,-110.305917,6.159711,7.006708,-70.968191,72.409458,3.836168,3.841988,-0.009578,2.366246,0.039714,0.037864
2.261096,-68.486270,-110.402313,6.417799,6.942009,-71.177536,72.223674,3.706952,3.801945,-0.014735,2.363490,0.040579,0.037021
2.261617,-67.990893,-110.009623,6.562946,6.776821,-71.216583,72.243716,3.730625,3.801282,-0.017697,2.363354,0.041415,0.037120
2.262139,-66.862310,-110.139674,6.528090,6.895712,-71.243665,72.275540,3.736275,3.814259,-0.024014,2.363384,0.041223,0.037196
2.262660,-66.065412,-110.237380,6.562271,7.051900,-71.255909,72.694882,3.673714,3.608853,-0.028366,2.366190,0.041097,0.035779
2.263181,-65.437652,-110.122415,6.295922,6.995407,-71.106806,72.369950,3.806569,3.821144,-0.031055,2.364998,0.040299,0.037590
2.263702,-64.732432,-110.406229,6.456844,6.943570,-70.953366,72.636859,3.832433,3.982189,-0.033973,2.367918,0.041000,0.038470
2.264224,-63.900813,-110.231510,6.467461,7.163682,-71.016276,72.578253,3.802837,3.965342,-0.038903,2.367072,0.041016,0.038242
2.264745,-63.361385,-110.012455,6.337017,7.009745,-71.944047,72.427301,3.982674,3.537827,-0.047009,2.359542,0.040984,0.036913
2.265266,-62.319451,-110.123630,6.477765,6.921361,-71.865640,72.467950,4.027279,3.536917,-0.052234,2.360368,0.041719,0.037155
2.265787,-61.598732,-110.260472,6.255158,7.000593,-71.780160,72.706361,4.005483,3.704056,-0.055589,2.362605,0.040542,0.037777
2.266309,-60.712709,-110.228257,6.472848,6.940079,-72.268862,72.390362,3.862974,3.608855,-0.063196,2.357034,0.041201,0.036546
2.266830,-60.112152,-109.585694,6.465436,6.812699,-72.275232,72.324840,3.990872,3.541939,-0.066764,2.356538,0.041676,0.036903
2.267351,-59.451140,-110.542626,6.289469,6.945725,-72.655710,71.592128,3.826642,3.444193,-0.072372,2.348821,0.040327,0.035663
2.267872,-58.569379,-110.869802,6.557666,7.070630,-72.645407,71.348656,3.765412,3.605339,-0.077095,2.347189,0.041388,0.036188
2.268393,-57.877188,-110.669898,6.485914,6.948768,-72.298914,71.558318,3.974188,3.655034,-0.078976,2.351046,0.041621,0.037516
2.268915,-57.445325,-110.669471,6.259966,7.087772,-72.726414,71.396406,3.789380,3.644475,-0.083735,2.346966,0.040077,0.036465
2.269436,-56.327027,-110.718896,6.537135,6.919531,-72.989411,71.045103,3.797313,3.657704,-0.091415,2.342696,0.041431,0.036583
2.269957,-55.991400,-110.508915,6.388322,7.083270,-73.523652,71.161965,3.960220,3.702775,-0.096208,2.339873,0.041206,0.037426
2.270478,-55.776707,-110.494036,6.507326,7.079979,-73.632158,71.116969,4.030033,3.637595,-0.098002,2.338820,0.041960,0.037434
2.271000,-54.465188,-109.456104,6.443903,7.076487,-73.871864,72.279228,3.950933,3.523401,-0.106382,2.345298,0.041378,0.036174
2.271521,-53.945600,-109.321645,6.471122,7.085107,-74.175663,72.104913,3.895422,3.651895,-0.111047,2.342039,0.041404,0.036465
2.272042,-53.500293,-109.161718,6.495768,7.123583,-74.078676,72.446845,3.835402,3.474730,-0.112830,2.345058,0.041301,0.035279
2.272563,-52.900171,-108.961719,6.859196,6.762103,-74.321081,72.476585,3.964932,3.496947,-0.117518,2.343630,0.043342,0.035954
2.273085,-52.399598,-109.214636,6.534029,6.916072,-74.964277,71.914812,3.718480,3.590375,-0.123939,2.335436,0.041211,0.035159
2.273606,-51.984314,-109.142936,6.502163,6.944999,-75.046355,71.866797,3.771489,3.594614,-0.126725,2.334555,0.041221,0.035419
2.274127,-51.680487,-108.953734,6.538915,6.869521,-75.153591,71.840843,3.750134,3.592214,-0.129111,2.333662,0.041366,0.035285
2.274648,-50.733186,-109.045044,6.750391,6.951541,-75.440242,71.933978,4.031785,3.582807,-0.135680,2.332407,0.043042,0.036486
2.275169,-50.443880,-109.158486,6.547527,6.936957,-75.740469,72.068430,3.925607,3.613770,-0.138689,2.331356,0.041740,0.036013
2.275691,-50.003830,-108.836496,6.509562,7.091265,-75.902925,71.982106,3.965093,3.700087,-0.142265,2.329688,0.041770,0.036593
2.276212,-49.657451,-108.521915,6.651932,6.863391,-76.184692,71.931898,3.956279,3.703017,-0.145958,2.327490,0.042440,0.036501
2.276733,-49.319261,-108.533751,6.689763,6.895902,-76.393261,71.876682,3.791978,3.764537,-0.148957,2.325742,0.042172,0.036013
2.277254,-48.761794,-108.461481,6.606382,7.046495,-76.183802,71.903378,3.851914,3.737415,-0.150881,2.327298,0.041959,0.036196
2.277776,-48.558811,-108.621008,6.682568,7.155974,-76.338704,71.876813,3.943720,3.724659,-0.152709,2.326100,0.042529,0.036520
2.278297,-48.405214,-108.532843,6.640822,7.194587,-76.402649,72.036279,3.911416,3.651300,-0.153826,2.326788,0.042226,0.035959
2.278818,-48.064209,-108.128828,6.541429,7.009112,-76.482775,72.064995,3.958460,3.642423,-0.156423,2.326463,0.041948,0.036107
2.279339,-48.064209,-108.128828,6.541429,7.009112,-76.823998,72.019889,3.811825,3.704650,-0.158309,2.323930,0.041551,0.035660
2.279860,-47.584724,-108.133018,6.592958,7.019905,-76.975808,71.883433,3.805403,3.613379,-0.161841,2.321998,0.041775,0.035169
2.280382,-47.496459,-108.246628,6.573508,6.969282,-76.975808,71.883433,3.805403,3.613379,-0.162218,2.321998,0.041650,0.035169
2.280903,-47.430292,-108.004060,6.654735,7.079203,-76.950235,71.971286,3.794287,3.679990,-0.162575,2.322774,0.042049,0.035437
2.281424,-47.430292,-108.004060,6.654735,7.079203,-77.057335,72.212738,3.841082,3.452313,-0.162939,2.323751,0.042099,0.034461
2.281945,-47.304668,-108.144862,6.651170,7.040141,-77.009679,72.167547,3.696285,3.615146,-0.163275,2.323747,0.041684,0.034615
2.282467,-47.304668,-108.144862,6.651170,7.040141,-77.001107,72.001007,3.714479,3.501486,-0.163377,2.322650,0.041761,0.034172
2.282988,-47.216718,-108.194409,6.707364,7.042951,-77.236595,72.245996,3.831635,3.626761,-0.164860,2.322821,0.042259,0.035210
2.283509,-47.283724,-109.084369,6.728056,7.090218,-77.246545,71.378729,3.866101,3.693639,-0.164532,2.316734,0.042453,0.035883
2.284030,-47.430292,-108.004060,6.654735,7.079203,-77.109300,72.299379,3.723834,3.681199,-0.163143,2.324013,0.041785,0.035015
2.284552,-47.408558,-109.003824,6.654735,7.079203,-77.046860,71.426889,3.713446,3.768248,-0.162810,2.318361,0.041736,0.035627
2.285073,-47.408558,-109.003824,6.654735,7.079203,-77.388266,70.819304,3.871940,3.647725,-0.165198,2.311901,0.042272,0.035763
2.285594,-47.596239,-109.007904,6.676466,7.079675,-77.256737,70.825800,3.777110,3.675943,-0.163461,2.312794,0.042132,0.035517
2.286115,-47.847842,-109.086048,6.543986,7.025129,-77.256737,70.825800,3.777110,3.675943,-0.162030,2.312794,0.041502,0.035517
2.286636,-47.985708,-108.076615,6.584493,7.009778,-77.360548,72.492535,3.540253,3.790074,-0.161266,2.323721,0.040936,0.034668
2.287158,-48.072872,-108.211489,6.633264,7.173540,-77.724139,72.167318,3.907929,3.883457,-0.162926,2.319139,0.042184,0.036722
2.287679,-48.712865,-108.436730,6.864915,7.197153,-77.965606,72.400063,3.814157,3.796538,-0.160374,2.319198,0.042911,0.035759
2.288200,-48.998599,-108.328759,6.816161,6.930832,-77.888895,72.414434,3.954913,3.754076,-0.158501,2.319788,0.043054,0.036187
2.288721,-49.388992,-108.463633,6.632284,6.851508,-77.804050,72.276094,3.955096,3.830916,-0.155939,2.319378,0.042223,0.036621
2.289243,-49.553548,-108.427469,6.663795,6.871028,-77.278471,71.825563,3.777110,3.675943,-0.152615,2.319640,0.042018,0.035290
2.289764,-50.404742,-108.576311,6.640822,7.194587,-77.557739,72.156189,3.985806,3.838130,-0.149123,2.320131,0.042429,0.036885
2.290285,-50.759746,-108.577395,6.606793,7.065393,-77.153119,71.797375,3.750134,3.592214,-0.145294,2.320253,0.041712,0.034788
2.290806,-51.345195,-108.693428,6.634657,7.025549,-77.010956,71.905365,3.820514,3.614949,-0.141169,2.321923,0.041998,0.035232
2.291328,-52.116314,-108.952006,6.524386,7.069191,-77.124900,71.887900,3.740760,3.662706,-0.137420,2.321064,0.041242,0.035086
2.291849,-52.129615,-109.057216,6.506289,7.151495,-76.973747,72.092398,3.703729,3.572400,-0.136297,2.323460,0.040998,0.034461
2.292370,-52.783341,-108.993039,6.419016,6.923332,-76.819949,72.086467,3.765099,3.520773,-0.131969,2.324417,0.040771,0.034526
2.292891,-53.791106,-109.101995,6.650375,6.974808,-76.819949,72.086467,3.765099,3.520773,-0.126421,2.324417,0.041857,0.034526
2.293412,-54.127367,-109.095947,6.543534,6.995870,-76.963612,71.978273,3.697104,3.499674,-0.125453,2.322735,0.041207,0.034098
2.293934,-54.845717,-109.397745,6.616672,6.940197,-76.819949,72.086467,3.765099,3.520773,-0.120494,2.324417,0.041657,0.034526
2.294455,-55.697711,-109.492375,6.423652,7.103963,-76.865245,72.034536,3.837941,3.699995,-0.116084,2.323763,0.040984,0.035741
2.294976,-56.201987,-109.773599,6.452770,7.213602,-76.808418,72.260693,3.884569,3.568969,-0.112721,2.325696,0.041150,0.035280
2.295497,-56.663585,-109.592770,6.507812,7.239379,-76.783957,72.083360,3.784423,3.694533,-0.110299,2.324629,0.041227,0.035482
2.296019,-57.980175,-109.491462,6.481550,7.053146,-76.748700,72.111113,3.766710,3.688386,-0.102984,2.325051,0.041089,0.035374
2.296540,-58.434216,-110.034550,6.506314,7.140093,-76.346073,71.951383,3.953651,3.713741,-0.098108,2.326569,0.041657,0.036493
2.297061,-59.430752,-109.774322,6.746087,7.018541,-76.362547,72.094203,3.995569,3.623689,-0.092832,2.327451,0.042928,0.036217
2.297582,-60.087125,-109.850004,6.529191,7.098369,-76.365621,72.057305,3.891858,3.651817,-0.089250,2.327175,0.041636,0.035876
2.298104,-60.607714,-109.940910,6.544530,6.942814,-75.915083,72.467601,4.046045,3.410042,-0.083722,2.332965,0.042035,0.035510
2.298625,-61.608403,-110.066496,6.276200,7.133625,-76.109269,72.308846,3.926981,3.549176,-0.079344,2.330594,0.040487,0.035560
2.299146,-62.357253,-110.153294,6.432706,7.135715,-75.918798,72.120310,4.152631,3.690683,-0.074265,2.330541,0.041902,0.037403
2.299667,-63.311527,-110.259334,6.128634,7.095554,-75.777903,72.390018,4.009541,3.512699,-0.068147,2.333333,0.040020,0.035859
2.300188,-64.168802,-111.211095,6.487627,7.127286,-75.632345,71.340022,4.009703,3.702109,-0.062714,2.326998,0.041705,0.037030
2.300710,-64.761383,-111.157980,6.445713,6.934857,-75.232015,71.499369,4.132901,3.851534,-0.057261,2.330761,0.041856,0.038420
2.301231,-65.761803,-110.975906,6.475058,6.964773,-75.324164,71.663181,4.183921,3.939855,-0.052309,2.331293,0.042157,0.039028
2.301752,-66.540448,-111.389897,6.562114,6.911727,-75.079693,71.376760,4.410134,3.657978,-0.046688,2.330916,0.043211,0.038927
2.302273,-66.853829,-111.184887,6.583123,6.952780,-75.314673,71.391584,4.097702,3.787525,-0.046308,2.329460,0.042428,0.037942
2.302795,-68.201750,-111.435416,6.559468,7.127753,-75.249167,71.346054,4.071580,3.779903,-0.038537,2.329576,0.042210,0.037810
2.303316,-68.705659,-110.564375,6.525818,6.954785,-75.006740,72.298801,3.864902,3.803790,-0.034444,2.337813,0.041454,0.036796
2.303837,-69.941217,-110.557414,6.579774,7.109505,-74.999480,72.382272,3.846099,3.863364,-0.027643,2.338438,0.041647,0.036986
2.304358,-70.481728,-110.414289,6.576437,6.982685,-74.746828,72.301646,3.813054,3.606086,-0.023339,2.339568,0.041594,0.035652
2.304880,-71.574622,-110.622913,6.347582,7.106879,-74.746828,72.301646,3.813054,3.606086,-0.017340,2.339568,0.040475,0.035652
2.305401,-72.421166,-110.507768,6.514475,6.934922,-74.746828,72.301646,3.813054,3.606086,-0.012721,2.339568,0.041288,0.035652
2.305922,-72.850526,-110.811234,6.499223,6.973277,-74.900688,72.098523,3.853392,3.700127,-0.011208,2.337134,0.041306,0.036307
2.306443,-74.173748,-110.395561,6.576345,6.975530,-74.900688,72.098523,3.853392,3.700127,-0.003983,2.337134,0.041766,0.036307
2.306964,-74.472873,-110.737786,6.488106,7.057312,-74.894592,72.143219,3.844166,3.735431,-0.002306,2.337485,0.041237,0.036428
2.307486,-75.251810,-110.947084,6.256360,7.100540,-74.900688,72.098523,3.853392,3.700127,0.001918,2.337134,0.040142,0.036307
2.308007,-76.032644,-110.566795,6.633083,7.013836,-74.900688,72.098523,3.853392,3.700127,0.006197,2.337134,0.041995,0.036307
2.308528,-76.534205,-110.784396,6.527098,7.134770,-75.310755,72.143812,4.084291,3.680164,0.006688,2.334720,0.042090,0.037192
2.309049,-77.457838,-110.663808,6.299358,7.016794,-74.993658,72.407066,4.023517,3.559814,0.013459,2.338648,0.040826,0.036363
2.309571,-78.091184,-110.535583,6.620735,6.981184,-75.121887,72.217090,3.999947,3.440156,0.016246,2.336482,0.042321,0.035695
2.310092,-78.488249,-110.664773,6.617639,7.018443,-75.420880,71.965748,4.122023,3.551966,0.016794,2.332756,0.042684,0.036780
2.310613,-79.471441,-111.029046,6.283968,7.133231,-75.935538,72.043046,4.044434,3.598638,0.019312,2.329896,0.040813,0.036459
2.311134,-80.235498,-110.685164,6.599607,6.986029,-75.790395,71.925332,4.070243,3.700446,0.024337,2.330035,0.042449,0.037135
2.311656,-80.760598,-110.613415,6.366880,6.948310,-75.935987,72.286935,3.971577,3.536678,0.026372,2.331581,0.041015,0.035766
2.312177,-81.351637,-110.656480,6.308019,7.045063,-76.517804,72.137350,3.770450,3.689185,0.026438,2.326736,0.040192,0.035447
2.312698,-81.795303,-110.797485,6.301066,6.992837,-76.666196,72.261483,3.765412,3.605339,0.028012,2.326627,0.040085,0.034944
2.313219,-82.250479,-110.709539,6.530474,6.994232,-76.865245,72.034536,3.837941,3.699995,0.029460,2.323763,0.041434,0.035741
2.313740,-82.613031,-110.538274,6.540753,6.922493,-76.783957,72.083360,3.784423,3.694533,0.031908,2.324629,0.041359,0.035482
2.314262,-83.364525,-110.531259,6.299340,6.962982,-76.950235,71.971286,3.794287,3.679990,0.035132,2.322774,0.040273,0.035437
2.314783,-83.919642,-110.735891,6.514984,6.961502,-77.445177,72.224577,3.870509,3.535926,0.035372,2.321328,0.041394,0.034896
2.315304,-84.117955,-110.873644,6.486386,7.119220,-77.885051,72.049921,3.690901,3.569952,0.034061,2.317296,0.040778,0.034177
2.315825,-84.386272,-111.850846,6.571954,7.093605,-78.262784,71.187808,3.683697,3.614235,0.033442,2.308890,0.041140,0.034461
2.316347,-84.795702,-111.950707,6.517806,6.936261,-78.605212,71.107076,3.689394,3.735289,0.033804,2.306153,0.040893,0.035046
2.316868,-85.625967,-111.938660,6.343701,7.218104,-78.682854,71.010760,3.738034,3.704455,0.037933,2.304987,0.040224,0.035094
2.317389,-85.951481,-111.888928,6.490990,7.104396,-78.493987,71.181745,4.074421,3.721116,0.040713,2.307379,0.041831,0.036659
2.317910,-86.085576,-111.827047,6.534722,7.179598,-78.681748,71.240414,3.785278,3.642581,0.040421,2.306601,0.041223,0.034930
2.318432,-86.553080,-110.911308,6.556045,6.947171,-79.103516,72.524994,3.772600,3.545907,0.040589,2.312836,0.041203,0.034022
2.318953,-87.030199,-110.838121,6.497729,6.967253,-79.244603,72.514481,3.759123,3.485336,0.042437,2.311876,0.040908,0.033633
2.319474,-87.345723,-110.993732,6.308507,7.067497,-80.173699,72.557992,4.005777,3.462174,0.039054,2.306372,0.040685,0.034373
2.319995,-87.474878,-112.104081,6.302906,7.037848,-80.726275,71.175526,3.709208,3.538442,0.036805,2.293403,0.039880,0.033581
2.320516,-87.831045,-111.261701,6.483575,6.935420,-80.146669,72.032140,3.339212,3.834278,0.041899,2.302923,0.039760,0.033607
2.321038,-88.022153,-110.976835,6.533925,6.974976,-80.602511,72.417060,3.576581,3.623188,0.040435,2.302753,0.040587,0.033246
2.321559,-88.165529,-111.124291,6.594129,7.062923,-82.433230,71.977882,3.717124,3.699462,0.031296,2.288587,0.041323,0.033875
2.322080,-88.294500,-111.258994,6.593061,7.024138,-82.542318,72.063358,3.693434,3.634711,0.031367,2.288519,0.041205,0.033404
2.322601,-88.456921,-111.123605,6.596647,7.063622,-82.625918,72.079583,3.746099,3.617202,0.031817,2.288129,0.041389,0.033503
2.323123,-88.594065,-111.277136,6.631867,7.037019,-82.702537,72.153242,3.785278,3.642581,0.032108,2.288176,0.041610,0.033757
2.323644,-88.751873,-111.353047,6.620601,7.035252,-83.191702,72.083482,3.852790,3.476156,0.030302,2.284777,0.041740,0.033090
2.324165,-88.815724,-111.282748,6.601533,7.008448,-83.739732,72.048995,3.699277,3.566050,0.027680,2.281293,0.041262,0.032799
2.324686,-88.815724,-111.282748,6.601533,7.008448,-84.710990,71.959237,3.748482,3.688707,0.022397,2.274981,0.041420,0.033414
2.325208,-89.285949,-111.168746,6.615106,7.034129,-84.783101,72.122305,3.883573,3.551343,0.024562,2.275678,0.041839,0.033191
2.325729,-89.501059,-111.326850,6.646112,7.013136,-85.430690,72.268668,3.868237,3.508670,0.022167,2.272925,0.041875,0.032735
2.326250,-89.682322,-111.362483,6.519122,7.054766,-85.110454,71.659524,3.847080,3.896792,0.024975,2.270604,0.041348,0.034839
2.326771,-89.698575,-111.471903,6.502035,7.144456,-85.712844,71.937458,3.333579,3.586266,0.021728,2.269036,0.039831,0.031135
2.327292,-89.698575,-111.471903,6.502035,7.144456,-86.521772,71.861417,3.763017,3.503864,0.017326,2.263895,0.040972,0.032114
2.327814,-89.682322,-111.362483,6.519122,7.054766,-86.647313,72.207021,3.825747,3.502353,0.016532,2.265541,0.041172,0.032258
2.328335,-89.668098,-111.626411,6.477636,7.260839,-86.855042,71.890610,3.782725,3.521741,0.015327,2.262206,0.040871,0.032197
2.328856,-89.698575,-111.471903,6.502035,7.144456,-87.128311,71.548614,3.864317,3.683386,0.014043,2.258323,0.041323,0.033327
2.329377,-89.682322,-111.362483,6.519122,7.054766,-88.256599,71.740150,3.906250,3.576030,0.007786,2.253329,0.041505,0.032628
2.329899,-89.596732,-111.339500,6.464487,7.074858,-88.433748,71.872688,4.135187,3.638367,0.006348,2.253251,0.041885,0.033729
2.330420,-89.596732,-111.339500,6.464487,7.074858,-89.191835,71.721795,4.101849,3.645396,0.002212,2.248050,0.041822,0.033474
2.330941,-89.682322,-111.362483,6.519122,7.054766,-89.460354,71.928230,4.104251,3.693805,0.001211,2.247986,0.042029,0.033628
2.331462,-89.596732,-111.339500,6.464487,7.074858,-90.043348,72.133508,3.864990,3.597687,-0.002434,2.246206,0.041051,0.032109
2.331984,-89.596732,-111.339500,6.464487,7.074858,-90.514497,71.833074,3.770450,3.689185,-0.005010,2.241628,0.040856,0.032199
2.332505,-89.389060,-111.397868,6.284291,7.102969,-90.734478,71.684580,3.848989,3.837927,-0.007349,2.239439,0.040251,0.033227
2.333026,-89.389060,-111.397868,6.284291,7.102969,-90.878942,71.839775,3.837611,3.769513,-0.008131,2.239717,0.040184,0.032767
2.333547,-89.182617,-111.518927,6.388006,7.182691,-91.077725,71.863009,3.815241,3.688610,-0.010334,2.238812,0.040573,0.032217
2.334068,-89.102598,-112.453004,6.372006,7.168544,-91.132398,70.692046,3.750412,3.605013,-0.011083,2.230548,0.040369,0.031736
2.334590,-89.124332,-111.453241,6.372006,7.168544,-91.501470,71.777019,3.628409,3.675384,-0.012973,2.235975,0.040016,0.031451
2.335111,-89.102598,-112.453004,6.372006,7.168544,-92.308569,70.581142,3.933653,3.730974,-0.017514,2.223590,0.040907,0.032762
2.335632,-88.720750,-112.391014,6.504217,7.088781,-92.629478,70.684351,3.751790,3.640876,-0.021347,2.222621,0.041006,0.031601
2.336153,-88.610118,-112.485251,6.489869,7.113732,-92.758444,70.735852,3.784423,3.694533,-0.022637,2.222301,0.040994,0.031957
2.336675,-88.490484,-112.318120,6.443569,7.012569,-92.950294,70.535926,3.805403,3.613379,-0.024385,2.219941,0.040915,0.031579
2.337196,-88.512218,-111.318356,6.443569,7.012569,-92.972028,71.535689,3.805403,3.613379,-0.024385,2.226619,0.040915,0.031421
2.337717,-88.444599,-111.248828,6.471317,7.032635,-93.165979,71.440060,3.886389,3.685353,-0.025838,2.224966,0.041307,0.032035
2.338238,-88.456589,-111.218552,6.590850,6.999007,-93.695358,71.450664,4.262556,3.601264,-0.028671,2.222303,0.042951,0.032739
2.338759,-88.262693,-111.212693,6.572268,6.995086,-93.695358,71.450664,4.262556,3.601264,-0.029733,2.222303,0.042866,0.032739
2.339281,-88.262693,-111.212693,6.572268,6.995086,-94.082003,71.626077,4.101211,3.560676,-0.031817,2.221500,0.042349,0.031866
2.339802,-88.164339,-111.356199,6.529675,7.135388,-94.245782,71.522989,4.001971,3.538902,-0.033242,2.219968,0.041856,0.031399
2.340323,-88.123319,-111.259654,6.528618,7.199314,-94.642775,71.560056,3.741020,3.654803,-0.035645,2.218194,0.041136,0.031069
2.340844,-88.042847,-111.374431,6.516199,7.148786,-94.723836,71.591224,3.789358,3.646109,-0.036499,2.217992,0.041175,0.031152
2.341366,-87.980433,-111.291470,6.538206,7.188543,-94.807279,71.542737,3.844837,3.651002,-0.037322,2.217243,0.041460,0.031342
2.341887,-87.832437,-111.251881,6.465479,7.100291,-94.745305,71.299475,3.807401,3.815065,-0.037850,2.215920,0.041077,0.032151
2.342408,-87.832437,-111.251881,6.465479,7.100291,-94.860993,71.643324,3.837941,3.699995,-0.038411,2.217646,0.041084,0.031551
2.342929,-87.832437,-111.251881,6.465479,7.100291,-94.353038,71.794083,4.183801,3.651077,-0.035608,2.221243,0.042047,0.032514
2.343451,-87.755540,-111.197991,6.507386,7.102142,-94.432331,71.742285,4.135187,3.638367,-0.036481,2.220490,0.042119,0.032276
2.343972,-87.755540,-111.197991,6.507386,7.102142,-94.432331,71.742285,4.135187,3.638367,-0.036481,2.220490,0.042119,0.032276
2.344493,-87.755540,-111.197991,6.507386,7.102142,-94.430041,71.705571,4.146066,3.614712,-0.036476,2.220255,0.042160,0.032197
2.345014,-87.755540,-111.197991,6.507386,7.102142,-94.350331,71.758068,4.194675,3.628349,-0.036030,2.221015,0.042291,0.032442
2.345535,-87.716280,-111.228105,6.527773,7.108536,-94.430041,71.705571,4.146066,3.614712,-0.036684,2.220255,0.042246,0.032197
2.346057,-87.588284,-111.363018,6.449202,7.058230,-94.861132,71.603820,3.848604,3.674791,-0.039729,2.217380,0.041019,0.031458
2.346578,-87.550847,-111.422358,6.404608,7.245903,-94.723133,71.550179,3.800196,3.618752,-0.039179,2.217720,0.040676,0.031048
2.347099,-87.558582,-111.520531,6.424393,7.180049,-94.329157,71.553672,4.050722,3.532076,-0.036966,2.219749,0.041460,0.031503
2.347620,-87.550847,-111.422358,6.404608,7.245903,-94.684618,71.486109,3.806228,3.592282,-0.038982,2.217485,0.040707,0.030946
2.348142,-87.495706,-111.356764,6.392306,7.231968,-94.329157,71.553672,4.050722,3.532076,-0.037342,2.219749,0.041349,0.031503
2.348663,-87.495706,-111.356764,6.392306,7.231968,-94.723133,71.550179,3.800196,3.618752,-0.039494,2.217720,0.040632,0.031048
2.349184,-87.495706,-111.356764,6.392306,7.231968,-94.609637,71.535139,3.767593,3.587643,-0.038877,2.218195,0.040545,0.030808
2.349705,-87.473972,-112.356528,6.392306,7.231968,-93.821581,70.530553,4.192115,3.593907,-0.034694,2.215418,0.041776,0.032551
2.350227,-87.473972,-112.356528,6.392306,7.231968,-93.741389,70.647718,4.172669,3.533406,-0.034234,2.216626,0.041691,0.032181
2.350748,-87.473972,-112.356528,6.392306,7.231968,-93.563970,70.918009,4.231790,3.525286,-0.033217,2.219374,0.041808,0.032353
2.351269,-87.473972,-112.356528,6.392306,7.231968,-92.895536,70.576886,3.864786,3.710069,-0.029628,2.220505,0.040819,0.032293
2.351790,-87.473972,-112.356528,6.392306,7.231968,-92.978299,70.655718,3.954162,3.647887,-0.030067,2.220614,0.041055,0.032223
2.352311,-87.230726,-112.372150,6.190839,7.278325,-92.786017,70.586441,3.844837,3.651002,-0.030354,2.221138,0.039818,0.031936
2.352833,-87.230726,-112.372150,6.190839,7.278325,-92.015049,70.416149,4.179217,3.639511,-0.026168,2.223997,0.040852,0.033208
2.353354,-87.252460,-111.372387,6.190839,7.278325,-91.853234,71.667575,4.234804,3.521372,-0.025130,2.233372,0.040967,0.032678
2.353875,-87.258140,-111.472784,6.210745,7.211949,-91.302758,71.759745,4.155731,3.635210,-0.022070,2.236914,0.040775,0.033087
2.354396,-87.258140,-111.472784,6.210745,7.211949,-90.675399,71.863675,4.068477,3.675498,-0.018637,2.240971,0.040492,0.033119
2.354918,-87.345861,-111.503819,6.381680,7.211067,-90.861938,71.730260,3.837941,3.699995,-0.019187,2.239066,0.040635,0.032424
2.355439,-87.079935,-111.555598,6.562310,7.152539,-90.810931,71.542132,3.824287,3.716903,-0.020374,2.238063,0.041475,0.032510
2.355960,-87.079935,-111.555598,6.562310,7.152539,-90.685562,71.573045,3.806228,3.592282,-0.019687,2.238944,0.041419,0.031818
2.356481,-86.878315,-111.516391,6.421717,7.142420,-89.790433,71.789977,4.131706,3.488025,-0.015885,2.245249,0.041653,0.032639
2.357003,-86.896040,-111.616690,6.438547,7.072389,-89.557078,71.331292,4.187506,3.597691,-0.014544,2.243393,0.041978,0.033517
2.357524,-86.963976,-111.539441,6.466728,6.985276,-88.305560,71.585703,4.087312,3.592285,-0.007326,2.252003,0.041774,0.033396
2.358045,-86.754235,-111.556055,6.532004,7.134078,-88.245680,71.833604,4.057221,3.443203,-0.008132,2.254027,0.041928,0.032518
2.358566,-86.694650,-111.619886,6.509851,7.078581,-88.031712,71.812180,4.122917,3.418138,-0.007289,2.255070,0.042007,0.032708
2.359087,-86.694650,-111.619886,6.509851,7.078581,-87.075215,72.028382,4.554221,3.666950,-0.002072,2.261902,0.043261,0.035847
2.359609,-86.648095,-111.541023,6.507631,7.044713,-87.165002,71.655830,4.114979,3.739682,-0.002822,2.258851,0.042028,0.034522
2.360130,-86.530395,-111.411390,6.570366,7.158506,-86.265063,71.990686,4.188772,3.724966,0.001447,2.266240,0.042486,0.034906
2.360651,-86.545085,-111.508020,6.588382,7.092154,-86.611181,72.010307,3.964069,3.495904,-0.000360,2.264405,0.041898,0.032800
2.361172,-86.498119,-111.429492,6.585615,7.057701,-86.121866,71.767709,3.955010,3.662399,0.002054,2.265531,0.041933,0.033763
2.361694,-86.498119,-111.429492,6.585615,7.057701,-85.733967,71.834824,4.205119,3.705243,0.004170,2.268212,0.042636,0.035039
2.362215,-86.338042,-111.593841,6.625704,6.999589,-84.929178,72.204553,3.779953,3.585042,0.007665,2.275391,0.041501,0.032905
2.362736,-86.230407,-111.488913,6.535653,7.092927,-84.938766,71.901332,3.877990,3.700338,0.007043,2.273260,0.041438,0.033926
2.363257,-86.060729,-111.257012,6.534109,7.201181,-84.599496,71.886931,4.028284,3.646115,0.007978,2.275135,0.041911,0.034328
2.363779,-86.060729,-111.257012,6.534109,7.201181,-84.028972,72.190983,3.924332,3.548429,0.011075,2.280561,0.041546,0.033514
2.364300,-85.908027,-111.139014,6.604165,7.148110,-83.600961,72.328170,4.029253,3.370010,0.012574,2.284026,0.042164,0.033169
2.364821,-85.727327,-111.120803,6.474656,7.191191,-83.478539,71.980652,4.169614,3.779412,0.012281,2.282368,0.042056,0.035840
2.365342,-85.668997,-111.097471,6.487468,7.149176,-82.863827,71.904132,3.837941,3.699995,0.015327,2.285499,0.041185,0.034270
2.365863,-85.346217,-112.025035,6.659211,7.043548,-82.028633,72.184255,3.720109,3.162360,0.018008,2.292445,0.041402,0.031272
2.366385,-84.611185,-111.142284,6.581292,7.009934,-81.798739,71.746166,3.576763,3.631544,0.015377,2.290818,0.040952,0.033159
2.366906,-84.501480,-111.132571,6.595895,6.999117,-80.799574,72.037600,3.597020,3.529725,0.020207,2.298928,0.041009,0.032884
2.367427,-84.270622,-112.133071,6.586598,7.041052,-81.213518,70.636205,3.711376,3.571762,0.016725,2.286650,0.041360,0.033749
2.367948,-84.106152,-111.005618,6.552960,7.188470,-80.656416,72.144806,3.664466,3.546025,0.018833,2.300548,0.040987,0.033259
2.368470,-83.765822,-111.172967,6.470330,7.251758,-80.517404,71.951542,3.976022,3.648365,0.017737,2.300072,0.041465,0.035166
2.368991,-83.619883,-111.926156,6.461699,7.109405,-80.168869,71.199752,3.828852,3.584925,0.018843,2.297010,0.041009,0.034456
2.369512,-83.245090,-112.029636,6.322815,7.128128,-80.210081,70.884187,3.968100,3.593112,0.016591,2.294550,0.040806,0.035146
2.370033,-82.501952,-111.089103,6.595895,6.999117,-79.710846,72.303624,4.107988,3.552475,0.015218,2.307506,0.042366,0.035433
2.370555,-82.304038,-112.103356,6.518959,7.103697,-79.253056,71.020676,3.783475,3.506252,0.016659,2.301467,0.041155,0.034132
2.371076,-81.928435,-111.080718,6.462888,7.163889,-78.899656,72.062036,3.830629,3.738395,0.016536,2.310932,0.041017,0.035381
2.371597,-81.435076,-110.937009,6.282678,7.140397,-78.864772,71.991068,3.837941,3.699995,0.014050,2.310661,0.040243,0.035243
2.372118,-80.761192,-110.990938,6.612772,7.120667,-78.975335,71.839965,3.805403,3.613379,0.009767,2.308918,0.041728,0.034671
2.372639,-80.485080,-111.202327,6.567340,7.124039,-78.628493,72.241501,3.745816,3.604198,0.010120,2.313885,0.041212,0.034368
2.373161,-80.237009,-110.929988,6.596242,7.284623,-78.358892,72.074594,4.072661,3.618278,0.010262,2.314444,0.042359,0.036004
2.373682,-79.811138,-110.961114,6.428527,7.306501,-77.602131,71.970887,3.748932,3.761676,0.012075,2.318563,0.040678,0.035486
2.374203,-79.217517,-110.811868,6.255829,7.130325,-77.242413,71.931898,3.875128,3.768544,0.010808,2.320610,0.040267,0.036177
2.374724,-78.528674,-111.060537,6.630667,7.011450,-77.193995,71.820110,3.774456,3.594679,0.007298,2.320147,0.041718,0.034895
2.375246,-78.200254,-111.274657,6.547609,7.111352,-76.920584,71.963849,3.854227,3.735276,0.006984,2.322914,0.041463,0.035992
2.375767,-77.491416,-110.788236,6.282663,7.102705,-76.865245,72.034536,3.837941,3.699995,0.003425,2.323763,0.040269,0.035741
2.376288,-76.731511,-110.919828,6.540055,6.968605,-76.865245,72.034536,3.837941,3.699995,-0.000731,2.323763,0.041448,0.035741
2.376809,-76.524707,-110.734355,6.597262,6.856063,-76.865245,72.034536,3.837941,3.699995,-0.001863,2.323763,0.041760,0.035741
2.377331,-76.090075,-110.664191,6.482901,7.015456,-76.674689,72.393494,3.827890,3.512634,-0.003194,2.327483,0.041127,0.034752
2.377852,-75.375207,-110.616506,6.247428,7.070968,-76.434383,72.047188,4.031194,3.629609,-0.005798,2.326656,0.040703,0.036404
2.378373,-74.610892,-110.813325,6.591386,7.047023,-76.534237,72.332161,4.055220,3.470404,-0.010501,2.327975,0.042253,0.035683
2.378894,-74.051766,-110.694247,6.516858,7.005334,-76.167830,71.949510,4.105774,3.569798,-0.011585,2.327723,0.042169,0.036572
2.379415,-73.746723,-110.547096,6.446830,7.001832,-75.661121,71.987259,3.866971,3.615200,-0.010487,2.331317,0.041183,0.035782
2.379937,-72.685050,-110.711429,6.491938,7.038241,-75.873059,72.178000,4.068463,3.482982,-0.017430,2.331242,0.041885,0.036024
2.380458,-72.365981,-110.484725,6.482674,6.938745,-75.768985,72.057115,4.071698,3.524049,-0.018640,2.331090,0.041930,0.036285
2.380979,-71.694570,-111.450441,6.449013,7.127782,-75.851325,71.178236,4.068463,3.482982,-0.022757,2.324422,0.041742,0.036229
2.381500,-71.585149,-111.206159,6.472813,7.154414,-75.362258,71.136912,3.730828,3.549499,-0.020711,2.327360,0.040965,0.035086
2.382022,-70.360344,-111.215954,6.487843,6.955479,-75.528513,70.950969,4.012673,3.580266,-0.028363,2.324954,0.041860,0.036565
2.382543,-69.720132,-111.193758,6.415429,7.217841,-75.314783,70.845009,3.885221,3.557057,-0.030724,2.325623,0.041184,0.035926
2.383064,-68.808757,-111.453013,6.504953,7.176139,-75.088012,71.255788,3.953596,3.777036,-0.034354,2.330014,0.041642,0.037305
2.383585,-68.345790,-110.516505,6.516417,7.091808,-74.934674,72.218289,3.831038,3.780620,-0.036041,2.337737,0.041343,0.036562
2.384107,-67.843185,-110.273594,6.394696,7.119590,-74.865717,72.078004,3.837941,3.699995,-0.038492,2.337225,0.040874,0.036248
2.384628,-66.993732,-110.121215,6.584581,6.961692,-74.865717,72.078004,3.837941,3.699995,-0.043179,2.337225,0.041794,0.036248
2.385149,-66.365126,-110.366583,6.444980,7.085298,-75.047893,72.076259,3.976123,3.664785,-0.047556,2.335999,0.041466,0.036686
2.385670,-66.002243,-110.459386,6.404559,6.962626,-74.865717,72.078004,3.837941,3.699995,-0.048519,2.337225,0.040861,0.036248
2.386191,-64.976432,-110.249589,6.417434,7.015830,-74.865717,72.078004,3.837941,3.699995,-0.054186,2.337225,0.040959,0.036248
2.386713,-64.459973,-110.334864,6.516981,7.062331,-74.865717,72.078004,3.837941,3.699995,-0.056983,2.337225,0.041402,0.036248
2.387234,-64.098242,-110.158088,6.435126,7.092580,-75.046355,71.866797,3.771489,3.594614,-0.060074,2.334555,0.040913,0.035419
2.387755,-63.291755,-110.352263,6.171179,7.300688,-75.090857,71.977416,3.767662,3.664888,-0.064623,2.335028,0.039596,0.035710
2.388276,-62.479043,-110.493930,6.381076,7.126458,-74.911827,72.181037,3.835067,3.758370,-0.067955,2.337632,0.040677,0.036485
2.388798,-62.200240,-110.186493,6.375869,6.972849,-75.081505,71.889367,3.786470,3.596696,-0.070629,2.334478,0.040638,0.035486
2.389319,-61.443046,-109.883780,6.284711,7.008046,-74.900688,72.098523,3.853392,3.700127,-0.073816,2.337134,0.040416,0.036307
2.389840,-60.715811,-110.113541,6.506636,7.116138,-74.951732,72.200472,3.859508,3.757789,-0.077927,2.337500,0.041386,0.036582
2.390361,-60.241390,-110.194303,6.493456,7.148031,-74.973584,72.280141,3.845047,3.811392,-0.080561,2.337905,0.041243,0.036754
2.390883,-59.675084,-109.703077,6.448536,7.028793,-75.153591,71.840843,3.750134,3.592214,-0.085055,2.333662,0.040959,0.035285
2.391404,-59.379308,-110.101133,6.255979,7.201197,-75.649138,72.045097,3.976433,3.440008,-0.089086,2.331797,0.040561,0.035464
2.391925,-58.506727,-110.025296,6.512956,7.066733,-75.811244,71.988114,3.886221,3.462243,-0.094788,2.330333,0.041496,0.035099
2.392446,-58.169188,-109.698542,6.509699,6.938597,-75.903050,71.963170,3.950210,3.449101,-0.097312,2.329556,0.041724,0.035325
2.392967,-57.715133,-109.726989,6.445145,6.981711,-75.933283,72.000340,3.852219,3.483966,-0.099916,2.329615,0.041128,0.035004
2.393489,-57.174938,-109.826563,6.421047,7.142308,-75.765019,71.797343,4.010149,3.540653,-0.102000,2.329313,0.041489,0.036119
2.394010,-56.485720,-109.563476,6.595842,6.889134,-75.939525,71.985286,3.964894,3.451435,-0.106747,2.329469,0.042149,0.035393
2.394531,-56.265359,-109.225546,6.522746,6.952048,-76.038591,72.071992,3.988376,3.502861,-0.108636,2.329420,0.041931,0.035703
2.395052,-55.943614,-109.448949,6.447337,7.029139,-76.071760,71.959502,3.950013,3.465757,-0.110503,2.328422,0.041445,0.035357
2.395574,-55.841263,-109.234919,6.487018,7.106569,-76.179330,72.251876,3.920116,3.645124,-0.111598,2.329741,0.041532,0.035982
2.396095,-54.889179,-109.367181,6.462990,7.160644,-76.177260,72.535871,4.043239,3.344841,-0.116500,2.331713,0.041647,0.035113
2.396616,-54.503501,-110.130197,6.591264,6.960882,-76.119268,71.510380,4.030897,3.338267,-0.118446,2.324985,0.042237,0.035228
2.397137,-54.128188,-109.962844,6.536844,7.078408,-75.906953,71.616490,3.747657,3.389416,-0.119371,2.327119,0.041226,0.034138
2.397658,-53.986569,-109.927073,6.474044,7.077633,-76.247096,71.584662,3.987676,3.334235,-0.122030,2.324666,0.041597,0.034947
2.398180,-53.413092,-110.279020,6.728369,7.207571,-76.140317,71.301984,3.889440,3.650146,-0.124515,2.323391,0.042495,0.036082
2.398701,-53.480689,-109.857505,6.664129,7.038725,-76.162667,71.708662,4.003419,3.420787,-0.124280,2.326083,0.042491,0.035427
2.399222,-53.009832,-110.424676,6.719153,7.274575,-76.280648,71.271042,3.886464,3.644058,-0.127382,2.322256,0.042408,0.036007
2.399743,-52.856930,-109.810202,6.610137,6.925628,-76.342326,71.250150,3.949701,3.757826,-0.128990,2.321707,0.042192,0.036852
2.400265,-52.590025,-109.622948,6.702894,7.001184,-76.691559,71.450554,3.773073,3.935379,-0.132326,2.320831,0.042141,0.036834
2.400786,-52.380229,-109.862984,6.573639,7.123992,-76.424921,71.086179,3.940405,3.642735,-0.132107,2.320018,0.042019,0.036251
2.401307,-52.194288,-109.966303,6.520280,7.275805,-76.424921,71.086179,3.940405,3.642735,-0.133042,2.320018,0.041758,0.036251
2.401828,-52.115419,-110.084718,6.508398,7.219231,-76.416593,71.159319,3.995998,3.731342,-0.133285,2.320585,0.041813,0.036933
2.402350,-51.987042,-109.883605,6.474044,7.077633,-76.644462,71.261720,3.765412,3.605339,-0.135288,2.319818,0.041014,0.035167
2.402871,-52.002416,-108.835543,6.462399,7.094597,-76.666196,72.261483,3.765412,3.605339,-0.135358,2.326627,0.040972,0.034944
2.403392,-51.967279,-108.868107,6.448522,7.085694,-76.666196,72.261483,3.765412,3.605339,-0.135525,2.326627,0.040898,0.034944
2.403913,-51.780034,-108.915385,6.585351,7.051745,-76.666196,72.261483,3.765412,3.605339,-0.136504,2.326627,0.041515,0.034944
2.404434,-51.686757,-108.772768,6.581506,7.004072,-76.666196,72.261483,3.765412,3.605339,-0.137116,2.326627,0.041522,0.034944
2.404956,-51.686757,-108.772768,6.581506,7.004072,-76.666196,72.261483,3.765412,3.605339,-0.137116,2.326627,0.041522,0.034944
2.405477,-51.686757,-108.772768,6.581506,7.004072,-76.706121,72.383315,3.745138,3.686735,-0.137241,2.327208,0.041444,0.035218
2.405998,-51.714159,-108.803345,6.586227,7.009055,-76.748041,72.359671,3.774160,3.688172,-0.137315,2.326772,0.041541,0.035351
2.406519,-51.780034,-108.915385,6.585351,7.051745,-76.709139,72.238154,3.795081,3.606547,-0.136754,2.326186,0.041598,0.035080
2.407041,-51.780034,-108.915385,6.585351,7.051745,-76.709139,72.238154,3.795081,3.606547,-0.136754,2.326186,0.041598,0.035080
2.407562,-51.780034,-108.915385,6.585351,7.051745,-76.666196,72.261483,3.765412,3.605339,-0.136504,2.326627,0.041515,0.034944
2.408083,-51.811928,-109.095939,6.581391,7.185283,-76.578102,72.386098,3.794923,3.687817,-0.135628,2.328061,0.041526,0.035480
2.408604,-52.103395,-109.117595,6.495850,7.210019,-76.578102,72.386098,3.794923,3.687817,-0.134036,2.328061,0.041135,0.035480
2.409126,-52.116314,-108.952006,6.524386,7.069191,-76.359362,72.307500,4.003195,3.646812,-0.132959,2.328947,0.041887,0.036319
2.409647,-52.300952,-109.435181,6.444517,7.052663,-76.396867,72.208858,3.955724,3.562256,-0.131885,2.328020,0.041301,0.035702
2.410168,-52.452299,-109.132428,6.569268,6.768933,-76.396867,72.208858,3.955724,3.562256,-0.131282,2.328020,0.041921,0.035702
2.410689,-53.136777,-108.864274,6.700784,7.000123,-76.359359,72.231177,3.936315,3.561218,-0.127538,2.328419,0.042572,0.035611
2.411210,-53.433822,-109.176173,6.742912,7.094468,-76.359359,72.231177,3.936315,3.561218,-0.125710,2.328419,0.042712,0.035611
2.411732,-53.883097,-108.977398,6.481512,7.004267,-76.359359,72.231177,3.936315,3.561218,-0.123405,2.328419,0.041553,0.035611
2.412253,-54.168957,-109.191127,6.545039,6.933265,-76.302294,72.373084,3.968387,3.678411,-0.121305,2.329773,0.041863,0.036309
2.412774,-54.244241,-109.316155,6.529824,6.868199,-76.208309,72.763272,3.932941,3.663347,-0.120049,2.333073,0.041577,0.036010
2.413295,-54.435011,-109.545544,6.508898,7.065816,-76.152493,72.693614,3.940427,3.626016,-0.118611,2.332961,0.041484,0.035897
2.413817,-55.210854,-110.113249,6.145301,6.957632,-75.878505,71.782897,3.894682,3.692723,-0.113138,2.328465,0.039786,0.036279
2.414338,-55.942765,-110.330221,6.486016,6.845007,-75.928872,71.685758,4.013453,3.558999,-0.109366,2.327458,0.041660,0.036199
2.414859,-56.106925,-110.737145,6.506690,7.096940,-75.832610,71.639702,3.855914,3.566883,-0.107740,2.327770,0.041255,0.035525
2.415380,-56.252294,-110.864303,6.434981,7.068117,-75.672406,71.679858,3.947046,3.535107,-0.105987,2.329106,0.041145,0.035839
2.415902,-56.615497,-110.669571,6.487205,7.044284,-75.673429,71.721869,3.936054,3.566510,-0.104111,2.329392,0.041396,0.035928
2.416423,-57.784093,-110.710293,6.456850,7.021067,-75.397603,71.853937,4.066768,3.834941,-0.096181,2.332134,0.041624,0.037896
2.416944,-57.970429,-110.449640,6.535707,6.845321,-75.329201,71.809845,4.097320,3.840423,-0.094956,2.332280,0.042139,0.038096
2.417465,-58.489853,-110.676976,6.518739,7.015771,-75.408208,71.906092,4.138608,3.881695,-0.092397,2.332426,0.042124,0.038448
2.417986,-58.706885,-110.742626,6.416750,7.063210,-75.264708,71.843863,4.059319,3.889925,-0.090437,2.332945,0.041437,0.038170
2.418508,-59.783621,-110.753761,6.456850,7.021067,-75.264708,71.843863,4.059319,3.889925,-0.084580,2.332945,0.041635,0.038170
2.419029,-59.969956,-110.493108,6.535707,6.845321,-75.255136,71.730995,4.084637,3.816870,-0.083685,2.332223,0.042152,0.037961
2.419550,-60.408860,-109.909472,6.462005,6.989719,-75.286442,72.843627,4.059319,3.889925,-0.081229,2.339705,0.041633,0.037923
2.420071,-61.161807,-111.033410,6.221572,7.027058,-75.264708,71.843863,4.059319,3.889925,-0.076964,2.332945,0.040521,0.038170
2.420593,-61.975657,-110.032587,6.430245,6.972032,-75.232408,72.563115,4.103520,3.723685,-0.072474,2.338136,0.041674,0.037421
2.421114,-62.359384,-110.139185,6.470186,6.991329,-75.232408,72.563115,4.103520,3.723685,-0.070343,2.338136,0.041839,0.037421
2.421635,-63.146684,-110.214717,6.161413,6.937395,-75.294223,72.485865,4.080047,3.673710,-0.066391,2.337193,0.040370,0.037071
2.422156,-63.728433,-110.319514,6.352366,7.100110,-75.300573,72.561633,4.059988,3.722739,-0.063193,2.337673,0.041152,0.037187
2.422678,-64.275329,-110.265133,6.392367,6.992492,-75.294223,72.485865,4.080047,3.673710,-0.060222,2.337193,0.041427,0.037071
2.423199,-64.845716,-110.348985,6.322001,6.987656,-75.294223,72.485865,4.080047,3.673710,-0.057085,2.337193,0.041093,0.037071
2.423720,-65.293879,-110.671469,6.189324,7.148769,-75.345851,72.407071,4.069803,3.620470,-0.054850,2.336307,0.040410,0.036774
2.424241,-66.131612,-110.372335,6.502742,6.808155,-75.416719,72.343683,4.036068,3.593938,-0.050773,2.335400,0.041834,0.036479
2.424762,-66.460871,-110.551887,6.577164,6.867575,-75.459133,72.261579,4.035889,3.534136,-0.049181,2.334552,0.042160,0.036203
2.425284,-67.107803,-110.770569,6.315382,7.008730,-75.475732,72.434635,4.031683,3.633482,-0.045643,2.335637,0.040859,0.036608
2.425805,-67.765370,-110.646312,6.495140,7.005757,-75.405403,72.495897,4.065914,3.657328,-0.041692,2.336525,0.041807,0.036892
2.426326,-68.202212,-110.725113,6.549281,6.993577,-75.095596,72.371612,4.115225,3.818165,-0.037631,2.337725,0.042217,0.038008
2.426847,-68.662184,-110.555825,6.552128,6.841596,-75.517455,72.325803,4.109243,3.549291,-0.037467,2.334610,0.042260,0.036603
2.427369,-69.740375,-110.705509,6.362993,7.029655,-75.835195,72.352802,4.184022,3.535555,-0.033282,2.332699,0.041579,0.036810
2.427890,-70.090826,-110.861698,6.500291,6.970595,-75.624979,72.605437,3.995050,3.694227,-0.030155,2.335827,0.041569,0.036642
2.428411,-70.911804,-110.760574,6.297676,6.928762,-75.855025,72.314447,3.923383,3.547901,-0.026995,2.332304,0.040516,0.035604
2.428932,-71.326108,-110.753952,6.220492,6.986482,-76.103274,72.258888,3.768782,3.595451,-0.026097,2.330288,0.039730,0.035054
2.429454,-72.072453,-110.641285,6.547357,6.898913,-76.396867,72.208858,3.955724,3.562256,-0.023646,2.328020,0.041824,0.035702
2.429975,-72.367990,-110.487352,6.536176,6.815130,-76.229085,72.234291,4.061140,3.527376,-0.021128,2.329293,0.042104,0.036082
2.430496,-73.212554,-110.592941,6.201575,6.875307,-76.359359,72.231177,3.936315,3.561218,-0.017210,2.328419,0.040172,0.035611
2.431017,-73.668214,-110.737044,6.282541,7.088029,-76.520403,72.413756,3.960751,3.449559,-0.015572,2.328628,0.040546,0.035119
2.431538,-74.181166,-111.407460,6.589369,6.923318,-76.305937,71.630207,4.118442,3.562879,-0.011608,2.324599,0.042450,0.036625
2.432060,-74.424512,-111.604099,6.653394,6.900905,-76.752052,71.638352,3.831750,3.604452,-0.012701,2.321747,0.041897,0.035356
2.432581,-75.226651,-111.769502,6.261991,7.005957,-76.795270,71.655897,3.859291,3.601978,-0.008552,2.321588,0.040101,0.035455
2.433102,-75.617943,-111.739016,6.457199,6.913259,-76.899709,71.560342,4.011603,3.737546,-0.006993,2.320245,0.041471,0.036814
2.433623,-76.172551,-111.289040,6.619306,6.788863,-77.162062,71.351423,4.180431,3.806890,-0.005418,2.317089,0.042864,0.037903
2.434145,-76.576626,-111.886951,6.590113,6.930403,-77.428169,71.667733,4.132893,3.735591,-0.004639,2.317578,0.042378,0.037192
2.434666,-77.280934,-111.790899,6.282126,6.963600,-77.562765,71.707321,4.208237,3.941941,-0.001536,2.316987,0.041207,0.038500
2.435187,-77.761949,-111.601631,6.524161,6.992739,-78.556731,71.275467,3.739604,3.807630,-0.004346,2.307637,0.041120,0.035608
2.435708,-78.088786,-111.660797,6.590031,7.014061,-78.572240,71.345453,3.758734,3.864158,-0.002642,2.308027,0.041455,0.035964
2.436230,-78.268433,-111.877498,6.549353,7.011046,-78.718202,71.330715,3.839742,3.866245,-0.002455,2.307000,0.041439,0.036283
2.436751,-78.973295,-111.900554,6.369784,7.022398,-78.825377,71.081065,3.822008,3.770279,0.000808,2.304579,0.040597,0.035741
2.437272,-79.291547,-110.943103,6.261846,7.048000,-79.335808,71.901629,4.068597,3.564962,-0.000242,2.307078,0.040841,0.035494
2.437793,-79.642773,-111.047423,6.420086,7.094578,-78.975335,71.839965,3.805403,3.613379,0.003649,2.308918,0.040807,0.034671
2.438314,-80.003311,-111.478002,6.415427,7.033577,-79.563723,72.334510,3.962031,3.605782,0.002391,2.308638,0.041021,0.035071
2.438836,-80.431784,-111.067200,6.626856,6.903950,-79.314576,72.281001,4.016112,3.352043,0.006093,2.309831,0.042262,0.034184
2.439357,-80.495515,-111.119695,6.646717,6.905512,-79.959553,72.319347,4.150662,3.765208,0.002922,2.306064,0.042718,0.036575
2.439878,-81.308084,-111.282288,6.251101,7.016609,-80.118418,72.103042,4.218985,3.620199,0.006487,2.303587,0.041124,0.036178
2.440399,-81.863943,-111.409796,6.378557,6.845503,-81.124763,72.284171,3.999757,3.431426,0.004024,2.298631,0.040986,0.033995
2.440921,-82.075241,-111.466198,6.510135,6.916545,-81.304718,72.501752,4.065862,3.302799,0.004188,2.299023,0.041721,0.033602
2.441442,-82.467924,-111.264921,6.499266,7.055832,-81.263679,71.981371,3.888518,3.493642,0.006572,2.295697,0.041330,0.033829
2.441963,-82.625286,-111.284104,6.599735,6.953385,-81.307849,71.767074,4.068963,3.554017,0.007197,2.293948,0.042355,0.034930
2.442484,-82.711187,-111.235739,6.547837,6.952380,-81.579848,71.661297,4.196356,3.604684,0.006186,2.291560,0.042521,0.035673
2.443006,-83.391617,-111.465571,6.230437,6.936218,-82.190411,71.600891,4.272391,3.697838,0.006561,2.287447,0.041266,0.036292
2.443527,-83.475466,-111.343769,6.212699,6.877689,-82.541984,71.763642,4.034418,3.603483,0.005098,2.286457,0.040455,0.034697
2.444048,-83.475466,-111.343769,6.212699,6.877689,-83.267176,72.197856,4.005993,3.785651,0.001135,2.285113,0.040276,0.035222
2.444569,-84.143782,-111.226117,6.595461,7.023990,-83.124635,72.103639,4.047880,3.841139,0.005559,2.285315,0.042211,0.035726
2.445090,-84.335221,-111.145135,6.555937,6.927067,-83.133510,72.297070,3.942516,3.690559,0.006551,2.286588,0.041702,0.034501
2.445612,-84.400137,-111.198088,6.577666,6.928542,-83.465713,72.074565,4.071967,3.556251,0.005099,2.283089,0.042210,0.034324
2.446133,-84.663755,-111.197232,6.545862,6.912997,-84.363732,71.883433,3.891858,3.651817,0.001639,2.276488,0.041596,0.033876
2.446654,-84.663755,-111.197232,6.545862,6.912997,-84.885228,72.269895,3.846605,3.754231,-0.001207,2.276093,0.041383,0.034026
2.447175,-85.214011,-111.032905,6.222516,7.059546,-84.816725,72.555846,3.885878,3.629191,0.002164,2.278442,0.039960,0.033506
2.447697,-85.290129,-111.073507,6.261846,7.048000,-84.678178,72.780657,3.850814,3.506283,0.003328,2.280778,0.039983,0.032749
2.448218,-85.569145,-112.133202,6.472438,6.986463,-85.459612,71.258893,4.017648,3.661642,0.000597,2.265828,0.041539,0.034256
2.448739,-85.658333,-112.133139,6.448150,7.017061,-85.471744,71.936884,4.062678,3.610645,0.001014,2.270420,0.041404,0.034056
2.449260,-85.844438,-112.151637,6.583099,6.974306,-85.846042,71.390478,4.152466,3.691476,-0.000009,2.264517,0.042406,0.034810
2.449782,-86.168970,-112.283867,6.561837,7.038774,-86.759861,70.866256,3.784423,3.694533,-0.003226,2.255703,0.041359,0.033303
2.450303,-86.087746,-112.401547,6.550415,6.983094,-86.428091,71.178640,3.954349,3.891735,-0.001854,2.259738,0.041679,0.034986
2.450824,-86.283157,-112.153738,6.588660,6.917171,-86.774034,71.331378,3.819815,4.037016,-0.002675,2.258830,0.041507,0.035172
2.451345,-86.344077,-112.430220,6.619561,6.913571,-87.238570,71.023129,3.991799,3.575466,-0.004876,2.254091,0.042136,0.033308
2.451866,-86.481834,-111.566839,6.561831,6.983457,-87.204258,71.922085,3.950183,3.745081,-0.003937,2.260450,0.041741,0.033878
2.452388,-86.643749,-111.400155,6.517376,7.041757,-87.833614,71.517703,4.102024,3.657936,-0.006505,2.254160,0.042099,0.033912
2.452909,-86.643749,-111.400155,6.517376,7.041757,-87.660434,71.767182,4.124225,3.527900,-0.005551,2.256833,0.042107,0.033352
2.453430,-86.982075,-111.150616,6.325131,7.015658,-88.663362,72.000675,3.765412,3.605339,-0.009180,2.252853,0.040190,0.032130
2.453951,-87.359774,-111.509373,6.240431,6.957044,-88.862410,71.773728,3.837941,3.699995,-0.008198,2.250212,0.039971,0.032873
2.454473,-87.123543,-111.374145,6.381999,6.973971,-88.597052,71.731046,4.028448,3.653674,-0.008047,2.251383,0.041216,0.033392
2.454994,-87.258140,-111.472784,6.210745,7.211949,-88.856485,71.818810,3.828652,3.735760,-0.008720,2.250551,0.039804,0.033021
2.455515,-87.258140,-111.472784,6.210745,7.211949,-89.095733,71.875283,3.993870,3.736738,-0.010022,2.249621,0.040272,0.033546
2.456036,-87.485803,-111.392442,6.299593,6.918075,-89.622172,72.082412,4.153921,3.585200,-0.011643,2.248149,0.041125,0.033202
2.456557,-87.771887,-111.158005,6.595580,6.962829,-89.710353,71.694605,4.223795,3.721524,-0.010601,2.245036,0.042831,0.034178
2.457079,-87.922577,-111.357287,6.546390,6.864391,-89.937237,71.820478,4.240312,3.615039,-0.010998,2.244660,0.042577,0.033629
2.457600,-87.827369,-111.402764,6.478770,6.866462,-90.014571,71.860613,4.194748,3.648435,-0.011934,2.244513,0.042112,0.033602
2.458121,-87.976161,-111.424857,6.553875,6.882354,-90.039075,71.889366,4.248159,3.653804,-0.011253,2.244576,0.042603,0.033814
2.458642,-87.923475,-111.440163,6.465196,6.877468,-90.861938,71.730260,3.837941,3.699995,-0.016041,2.239066,0.041042,0.032424
2.459164,-87.878300,-111.527943,6.462504,6.928295,-91.002059,71.927438,3.822512,3.607144,-0.017026,2.239652,0.040922,0.031824
2.459685,-87.910347,-111.569999,6.451294,6.907722,-90.461687,71.723085,4.060361,3.796567,-0.013919,2.241166,0.041584,0.033787
2.460206,-87.919577,-111.619510,6.460282,6.873587,-91.166451,71.483528,3.886389,3.685353,-0.017731,2.235766,0.041169,0.032483
2.460727,-87.919577,-111.619510,6.460282,6.873587,-90.835206,71.996874,3.794669,3.648303,-0.015878,2.241015,0.040799,0.031969
2.461249,-88.120762,-111.403501,6.508677,7.000931,-90.656977,72.094142,4.323278,3.775816,-0.013821,2.242629,0.042578,0.034506
2.461770,-88.128217,-111.375319,6.557408,6.869227,-91.325713,72.298699,4.002335,3.757071,-0.017407,2.240430,0.041820,0.033082
2.462291,-88.368139,-111.397640,6.552348,6.905636,-91.264879,72.372448,4.027011,3.800825,-0.015762,2.241250,0.041846,0.033394
2.462812,-88.368139,-111.397640,6.552348,6.905636,-91.130052,71.977338,3.938777,3.958268,-0.015060,2.239306,0.041687,0.034021
2.463333,-88.368139,-111.397640,6.552348,6.905636,-91.108345,71.922398,3.866495,3.982953,-0.014947,2.239050,0.041498,0.033932
2.463855,-88.368139,-111.397640,6.552348,6.905636,-90.931630,72.055768,4.459868,3.882726,-0.013973,2.240896,0.043201,0.035468
2.464376,-88.452500,-111.357975,6.614544,6.914080,-91.607989,71.801447,4.275790,3.788172,-0.017226,2.235575,0.042996,0.034201
2.464897,-88.452500,-111.357975,6.614544,6.914080,-91.754886,71.976420,4.253149,3.707336,-0.018011,2.235979,0.042887,0.033650
2.465418,-88.471430,-111.255322,6.633252,6.833420,-91.757299,71.808790,4.149463,3.758304,-0.017947,2.234834,0.042733,0.033570
2.465940,-88.471430,-111.255322,6.633252,6.833420,-91.681061,71.987757,4.205493,4.038005,-0.017514,2.236446,0.042855,0.035196
2.466461,-88.488067,-111.301830,6.628343,6.863391,-91.736287,71.964714,4.137659,4.052613,-0.017722,2.235998,0.042630,0.035038
2.466982,-88.488067,-111.301830,6.628343,6.863391,-91.661250,71.782886,4.173595,4.018769,-0.017330,2.235167,0.042777,0.035030
2.467503,-88.488067,-111.301830,6.628343,6.863391,-91.722790,72.066868,4.182048,4.078374,-0.017639,2.236759,0.042735,0.035305
2.468025,-88.383993,-112.261893,6.675919,6.854117,-91.637860,71.130275,4.213423,4.107014,-0.017741,2.230862,0.043040,0.035752
2.468546,-88.405727,-111.262129,6.675919,6.854117,-91.731392,71.988481,4.198921,4.021618,-0.018146,2.236184,0.043030,0.035076
2.469067,-88.488067,-111.301830,6.628343,6.863391,-91.755062,72.196307,4.168265,3.670544,-0.017802,2.237460,0.042664,0.033133
2.469588,-88.488067,-111.301830,6.628343,6.863391,-91.528328,72.407432,4.208139,3.783249,-0.016548,2.240083,0.042732,0.033865
2.470109,-88.405727,-111.262129,6.675919,6.854117,-91.464452,72.545400,4.162102,3.875661,-0.016639,2.241349,0.042795,0.034167
2.470631,-88.473415,-111.204546,6.609516,6.931895,-91.249653,72.533051,4.194970,3.873631,-0.015109,2.242411,0.042602,0.034325
2.471152,-88.513354,-111.404723,6.614698,6.942600,-91.078997,72.251755,4.116738,3.919796,-0.013969,2.241430,0.042418,0.034381
2.471673,-88.488067,-111.301830,6.628343,6.863391,-91.073585,72.336915,3.979998,4.021711,-0.014078,2.242033,0.042097,0.034440
2.472194,-88.533057,-111.393733,6.627758,6.805567,-90.463029,72.130074,4.307644,3.784120,-0.010516,2.243915,0.043069,0.034536
2.472716,-88.533057,-111.393733,6.627758,6.805567,-90.374196,71.686089,4.148586,4.128053,-0.010056,2.241386,0.042706,0.035855
2.473237,-88.533057,-111.393733,6.627758,6.805567,-90.169931,72.024819,4.112494,3.939936,-0.008924,2.244785,0.042524,0.034730
2.473758,-88.533057,-111.393733,6.627758,6.805567,-90.138728,71.953514,4.263848,3.890194,-0.008757,2.244471,0.042981,0.035026
2.474279,-88.488067,-111.301830,6.628343,6.863391,-90.277457,72.127769,4.062431,4.079939,-0.009755,2.244901,0.042381,0.035249
2.474801,-88.488067,-111.301830,6.628343,6.863391,-89.802627,71.751588,4.265946,3.861033,-0.007181,2.244922,0.043060,0.035004
2.475322,-88.471430,-111.255322,6.633252,6.833420,-89.823031,71.751144,4.267812,3.861073,-0.007385,2.244809,0.043099,0.035006
2.475843,-88.471430,-111.255322,6.633252,6.833420,-89.508693,71.525985,4.131139,3.847706,-0.005675,2.244985,0.042753,0.034567
2.476364,-88.388908,-111.215818,6.680694,6.824023,-89.705251,71.730125,4.182284,3.917859,-0.007195,2.245306,0.043082,0.035027
2.476885,-88.388908,-111.215818,6.680694,6.824023,-88.886415,71.599885,4.587352,3.979762,-0.002721,2.248895,0.044329,0.037054
2.477407,-88.370724,-111.318007,6.661733,6.904856,-88.507475,72.068642,4.103810,3.883703,-0.000746,2.254176,0.042666,0.034808
2.477928,-88.143717,-111.381523,6.507351,6.926568,-88.856218,71.661209,3.827695,3.932235,-0.003893,2.249479,0.041245,0.034089
2.478449,-88.191697,-111.233269,6.578014,6.820490,-88.100840,71.684466,4.213613,3.872129,0.000497,2.253814,0.042707,0.035320
2.478970,-88.210135,-111.257106,6.568636,6.926496,-88.337588,71.804293,3.962702,3.984979,-0.000696,2.253317,0.041906,0.034928
2.479492,-87.991996,-111.449288,6.467733,6.866437,-87.756066,72.322871,4.265089,3.689032,0.001284,2.260082,0.042158,0.034579
2.480013,-87.991996,-111.449288,6.467733,6.866437,-87.481396,72.607512,4.111552,3.493638,0.002774,2.263550,0.041639,0.033055
2.480534,-87.695882,-111.531791,6.234907,6.902837,-86.938635,72.500770,3.952679,3.637653,0.004115,2.265887,0.040114,0.033304
2.481055,-87.514594,-111.282385,6.298627,7.026156,-86.164290,72.631107,4.265284,3.604316,0.007342,2.271176,0.041360,0.034541
2.481577,-87.346470,-111.381659,6.230221,7.010374,-86.827491,72.324716,3.766004,3.562416,0.002825,2.265320,0.039628,0.032275
2.482098,-87.306667,-111.412692,6.251101,7.016609,-86.097501,72.395873,4.121266,3.715458,0.006578,2.269960,0.040734,0.034569
2.482619,-86.904291,-111.336008,6.271758,6.982181,-86.097501,72.395873,4.121266,3.715458,0.004391,2.269960,0.040845,0.034569
2.483140,-86.419540,-111.353539,6.545377,6.965866,-86.273931,72.077703,4.160076,3.849672,0.000794,2.266783,0.042280,0.035405
2.483661,-86.419540,-111.353539,6.545377,6.965866,-85.727110,72.211224,4.152767,3.623673,0.003772,2.270825,0.042228,0.034367
2.484183,-86.311113,-111.209884,6.606106,6.876903,-85.527170,72.805829,4.193245,3.775039,0.004260,2.276021,0.042521,0.035222
2.484704,-86.230242,-111.163163,6.570733,7.023204,-85.083660,72.602975,3.891738,3.895613,0.006239,2.277210,0.041556,0.034814
2.485225,-85.973129,-111.109536,6.458519,6.912251,-84.325697,72.396676,4.134723,3.732852,0.008977,2.280225,0.041788,0.035167
2.485746,-85.515067,-111.238917,6.298627,7.026156,-84.667678,72.619425,3.769793,3.960644,0.004609,2.279743,0.039925,0.034792
2.486268,-85.250647,-111.136597,6.201859,7.047394,-84.587540,72.319148,3.803430,3.783798,0.003615,2.278164,0.039656,0.034075
2.486789,-84.981881,-111.137793,6.325031,7.011059,-84.189548,72.068297,4.137409,3.519811,0.004325,2.278777,0.041254,0.034228
2.487310,-84.499569,-111.220462,6.596146,7.010674,-83.953513,72.310948,4.221781,3.638798,0.002975,2.281826,0.042671,0.035178
2.487831,-84.403311,-111.467109,6.516473,7.089488,-83.708142,72.134254,4.148484,3.571112,0.003786,2.282064,0.042074,0.034641
2.488353,-84.211080,-111.170170,6.568636,6.926496,-82.972851,72.479593,3.762866,3.880421,0.006742,2.288795,0.041219,0.034764
2.488874,-83.950057,-111.356798,6.439262,6.878276,-83.094817,71.844063,3.843750,4.018549,0.004668,2.283708,0.040934,0.035911
2.489395,-83.484421,-111.364357,6.273700,6.963319,-82.068870,72.306217,4.220809,3.810734,0.007707,2.293039,0.041167,0.036526
2.489916,-83.210271,-111.184611,6.196445,7.099683,-81.813520,72.439451,4.102257,3.726281,0.007606,2.295498,0.040469,0.035653
2.490437,-82.514772,-111.274319,6.614698,6.942600,-82.344428,72.435640,3.988019,3.742985,0.000927,2.292263,0.042044,0.035122
2.490959,-82.377182,-111.115991,6.562836,6.856383,-81.674475,72.165731,3.987171,3.823424,0.003834,2.294464,0.041897,0.035747
2.491480,-82.162521,-111.339783,6.467725,7.104740,-82.116443,72.227555,4.147404,3.600606,0.000251,2.292212,0.041855,0.035192
2.492001,-81.487641,-111.052104,6.383425,7.009875,-82.593317,71.784984,3.764415,3.774332,-0.006047,2.286297,0.040531,0.034452
2.492522,-81.165839,-111.055581,6.195543,7.060123,-81.829607,72.354357,4.142422,3.647842,-0.003619,2.294817,0.040634,0.035454
2.493044,-80.773351,-111.128618,6.457837,6.972666,-81.096882,72.388537,3.743089,3.464929,-0.001763,2.299518,0.040673,0.033034
2.493565,-80.280471,-111.025006,6.502350,7.004277,-80.629696,72.427569,4.014595,3.522396,-0.001904,2.302657,0.041656,0.034601
2.494086,-79.594151,-110.826576,6.248421,7.099355,-80.539603,73.022677,4.059130,3.831180,-0.005142,2.307283,0.040528,0.036202
2.494607,-79.291957,-110.974009,6.180827,7.040167,-80.370938,72.433676,3.996716,3.724149,-0.005883,2.304297,0.040131,0.035572
2.495129,-78.908625,-110.748509,6.388948,6.876089,-80.588485,72.406084,3.803430,3.783798,-0.009172,2.302764,0.040595,0.035007
2.495650,-78.212319,-111.053044,6.530811,7.087157,-80.267118,72.291034,4.179166,3.784849,-0.011207,2.303960,0.042287,0.036717
2.496171,-78.062190,-110.977348,6.486078,6.930687,-80.107186,72.447052,4.141213,3.658409,-0.011149,2.306024,0.041951,0.035952
2.496692,-77.516625,-110.729080,6.291895,7.099373,-79.911825,72.459265,4.182174,3.665642,-0.013074,2.307323,0.041239,0.036221
2.497213,-77.211609,-110.679877,6.201575,6.875307,-79.906095,72.498220,4.172524,3.693864,-0.014709,2.307626,0.040801,0.036307
2.497735,-76.343629,-110.864498,6.486132,6.974825,-79.755535,72.297356,4.145426,3.602488,-0.018626,2.307184,0.042020,0.035829
2.498256,-76.040215,-111.000893,6.386952,6.919856,-79.683523,72.625805,4.160803,3.536758,-0.019838,2.309890,0.041504,0.035548
2.498777,-75.492310,-110.679000,6.244914,7.150495,-79.439605,72.711126,4.111421,3.594199,-0.021521,2.312001,0.040762,0.035645
2.499298,-75.248558,-110.774348,6.236916,6.924942,-79.226020,72.628885,3.998714,3.809896,-0.021684,2.312778,0.040388,0.036261
2.499820,-74.448647,-110.662385,6.453665,6.886023,-78.103335,72.629461,4.260914,3.720372,-0.019937,2.319895,0.042183,0.037318
2.500341,-74.149862,-110.787230,6.543653,6.974475,-78.493742,72.594513,4.116683,3.778819,-0.023683,2.317169,0.042146,0.036834
2.500862,-73.550693,-110.703616,6.301300,7.112664,-78.027279,72.550877,4.247272,3.691946,-0.024423,2.319841,0.041456,0.037159
2.501383,-72.652044,-110.666639,6.482876,6.834662,-78.073511,72.307489,4.241860,3.532285,-0.029621,2.317871,0.042322,0.036425
2.501905,-72.476460,-110.808595,6.402346,7.062536,-77.985401,72.535277,4.220055,3.694052,-0.030038,2.320002,0.041806,0.037057
2.502426,-72.051900,-110.748637,6.466419,6.997816,-77.948502,72.519389,4.201511,3.696297,-0.032164,2.320129,0.042057,0.036995
2.502947,-71.360818,-110.741766,6.237365,6.768307,-77.954430,72.480524,4.211122,3.668024,-0.035971,2.319823,0.041050,0.036913
2.503468,-71.166317,-110.544394,6.174939,7.002569,-77.954430,72.480524,4.211122,3.668024,-0.037071,2.319823,0.040812,0.036913
2.503989,-70.466130,-110.650725,6.421298,6.963939,-77.966482,72.401507,4.229176,3.608482,-0.040951,2.319202,0.041970,0.036731
2.504511,-69.849999,-110.760935,6.300073,7.027556,-77.993000,72.311544,4.195089,3.530545,-0.044450,2.318413,0.041307,0.036218
2.505032,-69.334080,-110.666688,6.194127,7.095981,-77.838533,72.461983,4.218932,3.669801,-0.046406,2.320438,0.040886,0.036995
2.505553,-68.535688,-110.578334,6.370678,7.011012,-77.614964,72.780323,4.228140,3.602102,-0.049476,2.324059,0.041652,0.036725
2.506074,-68.265160,-110.556071,6.512849,7.027828,-77.692531,72.787113,4.205162,3.565728,-0.051374,2.323607,0.042230,0.036424
2.506596,-68.065837,-110.440473,6.487131,6.917575,-77.647351,72.806140,4.172289,3.566605,-0.052240,2.324028,0.042035,0.036281
2.507117,-67.452023,-110.310273,6.243544,6.949232,-77.589387,72.721543,4.211154,3.547452,-0.055329,2.323821,0.041087,0.036411
2.507638,-66.537388,-110.622239,6.467421,7.109759,-77.446929,72.736616,4.174820,3.578932,-0.059428,2.324841,0.041913,0.036421
2.508159,-66.298928,-110.390435,6.459021,7.003153,-77.316736,72.668240,4.264609,3.752735,-0.060115,2.325211,0.042209,0.037707
2.508681,-65.788417,-110.330860,6.307823,6.931839,-76.875547,72.595592,3.967258,3.782361,-0.060536,2.327568,0.040671,0.036607
2.509202,-65.446013,-110.478405,6.129944,6.873273,-76.552053,72.587532,4.198636,3.687872,-0.060593,2.329618,0.040520,0.037328
2.509723,-64.688741,-110.301908,6.471221,6.841523,-77.143736,72.416916,4.076572,3.626156,-0.068060,2.324600,0.041763,0.036327
2.510244,-64.450843,-110.452677,6.380686,6.998391,-77.222978,72.503466,4.092414,3.661699,-0.069697,2.324684,0.041340,0.036530
2.510765,-64.041554,-110.246111,6.491219,6.820964,-77.222978,72.503466,4.092414,3.661699,-0.072004,2.324684,0.041883,0.036530
2.511287,-63.368475,-110.085156,6.236759,7.030048,-76.949094,72.463348,3.877660,3.685163,-0.074258,2.326181,0.040138,0.035733
2.511808,-63.285880,-109.968083,6.199009,7.113075,-76.820606,72.537296,3.835427,3.758191,-0.074025,2.327524,0.039856,0.035917
2.512329,-62.471821,-110.301990,6.441945,6.912611,-76.594076,72.556844,4.386284,3.649751,-0.077077,2.329133,0.042494,0.038055
2.512850,-62.291170,-110.175164,6.446447,7.055690,-76.971244,72.484720,4.103021,3.694115,-0.080196,2.326184,0.041711,0.036808
2.513372,-61.870329,-109.888797,6.528198,6.958091,-76.647785,72.480760,4.327151,3.599574,-0.080854,2.328259,0.042806,0.037536
2.513893,-61.261236,-110.350685,6.164731,7.283837,-76.525568,72.626368,4.166897,3.718468,-0.083229,2.330058,0.040554,0.037320
2.514414,-60.900362,-110.161339,6.338554,7.046986,-76.388277,72.485962,4.000909,3.683500,-0.084594,2.329988,0.040910,0.036438
2.514935,-60.480703,-110.309984,6.523448,6.993101,-76.310418,72.532124,3.953561,3.679248,-0.086361,2.330815,0.041575,0.036207
2.515457,-60.277226,-109.979618,6.481904,6.821292,-76.710778,72.597550,3.711878,3.798804,-0.089767,2.328653,0.040762,0.035581
2.515978,-60.190825,-109.910117,6.505727,6.885198,-76.624213,72.330735,3.735911,3.640120,-0.089931,2.327378,0.041012,0.034977
2.516499,-59.880269,-109.850121,6.508468,6.924363,-76.303819,72.443243,3.968061,3.663427,-0.089851,2.330246,0.041656,0.036220
2.517020,-59.758305,-109.850375,6.540263,6.995775,-76.666196,72.261483,3.765412,3.605339,-0.092578,2.326627,0.041278,0.034944
2.517541,-58.990437,-110.109050,6.277491,7.070844,-75.809534,72.625536,4.197100,3.683516,-0.091783,2.334747,0.041170,0.037507
2.518063,-58.530782,-110.138371,6.449035,7.045348,-76.018020,72.524708,4.071755,3.689395,-0.095444,2.332682,0.041580,0.036894
2.518584,-58.281856,-110.035461,6.438399,7.095694,-76.107063,72.382599,4.080324,3.771033,-0.097407,2.331117,0.041610,0.037332
2.519105,-58.240693,-109.695159,6.453688,6.980636,-76.115318,72.301692,4.099694,3.711043,-0.097900,2.330505,0.041823,0.037152
2.519626,-58.073703,-109.677736,6.447910,6.973454,-76.177772,72.335004,4.117049,3.778343,-0.099140,2.330325,0.041840,0.037531
2.520148,-57.740822,-109.508822,6.400929,7.070079,-76.108406,72.342429,4.090602,3.741565,-0.100662,2.330831,0.041584,0.037247
2.520669,-57.780581,-109.609033,6.403991,7.002322,-76.115318,72.301692,4.099694,3.711043,-0.100451,2.330505,0.041607,0.037152
2.521190,-57.709047,-109.820596,6.467023,6.923723,-76.163198,72.223729,4.092233,3.657066,-0.101027,2.329652,0.041835,0.036863
2.521711,-57.706904,-109.674790,6.435962,7.020358,-76.200805,72.144241,4.095238,3.599500,-0.101367,2.328856,0.041756,0.036611
2.522232,-57.340753,-109.974221,6.640143,7.032670,-75.922988,72.367723,4.231240,3.680872,-0.101558,2.332224,0.042962,0.037683
2.522754,-56.773390,-109.859726,6.630654,7.046419,-75.911861,72.407340,4.223837,3.710555,-0.104619,2.332571,0.042903,0.037780
2.523275,-56.712520,-109.937616,6.357722,7.126169,-76.163198,72.223729,4.092233,3.657066,-0.106374,2.329652,0.041300,0.036863
2.523796,-56.554203,-109.964341,6.472370,7.040898,-75.911861,72.407340,4.223837,3.710555,-0.105748,2.332571,0.042156,0.037780
2.524317,-56.411433,-109.747648,6.538059,6.911362,-76.161526,72.265235,4.081861,3.689539,-0.108086,2.329950,0.042108,0.036959
2.524839,-56.400730,-109.695989,6.529977,6.950502,-75.922988,72.367723,4.231240,3.680872,-0.106819,2.332224,0.042499,0.037683
2.525360,-56.358522,-109.768975,6.528452,6.954803,-75.731162,72.545848,4.244243,3.660318,-0.105862,2.334716,0.042476,0.037670
2.525881,-56.350011,-109.698335,6.558840,6.841491,-75.895478,72.446648,4.219944,3.739336,-0.106898,2.332950,0.042574,0.037892
2.526402,-56.262279,-109.735492,6.492003,6.822630,-75.895478,72.446648,4.219944,3.739336,-0.107353,2.332950,0.042259,0.037892
2.526924,-56.249291,-109.629162,6.511470,6.738553,-75.911861,72.407340,4.223837,3.710555,-0.107597,2.332571,0.042386,0.037780
2.527445,-56.405933,-109.711890,6.578182,6.811949,-75.869834,72.423240,4.195063,3.714031,-0.106461,2.332957,0.042591,0.037666
2.527966,-56.238883,-109.576369,6.502904,6.779691,-75.889824,72.523430,4.199984,3.793862,-0.107497,2.333516,0.042268,0.038038
2.528487,-56.238883,-109.576369,6.502904,6.779691,-75.646588,72.810730,4.183356,3.538412,-0.106011,2.337095,0.042152,0.036783
2.529008,-56.360684,-109.750789,6.567190,6.800647,-75.708975,72.763885,4.200922,3.945296,-0.105615,2.336361,0.042480,0.038760
2.529530,-56.262279,-109.735492,6.492003,6.822630,-75.573872,72.918688,4.154407,3.867641,-0.105336,2.338315,0.041971,0.038170
2.530051,-56.251901,-109.682696,6.483580,6.863446,-75.394094,72.875062,4.058252,3.881338,-0.104474,2.339207,0.041684,0.037840
2.530572,-56.279367,-109.642532,6.472208,6.881578,-75.382446,72.929258,4.136799,3.661649,-0.104254,2.339655,0.041851,0.037170
2.531093,-56.423561,-110.912981,6.561967,6.878704,-75.708758,71.712973,4.155597,3.487159,-0.105210,2.329097,0.042292,0.036611
2.531615,-56.412732,-110.860704,6.553930,6.919412,-75.633952,71.749491,4.115638,3.541470,-0.104872,2.329844,0.042149,0.036682
2.532136,-56.517823,-111.057385,6.492281,6.981557,-75.626089,71.849844,4.172289,3.566605,-0.104092,2.330594,0.041972,0.037059
2.532657,-56.913778,-110.256175,6.377036,7.069246,-75.550667,72.954652,4.211193,3.627581,-0.101375,2.338715,0.041515,0.037325
2.533178,-57.314330,-109.917124,6.657225,6.908339,-75.574549,72.804076,4.205734,3.575853,-0.099604,2.337525,0.042877,0.037087
2.533700,-57.470909,-109.872719,6.586530,6.995930,-75.505870,72.800743,4.173882,3.598901,-0.098409,2.337956,0.042484,0.037055
2.534221,-57.811986,-109.820371,6.551313,6.899914,-75.576543,72.743665,4.140612,3.579337,-0.097001,2.337097,0.042253,0.036793
2.534742,-57.966675,-109.893843,6.629034,6.876189,-75.644353,72.707897,4.183098,3.526554,-0.096509,2.336403,0.042722,0.036750
2.535263,-58.043462,-109.809450,6.638586,6.699165,-75.505870,72.800743,4.173882,3.598901,-0.095337,2.337956,0.042736,0.037055
2.535784,-58.173518,-109.845288,6.555456,6.875032,-75.574067,72.279657,4.212440,3.875552,-0.095253,2.333917,0.042596,0.038633
2.536306,-58.489608,-110.051596,6.561273,6.816402,-75.273628,72.581623,4.130615,3.725380,-0.091643,2.337989,0.042275,0.037544
2.536827,-58.767147,-110.133119,6.511971,6.856137,-75.425019,72.645004,4.214633,3.718473,-0.090886,2.337422,0.042265,0.037863
2.537348,-58.985030,-109.877970,6.636319,6.766947,-75.417942,72.701850,4.134594,3.553793,-0.089762,2.337859,0.042645,0.036700
2.537869,-59.659944,-109.985641,6.380209,6.932926,-75.513546,72.844315,4.077933,3.585205,-0.086496,2.338205,0.041271,0.036509
2.538391,-60.203068,-109.837872,6.558334,6.679774,-75.631591,72.732775,4.089114,3.530247,-0.084307,2.336658,0.042176,0.036301
2.538912,-60.252864,-110.033095,6.530466,6.814901,-75.287015,72.626241,3.783129,3.490319,-0.082122,2.338208,0.041183,0.034743
2.539433,-60.424000,-110.246960,6.514475,6.934922,-75.924974,72.404396,4.153293,3.721146,-0.084664,2.332464,0.042152,0.037487
2.539954,-60.519000,-110.258760,6.585070,6.912226,-75.794095,72.418173,4.174558,3.735829,-0.083424,2.333421,0.042535,0.037693
2.540476,-61.346238,-109.909246,6.168936,6.743082,-75.966929,72.388513,4.182172,3.717543,-0.080031,2.332079,0.040761,0.037600
2.540997,-61.421861,-110.331624,6.184381,6.891398,-75.854993,72.340692,4.110093,3.702016,-0.078847,2.332485,0.040537,0.037223
2.541518,-62.037360,-110.274928,6.541960,6.825137,-75.770579,72.342163,4.140118,3.733845,-0.075061,2.333051,0.042276,0.037541
2.542039,-62.468160,-110.387202,6.513472,6.870073,-75.757328,72.558740,4.130292,3.420590,-0.072513,2.334632,0.042046,0.036004
2.542560,-62.912985,-110.430551,6.362891,6.911409,-75.898030,72.324898,4.140713,3.698190,-0.070932,2.332093,0.041442,0.037343
2.543082,-63.209331,-110.274594,6.180516,6.942584,-75.883687,72.196600,4.083462,3.637531,-0.069348,2.331300,0.040510,0.036813
2.543603,-63.614549,-110.570235,6.280508,7.073783,-75.886857,72.365403,4.133443,3.728572,-0.066985,2.332446,0.041020,0.037446
2.544124,-64.170877,-110.398613,6.528193,7.007848,-75.830292,72.628599,4.045164,3.525379,-0.063617,2.334632,0.041879,0.036028
2.544645,-64.423056,-110.333896,6.514475,6.934922,-75.830292,72.628599,4.045164,3.525379,-0.062267,2.334632,0.041833,0.036028
2.545167,-64.912512,-110.474019,6.362891,6.911409,-75.843976,72.449883,4.238407,3.662058,-0.059689,2.333311,0.041724,0.037636
2.545688,-65.357563,-110.632258,6.297024,6.937292,-75.917624,72.650516,4.101215,3.513269,-0.057553,2.334207,0.040938,0.036217
2.546209,-65.901639,-110.793997,6.417294,7.006648,-75.682242,72.588201,4.173428,3.615959,-0.053284,2.335330,0.041688,0.037124
2.546730,-66.139960,-110.625962,6.522392,6.978095,-76.178291,72.252491,4.003360,3.838666,-0.054836,2.329752,0.041790,0.037312
2.547252,-66.507765,-110.621595,6.578903,6.940241,-76.496931,72.512892,4.108569,3.794880,-0.054492,2.329464,0.042293,0.037441
2.547773,-66.985211,-110.618871,6.327591,6.906077,-76.637682,72.416726,4.182428,3.811456,-0.052687,2.327884,0.041387,0.037849
2.548294,-67.370906,-110.753564,6.220055,7.028241,-76.987528,72.434904,3.961239,3.902294,-0.052448,2.325736,0.040210,0.037179
2.548815,-67.906204,-110.599247,6.494752,7.014569,-77.066112,72.279521,3.987014,3.974210,-0.050045,2.324155,0.041626,0.037671
2.549336,-68.328591,-110.705633,6.557128,6.966124,-77.029488,72.424111,3.992078,3.894853,-0.047476,2.325389,0.041876,0.037272
2.549858,-68.799464,-111.598453,6.422169,6.901918,-77.048673,71.270052,4.102951,3.790355,-0.045079,2.317253,0.041635,0.037516
2.550379,-69.168674,-110.794773,6.195543,7.060123,-77.070407,72.269816,4.102951,3.790355,-0.043137,2.324060,0.040560,0.037289
2.550900,-69.917863,-110.652718,6.528975,7.045364,-77.526637,72.149819,4.172408,3.816281,-0.041599,2.320287,0.042352,0.037633
2.551421,-70.155878,-110.517525,6.557500,7.065582,-77.593622,72.226011,4.070223,3.806600,-0.040678,2.320383,0.042202,0.037084
2.551943,-70.625954,-110.715991,6.514323,6.943302,-77.772244,72.397033,4.140564,3.754345,-0.039007,2.320415,0.042123,0.037066
2.552464,-71.207759,-110.806080,6.175021,7.053006,-77.814497,72.272358,4.214963,3.812629,-0.036071,2.319285,0.040815,0.037702
2.552985,-71.337182,-110.643623,6.240844,6.899204,-77.901232,72.583579,3.957960,3.685659,-0.035809,2.320872,0.040310,0.035826
2.553506,-72.125351,-110.603125,6.503034,6.900509,-78.319602,72.474813,3.803383,3.702347,-0.033821,2.317454,0.041128,0.035136
2.554028,-72.315214,-110.652723,6.606258,7.005356,-78.179565,72.167907,4.013419,3.808556,-0.032066,2.316231,0.042261,0.036694
2.554549,-72.631316,-110.997910,6.499509,7.108864,-78.478251,72.158577,4.170924,3.863783,-0.031912,2.314266,0.042145,0.037589
2.555070,-73.208546,-110.788838,6.201263,7.005649,-78.743808,72.244168,3.849839,3.877030,-0.030233,2.313174,0.039864,0.036164
2.555591,-73.813334,-111.020067,6.495758,6.981738,-78.625560,72.467358,3.821867,3.781086,-0.026220,2.315459,0.041062,0.035537
2.556112,-73.947592,-110.945541,6.540427,6.971467,-78.759160,72.570557,3.768260,3.759681,-0.026213,2.315322,0.041119,0.035143
2.556634,-74.283384,-110.805448,6.591116,6.914468,-79.578372,72.316906,4.176226,3.881584,-0.028907,2.308425,0.042593,0.037362
2.557155,-74.564620,-110.931708,6.579071,6.982915,-79.453493,72.291531,4.239896,3.921498,-0.026676,2.309032,0.042704,0.037878
2.557676,-75.378260,-111.073175,6.300408,7.066303,-79.696748,72.168266,4.099575,3.812503,-0.023563,2.306662,0.041011,0.036687
2.558197,-75.477592,-111.052515,6.319759,7.032714,-79.648084,72.387557,4.188148,3.802687,-0.022731,2.308475,0.041320,0.036995
2.558719,-75.947120,-110.989009,6.540427,6.971467,-80.111196,72.161530,4.005641,3.732469,-0.022732,2.304035,0.041866,0.035775
2.559240,-76.234062,-110.890282,6.585283,6.829505,-80.037440,72.254430,4.218943,3.725524,-0.020764,2.305133,0.042694,0.036676
2.559761,-76.649584,-110.925484,6.527702,6.980819,-80.118418,72.103042,4.218985,3.620199,-0.018950,2.303587,0.042458,0.036178
2.560282,-77.207601,-110.875774,6.201263,7.005649,-80.754203,72.157998,3.856847,3.846742,-0.019374,2.300037,0.039893,0.035562
2.560804,-77.427439,-111.041073,6.235990,7.046515,-80.743335,72.200700,3.849839,3.877030,-0.018094,2.300398,0.039989,0.035682
2.561325,-77.853040,-111.076457,6.474012,6.974999,-80.885730,72.404550,4.062013,3.728295,-0.016527,2.300923,0.041649,0.035744
2.561846,-78.228122,-110.834186,6.580155,7.033941,-81.210123,72.648482,4.058972,3.746199,-0.016251,2.300606,0.042131,0.035685
2.562367,-78.344470,-110.874151,6.559002,7.060293,-81.481534,72.698205,4.072563,3.578668,-0.017087,2.299288,0.042051,0.034849
2.562888,-79.136185,-111.026041,6.236493,7.119450,-81.965511,72.258109,4.182172,3.717543,-0.015436,2.293334,0.040965,0.035944
2.563410,-79.328193,-111.046152,6.241129,7.035297,-82.036967,72.210962,4.218943,3.725524,-0.014780,2.292578,0.041104,0.036129
2.563931,-79.565897,-111.064479,6.341566,7.007351,-82.422285,72.071507,3.990981,3.764037,-0.015596,2.289296,0.040910,0.035291
2.564452,-80.052061,-111.262252,6.519881,6.855433,-81.911623,72.376531,4.192829,3.636465,-0.010126,2.294472,0.042209,0.035590
2.564973,-80.291571,-110.904572,6.572856,6.811876,-82.137732,72.567940,4.289703,3.720582,-0.010062,2.294415,0.042777,0.036314
2.565495,-80.664699,-111.110296,6.545862,6.912997,-82.590897,72.297745,4.310649,3.664079,-0.010502,2.289837,0.042731,0.036055
2.566016,-80.956377,-111.300927,6.404043,6.972067,-83.378930,72.009939,4.107934,3.785912,-0.013215,2.283160,0.041502,0.035642
2.566537,-81.327721,-111.089619,6.241129,7.035297,-83.319553,72.563485,4.074610,3.694754,-0.010845,2.287303,0.040582,0.034965
2.567058,-81.327721,-111.089619,6.241129,7.035297,-83.572597,72.494688,4.125187,3.880592,-0.012227,2.285332,0.040748,0.036042
2.567580,-81.915896,-111.249526,6.451795,6.930733,-83.691439,72.621338,4.164574,3.790834,-0.009656,2.285492,0.041762,0.035699
2.568101,-81.936161,-112.157907,6.438729,6.980446,-83.883416,71.411521,4.172524,3.693864,-0.010607,2.276055,0.041794,0.035421
2.568622,-82.269365,-111.947804,6.572856,6.811876,-83.883416,71.411521,4.172524,3.693864,-0.008802,2.276055,0.042458,0.035421
2.569143,-82.449006,-112.007175,6.509456,6.993401,-83.883416,71.411521,4.172524,3.693864,-0.007820,2.276055,0.042153,0.035421
2.569664,-83.143633,-112.098812,6.195543,7.060123,-84.034211,71.462656,4.092175,3.712782,-0.004852,2.275522,0.040449,0.035142
2.570186,-83.229385,-112.092893,6.201859,7.047394,-84.652802,71.448753,3.805174,3.838750,-0.007755,2.271809,0.039642,0.034528
2.570707,-83.327248,-111.133087,6.241129,7.035297,-84.681398,72.416273,4.219808,3.735880,-0.007377,2.278279,0.041044,0.035428
2.571228,-83.758906,-111.145070,6.405246,7.014657,-85.437753,72.489022,4.089990,3.653626,-0.009142,2.274385,0.041383,0.034292
2.571749,-83.758244,-111.175481,6.404948,7.000955,-85.423226,72.591275,4.098409,3.960606,-0.009060,2.275165,0.041377,0.035851
2.572271,-84.174942,-111.068529,6.574662,6.774206,-85.592455,72.485148,4.095684,3.677711,-0.007722,2.273467,0.042199,0.034395
2.572792,-84.210901,-111.183448,6.530811,7.087157,-85.635241,72.366620,4.091279,3.686557,-0.007760,2.272413,0.041985,0.034431
2.573313,-84.596567,-111.163013,6.509136,7.046531,-86.443391,72.624445,3.748776,3.413959,-0.010048,2.269538,0.040869,0.031499
2.573834,-84.907832,-111.128212,6.360603,7.048209,-85.721045,72.443146,4.173915,3.564791,-0.004430,2.272441,0.041443,0.034129
2.574356,-84.926255,-111.228559,6.377610,6.979700,-86.368900,72.274707,3.996983,3.736415,-0.007862,2.267585,0.041015,0.034149
2.574877,-85.026171,-111.282912,6.326678,7.066874,-85.946612,72.345517,4.201511,3.696297,-0.005012,2.270481,0.041359,0.034838
2.575398,-85.209798,-111.228079,6.196445,7.099683,-86.665724,72.310954,3.849874,3.778523,-0.007932,2.266144,0.039745,0.033737
2.575919,-85.362188,-111.324078,6.194329,7.083949,-86.795768,72.331142,3.819815,4.037016,-0.007806,2.265544,0.039624,0.034956
2.576440,-85.780210,-111.434907,6.403684,6.906916,-86.648958,72.537254,3.775804,3.943081,-0.004722,2.267777,0.040408,0.034291
2.576962,-86.096065,-111.290843,6.569034,6.888737,-86.811269,72.200164,3.844821,3.939217,-0.003898,2.264565,0.041481,0.034548
2.577483,-86.157363,-111.217739,6.555095,6.859266,-87.283162,71.618723,3.970352,3.861000,-0.006157,2.257933,0.041915,0.034590
2.578004,-86.170418,-111.330063,6.536287,6.956155,-87.585683,71.756086,4.100049,3.935242,-0.007730,2.257176,0.042142,0.035347
2.578525,-86.275256,-111.207380,6.585985,6.757860,-87.539691,71.859691,4.089208,3.783905,-0.006907,2.258141,0.042345,0.034521
2.579047,-86.496215,-111.517062,6.585794,7.065918,-87.803217,71.646101,3.985331,3.831769,-0.007136,2.255208,0.042026,0.034360
2.579568,-86.628009,-111.302186,6.499509,7.108864,-87.699674,71.967200,4.208577,3.833958,-0.005847,2.257978,0.042249,0.035161
2.580089,-86.647222,-111.142824,6.527702,6.980819,-87.668342,72.152584,4.221865,3.981752,-0.005571,2.259416,0.042412,0.035938
2.580610,-86.663282,-111.240700,6.545862,6.912997,-87.816073,72.157104,4.140177,4.030173,-0.006286,2.258620,0.042231,0.035852
2.581131,-86.907360,-111.171680,6.360603,7.048209,-87.876199,72.035463,4.159618,4.088713,-0.005288,2.257457,0.041482,0.036235
2.581653,-87.164422,-111.185985,6.195543,7.060123,-87.957104,71.950540,4.179595,3.911410,-0.004328,2.256428,0.040808,0.035385
2.582174,-87.209326,-111.271547,6.196445,7.099683,-87.957104,71.950540,4.179595,3.911410,-0.004081,2.256428,0.040793,0.035385
2.582695,-87.352535,-111.459329,6.230886,6.990327,-88.100752,72.111407,4.159395,3.775201,-0.004076,2.256723,0.040810,0.034553
2.583216,-87.553056,-111.388149,6.352124,6.960159,-88.408962,72.024949,3.972792,3.825898,-0.004667,2.254424,0.040848,0.034070
2.583738,-87.392671,-111.428357,6.209476,6.984148,-88.549377,72.160392,4.082500,3.808967,-0.006300,2.254567,0.040477,0.034321
2.584259,-87.483476,-111.451293,6.273700,6.963319,-88.467670,72.110246,4.227317,3.779587,-0.005362,2.254679,0.041212,0.034735
2.584780,-87.843558,-111.383214,6.509556,6.882635,-88.314549,72.066807,4.313495,3.757314,-0.002567,2.255232,0.042567,0.034995
2.585301,-87.879629,-111.351043,6.523724,6.891445,-88.491863,72.110433,4.026209,3.843704,-0.003337,2.254546,0.041786,0.034319
2.585823,-87.886586,-111.262083,6.488304,6.982891,-88.569740,72.197049,4.040983,3.900556,-0.003724,2.254703,0.041665,0.034631
2.586344,-87.886586,-111.262083,6.488304,6.982891,-88.437724,72.367920,4.118084,3.955715,-0.003001,2.256592,0.041849,0.035193
2.586865,-87.864852,-112.261846,6.488304,6.982891,-88.793927,71.063469,3.890669,3.872905,-0.005068,2.245732,0.041267,0.034115
2.587386,-87.886586,-111.262083,6.488304,6.982891,-88.990779,72.055132,4.022549,3.837252,-0.006023,2.251419,0.041643,0.034162
2.587907,-87.864852,-112.261846,6.488304,6.982891,-88.969045,71.055368,4.022549,3.837252,-0.006023,2.244715,0.041643,0.034344
2.588429,-88.021958,-111.191301,6.578398,6.982393,-88.781244,72.017847,4.225057,3.789715,-0.004144,2.252319,0.042674,0.034712
2.588950,-88.021958,-111.191301,6.578398,6.982393,-89.279468,71.950369,4.195323,3.877824,-0.006866,2.249125,0.042602,0.034936
2.589471,-88.169257,-111.129975,6.613820,7.035486,-89.175410,72.085063,4.169823,3.808449,-0.005492,2.250609,0.042674,0.034493
2.589992,-88.169257,-111.129975,6.613820,7.035486,-88.688962,72.509274,3.803257,3.938765,-0.002830,2.256158,0.041545,0.033914
2.590514,-88.169257,-111.129975,6.613820,7.035486,-89.012639,72.524349,4.074941,3.877178,-0.004592,2.254475,0.042299,0.034466
2.591035,-88.253352,-111.316600,6.611943,6.915520,-88.763572,72.461224,4.242300,3.842144,-0.002776,2.255421,0.042746,0.034970
2.591556,-88.265410,-111.426038,6.593054,7.008294,-89.000839,72.292634,4.126244,3.720031,-0.004003,2.252974,0.042335,0.033896
2.592077,-88.180552,-111.269745,6.549115,7.087555,-88.627344,72.374217,3.797238,3.866316,-0.002433,2.255585,0.041223,0.033549
2.592599,-88.167865,-111.159149,6.567593,6.993975,-88.665252,72.267486,3.849874,3.778523,-0.002712,2.254653,0.041503,0.033284
2.593120,-88.167865,-111.159149,6.567593,6.993975,-88.665252,72.267486,3.849874,3.778523,-0.002712,2.254653,0.041503,0.033284
2.593641,-88.167865,-111.159149,6.567593,6.993975,-88.665252,72.267486,3.849874,3.778523,-0.002712,2.254653,0.041503,0.033284
2.594162,-87.991996,-111.449288,6.467733,6.866437,-88.689901,72.067907,3.777991,3.677307,-0.003803,2.253163,0.040815,0.032532
2.594683,-88.006399,-111.561038,6.449497,6.960743,-88.689901,72.067907,3.777991,3.677307,-0.003722,2.253163,0.040705,0.032532
2.595205,-88.095592,-111.334311,6.569034,6.888737,-88.643649,72.150919,3.784090,3.732329,-0.002987,2.253982,0.041316,0.032836
2.595726,-87.968934,-111.456422,6.488291,6.853500,-88.798309,71.945982,3.829395,3.825371,-0.004522,2.251737,0.041079,0.033486
2.596247,-87.932791,-111.489367,6.474249,6.843885,-88.299237,71.738341,4.139108,3.724654,-0.002000,2.253080,0.041938,0.034234
2.596768,-87.792338,-111.400094,6.467985,6.888217,-88.815216,71.858248,3.845513,3.759607,-0.005582,2.251047,0.041061,0.033208
2.597290,-87.801118,-111.448957,6.477228,6.855132,-87.533711,71.839965,4.140901,3.911652,0.001459,2.258040,0.041943,0.035372
2.597811,-87.716419,-111.566415,6.494880,6.912090,-88.371843,71.665317,3.996600,3.613416,-0.003577,2.252180,0.041619,0.033136
2.598332,-87.405516,-111.450341,6.246163,7.026936,-88.160000,71.760700,4.020975,3.672353,-0.004118,2.254005,0.040546,0.033562
2.598853,-87.306667,-111.412692,6.251101,7.016609,-87.624706,71.879038,4.103566,3.734348,-0.001735,2.257797,0.040796,0.034297
2.599375,-87.078670,-111.290680,6.381901,6.934573,-87.624706,71.879038,4.103566,3.734348,-0.002981,2.257797,0.041422,0.034297
2.599896,-86.843067,-111.330016,6.425733,6.951097,-87.606817,71.748581,4.149334,3.943722,-0.004172,2.257006,0.041779,0.035567
2.600417,-86.651585,-111.284216,6.518057,6.989115,-87.411811,71.905733,4.087080,3.979190,-0.004150,2.259172,0.041997,0.035544
2.600938,-86.494098,-111.250099,6.646717,6.905512,-87.236128,71.972067,4.076883,4.034142,-0.004050,2.260612,0.042557,0.035824
2.601459,-86.356137,-111.089681,6.595153,6.815461,-86.661423,72.135638,4.017648,4.091534,-0.001666,2.264974,0.042148,0.036020
2.601981,-86.356137,-111.089681,6.595153,6.815461,-86.866029,72.169206,3.818272,4.140520,-0.002782,2.264044,0.041584,0.035526
2.602502,-86.210608,-111.213638,6.568636,6.926496,-86.885720,71.845278,3.887532,4.003325,-0.003688,2.261722,0.041696,0.035095
2.603023,-86.117184,-111.047389,6.561872,6.974871,-86.289907,72.300002,4.123535,3.947093,-0.000942,2.268208,0.042269,0.035717
2.603544,-85.729378,-112.061588,6.555264,6.996146,-86.086914,71.155459,4.251903,3.790286,-0.001951,2.261520,0.042646,0.035672
2.604066,-85.121619,-112.140702,6.372828,6.991596,-86.086914,71.155459,4.251903,3.790286,-0.005266,2.261520,0.041795,0.035672
2.604587,-84.982547,-111.107148,6.325131,7.015658,-86.117000,71.972638,4.218985,3.620199,-0.006196,2.266962,0.041528,0.034550
2.605108,-84.647694,-111.099356,6.527702,6.980819,-86.081505,72.049037,4.214114,3.674495,-0.007829,2.267687,0.042422,0.034794
2.605629,-84.462873,-111.267056,6.599179,7.098872,-85.843718,72.188863,4.067895,3.719333,-0.007527,2.270003,0.042255,0.034482
2.606151,-84.198429,-111.065392,6.526101,7.008147,-85.713278,72.614751,4.125961,3.575578,-0.008247,2.273652,0.042034,0.033962
2.606672,-84.066948,-112.201262,6.518083,7.100850,-85.521067,71.209131,4.264712,3.941594,-0.007928,2.265131,0.042468,0.036635
2.607193,-83.912035,-111.955119,6.601184,7.048504,-85.359578,71.133721,4.139529,4.022918,-0.007906,2.265540,0.042556,0.036639
2.607714,-83.436052,-112.125767,6.284341,7.008055,-85.306848,71.143530,4.124103,4.030793,-0.010208,2.265911,0.041013,0.036634
2.608235,-82.955491,-112.063187,6.395078,6.978913,-85.294332,71.316199,4.149609,3.934657,-0.012753,2.267176,0.041569,0.036198
2.608757,-82.661541,-111.966632,6.538088,6.927191,-84.585135,71.207741,4.039767,3.887728,-0.010501,2.270538,0.041955,0.035738
2.609278,-82.523289,-110.864758,6.597262,6.856063,-84.306227,72.305616,3.376751,3.986765,-0.009733,2.279717,0.040459,0.033677
2.609799,-82.239021,-110.883168,6.590338,6.979612,-84.260206,72.949269,3.589875,3.647101,-0.010994,2.284370,0.040821,0.032505
2.610320,-82.101585,-111.034738,6.473549,7.016766,-84.535256,72.105066,3.628824,3.785801,-0.013288,2.277005,0.040519,0.033485
2.610842,-81.594917,-111.283120,6.190118,6.907210,-84.325094,71.895387,4.002019,3.831982,-0.014903,2.276797,0.040236,0.035234
2.611363,-81.291484,-111.017477,6.180827,7.040167,-83.952502,72.077845,4.206460,3.824685,-0.014532,2.280236,0.040830,0.036070
2.611884,-80.892990,-110.776140,6.414074,6.816118,-83.659338,72.300827,4.224862,3.905286,-0.015109,2.283493,0.041948,0.036582
2.612405,-80.378923,-110.959966,6.616385,6.869138,-83.317017,72.357760,3.803283,4.063915,-0.016026,2.285912,0.041626,0.035831
2.612927,-80.212025,-111.083234,6.568636,6.926496,-83.401962,72.015791,3.813623,3.943245,-0.017420,2.283063,0.041477,0.035288
2.613448,-79.743612,-111.197439,6.332184,6.997531,-83.031707,72.205470,3.915473,4.037931,-0.017926,2.286567,0.040588,0.036221
2.613969,-79.752529,-110.931420,6.555264,6.996146,-83.068328,71.947975,3.840721,3.994748,-0.018129,2.284581,0.041538,0.035757
2.614490,-79.252064,-111.006193,6.201859,7.047394,-83.221915,72.070575,4.089108,4.005243,-0.021681,2.284509,0.040569,0.036710
2.615011,-78.718245,-111.038012,6.498411,6.960837,-82.965028,71.958295,3.952092,3.923569,-0.023203,2.285267,0.041553,0.035838
2.615533,-78.433568,-111.171467,6.508317,7.003576,-82.750500,71.730364,3.836249,3.862521,-0.023598,2.284979,0.041295,0.035168
2.616054,-77.786254,-111.271379,6.282722,6.996991,-82.159872,71.822732,4.231351,3.955839,-0.023883,2.289163,0.041361,0.037364
2.616575,-77.571236,-111.046003,6.281534,6.926293,-82.325185,72.049155,4.161868,3.770768,-0.025959,2.289727,0.041142,0.036062
2.617096,-77.252536,-110.962725,6.201859,7.047394,-82.603443,71.777727,4.008206,3.717513,-0.029273,2.286186,0.040395,0.035138
2.617618,-76.893934,-110.689204,6.414074,6.816118,-82.080865,71.925719,4.237787,3.838502,-0.028396,2.290350,0.042081,0.036806
2.618139,-76.273574,-110.937623,6.515769,7.059898,-81.961801,71.982151,4.158027,3.840095,-0.031087,2.291459,0.042237,0.036501
2.618660,-75.820039,-110.867457,6.227523,6.995312,-81.878753,72.106850,4.137328,3.774799,-0.033100,2.292820,0.040842,0.036087
2.619181,-75.641027,-111.201861,6.221530,6.885544,-81.766141,72.056231,4.074217,3.758932,-0.033411,2.293154,0.040561,0.035784
2.619703,-75.212082,-110.636409,6.201575,6.875307,-81.485474,72.181567,4.126821,3.750789,-0.034302,2.295722,0.040725,0.036015
2.620224,-75.130706,-110.765470,6.216211,6.944029,-80.921379,72.076512,3.862325,3.768845,-0.031660,2.298448,0.040009,0.035163
2.620745,-74.364447,-110.624171,6.504462,6.874533,-80.745410,72.171242,3.813054,3.606086,-0.034894,2.300182,0.041223,0.034160
2.621266,-74.211083,-110.712850,6.529095,6.943532,-80.193490,72.293132,4.138133,3.553130,-0.032678,2.304431,0.042217,0.035441
2.621787,-73.749857,-111.836296,6.374265,6.919713,-80.199554,71.393313,4.136168,3.616351,-0.035186,2.298168,0.041446,0.035901
2.622309,-73.414029,-111.296050,6.295922,6.995407,-80.084088,71.487061,4.130591,3.687412,-0.036475,2.299536,0.041172,0.036239
2.622830,-72.873112,-111.662759,6.388363,6.866663,-80.127627,71.441083,4.168102,3.457328,-0.039599,2.298946,0.041627,0.035292
2.623351,-72.593626,-111.698649,6.497662,6.843450,-80.378846,71.359133,3.986181,3.662317,-0.042503,2.296822,0.041606,0.035433
2.623872,-72.189821,-111.669146,6.529095,6.943532,-79.935189,71.385121,4.178382,3.616248,-0.042287,2.299751,0.042309,0.036164
2.624394,-72.128601,-111.743526,6.543653,6.974475,-79.753732,71.342234,4.217720,3.740025,-0.041624,2.300582,0.042486,0.037002
2.624915,-71.320589,-111.367258,6.269467,6.948716,-79.850699,71.249486,4.175326,3.698067,-0.046677,2.299332,0.041207,0.036600
2.625436,-71.149799,-111.645124,6.195845,6.935466,-79.657979,71.379733,4.172527,3.742347,-0.046453,2.301440,0.040774,0.036834
2.625957,-70.440153,-111.548383,6.576820,6.851733,-79.614578,71.390521,4.140698,3.749121,-0.050108,2.301786,0.042430,0.036737
2.626479,-70.190293,-111.625678,6.529095,6.943532,-78.973580,71.372684,3.930823,3.878943,-0.047960,2.305682,0.041602,0.036660
2.627000,-69.932427,-111.379413,6.476187,7.073126,-78.862984,71.575378,3.851887,4.046798,-0.048774,2.307790,0.041145,0.037182
2.627521,-69.321062,-111.323790,6.269467,6.948716,-78.622773,71.675702,4.027806,4.025549,-0.050785,2.310006,0.040676,0.037847
2.628042,-68.959315,-111.562229,6.306303,6.973637,-78.400029,71.886705,4.039408,3.908014,-0.051417,2.312882,0.040777,0.037310
2.628563,-68.715412,-110.538110,6.481052,6.905574,-78.192635,72.705250,4.291481,3.746403,-0.051673,2.319846,0.042364,0.037542
2.629085,-68.359180,-110.661843,6.606644,6.940844,-78.155948,72.830826,3.940827,3.644401,-0.053340,2.320940,0.041866,0.035431
2.629606,-68.212500,-110.582446,6.529095,6.943532,-78.351152,72.522451,3.984857,3.742916,-0.055314,2.317581,0.041714,0.036121
2.630127,-68.008796,-110.243784,6.484079,6.864031,-78.362702,72.439430,4.003989,3.683337,-0.056616,2.316936,0.041652,0.035931
2.630648,-67.207261,-110.426074,6.196021,7.008885,-78.035863,72.289786,4.223747,3.532646,-0.059195,2.317989,0.040975,0.036355
2.631170,-67.167262,-110.457458,6.174939,7.002569,-78.027245,72.202497,4.250353,3.857907,-0.059385,2.317442,0.040978,0.038037
2.631691,-66.658933,-110.631848,6.478321,6.997621,-77.954396,72.169293,4.216630,3.795890,-0.061713,2.317678,0.042209,0.037612
2.632212,-66.441917,-110.656988,6.558567,6.951574,-77.883571,72.214068,4.179218,3.790494,-0.062485,2.318440,0.042447,0.037425
2.632733,-66.151752,-110.613358,6.543653,6.974475,-77.610845,72.459384,4.167689,3.580841,-0.062512,2.321881,0.042296,0.036403
2.633255,-65.727961,-110.708928,6.342876,7.081790,-77.419741,72.381850,4.197478,3.606042,-0.063771,2.322577,0.041465,0.036732
2.633776,-65.347863,-110.344454,6.296926,6.998784,-77.507578,72.387827,4.140332,3.544988,-0.066446,2.322052,0.041158,0.036150
2.634297,-65.167734,-110.413990,6.174939,7.002569,-77.270231,72.268427,4.139715,3.576142,-0.066152,2.322759,0.040616,0.036384
2.634818,-64.805558,-110.660638,6.422099,7.046876,-77.178009,72.295553,4.071215,3.586785,-0.067522,2.323542,0.041474,0.036131
2.635339,-64.414770,-110.575092,6.437905,7.021718,-77.203363,72.382508,4.168448,3.602929,-0.069786,2.323978,0.041824,0.036642
2.635861,-64.266105,-110.469135,6.512849,7.027828,-77.017954,72.448392,4.076482,3.673633,-0.069601,2.325632,0.041910,0.036581
2.636382,-64.071929,-110.432269,6.450612,7.019336,-77.294530,72.250330,4.116704,3.737532,-0.072254,2.322477,0.041788,0.037039
2.636903,-63.688610,-110.232959,6.356110,7.056286,-76.739996,72.521501,3.856901,3.580925,-0.071294,2.327940,0.040592,0.035172
2.637424,-63.637421,-110.215334,6.346650,7.147869,-76.293612,72.711324,4.104651,3.615897,-0.069077,2.332158,0.041232,0.036589
2.637946,-63.344213,-110.193623,6.269467,6.948716,-76.280357,72.626052,4.257579,3.647728,-0.070641,2.331658,0.041357,0.037498
2.638467,-63.061763,-110.307090,6.334657,6.921601,-76.189214,72.633498,4.208880,3.680592,-0.071635,2.332307,0.041473,0.037439
2.638988,-62.716830,-110.407706,6.481052,6.905574,-76.358124,72.693277,4.030537,3.707118,-0.074364,2.331612,0.041574,0.036653
2.639509,-62.518690,-110.294794,6.474358,7.067243,-76.074883,72.720561,4.142865,3.648188,-0.073936,2.333655,0.041892,0.036984
2.640030,-62.436169,-110.258355,6.524413,7.054523,-75.922046,72.666998,4.222509,3.631414,-0.073590,2.334292,0.042375,0.037349
2.640552,-62.254770,-110.302518,6.480744,7.003625,-75.922046,72.666998,4.222509,3.631414,-0.074559,2.334292,0.042162,0.037349
2.641073,-62.149615,-111.354909,6.528193,7.007848,-75.900312,71.667234,4.222509,3.631414,-0.074990,2.327517,0.042364,0.037563
2.641594,-61.943996,-110.980543,6.629034,6.876189,-75.900312,71.667234,4.222509,3.631414,-0.076263,2.327517,0.042904,0.037563
2.642115,-61.884849,-111.058150,6.640404,6.913046,-75.900312,71.667234,4.222509,3.631414,-0.076552,2.327517,0.042938,0.037563
2.642637,-61.884849,-111.058150,6.640404,6.913046,-76.009477,71.419505,4.199322,3.782517,-0.077251,2.325071,0.042929,0.038192
2.643158,-61.758565,-111.144868,6.536756,7.060294,-75.938712,71.466982,4.162380,3.774368,-0.077496,2.325868,0.042318,0.037988
2.643679,-61.440451,-111.052013,6.608242,6.937390,-75.931818,71.397223,4.153258,3.794038,-0.079260,2.325426,0.042648,0.038058
2.644200,-61.265486,-111.219505,6.540685,6.882633,-75.863242,71.630404,4.160873,3.899035,-0.079666,2.327504,0.042266,0.038573
2.644722,-60.909010,-111.302260,6.375617,6.891228,-75.784854,71.610602,4.111529,3.912436,-0.081149,2.327882,0.041351,0.038436
2.645243,-60.909010,-111.302260,6.375617,6.891228,-75.611208,71.773247,4.078086,3.560077,-0.080135,2.330160,0.041214,0.036588
2.645764,-60.691082,-110.312734,6.493243,6.774557,-75.632942,72.773011,4.078086,3.560077,-0.081431,2.336926,0.041741,0.036375
2.646285,-60.573608,-110.146629,6.525006,6.859440,-75.572614,72.905062,4.092931,3.420335,-0.081756,2.338230,0.041936,0.035804
2.646806,-60.691082,-110.312734,6.493243,6.774557,-75.529752,72.925677,4.066348,3.420218,-0.080804,2.338655,0.041672,0.035679
2.647328,-60.488808,-110.110155,6.576025,6.847042,-75.712302,72.949166,4.176944,3.432694,-0.082971,2.337610,0.042406,0.036230
2.647849,-60.488808,-110.110155,6.576025,6.847042,-75.572614,72.905062,4.092931,3.420335,-0.082232,2.338230,0.042176,0.035804
2.648370,-60.488808,-110.110155,6.576025,6.847042,-75.545472,72.859873,4.121362,3.372822,-0.082105,2.338100,0.042268,0.035751
2.648891,-60.454933,-110.202678,6.564424,6.907332,-75.427615,73.146832,4.201519,3.517126,-0.081481,2.340845,0.042366,0.036775
2.649413,-60.454933,-110.202678,6.564424,6.907332,-75.192926,72.957478,3.810739,3.478691,-0.080292,2.341107,0.041313,0.034776
2.649934,-60.401318,-110.340663,6.558788,7.001752,-75.719705,72.753107,4.147323,3.517730,-0.083470,2.336216,0.042238,0.036501
2.650455,-60.419816,-110.234959,6.577320,6.916495,-75.441036,72.937778,4.162515,3.641782,-0.081823,2.339325,0.042353,0.037186
2.650976,-60.419816,-110.234959,6.577320,6.916495,-75.631591,72.732775,4.089114,3.530247,-0.082948,2.336658,0.042184,0.036301
2.651498,-60.401318,-110.340663,6.558788,7.001752,-75.631591,72.732775,4.089114,3.530247,-0.083001,2.336658,0.042077,0.036301
2.652019,-60.445281,-110.437053,6.558259,6.937439,-75.631591,72.732775,4.089114,3.530247,-0.082719,2.336658,0.042052,0.036301
2.652540,-60.480492,-110.405528,6.545113,6.929350,-75.843996,72.381334,4.102760,3.732337,-0.083854,2.332838,0.042118,0.037326
2.653061,-60.480492,-110.405528,6.545113,6.929350,-75.656816,72.586650,4.181965,3.844241,-0.082745,2.335487,0.042305,0.038243
2.653582,-60.480492,-110.405528,6.545113,6.929350,-75.656816,72.586650,4.181965,3.844241,-0.082745,2.335487,0.042305,0.038243
2.654104,-60.587882,-110.414267,6.467571,6.988000,-75.251855,72.575582,4.113685,3.684340,-0.079965,2.338092,0.041762,0.037277
2.654625,-60.480492,-110.405528,6.545113,6.929350,-75.614221,72.372098,4.070107,3.867404,-0.082610,2.334290,0.042033,0.037888
2.655146,-60.634100,-110.513049,6.464889,6.921189,-75.474617,72.807722,4.200170,3.727483,-0.080778,2.338211,0.041923,0.037784
2.655667,-60.806433,-110.485773,6.446993,6.858038,-75.388662,72.789117,4.141328,3.740999,-0.079398,2.338653,0.041682,0.037590
2.656189,-60.843808,-110.393292,6.456327,6.799401,-75.334089,72.690235,4.199243,3.741809,-0.078981,2.338335,0.041938,0.037913
2.656710,-61.026002,-110.394557,6.335272,6.847300,-75.602003,72.863140,4.138345,3.571822,-0.079371,2.337749,0.041168,0.036715
2.657231,-61.209803,-110.231126,6.180516,6.942584,-75.484737,73.006377,4.176033,3.657618,-0.077747,2.339506,0.040597,0.037298
2.657752,-61.638276,-110.016901,6.397047,6.923355,-75.484737,73.006377,4.176033,3.657618,-0.075510,2.339506,0.041627,0.037298
2.658274,-61.525327,-111.130677,6.375197,6.875963,-75.463003,72.006613,4.176033,3.657618,-0.075959,2.332761,0.041500,0.037517
2.658795,-61.943996,-110.980543,6.629034,6.876189,-75.499457,71.676228,4.140114,3.645152,-0.074077,2.330223,0.042670,0.037344
2.659316,-61.943996,-110.980543,6.629034,6.876189,-75.544961,71.663969,4.174322,3.639132,-0.074330,2.329837,0.042771,0.037471
2.659837,-62.051974,-111.095235,6.537110,7.059792,-75.738958,71.813292,4.158899,3.574558,-0.074690,2.329596,0.042246,0.037004
2.660358,-62.296238,-111.134163,6.541713,6.996712,-75.738958,71.813292,4.158899,3.574558,-0.073347,2.329596,0.042261,0.037004
2.660880,-62.379902,-111.289881,6.537253,7.062771,-75.569859,71.972831,4.233630,3.651937,-0.071849,2.331820,0.042394,0.037748
2.661401,-62.414435,-111.258119,6.524413,7.054523,-76.130759,71.693850,3.940427,3.626016,-0.074832,2.326189,0.041554,0.036118
2.661922,-62.631561,-111.351337,6.461057,6.901416,-75.738958,71.813292,4.158899,3.574558,-0.071439,2.329596,0.041846,0.037004
2.662443,-63.015736,-111.139206,6.352480,6.991345,-75.804709,71.759501,4.185796,3.590497,-0.069810,2.328788,0.041500,0.037202
2.662965,-63.838477,-110.166905,6.514436,7.114483,-76.139183,72.828095,4.016754,3.642184,-0.067118,2.333971,0.041737,0.036310
2.663486,-63.969074,-111.181366,6.602386,6.999824,-76.572152,71.495890,3.776475,3.535390,-0.068882,2.321925,0.041544,0.034838
2.664007,-64.027531,-110.266625,6.595313,7.044159,-76.360922,72.811805,4.042733,3.331212,-0.067265,2.332407,0.042160,0.034946
2.664528,-64.252502,-110.398317,6.629919,7.042796,-76.010105,72.705661,4.217146,3.521386,-0.064125,2.333978,0.042825,0.036788
2.665050,-64.334849,-110.374310,6.625075,6.921629,-76.075217,72.379981,4.118456,3.598751,-0.064153,2.331308,0.042597,0.036707
2.665571,-64.508238,-110.578127,6.578903,6.940241,-76.094283,72.594337,4.206871,3.447964,-0.063168,2.332660,0.042545,0.036403
2.666092,-64.768226,-110.604649,6.462867,6.866354,-76.170966,72.678165,4.114216,3.711374,-0.062134,2.332733,0.041723,0.037125
2.666613,-65.370639,-110.640651,6.260682,7.087788,-76.184999,72.462842,4.118110,3.617878,-0.058993,2.331160,0.040864,0.036746
2.667134,-65.773168,-110.610495,6.509691,7.000149,-76.150306,72.527782,4.168102,3.457328,-0.056602,2.331834,0.042141,0.036248
2.667656,-66.153582,-110.554622,6.598968,6.965910,-76.648588,72.628909,4.318762,3.506554,-0.057230,2.329273,0.042981,0.037047
2.668177,-66.341562,-110.728792,6.606478,7.037012,-76.842886,72.502322,3.945193,3.554713,-0.057249,2.327139,0.041930,0.035436
2.668698,-66.423704,-110.671740,6.627450,6.943215,-77.132043,72.488789,4.167695,3.518047,-0.058398,2.325171,0.042670,0.036245
2.669219,-66.509552,-110.636065,6.620673,6.840779,-77.528806,72.503662,3.979645,3.462887,-0.060096,2.322713,0.042102,0.034979
2.669741,-66.680821,-110.623841,6.517647,6.847048,-77.274816,72.369455,4.056487,3.523333,-0.057828,2.323426,0.041882,0.035721
2.670262,-67.378691,-110.724589,6.306830,6.974288,-77.416076,72.611915,4.065279,3.461118,-0.054694,2.324184,0.040871,0.035387
2.670783,-67.928042,-110.385741,6.517963,7.056302,-77.702905,72.224517,4.142386,3.798875,-0.053478,2.319670,0.042236,0.037345
2.671304,-68.220726,-110.555105,6.533862,7.028284,-77.636784,72.562283,4.140262,3.618274,-0.051376,2.322422,0.042188,0.036422
2.671826,-68.220726,-110.555105,6.533862,7.028284,-77.839953,72.643618,4.141994,3.509326,-0.052459,2.321677,0.042172,0.035849
2.672347,-68.359180,-110.661843,6.606644,6.940844,-77.929301,72.565354,4.108817,3.480881,-0.052183,2.320567,0.042404,0.035550
2.672868,-68.680349,-110.667309,6.517647,6.847048,-77.928914,72.606792,4.097675,3.513192,-0.050420,2.320855,0.041953,0.035639
2.673389,-69.446071,-110.765567,6.360304,7.015318,-78.270088,72.096463,4.120645,3.640915,-0.048218,2.315160,0.041400,0.036353
2.673910,-69.726166,-110.575180,6.500433,6.976243,-78.466698,72.066567,4.037942,3.665380,-0.047820,2.313704,0.041854,0.036046
2.674432,-70.096408,-110.591067,6.570973,7.095581,-78.813671,72.105301,3.792042,3.729659,-0.047678,2.311774,0.041484,0.035182
2.674953,-70.237419,-110.493172,6.552747,6.944276,-78.489033,72.344556,4.016012,3.809767,-0.045100,2.315480,0.041994,0.036591
2.675474,-70.446479,-110.796984,6.497035,6.800675,-79.000913,72.174854,3.765196,3.681152,-0.046719,2.311072,0.040998,0.034761
2.675995,-70.592617,-110.762037,6.570475,6.850888,-79.067285,72.168773,3.809313,3.723360,-0.046294,2.310612,0.041476,0.035148
2.676517,-71.249048,-110.712590,6.180359,6.997744,-79.145119,72.408714,3.846083,3.708698,-0.043093,2.311775,0.039721,0.035163
2.677038,-72.006469,-110.494307,6.474199,7.068522,-79.335397,72.235476,4.088559,3.878088,-0.040087,2.309386,0.041874,0.037046
2.677559,-72.104511,-110.491352,6.551510,7.044881,-79.213760,72.034872,3.820995,3.817712,-0.038930,2.308766,0.041524,0.035670
2.678080,-72.219781,-110.642041,6.533862,7.028284,-79.763519,72.013837,4.089120,3.545466,-0.041277,2.305179,0.042165,0.035354
2.678602,-72.592145,-110.805505,6.570475,6.850888,-80.106627,72.212778,3.995395,3.733568,-0.041036,2.304416,0.041983,0.035727
2.679123,-72.842738,-110.843108,6.452522,6.926662,-79.943232,72.639944,4.003599,3.589408,-0.038679,2.308367,0.041357,0.035016
2.679644,-73.673942,-110.859105,6.513492,6.985935,-79.955903,72.467199,4.124590,3.643573,-0.034253,2.307103,0.042030,0.035844
2.680165,-73.947592,-110.945541,6.540427,6.971467,-79.955620,72.513541,4.210930,3.659196,-0.032737,2.307423,0.042378,0.036296
2.680686,-74.158928,-110.758996,6.548238,7.058090,-80.263688,72.349090,4.048464,3.654627,-0.033327,2.304380,0.042023,0.035501
2.681208,-74.274046,-110.894155,6.515769,7.059898,-80.026806,72.507409,4.247272,3.691946,-0.031357,2.306938,0.042389,0.036596
2.681729,-74.514183,-110.994714,6.559959,7.047645,-80.811129,71.941720,3.889895,3.837321,-0.034408,2.298196,0.041668,0.035683
2.682250,-74.546483,-111.089363,6.550545,7.108851,-80.420744,72.215586,4.204399,3.713257,-0.032035,2.302490,0.042443,0.036453
2.682771,-75.014512,-111.152299,6.427050,7.054353,-81.199624,72.035571,3.662326,3.485781,-0.033751,2.296462,0.040361,0.032839
2.683293,-75.812862,-111.063535,6.495758,6.981738,-80.881455,72.542606,3.797900,3.551505,-0.027599,2.301896,0.040968,0.033718
2.683814,-75.925081,-111.111684,6.425541,6.928734,-81.420212,72.134249,4.031843,3.680786,-0.029979,2.295795,0.041379,0.035293
2.684335,-76.324388,-111.252130,6.564235,7.080420,-81.621785,72.216497,4.090041,3.572902,-0.028866,2.295133,0.042139,0.034947
2.684856,-76.403917,-111.162465,6.614842,7.123637,-81.996912,71.690575,4.111151,3.571539,-0.030578,2.289234,0.042574,0.035024
2.685378,-76.718717,-110.994544,6.498411,6.960837,-82.017555,71.942191,4.145532,3.533283,-0.028957,2.290846,0.042118,0.034937
2.685899,-77.015016,-111.150833,6.426521,7.030001,-82.615132,71.714312,3.814983,3.716227,-0.030615,2.285678,0.040853,0.034360
2.686420,-77.387640,-111.072341,6.257167,7.053118,-82.671655,71.815291,3.811347,3.765250,-0.028884,2.286036,0.040047,0.034565
2.686941,-77.594958,-111.121656,6.255107,7.022949,-82.023782,72.012334,4.198722,3.754938,-0.024179,2.291292,0.041127,0.036228
2.687462,-78.143800,-111.269027,6.538679,6.963692,-82.264228,72.184691,4.112537,3.707504,-0.022457,2.291026,0.042096,0.035533
2.687984,-78.323915,-111.295598,6.564235,7.080420,-82.432966,71.916784,4.031194,3.629609,-0.022424,2.288167,0.042035,0.034813
2.688505,-78.649112,-110.968952,6.527702,6.980819,-82.585704,72.087876,4.086010,3.816268,-0.021501,2.288428,0.042060,0.035898
2.689026,-79.271086,-111.166938,6.214085,7.116356,-83.198427,71.958778,4.066137,3.780216,-0.021443,2.283880,0.040545,0.035501
2.689547,-79.345913,-111.205066,6.252313,7.103193,-83.692700,72.181956,4.134780,3.828342,-0.023698,2.282482,0.040865,0.035848
2.690069,-79.463315,-111.314359,6.260605,6.922725,-83.439024,72.238361,4.136177,3.670973,-0.021656,2.284370,0.040871,0.035130
2.690590,-79.946175,-111.075945,6.540427,6.971467,-83.515457,71.902320,4.253850,3.754615,-0.019504,2.281611,0.042632,0.036068
2.691111,-80.100417,-111.178155,6.519869,6.900954,-83.793801,71.713750,4.119811,3.719664,-0.020192,2.278669,0.042161,0.035305
2.691632,-80.383727,-111.252764,6.642533,6.997215,-83.775811,72.012184,4.146819,3.758677,-0.018507,2.280827,0.042722,0.035559
2.692154,-80.559926,-110.988181,6.578984,6.960749,-83.922225,71.882956,4.182464,3.731724,-0.018384,2.279076,0.042624,0.035555
2.692675,-80.713513,-110.836755,6.527971,6.789055,-84.677831,72.077633,3.812307,3.809409,-0.021670,2.275986,0.041320,0.034268
2.693196,-81.210743,-111.141143,6.196445,7.099683,-84.782068,71.909488,3.784423,3.694533,-0.019508,2.274226,0.039659,0.033574
2.693717,-81.353952,-111.328925,6.230886,6.990327,-84.478611,72.238163,3.850739,3.777458,-0.017020,2.278247,0.039898,0.034264
2.694238,-81.773304,-111.027601,6.595580,6.962829,-84.331245,72.524586,4.018488,3.352147,-0.013935,2.281065,0.042073,0.032819
2.694760,-82.069267,-111.344490,6.572993,6.989100,-84.188049,72.516189,4.117183,3.639863,-0.011523,2.281848,0.042181,0.034653
2.695281,-82.224020,-111.237391,6.549904,7.020632,-84.354676,72.260156,4.158385,3.572339,-0.011611,2.279123,0.042278,0.034494
2.695802,-82.383255,-111.296232,6.642533,6.997215,-84.857163,71.748145,3.827695,3.932235,-0.013515,2.272682,0.041880,0.034997
2.696323,-82.444854,-111.225957,6.627081,6.970721,-84.928186,71.508758,3.805622,4.086311,-0.013589,2.270622,0.041817,0.035779
2.696845,-82.444854,-111.225957,6.627081,6.970721,-85.117360,72.085266,3.964870,3.779353,-0.014578,2.273484,0.042124,0.034588
2.697366,-82.693735,-111.354347,6.571669,6.930978,-84.973845,71.919032,3.877135,3.804282,-0.012440,2.273177,0.041630,0.034448
2.697887,-83.332210,-111.199099,6.268786,7.086491,-85.432408,71.881377,4.198820,3.767343,-0.011471,2.270266,0.041209,0.035396
2.698408,-83.542320,-111.141320,6.452887,7.057791,-85.732022,71.657314,4.088857,3.675725,-0.011978,2.267006,0.041788,0.034465
2.698929,-83.726445,-111.144705,6.523422,7.004346,-85.887446,71.849827,4.165679,3.525451,-0.011809,2.267435,0.042294,0.033954
2.699451,-83.804272,-111.199659,6.481482,7.001453,-86.253302,71.678662,4.012195,3.520402,-0.013391,2.264171,0.041679,0.033252
2.699972,-84.008176,-111.232939,6.613737,6.921239,-86.073473,71.406767,4.027340,3.696769,-0.011308,2.263329,0.042395,0.034291
2.700493,-84.022903,-111.104365,6.578398,6.982393,-86.073473,71.406767,4.027340,3.696769,-0.011235,2.263329,0.042259,0.034291
2.701014,-84.117849,-111.100309,6.572188,7.127033,-86.554139,71.455645,3.727668,3.762422,-0.013345,2.260930,0.041385,0.033396
2.701536,-84.288568,-111.332230,6.572550,7.020416,-86.665981,71.517235,3.751678,3.815258,-0.013001,2.260719,0.041386,0.033726
2.702057,-84.464038,-111.380173,6.595210,7.006292,-86.637408,71.743032,3.778248,3.944578,-0.011868,2.262428,0.041504,0.034473
2.702578,-84.496687,-111.473595,6.585794,7.065918,-86.701484,71.793844,3.751874,3.873328,-0.012030,2.262413,0.041355,0.033974
2.703099,-84.559125,-111.404304,6.568714,7.041530,-86.661560,71.602388,3.771434,3.755853,-0.011488,2.261328,0.041386,0.033467
2.703621,-85.204029,-111.494812,6.186135,7.156756,-86.677651,71.526148,3.855888,3.663103,-0.008051,2.260714,0.039828,0.033302
2.704142,-85.279643,-111.531579,6.225646,7.142328,-86.627100,71.411439,3.766815,3.761696,-0.007365,2.260212,0.039774,0.033525
2.704663,-85.279643,-111.531579,6.225646,7.142328,-86.907200,71.356114,3.796134,4.019505,-0.008899,2.258248,0.039869,0.034959
2.705184,-85.279643,-111.531579,6.225646,7.142328,-86.555101,72.048392,4.064830,3.752753,-0.006948,2.264983,0.040500,0.034484
2.705705,-85.304274,-111.404517,6.243615,7.211696,-86.648513,71.752338,4.084297,3.555896,-0.007339,2.262429,0.040734,0.033598
2.706227,-85.449752,-111.492346,6.320877,7.203959,-86.493232,71.976062,4.224848,3.757114,-0.005687,2.264841,0.041439,0.035150
2.706748,-85.683267,-111.275547,6.519122,7.054766,-86.439691,71.777178,4.262673,3.536031,-0.004132,2.263785,0.042551,0.034259
2.707269,-85.683267,-111.275547,6.519122,7.054766,-86.398724,71.757704,4.238984,3.534315,-0.003909,2.263885,0.042484,0.034169
2.707790,-85.772545,-111.164286,6.501150,7.088761,-86.398724,71.757704,4.238984,3.534315,-0.003423,2.263885,0.042428,0.034169
2.708312,-85.871199,-111.158684,6.580478,7.065708,-86.648314,71.783582,4.377779,3.690427,-0.004248,2.262644,0.043203,0.035411
2.708833,-85.733080,-111.194475,6.521754,7.095200,-87.340477,71.574411,4.006726,3.650722,-0.008794,2.257307,0.041878,0.033632
2.709354,-85.928846,-110.985445,6.557887,7.057831,-87.340477,71.574411,4.006726,3.650722,-0.007732,2.257307,0.042095,0.033632
2.709875,-86.007023,-111.038083,6.514618,7.056903,-87.340477,71.574411,4.006726,3.650722,-0.007302,2.257307,0.041881,0.033632
2.710397,-85.928846,-110.985445,6.557887,7.057831,-87.570945,71.669233,4.142306,3.658748,-0.008990,2.256665,0.042464,0.034111
2.710918,-85.845003,-111.099356,6.543186,7.007715,-87.376288,71.719172,4.095744,3.556944,-0.008376,2.258097,0.042223,0.033466
2.711439,-85.928846,-110.985445,6.557887,7.057831,-87.376288,71.719172,4.095744,3.556944,-0.007922,2.258097,0.042317,0.033466
2.711960,-85.845003,-111.099356,6.543186,7.007715,-87.376288,71.719172,4.095744,3.556944,-0.008376,2.258097,0.042223,0.033466
2.712481,-85.928846,-110.985445,6.557887,7.057831,-87.376288,71.719172,4.095744,3.556944,-0.007922,2.258097,0.042317,0.033466
2.713003,-86.168338,-111.115681,6.567593,6.993975,-87.339099,71.698568,4.078348,3.555232,-0.006404,2.258165,0.042287,0.033403
2.713524,-86.070797,-111.121025,6.491761,7.017161,-87.339099,71.698568,4.078348,3.555232,-0.006937,2.258165,0.041934,0.033403
2.714045,-86.168338,-111.115681,6.567593,6.993975,-87.283248,71.804458,3.980129,3.622279,-0.006095,2.259203,0.041982,0.033363
2.714566,-86.059473,-111.120615,6.588232,7.085043,-87.565058,71.589427,4.121754,3.718599,-0.008240,2.256151,0.042532,0.034350
2.715088,-85.977695,-111.235182,6.575678,7.033595,-87.188738,71.604132,3.934198,3.646329,-0.006623,2.258364,0.041909,0.033370
2.715609,-86.086558,-111.231909,6.555933,6.940165,-87.188738,71.604132,3.934198,3.646329,-0.006028,2.258364,0.041817,0.033370
2.716130,-85.969428,-111.191301,6.635002,6.917799,-87.413695,71.622008,4.100826,3.617643,-0.007900,2.257222,0.042665,0.033795
2.716651,-85.969428,-111.191301,6.635002,6.917799,-87.049174,71.622625,3.824292,3.683068,-0.005906,2.259276,0.041890,0.033184
2.717173,-85.866172,-111.151873,6.583099,6.974306,-87.008913,71.600826,3.799939,3.681343,-0.006253,2.259354,0.041592,0.033099
2.717694,-85.683267,-111.275547,6.519122,7.054766,-87.008913,71.600826,3.799939,3.681343,-0.007249,2.259354,0.041261,0.033099
2.718215,-85.683267,-111.275547,6.519122,7.054766,-86.946741,71.773175,3.787392,3.806881,-0.006902,2.260885,0.041187,0.033696
2.718736,-85.628494,-111.208448,6.508888,7.037849,-86.795507,71.916780,3.862307,3.878826,-0.006373,2.262721,0.041329,0.034352
2.719257,-85.541848,-111.184788,6.452887,7.057791,-86.795507,71.916780,3.862307,3.878826,-0.006847,2.262721,0.041072,0.034352
2.719779,-85.541848,-111.184788,6.452887,7.057791,-86.761154,71.897423,3.846541,3.880087,-0.006660,2.262783,0.041032,0.034314
2.720300,-85.160852,-111.376289,6.265564,7.129231,-86.757967,71.984522,3.866265,3.815410,-0.008710,2.263396,0.040151,0.034029
2.720821,-84.828510,-111.200814,6.532253,6.912701,-86.761154,71.897423,3.846541,3.880087,-0.010555,2.262783,0.041400,0.034314
2.721342,-84.741417,-111.235254,6.586036,6.901817,-86.741918,72.070296,3.849839,3.877030,-0.010913,2.264073,0.041615,0.034280
2.721864,-84.663755,-111.197232,6.545862,6.912997,-86.326485,71.815397,4.103734,3.816461,-0.009085,2.264691,0.042213,0.035056
2.722385,-84.515931,-111.104109,6.577593,6.901337,-86.265063,71.990686,4.188772,3.724966,-0.009553,2.266240,0.042589,0.034906
2.722906,-84.369219,-111.106428,6.625874,6.873775,-86.655712,71.765240,3.869974,3.941595,-0.012503,2.262477,0.041957,0.034774
2.723427,-84.147076,-112.071977,6.567593,6.993975,-86.326937,71.011805,4.133947,3.736829,-0.011906,2.259162,0.042384,0.034907
2.723949,-84.083054,-111.989684,6.590457,7.033667,-86.399606,70.984807,3.990981,3.764037,-0.012660,2.258562,0.042105,0.034494
2.724470,-84.083054,-111.989684,6.590457,7.033667,-86.001566,70.946906,4.178708,3.786231,-0.010487,2.260566,0.042655,0.035428
2.724991,-83.845476,-111.055888,6.543186,7.007715,-85.811745,71.953261,4.275311,3.833787,-0.010744,2.268577,0.042706,0.035915
2.725512,-83.689971,-112.045055,6.492755,6.978501,-85.818447,71.055275,4.150103,3.794821,-0.011624,2.262362,0.042082,0.035391
2.726033,-83.542320,-111.141320,6.452887,7.057791,-85.840181,72.055039,4.150103,3.794821,-0.012542,2.269110,0.041877,0.035205
2.726555,-82.695566,-112.124712,6.498411,6.960837,-85.765166,71.043636,4.128444,3.808850,-0.016757,2.262587,0.042026,0.035396
2.727076,-82.734557,-111.020429,6.474266,6.991442,-85.699301,71.971792,4.218735,3.805131,-0.016200,2.269349,0.042223,0.035576
2.727597,-82.628954,-111.215250,6.499509,7.108864,-85.588851,72.030600,4.177185,3.792309,-0.016151,2.270387,0.042157,0.035368
2.728118,-82.369638,-111.199807,6.623734,7.063977,-85.544367,72.057364,4.185103,3.727344,-0.017322,2.270826,0.042749,0.035082
2.728640,-82.169722,-111.043357,6.530018,7.151164,-85.288088,72.288042,4.189168,3.853485,-0.017008,2.273881,0.042313,0.035753
2.729161,-82.026944,-110.894233,6.633537,7.034725,-84.742093,72.490433,4.332505,3.705098,-0.014805,2.278431,0.043200,0.035710
2.729682,-81.845948,-111.012420,6.543186,7.007715,-84.645251,72.357133,4.342212,3.787403,-0.015265,2.278087,0.042821,0.036199
2.730203,-81.766947,-111.070572,6.502567,6.997359,-84.565450,72.056173,4.255426,3.841456,-0.015281,2.276494,0.042432,0.036190
2.730725,-81.079276,-111.363343,6.339422,7.165963,-84.637381,71.977695,3.872704,3.944594,-0.019405,2.275537,0.040513,0.035233
2.731246,-80.829985,-111.288587,6.417447,7.136919,-84.637381,71.977695,3.872704,3.944594,-0.020772,2.275537,0.040892,0.035233
2.731767,-80.629427,-111.171782,6.499509,7.108864,-84.641806,71.894059,3.853695,4.002589,-0.021914,2.274937,0.041267,0.035486
2.732288,-80.501302,-111.122950,6.551978,7.173665,-84.212637,72.136777,4.110447,4.068819,-0.020249,2.279111,0.042198,0.036853
2.732809,-80.170194,-110.999889,6.530018,7.151164,-84.540356,71.788872,3.941574,3.916356,-0.023904,2.274807,0.041718,0.035407
2.733331,-80.105733,-110.902984,6.590457,7.033667,-84.336140,71.674764,4.035878,3.959971,-0.023166,2.275215,0.042317,0.036068
2.733852,-79.867589,-111.021469,6.583099,6.974306,-84.036495,72.167494,4.218943,3.725524,-0.022753,2.280356,0.042672,0.035591
2.734373,-79.684684,-111.145143,6.519122,7.054766,-83.840653,72.098507,4.150103,3.794821,-0.022676,2.281037,0.042163,0.035719
2.734894,-79.139242,-111.355560,6.356167,7.176934,-83.606461,71.905690,4.208746,3.762489,-0.024371,2.281096,0.041587,0.035896
2.735416,-78.597985,-111.032609,6.509136,7.046531,-83.603538,72.215211,4.061466,3.723757,-0.027309,2.283237,0.041854,0.035046
2.735937,-78.408066,-111.055701,6.577262,7.138990,-83.524751,72.171556,4.150310,3.747357,-0.027918,2.283404,0.042431,0.035554
2.736458,-78.170667,-110.956421,6.530018,7.151164,-83.381009,72.095910,4.076792,3.744935,-0.028456,2.283738,0.042039,0.035294
2.736979,-78.013108,-110.877493,6.558629,7.047418,-82.863827,71.904132,3.837941,3.699995,-0.026532,2.285499,0.041561,0.034270
2.737501,-77.935186,-110.824951,6.601184,7.048504,-82.889319,72.118185,3.962634,3.818691,-0.027074,2.286818,0.042071,0.035326
2.738022,-77.221059,-110.978440,6.163988,7.249679,-82.652220,71.895029,3.860741,3.972593,-0.029690,2.286702,0.039760,0.035828
2.738543,-76.698594,-111.154319,6.470347,7.088847,-82.488590,71.959152,4.077435,3.914276,-0.031609,2.288125,0.041748,0.036410
2.739064,-76.576036,-111.892680,6.487930,7.110828,-82.466856,70.959388,4.077435,3.914276,-0.032205,2.281331,0.041888,0.036624
2.739585,-76.410372,-111.998701,6.608343,7.037420,-82.327256,70.994151,4.023331,3.809330,-0.032323,2.282411,0.042258,0.035894
2.740107,-76.335556,-111.835479,6.606644,6.940844,-82.197190,71.247808,4.019408,3.658811,-0.032005,2.284958,0.042218,0.035096
2.740628,-76.178588,-111.898749,6.549281,6.993577,-82.092167,71.171524,4.099694,3.711043,-0.032291,2.285061,0.042185,0.035735
2.741149,-75.659857,-111.795690,6.496256,7.031078,-82.080101,71.286373,4.047221,3.640293,-0.035053,2.285932,0.041782,0.035143
2.741670,-75.085456,-111.965916,6.398445,7.003081,-81.608391,70.782802,3.685900,3.594758,-0.035678,2.285275,0.040384,0.033641
2.742192,-74.866534,-112.043199,6.333256,7.164457,-81.324727,71.057011,3.700466,3.727869,-0.035257,2.288915,0.040041,0.034409
2.742713,-74.431014,-111.853349,6.539154,7.034794,-81.807704,71.000372,4.184521,3.722405,-0.040320,2.285587,0.042424,0.036259
2.743234,-74.420240,-111.741093,6.558259,6.937439,-81.661414,70.998974,4.231168,3.790972,-0.039605,2.286464,0.042677,0.036840
2.743755,-74.207459,-111.742488,6.546643,6.980855,-81.074110,71.093077,4.569180,3.743248,-0.037539,2.290696,0.043634,0.038233
2.744277,-73.862447,-110.726410,6.471748,7.051762,-80.878142,72.584355,4.432789,3.687553,-0.038253,2.302203,0.042762,0.037149
2.744798,-73.175491,-110.915623,6.129303,7.250953,-81.005322,72.168397,3.864902,3.803790,-0.042740,2.298566,0.039552,0.035311
2.745319,-73.175491,-110.915623,6.129303,7.250953,-80.921379,72.076512,3.862325,3.768845,-0.042304,2.298448,0.039565,0.035163
2.745840,-72.769776,-110.937217,6.401422,7.089815,-80.377711,72.067103,4.179606,3.680745,-0.041549,2.301733,0.041743,0.036227
2.746361,-72.536194,-110.849188,6.488748,7.045696,-80.342564,72.048707,4.163947,3.680927,-0.042656,2.301823,0.042118,0.036173
2.746883,-72.346535,-110.687357,6.485821,6.960528,-80.176827,72.248068,4.117049,3.778343,-0.042777,2.304224,0.041958,0.036448
2.747404,-72.201267,-110.812049,6.549281,6.993577,-80.176827,72.248068,4.117049,3.778343,-0.043540,2.304224,0.042221,0.036448
2.747925,-72.118006,-110.704266,6.555250,6.991467,-79.876415,72.171104,3.906275,3.885292,-0.042399,2.305561,0.041693,0.036179
2.748446,-71.175964,-110.872155,6.129303,7.250953,-79.732198,72.204931,3.834309,3.779572,-0.046702,2.306693,0.039460,0.035367
2.748968,-71.151880,-110.872914,6.160586,7.121031,-79.433707,72.021462,3.948557,3.856253,-0.045251,2.307293,0.039977,0.036356
2.749489,-70.659127,-110.816127,6.499761,6.931032,-79.503329,71.860533,3.954894,3.744372,-0.048377,2.305744,0.041604,0.035836
2.750010,-70.590191,-110.747168,6.528451,6.950919,-79.264702,72.017181,3.883591,3.948163,-0.047427,2.308324,0.041521,0.036595
2.750531,-70.297309,-110.778013,6.621594,6.970582,-79.245014,72.100290,3.897486,3.889122,-0.048888,2.309021,0.041968,0.036336
2.751053,-70.118478,-110.660798,6.555250,6.991467,-79.245014,72.100290,3.897486,3.889122,-0.049896,2.309021,0.041682,0.036336
2.751574,-70.118478,-110.660798,6.555250,6.991467,-79.034608,72.222670,3.836408,3.822650,-0.048714,2.311189,0.041487,0.035763
2.752095,-69.891608,-110.720163,6.515086,6.931295,-79.067964,72.275139,3.805459,3.871053,-0.050103,2.311341,0.041185,0.035859
2.752616,-68.752226,-110.564167,6.474738,7.028896,-78.767539,72.464271,3.764976,3.779849,-0.054665,2.314539,0.040869,0.035252
2.753137,-68.659599,-110.772659,6.499761,6.931032,-78.881706,72.241170,3.790483,3.875740,-0.055796,2.312281,0.041056,0.035873
2.753659,-68.659599,-110.772659,6.499761,6.931032,-78.764451,72.488604,3.804115,4.040951,-0.055083,2.314726,0.041041,0.036752
2.754180,-68.359180,-110.661843,6.606644,6.940844,-78.386240,72.241927,4.134321,3.784524,-0.054767,2.315426,0.042548,0.037046
2.754701,-68.263356,-110.651798,6.534415,6.963827,-78.262275,72.138325,4.111818,3.674422,-0.054647,2.315499,0.042176,0.036467
2.755222,-68.143439,-110.457735,6.549018,6.916416,-78.262275,72.138325,4.111818,3.674422,-0.055360,2.315499,0.042286,0.036467
2.755744,-67.862209,-111.240487,6.519182,6.937530,-78.169197,71.185504,4.075826,3.667570,-0.056440,2.309469,0.042081,0.036491
2.756265,-67.697851,-111.161424,6.508226,6.953739,-78.269571,71.210487,4.001517,3.701510,-0.057903,2.309005,0.041826,0.036292
2.756786,-67.583522,-111.211781,6.473336,7.022528,-78.105687,71.217147,4.106168,3.679388,-0.057614,2.310095,0.041956,0.036698
2.757307,-66.752175,-111.414735,6.492016,6.944530,-78.177117,71.032844,4.095435,3.608529,-0.062539,2.308350,0.041993,0.036320
2.757829,-66.546887,-111.548590,6.522649,7.037296,-78.257166,71.013074,4.047391,3.623619,-0.064056,2.307702,0.041967,0.036157
2.758350,-66.289620,-111.454087,6.580900,6.984476,-78.099111,71.063402,4.140443,3.600118,-0.064613,2.309061,0.042512,0.036502
2.758871,-66.193436,-111.442818,6.507372,7.007396,-78.099111,71.063402,4.140443,3.600118,-0.065142,2.309061,0.042175,0.036502
2.759392,-66.160871,-111.403955,6.519458,7.023237,-77.829336,71.361350,4.180245,3.751980,-0.063757,2.312868,0.042293,0.037439
2.759913,-66.160871,-111.403955,6.519458,7.023237,-77.712733,71.043074,3.878083,3.664655,-0.063232,2.311388,0.041502,0.035742
2.760435,-65.965703,-111.017315,6.603441,6.955953,-77.679035,71.126493,3.872693,3.724042,-0.064220,2.312189,0.041947,0.036009
2.760956,-65.804724,-111.024378,6.568309,6.988450,-77.289481,70.983942,3.906532,3.781756,-0.063017,2.313694,0.041912,0.036586
2.761477,-65.804724,-111.024378,6.568309,6.988450,-77.712733,71.043074,3.878083,3.664655,-0.065311,2.311388,0.041812,0.035742
2.761998,-65.479873,-111.121922,6.635346,6.998116,-77.658373,71.246071,4.125186,3.502276,-0.066681,2.313158,0.042748,0.036054
2.762520,-65.108785,-110.282318,6.768755,6.855715,-77.118584,72.026633,3.849540,3.666651,-0.065781,2.322067,0.042620,0.035565
2.763041,-64.715706,-110.391683,6.506103,6.856299,-77.118584,72.026633,3.849540,3.666651,-0.067887,2.322067,0.041351,0.035565
2.763562,-64.659405,-110.588380,6.478321,6.997621,-77.118584,72.026633,3.849540,3.666651,-0.068121,2.322067,0.041180,0.035565
2.764083,-64.659405,-110.588380,6.478321,6.997621,-77.118584,72.026633,3.849540,3.666651,-0.068121,2.322067,0.041180,0.035565
2.764604,-64.605080,-110.426274,6.487212,7.077766,-77.118584,72.026633,3.849540,3.666651,-0.068478,2.322067,0.041259,0.035565
2.765126,-64.508235,-110.483006,6.557381,7.004293,-77.143129,72.240927,3.869231,3.788891,-0.069038,2.323390,0.041578,0.036207
2.765647,-64.361211,-110.479810,6.584982,7.004893,-77.054650,72.192169,3.837785,3.782459,-0.069376,2.323626,0.041632,0.036068
2.766168,-64.318497,-110.385150,6.584705,7.066601,-76.988215,72.097705,3.832012,3.741595,-0.069318,2.323403,0.041659,0.035876
2.766689,-64.250783,-110.484764,6.595657,7.015452,-76.852385,72.196566,3.909760,3.780901,-0.068872,2.324968,0.041880,0.036435
2.767211,-64.145525,-110.310760,6.617038,7.112369,-76.852385,72.196566,3.909760,3.780901,-0.069512,2.324968,0.042021,0.036435
2.767732,-64.050233,-110.299007,6.543259,7.135098,-76.852385,72.196566,3.909760,3.780901,-0.070036,2.324968,0.041677,0.036435
2.768253,-64.109353,-110.224276,6.529954,7.103820,-76.689306,72.154337,3.805890,3.806047,-0.068868,2.325736,0.041357,0.036145
2.768774,-63.972913,-110.249023,6.585876,7.133629,-76.542556,72.109533,3.730468,3.832325,-0.068819,2.326382,0.041422,0.035991
2.769296,-63.972913,-110.249023,6.585876,7.133629,-76.696379,72.207450,3.815572,3.776900,-0.069622,2.326057,0.041627,0.036028
2.769817,-63.929698,-110.337199,6.582857,7.186584,-76.783957,72.083360,3.784423,3.694533,-0.070349,2.324629,0.041535,0.035482
2.770338,-63.929248,-110.051203,6.615113,6.991982,-76.783957,72.083360,3.784423,3.694533,-0.070461,2.324629,0.041747,0.035482
2.770859,-63.933763,-110.150192,6.583210,7.202790,-76.360618,72.347031,4.049050,3.755982,-0.067988,2.329211,0.042262,0.037050
2.771380,-63.929698,-110.337199,6.582857,7.186584,-76.696379,72.207450,3.815572,3.776900,-0.069824,2.326057,0.041594,0.036028
2.771902,-63.929698,-110.337199,6.582857,7.186584,-76.696379,72.207450,3.815572,3.776900,-0.069824,2.326057,0.041594,0.036028
2.772423,-63.882790,-110.177868,6.570636,7.257125,-76.696379,72.207450,3.815572,3.776900,-0.070140,2.326057,0.041574,0.036028
2.772944,-63.881803,-109.772293,6.587647,7.130354,-76.696379,72.207450,3.815572,3.776900,-0.070302,2.326057,0.041743,0.036028
2.773465,-63.907389,-111.121262,6.538130,7.384506,-76.674645,71.207686,3.815572,3.776900,-0.069909,2.319243,0.041438,0.036266
2.773987,-63.907389,-111.121262,6.538130,7.384506,-76.419574,71.296429,3.996334,3.746777,-0.068484,2.321526,0.041925,0.036980
2.774508,-63.871404,-111.038535,6.544011,7.344700,-76.407401,71.379684,3.978025,3.807368,-0.068613,2.322188,0.041899,0.037182
2.775029,-63.860070,-110.772056,6.587647,7.130354,-76.338884,71.347267,4.049050,3.755982,-0.068413,2.322409,0.042368,0.037280
2.775550,-63.878532,-110.813474,6.584578,7.150808,-76.102171,71.252732,4.185442,3.685396,-0.067038,2.323296,0.042764,0.037667
2.776072,-63.907660,-110.906012,6.573902,7.208657,-75.993591,71.500866,4.211731,3.533613,-0.066161,2.325744,0.042714,0.037059
2.776593,-63.871157,-110.820535,6.579975,7.163366,-76.581419,71.475317,3.848311,3.622638,-0.069611,2.321721,0.041725,0.035601
2.777114,-63.921833,-111.011154,6.556458,7.291061,-76.616468,71.545780,3.884026,3.657331,-0.069426,2.321984,0.041657,0.035912
2.777635,-63.930413,-111.060921,6.564992,7.255701,-76.799360,71.150998,3.917345,3.751487,-0.070509,2.318036,0.041867,0.036574
2.778156,-63.930413,-111.060921,6.564992,7.255701,-76.647318,71.212094,4.008065,3.793285,-0.069656,2.319452,0.042111,0.037222
2.778678,-63.951179,-111.248787,6.585876,7.133629,-76.782896,71.235895,3.901199,3.814989,-0.070201,2.318737,0.041855,0.036807
2.779199,-63.951179,-111.248787,6.585876,7.133629,-76.173088,71.386238,4.249152,3.552490,-0.066820,2.323766,0.042822,0.037299
2.779720,-63.951179,-111.248787,6.585876,7.133629,-75.968635,71.478542,4.170410,3.413832,-0.065673,2.325752,0.042571,0.036315
2.780241,-64.162104,-111.163335,6.495480,7.090844,-75.890843,71.528740,4.211438,3.425420,-0.064112,2.326613,0.042289,0.036586
2.780763,-64.429140,-111.209158,6.504868,7.112829,-77.029931,71.120027,3.789198,3.693604,-0.069000,2.316324,0.041203,0.035653
2.781284,-64.557554,-110.358268,6.524295,7.057640,-76.860481,72.164000,4.042517,3.674933,-0.067303,2.324690,0.041963,0.036532
2.781805,-64.640365,-110.394854,6.472977,7.069978,-77.128847,72.071113,3.836398,3.699434,-0.068336,2.322308,0.041153,0.035656
2.782326,-65.445514,-110.672540,6.595494,6.970015,-77.975572,71.861699,3.805403,3.613379,-0.068537,2.315414,0.041624,0.034919
2.782848,-65.450921,-110.866789,6.665068,7.052141,-78.117744,71.752486,3.735277,3.589767,-0.069251,2.313748,0.041745,0.034478
2.783369,-65.682830,-109.905457,6.573735,7.015357,-77.795839,72.807262,3.863037,3.596604,-0.066199,2.323083,0.041646,0.034945
2.783890,-66.325597,-109.898960,6.288013,7.109612,-78.186670,72.683079,3.901500,3.686072,-0.064872,2.319732,0.040459,0.035479
2.784411,-66.580373,-110.008213,6.455606,7.149140,-78.056826,72.203917,3.813971,3.868932,-0.062901,2.317262,0.041083,0.036148
2.784932,-66.635290,-110.073257,6.466813,7.162922,-77.991080,72.105322,3.812396,3.824212,-0.062253,2.317001,0.041140,0.035953
2.785454,-66.635290,-110.073257,6.466813,7.162922,-78.053628,72.253998,3.897958,3.499552,-0.062544,2.317629,0.041341,0.034681
2.785975,-66.662318,-110.328588,6.481274,7.070046,-78.120288,71.785365,3.811239,3.618045,-0.062834,2.313960,0.041214,0.034948
2.786496,-67.071383,-110.489954,6.505243,6.911934,-78.103855,72.151663,3.779009,3.668727,-0.060332,2.316601,0.041122,0.034985
2.787017,-67.147864,-110.273252,6.575522,6.840995,-78.705866,72.349845,3.945406,3.763162,-0.063205,2.314142,0.041909,0.035991
2.787539,-67.847189,-110.550689,6.559986,7.061321,-78.789708,72.146798,3.956302,3.621455,-0.059823,2.312212,0.041861,0.035363
2.788060,-68.038738,-110.871230,6.487183,7.165275,-79.164748,72.039568,3.957164,3.750003,-0.060753,2.309106,0.041478,0.035925
2.788581,-68.038738,-110.871230,6.487183,7.165275,-78.729790,71.994304,3.734521,3.613387,-0.058398,2.311537,0.040874,0.034392
2.789102,-68.038738,-110.871230,6.487183,7.165275,-78.655174,71.531543,3.667764,3.532323,-0.058138,2.308798,0.040797,0.033807
2.789624,-68.169862,-109.960884,6.704223,7.142691,-78.509876,72.367115,3.724294,3.685320,-0.056650,2.315503,0.042002,0.034683
2.790145,-68.707429,-109.900105,6.465017,7.134909,-78.578504,72.242588,3.717100,3.603574,-0.054141,2.314210,0.040892,0.034251
2.790666,-68.993429,-110.198067,6.580635,7.057720,-78.951946,72.031480,3.940405,3.642735,-0.054594,2.310391,0.042033,0.035377
2.791187,-69.026350,-110.375295,6.595313,7.044159,-79.375933,71.852273,3.934906,3.544800,-0.056734,2.306485,0.042081,0.034797
2.791708,-69.236545,-110.510132,6.695399,7.045935,-79.457800,71.882916,3.982674,3.537827,-0.055981,2.306184,0.042647,0.034948
2.792230,-69.255465,-110.632875,6.665149,7.074882,-79.457800,71.882916,3.982674,3.537827,-0.055840,2.306184,0.042477,0.034948
2.792751,-69.422995,-110.736942,6.627450,6.943215,-79.457800,71.882916,3.982674,3.537827,-0.054894,2.306184,0.042277,0.034948
2.793272,-69.687945,-110.637457,6.743146,6.846975,-79.821689,71.915491,3.717100,3.603574,-0.055454,2.304137,0.042114,0.034018
2.793793,-69.981635,-110.370714,6.643878,6.922471,-79.821689,71.915491,3.717100,3.603574,-0.053929,2.304137,0.041706,0.034018
2.794315,-70.667929,-110.351078,6.672679,7.083112,-80.122026,72.215284,3.725034,3.596381,-0.051738,2.304338,0.041807,0.033882
2.794836,-70.944237,-110.014170,6.531922,7.041549,-80.276195,72.202022,3.810957,3.605077,-0.051169,2.303291,0.041453,0.034256
2.795357,-70.996324,-110.950073,6.499129,7.024577,-80.500429,71.268233,3.962798,3.583623,-0.052111,2.295439,0.041721,0.034925
2.795878,-71.093838,-110.823038,6.562536,7.022555,-79.767897,71.862700,3.653416,3.489132,-0.047445,2.304107,0.041072,0.033192
2.796400,-71.324571,-111.075345,6.549108,7.021389,-80.212817,71.768494,3.810865,3.425983,-0.048573,2.300690,0.041395,0.033467
2.796921,-71.573575,-110.586123,6.593661,7.166816,-80.212817,71.768494,3.810865,3.425983,-0.047341,2.300690,0.041721,0.033467
2.797442,-71.834539,-110.829263,6.645176,7.067578,-80.550472,71.889923,3.705098,3.288850,-0.047665,2.299443,0.041594,0.032228
2.797963,-72.177843,-110.867109,6.422341,7.151202,-80.550472,71.889923,3.705098,3.288850,-0.045781,2.299443,0.040533,0.032228
2.798484,-72.431822,-110.843187,6.330135,7.166876,-80.422127,72.159165,3.706604,3.485795,-0.043635,2.302093,0.040053,0.033188
2.799006,-72.793612,-110.630541,6.462224,6.959645,-80.459707,71.959798,3.743719,3.308963,-0.041961,2.300486,0.040868,0.032506
2.799527,-72.849930,-110.709582,6.422691,7.039803,-80.910702,71.954735,4.071741,3.209137,-0.044100,2.297674,0.041593,0.033391
2.800048,-73.149295,-110.617252,6.603872,6.858542,-81.061458,72.110020,4.105187,3.295487,-0.043273,2.297820,0.042513,0.033875
2.800569,-73.497620,-110.639453,6.605081,7.091437,-81.102077,72.420135,4.110056,3.490782,-0.041517,2.299703,0.042461,0.034747
2.801091,-73.943426,-110.860954,6.522592,7.096296,-81.360566,72.158685,4.008628,3.329088,-0.040504,2.296327,0.041799,0.033508
2.801612,-74.461150,-110.930482,6.320639,7.144322,-81.731406,72.007878,3.860161,3.413425,-0.039721,2.293032,0.040457,0.033191
2.802133,-74.780729,-111.049815,6.457057,7.030616,-81.706410,71.800972,3.888459,3.724837,-0.037858,2.291756,0.041196,0.034908
2.802654,-74.970278,-111.328235,6.580635,7.057720,-82.062747,71.037287,3.803598,3.699741,-0.038872,2.284304,0.041651,0.034500
2.803176,-75.174268,-110.441794,6.517293,7.181273,-82.160813,71.988354,3.849514,3.705781,-0.038278,2.290299,0.041465,0.034502
2.803697,-75.355384,-110.779144,6.498079,7.185308,-82.344281,72.105948,3.799155,3.699151,-0.038196,2.290002,0.041133,0.034196
2.804218,-75.549401,-110.611185,6.439999,6.946488,-82.199388,72.013837,3.871362,3.712046,-0.036397,2.290242,0.041120,0.034608
2.804739,-75.798726,-110.823075,6.563474,6.909146,-82.570418,71.890360,4.097471,3.729247,-0.037045,2.287160,0.042319,0.035552
2.805260,-76.417482,-111.064049,6.279766,7.060021,-82.696016,71.853288,4.033013,3.672840,-0.034311,2.286152,0.040781,0.034978
2.805782,-76.467261,-110.148704,6.223323,6.898402,-82.933125,72.622328,4.103990,3.606855,-0.035362,2.290008,0.040764,0.034749
2.806303,-76.864022,-110.322365,6.504744,6.880261,-82.829933,72.535971,4.023033,3.543765,-0.032614,2.290035,0.041805,0.034144
2.806824,-77.203634,-110.600208,6.540897,7.124463,-83.076915,72.227735,3.914565,3.495768,-0.032114,2.286450,0.041674,0.033446
2.807345,-77.417749,-110.388559,6.685509,6.894534,-83.114006,72.135164,4.100035,3.479723,-0.031198,2.285594,0.042946,0.034155
2.807867,-77.692401,-110.768420,6.601824,6.903647,-83.191782,72.181964,4.138050,3.549317,-0.030050,2.285453,0.042569,0.034622
2.808388,-77.893093,-110.682997,6.779159,6.903213,-83.393296,72.177986,4.057927,3.583918,-0.030070,2.284228,0.043187,0.034402
2.808909,-78.242077,-110.701616,6.675866,6.922629,-83.837861,72.105467,3.829510,3.732293,-0.030601,2.281101,0.042082,0.034128
2.809430,-78.740279,-110.371045,6.494880,6.912090,-83.791271,72.296379,3.841054,3.618694,-0.027644,2.282683,0.041294,0.033570
2.809952,-78.962025,-110.521649,6.491044,7.126907,-83.942900,72.625157,3.813396,3.555658,-0.027189,2.284034,0.041092,0.033047
2.810473,-79.187637,-110.346565,6.577127,7.115302,-84.087877,72.466490,3.755108,3.492042,-0.026798,2.282098,0.041415,0.032489
2.810994,-78.271599,-111.249328,6.547608,6.936913,-82.974391,71.753029,3.805403,3.613379,-0.025692,2.283798,0.041370,0.033700
2.811515,-78.351344,-111.130975,6.557186,6.993948,-83.158271,71.754841,3.943258,3.578546,-0.026278,2.282715,0.041824,0.034037
2.812036,-79.426751,-110.878878,6.527163,6.893984,-84.191264,71.754508,3.955123,3.580219,-0.026082,2.276612,0.041775,0.033832
2.812558,-79.686820,-111.158458,6.621025,7.009683,-84.113086,71.741642,3.910689,3.586912,-0.024196,2.276983,0.042031,0.033710
2.813079,-80.020288,-110.870681,6.387852,7.049348,-84.209922,72.476660,3.903904,3.345590,-0.022847,2.281450,0.040822,0.032346
2.813600,-79.890508,-110.767478,6.639799,6.989877,-84.408772,72.118538,3.905771,3.577386,-0.024700,2.277837,0.042109,0.033502
2.814121,-80.561004,-110.595192,6.337453,7.133953,-84.501984,72.278670,3.979722,3.421597,-0.021547,2.278387,0.040913,0.032985
2.814643,-80.498209,-111.507691,6.339937,7.089453,-84.845002,71.345750,4.010949,3.409788,-0.023768,2.269981,0.041018,0.033113
2.815164,-80.933826,-111.283435,6.555511,7.031022,-84.845002,71.345750,4.010949,3.409788,-0.021413,2.269981,0.042072,0.033113
2.815685,-81.095009,-111.326363,6.531474,6.982280,-84.942811,71.922722,3.971028,3.089563,-0.020995,2.273383,0.041704,0.031310
2.816206,-81.253322,-111.054631,6.503760,7.108834,-85.206795,71.739549,3.903943,3.458309,-0.021625,2.270596,0.041489,0.032767
2.816728,-81.545054,-110.901430,6.648586,7.067221,-85.226167,71.859782,3.953294,3.312464,-0.020139,2.271309,0.042315,0.032227
2.817249,-81.626440,-110.946018,6.599824,7.072893,-85.136920,71.822619,3.947771,3.467382,-0.019205,2.271571,0.042070,0.032991
2.817770,-81.718113,-110.666336,6.588985,7.174886,-85.322418,71.812581,3.946548,3.229815,-0.019749,2.270429,0.042082,0.031784
2.818291,-81.950505,-111.070817,6.407752,7.107329,-85.510431,71.768058,3.955155,3.057747,-0.019468,2.269040,0.041177,0.030967
2.818812,-81.973396,-111.313234,6.461297,7.006963,-85.427036,71.505637,3.958111,3.101604,-0.018889,2.267717,0.041440,0.031239
2.819334,-81.966736,-110.880368,6.521835,6.861722,-85.714525,72.354761,3.786981,3.269495,-0.020451,2.271876,0.041150,0.031150
2.819855,-82.312238,-111.085712,6.257398,7.031042,-85.064653,72.106556,4.058697,3.519927,-0.015024,2.273935,0.040710,0.033669
2.820376,-82.470473,-111.329936,6.245446,6.956022,-85.107754,71.842992,3.815276,3.498334,-0.014397,2.271879,0.039951,0.032624
2.820897,-82.511135,-111.348750,6.234397,6.916218,-85.531322,72.311621,3.762592,3.484309,-0.016443,2.272637,0.039644,0.032168
2.821419,-82.641923,-111.662763,6.443450,7.089498,-85.244073,71.415877,4.094974,3.303432,-0.014212,2.268154,0.041697,0.032829
2.821940,-82.709252,-111.410941,6.492503,7.111940,-84.503283,72.631978,3.944387,2.776248,-0.009748,2.280789,0.041275,0.029823
2.822461,-82.944880,-111.014233,6.464817,7.114604,-85.648097,71.822400,3.614298,3.397507,-0.014784,2.268620,0.040505,0.031211
2.822982,-82.986330,-110.984695,6.425562,7.053717,-85.346838,71.959502,4.005776,3.070226,-0.012902,2.271295,0.041386,0.031259
2.823503,-83.244264,-110.825123,6.541687,7.064384,-85.566044,72.232385,3.722203,3.318724,-0.012683,2.271897,0.041113,0.031187
2.824025,-83.262229,-111.571424,6.571864,6.869491,-85.828601,71.434823,3.622827,3.454143,-0.014022,2.264922,0.041002,0.031560
2.824546,-83.270418,-111.357998,6.547608,6.936913,-85.986770,71.646159,3.811901,3.584531,-0.014842,2.265470,0.041396,0.032874
2.825067,-83.445805,-111.401595,6.661958,6.901518,-85.947956,71.545463,3.816827,3.486034,-0.013676,2.265000,0.041964,0.032416
2.825588,-83.492952,-111.446101,6.673952,7.044353,-85.698178,71.649473,4.010239,3.566071,-0.012044,2.267146,0.042522,0.033617
2.826110,-83.463110,-111.245322,6.599179,7.098872,-85.973682,71.687827,3.805403,3.613379,-0.013723,2.265830,0.041639,0.032994
2.826631,-83.540761,-112.127078,6.579071,6.982915,-85.626254,70.676221,3.603994,3.653006,-0.011408,2.260836,0.041034,0.032724
2.827152,-83.455732,-112.127873,6.642407,7.037039,-85.899565,71.128573,3.717825,3.402060,-0.013335,2.262405,0.041534,0.031687
2.827673,-83.326228,-111.808687,6.611430,6.947143,-84.952878,71.596752,3.185020,3.337072,-0.008869,2.271085,0.040012,0.029476
